worker-2  | {"event": "worker_started", "level": "info", "role": "worker", "timestamp": "2026-08-07T12:14:56.279564Z", "worker_id": "b6046e228eff:1:61a94590"}
migrate-1  | INFO  [alembic.runtime.migration] Context impl PostgresqlImpl.
migrate-1  | INFO  [alembic.runtime.migration] Will assume transactional DDL.
migrate-1  | INFO  [alembic.runtime.migration] Context impl PostgresqlImpl.
migrate-1  | INFO  [alembic.runtime.migration] Will assume transactional DDL.
migrate-1  | INFO  [alembic.runtime.migration] Context impl PostgresqlImpl.
migrate-1  | INFO  [alembic.runtime.migration] Will assume transactional DDL.
migrate-1  | INFO  [alembic.runtime.migration] Context impl PostgresqlImpl.
migrate-1  | INFO  [alembic.runtime.migration] Will assume transactional DDL.
migrate-1  | INFO  [alembic.runtime.migration] Context impl PostgresqlImpl.
migrate-1  | INFO  [alembic.runtime.migration] Will assume transactional DDL.
migrate-1  | INFO  [alembic.runtime.migration] Context impl PostgresqlImpl.
migrate-1  | INFO  [alembic.runtime.migration] Will assume transactional DDL.
migrate-1  | INFO  [alembic.runtime.migration] Context impl PostgresqlImpl.
migrate-1  | INFO  [alembic.runtime.migration] Will assume transactional DDL.
migrate-1  | INFO  [alembic.runtime.migration] Context impl PostgresqlImpl.
migrate-1  | INFO  [alembic.runtime.migration] Will assume transactional DDL.
migrate-1  | INFO  [alembic.runtime.migration] Context impl PostgresqlImpl.
migrate-1  | INFO  [alembic.runtime.migration] Will assume transactional DDL.
migrate-1  | INFO  [alembic.runtime.migration] Context impl PostgresqlImpl.
migrate-1  | INFO  [alembic.runtime.migration] Will assume transactional DDL.
migrate-1  | INFO  [alembic.runtime.migration] Context impl PostgresqlImpl.
migrate-1  | INFO  [alembic.runtime.migration] Will assume transactional DDL.
migrate-1  | INFO  [alembic.runtime.migration] Context impl PostgresqlImpl.
migrate-1  | INFO  [alembic.runtime.migration] Will assume transactional DDL.
migrate-1  | INFO  [alembic.runtime.migration] Context impl PostgresqlImpl.
migrate-1  | INFO  [alembic.runtime.migration] Will assume transactional DDL.
migrate-1  | INFO  [alembic.runtime.migration] Context impl PostgresqlImpl.
migrate-1  | INFO  [alembic.runtime.migration] Will assume transactional DDL.
migrate-1  | INFO  [alembic.runtime.migration] Context impl PostgresqlImpl.
migrate-1  | INFO  [alembic.runtime.migration] Will assume transactional DDL.
migrate-1  | INFO  [alembic.runtime.migration] Context impl PostgresqlImpl.
migrate-1  | INFO  [alembic.runtime.migration] Will assume transactional DDL.
migrate-1  | INFO  [alembic.runtime.migration] Context impl PostgresqlImpl.
migrate-1  | INFO  [alembic.runtime.migration] Will assume transactional DDL.
migrate-1  | INFO  [alembic.runtime.migration] Context impl PostgresqlImpl.
migrate-1  | INFO  [alembic.runtime.migration] Will assume transactional DDL.
migrate-1  | INFO  [alembic.runtime.migration] Context impl PostgresqlImpl.
migrate-1  | INFO  [alembic.runtime.migration] Will assume transactional DDL.
migrate-1  | INFO  [alembic.runtime.migration] Context impl PostgresqlImpl.
migrate-1  | INFO  [alembic.runtime.migration] Will assume transactional DDL.
migrate-1  | INFO  [alembic.runtime.migration] Context impl PostgresqlImpl.
migrate-1  | INFO  [alembic.runtime.migration] Will assume transactional DDL.
migrate-1  | INFO  [alembic.runtime.migration] Context impl PostgresqlImpl.
migrate-1  | INFO  [alembic.runtime.migration] Will assume transactional DDL.
migrate-1  | INFO  [alembic.runtime.migration] Context impl PostgresqlImpl.
migrate-1  | INFO  [alembic.runtime.migration] Will assume transactional DDL.
migrate-1  | INFO  [alembic.runtime.migration] Context impl PostgresqlImpl.
migrate-1  | INFO  [alembic.runtime.migration] Will assume transactional DDL.
migrate-1  | INFO  [alembic.runtime.migration] Context impl PostgresqlImpl.
migrate-1  | INFO  [alembic.runtime.migration] Will assume transactional DDL.
migrate-1  | INFO  [alembic.runtime.migration] Context impl PostgresqlImpl.
migrate-1  | INFO  [alembic.runtime.migration] Will assume transactional DDL.
migrate-1  | INFO  [alembic.runtime.migration] Context impl PostgresqlImpl.
migrate-1  | INFO  [alembic.runtime.migration] Will assume transactional DDL.
migrate-1  | INFO  [alembic.runtime.migration] Context impl PostgresqlImpl.
migrate-1  | INFO  [alembic.runtime.migration] Will assume transactional DDL.
migrate-1  | INFO  [alembic.runtime.migration] Context impl PostgresqlImpl.
migrate-1  | INFO  [alembic.runtime.migration] Will assume transactional DDL.
migrate-1  | INFO  [alembic.runtime.migration] Context impl PostgresqlImpl.
migrate-1  | INFO  [alembic.runtime.migration] Will assume transactional DDL.
migrate-1  | INFO  [alembic.runtime.migration] Context impl PostgresqlImpl.
migrate-1  | INFO  [alembic.runtime.migration] Will assume transactional DDL.
worker-1   | {"event": "worker_started", "level": "info", "role": "worker", "timestamp": "2026-08-07T12:02:02.645913Z", "worker_id": "ad7d76694c41:1:bfdd8d3d"}
migrate-1  | INFO  [alembic.runtime.migration] Context impl PostgresqlImpl.
migrate-1  | INFO  [alembic.runtime.migration] Will assume transactional DDL.
reaper-1   | {"event": "reaper_started", "level": "info", "reaper_id": "55c45e5d76dc:1:4d87b35a", "role": "reaper", "timestamp": "2026-08-07T12:02:02.986751Z"}
api-1      | INFO:     Started server process [1]
api-1      | INFO:     Waiting for application startup.
api-1      | {"environment": "development", "event": "application_started", "level": "info", "timestamp": "2026-08-07T12:02:03.493055Z"}
api-1      | INFO:     Application startup complete.
api-1      | INFO:     Uvicorn running on http://0.0.0.0:8000 (Press CTRL+C to quit)
api-1      | {"event": "Context impl PostgresqlImpl.", "level": "info", "request_id": "7a9abf68-12e9-49ff-87b0-f762e67f2234", "timestamp": "2026-08-07T12:02:05.522906Z", "trace_id": "e4dc58a860b76b3c6a5fa12fc65fc9ce"}
api-1      | {"event": "Will assume transactional DDL.", "level": "info", "request_id": "7a9abf68-12e9-49ff-87b0-f762e67f2234", "timestamp": "2026-08-07T12:02:05.523144Z", "trace_id": "e4dc58a860b76b3c6a5fa12fc65fc9ce"}
api-1      | INFO:     172.18.0.1:38750 - "GET /health/ready HTTP/1.1" 200 OK
api-1      | {"duration_ms": 28.229, "event": "http_request_completed", "level": "info", "method": "GET", "outcome": "success", "path": "/health/ready", "request_id": "7a9abf68-12e9-49ff-87b0-f762e67f2234", "status_code": 200, "timestamp": "2026-08-07T12:02:05.530903Z", "trace_id": "e4dc58a860b76b3c6a5fa12fc65fc9ce"}
api-1      | {"event": "Context impl PostgresqlImpl.", "level": "info", "request_id": "a198fde4-b7a2-46e0-a3c4-a00d5bec0f90", "timestamp": "2026-08-07T12:02:06.865668Z", "trace_id": "d5aba26655a2ef9bf90d610c82078698"}
api-1      | {"event": "Will assume transactional DDL.", "level": "info", "request_id": "a198fde4-b7a2-46e0-a3c4-a00d5bec0f90", "timestamp": "2026-08-07T12:02:06.865804Z", "trace_id": "d5aba26655a2ef9bf90d610c82078698"}
api-1      | INFO:     127.0.0.1:55374 - "GET /health/ready HTTP/1.1" 200 OK
api-1      | {"duration_ms": 26.292, "event": "http_request_completed", "level": "info", "method": "GET", "outcome": "success", "path": "/health/ready", "request_id": "a198fde4-b7a2-46e0-a3c4-a00d5bec0f90", "status_code": 200, "timestamp": "2026-08-07T12:02:06.875685Z", "trace_id": "d5aba26655a2ef9bf90d610c82078698"}
api-1      | {"event": "Context impl PostgresqlImpl.", "level": "info", "request_id": "75e65770-9510-4d52-a128-02f2af013865", "timestamp": "2026-08-07T12:02:12.285793Z", "trace_id": "c750867191a656a9e18ca7776cccd134"}
api-1      | {"event": "Will assume transactional DDL.", "level": "info", "request_id": "75e65770-9510-4d52-a128-02f2af013865", "timestamp": "2026-08-07T12:02:12.285967Z", "trace_id": "c750867191a656a9e18ca7776cccd134"}
api-1      | INFO:     127.0.0.1:55404 - "GET /health/ready HTTP/1.1" 200 OK
api-1      | {"duration_ms": 18.938, "event": "http_request_completed", "level": "info", "method": "GET", "outcome": "success", "path": "/health/ready", "request_id": "75e65770-9510-4d52-a128-02f2af013865", "status_code": 200, "timestamp": "2026-08-07T12:02:12.288682Z", "trace_id": "c750867191a656a9e18ca7776cccd134"}
api-1      | {"event": "Context impl PostgresqlImpl.", "level": "info", "request_id": "46f5942c-760a-4089-a6d8-351cc7f56ea5", "timestamp": "2026-08-07T12:02:17.585495Z", "trace_id": "97ff24ccaa2543777adf124ae85523a3"}
api-1      | {"event": "Will assume transactional DDL.", "level": "info", "request_id": "46f5942c-760a-4089-a6d8-351cc7f56ea5", "timestamp": "2026-08-07T12:02:17.585624Z", "trace_id": "97ff24ccaa2543777adf124ae85523a3"}
api-1      | INFO:     127.0.0.1:60514 - "GET /health/ready HTTP/1.1" 200 OK
api-1      | {"duration_ms": 18.016, "event": "http_request_completed", "level": "info", "method": "GET", "outcome": "success", "path": "/health/ready", "request_id": "46f5942c-760a-4089-a6d8-351cc7f56ea5", "status_code": 200, "timestamp": "2026-08-07T12:02:17.588022Z", "trace_id": "97ff24ccaa2543777adf124ae85523a3"}
api-1      | INFO:     172.18.0.1:43884 - "POST /api/v1/datasets HTTP/1.1" 201 Created
api-1      | {"api_key_prefix": "evk_5237dfcc3619", "duration_ms": 75.33, "event": "http_request_completed", "level": "info", "method": "POST", "outcome": "success", "path": "/api/v1/datasets", "request_id": "345ac005-cfb0-4285-9010-96a685432eb0", "status_code": 201, "tenant_id": "ab5af908-be70-4f29-8729-5ed3535f4689", "timestamp": "2026-08-07T12:02:18.454559Z", "trace_id": "2ca5a79a4ec49416bd715dae2aa0c7c8"}
api-1      | INFO:     172.18.0.1:43884 - "POST /api/v1/datasets/b5d3c2d0-3992-4952-8c0c-32d11336016e/versions HTTP/1.1" 201 Created
api-1      | {"api_key_prefix": "evk_5237dfcc3619", "duration_ms": 78.229, "event": "http_request_completed", "level": "info", "method": "POST", "outcome": "success", "path": "/api/v1/datasets/b5d3c2d0-3992-4952-8c0c-32d11336016e/versions", "request_id": "88ff0e97-b831-4c83-b455-7e6320a9a53d", "status_code": 201, "tenant_id": "ab5af908-be70-4f29-8729-5ed3535f4689", "timestamp": "2026-08-07T12:02:18.537445Z", "trace_id": "6fee495e2217d140b6cb48190d6cff8f"}
api-1      | INFO:     172.18.0.1:43884 - "POST /api/v1/datasets HTTP/1.1" 201 Created
api-1      | {"api_key_prefix": "evk_5237dfcc3619", "duration_ms": 52.184, "event": "http_request_completed", "level": "info", "method": "POST", "outcome": "success", "path": "/api/v1/datasets", "request_id": "337831dc-adfb-4da1-b23e-2bb6b5be4bfd", "status_code": 201, "tenant_id": "ab5af908-be70-4f29-8729-5ed3535f4689", "timestamp": "2026-08-07T12:02:18.591828Z", "trace_id": "b4a1157f3839355de35dc1b21c937490"}
api-1      | INFO:     172.18.0.1:43884 - "POST /api/v1/datasets/d266d451-765c-439b-866e-66f2ef759944/versions HTTP/1.1" 201 Created
api-1      | {"api_key_prefix": "evk_5237dfcc3619", "duration_ms": 64.952, "event": "http_request_completed", "level": "info", "method": "POST", "outcome": "success", "path": "/api/v1/datasets/d266d451-765c-439b-866e-66f2ef759944/versions", "request_id": "0f765506-3ada-4928-883e-9d3307de436c", "status_code": 201, "tenant_id": "ab5af908-be70-4f29-8729-5ed3535f4689", "timestamp": "2026-08-07T12:02:18.658894Z", "trace_id": "9ca08b4379eeaa1ef45d4fce072263a6"}
api-1      | INFO:     172.18.0.1:43884 - "POST /api/v1/runs HTTP/1.1" 202 Accepted
api-1      | {"api_key_prefix": "evk_5237dfcc3619", "duration_ms": 114.718, "event": "http_request_completed", "level": "info", "method": "POST", "outcome": "success", "path": "/api/v1/runs", "request_id": "69cd8e92-8186-49cd-bfbb-438ec83f7534", "status_code": 202, "tenant_id": "ab5af908-be70-4f29-8729-5ed3535f4689", "timestamp": "2026-08-07T12:02:21.255146Z", "trace_id": "77e12f2eedf23bd0047919bb71db2c53"}
api-1      | INFO:     172.18.0.1:43884 - "GET /api/v1/runs/3b0ac267-5e32-4e43-b204-61f1af3b2854 HTTP/1.1" 200 OK
api-1      | {"api_key_prefix": "evk_5237dfcc3619", "duration_ms": 57.32, "event": "http_request_completed", "level": "info", "method": "GET", "outcome": "success", "path": "/api/v1/runs/3b0ac267-5e32-4e43-b204-61f1af3b2854", "request_id": "b1ff9a0a-f4dd-46f2-b5bf-725d3af24f7e", "status_code": 200, "tenant_id": "ab5af908-be70-4f29-8729-5ed3535f4689", "timestamp": "2026-08-07T12:02:21.314180Z", "trace_id": "3cdedf249a4dbb27b151aa02b9067ae1"}
api-1      | {"claimed": 16, "event": "outbox_dispatch_batch_completed", "lease_lost": 0, "level": "info", "published": 16, "retry_scheduled": 0, "role": "outbox_dispatcher", "timestamp": "2026-08-07T12:02:21.876988Z"}
api-1      | INFO:     172.18.0.1:43884 - "GET /api/v1/runs/3b0ac267-5e32-4e43-b204-61f1af3b2854 HTTP/1.1" 200 OK
api-1      | {"api_key_prefix": "evk_5237dfcc3619", "duration_ms": 122.1, "event": "http_request_completed", "level": "info", "method": "GET", "outcome": "success", "path": "/api/v1/runs/3b0ac267-5e32-4e43-b204-61f1af3b2854", "request_id": "b0454149-6347-4f5a-b031-38d8eee68699", "status_code": 200, "tenant_id": "ab5af908-be70-4f29-8729-5ed3535f4689", "timestamp": "2026-08-07T12:02:21.942224Z", "trace_id": "5aedd9120a121c2e0a05d80ef723fd04"}
api-1      | {"claimed": 30, "event": "outbox_dispatch_batch_completed", "lease_lost": 0, "level": "info", "published": 30, "retry_scheduled": 0, "role": "outbox_dispatcher", "timestamp": "2026-08-07T12:02:22.661739Z"}
api-1      | INFO:     172.18.0.1:43884 - "GET /api/v1/runs/3b0ac267-5e32-4e43-b204-61f1af3b2854 HTTP/1.1" 200 OK
api-1      | {"api_key_prefix": "evk_5237dfcc3619", "duration_ms": 217.127, "event": "http_request_completed", "level": "info", "method": "GET", "outcome": "success", "path": "/api/v1/runs/3b0ac267-5e32-4e43-b204-61f1af3b2854", "request_id": "ef62e9b8-b654-4fdb-8094-5bf954ba3de7", "status_code": 200, "tenant_id": "ab5af908-be70-4f29-8729-5ed3535f4689", "timestamp": "2026-08-07T12:02:22.680226Z", "trace_id": "1ad356b0c4a3db0b94f122f473b7638b"}
api-1      | {"event": "Context impl PostgresqlImpl.", "level": "info", "request_id": "429876b1-2234-4b4d-90a5-861fc7afefba", "timestamp": "2026-08-07T12:02:22.974125Z", "trace_id": "b6d1570290f9d5f0794a0e7e56a01f81"}
api-1      | {"event": "Will assume transactional DDL.", "level": "info", "request_id": "429876b1-2234-4b4d-90a5-861fc7afefba", "timestamp": "2026-08-07T12:02:22.974252Z", "trace_id": "b6d1570290f9d5f0794a0e7e56a01f81"}
api-1      | INFO:     127.0.0.1:60554 - "GET /health/ready HTTP/1.1" 200 OK
api-1      | {"duration_ms": 25.142, "event": "http_request_completed", "level": "info", "method": "GET", "outcome": "success", "path": "/health/ready", "request_id": "429876b1-2234-4b4d-90a5-861fc7afefba", "status_code": 200, "timestamp": "2026-08-07T12:02:22.980812Z", "trace_id": "b6d1570290f9d5f0794a0e7e56a01f81"}
api-1      | {"claimed": 50, "event": "outbox_dispatch_batch_completed", "lease_lost": 0, "level": "info", "published": 50, "retry_scheduled": 0, "role": "outbox_dispatcher", "timestamp": "2026-08-07T12:02:23.386179Z"}
api-1      | INFO:     172.18.0.1:43884 - "GET /api/v1/runs/3b0ac267-5e32-4e43-b204-61f1af3b2854 HTTP/1.1" 200 OK
api-1      | {"api_key_prefix": "evk_5237dfcc3619", "duration_ms": 207.298, "event": "http_request_completed", "level": "info", "method": "GET", "outcome": "success", "path": "/api/v1/runs/3b0ac267-5e32-4e43-b204-61f1af3b2854", "request_id": "f1c61588-ca1c-415b-a0c5-385813362167", "status_code": 200, "tenant_id": "ab5af908-be70-4f29-8729-5ed3535f4689", "timestamp": "2026-08-07T12:02:23.426550Z", "trace_id": "4b1b4867690ecb4b859e218a39e1535d"}
api-1      | {"claimed": 10, "event": "outbox_dispatch_batch_completed", "lease_lost": 0, "level": "info", "published": 10, "retry_scheduled": 0, "role": "outbox_dispatcher", "timestamp": "2026-08-07T12:02:23.946336Z"}
api-1      | INFO:     172.18.0.1:43884 - "GET /api/v1/runs/3b0ac267-5e32-4e43-b204-61f1af3b2854 HTTP/1.1" 200 OK
api-1      | {"api_key_prefix": "evk_5237dfcc3619", "duration_ms": 71.054, "event": "http_request_completed", "level": "info", "method": "GET", "outcome": "success", "path": "/api/v1/runs/3b0ac267-5e32-4e43-b204-61f1af3b2854", "request_id": "2f155499-c3fb-4d61-b9c7-6d87600efe9c", "status_code": 200, "tenant_id": "ab5af908-be70-4f29-8729-5ed3535f4689", "timestamp": "2026-08-07T12:02:24.001406Z", "trace_id": "55284722f169568ef49857cbd6b09037"}
api-1      | INFO:     172.18.0.1:43884 - "GET /api/v1/runs/3b0ac267-5e32-4e43-b204-61f1af3b2854/cases?limit=200&sort=case_id HTTP/1.1" 200 OK
api-1      | {"api_key_prefix": "evk_5237dfcc3619", "duration_ms": 75.644, "event": "http_request_completed", "level": "info", "method": "GET", "outcome": "success", "path": "/api/v1/runs/3b0ac267-5e32-4e43-b204-61f1af3b2854/cases", "request_id": "b5732c49-7316-4d31-b4eb-0b4e13bc15e5", "status_code": 200, "tenant_id": "ab5af908-be70-4f29-8729-5ed3535f4689", "timestamp": "2026-08-07T12:02:24.079259Z", "trace_id": "fb49edb8a95d7975e770461162d01521"}
api-1      | INFO:     127.0.0.1:60562 - "GET /metrics HTTP/1.1" 200 OK
api-1      | {"duration_ms": 9.047, "event": "http_request_completed", "level": "info", "method": "GET", "outcome": "success", "path": "/metrics", "request_id": "9b706eaf-e3b2-4385-98bf-bf6597ffbe35", "status_code": 200, "timestamp": "2026-08-07T12:02:24.474282Z", "trace_id": "a579b7bcebd389c73909353afbc57c17"}
api-1      | INFO:     172.18.0.1:43884 - "POST /api/v1/runs HTTP/1.1" 202 Accepted
api-1      | {"api_key_prefix": "evk_5237dfcc3619", "duration_ms": 257.553, "event": "http_request_completed", "level": "info", "method": "POST", "outcome": "success", "path": "/api/v1/runs", "request_id": "26d67107-5768-4f8f-a8ec-292fcb9fd31a", "status_code": 202, "tenant_id": "ab5af908-be70-4f29-8729-5ed3535f4689", "timestamp": "2026-08-07T12:02:25.631531Z", "trace_id": "e17e4ac06f77e776323eefb271b2c5fd"}
api-1      | INFO:     172.18.0.1:43884 - "GET /api/v1/runs/eeba8286-d586-40e6-8767-fb5000600edd HTTP/1.1" 200 OK
api-1      | {"api_key_prefix": "evk_5237dfcc3619", "duration_ms": 60.622, "event": "http_request_completed", "level": "info", "method": "GET", "outcome": "success", "path": "/api/v1/runs/eeba8286-d586-40e6-8767-fb5000600edd", "request_id": "c3ef48a6-3d2c-46df-8375-35a5a420b4de", "status_code": 200, "tenant_id": "ab5af908-be70-4f29-8729-5ed3535f4689", "timestamp": "2026-08-07T12:02:25.693876Z", "trace_id": "b96ec76dd9be04d2d3be6a83bff46922"}
api-1      | {"claimed": 37, "event": "outbox_dispatch_batch_completed", "lease_lost": 0, "level": "info", "published": 37, "retry_scheduled": 0, "role": "outbox_dispatcher", "timestamp": "2026-08-07T12:02:26.274531Z"}
postgres-1  | chmod: /var/run/postgresql: Operation not permitted
postgres-1  | The files belonging to this database system will be owned by user "postgres".
postgres-1  | This user must also own the server process.
postgres-1  | 
postgres-1  | The database cluster will be initialized with locale "en_US.utf8".
postgres-1  | The default database encoding has accordingly been set to "UTF8".
postgres-1  | The default text search configuration will be set to "english".
postgres-1  | 
postgres-1  | Data page checksums are enabled.
postgres-1  | 
postgres-1  | fixing permissions on existing directory /var/lib/postgresql/18/docker ... ok
postgres-1  | creating subdirectories ... ok
postgres-1  | selecting dynamic shared memory implementation ... posix
postgres-1  | selecting default "max_connections" ... 100
postgres-1  | selecting default "shared_buffers" ... 128MB
postgres-1  | selecting default time zone ... UTC
postgres-1  | creating configuration files ... ok
postgres-1  | running bootstrap script ... ok
postgres-1  | sh: locale: not found
postgres-1  | 2026-08-07 12:01:54.695 UTC [24] WARNING:  no usable system locales were found
postgres-1  | performing post-bootstrap initialization ... ok
postgres-1  | initdb: warning: enabling "trust" authentication for local connections
postgres-1  | initdb: hint: You can change this by editing pg_hba.conf or using the option -A, or --auth-local and --auth-host, the next time you run initdb.
postgres-1  | syncing data to disk ... ok
postgres-1  | 
postgres-1  | 
postgres-1  | Success. You can now start the database server using:
postgres-1  | 
postgres-1  |     pg_ctl -D /var/lib/postgresql/18/docker -l logfile start
postgres-1  | 
postgres-1  | waiting for server to start....2026-08-07 12:01:55.238 UTC [30] LOG:  starting PostgreSQL 18.4 on x86_64-pc-linux-musl, compiled by gcc (Alpine 15.2.0) 15.2.0, 64-bit
postgres-1  | 2026-08-07 12:01:55.238 UTC [30] LOG:  listening on Unix socket "/var/run/postgresql/.s.PGSQL.5432"
postgres-1  | 2026-08-07 12:01:55.241 UTC [36] LOG:  database system was shut down at 2026-08-07 12:01:55 UTC
postgres-1  | 2026-08-07 12:01:55.244 UTC [30] LOG:  database system is ready to accept connections
postgres-1  |  done
postgres-1  | server started
postgres-1  | CREATE DATABASE
postgres-1  | 
postgres-1  | 
postgres-1  | /usr/local/bin/docker-entrypoint.sh: ignoring /docker-entrypoint-initdb.d/*
postgres-1  | 
postgres-1  | waiting for server to shut down....2026-08-07 12:01:55.418 UTC [30] LOG:  received fast shutdown request
postgres-1  | 2026-08-07 12:01:55.418 UTC [30] LOG:  aborting any active transactions
postgres-1  | 2026-08-07 12:01:55.421 UTC [30] LOG:  background worker "logical replication launcher" (PID 39) exited with exit code 1
postgres-1  | 2026-08-07 12:01:55.422 UTC [34] LOG:  shutting down
postgres-1  | 2026-08-07 12:01:55.423 UTC [34] LOG:  checkpoint starting: shutdown immediate
postgres-1  | 2026-08-07 12:01:55.439 UTC [34] LOG:  checkpoint complete: wrote 943 buffers (5.8%), wrote 3 SLRU buffers; 0 WAL file(s) added, 0 removed, 0 recycled; write=0.014 s, sync=0.002 s, total=0.018 s; sync files=303, longest=0.001 s, average=0.001 s; distance=4362 kB, estimate=4362 kB; lsn=0/1BA6820, redo lsn=0/1BA6820
postgres-1  | 2026-08-07 12:01:55.457 UTC [30] LOG:  database system is shut down
postgres-1  |  done
postgres-1  | server stopped
postgres-1  | 
postgres-1  | PostgreSQL init process complete; ready for start up.
postgres-1  | 
postgres-1  | 2026-08-07 12:01:55.542 UTC [1] LOG:  starting PostgreSQL 18.4 on x86_64-pc-linux-musl, compiled by gcc (Alpine 15.2.0) 15.2.0, 64-bit
postgres-1  | 2026-08-07 12:01:55.542 UTC [1] LOG:  listening on IPv4 address "0.0.0.0", port 5432
postgres-1  | 2026-08-07 12:01:55.542 UTC [1] LOG:  listening on IPv6 address "::", port 5432
postgres-1  | 2026-08-07 12:01:55.543 UTC [1] LOG:  listening on Unix socket "/var/run/postgresql/.s.PGSQL.5432"
postgres-1  | 2026-08-07 12:01:55.546 UTC [52] LOG:  database system was shut down at 2026-08-07 12:01:55 UTC
postgres-1  | 2026-08-07 12:01:55.549 UTC [1] LOG:  database system is ready to accept connections
postgres-1  | 2026-08-07 12:06:55.648 UTC [50] LOG:  checkpoint starting: time
postgres-1  | 2026-08-07 12:11:25.102 UTC [50] LOG:  checkpoint complete: wrote 3173 buffers (19.4%), wrote 31 SLRU buffers; 0 WAL file(s) added, 0 removed, 4 recycled; write=269.430 s, sync=0.003 s, total=269.454 s; sync files=188, longest=0.001 s, average=0.001 s; distance=58972 kB, estimate=58972 kB; lsn=0/9986B48, redo lsn=0/553D8C8
postgres-1  | 2026-08-07 12:11:55.132 UTC [50] LOG:  checkpoint starting: time
api-1       | INFO:     172.18.0.1:43884 - "GET /api/v1/runs/eeba8286-d586-40e6-8767-fb5000600edd HTTP/1.1" 200 OK
api-1       | {"api_key_prefix": "evk_5237dfcc3619", "duration_ms": 144.804, "event": "http_request_completed", "level": "info", "method": "GET", "outcome": "success", "path": "/api/v1/runs/eeba8286-d586-40e6-8767-fb5000600edd", "request_id": "d1f66ea4-2900-4b7c-9655-a8eb9f99704f", "status_code": 200, "tenant_id": "ab5af908-be70-4f29-8729-5ed3535f4689", "timestamp": "2026-08-07T12:02:26.342385Z", "trace_id": "7b0a6dcbe796c769777d6d91af2d8c22"}
api-1       | INFO:     172.18.0.1:43884 - "GET /api/v1/runs/eeba8286-d586-40e6-8767-fb5000600edd HTTP/1.1" 200 OK
api-1       | {"api_key_prefix": "evk_5237dfcc3619", "duration_ms": 159.602, "event": "http_request_completed", "level": "info", "method": "GET", "outcome": "success", "path": "/api/v1/runs/eeba8286-d586-40e6-8767-fb5000600edd", "request_id": "e857036c-134e-4439-9905-33a42bd5218f", "status_code": 200, "tenant_id": "ab5af908-be70-4f29-8729-5ed3535f4689", "timestamp": "2026-08-07T12:02:27.017729Z", "trace_id": "81fd26c13e33469ad01d6abb958052fc"}
api-1       | {"claimed": 50, "event": "outbox_dispatch_batch_completed", "lease_lost": 0, "level": "info", "published": 50, "retry_scheduled": 0, "role": "outbox_dispatcher", "timestamp": "2026-08-07T12:02:27.018607Z"}
api-1       | {"claimed": 50, "event": "outbox_dispatch_batch_completed", "lease_lost": 0, "level": "info", "published": 50, "retry_scheduled": 0, "role": "outbox_dispatcher", "timestamp": "2026-08-07T12:02:27.768736Z"}
api-1       | INFO:     172.18.0.1:43884 - "GET /api/v1/runs/eeba8286-d586-40e6-8767-fb5000600edd HTTP/1.1" 200 OK
api-1       | {"api_key_prefix": "evk_5237dfcc3619", "duration_ms": 259.459, "event": "http_request_completed", "level": "info", "method": "GET", "outcome": "success", "path": "/api/v1/runs/eeba8286-d586-40e6-8767-fb5000600edd", "request_id": "87279394-ebe9-4728-8b50-cd2a7dd422c6", "status_code": 200, "tenant_id": "ab5af908-be70-4f29-8729-5ed3535f4689", "timestamp": "2026-08-07T12:02:27.780141Z", "trace_id": "94758a2e39ccd96dfac8bfc9f27e3684"}
api-1       | {"event": "Context impl PostgresqlImpl.", "level": "info", "request_id": "657a4536-91b5-45f0-8419-42acd281848b", "timestamp": "2026-08-07T12:02:28.506470Z", "trace_id": "8539576aa39ac0b575df5d379bd3587a"}
api-1       | {"event": "Will assume transactional DDL.", "level": "info", "request_id": "657a4536-91b5-45f0-8419-42acd281848b", "timestamp": "2026-08-07T12:02:28.506605Z", "trace_id": "8539576aa39ac0b575df5d379bd3587a"}
api-1       | INFO:     127.0.0.1:53894 - "GET /health/ready HTTP/1.1" 200 OK
api-1       | {"duration_ms": 231.716, "event": "http_request_completed", "level": "info", "method": "GET", "outcome": "success", "path": "/health/ready", "request_id": "657a4536-91b5-45f0-8419-42acd281848b", "status_code": 200, "timestamp": "2026-08-07T12:02:28.584235Z", "trace_id": "8539576aa39ac0b575df5d379bd3587a"}
api-1       | {"claimed": 50, "event": "outbox_dispatch_batch_completed", "lease_lost": 0, "level": "info", "published": 50, "retry_scheduled": 0, "role": "outbox_dispatcher", "timestamp": "2026-08-07T12:02:28.587554Z"}
api-1       | INFO:     172.18.0.1:43884 - "GET /api/v1/runs/eeba8286-d586-40e6-8767-fb5000600edd HTTP/1.1" 200 OK
api-1       | {"api_key_prefix": "evk_5237dfcc3619", "duration_ms": 319.437, "event": "http_request_completed", "level": "info", "method": "GET", "outcome": "success", "path": "/api/v1/runs/eeba8286-d586-40e6-8767-fb5000600edd", "request_id": "28efb047-05d9-4cd6-8f3d-181c460b2116", "status_code": 200, "tenant_id": "ab5af908-be70-4f29-8729-5ed3535f4689", "timestamp": "2026-08-07T12:02:28.605671Z", "trace_id": "5f082d1f4c128dd58b94e49ea016ed4b"}
api-1       | {"claimed": 50, "event": "outbox_dispatch_batch_completed", "lease_lost": 0, "level": "info", "published": 50, "retry_scheduled": 0, "role": "outbox_dispatcher", "timestamp": "2026-08-07T12:02:29.380283Z"}
api-1       | INFO:     172.18.0.1:43884 - "GET /api/v1/runs/eeba8286-d586-40e6-8767-fb5000600edd HTTP/1.1" 200 OK
api-1       | {"api_key_prefix": "evk_5237dfcc3619", "duration_ms": 244.659, "event": "http_request_completed", "level": "info", "method": "GET", "outcome": "success", "path": "/api/v1/runs/eeba8286-d586-40e6-8767-fb5000600edd", "request_id": "d9141d59-2f4f-43c3-9c02-8fe24abc6220", "status_code": 200, "tenant_id": "ab5af908-be70-4f29-8729-5ed3535f4689", "timestamp": "2026-08-07T12:02:29.444476Z", "trace_id": "f6adf7c65bd39577a4834ad3b4773026"}
api-1       | {"claimed": 50, "event": "outbox_dispatch_batch_completed", "lease_lost": 0, "level": "info", "published": 50, "retry_scheduled": 0, "role": "outbox_dispatcher", "timestamp": "2026-08-07T12:02:30.086535Z"}
api-1       | INFO:     172.18.0.1:43884 - "GET /api/v1/runs/eeba8286-d586-40e6-8767-fb5000600edd HTTP/1.1" 200 OK
api-1       | {"api_key_prefix": "evk_5237dfcc3619", "duration_ms": 186.767, "event": "http_request_completed", "level": "info", "method": "GET", "outcome": "success", "path": "/api/v1/runs/eeba8286-d586-40e6-8767-fb5000600edd", "request_id": "711e2377-cb49-45a5-8b95-17331e294217", "status_code": 200, "tenant_id": "ab5af908-be70-4f29-8729-5ed3535f4689", "timestamp": "2026-08-07T12:02:30.158626Z", "trace_id": "099ad606cf85a246fb2281d25460a368"}
api-1       | {"claimed": 50, "event": "outbox_dispatch_batch_completed", "lease_lost": 0, "level": "info", "published": 50, "retry_scheduled": 0, "role": "outbox_dispatcher", "timestamp": "2026-08-07T12:02:30.794745Z"}
api-1       | INFO:     172.18.0.1:43884 - "GET /api/v1/runs/eeba8286-d586-40e6-8767-fb5000600edd HTTP/1.1" 200 OK
api-1       | {"api_key_prefix": "evk_5237dfcc3619", "duration_ms": 185.914, "event": "http_request_completed", "level": "info", "method": "GET", "outcome": "success", "path": "/api/v1/runs/eeba8286-d586-40e6-8767-fb5000600edd", "request_id": "27469270-953a-4add-8146-acbf61d6c5b9", "status_code": 200, "tenant_id": "ab5af908-be70-4f29-8729-5ed3535f4689", "timestamp": "2026-08-07T12:02:30.864923Z", "trace_id": "89f5a9ca0fcfd1f7eda4b2fc77eef727"}
api-1       | {"claimed": 50, "event": "outbox_dispatch_batch_completed", "lease_lost": 0, "level": "info", "published": 50, "retry_scheduled": 0, "role": "outbox_dispatcher", "timestamp": "2026-08-07T12:02:31.504952Z"}
api-1       | INFO:     172.18.0.1:43884 - "GET /api/v1/runs/eeba8286-d586-40e6-8767-fb5000600edd HTTP/1.1" 200 OK
api-1       | {"api_key_prefix": "evk_5237dfcc3619", "duration_ms": 188.462, "event": "http_request_completed", "level": "info", "method": "GET", "outcome": "success", "path": "/api/v1/runs/eeba8286-d586-40e6-8767-fb5000600edd", "request_id": "32d09cce-d1e3-4540-9e60-9844c98c201b", "status_code": 200, "tenant_id": "ab5af908-be70-4f29-8729-5ed3535f4689", "timestamp": "2026-08-07T12:02:31.575769Z", "trace_id": "ccf10d0b74a1c2aeab483cee1044c4fb"}
api-1       | {"claimed": 50, "event": "outbox_dispatch_batch_completed", "lease_lost": 0, "level": "info", "published": 50, "retry_scheduled": 0, "role": "outbox_dispatcher", "timestamp": "2026-08-07T12:02:32.204025Z"}
api-1       | INFO:     172.18.0.1:43884 - "GET /api/v1/runs/eeba8286-d586-40e6-8767-fb5000600edd HTTP/1.1" 200 OK
api-1       | {"api_key_prefix": "evk_5237dfcc3619", "duration_ms": 180.511, "event": "http_request_completed", "level": "info", "method": "GET", "outcome": "success", "path": "/api/v1/runs/eeba8286-d586-40e6-8767-fb5000600edd", "request_id": "3cf642bc-b41f-4e71-b44a-5bf41f7d7e53", "status_code": 200, "tenant_id": "ab5af908-be70-4f29-8729-5ed3535f4689", "timestamp": "2026-08-07T12:02:32.269743Z", "trace_id": "d22dc3dfcbaed5fa8238c8cdda61116e"}
api-1       | {"claimed": 50, "event": "outbox_dispatch_batch_completed", "lease_lost": 0, "level": "info", "published": 50, "retry_scheduled": 0, "role": "outbox_dispatcher", "timestamp": "2026-08-07T12:02:33.005207Z"}
api-1       | INFO:     172.18.0.1:43884 - "GET /api/v1/runs/eeba8286-d586-40e6-8767-fb5000600edd HTTP/1.1" 200 OK
api-1       | {"api_key_prefix": "evk_5237dfcc3619", "duration_ms": 300.486, "event": "http_request_completed", "level": "info", "method": "GET", "outcome": "success", "path": "/api/v1/runs/eeba8286-d586-40e6-8767-fb5000600edd", "request_id": "17295f77-f738-4f2e-9080-9fc92e0dd8a4", "status_code": 200, "tenant_id": "ab5af908-be70-4f29-8729-5ed3535f4689", "timestamp": "2026-08-07T12:02:33.100227Z", "trace_id": "62fa622ea04bad8b8809b46369c4066d"}
api-1       | {"claimed": 50, "event": "outbox_dispatch_batch_completed", "lease_lost": 0, "level": "info", "published": 50, "retry_scheduled": 0, "role": "outbox_dispatcher", "timestamp": "2026-08-07T12:02:33.803573Z"}
api-1       | INFO:     172.18.0.1:43884 - "GET /api/v1/runs/eeba8286-d586-40e6-8767-fb5000600edd HTTP/1.1" 200 OK
api-1       | {"api_key_prefix": "evk_5237dfcc3619", "duration_ms": 219.069, "event": "http_request_completed", "level": "info", "method": "GET", "outcome": "success", "path": "/api/v1/runs/eeba8286-d586-40e6-8767-fb5000600edd", "request_id": "de0bda27-319b-4e7d-bdf8-813f20c5b8dd", "status_code": 200, "tenant_id": "ab5af908-be70-4f29-8729-5ed3535f4689", "timestamp": "2026-08-07T12:02:33.841730Z", "trace_id": "f1d2db6e6ccde494f1ff9eb236e2de58"}
api-1       | {"event": "Context impl PostgresqlImpl.", "level": "info", "request_id": "df396f81-9a12-42af-8281-ece030b817ab", "timestamp": "2026-08-07T12:02:34.092327Z", "trace_id": "3560afa0e16db8359325e53b680de9a0"}
api-1       | {"event": "Will assume transactional DDL.", "level": "info", "request_id": "df396f81-9a12-42af-8281-ece030b817ab", "timestamp": "2026-08-07T12:02:34.092477Z", "trace_id": "3560afa0e16db8359325e53b680de9a0"}
api-1       | INFO:     127.0.0.1:53944 - "GET /health/ready HTTP/1.1" 200 OK
api-1       | {"duration_ms": 31.902, "event": "http_request_completed", "level": "info", "method": "GET", "outcome": "success", "path": "/health/ready", "request_id": "df396f81-9a12-42af-8281-ece030b817ab", "status_code": 200, "timestamp": "2026-08-07T12:02:34.102934Z", "trace_id": "3560afa0e16db8359325e53b680de9a0"}
api-1       | {"claimed": 50, "event": "outbox_dispatch_batch_completed", "lease_lost": 0, "level": "info", "published": 50, "retry_scheduled": 0, "role": "outbox_dispatcher", "timestamp": "2026-08-07T12:02:34.581563Z"}
api-1       | INFO:     172.18.0.1:43884 - "GET /api/v1/runs/eeba8286-d586-40e6-8767-fb5000600edd HTTP/1.1" 200 OK
api-1       | {"api_key_prefix": "evk_5237dfcc3619", "duration_ms": 224.862, "event": "http_request_completed", "level": "info", "method": "GET", "outcome": "success", "path": "/api/v1/runs/eeba8286-d586-40e6-8767-fb5000600edd", "request_id": "dea2f086-7ca7-44b8-9302-8a7dc333d621", "status_code": 200, "tenant_id": "ab5af908-be70-4f29-8729-5ed3535f4689", "timestamp": "2026-08-07T12:02:34.647643Z", "trace_id": "08df2a2ecb6f87a5992b3b32a4084005"}
api-1       | {"claimed": 50, "event": "outbox_dispatch_batch_completed", "lease_lost": 0, "level": "info", "published": 50, "retry_scheduled": 0, "role": "outbox_dispatcher", "timestamp": "2026-08-07T12:02:35.285330Z"}
api-1       | INFO:     172.18.0.1:43884 - "GET /api/v1/runs/eeba8286-d586-40e6-8767-fb5000600edd HTTP/1.1" 200 OK
api-1       | {"api_key_prefix": "evk_5237dfcc3619", "duration_ms": 186.39, "event": "http_request_completed", "level": "info", "method": "GET", "outcome": "success", "path": "/api/v1/runs/eeba8286-d586-40e6-8767-fb5000600edd", "request_id": "4161cd92-db94-46a0-ab21-355d7b62110d", "status_code": 200, "tenant_id": "ab5af908-be70-4f29-8729-5ed3535f4689", "timestamp": "2026-08-07T12:02:35.355472Z", "trace_id": "d84f5dd8c7fee4fba83b0cc82d013706"}
api-1       | {"claimed": 50, "event": "outbox_dispatch_batch_completed", "lease_lost": 0, "level": "info", "published": 50, "retry_scheduled": 0, "role": "outbox_dispatcher", "timestamp": "2026-08-07T12:02:35.989397Z"}
api-1       | INFO:     172.18.0.1:43884 - "GET /api/v1/runs/eeba8286-d586-40e6-8767-fb5000600edd HTTP/1.1" 200 OK
api-1       | {"api_key_prefix": "evk_5237dfcc3619", "duration_ms": 179.024, "event": "http_request_completed", "level": "info", "method": "GET", "outcome": "success", "path": "/api/v1/runs/eeba8286-d586-40e6-8767-fb5000600edd", "request_id": "c10322da-40a6-48d0-99f6-0034bfa9a31b", "status_code": 200, "tenant_id": "ab5af908-be70-4f29-8729-5ed3535f4689", "timestamp": "2026-08-07T12:02:36.061381Z", "trace_id": "49b6718f88d5888f96f3192d3a82f87a"}
api-1       | {"claimed": 50, "event": "outbox_dispatch_batch_completed", "lease_lost": 0, "level": "info", "published": 50, "retry_scheduled": 0, "role": "outbox_dispatcher", "timestamp": "2026-08-07T12:02:36.703193Z"}
api-1       | INFO:     172.18.0.1:43884 - "GET /api/v1/runs/eeba8286-d586-40e6-8767-fb5000600edd HTTP/1.1" 200 OK
api-1       | {"api_key_prefix": "evk_5237dfcc3619", "duration_ms": 199.177, "event": "http_request_completed", "level": "info", "method": "GET", "outcome": "success", "path": "/api/v1/runs/eeba8286-d586-40e6-8767-fb5000600edd", "request_id": "963c90fd-84de-47f1-8a29-3d713566825d", "status_code": 200, "tenant_id": "ab5af908-be70-4f29-8729-5ed3535f4689", "timestamp": "2026-08-07T12:02:36.766354Z", "trace_id": "6fff2bcd1f7582276e2506a760cd5cb4"}
api-1       | {"claimed": 50, "event": "outbox_dispatch_batch_completed", "lease_lost": 0, "level": "info", "published": 50, "retry_scheduled": 0, "role": "outbox_dispatcher", "timestamp": "2026-08-07T12:02:37.391433Z"}
api-1       | INFO:     172.18.0.1:43884 - "GET /api/v1/runs/eeba8286-d586-40e6-8767-fb5000600edd HTTP/1.1" 200 OK
api-1       | {"api_key_prefix": "evk_5237dfcc3619", "duration_ms": 171.96, "event": "http_request_completed", "level": "info", "method": "GET", "outcome": "success", "path": "/api/v1/runs/eeba8286-d586-40e6-8767-fb5000600edd", "request_id": "c2c7d489-fcf5-446a-8def-7f69c98d46d6", "status_code": 200, "tenant_id": "ab5af908-be70-4f29-8729-5ed3535f4689", "timestamp": "2026-08-07T12:02:37.462167Z", "trace_id": "6bfdde7145811326ad91887adcc3f337"}
api-1       | {"claimed": 50, "event": "outbox_dispatch_batch_completed", "lease_lost": 0, "level": "info", "published": 50, "retry_scheduled": 0, "role": "outbox_dispatcher", "timestamp": "2026-08-07T12:02:38.081385Z"}
api-1       | INFO:     172.18.0.1:43884 - "GET /api/v1/runs/eeba8286-d586-40e6-8767-fb5000600edd HTTP/1.1" 200 OK
api-1       | {"api_key_prefix": "evk_5237dfcc3619", "duration_ms": 155.875, "event": "http_request_completed", "level": "info", "method": "GET", "outcome": "success", "path": "/api/v1/runs/eeba8286-d586-40e6-8767-fb5000600edd", "request_id": "7f2ddb0f-8e8b-468b-b306-d27b6c1d8eee", "status_code": 200, "tenant_id": "ab5af908-be70-4f29-8729-5ed3535f4689", "timestamp": "2026-08-07T12:02:38.137210Z", "trace_id": "792e47fef4bb63ce1d340c3693ccbbc7"}
api-1       | {"claimed": 50, "event": "outbox_dispatch_batch_completed", "lease_lost": 0, "level": "info", "published": 50, "retry_scheduled": 0, "role": "outbox_dispatcher", "timestamp": "2026-08-07T12:02:38.764278Z"}
api-1       | INFO:     172.18.0.1:43884 - "GET /api/v1/runs/eeba8286-d586-40e6-8767-fb5000600edd HTTP/1.1" 200 OK
api-1       | {"api_key_prefix": "evk_5237dfcc3619", "duration_ms": 167.602, "event": "http_request_completed", "level": "info", "method": "GET", "outcome": "success", "path": "/api/v1/runs/eeba8286-d586-40e6-8767-fb5000600edd", "request_id": "68229d82-f9e6-44e0-be9c-e58851e02139", "status_code": 200, "tenant_id": "ab5af908-be70-4f29-8729-5ed3535f4689", "timestamp": "2026-08-07T12:02:38.823735Z", "trace_id": "85f415f50fd04f9f0319172688454e5a"}
api-1       | {"claimed": 50, "event": "outbox_dispatch_batch_completed", "lease_lost": 0, "level": "info", "published": 50, "retry_scheduled": 0, "role": "outbox_dispatcher", "timestamp": "2026-08-07T12:02:39.545966Z"}
api-1       | {"event": "Context impl PostgresqlImpl.", "level": "info", "request_id": "2737a981-94ff-4698-ab4b-4a0f2a994602", "timestamp": "2026-08-07T12:02:39.615582Z", "trace_id": "629d0e7a693aa372aaa09b663b8ef86f"}
api-1       | {"event": "Will assume transactional DDL.", "level": "info", "request_id": "2737a981-94ff-4698-ab4b-4a0f2a994602", "timestamp": "2026-08-07T12:02:39.615717Z", "trace_id": "629d0e7a693aa372aaa09b663b8ef86f"}
api-1       | INFO:     127.0.0.1:42038 - "GET /health/ready HTTP/1.1" 200 OK
api-1       | {"duration_ms": 23.073, "event": "http_request_completed", "level": "info", "method": "GET", "outcome": "success", "path": "/health/ready", "request_id": "2737a981-94ff-4698-ab4b-4a0f2a994602", "status_code": 200, "timestamp": "2026-08-07T12:02:39.623312Z", "trace_id": "629d0e7a693aa372aaa09b663b8ef86f"}
api-1       | INFO:     172.18.0.1:43884 - "GET /api/v1/runs/eeba8286-d586-40e6-8767-fb5000600edd HTTP/1.1" 200 OK
api-1       | {"api_key_prefix": "evk_5237dfcc3619", "duration_ms": 308.739, "event": "http_request_completed", "level": "info", "method": "GET", "outcome": "success", "path": "/api/v1/runs/eeba8286-d586-40e6-8767-fb5000600edd", "request_id": "842504b6-944f-4aee-9b0a-3c1cb63267c6", "status_code": 200, "tenant_id": "ab5af908-be70-4f29-8729-5ed3535f4689", "timestamp": "2026-08-07T12:02:39.650479Z", "trace_id": "01994a51696550d781ac59118787b03a"}
api-1       | INFO:     172.18.0.1:43884 - "GET /api/v1/runs/eeba8286-d586-40e6-8767-fb5000600edd/cases?limit=200&sort=case_id HTTP/1.1" 200 OK
api-1       | {"api_key_prefix": "evk_5237dfcc3619", "duration_ms": 102.274, "event": "http_request_completed", "level": "info", "method": "GET", "outcome": "success", "path": "/api/v1/runs/eeba8286-d586-40e6-8767-fb5000600edd/cases", "request_id": "feab0f16-5baa-4ea2-867e-6f11d115777d", "status_code": 200, "tenant_id": "ab5af908-be70-4f29-8729-5ed3535f4689", "timestamp": "2026-08-07T12:02:39.754604Z", "trace_id": "09bfbe654be35b24e28c76bfe043ccf9"}
api-1       | INFO:     172.18.0.1:43884 - "GET /api/v1/runs/eeba8286-d586-40e6-8767-fb5000600edd/cases?limit=200&sort=case_id&cursor=eyJkaXJlY3Rpb24iOiJhc2MiLCJlcnJvcl9jb2RlIjpudWxsLCJqb2JfaWQiOiI4YjA4NzNkMi0wYjU1LTQ5OWMtODc2Zi03MGUwNGY1M2YwZDMiLCJtZXRyaWMiOm51bGwsInNvcnQiOiJjYXNlX2lkIiwic3RhdHVzIjpudWxsLCJ2IjoxLCJ2YWx1ZSI6ImxvYWQtMDE5OSJ9 HTTP/1.1" 200 OK
api-1       | {"api_key_prefix": "evk_5237dfcc3619", "duration_ms": 123.068, "event": "http_request_completed", "level": "info", "method": "GET", "outcome": "success", "path": "/api/v1/runs/eeba8286-d586-40e6-8767-fb5000600edd/cases", "request_id": "462d645d-1976-49b4-9778-f4741b4f3c8a", "status_code": 200, "tenant_id": "ab5af908-be70-4f29-8729-5ed3535f4689", "timestamp": "2026-08-07T12:02:39.880412Z", "trace_id": "9c3fbe11fe3f53c68f2f112bc56660b2"}
api-1       | INFO:     172.18.0.1:43884 - "GET /api/v1/runs/eeba8286-d586-40e6-8767-fb5000600edd/cases?limit=200&sort=case_id&cursor=eyJkaXJlY3Rpb24iOiJhc2MiLCJlcnJvcl9jb2RlIjpudWxsLCJqb2JfaWQiOiJlNmQxN2U2NS1lMTRlLTQ4NjUtOGEzOC1mNzYwZTdjOTkyNjAiLCJtZXRyaWMiOm51bGwsInNvcnQiOiJjYXNlX2lkIiwic3RhdHVzIjpudWxsLCJ2IjoxLCJ2YWx1ZSI6ImxvYWQtMDM5OSJ9 HTTP/1.1" 200 OK
api-1       | {"api_key_prefix": "evk_5237dfcc3619", "duration_ms": 64.012, "event": "http_request_completed", "level": "info", "method": "GET", "outcome": "success", "path": "/api/v1/runs/eeba8286-d586-40e6-8767-fb5000600edd/cases", "request_id": "d7d1c6f9-40e0-43bb-aeb2-1ff791b77de9", "status_code": 200, "tenant_id": "ab5af908-be70-4f29-8729-5ed3535f4689", "timestamp": "2026-08-07T12:02:39.946861Z", "trace_id": "23cdb20a9e4b4e1665322b4e0b2830c3"}
api-1       | {"claimed": 50, "event": "outbox_dispatch_batch_completed", "lease_lost": 0, "level": "info", "published": 50, "retry_scheduled": 0, "role": "outbox_dispatcher", "timestamp": "2026-08-07T12:02:40.350271Z"}
api-1       | INFO:     127.0.0.1:42046 - "GET /metrics HTTP/1.1" 200 OK
api-1       | {"duration_ms": 7.186, "event": "http_request_completed", "level": "info", "method": "GET", "outcome": "success", "path": "/metrics", "request_id": "b09d291f-bbae-4874-817e-db577a789b57", "status_code": 200, "timestamp": "2026-08-07T12:02:40.519227Z", "trace_id": "c92fe3b0a20da209bcedec4652e2e880"}
api-1       | {"claimed": 50, "event": "outbox_dispatch_batch_completed", "lease_lost": 0, "level": "info", "published": 50, "retry_scheduled": 0, "role": "outbox_dispatcher", "timestamp": "2026-08-07T12:02:41.055591Z"}
api-1       | {"claimed": 15, "event": "outbox_dispatch_batch_completed", "lease_lost": 0, "level": "info", "published": 15, "retry_scheduled": 0, "role": "outbox_dispatcher", "timestamp": "2026-08-07T12:02:41.656162Z"}
api-1       | {"event": "Context impl PostgresqlImpl.", "level": "info", "request_id": "b1599e27-78c9-40dc-8562-b2215db810e6", "timestamp": "2026-08-07T12:02:44.931116Z", "trace_id": "f2b585fdcb44ff04190e9280aedb3584"}
api-1       | {"event": "Will assume transactional DDL.", "level": "info", "request_id": "b1599e27-78c9-40dc-8562-b2215db810e6", "timestamp": "2026-08-07T12:02:44.931233Z", "trace_id": "f2b585fdcb44ff04190e9280aedb3584"}
api-1       | INFO:     127.0.0.1:42088 - "GET /health/ready HTTP/1.1" 200 OK
api-1       | {"duration_ms": 29.068, "event": "http_request_completed", "level": "info", "method": "GET", "outcome": "success", "path": "/health/ready", "request_id": "b1599e27-78c9-40dc-8562-b2215db810e6", "status_code": 200, "timestamp": "2026-08-07T12:02:44.938727Z", "trace_id": "f2b585fdcb44ff04190e9280aedb3584"}
api-1       | INFO:     172.18.0.1:58446 - "POST /api/v1/runs HTTP/1.1" 202 Accepted
api-1       | {"api_key_prefix": "evk_5237dfcc3619", "duration_ms": 121.267, "event": "http_request_completed", "level": "info", "method": "POST", "outcome": "success", "path": "/api/v1/runs", "request_id": "109bad49-76e5-4b3e-94e7-776de83ff3b1", "status_code": 202, "tenant_id": "ab5af908-be70-4f29-8729-5ed3535f4689", "timestamp": "2026-08-07T12:02:45.740897Z", "trace_id": "957c99d5b7a6359f643f3d789d86fc19"}
api-1       | INFO:     172.18.0.1:58446 - "GET /api/v1/runs/11838e7c-934c-4cb5-ba33-e07f35b4f9c5 HTTP/1.1" 200 OK
api-1       | {"api_key_prefix": "evk_5237dfcc3619", "duration_ms": 82.874, "event": "http_request_completed", "level": "info", "method": "GET", "outcome": "success", "path": "/api/v1/runs/11838e7c-934c-4cb5-ba33-e07f35b4f9c5", "request_id": "90512af6-3e87-493d-ad24-0fe1f0a1eb15", "status_code": 200, "tenant_id": "ab5af908-be70-4f29-8729-5ed3535f4689", "timestamp": "2026-08-07T12:02:45.825400Z", "trace_id": "153b0ccca1697be327a58f34cdbb534c"}
api-1       | {"claimed": 15, "event": "outbox_dispatch_batch_completed", "lease_lost": 0, "level": "info", "published": 15, "retry_scheduled": 0, "role": "outbox_dispatcher", "timestamp": "2026-08-07T12:02:46.412797Z"}
api-1       | INFO:     172.18.0.1:58446 - "GET /api/v1/runs/11838e7c-934c-4cb5-ba33-e07f35b4f9c5 HTTP/1.1" 200 OK
api-1       | {"api_key_prefix": "evk_5237dfcc3619", "duration_ms": 147.997, "event": "http_request_completed", "level": "info", "method": "GET", "outcome": "success", "path": "/api/v1/runs/11838e7c-934c-4cb5-ba33-e07f35b4f9c5", "request_id": "acf591bf-875c-4c38-81de-6bdb722b845f", "status_code": 200, "tenant_id": "ab5af908-be70-4f29-8729-5ed3535f4689", "timestamp": "2026-08-07T12:02:46.491014Z", "trace_id": "fe51c044bcb6fe55bc0c0d420ea9ff64"}
api-1       | {"claimed": 50, "event": "outbox_dispatch_batch_completed", "lease_lost": 0, "level": "info", "published": 50, "retry_scheduled": 0, "role": "outbox_dispatcher", "timestamp": "2026-08-07T12:02:47.171455Z"}
redis-1     | Starting Redis Server
redis-1     | 1:C 07 Aug 2026 12:01:53.778 # WARNING Memory overcommit must be enabled! Without it, a background save or replication may fail under low memory condition. Being disabled, it can also cause failures without low memory condition, see https://github.com/jemalloc/jemalloc/issues/1328. To fix this issue add 'vm.overcommit_memory = 1' to /etc/sysctl.conf and then reboot or run the command 'sysctl vm.overcommit_memory=1' for this to take effect.
redis-1     | 1:M 07 Aug 2026 12:01:53.788 # WARNING: Redis does not require authentication and is not protected by network restrictions. Redis will accept connections from any IP address on any network interface.
api-1       | INFO:     172.18.0.1:58446 - "GET /api/v1/runs/11838e7c-934c-4cb5-ba33-e07f35b4f9c5 HTTP/1.1" 200 OK
api-1       | {"api_key_prefix": "evk_5237dfcc3619", "duration_ms": 236.195, "event": "http_request_completed", "level": "info", "method": "GET", "outcome": "success", "path": "/api/v1/runs/11838e7c-934c-4cb5-ba33-e07f35b4f9c5", "request_id": "bae793d0-911a-457a-99e7-add560feadf3", "status_code": 200, "tenant_id": "ab5af908-be70-4f29-8729-5ed3535f4689", "timestamp": "2026-08-07T12:02:47.231624Z", "trace_id": "e11aff98048230662fb740c1a8a0e3a1"}
api-1       | {"claimed": 36, "event": "outbox_dispatch_batch_completed", "lease_lost": 0, "level": "info", "published": 36, "retry_scheduled": 0, "role": "outbox_dispatcher", "timestamp": "2026-08-07T12:02:47.852606Z"}
api-1       | INFO:     172.18.0.1:58446 - "GET /api/v1/runs/11838e7c-934c-4cb5-ba33-e07f35b4f9c5 HTTP/1.1" 200 OK
api-1       | {"api_key_prefix": "evk_5237dfcc3619", "duration_ms": 160.096, "event": "http_request_completed", "level": "info", "method": "GET", "outcome": "success", "path": "/api/v1/runs/11838e7c-934c-4cb5-ba33-e07f35b4f9c5", "request_id": "431e83b9-57c7-4094-8713-4f8cecbe3250", "status_code": 200, "tenant_id": "ab5af908-be70-4f29-8729-5ed3535f4689", "timestamp": "2026-08-07T12:02:47.912950Z", "trace_id": "10e5b6e8481e58b7aa1de1d4ce171743"}
api-1       | {"claimed": 5, "event": "outbox_dispatch_batch_completed", "lease_lost": 0, "level": "info", "published": 5, "retry_scheduled": 0, "role": "outbox_dispatcher", "timestamp": "2026-08-07T12:02:48.370744Z"}
api-1       | INFO:     172.18.0.1:58446 - "GET /api/v1/runs/11838e7c-934c-4cb5-ba33-e07f35b4f9c5 HTTP/1.1" 200 OK
api-1       | {"api_key_prefix": "evk_5237dfcc3619", "duration_ms": 57.35, "event": "http_request_completed", "level": "info", "method": "GET", "outcome": "success", "path": "/api/v1/runs/11838e7c-934c-4cb5-ba33-e07f35b4f9c5", "request_id": "cbea6e73-d412-4f55-905b-29d822ca5fc2", "status_code": 200, "tenant_id": "ab5af908-be70-4f29-8729-5ed3535f4689", "timestamp": "2026-08-07T12:02:48.473048Z", "trace_id": "9125f953d93ac31a2453e33b887cb0a3"}
api-1       | INFO:     172.18.0.1:58446 - "GET /api/v1/runs/11838e7c-934c-4cb5-ba33-e07f35b4f9c5/cases?limit=200&sort=case_id HTTP/1.1" 200 OK
api-1       | {"api_key_prefix": "evk_5237dfcc3619", "duration_ms": 64.834, "event": "http_request_completed", "level": "info", "method": "GET", "outcome": "success", "path": "/api/v1/runs/11838e7c-934c-4cb5-ba33-e07f35b4f9c5/cases", "request_id": "61afab0d-1b1c-42b0-8b2e-203c6bd8882d", "status_code": 200, "tenant_id": "ab5af908-be70-4f29-8729-5ed3535f4689", "timestamp": "2026-08-07T12:02:48.539530Z", "trace_id": "b4e28f9f63cf34303415823117a85170"}
api-1       | INFO:     127.0.0.1:55094 - "GET /metrics HTTP/1.1" 200 OK
api-1       | {"duration_ms": 8.327, "event": "http_request_completed", "level": "info", "method": "GET", "outcome": "success", "path": "/metrics", "request_id": "4c7f798c-43c4-4bc9-8866-468675800414", "status_code": 200, "timestamp": "2026-08-07T12:02:48.936172Z", "trace_id": "7239003ccd49aab635eb1b805e6bb049"}
api-1       | {"event": "Context impl PostgresqlImpl.", "level": "info", "request_id": "0a2d5220-06f5-44bd-a616-506dbf3b2d36", "timestamp": "2026-08-07T12:02:50.264095Z", "trace_id": "de1234a98ff5a85e8b022e67322923bf"}
api-1       | {"event": "Will assume transactional DDL.", "level": "info", "request_id": "0a2d5220-06f5-44bd-a616-506dbf3b2d36", "timestamp": "2026-08-07T12:02:50.264220Z", "trace_id": "de1234a98ff5a85e8b022e67322923bf"}
api-1       | INFO:     127.0.0.1:55108 - "GET /health/ready HTTP/1.1" 200 OK
api-1       | {"duration_ms": 27.939, "event": "http_request_completed", "level": "info", "method": "GET", "outcome": "success", "path": "/health/ready", "request_id": "0a2d5220-06f5-44bd-a616-506dbf3b2d36", "status_code": 200, "timestamp": "2026-08-07T12:02:50.271535Z", "trace_id": "de1234a98ff5a85e8b022e67322923bf"}
api-1       | INFO:     172.18.0.1:58446 - "POST /api/v1/runs HTTP/1.1" 202 Accepted
api-1       | {"api_key_prefix": "evk_5237dfcc3619", "duration_ms": 324.992, "event": "http_request_completed", "level": "info", "method": "POST", "outcome": "success", "path": "/api/v1/runs", "request_id": "6d239844-4eb3-411f-aa98-f0d10901728a", "status_code": 202, "tenant_id": "ab5af908-be70-4f29-8729-5ed3535f4689", "timestamp": "2026-08-07T12:02:50.948993Z", "trace_id": "34f3c72413046692d4f5b91d88ac76a2"}
api-1       | INFO:     172.18.0.1:58446 - "GET /api/v1/runs/f756b41d-b0d7-4522-b370-fe8fa7447389 HTTP/1.1" 200 OK
api-1       | {"api_key_prefix": "evk_5237dfcc3619", "duration_ms": 52.874, "event": "http_request_completed", "level": "info", "method": "GET", "outcome": "success", "path": "/api/v1/runs/f756b41d-b0d7-4522-b370-fe8fa7447389", "request_id": "25da6910-bd4a-4dae-ac11-29af3b6cef1b", "status_code": 200, "tenant_id": "ab5af908-be70-4f29-8729-5ed3535f4689", "timestamp": "2026-08-07T12:02:51.003620Z", "trace_id": "e6721be79266090626bfa2cc68547ea9"}
api-1       | {"claimed": 24, "event": "outbox_dispatch_batch_completed", "lease_lost": 0, "level": "info", "published": 24, "retry_scheduled": 0, "role": "outbox_dispatcher", "timestamp": "2026-08-07T12:02:51.582009Z"}
api-1       | INFO:     172.18.0.1:58446 - "GET /api/v1/runs/f756b41d-b0d7-4522-b370-fe8fa7447389 HTTP/1.1" 200 OK
api-1       | {"api_key_prefix": "evk_5237dfcc3619", "duration_ms": 151.53, "event": "http_request_completed", "level": "info", "method": "GET", "outcome": "success", "path": "/api/v1/runs/f756b41d-b0d7-4522-b370-fe8fa7447389", "request_id": "2cb85361-66f0-446e-b150-904f93ab0f57", "status_code": 200, "tenant_id": "ab5af908-be70-4f29-8729-5ed3535f4689", "timestamp": "2026-08-07T12:02:51.661310Z", "trace_id": "1dfe94b1385288e646afd5eef07354b4"}
api-1       | {"claimed": 50, "event": "outbox_dispatch_batch_completed", "lease_lost": 0, "level": "info", "published": 50, "retry_scheduled": 0, "role": "outbox_dispatcher", "timestamp": "2026-08-07T12:02:52.370560Z"}
api-1       | INFO:     172.18.0.1:58446 - "GET /api/v1/runs/f756b41d-b0d7-4522-b370-fe8fa7447389 HTTP/1.1" 200 OK
api-1       | {"api_key_prefix": "evk_5237dfcc3619", "duration_ms": 286.712, "event": "http_request_completed", "level": "info", "method": "GET", "outcome": "success", "path": "/api/v1/runs/f756b41d-b0d7-4522-b370-fe8fa7447389", "request_id": "52cb3df4-cb10-4591-855c-e01b4ba8d56a", "status_code": 200, "tenant_id": "ab5af908-be70-4f29-8729-5ed3535f4689", "timestamp": "2026-08-07T12:02:52.454738Z", "trace_id": "c44aefcce8b24bd9e00e52e1082162de"}
api-1       | {"claimed": 50, "event": "outbox_dispatch_batch_completed", "lease_lost": 0, "level": "info", "published": 50, "retry_scheduled": 0, "role": "outbox_dispatcher", "timestamp": "2026-08-07T12:02:53.109406Z"}
api-1       | INFO:     172.18.0.1:58446 - "GET /api/v1/runs/f756b41d-b0d7-4522-b370-fe8fa7447389 HTTP/1.1" 200 OK
api-1       | {"api_key_prefix": "evk_5237dfcc3619", "duration_ms": 230.879, "event": "http_request_completed", "level": "info", "method": "GET", "outcome": "success", "path": "/api/v1/runs/f756b41d-b0d7-4522-b370-fe8fa7447389", "request_id": "f8615487-23fb-469a-ae3b-042139761a3f", "status_code": 200, "tenant_id": "ab5af908-be70-4f29-8729-5ed3535f4689", "timestamp": "2026-08-07T12:02:53.190117Z", "trace_id": "e3e1cdee582693c1acfa4ba39f368038"}
api-1       | {"claimed": 50, "event": "outbox_dispatch_batch_completed", "lease_lost": 0, "level": "info", "published": 50, "retry_scheduled": 0, "role": "outbox_dispatcher", "timestamp": "2026-08-07T12:02:53.919714Z"}
api-1       | INFO:     172.18.0.1:58446 - "GET /api/v1/runs/f756b41d-b0d7-4522-b370-fe8fa7447389 HTTP/1.1" 200 OK
api-1       | {"api_key_prefix": "evk_5237dfcc3619", "duration_ms": 272.793, "event": "http_request_completed", "level": "info", "method": "GET", "outcome": "success", "path": "/api/v1/runs/f756b41d-b0d7-4522-b370-fe8fa7447389", "request_id": "7fd77c40-c7a7-462e-96e3-d4e534e31059", "status_code": 200, "tenant_id": "ab5af908-be70-4f29-8729-5ed3535f4689", "timestamp": "2026-08-07T12:02:53.989819Z", "trace_id": "fccd36051ff7e4c8b9f0cdd6ffd8d24e"}
api-1       | {"claimed": 50, "event": "outbox_dispatch_batch_completed", "lease_lost": 0, "level": "info", "published": 50, "retry_scheduled": 0, "role": "outbox_dispatcher", "timestamp": "2026-08-07T12:02:54.687380Z"}
api-1       | INFO:     172.18.0.1:58446 - "GET /api/v1/runs/f756b41d-b0d7-4522-b370-fe8fa7447389 HTTP/1.1" 200 OK
api-1       | {"api_key_prefix": "evk_5237dfcc3619", "duration_ms": 236.007, "event": "http_request_completed", "level": "info", "method": "GET", "outcome": "success", "path": "/api/v1/runs/f756b41d-b0d7-4522-b370-fe8fa7447389", "request_id": "9e344743-9492-4754-ba59-ff5ace9d5018", "status_code": 200, "tenant_id": "ab5af908-be70-4f29-8729-5ed3535f4689", "timestamp": "2026-08-07T12:02:54.760535Z", "trace_id": "291c152d0bfdfc360141ce22ba1283f2"}
api-1       | {"claimed": 50, "event": "outbox_dispatch_batch_completed", "lease_lost": 0, "level": "info", "published": 50, "retry_scheduled": 0, "role": "outbox_dispatcher", "timestamp": "2026-08-07T12:02:55.511850Z"}
api-1       | INFO:     172.18.0.1:58446 - "GET /api/v1/runs/f756b41d-b0d7-4522-b370-fe8fa7447389 HTTP/1.1" 200 OK
api-1       | {"api_key_prefix": "evk_5237dfcc3619", "duration_ms": 386.15, "event": "http_request_completed", "level": "info", "method": "GET", "outcome": "success", "path": "/api/v1/runs/f756b41d-b0d7-4522-b370-fe8fa7447389", "request_id": "f49b9eea-dd1f-4dba-a064-41b6c4322843", "status_code": 200, "tenant_id": "ab5af908-be70-4f29-8729-5ed3535f4689", "timestamp": "2026-08-07T12:02:55.654546Z", "trace_id": "b71f15d3b1dcee6bbbce942ef5895873"}
api-1       | {"event": "Context impl PostgresqlImpl.", "level": "info", "request_id": "b1394311-ebbb-452d-83c3-2f2d2fc725a1", "timestamp": "2026-08-07T12:02:55.813673Z", "trace_id": "6212d245a3ec75a5f01cae0cab82467f"}
api-1       | {"event": "Will assume transactional DDL.", "level": "info", "request_id": "b1394311-ebbb-452d-83c3-2f2d2fc725a1", "timestamp": "2026-08-07T12:02:55.813860Z", "trace_id": "6212d245a3ec75a5f01cae0cab82467f"}
api-1       | INFO:     127.0.0.1:55150 - "GET /health/ready HTTP/1.1" 200 OK
api-1       | {"duration_ms": 33.669, "event": "http_request_completed", "level": "info", "method": "GET", "outcome": "success", "path": "/health/ready", "request_id": "b1394311-ebbb-452d-83c3-2f2d2fc725a1", "status_code": 200, "timestamp": "2026-08-07T12:02:55.825022Z", "trace_id": "6212d245a3ec75a5f01cae0cab82467f"}
api-1       | {"claimed": 50, "event": "outbox_dispatch_batch_completed", "lease_lost": 0, "level": "info", "published": 50, "retry_scheduled": 0, "role": "outbox_dispatcher", "timestamp": "2026-08-07T12:02:56.483864Z"}
api-1       | INFO:     172.18.0.1:58446 - "GET /api/v1/runs/f756b41d-b0d7-4522-b370-fe8fa7447389 HTTP/1.1" 200 OK
api-1       | {"api_key_prefix": "evk_5237dfcc3619", "duration_ms": 351.711, "event": "http_request_completed", "level": "info", "method": "GET", "outcome": "success", "path": "/api/v1/runs/f756b41d-b0d7-4522-b370-fe8fa7447389", "request_id": "2c8d1be1-b141-4fa3-ad24-85be9dbdd379", "status_code": 200, "tenant_id": "ab5af908-be70-4f29-8729-5ed3535f4689", "timestamp": "2026-08-07T12:02:56.555917Z", "trace_id": "840ccb99aa250ac6f4a3052f0f4ed483"}
api-1       | {"claimed": 50, "event": "outbox_dispatch_batch_completed", "lease_lost": 0, "level": "info", "published": 50, "retry_scheduled": 0, "role": "outbox_dispatcher", "timestamp": "2026-08-07T12:02:57.257752Z"}
api-1       | INFO:     172.18.0.1:58446 - "GET /api/v1/runs/f756b41d-b0d7-4522-b370-fe8fa7447389 HTTP/1.1" 200 OK
api-1       | {"api_key_prefix": "evk_5237dfcc3619", "duration_ms": 265.492, "event": "http_request_completed", "level": "info", "method": "GET", "outcome": "success", "path": "/api/v1/runs/f756b41d-b0d7-4522-b370-fe8fa7447389", "request_id": "1c5db720-c0a0-4e30-bd98-9ac515e9f056", "status_code": 200, "tenant_id": "ab5af908-be70-4f29-8729-5ed3535f4689", "timestamp": "2026-08-07T12:02:57.330878Z", "trace_id": "10c41345075a5488df8e15de8bffcb61"}
api-1       | {"claimed": 50, "event": "outbox_dispatch_batch_completed", "lease_lost": 0, "level": "info", "published": 50, "retry_scheduled": 0, "role": "outbox_dispatcher", "timestamp": "2026-08-07T12:02:57.980623Z"}
api-1       | INFO:     172.18.0.1:58446 - "GET /api/v1/runs/f756b41d-b0d7-4522-b370-fe8fa7447389 HTTP/1.1" 200 OK
api-1       | {"api_key_prefix": "evk_5237dfcc3619", "duration_ms": 227.861, "event": "http_request_completed", "level": "info", "method": "GET", "outcome": "success", "path": "/api/v1/runs/f756b41d-b0d7-4522-b370-fe8fa7447389", "request_id": "76750a72-1aba-43db-8ff8-9150dc089815", "status_code": 200, "tenant_id": "ab5af908-be70-4f29-8729-5ed3535f4689", "timestamp": "2026-08-07T12:02:58.063542Z", "trace_id": "b39a1da1c154d4943b44d8e7f161a5e6"}
api-1       | {"claimed": 50, "event": "outbox_dispatch_batch_completed", "lease_lost": 0, "level": "info", "published": 50, "retry_scheduled": 0, "role": "outbox_dispatcher", "timestamp": "2026-08-07T12:02:58.696913Z"}
api-1       | INFO:     172.18.0.1:58446 - "GET /api/v1/runs/f756b41d-b0d7-4522-b370-fe8fa7447389 HTTP/1.1" 200 OK
api-1       | {"api_key_prefix": "evk_5237dfcc3619", "duration_ms": 183.962, "event": "http_request_completed", "level": "info", "method": "GET", "outcome": "success", "path": "/api/v1/runs/f756b41d-b0d7-4522-b370-fe8fa7447389", "request_id": "c262e827-3cf8-45b8-92ac-0601d965df61", "status_code": 200, "tenant_id": "ab5af908-be70-4f29-8729-5ed3535f4689", "timestamp": "2026-08-07T12:02:58.764221Z", "trace_id": "ebe6add106662336f37dfcfd869c8469"}
api-1       | {"claimed": 50, "event": "outbox_dispatch_batch_completed", "lease_lost": 0, "level": "info", "published": 50, "retry_scheduled": 0, "role": "outbox_dispatcher", "timestamp": "2026-08-07T12:02:59.400550Z"}
api-1       | INFO:     172.18.0.1:58446 - "GET /api/v1/runs/f756b41d-b0d7-4522-b370-fe8fa7447389 HTTP/1.1" 200 OK
api-1       | {"api_key_prefix": "evk_5237dfcc3619", "duration_ms": 179.053, "event": "http_request_completed", "level": "info", "method": "GET", "outcome": "success", "path": "/api/v1/runs/f756b41d-b0d7-4522-b370-fe8fa7447389", "request_id": "70def422-350a-48c3-86a5-923a5b033e42", "status_code": 200, "tenant_id": "ab5af908-be70-4f29-8729-5ed3535f4689", "timestamp": "2026-08-07T12:02:59.461632Z", "trace_id": "6b1c42613559ee6ccdce09db421dec3c"}
api-1       | {"claimed": 50, "event": "outbox_dispatch_batch_completed", "lease_lost": 0, "level": "info", "published": 50, "retry_scheduled": 0, "role": "outbox_dispatcher", "timestamp": "2026-08-07T12:03:00.079702Z"}
api-1       | INFO:     172.18.0.1:58446 - "GET /api/v1/runs/f756b41d-b0d7-4522-b370-fe8fa7447389 HTTP/1.1" 200 OK
api-1       | {"api_key_prefix": "evk_5237dfcc3619", "duration_ms": 154.246, "event": "http_request_completed", "level": "info", "method": "GET", "outcome": "success", "path": "/api/v1/runs/f756b41d-b0d7-4522-b370-fe8fa7447389", "request_id": "0dcee4c8-8b0a-408d-93bf-4165b19a82c8", "status_code": 200, "tenant_id": "ab5af908-be70-4f29-8729-5ed3535f4689", "timestamp": "2026-08-07T12:03:00.134642Z", "trace_id": "56a199cf879802e5df6753aaa59759de"}
api-1       | INFO:     172.18.0.1:58446 - "GET /api/v1/runs/f756b41d-b0d7-4522-b370-fe8fa7447389/cases?limit=200&sort=case_id HTTP/1.1" 200 OK
api-1       | {"api_key_prefix": "evk_5237dfcc3619", "duration_ms": 76.007, "event": "http_request_completed", "level": "info", "method": "GET", "outcome": "success", "path": "/api/v1/runs/f756b41d-b0d7-4522-b370-fe8fa7447389/cases", "request_id": "9d2dd59a-8a94-464b-9b9a-abd31aac6407", "status_code": 200, "tenant_id": "ab5af908-be70-4f29-8729-5ed3535f4689", "timestamp": "2026-08-07T12:03:00.212438Z", "trace_id": "61d4c3bc757c13f6b7ce5cb71408fd75"}
api-1       | INFO:     172.18.0.1:58446 - "GET /api/v1/runs/f756b41d-b0d7-4522-b370-fe8fa7447389/cases?limit=200&sort=case_id&cursor=eyJkaXJlY3Rpb24iOiJhc2MiLCJlcnJvcl9jb2RlIjpudWxsLCJqb2JfaWQiOiIzMTdlMWZiMC1kMzA4LTQ1NWEtYWMwNS03ZGI2NzBkMWQ5MjUiLCJtZXRyaWMiOm51bGwsInNvcnQiOiJjYXNlX2lkIiwic3RhdHVzIjpudWxsLCJ2IjoxLCJ2YWx1ZSI6ImxvYWQtMDE5OSJ9 HTTP/1.1" 200 OK
api-1       | {"api_key_prefix": "evk_5237dfcc3619", "duration_ms": 75.453, "event": "http_request_completed", "level": "info", "method": "GET", "outcome": "success", "path": "/api/v1/runs/f756b41d-b0d7-4522-b370-fe8fa7447389/cases", "request_id": "3d9ab471-01ea-41b6-b7a6-2ad566c8eeb2", "status_code": 200, "tenant_id": "ab5af908-be70-4f29-8729-5ed3535f4689", "timestamp": "2026-08-07T12:03:00.290565Z", "trace_id": "bf8bcec1fcdec025828050a26173ba36"}
api-1       | INFO:     172.18.0.1:58446 - "GET /api/v1/runs/f756b41d-b0d7-4522-b370-fe8fa7447389/cases?limit=200&sort=case_id&cursor=eyJkaXJlY3Rpb24iOiJhc2MiLCJlcnJvcl9jb2RlIjpudWxsLCJqb2JfaWQiOiJkNmIxNzVlZC1iOTA1LTRmY2EtYThjMy04MWZlYzQxYjcyODgiLCJtZXRyaWMiOm51bGwsInNvcnQiOiJjYXNlX2lkIiwic3RhdHVzIjpudWxsLCJ2IjoxLCJ2YWx1ZSI6ImxvYWQtMDM5OSJ9 HTTP/1.1" 200 OK
api-1       | {"api_key_prefix": "evk_5237dfcc3619", "duration_ms": 68.677, "event": "http_request_completed", "level": "info", "method": "GET", "outcome": "success", "path": "/api/v1/runs/f756b41d-b0d7-4522-b370-fe8fa7447389/cases", "request_id": "8f811784-9f1e-4653-9d71-aa80946bfa49", "status_code": 200, "tenant_id": "ab5af908-be70-4f29-8729-5ed3535f4689", "timestamp": "2026-08-07T12:03:00.361730Z", "trace_id": "9bde824d0cf6655d0961ed36f582bdfd"}
api-1       | {"claimed": 50, "event": "outbox_dispatch_batch_completed", "lease_lost": 0, "level": "info", "published": 50, "retry_scheduled": 0, "role": "outbox_dispatcher", "timestamp": "2026-08-07T12:03:01.011683Z"}
api-1       | INFO:     127.0.0.1:42292 - "GET /metrics HTTP/1.1" 200 OK
api-1       | {"duration_ms": 94.207, "event": "http_request_completed", "level": "info", "method": "GET", "outcome": "success", "path": "/metrics", "request_id": "e691c90c-ee63-4e00-81e1-c158de7898af", "status_code": 200, "timestamp": "2026-08-07T12:03:01.033778Z", "trace_id": "fb6ea2e22bf1d61c02c3dd0c3752c586"}
api-1       | {"event": "Context impl PostgresqlImpl.", "level": "info", "request_id": "17ced1ed-5738-46ab-b7ea-8c2645b1cf1e", "timestamp": "2026-08-07T12:03:01.307752Z", "trace_id": "d54a8038d3e281bdc5bdab9f363417d4"}
api-1       | {"event": "Will assume transactional DDL.", "level": "info", "request_id": "17ced1ed-5738-46ab-b7ea-8c2645b1cf1e", "timestamp": "2026-08-07T12:03:01.307908Z", "trace_id": "d54a8038d3e281bdc5bdab9f363417d4"}
api-1       | INFO:     127.0.0.1:42300 - "GET /health/ready HTTP/1.1" 200 OK
api-1       | {"duration_ms": 24.602, "event": "http_request_completed", "level": "info", "method": "GET", "outcome": "success", "path": "/health/ready", "request_id": "17ced1ed-5738-46ab-b7ea-8c2645b1cf1e", "status_code": 200, "timestamp": "2026-08-07T12:03:01.316609Z", "trace_id": "d54a8038d3e281bdc5bdab9f363417d4"}
api-1       | {"claimed": 50, "event": "outbox_dispatch_batch_completed", "lease_lost": 0, "level": "info", "published": 50, "retry_scheduled": 0, "role": "outbox_dispatcher", "timestamp": "2026-08-07T12:03:01.694204Z"}
api-1       | {"claimed": 50, "event": "outbox_dispatch_batch_completed", "lease_lost": 0, "level": "info", "published": 50, "retry_scheduled": 0, "role": "outbox_dispatcher", "timestamp": "2026-08-07T12:03:02.392534Z"}
api-1       | {"claimed": 50, "event": "outbox_dispatch_batch_completed", "lease_lost": 0, "level": "info", "published": 50, "retry_scheduled": 0, "role": "outbox_dispatcher", "timestamp": "2026-08-07T12:03:03.078567Z"}
api-1       | {"claimed": 50, "event": "outbox_dispatch_batch_completed", "lease_lost": 0, "level": "info", "published": 50, "retry_scheduled": 0, "role": "outbox_dispatcher", "timestamp": "2026-08-07T12:03:03.753458Z"}
api-1       | {"claimed": 50, "event": "outbox_dispatch_batch_completed", "lease_lost": 0, "level": "info", "published": 50, "retry_scheduled": 0, "role": "outbox_dispatcher", "timestamp": "2026-08-07T12:03:04.461345Z"}
api-1       | {"claimed": 50, "event": "outbox_dispatch_batch_completed", "lease_lost": 0, "level": "info", "published": 50, "retry_scheduled": 0, "role": "outbox_dispatcher", "timestamp": "2026-08-07T12:03:05.192787Z"}
api-1       | {"claimed": 50, "event": "outbox_dispatch_batch_completed", "lease_lost": 0, "level": "info", "published": 50, "retry_scheduled": 0, "role": "outbox_dispatcher", "timestamp": "2026-08-07T12:03:05.862899Z"}
api-1       | {"claimed": 50, "event": "outbox_dispatch_batch_completed", "lease_lost": 0, "level": "info", "published": 50, "retry_scheduled": 0, "role": "outbox_dispatcher", "timestamp": "2026-08-07T12:03:06.915720Z"}
api-1       | {"event": "Context impl PostgresqlImpl.", "level": "info", "request_id": "89f3245e-31bd-4aba-86d4-cc9912367ea9", "timestamp": "2026-08-07T12:03:06.944281Z", "trace_id": "179c280471c5c647d73e3672e0e56f76"}
api-1       | {"event": "Will assume transactional DDL.", "level": "info", "request_id": "89f3245e-31bd-4aba-86d4-cc9912367ea9", "timestamp": "2026-08-07T12:03:06.944421Z", "trace_id": "179c280471c5c647d73e3672e0e56f76"}
api-1       | INFO:     127.0.0.1:60170 - "GET /health/ready HTTP/1.1" 200 OK
api-1       | {"duration_ms": 27.735, "event": "http_request_completed", "level": "info", "method": "GET", "outcome": "success", "path": "/health/ready", "request_id": "89f3245e-31bd-4aba-86d4-cc9912367ea9", "status_code": 200, "timestamp": "2026-08-07T12:03:06.952110Z", "trace_id": "179c280471c5c647d73e3672e0e56f76"}
api-1       | {"claimed": 28, "event": "outbox_dispatch_batch_completed", "lease_lost": 0, "level": "info", "published": 28, "retry_scheduled": 0, "role": "outbox_dispatcher", "timestamp": "2026-08-07T12:03:07.561628Z"}
api-1       | INFO:     172.18.0.1:43016 - "POST /api/v1/runs HTTP/1.1" 202 Accepted
api-1       | {"api_key_prefix": "evk_5237dfcc3619", "duration_ms": 87.249, "event": "http_request_completed", "level": "info", "method": "POST", "outcome": "success", "path": "/api/v1/runs", "request_id": "7b5a140e-faab-46d2-803e-74eb9695f6f9", "status_code": 202, "tenant_id": "ab5af908-be70-4f29-8729-5ed3535f4689", "timestamp": "2026-08-07T12:03:07.716905Z", "trace_id": "58d34834b05fbe0d34593af4cbf7e72b"}
api-1       | INFO:     172.18.0.1:43016 - "GET /api/v1/runs/9d31c0b2-a7a0-4d16-98f7-bef51480d137 HTTP/1.1" 200 OK
api-1       | {"api_key_prefix": "evk_5237dfcc3619", "duration_ms": 52.963, "event": "http_request_completed", "level": "info", "method": "GET", "outcome": "success", "path": "/api/v1/runs/9d31c0b2-a7a0-4d16-98f7-bef51480d137", "request_id": "9780253e-d7bb-4027-abac-fad0cec0b4af", "status_code": 200, "tenant_id": "ab5af908-be70-4f29-8729-5ed3535f4689", "timestamp": "2026-08-07T12:03:07.771482Z", "trace_id": "53e459d6109b956b58424d2d31fe7aab"}
api-1       | {"claimed": 12, "event": "outbox_dispatch_batch_completed", "lease_lost": 0, "level": "info", "published": 12, "retry_scheduled": 0, "role": "outbox_dispatcher", "timestamp": "2026-08-07T12:03:08.141151Z"}
api-1       | INFO:     172.18.0.1:43016 - "GET /api/v1/runs/9d31c0b2-a7a0-4d16-98f7-bef51480d137 HTTP/1.1" 200 OK
api-1       | {"api_key_prefix": "evk_5237dfcc3619", "duration_ms": 58.025, "event": "http_request_completed", "level": "info", "method": "GET", "outcome": "success", "path": "/api/v1/runs/9d31c0b2-a7a0-4d16-98f7-bef51480d137", "request_id": "67931b36-5fb0-49fd-98e5-0a562e0d49e9", "status_code": 200, "tenant_id": "ab5af908-be70-4f29-8729-5ed3535f4689", "timestamp": "2026-08-07T12:03:08.332207Z", "trace_id": "c3b436cb94d3e95df1168eb80f3c7778"}
api-1       | {"claimed": 30, "event": "outbox_dispatch_batch_completed", "lease_lost": 0, "level": "info", "published": 30, "retry_scheduled": 0, "role": "outbox_dispatcher", "timestamp": "2026-08-07T12:03:08.772640Z"}
api-1       | INFO:     172.18.0.1:43016 - "GET /api/v1/runs/9d31c0b2-a7a0-4d16-98f7-bef51480d137 HTTP/1.1" 200 OK
api-1       | {"api_key_prefix": "evk_5237dfcc3619", "duration_ms": 58.997, "event": "http_request_completed", "level": "info", "method": "GET", "outcome": "success", "path": "/api/v1/runs/9d31c0b2-a7a0-4d16-98f7-bef51480d137", "request_id": "b5249b8f-89ca-4321-a842-5333fd1ec3df", "status_code": 200, "tenant_id": "ab5af908-be70-4f29-8729-5ed3535f4689", "timestamp": "2026-08-07T12:03:08.893988Z", "trace_id": "da6337f18bcd1e7d68192a9ce11e4448"}
api-1       | {"claimed": 30, "event": "outbox_dispatch_batch_completed", "lease_lost": 0, "level": "info", "published": 30, "retry_scheduled": 0, "role": "outbox_dispatcher", "timestamp": "2026-08-07T12:03:09.462446Z"}
api-1       | INFO:     172.18.0.1:43016 - "GET /api/v1/runs/9d31c0b2-a7a0-4d16-98f7-bef51480d137 HTTP/1.1" 200 OK
api-1       | {"api_key_prefix": "evk_5237dfcc3619", "duration_ms": 126.922, "event": "http_request_completed", "level": "info", "method": "GET", "outcome": "success", "path": "/api/v1/runs/9d31c0b2-a7a0-4d16-98f7-bef51480d137", "request_id": "e5d6fa35-b5bb-4091-8273-4938aad8da7a", "status_code": 200, "tenant_id": "ab5af908-be70-4f29-8729-5ed3535f4689", "timestamp": "2026-08-07T12:03:09.524979Z", "trace_id": "1b156c16dfb40184cd29523176b44796"}
api-1       | {"claimed": 30, "event": "outbox_dispatch_batch_completed", "lease_lost": 0, "level": "info", "published": 30, "retry_scheduled": 0, "role": "outbox_dispatcher", "timestamp": "2026-08-07T12:03:10.086211Z"}
api-1       | INFO:     172.18.0.1:43016 - "GET /api/v1/runs/9d31c0b2-a7a0-4d16-98f7-bef51480d137 HTTP/1.1" 200 OK
api-1       | {"api_key_prefix": "evk_5237dfcc3619", "duration_ms": 113.456, "event": "http_request_completed", "level": "info", "method": "GET", "outcome": "success", "path": "/api/v1/runs/9d31c0b2-a7a0-4d16-98f7-bef51480d137", "request_id": "0b67b8a2-ebf2-41d7-b71b-4fa7c9fb90e3", "status_code": 200, "tenant_id": "ab5af908-be70-4f29-8729-5ed3535f4689", "timestamp": "2026-08-07T12:03:10.159449Z", "trace_id": "b1addac9d8d8215a522c1596203221bd"}
api-1       | {"claimed": 1, "event": "outbox_dispatch_batch_completed", "lease_lost": 0, "level": "info", "published": 1, "retry_scheduled": 0, "role": "outbox_dispatcher", "timestamp": "2026-08-07T12:03:10.595786Z"}
api-1       | INFO:     172.18.0.1:43016 - "GET /api/v1/runs/9d31c0b2-a7a0-4d16-98f7-bef51480d137 HTTP/1.1" 200 OK
api-1       | {"api_key_prefix": "evk_5237dfcc3619", "duration_ms": 52.398, "event": "http_request_completed", "level": "info", "method": "GET", "outcome": "success", "path": "/api/v1/runs/9d31c0b2-a7a0-4d16-98f7-bef51480d137", "request_id": "902a45e2-8e71-4025-b75f-b79298d8f067", "status_code": 200, "tenant_id": "ab5af908-be70-4f29-8729-5ed3535f4689", "timestamp": "2026-08-07T12:03:10.714521Z", "trace_id": "20582c362cf620adab13ce59b5600749"}
api-1       | {"claimed": 3, "event": "outbox_dispatch_batch_completed", "lease_lost": 0, "level": "info", "published": 3, "retry_scheduled": 0, "role": "outbox_dispatcher", "timestamp": "2026-08-07T12:03:11.107176Z"}
api-1       | INFO:     172.18.0.1:43016 - "GET /api/v1/runs/9d31c0b2-a7a0-4d16-98f7-bef51480d137 HTTP/1.1" 200 OK
api-1       | {"api_key_prefix": "evk_5237dfcc3619", "duration_ms": 57.474, "event": "http_request_completed", "level": "info", "method": "GET", "outcome": "success", "path": "/api/v1/runs/9d31c0b2-a7a0-4d16-98f7-bef51480d137", "request_id": "af05a368-fff5-41bc-8bff-a6c7b2dd036e", "status_code": 200, "tenant_id": "ab5af908-be70-4f29-8729-5ed3535f4689", "timestamp": "2026-08-07T12:03:11.274672Z", "trace_id": "195bb13fe892f8b66b139f772b3db649"}
api-1       | INFO:     172.18.0.1:43016 - "GET /api/v1/runs/9d31c0b2-a7a0-4d16-98f7-bef51480d137/cases?limit=200&sort=case_id HTTP/1.1" 200 OK
api-1       | {"api_key_prefix": "evk_5237dfcc3619", "duration_ms": 60.256, "event": "http_request_completed", "level": "info", "method": "GET", "outcome": "success", "path": "/api/v1/runs/9d31c0b2-a7a0-4d16-98f7-bef51480d137/cases", "request_id": "3d6867f6-c087-473f-ac5e-e980cde93e2c", "status_code": 200, "tenant_id": "ab5af908-be70-4f29-8729-5ed3535f4689", "timestamp": "2026-08-07T12:03:11.336543Z", "trace_id": "263570ca76de36f33d5081dc299df81a"}
api-1       | INFO:     127.0.0.1:60194 - "GET /metrics HTTP/1.1" 200 OK
api-1       | {"duration_ms": 8.407, "event": "http_request_completed", "level": "info", "method": "GET", "outcome": "success", "path": "/metrics", "request_id": "3cae8424-c8f5-4e87-b086-49d878d833f5", "status_code": 200, "timestamp": "2026-08-07T12:03:11.737506Z", "trace_id": "fbe5d012d254f8b351d89ae3a6655c36"}
api-1       | {"event": "Context impl PostgresqlImpl.", "level": "info", "request_id": "bc1156b4-7db1-420c-838e-316946d57f3b", "timestamp": "2026-08-07T12:03:12.274220Z", "trace_id": "2a4e05835dc96776c68a9de437ffcbb7"}
api-1       | {"event": "Will assume transactional DDL.", "level": "info", "request_id": "bc1156b4-7db1-420c-838e-316946d57f3b", "timestamp": "2026-08-07T12:03:12.274365Z", "trace_id": "2a4e05835dc96776c68a9de437ffcbb7"}
api-1       | INFO:     127.0.0.1:60210 - "GET /health/ready HTTP/1.1" 200 OK
api-1       | {"duration_ms": 23.389, "event": "http_request_completed", "level": "info", "method": "GET", "outcome": "success", "path": "/health/ready", "request_id": "bc1156b4-7db1-420c-838e-316946d57f3b", "status_code": 200, "timestamp": "2026-08-07T12:03:12.281951Z", "trace_id": "2a4e05835dc96776c68a9de437ffcbb7"}
api-1       | INFO:     172.18.0.1:43016 - "POST /api/v1/runs HTTP/1.1" 202 Accepted
api-1       | {"api_key_prefix": "evk_5237dfcc3619", "duration_ms": 196.792, "event": "http_request_completed", "level": "info", "method": "POST", "outcome": "success", "path": "/api/v1/runs", "request_id": "2659334a-95dd-44c0-83db-744eaea1cbc9", "status_code": 202, "tenant_id": "ab5af908-be70-4f29-8729-5ed3535f4689", "timestamp": "2026-08-07T12:03:12.564264Z", "trace_id": "48d3559a62cb24057bad8e8a132f8ff3"}
api-1       | INFO:     172.18.0.1:43016 - "GET /api/v1/runs/e6f91daf-5744-4b7e-86ad-23a44e468373 HTTP/1.1" 200 OK
api-1       | {"api_key_prefix": "evk_5237dfcc3619", "duration_ms": 54.448, "event": "http_request_completed", "level": "info", "method": "GET", "outcome": "success", "path": "/api/v1/runs/e6f91daf-5744-4b7e-86ad-23a44e468373", "request_id": "88ca9513-e769-4d50-855b-efd77df7697c", "status_code": 200, "tenant_id": "ab5af908-be70-4f29-8729-5ed3535f4689", "timestamp": "2026-08-07T12:03:12.620369Z", "trace_id": "f513419dc604cb8c87b79b46d5878c86"}
api-1       | {"claimed": 4, "event": "outbox_dispatch_batch_completed", "lease_lost": 0, "level": "info", "published": 4, "retry_scheduled": 0, "role": "outbox_dispatcher", "timestamp": "2026-08-07T12:03:13.139220Z"}
api-1       | INFO:     172.18.0.1:43016 - "GET /api/v1/runs/e6f91daf-5744-4b7e-86ad-23a44e468373 HTTP/1.1" 200 OK
api-1       | {"api_key_prefix": "evk_5237dfcc3619", "duration_ms": 62.298, "event": "http_request_completed", "level": "info", "method": "GET", "outcome": "success", "path": "/api/v1/runs/e6f91daf-5744-4b7e-86ad-23a44e468373", "request_id": "4dea07ce-9280-4449-a9c5-36502f091caa", "status_code": 200, "tenant_id": "ab5af908-be70-4f29-8729-5ed3535f4689", "timestamp": "2026-08-07T12:03:13.186252Z", "trace_id": "1b735892706dc625768923f5412b52a4"}
api-1       | {"claimed": 26, "event": "outbox_dispatch_batch_completed", "lease_lost": 0, "level": "info", "published": 26, "retry_scheduled": 0, "role": "outbox_dispatcher", "timestamp": "2026-08-07T12:03:13.855366Z"}
api-1       | INFO:     172.18.0.1:43016 - "GET /api/v1/runs/e6f91daf-5744-4b7e-86ad-23a44e468373 HTTP/1.1" 200 OK
api-1       | {"api_key_prefix": "evk_5237dfcc3619", "duration_ms": 186.542, "event": "http_request_completed", "level": "info", "method": "GET", "outcome": "success", "path": "/api/v1/runs/e6f91daf-5744-4b7e-86ad-23a44e468373", "request_id": "d061ccf6-a40a-4048-b22d-0f99522290ca", "status_code": 200, "tenant_id": "ab5af908-be70-4f29-8729-5ed3535f4689", "timestamp": "2026-08-07T12:03:13.913769Z", "trace_id": "399e604fd0ede3e3d3abbe1df7826afa"}
api-1       | {"claimed": 31, "event": "outbox_dispatch_batch_completed", "lease_lost": 0, "level": "info", "published": 31, "retry_scheduled": 0, "role": "outbox_dispatcher", "timestamp": "2026-08-07T12:03:14.553622Z"}
api-1       | INFO:     172.18.0.1:43016 - "GET /api/v1/runs/e6f91daf-5744-4b7e-86ad-23a44e468373 HTTP/1.1" 200 OK
api-1       | {"api_key_prefix": "evk_5237dfcc3619", "duration_ms": 221.218, "event": "http_request_completed", "level": "info", "method": "GET", "outcome": "success", "path": "/api/v1/runs/e6f91daf-5744-4b7e-86ad-23a44e468373", "request_id": "1585e54c-968a-4fd3-950b-5c4f1d3b9060", "status_code": 200, "tenant_id": "ab5af908-be70-4f29-8729-5ed3535f4689", "timestamp": "2026-08-07T12:03:14.656253Z", "trace_id": "7af5822fd2147e9864bd6235f20b1a59"}
api-1       | {"claimed": 25, "event": "outbox_dispatch_batch_completed", "lease_lost": 0, "level": "info", "published": 25, "retry_scheduled": 0, "role": "outbox_dispatcher", "timestamp": "2026-08-07T12:03:15.180950Z"}
api-1       | INFO:     172.18.0.1:43016 - "GET /api/v1/runs/e6f91daf-5744-4b7e-86ad-23a44e468373 HTTP/1.1" 200 OK
api-1       | {"api_key_prefix": "evk_5237dfcc3619", "duration_ms": 94.178, "event": "http_request_completed", "level": "info", "method": "GET", "outcome": "success", "path": "/api/v1/runs/e6f91daf-5744-4b7e-86ad-23a44e468373", "request_id": "cb3b2633-6071-4020-8530-cced22d1e7bd", "status_code": 200, "tenant_id": "ab5af908-be70-4f29-8729-5ed3535f4689", "timestamp": "2026-08-07T12:03:15.257388Z", "trace_id": "df5459c834de9fb71571c49f3541eb37"}
api-1       | {"claimed": 28, "event": "outbox_dispatch_batch_completed", "lease_lost": 0, "level": "info", "published": 28, "retry_scheduled": 0, "role": "outbox_dispatcher", "timestamp": "2026-08-07T12:03:15.861398Z"}
api-1       | INFO:     172.18.0.1:43016 - "GET /api/v1/runs/e6f91daf-5744-4b7e-86ad-23a44e468373 HTTP/1.1" 200 OK
api-1       | {"api_key_prefix": "evk_5237dfcc3619", "duration_ms": 141.31, "event": "http_request_completed", "level": "info", "method": "GET", "outcome": "success", "path": "/api/v1/runs/e6f91daf-5744-4b7e-86ad-23a44e468373", "request_id": "d3300a80-b61f-4ce9-8d2f-d5b3db45acb4", "status_code": 200, "tenant_id": "ab5af908-be70-4f29-8729-5ed3535f4689", "timestamp": "2026-08-07T12:03:15.918163Z", "trace_id": "b8eacc44bb24e9a4275884453839e400"}
api-1       | {"claimed": 29, "event": "outbox_dispatch_batch_completed", "lease_lost": 0, "level": "info", "published": 29, "retry_scheduled": 0, "role": "outbox_dispatcher", "timestamp": "2026-08-07T12:03:16.550289Z"}
api-1       | INFO:     172.18.0.1:43016 - "GET /api/v1/runs/e6f91daf-5744-4b7e-86ad-23a44e468373 HTTP/1.1" 200 OK
api-1       | {"api_key_prefix": "evk_5237dfcc3619", "duration_ms": 123.065, "event": "http_request_completed", "level": "info", "method": "GET", "outcome": "success", "path": "/api/v1/runs/e6f91daf-5744-4b7e-86ad-23a44e468373", "request_id": "ccf570b2-1d0c-444b-8fbd-cda1872f1634", "status_code": 200, "tenant_id": "ab5af908-be70-4f29-8729-5ed3535f4689", "timestamp": "2026-08-07T12:03:16.562868Z", "trace_id": "11b683051e06aef0a87aea1f1c9f2b01"}
api-1       | {"claimed": 31, "event": "outbox_dispatch_batch_completed", "lease_lost": 0, "level": "info", "published": 31, "retry_scheduled": 0, "role": "outbox_dispatcher", "timestamp": "2026-08-07T12:03:17.187646Z"}
api-1       | INFO:     172.18.0.1:43016 - "GET /api/v1/runs/e6f91daf-5744-4b7e-86ad-23a44e468373 HTTP/1.1" 200 OK
api-1       | {"api_key_prefix": "evk_5237dfcc3619", "duration_ms": 172.085, "event": "http_request_completed", "level": "info", "method": "GET", "outcome": "success", "path": "/api/v1/runs/e6f91daf-5744-4b7e-86ad-23a44e468373", "request_id": "2fa69ae8-683f-4bf6-bb0d-2e7b844d4f34", "status_code": 200, "tenant_id": "ab5af908-be70-4f29-8729-5ed3535f4689", "timestamp": "2026-08-07T12:03:17.255497Z", "trace_id": "560a6c78249cb47b51b5cecff0e6ff76"}
api-1       | {"event": "Context impl PostgresqlImpl.", "level": "info", "request_id": "b2c1854c-285c-4a65-b446-9ecdc582bb37", "timestamp": "2026-08-07T12:03:17.596948Z", "trace_id": "ac464987f597ccd3e1d201ab4c499685"}
api-1       | {"event": "Will assume transactional DDL.", "level": "info", "request_id": "b2c1854c-285c-4a65-b446-9ecdc582bb37", "timestamp": "2026-08-07T12:03:17.597070Z", "trace_id": "ac464987f597ccd3e1d201ab4c499685"}
api-1       | INFO:     127.0.0.1:50278 - "GET /health/ready HTTP/1.1" 200 OK
api-1       | {"duration_ms": 25.974, "event": "http_request_completed", "level": "info", "method": "GET", "outcome": "success", "path": "/health/ready", "request_id": "b2c1854c-285c-4a65-b446-9ecdc582bb37", "status_code": 200, "timestamp": "2026-08-07T12:03:17.604219Z", "trace_id": "ac464987f597ccd3e1d201ab4c499685"}
api-1       | {"claimed": 28, "event": "outbox_dispatch_batch_completed", "lease_lost": 0, "level": "info", "published": 28, "retry_scheduled": 0, "role": "outbox_dispatcher", "timestamp": "2026-08-07T12:03:17.849333Z"}
api-1       | INFO:     172.18.0.1:43016 - "GET /api/v1/runs/e6f91daf-5744-4b7e-86ad-23a44e468373 HTTP/1.1" 200 OK
api-1       | {"api_key_prefix": "evk_5237dfcc3619", "duration_ms": 154.447, "event": "http_request_completed", "level": "info", "method": "GET", "outcome": "success", "path": "/api/v1/runs/e6f91daf-5744-4b7e-86ad-23a44e468373", "request_id": "d5bc77ec-66c8-4879-9ca1-43eeef608bde", "status_code": 200, "tenant_id": "ab5af908-be70-4f29-8729-5ed3535f4689", "timestamp": "2026-08-07T12:03:17.922690Z", "trace_id": "8533ad898c372b91a979e10120307043"}
api-1       | {"claimed": 30, "event": "outbox_dispatch_batch_completed", "lease_lost": 0, "level": "info", "published": 30, "retry_scheduled": 0, "role": "outbox_dispatcher", "timestamp": "2026-08-07T12:03:18.491744Z"}
api-1       | INFO:     172.18.0.1:43016 - "GET /api/v1/runs/e6f91daf-5744-4b7e-86ad-23a44e468373 HTTP/1.1" 200 OK
api-1       | {"api_key_prefix": "evk_5237dfcc3619", "duration_ms": 114.214, "event": "http_request_completed", "level": "info", "method": "GET", "outcome": "success", "path": "/api/v1/runs/e6f91daf-5744-4b7e-86ad-23a44e468373", "request_id": "db284774-c1c7-4b9c-bd01-017e112a750f", "status_code": 200, "tenant_id": "ab5af908-be70-4f29-8729-5ed3535f4689", "timestamp": "2026-08-07T12:03:18.554963Z", "trace_id": "81e50f65672bbc93d173b8be728c7e6a"}
api-1       | {"claimed": 27, "event": "outbox_dispatch_batch_completed", "lease_lost": 0, "level": "info", "published": 27, "retry_scheduled": 0, "role": "outbox_dispatcher", "timestamp": "2026-08-07T12:03:19.162076Z"}
api-1       | INFO:     172.18.0.1:43016 - "GET /api/v1/runs/e6f91daf-5744-4b7e-86ad-23a44e468373 HTTP/1.1" 200 OK
api-1       | {"api_key_prefix": "evk_5237dfcc3619", "duration_ms": 96.761, "event": "http_request_completed", "level": "info", "method": "GET", "outcome": "success", "path": "/api/v1/runs/e6f91daf-5744-4b7e-86ad-23a44e468373", "request_id": "3b88e069-1071-4cc6-bf11-6744d93318c1", "status_code": 200, "tenant_id": "ab5af908-be70-4f29-8729-5ed3535f4689", "timestamp": "2026-08-07T12:03:19.174368Z", "trace_id": "cf1919bee6e4329a482708ae710f7908"}
api-1       | {"claimed": 31, "event": "outbox_dispatch_batch_completed", "lease_lost": 0, "level": "info", "published": 31, "retry_scheduled": 0, "role": "outbox_dispatcher", "timestamp": "2026-08-07T12:03:19.862445Z"}
api-1       | INFO:     172.18.0.1:43016 - "GET /api/v1/runs/e6f91daf-5744-4b7e-86ad-23a44e468373 HTTP/1.1" 200 OK
api-1       | {"api_key_prefix": "evk_5237dfcc3619", "duration_ms": 196.049, "event": "http_request_completed", "level": "info", "method": "GET", "outcome": "success", "path": "/api/v1/runs/e6f91daf-5744-4b7e-86ad-23a44e468373", "request_id": "670a7e0a-6e95-4c43-9b93-e511d3b579d2", "status_code": 200, "tenant_id": "ab5af908-be70-4f29-8729-5ed3535f4689", "timestamp": "2026-08-07T12:03:19.873631Z", "trace_id": "172fd073e5209cbe26757dae38c660e2"}
api-1       | {"claimed": 34, "event": "outbox_dispatch_batch_completed", "lease_lost": 0, "level": "info", "published": 34, "retry_scheduled": 0, "role": "outbox_dispatcher", "timestamp": "2026-08-07T12:03:20.551085Z"}
api-1       | INFO:     172.18.0.1:43016 - "GET /api/v1/runs/e6f91daf-5744-4b7e-86ad-23a44e468373 HTTP/1.1" 200 OK
api-1       | {"api_key_prefix": "evk_5237dfcc3619", "duration_ms": 224.953, "event": "http_request_completed", "level": "info", "method": "GET", "outcome": "success", "path": "/api/v1/runs/e6f91daf-5744-4b7e-86ad-23a44e468373", "request_id": "5c44ecdc-7475-4939-b5e3-51a51a43ce1d", "status_code": 200, "tenant_id": "ab5af908-be70-4f29-8729-5ed3535f4689", "timestamp": "2026-08-07T12:03:20.612299Z", "trace_id": "d32c9720b186e68d1af1b911cb4842b5"}
api-1       | {"claimed": 30, "event": "outbox_dispatch_batch_completed", "lease_lost": 0, "level": "info", "published": 30, "retry_scheduled": 0, "role": "outbox_dispatcher", "timestamp": "2026-08-07T12:03:21.179035Z"}
api-1       | INFO:     172.18.0.1:43016 - "GET /api/v1/runs/e6f91daf-5744-4b7e-86ad-23a44e468373 HTTP/1.1" 200 OK
api-1       | {"api_key_prefix": "evk_5237dfcc3619", "duration_ms": 100.382, "event": "http_request_completed", "level": "info", "method": "GET", "outcome": "success", "path": "/api/v1/runs/e6f91daf-5744-4b7e-86ad-23a44e468373", "request_id": "70a3ae42-7971-4d54-ac5a-7a9c675b4b88", "status_code": 200, "tenant_id": "ab5af908-be70-4f29-8729-5ed3535f4689", "timestamp": "2026-08-07T12:03:21.231604Z", "trace_id": "7bf5aedba754798414584840488e27cf"}
api-1       | {"claimed": 31, "event": "outbox_dispatch_batch_completed", "lease_lost": 0, "level": "info", "published": 31, "retry_scheduled": 0, "role": "outbox_dispatcher", "timestamp": "2026-08-07T12:03:21.855571Z"}
api-1       | INFO:     172.18.0.1:43016 - "GET /api/v1/runs/e6f91daf-5744-4b7e-86ad-23a44e468373 HTTP/1.1" 200 OK
api-1       | {"api_key_prefix": "evk_5237dfcc3619", "duration_ms": 161.5, "event": "http_request_completed", "level": "info", "method": "GET", "outcome": "success", "path": "/api/v1/runs/e6f91daf-5744-4b7e-86ad-23a44e468373", "request_id": "38fc2178-4f29-4549-b5e9-16b83aaa4983", "status_code": 200, "tenant_id": "ab5af908-be70-4f29-8729-5ed3535f4689", "timestamp": "2026-08-07T12:03:21.920567Z", "trace_id": "7fc6059214db7309a9140974512af1f1"}
api-1       | {"claimed": 30, "event": "outbox_dispatch_batch_completed", "lease_lost": 0, "level": "info", "published": 30, "retry_scheduled": 0, "role": "outbox_dispatcher", "timestamp": "2026-08-07T12:03:22.485101Z"}
api-1       | INFO:     172.18.0.1:43016 - "GET /api/v1/runs/e6f91daf-5744-4b7e-86ad-23a44e468373 HTTP/1.1" 200 OK
api-1       | {"api_key_prefix": "evk_5237dfcc3619", "duration_ms": 117.8, "event": "http_request_completed", "level": "info", "method": "GET", "outcome": "success", "path": "/api/v1/runs/e6f91daf-5744-4b7e-86ad-23a44e468373", "request_id": "dab1e4a0-7529-4b0c-bc5f-5845def27ce2", "status_code": 200, "tenant_id": "ab5af908-be70-4f29-8729-5ed3535f4689", "timestamp": "2026-08-07T12:03:22.559607Z", "trace_id": "19882bd1dd2102326b66d67c52656e56"}
api-1       | {"event": "Context impl PostgresqlImpl.", "level": "info", "request_id": "474d5089-4a13-45c9-b199-3450e56d491e", "timestamp": "2026-08-07T12:03:22.917552Z", "trace_id": "559a7b5f4165dd7c0e14f078d95ce55c"}
api-1       | {"event": "Will assume transactional DDL.", "level": "info", "request_id": "474d5089-4a13-45c9-b199-3450e56d491e", "timestamp": "2026-08-07T12:03:22.917678Z", "trace_id": "559a7b5f4165dd7c0e14f078d95ce55c"}
api-1       | INFO:     127.0.0.1:50282 - "GET /health/ready HTTP/1.1" 200 OK
api-1       | {"duration_ms": 22.063, "event": "http_request_completed", "level": "info", "method": "GET", "outcome": "success", "path": "/health/ready", "request_id": "474d5089-4a13-45c9-b199-3450e56d491e", "status_code": 200, "timestamp": "2026-08-07T12:03:22.924628Z", "trace_id": "559a7b5f4165dd7c0e14f078d95ce55c"}
api-1       | {"claimed": 27, "event": "outbox_dispatch_batch_completed", "lease_lost": 0, "level": "info", "published": 27, "retry_scheduled": 0, "role": "outbox_dispatcher", "timestamp": "2026-08-07T12:03:23.169639Z"}
api-1       | INFO:     172.18.0.1:43016 - "GET /api/v1/runs/e6f91daf-5744-4b7e-86ad-23a44e468373 HTTP/1.1" 200 OK
api-1       | {"api_key_prefix": "evk_5237dfcc3619", "duration_ms": 145.966, "event": "http_request_completed", "level": "info", "method": "GET", "outcome": "success", "path": "/api/v1/runs/e6f91daf-5744-4b7e-86ad-23a44e468373", "request_id": "81fb88a3-5778-4975-a333-89357fdf43b9", "status_code": 200, "tenant_id": "ab5af908-be70-4f29-8729-5ed3535f4689", "timestamp": "2026-08-07T12:03:23.224785Z", "trace_id": "d57a3ad0350d92b488d862d0c397db3e"}
api-1       | {"claimed": 31, "event": "outbox_dispatch_batch_completed", "lease_lost": 0, "level": "info", "published": 31, "retry_scheduled": 0, "role": "outbox_dispatcher", "timestamp": "2026-08-07T12:03:23.849378Z"}
api-1       | INFO:     172.18.0.1:43016 - "GET /api/v1/runs/e6f91daf-5744-4b7e-86ad-23a44e468373 HTTP/1.1" 200 OK
api-1       | {"api_key_prefix": "evk_5237dfcc3619", "duration_ms": 164.393, "event": "http_request_completed", "level": "info", "method": "GET", "outcome": "success", "path": "/api/v1/runs/e6f91daf-5744-4b7e-86ad-23a44e468373", "request_id": "a853460d-a779-48e5-afc8-94c64cee4f40", "status_code": 200, "tenant_id": "ab5af908-be70-4f29-8729-5ed3535f4689", "timestamp": "2026-08-07T12:03:23.910231Z", "trace_id": "4d4b51edfa5ce38a82332563f75a272d"}
api-1       | {"claimed": 31, "event": "outbox_dispatch_batch_completed", "lease_lost": 0, "level": "info", "published": 31, "retry_scheduled": 0, "role": "outbox_dispatcher", "timestamp": "2026-08-07T12:03:24.478599Z"}
api-1       | INFO:     172.18.0.1:43016 - "GET /api/v1/runs/e6f91daf-5744-4b7e-86ad-23a44e468373 HTTP/1.1" 200 OK
api-1       | {"api_key_prefix": "evk_5237dfcc3619", "duration_ms": 108.788, "event": "http_request_completed", "level": "info", "method": "GET", "outcome": "success", "path": "/api/v1/runs/e6f91daf-5744-4b7e-86ad-23a44e468373", "request_id": "4e78f439-6fe8-47e3-9dbd-894b67b35614", "status_code": 200, "tenant_id": "ab5af908-be70-4f29-8729-5ed3535f4689", "timestamp": "2026-08-07T12:03:24.536413Z", "trace_id": "80619a432c4c8a249961c968b1b57d68"}
api-1       | {"claimed": 28, "event": "outbox_dispatch_batch_completed", "lease_lost": 0, "level": "info", "published": 28, "retry_scheduled": 0, "role": "outbox_dispatcher", "timestamp": "2026-08-07T12:03:25.160144Z"}
api-1       | INFO:     172.18.0.1:43016 - "GET /api/v1/runs/e6f91daf-5744-4b7e-86ad-23a44e468373 HTTP/1.1" 200 OK
api-1       | {"api_key_prefix": "evk_5237dfcc3619", "duration_ms": 171.442, "event": "http_request_completed", "level": "info", "method": "GET", "outcome": "success", "path": "/api/v1/runs/e6f91daf-5744-4b7e-86ad-23a44e468373", "request_id": "ca31082e-3afb-4746-91d2-09ca4d53faae", "status_code": 200, "tenant_id": "ab5af908-be70-4f29-8729-5ed3535f4689", "timestamp": "2026-08-07T12:03:25.229022Z", "trace_id": "d108ea9f9698f82832c0be89dd52d46c"}
api-1       | {"claimed": 30, "event": "outbox_dispatch_batch_completed", "lease_lost": 0, "level": "info", "published": 30, "retry_scheduled": 0, "role": "outbox_dispatcher", "timestamp": "2026-08-07T12:03:25.788359Z"}
api-1       | INFO:     172.18.0.1:43016 - "GET /api/v1/runs/e6f91daf-5744-4b7e-86ad-23a44e468373 HTTP/1.1" 200 OK
api-1       | {"api_key_prefix": "evk_5237dfcc3619", "duration_ms": 111.58, "event": "http_request_completed", "level": "info", "method": "GET", "outcome": "success", "path": "/api/v1/runs/e6f91daf-5744-4b7e-86ad-23a44e468373", "request_id": "7e667202-b3e7-44e2-98c4-45f74f4f2794", "status_code": 200, "tenant_id": "ab5af908-be70-4f29-8729-5ed3535f4689", "timestamp": "2026-08-07T12:03:25.860393Z", "trace_id": "d2afd8c1e8542c061ef977ffacc063ce"}
api-1       | {"claimed": 28, "event": "outbox_dispatch_batch_completed", "lease_lost": 0, "level": "info", "published": 28, "retry_scheduled": 0, "role": "outbox_dispatcher", "timestamp": "2026-08-07T12:03:26.455752Z"}
api-1       | INFO:     172.18.0.1:43016 - "GET /api/v1/runs/e6f91daf-5744-4b7e-86ad-23a44e468373 HTTP/1.1" 200 OK
api-1       | {"api_key_prefix": "evk_5237dfcc3619", "duration_ms": 91.617, "event": "http_request_completed", "level": "info", "method": "GET", "outcome": "success", "path": "/api/v1/runs/e6f91daf-5744-4b7e-86ad-23a44e468373", "request_id": "cf5709b6-418d-45d7-8b05-f5dae7f190cc", "status_code": 200, "tenant_id": "ab5af908-be70-4f29-8729-5ed3535f4689", "timestamp": "2026-08-07T12:03:26.467466Z", "trace_id": "57f149f4fb340249379406d8451ec77b"}
api-1       | {"claimed": 30, "event": "outbox_dispatch_batch_completed", "lease_lost": 0, "level": "info", "published": 30, "retry_scheduled": 0, "role": "outbox_dispatcher", "timestamp": "2026-08-07T12:03:27.156656Z"}
api-1       | INFO:     172.18.0.1:43016 - "GET /api/v1/runs/e6f91daf-5744-4b7e-86ad-23a44e468373 HTTP/1.1" 200 OK
api-1       | {"api_key_prefix": "evk_5237dfcc3619", "duration_ms": 195.357, "event": "http_request_completed", "level": "info", "method": "GET", "outcome": "success", "path": "/api/v1/runs/e6f91daf-5744-4b7e-86ad-23a44e468373", "request_id": "31e9c124-a0a3-4876-b449-adcc058e3a87", "status_code": 200, "tenant_id": "ab5af908-be70-4f29-8729-5ed3535f4689", "timestamp": "2026-08-07T12:03:27.173596Z", "trace_id": "3e9b6e0c29cafce4ef3bbe7bd2637079"}
api-1       | {"claimed": 32, "event": "outbox_dispatch_batch_completed", "lease_lost": 0, "level": "info", "published": 32, "retry_scheduled": 0, "role": "outbox_dispatcher", "timestamp": "2026-08-07T12:03:27.848783Z"}
api-1       | INFO:     172.18.0.1:43016 - "GET /api/v1/runs/e6f91daf-5744-4b7e-86ad-23a44e468373 HTTP/1.1" 200 OK
api-1       | {"api_key_prefix": "evk_5237dfcc3619", "duration_ms": 166.323, "event": "http_request_completed", "level": "info", "method": "GET", "outcome": "success", "path": "/api/v1/runs/e6f91daf-5744-4b7e-86ad-23a44e468373", "request_id": "7f2a7238-fd3c-4a2e-9ea7-8ab650a83312", "status_code": 200, "tenant_id": "ab5af908-be70-4f29-8729-5ed3535f4689", "timestamp": "2026-08-07T12:03:27.859854Z", "trace_id": "c21b009b6294518d7f61289b010bb8e5"}
api-1       | {"event": "Context impl PostgresqlImpl.", "level": "info", "request_id": "c832f8d8-cdd4-48a2-b164-511bdf864121", "timestamp": "2026-08-07T12:03:28.237013Z", "trace_id": "b5c94123c7770dc9fd17392235566914"}
api-1       | {"event": "Will assume transactional DDL.", "level": "info", "request_id": "c832f8d8-cdd4-48a2-b164-511bdf864121", "timestamp": "2026-08-07T12:03:28.237125Z", "trace_id": "b5c94123c7770dc9fd17392235566914"}
api-1       | INFO:     127.0.0.1:59104 - "GET /health/ready HTTP/1.1" 200 OK
api-1       | {"duration_ms": 23.035, "event": "http_request_completed", "level": "info", "method": "GET", "outcome": "success", "path": "/health/ready", "request_id": "c832f8d8-cdd4-48a2-b164-511bdf864121", "status_code": 200, "timestamp": "2026-08-07T12:03:28.244468Z", "trace_id": "b5c94123c7770dc9fd17392235566914"}
api-1       | {"claimed": 30, "event": "outbox_dispatch_batch_completed", "lease_lost": 0, "level": "info", "published": 30, "retry_scheduled": 0, "role": "outbox_dispatcher", "timestamp": "2026-08-07T12:03:28.480286Z"}
api-1       | INFO:     172.18.0.1:43016 - "GET /api/v1/runs/e6f91daf-5744-4b7e-86ad-23a44e468373 HTTP/1.1" 200 OK
api-1       | {"api_key_prefix": "evk_5237dfcc3619", "duration_ms": 182.935, "event": "http_request_completed", "level": "info", "method": "GET", "outcome": "success", "path": "/api/v1/runs/e6f91daf-5744-4b7e-86ad-23a44e468373", "request_id": "50806096-f91f-4f21-ae9b-10815743da49", "status_code": 200, "tenant_id": "ab5af908-be70-4f29-8729-5ed3535f4689", "timestamp": "2026-08-07T12:03:28.551073Z", "trace_id": "82024e843c94a773e8c44b304a9254f0"}
api-1       | {"claimed": 30, "event": "outbox_dispatch_batch_completed", "lease_lost": 0, "level": "info", "published": 30, "retry_scheduled": 0, "role": "outbox_dispatcher", "timestamp": "2026-08-07T12:03:29.150249Z"}
api-1       | INFO:     172.18.0.1:43016 - "GET /api/v1/runs/e6f91daf-5744-4b7e-86ad-23a44e468373 HTTP/1.1" 200 OK
api-1       | {"api_key_prefix": "evk_5237dfcc3619", "duration_ms": 97.834, "event": "http_request_completed", "level": "info", "method": "GET", "outcome": "success", "path": "/api/v1/runs/e6f91daf-5744-4b7e-86ad-23a44e468373", "request_id": "c075cdfa-470a-48a3-8f94-91fd78a893d6", "status_code": 200, "tenant_id": "ab5af908-be70-4f29-8729-5ed3535f4689", "timestamp": "2026-08-07T12:03:29.163796Z", "trace_id": "a7e7051707a856a8ce06b30c2fb75c4c"}
api-1       | {"claimed": 30, "event": "outbox_dispatch_batch_completed", "lease_lost": 0, "level": "info", "published": 30, "retry_scheduled": 0, "role": "outbox_dispatcher", "timestamp": "2026-08-07T12:03:29.879511Z"}
api-1       | INFO:     172.18.0.1:43016 - "GET /api/v1/runs/e6f91daf-5744-4b7e-86ad-23a44e468373 HTTP/1.1" 200 OK
api-1       | {"api_key_prefix": "evk_5237dfcc3619", "duration_ms": 220.18, "event": "http_request_completed", "level": "info", "method": "GET", "outcome": "success", "path": "/api/v1/runs/e6f91daf-5744-4b7e-86ad-23a44e468373", "request_id": "a94a39ff-1cc1-4962-b848-4b8cd8dd7bdb", "status_code": 200, "tenant_id": "ab5af908-be70-4f29-8729-5ed3535f4689", "timestamp": "2026-08-07T12:03:29.887582Z", "trace_id": "03a73b6d883d45abaa28c9a87c8d7a7f"}
api-1       | {"claimed": 36, "event": "outbox_dispatch_batch_completed", "lease_lost": 0, "level": "info", "published": 36, "retry_scheduled": 0, "role": "outbox_dispatcher", "timestamp": "2026-08-07T12:03:30.577539Z"}
api-1       | INFO:     172.18.0.1:43016 - "GET /api/v1/runs/e6f91daf-5744-4b7e-86ad-23a44e468373 HTTP/1.1" 200 OK
api-1       | {"api_key_prefix": "evk_5237dfcc3619", "duration_ms": 195.33, "event": "http_request_completed", "level": "info", "method": "GET", "outcome": "success", "path": "/api/v1/runs/e6f91daf-5744-4b7e-86ad-23a44e468373", "request_id": "970744ff-919a-4ca9-b0be-6a753bde6d88", "status_code": 200, "tenant_id": "ab5af908-be70-4f29-8729-5ed3535f4689", "timestamp": "2026-08-07T12:03:30.585415Z", "trace_id": "99437897330757de7696ca0c0f3facf6"}
api-1       | {"claimed": 34, "event": "outbox_dispatch_batch_completed", "lease_lost": 0, "level": "info", "published": 34, "retry_scheduled": 0, "role": "outbox_dispatcher", "timestamp": "2026-08-07T12:03:31.266957Z"}
api-1       | INFO:     172.18.0.1:43016 - "GET /api/v1/runs/e6f91daf-5744-4b7e-86ad-23a44e468373 HTTP/1.1" 200 OK
api-1       | {"api_key_prefix": "evk_5237dfcc3619", "duration_ms": 189.853, "event": "http_request_completed", "level": "info", "method": "GET", "outcome": "success", "path": "/api/v1/runs/e6f91daf-5744-4b7e-86ad-23a44e468373", "request_id": "38d9e34b-49e3-4a6d-8df4-cc3da0942469", "status_code": 200, "tenant_id": "ab5af908-be70-4f29-8729-5ed3535f4689", "timestamp": "2026-08-07T12:03:31.278634Z", "trace_id": "071910012ccf22888835da852dad2921"}
api-1       | {"claimed": 32, "event": "outbox_dispatch_batch_completed", "lease_lost": 0, "level": "info", "published": 32, "retry_scheduled": 0, "role": "outbox_dispatcher", "timestamp": "2026-08-07T12:03:31.954046Z"}
api-1       | INFO:     172.18.0.1:43016 - "GET /api/v1/runs/e6f91daf-5744-4b7e-86ad-23a44e468373 HTTP/1.1" 200 OK
api-1       | {"api_key_prefix": "evk_5237dfcc3619", "duration_ms": 178.606, "event": "http_request_completed", "level": "info", "method": "GET", "outcome": "success", "path": "/api/v1/runs/e6f91daf-5744-4b7e-86ad-23a44e468373", "request_id": "2f75e5f8-72ac-4684-bb26-45665145c3e0", "status_code": 200, "tenant_id": "ab5af908-be70-4f29-8729-5ed3535f4689", "timestamp": "2026-08-07T12:03:31.960087Z", "trace_id": "4ae6193984328b9bc26cd85abea960ea"}
api-1       | {"claimed": 34, "event": "outbox_dispatch_batch_completed", "lease_lost": 0, "level": "info", "published": 34, "retry_scheduled": 0, "role": "outbox_dispatcher", "timestamp": "2026-08-07T12:03:32.649388Z"}
api-1       | INFO:     172.18.0.1:43016 - "GET /api/v1/runs/e6f91daf-5744-4b7e-86ad-23a44e468373 HTTP/1.1" 200 OK
api-1       | {"api_key_prefix": "evk_5237dfcc3619", "duration_ms": 199.355, "event": "http_request_completed", "level": "info", "method": "GET", "outcome": "success", "path": "/api/v1/runs/e6f91daf-5744-4b7e-86ad-23a44e468373", "request_id": "e1ea3507-2b7e-4910-ae91-f738a5e91568", "status_code": 200, "tenant_id": "ab5af908-be70-4f29-8729-5ed3535f4689", "timestamp": "2026-08-07T12:03:32.662266Z", "trace_id": "333ae12a307c1cbc11014be1d8de059c"}
api-1       | {"claimed": 32, "event": "outbox_dispatch_batch_completed", "lease_lost": 0, "level": "info", "published": 32, "retry_scheduled": 0, "role": "outbox_dispatcher", "timestamp": "2026-08-07T12:03:33.452345Z"}
api-1       | INFO:     172.18.0.1:43016 - "GET /api/v1/runs/e6f91daf-5744-4b7e-86ad-23a44e468373 HTTP/1.1" 200 OK
api-1       | {"api_key_prefix": "evk_5237dfcc3619", "duration_ms": 285.427, "event": "http_request_completed", "level": "info", "method": "GET", "outcome": "success", "path": "/api/v1/runs/e6f91daf-5744-4b7e-86ad-23a44e468373", "request_id": "48b56b85-c4e5-48bf-a5e9-aa65de63a954", "status_code": 200, "tenant_id": "ab5af908-be70-4f29-8729-5ed3535f4689", "timestamp": "2026-08-07T12:03:33.500385Z", "trace_id": "0b31743c2f29c2efc39cef5b31b4647a"}
api-1       | {"event": "Context impl PostgresqlImpl.", "level": "info", "request_id": "77e5b689-7d75-446a-ba81-2b0affc35afe", "timestamp": "2026-08-07T12:03:33.721397Z", "trace_id": "1313f58b7b494abda063619ba8a67885"}
api-1       | {"event": "Will assume transactional DDL.", "level": "info", "request_id": "77e5b689-7d75-446a-ba81-2b0affc35afe", "timestamp": "2026-08-07T12:03:33.721523Z", "trace_id": "1313f58b7b494abda063619ba8a67885"}
api-1       | INFO:     127.0.0.1:59116 - "GET /health/ready HTTP/1.1" 200 OK
api-1       | {"duration_ms": 27.001, "event": "http_request_completed", "level": "info", "method": "GET", "outcome": "success", "path": "/health/ready", "request_id": "77e5b689-7d75-446a-ba81-2b0affc35afe", "status_code": 200, "timestamp": "2026-08-07T12:03:33.728398Z", "trace_id": "1313f58b7b494abda063619ba8a67885"}
api-1       | {"claimed": 38, "event": "outbox_dispatch_batch_completed", "lease_lost": 0, "level": "info", "published": 38, "retry_scheduled": 0, "role": "outbox_dispatcher", "timestamp": "2026-08-07T12:03:34.093641Z"}
api-1       | INFO:     172.18.0.1:43016 - "GET /api/v1/runs/e6f91daf-5744-4b7e-86ad-23a44e468373 HTTP/1.1" 200 OK
api-1       | {"api_key_prefix": "evk_5237dfcc3619", "duration_ms": 203.775, "event": "http_request_completed", "level": "info", "method": "GET", "outcome": "success", "path": "/api/v1/runs/e6f91daf-5744-4b7e-86ad-23a44e468373", "request_id": "c9421332-fe2e-4af3-9069-8376562d4fe1", "status_code": 200, "tenant_id": "ab5af908-be70-4f29-8729-5ed3535f4689", "timestamp": "2026-08-07T12:03:34.212732Z", "trace_id": "4402351746980b858d77856556995311"}
api-1       | {"claimed": 28, "event": "outbox_dispatch_batch_completed", "lease_lost": 0, "level": "info", "published": 28, "retry_scheduled": 0, "role": "outbox_dispatcher", "timestamp": "2026-08-07T12:03:34.753799Z"}
api-1       | INFO:     172.18.0.1:43016 - "GET /api/v1/runs/e6f91daf-5744-4b7e-86ad-23a44e468373 HTTP/1.1" 200 OK
api-1       | {"api_key_prefix": "evk_5237dfcc3619", "duration_ms": 108.037, "event": "http_request_completed", "level": "info", "method": "GET", "outcome": "success", "path": "/api/v1/runs/e6f91daf-5744-4b7e-86ad-23a44e468373", "request_id": "4bc52176-4d2a-4260-93f3-c9da73dcd154", "status_code": 200, "tenant_id": "ab5af908-be70-4f29-8729-5ed3535f4689", "timestamp": "2026-08-07T12:03:34.825523Z", "trace_id": "aa53a96db76755db0de7c8a4f4f6e024"}
api-1       | {"claimed": 30, "event": "outbox_dispatch_batch_completed", "lease_lost": 0, "level": "info", "published": 30, "retry_scheduled": 0, "role": "outbox_dispatcher", "timestamp": "2026-08-07T12:03:35.447600Z"}
api-1       | INFO:     172.18.0.1:43016 - "GET /api/v1/runs/e6f91daf-5744-4b7e-86ad-23a44e468373 HTTP/1.1" 200 OK
api-1       | {"api_key_prefix": "evk_5237dfcc3619", "duration_ms": 116.558, "event": "http_request_completed", "level": "info", "method": "GET", "outcome": "success", "path": "/api/v1/runs/e6f91daf-5744-4b7e-86ad-23a44e468373", "request_id": "e709d032-2b9f-4230-aac9-e3c75a7de8a0", "status_code": 200, "tenant_id": "ab5af908-be70-4f29-8729-5ed3535f4689", "timestamp": "2026-08-07T12:03:35.462646Z", "trace_id": "80111df2a78737261bacc419f1e13499"}
api-1       | {"claimed": 26, "event": "outbox_dispatch_batch_completed", "lease_lost": 0, "level": "info", "published": 26, "retry_scheduled": 0, "role": "outbox_dispatcher", "timestamp": "2026-08-07T12:03:36.072274Z"}
api-1       | INFO:     172.18.0.1:43016 - "GET /api/v1/runs/e6f91daf-5744-4b7e-86ad-23a44e468373 HTTP/1.1" 200 OK
api-1       | {"api_key_prefix": "evk_5237dfcc3619", "duration_ms": 160.929, "event": "http_request_completed", "level": "info", "method": "GET", "outcome": "success", "path": "/api/v1/runs/e6f91daf-5744-4b7e-86ad-23a44e468373", "request_id": "f8d381a2-0e1f-4264-ae05-70711316ffbc", "status_code": 200, "tenant_id": "ab5af908-be70-4f29-8729-5ed3535f4689", "timestamp": "2026-08-07T12:03:36.129727Z", "trace_id": "4f9c8078b31e34df9be7f5b855a6b8e6"}
api-1       | {"claimed": 17, "event": "outbox_dispatch_batch_completed", "lease_lost": 0, "level": "info", "published": 17, "retry_scheduled": 0, "role": "outbox_dispatcher", "timestamp": "2026-08-07T12:03:36.672634Z"}
api-1       | INFO:     172.18.0.1:43016 - "GET /api/v1/runs/e6f91daf-5744-4b7e-86ad-23a44e468373 HTTP/1.1" 200 OK
api-1       | {"api_key_prefix": "evk_5237dfcc3619", "duration_ms": 82.719, "event": "http_request_completed", "level": "info", "method": "GET", "outcome": "success", "path": "/api/v1/runs/e6f91daf-5744-4b7e-86ad-23a44e468373", "request_id": "bbefc42b-f8df-4baf-81c6-3f4b54b1b1a7", "status_code": 200, "tenant_id": "ab5af908-be70-4f29-8729-5ed3535f4689", "timestamp": "2026-08-07T12:03:36.722637Z", "trace_id": "b6e4d60d3815b0dc41c03a1588673b08"}
api-1       | INFO:     172.18.0.1:43016 - "GET /api/v1/runs/e6f91daf-5744-4b7e-86ad-23a44e468373 HTTP/1.1" 200 OK
api-1       | {"api_key_prefix": "evk_5237dfcc3619", "duration_ms": 56.856, "event": "http_request_completed", "level": "info", "method": "GET", "outcome": "success", "path": "/api/v1/runs/e6f91daf-5744-4b7e-86ad-23a44e468373", "request_id": "5fe54221-4db6-4bf8-9236-54b2116a400b", "status_code": 200, "tenant_id": "ab5af908-be70-4f29-8729-5ed3535f4689", "timestamp": "2026-08-07T12:03:37.282641Z", "trace_id": "f75a10f579c712f7fa6db8e158470b87"}
api-1       | {"claimed": 3, "event": "outbox_dispatch_batch_completed", "lease_lost": 0, "level": "info", "published": 3, "retry_scheduled": 0, "role": "outbox_dispatcher", "timestamp": "2026-08-07T12:03:37.694902Z"}
api-1       | INFO:     172.18.0.1:43016 - "GET /api/v1/runs/e6f91daf-5744-4b7e-86ad-23a44e468373 HTTP/1.1" 200 OK
api-1       | {"api_key_prefix": "evk_5237dfcc3619", "duration_ms": 54.619, "event": "http_request_completed", "level": "info", "method": "GET", "outcome": "success", "path": "/api/v1/runs/e6f91daf-5744-4b7e-86ad-23a44e468373", "request_id": "a4d9638f-2c58-482b-81d8-58e30d48d346", "status_code": 200, "tenant_id": "ab5af908-be70-4f29-8729-5ed3535f4689", "timestamp": "2026-08-07T12:03:37.839945Z", "trace_id": "5709d98301b4ad248178cecd62032d55"}
api-1       | INFO:     172.18.0.1:43016 - "GET /api/v1/runs/e6f91daf-5744-4b7e-86ad-23a44e468373/cases?limit=200&sort=case_id HTTP/1.1" 200 OK
api-1       | {"api_key_prefix": "evk_5237dfcc3619", "duration_ms": 69.38, "event": "http_request_completed", "level": "info", "method": "GET", "outcome": "success", "path": "/api/v1/runs/e6f91daf-5744-4b7e-86ad-23a44e468373/cases", "request_id": "6d34589c-4635-45ad-9964-75c21f462b56", "status_code": 200, "tenant_id": "ab5af908-be70-4f29-8729-5ed3535f4689", "timestamp": "2026-08-07T12:03:37.910926Z", "trace_id": "2b277546810f596719d263a1bc9ab28a"}
api-1       | INFO:     172.18.0.1:43016 - "GET /api/v1/runs/e6f91daf-5744-4b7e-86ad-23a44e468373/cases?limit=200&sort=case_id&cursor=eyJkaXJlY3Rpb24iOiJhc2MiLCJlcnJvcl9jb2RlIjpudWxsLCJqb2JfaWQiOiJmMDk2Y2UyMi00YTFjLTQ2ODktOWYwNy0xZTQ1YTY0NTU3ODAiLCJtZXRyaWMiOm51bGwsInNvcnQiOiJjYXNlX2lkIiwic3RhdHVzIjpudWxsLCJ2IjoxLCJ2YWx1ZSI6ImxvYWQtMDE5OSJ9 HTTP/1.1" 200 OK
api-1       | {"api_key_prefix": "evk_5237dfcc3619", "duration_ms": 74.624, "event": "http_request_completed", "level": "info", "method": "GET", "outcome": "success", "path": "/api/v1/runs/e6f91daf-5744-4b7e-86ad-23a44e468373/cases", "request_id": "208def58-69cf-4e13-9c02-16658e406a0d", "status_code": 200, "tenant_id": "ab5af908-be70-4f29-8729-5ed3535f4689", "timestamp": "2026-08-07T12:03:37.988270Z", "trace_id": "1565eb420fabb6e54316a83e6417f632"}
api-1       | INFO:     172.18.0.1:43016 - "GET /api/v1/runs/e6f91daf-5744-4b7e-86ad-23a44e468373/cases?limit=200&sort=case_id&cursor=eyJkaXJlY3Rpb24iOiJhc2MiLCJlcnJvcl9jb2RlIjpudWxsLCJqb2JfaWQiOiJlNTdhNWYyNS01MDNjLTQ0YTEtOGExYS1mNjIzNzBiOGNhMDciLCJtZXRyaWMiOm51bGwsInNvcnQiOiJjYXNlX2lkIiwic3RhdHVzIjpudWxsLCJ2IjoxLCJ2YWx1ZSI6ImxvYWQtMDM5OSJ9 HTTP/1.1" 200 OK
api-1       | {"api_key_prefix": "evk_5237dfcc3619", "duration_ms": 79.832, "event": "http_request_completed", "level": "info", "method": "GET", "outcome": "success", "path": "/api/v1/runs/e6f91daf-5744-4b7e-86ad-23a44e468373/cases", "request_id": "b556b4af-9e8a-4060-a397-af64423cb635", "status_code": 200, "tenant_id": "ab5af908-be70-4f29-8729-5ed3535f4689", "timestamp": "2026-08-07T12:03:38.074130Z", "trace_id": "f35ee2ddd436d698b6e6b84f6e34e65c"}
api-1       | INFO:     127.0.0.1:33290 - "GET /metrics HTTP/1.1" 200 OK
api-1       | {"duration_ms": 7.662, "event": "http_request_completed", "level": "info", "method": "GET", "outcome": "success", "path": "/metrics", "request_id": "6c233ca9-8e4b-4a9c-9738-3d26b37a933a", "status_code": 200, "timestamp": "2026-08-07T12:03:38.445968Z", "trace_id": "17d0749cb09626d090b8f2a88a3c94b2"}
api-1       | {"event": "Context impl PostgresqlImpl.", "level": "info", "request_id": "8be4e4a0-1150-4471-b7e1-7d8a86ee842b", "timestamp": "2026-08-07T12:03:39.034289Z", "trace_id": "f4434c0ff5de7ecae4da82ad886e2e6c"}
api-1       | {"event": "Will assume transactional DDL.", "level": "info", "request_id": "8be4e4a0-1150-4471-b7e1-7d8a86ee842b", "timestamp": "2026-08-07T12:03:39.034438Z", "trace_id": "f4434c0ff5de7ecae4da82ad886e2e6c"}
api-1       | INFO:     127.0.0.1:33296 - "GET /health/ready HTTP/1.1" 200 OK
api-1       | {"duration_ms": 26.289, "event": "http_request_completed", "level": "info", "method": "GET", "outcome": "success", "path": "/health/ready", "request_id": "8be4e4a0-1150-4471-b7e1-7d8a86ee842b", "status_code": 200, "timestamp": "2026-08-07T12:03:39.044954Z", "trace_id": "f4434c0ff5de7ecae4da82ad886e2e6c"}
api-1       | INFO:     172.18.0.1:43976 - "POST /api/v1/runs HTTP/1.1" 202 Accepted
api-1       | {"api_key_prefix": "evk_5237dfcc3619", "duration_ms": 520.279, "event": "http_request_completed", "level": "info", "method": "POST", "outcome": "success", "path": "/api/v1/runs", "request_id": "35ae428d-be8b-4545-a3c2-ad08607e9105", "status_code": 202, "tenant_id": "ab5af908-be70-4f29-8729-5ed3535f4689", "timestamp": "2026-08-07T12:03:45.002200Z", "trace_id": "f15a6c89af04730ae3099c24173f368e"}
api-1       | {"claimed": 10, "event": "outbox_dispatch_batch_completed", "lease_lost": 0, "level": "info", "published": 10, "retry_scheduled": 0, "role": "outbox_dispatcher", "timestamp": "2026-08-07T12:03:45.707429Z"}
api-1       | INFO:     172.18.0.1:43976 - "GET /api/v1/runs/0bc865dc-448d-437b-b881-0c72fff604c6 HTTP/1.1" 200 OK
api-1       | {"api_key_prefix": "evk_5237dfcc3619", "duration_ms": 757.467, "event": "http_request_completed", "level": "info", "method": "GET", "outcome": "success", "path": "/api/v1/runs/0bc865dc-448d-437b-b881-0c72fff604c6", "request_id": "20ba18e3-f517-418d-be7b-342103d1720d", "status_code": 200, "tenant_id": "ab5af908-be70-4f29-8729-5ed3535f4689", "timestamp": "2026-08-07T12:03:45.763742Z", "trace_id": "86c4b60e50e7705662ff598217cfa6aa"}
api-1       | {"event": "Context impl PostgresqlImpl.", "level": "info", "request_id": "37287e11-3ae5-466e-934c-130792610c56", "timestamp": "2026-08-07T12:03:45.842246Z", "trace_id": "5598598eb0508b5d40a7c15f9f75105b"}
api-1       | {"event": "Will assume transactional DDL.", "level": "info", "request_id": "37287e11-3ae5-466e-934c-130792610c56", "timestamp": "2026-08-07T12:03:45.842520Z", "trace_id": "5598598eb0508b5d40a7c15f9f75105b"}
api-1       | INFO:     127.0.0.1:33310 - "GET /health/ready HTTP/1.1" 200 OK
api-1       | {"duration_ms": 149.119, "event": "http_request_completed", "level": "info", "method": "GET", "outcome": "success", "path": "/health/ready", "request_id": "37287e11-3ae5-466e-934c-130792610c56", "status_code": 200, "timestamp": "2026-08-07T12:03:45.882598Z", "trace_id": "5598598eb0508b5d40a7c15f9f75105b"}
api-1       | {"claimed": 18, "event": "outbox_dispatch_batch_completed", "lease_lost": 0, "level": "info", "published": 18, "retry_scheduled": 0, "role": "outbox_dispatcher", "timestamp": "2026-08-07T12:03:46.723294Z"}
api-1       | INFO:     172.18.0.1:43976 - "GET /api/v1/runs/0bc865dc-448d-437b-b881-0c72fff604c6 HTTP/1.1" 200 OK
api-1       | {"api_key_prefix": "evk_5237dfcc3619", "duration_ms": 520.047, "event": "http_request_completed", "level": "info", "method": "GET", "outcome": "success", "path": "/api/v1/runs/0bc865dc-448d-437b-b881-0c72fff604c6", "request_id": "d63ee86d-9681-4fc9-9e12-e7acbdbe0ac4", "status_code": 200, "tenant_id": "ab5af908-be70-4f29-8729-5ed3535f4689", "timestamp": "2026-08-07T12:03:46.847017Z", "trace_id": "4ca95d85ea9c07c65e9894a20d37c85a"}
api-1       | {"claimed": 31, "event": "outbox_dispatch_batch_completed", "lease_lost": 0, "level": "info", "published": 31, "retry_scheduled": 0, "role": "outbox_dispatcher", "timestamp": "2026-08-07T12:03:47.706699Z"}
api-1       | INFO:     172.18.0.1:43976 - "GET /api/v1/runs/0bc865dc-448d-437b-b881-0c72fff604c6 HTTP/1.1" 200 OK
api-1       | {"api_key_prefix": "evk_5237dfcc3619", "duration_ms": 398.811, "event": "http_request_completed", "level": "info", "method": "GET", "outcome": "success", "path": "/api/v1/runs/0bc865dc-448d-437b-b881-0c72fff604c6", "request_id": "7cb70846-0b2b-4e60-959d-1f38ff676bb9", "status_code": 200, "tenant_id": "ab5af908-be70-4f29-8729-5ed3535f4689", "timestamp": "2026-08-07T12:03:47.766032Z", "trace_id": "e39b35150f602a002fd05de2c3812009"}
api-1       | {"claimed": 47, "event": "outbox_dispatch_batch_completed", "lease_lost": 0, "level": "info", "published": 47, "retry_scheduled": 0, "role": "outbox_dispatcher", "timestamp": "2026-08-07T12:03:48.462528Z"}
api-1       | INFO:     172.18.0.1:43976 - "GET /api/v1/runs/0bc865dc-448d-437b-b881-0c72fff604c6 HTTP/1.1" 200 OK
api-1       | {"api_key_prefix": "evk_5237dfcc3619", "duration_ms": 278.273, "event": "http_request_completed", "level": "info", "method": "GET", "outcome": "success", "path": "/api/v1/runs/0bc865dc-448d-437b-b881-0c72fff604c6", "request_id": "ec10b4f7-8d35-4fde-8ad8-803c779970d5", "status_code": 200, "tenant_id": "ab5af908-be70-4f29-8729-5ed3535f4689", "timestamp": "2026-08-07T12:03:48.560251Z", "trace_id": "96d63c1c037d2e42fe5dc0097b635660"}
api-1       | INFO:     172.18.0.1:43976 - "GET /api/v1/runs/0bc865dc-448d-437b-b881-0c72fff604c6/cases?limit=200&sort=case_id HTTP/1.1" 200 OK
api-1       | {"api_key_prefix": "evk_5237dfcc3619", "duration_ms": 70.77, "event": "http_request_completed", "level": "info", "method": "GET", "outcome": "success", "path": "/api/v1/runs/0bc865dc-448d-437b-b881-0c72fff604c6/cases", "request_id": "4a5332d3-d397-4d28-90b7-53d2179e2ac4", "status_code": 200, "tenant_id": "ab5af908-be70-4f29-8729-5ed3535f4689", "timestamp": "2026-08-07T12:03:48.634194Z", "trace_id": "79e90b886b94db822cb5fd20ee1f31b1"}
api-1       | INFO:     127.0.0.1:58964 - "GET /metrics HTTP/1.1" 200 OK
api-1       | {"duration_ms": 9.542, "event": "http_request_completed", "level": "info", "method": "GET", "outcome": "success", "path": "/metrics", "request_id": "5c4573b6-facc-4c27-aa39-384a400df728", "status_code": 200, "timestamp": "2026-08-07T12:03:49.178589Z", "trace_id": "94f3f99469e0b7d73441db7f1449f8d6"}
api-1       | {"event": "Context impl PostgresqlImpl.", "level": "info", "request_id": "86e8306f-223f-4073-8569-12ff205d0a5b", "timestamp": "2026-08-07T12:03:51.238775Z", "trace_id": "747ae4b18b02f4044b56eea3e6c090f3"}
api-1       | {"event": "Will assume transactional DDL.", "level": "info", "request_id": "86e8306f-223f-4073-8569-12ff205d0a5b", "timestamp": "2026-08-07T12:03:51.238923Z", "trace_id": "747ae4b18b02f4044b56eea3e6c090f3"}
api-1       | INFO:     127.0.0.1:58990 - "GET /health/ready HTTP/1.1" 200 OK
api-1       | {"duration_ms": 22.644, "event": "http_request_completed", "level": "info", "method": "GET", "outcome": "success", "path": "/health/ready", "request_id": "86e8306f-223f-4073-8569-12ff205d0a5b", "status_code": 200, "timestamp": "2026-08-07T12:03:51.246184Z", "trace_id": "747ae4b18b02f4044b56eea3e6c090f3"}
api-1       | INFO:     172.18.0.1:43976 - "POST /api/v1/runs HTTP/1.1" 202 Accepted
api-1       | {"api_key_prefix": "evk_5237dfcc3619", "duration_ms": 260.777, "event": "http_request_completed", "level": "info", "method": "POST", "outcome": "success", "path": "/api/v1/runs", "request_id": "cc97c73f-8dfe-4193-b40f-f47dc72c779c", "status_code": 202, "tenant_id": "ab5af908-be70-4f29-8729-5ed3535f4689", "timestamp": "2026-08-07T12:03:52.200040Z", "trace_id": "4b3c9fc570d8cbd0b5fa60f0b8571a7c"}
api-1       | INFO:     172.18.0.1:43976 - "GET /api/v1/runs/67b0c441-648c-46e7-b5e9-adba47edeaff HTTP/1.1" 200 OK
api-1       | {"api_key_prefix": "evk_5237dfcc3619", "duration_ms": 54.28, "event": "http_request_completed", "level": "info", "method": "GET", "outcome": "success", "path": "/api/v1/runs/67b0c441-648c-46e7-b5e9-adba47edeaff", "request_id": "444542c6-7fab-44e1-afcd-64c98a8333af", "status_code": 200, "tenant_id": "ab5af908-be70-4f29-8729-5ed3535f4689", "timestamp": "2026-08-07T12:03:52.256054Z", "trace_id": "32ea9cafd133b6cf71175c0da2a9514f"}
api-1       | {"claimed": 24, "event": "outbox_dispatch_batch_completed", "lease_lost": 0, "level": "info", "published": 24, "retry_scheduled": 0, "role": "outbox_dispatcher", "timestamp": "2026-08-07T12:03:52.769396Z"}
api-1       | INFO:     172.18.0.1:43976 - "GET /api/v1/runs/67b0c441-648c-46e7-b5e9-adba47edeaff HTTP/1.1" 200 OK
api-1       | {"api_key_prefix": "evk_5237dfcc3619", "duration_ms": 97.738, "event": "http_request_completed", "level": "info", "method": "GET", "outcome": "success", "path": "/api/v1/runs/67b0c441-648c-46e7-b5e9-adba47edeaff", "request_id": "5eb7d9bb-4234-44bf-9cbf-be11c01ea68d", "status_code": 200, "tenant_id": "ab5af908-be70-4f29-8729-5ed3535f4689", "timestamp": "2026-08-07T12:03:52.859084Z", "trace_id": "3e10eafe5f5068fb7ba38f3641d3f978"}
api-1       | {"claimed": 50, "event": "outbox_dispatch_batch_completed", "lease_lost": 0, "level": "info", "published": 50, "retry_scheduled": 0, "role": "outbox_dispatcher", "timestamp": "2026-08-07T12:03:53.605554Z"}
api-1       | INFO:     172.18.0.1:43976 - "GET /api/v1/runs/67b0c441-648c-46e7-b5e9-adba47edeaff HTTP/1.1" 200 OK
api-1       | {"api_key_prefix": "evk_5237dfcc3619", "duration_ms": 342.15, "event": "http_request_completed", "level": "info", "method": "GET", "outcome": "success", "path": "/api/v1/runs/67b0c441-648c-46e7-b5e9-adba47edeaff", "request_id": "116080d9-f3e4-4921-9921-6b53fd1d0354", "status_code": 200, "tenant_id": "ab5af908-be70-4f29-8729-5ed3535f4689", "timestamp": "2026-08-07T12:03:53.706203Z", "trace_id": "4826b5e82db2b93920f45273344cce7d"}
api-1       | {"claimed": 50, "event": "outbox_dispatch_batch_completed", "lease_lost": 0, "level": "info", "published": 50, "retry_scheduled": 0, "role": "outbox_dispatcher", "timestamp": "2026-08-07T12:03:54.618644Z"}
api-1       | INFO:     172.18.0.1:43976 - "GET /api/v1/runs/67b0c441-648c-46e7-b5e9-adba47edeaff HTTP/1.1" 200 OK
api-1       | {"api_key_prefix": "evk_5237dfcc3619", "duration_ms": 491.292, "event": "http_request_completed", "level": "info", "method": "GET", "outcome": "success", "path": "/api/v1/runs/67b0c441-648c-46e7-b5e9-adba47edeaff", "request_id": "76e283d2-c79d-49b9-80ac-ce2b578eb344", "status_code": 200, "tenant_id": "ab5af908-be70-4f29-8729-5ed3535f4689", "timestamp": "2026-08-07T12:03:54.744921Z", "trace_id": "9fb8cf605986b2e2af12a96072c0765a"}
api-1       | {"claimed": 50, "event": "outbox_dispatch_batch_completed", "lease_lost": 0, "level": "info", "published": 50, "retry_scheduled": 0, "role": "outbox_dispatcher", "timestamp": "2026-08-07T12:03:55.479618Z"}
api-1       | INFO:     172.18.0.1:43976 - "GET /api/v1/runs/67b0c441-648c-46e7-b5e9-adba47edeaff HTTP/1.1" 200 OK
api-1       | {"api_key_prefix": "evk_5237dfcc3619", "duration_ms": 247.586, "event": "http_request_completed", "level": "info", "method": "GET", "outcome": "success", "path": "/api/v1/runs/67b0c441-648c-46e7-b5e9-adba47edeaff", "request_id": "2cc798a1-2da5-44c4-a99f-6ddff4ed63a5", "status_code": 200, "tenant_id": "ab5af908-be70-4f29-8729-5ed3535f4689", "timestamp": "2026-08-07T12:03:55.500173Z", "trace_id": "7c87fe14ff2834f5d8f257ca20b05df7"}
api-1       | INFO:     172.18.0.1:43976 - "GET /api/v1/runs/67b0c441-648c-46e7-b5e9-adba47edeaff HTTP/1.1" 200 OK
api-1       | {"api_key_prefix": "evk_5237dfcc3619", "duration_ms": 360.11, "event": "http_request_completed", "level": "info", "method": "GET", "outcome": "success", "path": "/api/v1/runs/67b0c441-648c-46e7-b5e9-adba47edeaff", "request_id": "ed08ea31-4704-4e48-b818-dcf734cab6c1", "status_code": 200, "tenant_id": "ab5af908-be70-4f29-8729-5ed3535f4689", "timestamp": "2026-08-07T12:03:56.369096Z", "trace_id": "159a3ecd9d2266fda751955c303162bf"}
api-1       | {"claimed": 50, "event": "outbox_dispatch_batch_completed", "lease_lost": 0, "level": "info", "published": 50, "retry_scheduled": 0, "role": "outbox_dispatcher", "timestamp": "2026-08-07T12:03:56.373940Z"}
api-1       | {"event": "Context impl PostgresqlImpl.", "level": "info", "request_id": "61b1a293-1168-443d-b5c9-c9ef020d722e", "timestamp": "2026-08-07T12:03:56.737949Z", "trace_id": "1aa68a06aa00063eb55393c67312c269"}
api-1       | {"event": "Will assume transactional DDL.", "level": "info", "request_id": "61b1a293-1168-443d-b5c9-c9ef020d722e", "timestamp": "2026-08-07T12:03:56.738100Z", "trace_id": "1aa68a06aa00063eb55393c67312c269"}
api-1       | INFO:     127.0.0.1:54808 - "GET /health/ready HTTP/1.1" 200 OK
api-1       | {"duration_ms": 56.164, "event": "http_request_completed", "level": "info", "method": "GET", "outcome": "success", "path": "/health/ready", "request_id": "61b1a293-1168-443d-b5c9-c9ef020d722e", "status_code": 200, "timestamp": "2026-08-07T12:03:56.771616Z", "trace_id": "1aa68a06aa00063eb55393c67312c269"}
api-1       | {"claimed": 50, "event": "outbox_dispatch_batch_completed", "lease_lost": 0, "level": "info", "published": 50, "retry_scheduled": 0, "role": "outbox_dispatcher", "timestamp": "2026-08-07T12:03:57.365553Z"}
api-1       | INFO:     172.18.0.1:43976 - "GET /api/v1/runs/67b0c441-648c-46e7-b5e9-adba47edeaff HTTP/1.1" 200 OK
api-1       | {"api_key_prefix": "evk_5237dfcc3619", "duration_ms": 507.411, "event": "http_request_completed", "level": "info", "method": "GET", "outcome": "success", "path": "/api/v1/runs/67b0c441-648c-46e7-b5e9-adba47edeaff", "request_id": "515d8000-76b4-41b5-9a6d-a65916b703cf", "status_code": 200, "tenant_id": "ab5af908-be70-4f29-8729-5ed3535f4689", "timestamp": "2026-08-07T12:03:57.381033Z", "trace_id": "383d722d652ab4f25000305c1d4cd538"}
api-1       | {"claimed": 50, "event": "outbox_dispatch_batch_completed", "lease_lost": 0, "level": "info", "published": 50, "retry_scheduled": 0, "role": "outbox_dispatcher", "timestamp": "2026-08-07T12:03:58.256971Z"}
api-1       | INFO:     172.18.0.1:43976 - "GET /api/v1/runs/67b0c441-648c-46e7-b5e9-adba47edeaff HTTP/1.1" 200 OK
api-1       | {"api_key_prefix": "evk_5237dfcc3619", "duration_ms": 396.168, "event": "http_request_completed", "level": "info", "method": "GET", "outcome": "success", "path": "/api/v1/runs/67b0c441-648c-46e7-b5e9-adba47edeaff", "request_id": "b1b29738-1cba-43fe-af2d-ecd3c82957c2", "status_code": 200, "tenant_id": "ab5af908-be70-4f29-8729-5ed3535f4689", "timestamp": "2026-08-07T12:03:58.280317Z", "trace_id": "7fd1a7930bfe77d39f917db5b93cea1d"}
api-1       | {"claimed": 50, "event": "outbox_dispatch_batch_completed", "lease_lost": 0, "level": "info", "published": 50, "retry_scheduled": 0, "role": "outbox_dispatcher", "timestamp": "2026-08-07T12:03:58.958945Z"}
api-1       | INFO:     172.18.0.1:43976 - "GET /api/v1/runs/67b0c441-648c-46e7-b5e9-adba47edeaff HTTP/1.1" 200 OK
api-1       | {"api_key_prefix": "evk_5237dfcc3619", "duration_ms": 224.157, "event": "http_request_completed", "level": "info", "method": "GET", "outcome": "success", "path": "/api/v1/runs/67b0c441-648c-46e7-b5e9-adba47edeaff", "request_id": "a1a64d4a-cab0-4d55-b396-832d1d2790fc", "status_code": 200, "tenant_id": "ab5af908-be70-4f29-8729-5ed3535f4689", "timestamp": "2026-08-07T12:03:59.032095Z", "trace_id": "68b723a500fc53bd723f7a248ceacce9"}
api-1       | {"claimed": 50, "event": "outbox_dispatch_batch_completed", "lease_lost": 0, "level": "info", "published": 50, "retry_scheduled": 0, "role": "outbox_dispatcher", "timestamp": "2026-08-07T12:03:59.665558Z"}
api-1       | INFO:     172.18.0.1:43976 - "GET /api/v1/runs/67b0c441-648c-46e7-b5e9-adba47edeaff HTTP/1.1" 200 OK
api-1       | {"api_key_prefix": "evk_5237dfcc3619", "duration_ms": 180.573, "event": "http_request_completed", "level": "info", "method": "GET", "outcome": "success", "path": "/api/v1/runs/67b0c441-648c-46e7-b5e9-adba47edeaff", "request_id": "53018d30-5c16-4086-9e8c-b84ee0f63f5f", "status_code": 200, "tenant_id": "ab5af908-be70-4f29-8729-5ed3535f4689", "timestamp": "2026-08-07T12:03:59.732498Z", "trace_id": "e097b55610f6291f6ef226bbe4e0b9c9"}
api-1       | INFO:     172.18.0.1:43976 - "GET /api/v1/runs/67b0c441-648c-46e7-b5e9-adba47edeaff/cases?limit=200&sort=case_id HTTP/1.1" 200 OK
api-1       | {"api_key_prefix": "evk_5237dfcc3619", "duration_ms": 77.67, "event": "http_request_completed", "level": "info", "method": "GET", "outcome": "success", "path": "/api/v1/runs/67b0c441-648c-46e7-b5e9-adba47edeaff/cases", "request_id": "f13fc077-b183-470f-9eca-b5738baeb040", "status_code": 200, "tenant_id": "ab5af908-be70-4f29-8729-5ed3535f4689", "timestamp": "2026-08-07T12:03:59.811986Z", "trace_id": "319fe27264bbbbcb6c20c633b491808e"}
api-1       | INFO:     172.18.0.1:43976 - "GET /api/v1/runs/67b0c441-648c-46e7-b5e9-adba47edeaff/cases?limit=200&sort=case_id&cursor=eyJkaXJlY3Rpb24iOiJhc2MiLCJlcnJvcl9jb2RlIjpudWxsLCJqb2JfaWQiOiIwM2QyNjdjYi0zMjdjLTQ0NzItYTlhMi0zNWY5NDM4MDJhMjQiLCJtZXRyaWMiOm51bGwsInNvcnQiOiJjYXNlX2lkIiwic3RhdHVzIjpudWxsLCJ2IjoxLCJ2YWx1ZSI6ImxvYWQtMDE5OSJ9 HTTP/1.1" 200 OK
api-1       | {"api_key_prefix": "evk_5237dfcc3619", "duration_ms": 72.976, "event": "http_request_completed", "level": "info", "method": "GET", "outcome": "success", "path": "/api/v1/runs/67b0c441-648c-46e7-b5e9-adba47edeaff/cases", "request_id": "79791f33-0c70-4a9d-8ade-ee1945ed4325", "status_code": 200, "tenant_id": "ab5af908-be70-4f29-8729-5ed3535f4689", "timestamp": "2026-08-07T12:03:59.887690Z", "trace_id": "265e35c9b701e89ead0f28f2e50d6005"}
api-1       | INFO:     172.18.0.1:43976 - "GET /api/v1/runs/67b0c441-648c-46e7-b5e9-adba47edeaff/cases?limit=200&sort=case_id&cursor=eyJkaXJlY3Rpb24iOiJhc2MiLCJlcnJvcl9jb2RlIjpudWxsLCJqb2JfaWQiOiIzZTFkNjUzYi1hYTgyLTRiMWEtOTk0Yy1iNTAzYzY4ODcwZTAiLCJtZXRyaWMiOm51bGwsInNvcnQiOiJjYXNlX2lkIiwic3RhdHVzIjpudWxsLCJ2IjoxLCJ2YWx1ZSI6ImxvYWQtMDM5OSJ9 HTTP/1.1" 200 OK
api-1       | {"api_key_prefix": "evk_5237dfcc3619", "duration_ms": 66.51, "event": "http_request_completed", "level": "info", "method": "GET", "outcome": "success", "path": "/api/v1/runs/67b0c441-648c-46e7-b5e9-adba47edeaff/cases", "request_id": "5c62629d-1544-4068-947e-c235c85b2373", "status_code": 200, "tenant_id": "ab5af908-be70-4f29-8729-5ed3535f4689", "timestamp": "2026-08-07T12:03:59.956658Z", "trace_id": "f22cbed78c0e5acd3cd54bb0694360ee"}
api-1       | {"claimed": 50, "event": "outbox_dispatch_batch_completed", "lease_lost": 0, "level": "info", "published": 50, "retry_scheduled": 0, "role": "outbox_dispatcher", "timestamp": "2026-08-07T12:04:00.510626Z"}
api-1       | INFO:     127.0.0.1:54834 - "GET /metrics HTTP/1.1" 200 OK
api-1       | {"duration_ms": 8.938, "event": "http_request_completed", "level": "info", "method": "GET", "outcome": "success", "path": "/metrics", "request_id": "6d0f30aa-f659-48aa-8979-2a8282976e45", "status_code": 200, "timestamp": "2026-08-07T12:04:00.560868Z", "trace_id": "4bfb3d4fb3ababd171bd0ec660255475"}
api-1       | {"claimed": 50, "event": "outbox_dispatch_batch_completed", "lease_lost": 0, "level": "info", "published": 50, "retry_scheduled": 0, "role": "outbox_dispatcher", "timestamp": "2026-08-07T12:04:01.183159Z"}
api-1       | {"claimed": 50, "event": "outbox_dispatch_batch_completed", "lease_lost": 0, "level": "info", "published": 50, "retry_scheduled": 0, "role": "outbox_dispatcher", "timestamp": "2026-08-07T12:04:01.907531Z"}
api-1       | {"event": "Context impl PostgresqlImpl.", "level": "info", "request_id": "d017ec8b-b952-4acf-8954-bdcf490f5374", "timestamp": "2026-08-07T12:04:02.160192Z", "trace_id": "2a02b086c469002a04ae09a4d73ad427"}
api-1       | {"event": "Will assume transactional DDL.", "level": "info", "request_id": "d017ec8b-b952-4acf-8954-bdcf490f5374", "timestamp": "2026-08-07T12:04:02.160344Z", "trace_id": "2a02b086c469002a04ae09a4d73ad427"}
api-1       | INFO:     127.0.0.1:54836 - "GET /health/ready HTTP/1.1" 200 OK
api-1       | {"duration_ms": 104.013, "event": "http_request_completed", "level": "info", "method": "GET", "outcome": "success", "path": "/health/ready", "request_id": "d017ec8b-b952-4acf-8954-bdcf490f5374", "status_code": 200, "timestamp": "2026-08-07T12:04:02.248701Z", "trace_id": "2a02b086c469002a04ae09a4d73ad427"}
api-1       | {"claimed": 50, "event": "outbox_dispatch_batch_completed", "lease_lost": 0, "level": "info", "published": 50, "retry_scheduled": 0, "role": "outbox_dispatcher", "timestamp": "2026-08-07T12:04:02.597599Z"}
api-1       | {"claimed": 50, "event": "outbox_dispatch_batch_completed", "lease_lost": 0, "level": "info", "published": 50, "retry_scheduled": 0, "role": "outbox_dispatcher", "timestamp": "2026-08-07T12:04:03.312965Z"}
api-1       | {"claimed": 50, "event": "outbox_dispatch_batch_completed", "lease_lost": 0, "level": "info", "published": 50, "retry_scheduled": 0, "role": "outbox_dispatcher", "timestamp": "2026-08-07T12:04:03.985701Z"}
api-1       | {"claimed": 50, "event": "outbox_dispatch_batch_completed", "lease_lost": 0, "level": "info", "published": 50, "retry_scheduled": 0, "role": "outbox_dispatcher", "timestamp": "2026-08-07T12:04:04.677238Z"}
api-1       | {"claimed": 50, "event": "outbox_dispatch_batch_completed", "lease_lost": 0, "level": "info", "published": 50, "retry_scheduled": 0, "role": "outbox_dispatcher", "timestamp": "2026-08-07T12:04:05.436646Z"}
api-1       | {"claimed": 50, "event": "outbox_dispatch_batch_completed", "lease_lost": 0, "level": "info", "published": 50, "retry_scheduled": 0, "role": "outbox_dispatcher", "timestamp": "2026-08-07T12:04:06.151171Z"}
api-1       | {"claimed": 50, "event": "outbox_dispatch_batch_completed", "lease_lost": 0, "level": "info", "published": 50, "retry_scheduled": 0, "role": "outbox_dispatcher", "timestamp": "2026-08-07T12:04:06.853945Z"}
api-1       | {"claimed": 50, "event": "outbox_dispatch_batch_completed", "lease_lost": 0, "level": "info", "published": 50, "retry_scheduled": 0, "role": "outbox_dispatcher", "timestamp": "2026-08-07T12:04:07.758565Z"}
api-1       | {"event": "Context impl PostgresqlImpl.", "level": "info", "request_id": "61473c26-17d1-4a51-9363-224325f757cd", "timestamp": "2026-08-07T12:04:07.826196Z", "trace_id": "2e60845bdfac4d093aade5cc1b7b6bbf"}
api-1       | {"event": "Will assume transactional DDL.", "level": "info", "request_id": "61473c26-17d1-4a51-9363-224325f757cd", "timestamp": "2026-08-07T12:04:07.826320Z", "trace_id": "2e60845bdfac4d093aade5cc1b7b6bbf"}
api-1       | INFO:     127.0.0.1:36932 - "GET /health/ready HTTP/1.1" 200 OK
api-1       | {"duration_ms": 77.405, "event": "http_request_completed", "level": "info", "method": "GET", "outcome": "success", "path": "/health/ready", "request_id": "61473c26-17d1-4a51-9363-224325f757cd", "status_code": 200, "timestamp": "2026-08-07T12:04:07.888105Z", "trace_id": "2e60845bdfac4d093aade5cc1b7b6bbf"}
api-1       | {"claimed": 50, "event": "outbox_dispatch_batch_completed", "lease_lost": 0, "level": "info", "published": 50, "retry_scheduled": 0, "role": "outbox_dispatcher", "timestamp": "2026-08-07T12:04:08.475783Z"}
api-1       | INFO:     172.18.0.1:60516 - "POST /api/v1/runs HTTP/1.1" 202 Accepted
api-1       | {"api_key_prefix": "evk_5237dfcc3619", "duration_ms": 88.011, "event": "http_request_completed", "level": "info", "method": "POST", "outcome": "success", "path": "/api/v1/runs", "request_id": "53b7f19a-0751-41cb-b0de-f745120ab347", "status_code": 202, "tenant_id": "ab5af908-be70-4f29-8729-5ed3535f4689", "timestamp": "2026-08-07T12:04:08.596780Z", "trace_id": "1a930eedf1431ee7afe86e897698c250"}
api-1       | INFO:     172.18.0.1:60516 - "GET /api/v1/runs/2a14ac7b-04b3-40e2-b938-5bbd2df80e99 HTTP/1.1" 200 OK
api-1       | {"api_key_prefix": "evk_5237dfcc3619", "duration_ms": 60.341, "event": "http_request_completed", "level": "info", "method": "GET", "outcome": "success", "path": "/api/v1/runs/2a14ac7b-04b3-40e2-b938-5bbd2df80e99", "request_id": "ef38a39e-33d8-4bf0-99e1-6b4a6fcb07ff", "status_code": 200, "tenant_id": "ab5af908-be70-4f29-8729-5ed3535f4689", "timestamp": "2026-08-07T12:04:08.658826Z", "trace_id": "343c86927a1fe1c4177af6aef6bb1689"}
api-1       | {"claimed": 50, "event": "outbox_dispatch_batch_completed", "lease_lost": 0, "level": "info", "published": 50, "retry_scheduled": 0, "role": "outbox_dispatcher", "timestamp": "2026-08-07T12:04:09.153421Z"}
api-1       | INFO:     172.18.0.1:60516 - "GET /api/v1/runs/2a14ac7b-04b3-40e2-b938-5bbd2df80e99 HTTP/1.1" 200 OK
api-1       | {"api_key_prefix": "evk_5237dfcc3619", "duration_ms": 60.522, "event": "http_request_completed", "level": "info", "method": "GET", "outcome": "success", "path": "/api/v1/runs/2a14ac7b-04b3-40e2-b938-5bbd2df80e99", "request_id": "a9e8ba4e-769e-445e-9bee-340aa39fd437", "status_code": 200, "tenant_id": "ab5af908-be70-4f29-8729-5ed3535f4689", "timestamp": "2026-08-07T12:04:09.222482Z", "trace_id": "321c58e5ce650b5fe8f0bdab69b01a58"}
api-1       | {"claimed": 50, "event": "outbox_dispatch_batch_completed", "lease_lost": 0, "level": "info", "published": 50, "retry_scheduled": 0, "role": "outbox_dispatcher", "timestamp": "2026-08-07T12:04:09.849914Z"}
api-1       | INFO:     172.18.0.1:60516 - "GET /api/v1/runs/2a14ac7b-04b3-40e2-b938-5bbd2df80e99 HTTP/1.1" 200 OK
api-1       | {"api_key_prefix": "evk_5237dfcc3619", "duration_ms": 170.328, "event": "http_request_completed", "level": "info", "method": "GET", "outcome": "success", "path": "/api/v1/runs/2a14ac7b-04b3-40e2-b938-5bbd2df80e99", "request_id": "33d22aba-8906-408e-a39d-ef1e4097e188", "status_code": 200, "tenant_id": "ab5af908-be70-4f29-8729-5ed3535f4689", "timestamp": "2026-08-07T12:04:09.909273Z", "trace_id": "197d5bd4281d5f305e0ffcc0acf18b12"}
api-1       | {"claimed": 31, "event": "outbox_dispatch_batch_completed", "lease_lost": 0, "level": "info", "published": 31, "retry_scheduled": 0, "role": "outbox_dispatcher", "timestamp": "2026-08-07T12:04:10.475266Z"}
api-1       | INFO:     172.18.0.1:60516 - "GET /api/v1/runs/2a14ac7b-04b3-40e2-b938-5bbd2df80e99 HTTP/1.1" 200 OK
api-1       | {"api_key_prefix": "evk_5237dfcc3619", "duration_ms": 97.172, "event": "http_request_completed", "level": "info", "method": "GET", "outcome": "success", "path": "/api/v1/runs/2a14ac7b-04b3-40e2-b938-5bbd2df80e99", "request_id": "b424671c-611f-4da5-b920-9c983f5272ca", "status_code": 200, "tenant_id": "ab5af908-be70-4f29-8729-5ed3535f4689", "timestamp": "2026-08-07T12:04:10.526116Z", "trace_id": "7824d3bc0be68e72af8ca22074fde793"}
api-1       | INFO:     172.18.0.1:60516 - "GET /api/v1/runs/2a14ac7b-04b3-40e2-b938-5bbd2df80e99/cases?limit=200&sort=case_id HTTP/1.1" 200 OK
api-1       | {"api_key_prefix": "evk_5237dfcc3619", "duration_ms": 66.164, "event": "http_request_completed", "level": "info", "method": "GET", "outcome": "success", "path": "/api/v1/runs/2a14ac7b-04b3-40e2-b938-5bbd2df80e99/cases", "request_id": "dab0965d-99a8-46f2-a07a-adae3328c67f", "status_code": 200, "tenant_id": "ab5af908-be70-4f29-8729-5ed3535f4689", "timestamp": "2026-08-07T12:04:10.594121Z", "trace_id": "eaf7567cd5eab6835cec36e84a09b63c"}
api-1       | {"claimed": 3, "event": "outbox_dispatch_batch_completed", "lease_lost": 0, "level": "info", "published": 3, "retry_scheduled": 0, "role": "outbox_dispatcher", "timestamp": "2026-08-07T12:04:10.994119Z"}
api-1       | INFO:     127.0.0.1:36958 - "GET /metrics HTTP/1.1" 200 OK
api-1       | {"duration_ms": 15.918, "event": "http_request_completed", "level": "info", "method": "GET", "outcome": "success", "path": "/metrics", "request_id": "bb646d7a-f5dc-4e1e-a1f3-2e6aac8d0112", "status_code": 200, "timestamp": "2026-08-07T12:04:11.002570Z", "trace_id": "1fff433c8b603b7c8e144ae0bfb6c793"}
api-1       | {"event": "Context impl PostgresqlImpl.", "level": "info", "request_id": "8f094bf1-bb55-40db-8276-7f8f3b11f907", "timestamp": "2026-08-07T12:04:13.212242Z", "trace_id": "27b5908872af1cdd592a9829b347de9c"}
api-1       | {"event": "Will assume transactional DDL.", "level": "info", "request_id": "8f094bf1-bb55-40db-8276-7f8f3b11f907", "timestamp": "2026-08-07T12:04:13.212385Z", "trace_id": "27b5908872af1cdd592a9829b347de9c"}
api-1       | INFO:     127.0.0.1:36968 - "GET /health/ready HTTP/1.1" 200 OK
api-1       | {"duration_ms": 23.986, "event": "http_request_completed", "level": "info", "method": "GET", "outcome": "success", "path": "/health/ready", "request_id": "8f094bf1-bb55-40db-8276-7f8f3b11f907", "status_code": 200, "timestamp": "2026-08-07T12:04:13.219944Z", "trace_id": "27b5908872af1cdd592a9829b347de9c"}
api-1       | INFO:     172.18.0.1:60516 - "POST /api/v1/runs HTTP/1.1" 202 Accepted
api-1       | {"api_key_prefix": "evk_5237dfcc3619", "duration_ms": 259.614, "event": "http_request_completed", "level": "info", "method": "POST", "outcome": "success", "path": "/api/v1/runs", "request_id": "0d620744-59dc-4b21-9bb0-24a46f466682", "status_code": 202, "tenant_id": "ab5af908-be70-4f29-8729-5ed3535f4689", "timestamp": "2026-08-07T12:04:13.992443Z", "trace_id": "f0dc0b967d621d0a885dfbaca29bce4c"}
api-1       | {"claimed": 4, "event": "outbox_dispatch_batch_completed", "lease_lost": 0, "level": "info", "published": 4, "retry_scheduled": 0, "role": "outbox_dispatcher", "timestamp": "2026-08-07T12:04:14.067350Z"}
api-1       | INFO:     172.18.0.1:60516 - "GET /api/v1/runs/e591a546-fb70-4278-89ad-ecc2af110c9e HTTP/1.1" 200 OK
api-1       | {"api_key_prefix": "evk_5237dfcc3619", "duration_ms": 76.938, "event": "http_request_completed", "level": "info", "method": "GET", "outcome": "success", "path": "/api/v1/runs/e591a546-fb70-4278-89ad-ecc2af110c9e", "request_id": "4eff99f2-e9e7-4146-aa55-0cdfb2343fe6", "status_code": 200, "tenant_id": "ab5af908-be70-4f29-8729-5ed3535f4689", "timestamp": "2026-08-07T12:04:14.071147Z", "trace_id": "66ca7225e9c56343762e0e27315e1bb8"}
api-1       | {"claimed": 50, "event": "outbox_dispatch_batch_completed", "lease_lost": 0, "level": "info", "published": 50, "retry_scheduled": 0, "role": "outbox_dispatcher", "timestamp": "2026-08-07T12:04:14.987299Z"}
api-1       | INFO:     172.18.0.1:60516 - "GET /api/v1/runs/e591a546-fb70-4278-89ad-ecc2af110c9e HTTP/1.1" 200 OK
api-1       | {"api_key_prefix": "evk_5237dfcc3619", "duration_ms": 436.066, "event": "http_request_completed", "level": "info", "method": "GET", "outcome": "success", "path": "/api/v1/runs/e591a546-fb70-4278-89ad-ecc2af110c9e", "request_id": "dcd3f7a3-7072-4be3-802a-13264b2bc314", "status_code": 200, "tenant_id": "ab5af908-be70-4f29-8729-5ed3535f4689", "timestamp": "2026-08-07T12:04:15.011090Z", "trace_id": "cc9a17fbc87a788a63910bec9ed61d0e"}
api-1       | {"claimed": 50, "event": "outbox_dispatch_batch_completed", "lease_lost": 0, "level": "info", "published": 50, "retry_scheduled": 0, "role": "outbox_dispatcher", "timestamp": "2026-08-07T12:04:16.176573Z"}
api-1       | INFO:     172.18.0.1:60516 - "GET /api/v1/runs/e591a546-fb70-4278-89ad-ecc2af110c9e HTTP/1.1" 200 OK
api-1       | {"api_key_prefix": "evk_5237dfcc3619", "duration_ms": 735.487, "event": "http_request_completed", "level": "info", "method": "GET", "outcome": "success", "path": "/api/v1/runs/e591a546-fb70-4278-89ad-ecc2af110c9e", "request_id": "d6fc5e2b-dc83-4fd0-9941-e822d023f516", "status_code": 200, "tenant_id": "ab5af908-be70-4f29-8729-5ed3535f4689", "timestamp": "2026-08-07T12:04:16.248573Z", "trace_id": "8367ed226f7559fe4e7b1517bfb1ff9e"}
api-1       | {"claimed": 50, "event": "outbox_dispatch_batch_completed", "lease_lost": 0, "level": "info", "published": 50, "retry_scheduled": 0, "role": "outbox_dispatcher", "timestamp": "2026-08-07T12:04:16.971112Z"}
api-1       | INFO:     172.18.0.1:60516 - "GET /api/v1/runs/e591a546-fb70-4278-89ad-ecc2af110c9e HTTP/1.1" 200 OK
api-1       | {"api_key_prefix": "evk_5237dfcc3619", "duration_ms": 297.501, "event": "http_request_completed", "level": "info", "method": "GET", "outcome": "success", "path": "/api/v1/runs/e591a546-fb70-4278-89ad-ecc2af110c9e", "request_id": "b4fe7115-96ca-49c8-9132-4d88c5db1284", "status_code": 200, "tenant_id": "ab5af908-be70-4f29-8729-5ed3535f4689", "timestamp": "2026-08-07T12:04:17.071460Z", "trace_id": "ad488c0ddf519cde629bada4e1c68993"}
api-1       | {"claimed": 50, "event": "outbox_dispatch_batch_completed", "lease_lost": 0, "level": "info", "published": 50, "retry_scheduled": 0, "role": "outbox_dispatcher", "timestamp": "2026-08-07T12:04:17.812364Z"}
api-1       | INFO:     172.18.0.1:60516 - "GET /api/v1/runs/e591a546-fb70-4278-89ad-ecc2af110c9e HTTP/1.1" 200 OK
api-1       | {"api_key_prefix": "evk_5237dfcc3619", "duration_ms": 355.219, "event": "http_request_completed", "level": "info", "method": "GET", "outcome": "success", "path": "/api/v1/runs/e591a546-fb70-4278-89ad-ecc2af110c9e", "request_id": "dcfe6f3b-182a-4ef8-8dd2-e4720c863dfe", "status_code": 200, "tenant_id": "ab5af908-be70-4f29-8729-5ed3535f4689", "timestamp": "2026-08-07T12:04:17.958899Z", "trace_id": "06bb11dc28f64004f77cf1850938a877"}
api-1       | {"claimed": 50, "event": "outbox_dispatch_batch_completed", "lease_lost": 0, "level": "info", "published": 50, "retry_scheduled": 0, "role": "outbox_dispatcher", "timestamp": "2026-08-07T12:04:18.762069Z"}
api-1       | {"event": "Context impl PostgresqlImpl.", "level": "info", "request_id": "ccd6501e-0e13-42e9-976a-90c3e12e0da8", "timestamp": "2026-08-07T12:04:18.950248Z", "trace_id": "877f34685ec82f044147f8a8f661a111"}
api-1       | {"event": "Will assume transactional DDL.", "level": "info", "request_id": "ccd6501e-0e13-42e9-976a-90c3e12e0da8", "timestamp": "2026-08-07T12:04:18.950512Z", "trace_id": "877f34685ec82f044147f8a8f661a111"}
api-1       | INFO:     172.18.0.1:60516 - "GET /api/v1/runs/e591a546-fb70-4278-89ad-ecc2af110c9e HTTP/1.1" 200 OK
api-1       | {"api_key_prefix": "evk_5237dfcc3619", "duration_ms": 485.372, "event": "http_request_completed", "level": "info", "method": "GET", "outcome": "success", "path": "/api/v1/runs/e591a546-fb70-4278-89ad-ecc2af110c9e", "request_id": "e0960f3e-48f2-43c0-8da2-6902aef4b4ad", "status_code": 200, "tenant_id": "ab5af908-be70-4f29-8729-5ed3535f4689", "timestamp": "2026-08-07T12:04:18.952065Z", "trace_id": "c27c80c2bd1a1f5c4d6c0334c4400975"}
api-1       | INFO:     127.0.0.1:41268 - "GET /health/ready HTTP/1.1" 200 OK
api-1       | {"duration_ms": 52.201, "event": "http_request_completed", "level": "info", "method": "GET", "outcome": "success", "path": "/health/ready", "request_id": "ccd6501e-0e13-42e9-976a-90c3e12e0da8", "status_code": 200, "timestamp": "2026-08-07T12:04:18.962009Z", "trace_id": "877f34685ec82f044147f8a8f661a111"}
api-1       | {"claimed": 50, "event": "outbox_dispatch_batch_completed", "lease_lost": 0, "level": "info", "published": 50, "retry_scheduled": 0, "role": "outbox_dispatcher", "timestamp": "2026-08-07T12:04:19.571767Z"}
api-1       | INFO:     172.18.0.1:60516 - "GET /api/v1/runs/e591a546-fb70-4278-89ad-ecc2af110c9e HTTP/1.1" 200 OK
api-1       | {"api_key_prefix": "evk_5237dfcc3619", "duration_ms": 209.681, "event": "http_request_completed", "level": "info", "method": "GET", "outcome": "success", "path": "/api/v1/runs/e591a546-fb70-4278-89ad-ecc2af110c9e", "request_id": "1bcadf20-0317-4c21-809d-796c714c21cb", "status_code": 200, "tenant_id": "ab5af908-be70-4f29-8729-5ed3535f4689", "timestamp": "2026-08-07T12:04:19.665796Z", "trace_id": "25e462e953d8e90c3476b3997b1169c5"}
api-1       | {"claimed": 50, "event": "outbox_dispatch_batch_completed", "lease_lost": 0, "level": "info", "published": 50, "retry_scheduled": 0, "role": "outbox_dispatcher", "timestamp": "2026-08-07T12:04:20.258731Z"}
api-1       | INFO:     172.18.0.1:60516 - "GET /api/v1/runs/e591a546-fb70-4278-89ad-ecc2af110c9e HTTP/1.1" 200 OK
api-1       | {"api_key_prefix": "evk_5237dfcc3619", "duration_ms": 155.747, "event": "http_request_completed", "level": "info", "method": "GET", "outcome": "success", "path": "/api/v1/runs/e591a546-fb70-4278-89ad-ecc2af110c9e", "request_id": "f076d9b2-2f43-4dab-a913-554a542fcd74", "status_code": 200, "tenant_id": "ab5af908-be70-4f29-8729-5ed3535f4689", "timestamp": "2026-08-07T12:04:20.327033Z", "trace_id": "4025d9b5fc7563bfa3dd76b8f2e74f6b"}
api-1       | {"claimed": 50, "event": "outbox_dispatch_batch_completed", "lease_lost": 0, "level": "info", "published": 50, "retry_scheduled": 0, "role": "outbox_dispatcher", "timestamp": "2026-08-07T12:04:20.978570Z"}
api-1       | INFO:     172.18.0.1:60516 - "GET /api/v1/runs/e591a546-fb70-4278-89ad-ecc2af110c9e HTTP/1.1" 200 OK
api-1       | {"api_key_prefix": "evk_5237dfcc3619", "duration_ms": 188.423, "event": "http_request_completed", "level": "info", "method": "GET", "outcome": "success", "path": "/api/v1/runs/e591a546-fb70-4278-89ad-ecc2af110c9e", "request_id": "c10f50f8-fb9f-4df9-bcb0-cf63726f16cc", "status_code": 200, "tenant_id": "ab5af908-be70-4f29-8729-5ed3535f4689", "timestamp": "2026-08-07T12:04:21.051270Z", "trace_id": "a22630640cbd2eb220069f903f33621c"}
api-1       | {"claimed": 50, "event": "outbox_dispatch_batch_completed", "lease_lost": 0, "level": "info", "published": 50, "retry_scheduled": 0, "role": "outbox_dispatcher", "timestamp": "2026-08-07T12:04:21.654282Z"}
api-1       | INFO:     172.18.0.1:60516 - "GET /api/v1/runs/e591a546-fb70-4278-89ad-ecc2af110c9e HTTP/1.1" 200 OK
api-1       | {"api_key_prefix": "evk_5237dfcc3619", "duration_ms": 134.719, "event": "http_request_completed", "level": "info", "method": "GET", "outcome": "success", "path": "/api/v1/runs/e591a546-fb70-4278-89ad-ecc2af110c9e", "request_id": "045bcc2f-ba88-4b1b-b2dc-cc624227233e", "status_code": 200, "tenant_id": "ab5af908-be70-4f29-8729-5ed3535f4689", "timestamp": "2026-08-07T12:04:21.714247Z", "trace_id": "60acd62df4c89dfb67846438e3487c33"}
api-1       | INFO:     172.18.0.1:60516 - "GET /api/v1/runs/e591a546-fb70-4278-89ad-ecc2af110c9e/cases?limit=200&sort=case_id HTTP/1.1" 200 OK
api-1       | {"api_key_prefix": "evk_5237dfcc3619", "duration_ms": 75.742, "event": "http_request_completed", "level": "info", "method": "GET", "outcome": "success", "path": "/api/v1/runs/e591a546-fb70-4278-89ad-ecc2af110c9e/cases", "request_id": "c69b9ae8-75e8-46b4-ac87-87ee6276fd79", "status_code": 200, "tenant_id": "ab5af908-be70-4f29-8729-5ed3535f4689", "timestamp": "2026-08-07T12:04:21.791741Z", "trace_id": "04b52486d780d32f2d30e0823a60019d"}
api-1       | INFO:     172.18.0.1:60516 - "GET /api/v1/runs/e591a546-fb70-4278-89ad-ecc2af110c9e/cases?limit=200&sort=case_id&cursor=eyJkaXJlY3Rpb24iOiJhc2MiLCJlcnJvcl9jb2RlIjpudWxsLCJqb2JfaWQiOiJjNzA3ZDdiZi1iMTVlLTQ3ZGUtYTIzZi1hMmRiOTRhYTgyY2UiLCJtZXRyaWMiOm51bGwsInNvcnQiOiJjYXNlX2lkIiwic3RhdHVzIjpudWxsLCJ2IjoxLCJ2YWx1ZSI6ImxvYWQtMDE5OSJ9 HTTP/1.1" 200 OK
api-1       | {"api_key_prefix": "evk_5237dfcc3619", "duration_ms": 73.656, "event": "http_request_completed", "level": "info", "method": "GET", "outcome": "success", "path": "/api/v1/runs/e591a546-fb70-4278-89ad-ecc2af110c9e/cases", "request_id": "e7cb454b-32ee-4788-bc0f-9731fd7d1076", "status_code": 200, "tenant_id": "ab5af908-be70-4f29-8729-5ed3535f4689", "timestamp": "2026-08-07T12:04:21.868223Z", "trace_id": "8db15878c738b60912abc0b27a182f2a"}
api-1       | INFO:     172.18.0.1:60516 - "GET /api/v1/runs/e591a546-fb70-4278-89ad-ecc2af110c9e/cases?limit=200&sort=case_id&cursor=eyJkaXJlY3Rpb24iOiJhc2MiLCJlcnJvcl9jb2RlIjpudWxsLCJqb2JfaWQiOiIyNTdmZWVjNi1jYjczLTQwY2QtYTk5Ny1hYzQ3YTNlN2ZiYjUiLCJtZXRyaWMiOm51bGwsInNvcnQiOiJjYXNlX2lkIiwic3RhdHVzIjpudWxsLCJ2IjoxLCJ2YWx1ZSI6ImxvYWQtMDM5OSJ9 HTTP/1.1" 200 OK
api-1       | {"api_key_prefix": "evk_5237dfcc3619", "duration_ms": 65.5, "event": "http_request_completed", "level": "info", "method": "GET", "outcome": "success", "path": "/api/v1/runs/e591a546-fb70-4278-89ad-ecc2af110c9e/cases", "request_id": "b1f96709-be59-42f9-985f-bd8903451bba", "status_code": 200, "tenant_id": "ab5af908-be70-4f29-8729-5ed3535f4689", "timestamp": "2026-08-07T12:04:21.936518Z", "trace_id": "d4e5c714de8f3cb6c433ea17fa635133"}
api-1       | {"claimed": 50, "event": "outbox_dispatch_batch_completed", "lease_lost": 0, "level": "info", "published": 50, "retry_scheduled": 0, "role": "outbox_dispatcher", "timestamp": "2026-08-07T12:04:22.440487Z"}
api-1       | INFO:     127.0.0.1:41278 - "GET /metrics HTTP/1.1" 200 OK
api-1       | {"duration_ms": 9.476, "event": "http_request_completed", "level": "info", "method": "GET", "outcome": "success", "path": "/metrics", "request_id": "781231dd-32c3-4c98-b0f7-6f397efc3099", "status_code": 200, "timestamp": "2026-08-07T12:04:22.514323Z", "trace_id": "04574368e5cad5abba345a7e0a7ccc3e"}
api-1       | {"claimed": 50, "event": "outbox_dispatch_batch_completed", "lease_lost": 0, "level": "info", "published": 50, "retry_scheduled": 0, "role": "outbox_dispatcher", "timestamp": "2026-08-07T12:04:23.152581Z"}
api-1       | {"claimed": 50, "event": "outbox_dispatch_batch_completed", "lease_lost": 0, "level": "info", "published": 50, "retry_scheduled": 0, "role": "outbox_dispatcher", "timestamp": "2026-08-07T12:04:23.853463Z"}
api-1       | {"event": "Context impl PostgresqlImpl.", "level": "info", "request_id": "8dec24c8-9759-48fa-bc2c-9d3acea9e1a4", "timestamp": "2026-08-07T12:04:24.295686Z", "trace_id": "6a3fdd5f4af464936db1523cc5a13c60"}
api-1       | {"event": "Will assume transactional DDL.", "level": "info", "request_id": "8dec24c8-9759-48fa-bc2c-9d3acea9e1a4", "timestamp": "2026-08-07T12:04:24.295812Z", "trace_id": "6a3fdd5f4af464936db1523cc5a13c60"}
api-1       | INFO:     127.0.0.1:41292 - "GET /health/ready HTTP/1.1" 200 OK
api-1       | {"duration_ms": 24.825, "event": "http_request_completed", "level": "info", "method": "GET", "outcome": "success", "path": "/health/ready", "request_id": "8dec24c8-9759-48fa-bc2c-9d3acea9e1a4", "status_code": 200, "timestamp": "2026-08-07T12:04:24.305152Z", "trace_id": "6a3fdd5f4af464936db1523cc5a13c60"}
api-1       | {"claimed": 50, "event": "outbox_dispatch_batch_completed", "lease_lost": 0, "level": "info", "published": 50, "retry_scheduled": 0, "role": "outbox_dispatcher", "timestamp": "2026-08-07T12:04:24.556715Z"}
api-1       | {"claimed": 50, "event": "outbox_dispatch_batch_completed", "lease_lost": 0, "level": "info", "published": 50, "retry_scheduled": 0, "role": "outbox_dispatcher", "timestamp": "2026-08-07T12:04:25.375034Z"}
api-1       | {"claimed": 50, "event": "outbox_dispatch_batch_completed", "lease_lost": 0, "level": "info", "published": 50, "retry_scheduled": 0, "role": "outbox_dispatcher", "timestamp": "2026-08-07T12:04:26.102602Z"}
api-1       | {"claimed": 50, "event": "outbox_dispatch_batch_completed", "lease_lost": 0, "level": "info", "published": 50, "retry_scheduled": 0, "role": "outbox_dispatcher", "timestamp": "2026-08-07T12:04:26.783289Z"}
api-1       | {"claimed": 50, "event": "outbox_dispatch_batch_completed", "lease_lost": 0, "level": "info", "published": 50, "retry_scheduled": 0, "role": "outbox_dispatcher", "timestamp": "2026-08-07T12:04:27.450934Z"}
api-1       | {"claimed": 50, "event": "outbox_dispatch_batch_completed", "lease_lost": 0, "level": "info", "published": 50, "retry_scheduled": 0, "role": "outbox_dispatcher", "timestamp": "2026-08-07T12:04:28.368050Z"}
api-1       | {"claimed": 50, "event": "outbox_dispatch_batch_completed", "lease_lost": 0, "level": "info", "published": 50, "retry_scheduled": 0, "role": "outbox_dispatcher", "timestamp": "2026-08-07T12:04:29.112267Z"}
api-1       | {"event": "Context impl PostgresqlImpl.", "level": "info", "request_id": "0cd7b355-2420-437a-9720-4ae54ec13714", "timestamp": "2026-08-07T12:04:29.716781Z", "trace_id": "32df9953aa2a27663f6f82f30c33753e"}
api-1       | {"event": "Will assume transactional DDL.", "level": "info", "request_id": "0cd7b355-2420-437a-9720-4ae54ec13714", "timestamp": "2026-08-07T12:04:29.716961Z", "trace_id": "32df9953aa2a27663f6f82f30c33753e"}
api-1       | INFO:     127.0.0.1:59496 - "GET /health/ready HTTP/1.1" 200 OK
api-1       | {"duration_ms": 145.713, "event": "http_request_completed", "level": "info", "method": "GET", "outcome": "success", "path": "/health/ready", "request_id": "0cd7b355-2420-437a-9720-4ae54ec13714", "status_code": 200, "timestamp": "2026-08-07T12:04:29.777943Z", "trace_id": "32df9953aa2a27663f6f82f30c33753e"}
api-1       | {"claimed": 50, "event": "outbox_dispatch_batch_completed", "lease_lost": 0, "level": "info", "published": 50, "retry_scheduled": 0, "role": "outbox_dispatcher", "timestamp": "2026-08-07T12:04:29.855589Z"}
api-1       | {"claimed": 48, "event": "outbox_dispatch_batch_completed", "lease_lost": 0, "level": "info", "published": 48, "retry_scheduled": 0, "role": "outbox_dispatcher", "timestamp": "2026-08-07T12:04:30.560392Z"}
api-1       | INFO:     172.18.0.1:37514 - "POST /api/v1/runs HTTP/1.1" 202 Accepted
api-1       | {"api_key_prefix": "evk_5237dfcc3619", "duration_ms": 89.878, "event": "http_request_completed", "level": "info", "method": "POST", "outcome": "success", "path": "/api/v1/runs", "request_id": "3488d032-1fd9-465a-825f-35250bb165ae", "status_code": 202, "tenant_id": "ab5af908-be70-4f29-8729-5ed3535f4689", "timestamp": "2026-08-07T12:04:31.302861Z", "trace_id": "2a39b7370b14b8de24cea858865c8cd5"}
api-1       | INFO:     172.18.0.1:37514 - "GET /api/v1/runs/f296d7fb-0a47-4d32-8896-9dc3b3405b9c HTTP/1.1" 200 OK
api-1       | {"api_key_prefix": "evk_5237dfcc3619", "duration_ms": 52.617, "event": "http_request_completed", "level": "info", "method": "GET", "outcome": "success", "path": "/api/v1/runs/f296d7fb-0a47-4d32-8896-9dc3b3405b9c", "request_id": "0c8d18f2-dd2c-4f89-895c-6bd4ba0381eb", "status_code": 200, "tenant_id": "ab5af908-be70-4f29-8729-5ed3535f4689", "timestamp": "2026-08-07T12:04:31.357108Z", "trace_id": "5e2b8909faef34897bb841e152dc23e8"}
api-1       | INFO:     172.18.0.1:37514 - "GET /api/v1/runs/f296d7fb-0a47-4d32-8896-9dc3b3405b9c HTTP/1.1" 200 OK
api-1       | {"api_key_prefix": "evk_5237dfcc3619", "duration_ms": 59.911, "event": "http_request_completed", "level": "info", "method": "GET", "outcome": "success", "path": "/api/v1/runs/f296d7fb-0a47-4d32-8896-9dc3b3405b9c", "request_id": "68c26fd0-cf29-4837-a869-48d035cacddf", "status_code": 200, "tenant_id": "ab5af908-be70-4f29-8729-5ed3535f4689", "timestamp": "2026-08-07T12:04:31.919909Z", "trace_id": "8ff7e8fed9209a387db3f43434dffc17"}
api-1       | {"claimed": 22, "event": "outbox_dispatch_batch_completed", "lease_lost": 0, "level": "info", "published": 22, "retry_scheduled": 0, "role": "outbox_dispatcher", "timestamp": "2026-08-07T12:04:32.249490Z"}
api-1       | INFO:     172.18.0.1:37514 - "GET /api/v1/runs/f296d7fb-0a47-4d32-8896-9dc3b3405b9c HTTP/1.1" 200 OK
api-1       | {"api_key_prefix": "evk_5237dfcc3619", "duration_ms": 63.352, "event": "http_request_completed", "level": "info", "method": "GET", "outcome": "success", "path": "/api/v1/runs/f296d7fb-0a47-4d32-8896-9dc3b3405b9c", "request_id": "db796dc0-0b16-4673-9117-047a08241064", "status_code": 200, "tenant_id": "ab5af908-be70-4f29-8729-5ed3535f4689", "timestamp": "2026-08-07T12:04:32.486280Z", "trace_id": "4bbdfcf6e1ad3fd8c2fd3d6f2fc2ce7f"}
api-1       | {"claimed": 32, "event": "outbox_dispatch_batch_completed", "lease_lost": 0, "level": "info", "published": 32, "retry_scheduled": 0, "role": "outbox_dispatcher", "timestamp": "2026-08-07T12:04:32.962860Z"}
api-1       | INFO:     172.18.0.1:37514 - "GET /api/v1/runs/f296d7fb-0a47-4d32-8896-9dc3b3405b9c HTTP/1.1" 200 OK
api-1       | {"api_key_prefix": "evk_5237dfcc3619", "duration_ms": 66.68, "event": "http_request_completed", "level": "info", "method": "GET", "outcome": "success", "path": "/api/v1/runs/f296d7fb-0a47-4d32-8896-9dc3b3405b9c", "request_id": "b184fc21-fb30-4c3c-8cdc-1c8114c8d2ca", "status_code": 200, "tenant_id": "ab5af908-be70-4f29-8729-5ed3535f4689", "timestamp": "2026-08-07T12:04:33.055668Z", "trace_id": "b7a68822e68a821268eb6cde41ffd393"}
api-1       | {"claimed": 33, "event": "outbox_dispatch_batch_completed", "lease_lost": 0, "level": "info", "published": 33, "retry_scheduled": 0, "role": "outbox_dispatcher", "timestamp": "2026-08-07T12:04:33.649514Z"}
api-1       | INFO:     172.18.0.1:37514 - "GET /api/v1/runs/f296d7fb-0a47-4d32-8896-9dc3b3405b9c HTTP/1.1" 200 OK
api-1       | {"api_key_prefix": "evk_5237dfcc3619", "duration_ms": 142.433, "event": "http_request_completed", "level": "info", "method": "GET", "outcome": "success", "path": "/api/v1/runs/f296d7fb-0a47-4d32-8896-9dc3b3405b9c", "request_id": "8c8be2f4-85a8-4daa-ab46-b0a09615ea07", "status_code": 200, "tenant_id": "ab5af908-be70-4f29-8729-5ed3535f4689", "timestamp": "2026-08-07T12:04:33.706498Z", "trace_id": "8a925de90ef206ac72abf80bffbfa367"}
api-1       | {"claimed": 16, "event": "outbox_dispatch_batch_completed", "lease_lost": 0, "level": "info", "published": 16, "retry_scheduled": 0, "role": "outbox_dispatcher", "timestamp": "2026-08-07T12:04:34.262346Z"}
api-1       | INFO:     172.18.0.1:37514 - "GET /api/v1/runs/f296d7fb-0a47-4d32-8896-9dc3b3405b9c HTTP/1.1" 200 OK
api-1       | {"api_key_prefix": "evk_5237dfcc3619", "duration_ms": 93.784, "event": "http_request_completed", "level": "info", "method": "GET", "outcome": "success", "path": "/api/v1/runs/f296d7fb-0a47-4d32-8896-9dc3b3405b9c", "request_id": "0077ba67-5377-4399-b221-6ded0627e7d9", "status_code": 200, "tenant_id": "ab5af908-be70-4f29-8729-5ed3535f4689", "timestamp": "2026-08-07T12:04:34.313980Z", "trace_id": "0fe782c3154251f7176ad34adb7d228f"}
api-1       | {"claimed": 3, "event": "outbox_dispatch_batch_completed", "lease_lost": 0, "level": "info", "published": 3, "retry_scheduled": 0, "role": "outbox_dispatcher", "timestamp": "2026-08-07T12:04:34.774558Z"}
api-1       | INFO:     172.18.0.1:37514 - "GET /api/v1/runs/f296d7fb-0a47-4d32-8896-9dc3b3405b9c HTTP/1.1" 200 OK
api-1       | {"api_key_prefix": "evk_5237dfcc3619", "duration_ms": 94.775, "event": "http_request_completed", "level": "info", "method": "GET", "outcome": "success", "path": "/api/v1/runs/f296d7fb-0a47-4d32-8896-9dc3b3405b9c", "request_id": "86cdabf1-e4f1-468b-9c3f-a853c25e59f1", "status_code": 200, "tenant_id": "ab5af908-be70-4f29-8729-5ed3535f4689", "timestamp": "2026-08-07T12:04:34.911218Z", "trace_id": "1539b87abbb73b10af5ff0b54809617c"}
api-1       | INFO:     172.18.0.1:37514 - "GET /api/v1/runs/f296d7fb-0a47-4d32-8896-9dc3b3405b9c/cases?limit=200&sort=case_id HTTP/1.1" 200 OK
api-1       | {"api_key_prefix": "evk_5237dfcc3619", "duration_ms": 107.033, "event": "http_request_completed", "level": "info", "method": "GET", "outcome": "success", "path": "/api/v1/runs/f296d7fb-0a47-4d32-8896-9dc3b3405b9c/cases", "request_id": "0ef40eb9-0891-414c-8597-19c42a231314", "status_code": 200, "tenant_id": "ab5af908-be70-4f29-8729-5ed3535f4689", "timestamp": "2026-08-07T12:04:35.020361Z", "trace_id": "36a8e95ef202585e588184560d4597d3"}
api-1       | {"event": "Context impl PostgresqlImpl.", "level": "info", "request_id": "2f86ccc9-89b5-4eee-bb69-62c3c22ea01f", "timestamp": "2026-08-07T12:04:35.232480Z", "trace_id": "a8545e1fdb77fe5b8275c24f3868e95c"}
api-1       | {"event": "Will assume transactional DDL.", "level": "info", "request_id": "2f86ccc9-89b5-4eee-bb69-62c3c22ea01f", "timestamp": "2026-08-07T12:04:35.232634Z", "trace_id": "a8545e1fdb77fe5b8275c24f3868e95c"}
api-1       | INFO:     127.0.0.1:59526 - "GET /health/ready HTTP/1.1" 200 OK
api-1       | {"duration_ms": 23.727, "event": "http_request_completed", "level": "info", "method": "GET", "outcome": "success", "path": "/health/ready", "request_id": "2f86ccc9-89b5-4eee-bb69-62c3c22ea01f", "status_code": 200, "timestamp": "2026-08-07T12:04:35.240245Z", "trace_id": "a8545e1fdb77fe5b8275c24f3868e95c"}
api-1       | INFO:     127.0.0.1:59530 - "GET /metrics HTTP/1.1" 200 OK
api-1       | {"duration_ms": 10.243, "event": "http_request_completed", "level": "info", "method": "GET", "outcome": "success", "path": "/metrics", "request_id": "a4f01e7c-3eeb-4ae0-a5fb-65cc4246936c", "status_code": 200, "timestamp": "2026-08-07T12:04:35.519458Z", "trace_id": "d9177148a7220804cf44cdf25019f9fb"}
api-1       | INFO:     172.18.0.1:37514 - "POST /api/v1/runs HTTP/1.1" 202 Accepted
api-1       | {"api_key_prefix": "evk_5237dfcc3619", "duration_ms": 199.015, "event": "http_request_completed", "level": "info", "method": "POST", "outcome": "success", "path": "/api/v1/runs", "request_id": "d423103a-a138-47a3-8e2e-d824a3b43747", "status_code": 202, "tenant_id": "ab5af908-be70-4f29-8729-5ed3535f4689", "timestamp": "2026-08-07T12:04:36.327073Z", "trace_id": "10a6c5590eec86c8191d2f79444087e1"}
api-1       | INFO:     172.18.0.1:37514 - "GET /api/v1/runs/1493c68d-8435-4e4c-b4ce-7e4814dda8cd HTTP/1.1" 200 OK
api-1       | {"api_key_prefix": "evk_5237dfcc3619", "duration_ms": 52.408, "event": "http_request_completed", "level": "info", "method": "GET", "outcome": "success", "path": "/api/v1/runs/1493c68d-8435-4e4c-b4ce-7e4814dda8cd", "request_id": "8446dd85-cf9a-4e20-8945-9e035daa3fe2", "status_code": 200, "tenant_id": "ab5af908-be70-4f29-8729-5ed3535f4689", "timestamp": "2026-08-07T12:04:36.381145Z", "trace_id": "f1a7cc777d05072c06afb4ff19bb3459"}
api-1       | {"claimed": 20, "event": "outbox_dispatch_batch_completed", "lease_lost": 0, "level": "info", "published": 20, "retry_scheduled": 0, "role": "outbox_dispatcher", "timestamp": "2026-08-07T12:04:36.958124Z"}
api-1       | INFO:     172.18.0.1:37514 - "GET /api/v1/runs/1493c68d-8435-4e4c-b4ce-7e4814dda8cd HTTP/1.1" 200 OK
api-1       | {"api_key_prefix": "evk_5237dfcc3619", "duration_ms": 84.429, "event": "http_request_completed", "level": "info", "method": "GET", "outcome": "success", "path": "/api/v1/runs/1493c68d-8435-4e4c-b4ce-7e4814dda8cd", "request_id": "513a2c6a-8d1a-4308-9095-1bdfe995bdd1", "status_code": 200, "tenant_id": "ab5af908-be70-4f29-8729-5ed3535f4689", "timestamp": "2026-08-07T12:04:36.977411Z", "trace_id": "9682a3bd5a5f030d2f385b6242710770"}
api-1       | {"claimed": 30, "event": "outbox_dispatch_batch_completed", "lease_lost": 0, "level": "info", "published": 30, "retry_scheduled": 0, "role": "outbox_dispatcher", "timestamp": "2026-08-07T12:04:37.591055Z"}
api-1       | INFO:     172.18.0.1:37514 - "GET /api/v1/runs/1493c68d-8435-4e4c-b4ce-7e4814dda8cd HTTP/1.1" 200 OK
api-1       | {"api_key_prefix": "evk_5237dfcc3619", "duration_ms": 206.867, "event": "http_request_completed", "level": "info", "method": "GET", "outcome": "success", "path": "/api/v1/runs/1493c68d-8435-4e4c-b4ce-7e4814dda8cd", "request_id": "3deb3cbf-65f1-4d3b-8d42-f59e132e4946", "status_code": 200, "tenant_id": "ab5af908-be70-4f29-8729-5ed3535f4689", "timestamp": "2026-08-07T12:04:37.704943Z", "trace_id": "bdda5d988e5f1565483d4568f777754f"}
api-1       | {"claimed": 26, "event": "outbox_dispatch_batch_completed", "lease_lost": 0, "level": "info", "published": 26, "retry_scheduled": 0, "role": "outbox_dispatcher", "timestamp": "2026-08-07T12:04:38.252328Z"}
api-1       | INFO:     172.18.0.1:37514 - "GET /api/v1/runs/1493c68d-8435-4e4c-b4ce-7e4814dda8cd HTTP/1.1" 200 OK
api-1       | {"api_key_prefix": "evk_5237dfcc3619", "duration_ms": 108.422, "event": "http_request_completed", "level": "info", "method": "GET", "outcome": "success", "path": "/api/v1/runs/1493c68d-8435-4e4c-b4ce-7e4814dda8cd", "request_id": "670a32ed-8cf3-432c-9b72-138e5e945c8d", "status_code": 200, "tenant_id": "ab5af908-be70-4f29-8729-5ed3535f4689", "timestamp": "2026-08-07T12:04:38.316527Z", "trace_id": "7b768b52a1d8fc68e680929d3cf5f5d1"}
api-1       | {"claimed": 30, "event": "outbox_dispatch_batch_completed", "lease_lost": 0, "level": "info", "published": 30, "retry_scheduled": 0, "role": "outbox_dispatcher", "timestamp": "2026-08-07T12:04:38.976709Z"}
api-1       | INFO:     172.18.0.1:37514 - "GET /api/v1/runs/1493c68d-8435-4e4c-b4ce-7e4814dda8cd HTTP/1.1" 200 OK
api-1       | {"api_key_prefix": "evk_5237dfcc3619", "duration_ms": 156.416, "event": "http_request_completed", "level": "info", "method": "GET", "outcome": "success", "path": "/api/v1/runs/1493c68d-8435-4e4c-b4ce-7e4814dda8cd", "request_id": "e3723861-eb0c-4e42-a3e7-a201d23e1724", "status_code": 200, "tenant_id": "ab5af908-be70-4f29-8729-5ed3535f4689", "timestamp": "2026-08-07T12:04:39.030091Z", "trace_id": "5cea0b7089d74d72728fa6dd30a66c09"}
api-1       | {"claimed": 30, "event": "outbox_dispatch_batch_completed", "lease_lost": 0, "level": "info", "published": 30, "retry_scheduled": 0, "role": "outbox_dispatcher", "timestamp": "2026-08-07T12:04:39.659658Z"}
api-1       | INFO:     172.18.0.1:37514 - "GET /api/v1/runs/1493c68d-8435-4e4c-b4ce-7e4814dda8cd HTTP/1.1" 200 OK
api-1       | {"api_key_prefix": "evk_5237dfcc3619", "duration_ms": 163.721, "event": "http_request_completed", "level": "info", "method": "GET", "outcome": "success", "path": "/api/v1/runs/1493c68d-8435-4e4c-b4ce-7e4814dda8cd", "request_id": "bbc76811-dedc-463e-8d6b-5ef6945d18fe", "status_code": 200, "tenant_id": "ab5af908-be70-4f29-8729-5ed3535f4689", "timestamp": "2026-08-07T12:04:39.720881Z", "trace_id": "643f6da580cc1d0655a04943a7fcc76b"}
api-1       | {"claimed": 30, "event": "outbox_dispatch_batch_completed", "lease_lost": 0, "level": "info", "published": 30, "retry_scheduled": 0, "role": "outbox_dispatcher", "timestamp": "2026-08-07T12:04:40.353994Z"}
api-1       | INFO:     172.18.0.1:37514 - "GET /api/v1/runs/1493c68d-8435-4e4c-b4ce-7e4814dda8cd HTTP/1.1" 200 OK
api-1       | {"api_key_prefix": "evk_5237dfcc3619", "duration_ms": 205.417, "event": "http_request_completed", "level": "info", "method": "GET", "outcome": "success", "path": "/api/v1/runs/1493c68d-8435-4e4c-b4ce-7e4814dda8cd", "request_id": "cf3f150f-7c69-48e8-9cc8-58c5fdd5cdce", "status_code": 200, "tenant_id": "ab5af908-be70-4f29-8729-5ed3535f4689", "timestamp": "2026-08-07T12:04:40.443711Z", "trace_id": "68296126a8e2d519613e0cebec3ab8f5"}
api-1       | {"event": "Context impl PostgresqlImpl.", "level": "info", "request_id": "3e9b5597-be3e-43f9-8625-b8bbac25dfc2", "timestamp": "2026-08-07T12:04:40.648497Z", "trace_id": "a80880fca2a84af4d5f58367c36008cb"}
api-1       | {"event": "Will assume transactional DDL.", "level": "info", "request_id": "3e9b5597-be3e-43f9-8625-b8bbac25dfc2", "timestamp": "2026-08-07T12:04:40.648624Z", "trace_id": "a80880fca2a84af4d5f58367c36008cb"}
api-1       | INFO:     127.0.0.1:49322 - "GET /health/ready HTTP/1.1" 200 OK
api-1       | {"duration_ms": 24.868, "event": "http_request_completed", "level": "info", "method": "GET", "outcome": "success", "path": "/health/ready", "request_id": "3e9b5597-be3e-43f9-8625-b8bbac25dfc2", "status_code": 200, "timestamp": "2026-08-07T12:04:40.657263Z", "trace_id": "a80880fca2a84af4d5f58367c36008cb"}
api-1       | {"claimed": 29, "event": "outbox_dispatch_batch_completed", "lease_lost": 0, "level": "info", "published": 29, "retry_scheduled": 0, "role": "outbox_dispatcher", "timestamp": "2026-08-07T12:04:40.985711Z"}
api-1       | INFO:     172.18.0.1:37514 - "GET /api/v1/runs/1493c68d-8435-4e4c-b4ce-7e4814dda8cd HTTP/1.1" 200 OK
api-1       | {"api_key_prefix": "evk_5237dfcc3619", "duration_ms": 103.559, "event": "http_request_completed", "level": "info", "method": "GET", "outcome": "success", "path": "/api/v1/runs/1493c68d-8435-4e4c-b4ce-7e4814dda8cd", "request_id": "6842b2d8-d6da-4dd3-8229-1c6d638ffd19", "status_code": 200, "tenant_id": "ab5af908-be70-4f29-8729-5ed3535f4689", "timestamp": "2026-08-07T12:04:41.054929Z", "trace_id": "170090f22aada3a7a1205fa2e2802a12"}
api-1       | {"claimed": 28, "event": "outbox_dispatch_batch_completed", "lease_lost": 0, "level": "info", "published": 28, "retry_scheduled": 0, "role": "outbox_dispatcher", "timestamp": "2026-08-07T12:04:41.610165Z"}
api-1       | INFO:     172.18.0.1:37514 - "GET /api/v1/runs/1493c68d-8435-4e4c-b4ce-7e4814dda8cd HTTP/1.1" 200 OK
api-1       | {"api_key_prefix": "evk_5237dfcc3619", "duration_ms": 96.451, "event": "http_request_completed", "level": "info", "method": "GET", "outcome": "success", "path": "/api/v1/runs/1493c68d-8435-4e4c-b4ce-7e4814dda8cd", "request_id": "3090eb27-fdaa-4872-9ea4-91046d34173b", "status_code": 200, "tenant_id": "ab5af908-be70-4f29-8729-5ed3535f4689", "timestamp": "2026-08-07T12:04:41.668606Z", "trace_id": "7837f1575b77bfd9b1ac0422b73c5d49"}
api-1       | {"claimed": 28, "event": "outbox_dispatch_batch_completed", "lease_lost": 0, "level": "info", "published": 28, "retry_scheduled": 0, "role": "outbox_dispatcher", "timestamp": "2026-08-07T12:04:42.274796Z"}
api-1       | INFO:     172.18.0.1:37514 - "GET /api/v1/runs/1493c68d-8435-4e4c-b4ce-7e4814dda8cd HTTP/1.1" 200 OK
api-1       | {"api_key_prefix": "evk_5237dfcc3619", "duration_ms": 144.889, "event": "http_request_completed", "level": "info", "method": "GET", "outcome": "success", "path": "/api/v1/runs/1493c68d-8435-4e4c-b4ce-7e4814dda8cd", "request_id": "a71bc75a-05ab-470b-90b0-4e36628cbd28", "status_code": 200, "tenant_id": "ab5af908-be70-4f29-8729-5ed3535f4689", "timestamp": "2026-08-07T12:04:42.333590Z", "trace_id": "17414bc11cc7d0cf92099cbffdd79356"}
api-1       | {"claimed": 31, "event": "outbox_dispatch_batch_completed", "lease_lost": 0, "level": "info", "published": 31, "retry_scheduled": 0, "role": "outbox_dispatcher", "timestamp": "2026-08-07T12:04:42.957947Z"}
api-1       | INFO:     172.18.0.1:37514 - "GET /api/v1/runs/1493c68d-8435-4e4c-b4ce-7e4814dda8cd HTTP/1.1" 200 OK
api-1       | {"api_key_prefix": "evk_5237dfcc3619", "duration_ms": 112.306, "event": "http_request_completed", "level": "info", "method": "GET", "outcome": "success", "path": "/api/v1/runs/1493c68d-8435-4e4c-b4ce-7e4814dda8cd", "request_id": "18d087d3-a97b-4755-b9a6-e03a998908db", "status_code": 200, "tenant_id": "ab5af908-be70-4f29-8729-5ed3535f4689", "timestamp": "2026-08-07T12:04:42.964210Z", "trace_id": "585ca56e2e0316b128e4f913d84a7966"}
api-1       | {"claimed": 30, "event": "outbox_dispatch_batch_completed", "lease_lost": 0, "level": "info", "published": 30, "retry_scheduled": 0, "role": "outbox_dispatcher", "timestamp": "2026-08-07T12:04:43.650710Z"}
api-1       | INFO:     172.18.0.1:37514 - "GET /api/v1/runs/1493c68d-8435-4e4c-b4ce-7e4814dda8cd HTTP/1.1" 200 OK
api-1       | {"api_key_prefix": "evk_5237dfcc3619", "duration_ms": 192.778, "event": "http_request_completed", "level": "info", "method": "GET", "outcome": "success", "path": "/api/v1/runs/1493c68d-8435-4e4c-b4ce-7e4814dda8cd", "request_id": "57f08742-5ec9-4835-b546-829aa25fd798", "status_code": 200, "tenant_id": "ab5af908-be70-4f29-8729-5ed3535f4689", "timestamp": "2026-08-07T12:04:43.660140Z", "trace_id": "89d0f236412db4ab04a9c90b829b9cf4"}
api-1       | {"claimed": 34, "event": "outbox_dispatch_batch_completed", "lease_lost": 0, "level": "info", "published": 34, "retry_scheduled": 0, "role": "outbox_dispatcher", "timestamp": "2026-08-07T12:04:44.288823Z"}
api-1       | INFO:     172.18.0.1:37514 - "GET /api/v1/runs/1493c68d-8435-4e4c-b4ce-7e4814dda8cd HTTP/1.1" 200 OK
api-1       | {"api_key_prefix": "evk_5237dfcc3619", "duration_ms": 194.415, "event": "http_request_completed", "level": "info", "method": "GET", "outcome": "success", "path": "/api/v1/runs/1493c68d-8435-4e4c-b4ce-7e4814dda8cd", "request_id": "9cbf73f8-8573-472b-9c40-18b753f5fd22", "status_code": 200, "tenant_id": "ab5af908-be70-4f29-8729-5ed3535f4689", "timestamp": "2026-08-07T12:04:44.362977Z", "trace_id": "c157842c2f4bc2a14f5546d8b872e648"}
api-1       | {"claimed": 28, "event": "outbox_dispatch_batch_completed", "lease_lost": 0, "level": "info", "published": 28, "retry_scheduled": 0, "role": "outbox_dispatcher", "timestamp": "2026-08-07T12:04:44.961235Z"}
api-1       | INFO:     172.18.0.1:37514 - "GET /api/v1/runs/1493c68d-8435-4e4c-b4ce-7e4814dda8cd HTTP/1.1" 200 OK
api-1       | {"api_key_prefix": "evk_5237dfcc3619", "duration_ms": 95.158, "event": "http_request_completed", "level": "info", "method": "GET", "outcome": "success", "path": "/api/v1/runs/1493c68d-8435-4e4c-b4ce-7e4814dda8cd", "request_id": "91678855-6061-40fe-902d-b9046a1476ea", "status_code": 200, "tenant_id": "ab5af908-be70-4f29-8729-5ed3535f4689", "timestamp": "2026-08-07T12:04:44.969195Z", "trace_id": "48c97580fa0c1aa15d320410cb37f924"}
api-1       | {"claimed": 31, "event": "outbox_dispatch_batch_completed", "lease_lost": 0, "level": "info", "published": 31, "retry_scheduled": 0, "role": "outbox_dispatcher", "timestamp": "2026-08-07T12:04:45.656746Z"}
api-1       | INFO:     172.18.0.1:37514 - "GET /api/v1/runs/1493c68d-8435-4e4c-b4ce-7e4814dda8cd HTTP/1.1" 200 OK
api-1       | {"api_key_prefix": "evk_5237dfcc3619", "duration_ms": 195.751, "event": "http_request_completed", "level": "info", "method": "GET", "outcome": "success", "path": "/api/v1/runs/1493c68d-8435-4e4c-b4ce-7e4814dda8cd", "request_id": "10cc212c-e9df-48d3-8370-9d60d400dcf7", "status_code": 200, "tenant_id": "ab5af908-be70-4f29-8729-5ed3535f4689", "timestamp": "2026-08-07T12:04:45.667716Z", "trace_id": "bc8846f6e90c2ce5c9051c8ed2316bd6"}
api-1       | {"event": "Context impl PostgresqlImpl.", "level": "info", "request_id": "2578ed84-96e8-44a6-9c57-afdbd72fec5b", "timestamp": "2026-08-07T12:04:45.981352Z", "trace_id": "6d6570340b173fbba4f7b9f50001ca8e"}
api-1       | {"event": "Will assume transactional DDL.", "level": "info", "request_id": "2578ed84-96e8-44a6-9c57-afdbd72fec5b", "timestamp": "2026-08-07T12:04:45.981481Z", "trace_id": "6d6570340b173fbba4f7b9f50001ca8e"}
api-1       | INFO:     127.0.0.1:49324 - "GET /health/ready HTTP/1.1" 200 OK
api-1       | {"duration_ms": 22.144, "event": "http_request_completed", "level": "info", "method": "GET", "outcome": "success", "path": "/health/ready", "request_id": "2578ed84-96e8-44a6-9c57-afdbd72fec5b", "status_code": 200, "timestamp": "2026-08-07T12:04:45.988622Z", "trace_id": "6d6570340b173fbba4f7b9f50001ca8e"}
api-1       | {"claimed": 33, "event": "outbox_dispatch_batch_completed", "lease_lost": 0, "level": "info", "published": 33, "retry_scheduled": 0, "role": "outbox_dispatcher", "timestamp": "2026-08-07T12:04:46.350949Z"}
api-1       | INFO:     172.18.0.1:37514 - "GET /api/v1/runs/1493c68d-8435-4e4c-b4ce-7e4814dda8cd HTTP/1.1" 200 OK
api-1       | {"api_key_prefix": "evk_5237dfcc3619", "duration_ms": 233.433, "event": "http_request_completed", "level": "info", "method": "GET", "outcome": "success", "path": "/api/v1/runs/1493c68d-8435-4e4c-b4ce-7e4814dda8cd", "request_id": "0a137ac0-152f-4ac1-b0a3-6a42f78d388e", "status_code": 200, "tenant_id": "ab5af908-be70-4f29-8729-5ed3535f4689", "timestamp": "2026-08-07T12:04:46.413636Z", "trace_id": "3b333e19d485eca9195e3c0ac84c1143"}
api-1       | {"claimed": 30, "event": "outbox_dispatch_batch_completed", "lease_lost": 0, "level": "info", "published": 30, "retry_scheduled": 0, "role": "outbox_dispatcher", "timestamp": "2026-08-07T12:04:46.980922Z"}
api-1       | INFO:     172.18.0.1:37514 - "GET /api/v1/runs/1493c68d-8435-4e4c-b4ce-7e4814dda8cd HTTP/1.1" 200 OK
api-1       | {"api_key_prefix": "evk_5237dfcc3619", "duration_ms": 115.725, "event": "http_request_completed", "level": "info", "method": "GET", "outcome": "success", "path": "/api/v1/runs/1493c68d-8435-4e4c-b4ce-7e4814dda8cd", "request_id": "ca5b058a-8887-484b-89f6-2078bf8fd8ef", "status_code": 200, "tenant_id": "ab5af908-be70-4f29-8729-5ed3535f4689", "timestamp": "2026-08-07T12:04:47.050296Z", "trace_id": "f6ec22f44b1797a7a0f36326a2a210a4"}
api-1       | {"claimed": 30, "event": "outbox_dispatch_batch_completed", "lease_lost": 0, "level": "info", "published": 30, "retry_scheduled": 0, "role": "outbox_dispatcher", "timestamp": "2026-08-07T12:04:47.673211Z"}
api-1       | INFO:     172.18.0.1:37514 - "GET /api/v1/runs/1493c68d-8435-4e4c-b4ce-7e4814dda8cd HTTP/1.1" 200 OK
api-1       | {"api_key_prefix": "evk_5237dfcc3619", "duration_ms": 160.914, "event": "http_request_completed", "level": "info", "method": "GET", "outcome": "success", "path": "/api/v1/runs/1493c68d-8435-4e4c-b4ce-7e4814dda8cd", "request_id": "b82d3c7f-cb9f-4e62-82e4-985c0439e232", "status_code": 200, "tenant_id": "ab5af908-be70-4f29-8729-5ed3535f4689", "timestamp": "2026-08-07T12:04:47.729612Z", "trace_id": "ad7511c6ef94c325bc548a6fbbb4fe80"}
api-1       | {"claimed": 34, "event": "outbox_dispatch_batch_completed", "lease_lost": 0, "level": "info", "published": 34, "retry_scheduled": 0, "role": "outbox_dispatcher", "timestamp": "2026-08-07T12:04:48.353480Z"}
api-1       | INFO:     172.18.0.1:37514 - "GET /api/v1/runs/1493c68d-8435-4e4c-b4ce-7e4814dda8cd HTTP/1.1" 200 OK
api-1       | {"api_key_prefix": "evk_5237dfcc3619", "duration_ms": 169.854, "event": "http_request_completed", "level": "info", "method": "GET", "outcome": "success", "path": "/api/v1/runs/1493c68d-8435-4e4c-b4ce-7e4814dda8cd", "request_id": "75593f8f-dc54-4819-8b72-cc1b51981f9f", "status_code": 200, "tenant_id": "ab5af908-be70-4f29-8729-5ed3535f4689", "timestamp": "2026-08-07T12:04:48.415625Z", "trace_id": "7c2a810642d70066432b950e997d2c3e"}
api-1       | {"claimed": 30, "event": "outbox_dispatch_batch_completed", "lease_lost": 0, "level": "info", "published": 30, "retry_scheduled": 0, "role": "outbox_dispatcher", "timestamp": "2026-08-07T12:04:49.055764Z"}
api-1       | INFO:     172.18.0.1:37514 - "GET /api/v1/runs/1493c68d-8435-4e4c-b4ce-7e4814dda8cd HTTP/1.1" 200 OK
api-1       | {"api_key_prefix": "evk_5237dfcc3619", "duration_ms": 143.213, "event": "http_request_completed", "level": "info", "method": "GET", "outcome": "success", "path": "/api/v1/runs/1493c68d-8435-4e4c-b4ce-7e4814dda8cd", "request_id": "ba79bb5b-4057-4426-a7a2-74412ba3d1c9", "status_code": 200, "tenant_id": "ab5af908-be70-4f29-8729-5ed3535f4689", "timestamp": "2026-08-07T12:04:49.076945Z", "trace_id": "473b57416ef008ba033c3433ca982ce1"}
api-1       | {"claimed": 30, "event": "outbox_dispatch_batch_completed", "lease_lost": 0, "level": "info", "published": 30, "retry_scheduled": 0, "role": "outbox_dispatcher", "timestamp": "2026-08-07T12:04:49.749677Z"}
api-1       | INFO:     172.18.0.1:37514 - "GET /api/v1/runs/1493c68d-8435-4e4c-b4ce-7e4814dda8cd HTTP/1.1" 200 OK
api-1       | {"api_key_prefix": "evk_5237dfcc3619", "duration_ms": 178.798, "event": "http_request_completed", "level": "info", "method": "GET", "outcome": "success", "path": "/api/v1/runs/1493c68d-8435-4e4c-b4ce-7e4814dda8cd", "request_id": "bb5b06fa-cc95-4e94-bc2c-8505590371f5", "status_code": 200, "tenant_id": "ab5af908-be70-4f29-8729-5ed3535f4689", "timestamp": "2026-08-07T12:04:49.781778Z", "trace_id": "14d60a2a2f6f19496f3fb4705561f47d"}
api-1       | {"claimed": 28, "event": "outbox_dispatch_batch_completed", "lease_lost": 0, "level": "info", "published": 28, "retry_scheduled": 0, "role": "outbox_dispatcher", "timestamp": "2026-08-07T12:04:50.377754Z"}
api-1       | INFO:     172.18.0.1:37514 - "GET /api/v1/runs/1493c68d-8435-4e4c-b4ce-7e4814dda8cd HTTP/1.1" 200 OK
api-1       | {"api_key_prefix": "evk_5237dfcc3619", "duration_ms": 141.012, "event": "http_request_completed", "level": "info", "method": "GET", "outcome": "success", "path": "/api/v1/runs/1493c68d-8435-4e4c-b4ce-7e4814dda8cd", "request_id": "0e5d8365-93f9-4356-8386-670ba9d740c8", "status_code": 200, "tenant_id": "ab5af908-be70-4f29-8729-5ed3535f4689", "timestamp": "2026-08-07T12:04:50.429283Z", "trace_id": "b0394eee6aab2b6d240eaab5d36f0905"}
api-1       | {"claimed": 30, "event": "outbox_dispatch_batch_completed", "lease_lost": 0, "level": "info", "published": 30, "retry_scheduled": 0, "role": "outbox_dispatcher", "timestamp": "2026-08-07T12:04:51.056778Z"}
api-1       | INFO:     172.18.0.1:37514 - "GET /api/v1/runs/1493c68d-8435-4e4c-b4ce-7e4814dda8cd HTTP/1.1" 200 OK
api-1       | {"api_key_prefix": "evk_5237dfcc3619", "duration_ms": 180.809, "event": "http_request_completed", "level": "info", "method": "GET", "outcome": "success", "path": "/api/v1/runs/1493c68d-8435-4e4c-b4ce-7e4814dda8cd", "request_id": "07439007-4103-48a4-8169-8c78715f51b4", "status_code": 200, "tenant_id": "ab5af908-be70-4f29-8729-5ed3535f4689", "timestamp": "2026-08-07T12:04:51.138618Z", "trace_id": "90bcbcd639ea56819ed0f6535fc363a4"}
api-1       | {"event": "Context impl PostgresqlImpl.", "level": "info", "request_id": "6a255bca-a1e1-488d-84d2-bbf19c9952f1", "timestamp": "2026-08-07T12:04:51.351693Z", "trace_id": "3aba3f93ef6e0ab6d9442c61ed3fcbcd"}
api-1       | {"event": "Will assume transactional DDL.", "level": "info", "request_id": "6a255bca-a1e1-488d-84d2-bbf19c9952f1", "timestamp": "2026-08-07T12:04:51.351819Z", "trace_id": "3aba3f93ef6e0ab6d9442c61ed3fcbcd"}
api-1       | INFO:     127.0.0.1:53068 - "GET /health/ready HTTP/1.1" 200 OK
api-1       | {"duration_ms": 25.209, "event": "http_request_completed", "level": "info", "method": "GET", "outcome": "success", "path": "/health/ready", "request_id": "6a255bca-a1e1-488d-84d2-bbf19c9952f1", "status_code": 200, "timestamp": "2026-08-07T12:04:51.358704Z", "trace_id": "3aba3f93ef6e0ab6d9442c61ed3fcbcd"}
api-1       | {"claimed": 32, "event": "outbox_dispatch_batch_completed", "lease_lost": 0, "level": "info", "published": 32, "retry_scheduled": 0, "role": "outbox_dispatcher", "timestamp": "2026-08-07T12:04:51.695421Z"}
api-1       | INFO:     172.18.0.1:37514 - "GET /api/v1/runs/1493c68d-8435-4e4c-b4ce-7e4814dda8cd HTTP/1.1" 200 OK
api-1       | {"api_key_prefix": "evk_5237dfcc3619", "duration_ms": 109.674, "event": "http_request_completed", "level": "info", "method": "GET", "outcome": "success", "path": "/api/v1/runs/1493c68d-8435-4e4c-b4ce-7e4814dda8cd", "request_id": "890f8911-7d8d-44bc-821c-0112cad68ab9", "status_code": 200, "tenant_id": "ab5af908-be70-4f29-8729-5ed3535f4689", "timestamp": "2026-08-07T12:04:51.756125Z", "trace_id": "7302745ad094903a8d4e429fa4e2fc60"}
api-1       | {"claimed": 30, "event": "outbox_dispatch_batch_completed", "lease_lost": 0, "level": "info", "published": 30, "retry_scheduled": 0, "role": "outbox_dispatcher", "timestamp": "2026-08-07T12:04:52.358097Z"}
api-1       | INFO:     172.18.0.1:37514 - "GET /api/v1/runs/1493c68d-8435-4e4c-b4ce-7e4814dda8cd HTTP/1.1" 200 OK
api-1       | {"api_key_prefix": "evk_5237dfcc3619", "duration_ms": 93.254, "event": "http_request_completed", "level": "info", "method": "GET", "outcome": "success", "path": "/api/v1/runs/1493c68d-8435-4e4c-b4ce-7e4814dda8cd", "request_id": "c1e53a19-19ca-4dc3-ab8a-8a655c4f2d13", "status_code": 200, "tenant_id": "ab5af908-be70-4f29-8729-5ed3535f4689", "timestamp": "2026-08-07T12:04:52.375024Z", "trace_id": "638eb4f55abc05e656ef6b72bc7694a4"}
api-1       | {"claimed": 30, "event": "outbox_dispatch_batch_completed", "lease_lost": 0, "level": "info", "published": 30, "retry_scheduled": 0, "role": "outbox_dispatcher", "timestamp": "2026-08-07T12:04:52.987337Z"}
api-1       | INFO:     172.18.0.1:37514 - "GET /api/v1/runs/1493c68d-8435-4e4c-b4ce-7e4814dda8cd HTTP/1.1" 200 OK
api-1       | {"api_key_prefix": "evk_5237dfcc3619", "duration_ms": 167.88, "event": "http_request_completed", "level": "info", "method": "GET", "outcome": "success", "path": "/api/v1/runs/1493c68d-8435-4e4c-b4ce-7e4814dda8cd", "request_id": "a457fcb4-a8d8-48d4-b39d-f39b809164ca", "status_code": 200, "tenant_id": "ab5af908-be70-4f29-8729-5ed3535f4689", "timestamp": "2026-08-07T12:04:53.063614Z", "trace_id": "3797005ca72f93cfd9e5580589218dc0"}
api-1       | {"claimed": 30, "event": "outbox_dispatch_batch_completed", "lease_lost": 0, "level": "info", "published": 30, "retry_scheduled": 0, "role": "outbox_dispatcher", "timestamp": "2026-08-07T12:04:53.650038Z"}
api-1       | INFO:     172.18.0.1:37514 - "GET /api/v1/runs/1493c68d-8435-4e4c-b4ce-7e4814dda8cd HTTP/1.1" 200 OK
api-1       | {"api_key_prefix": "evk_5237dfcc3619", "duration_ms": 139.663, "event": "http_request_completed", "level": "info", "method": "GET", "outcome": "success", "path": "/api/v1/runs/1493c68d-8435-4e4c-b4ce-7e4814dda8cd", "request_id": "7fc7c4ca-3b0d-416b-8095-3c051e5e59d0", "status_code": 200, "tenant_id": "ab5af908-be70-4f29-8729-5ed3535f4689", "timestamp": "2026-08-07T12:04:53.713236Z", "trace_id": "4b4cd761c29f6406edec88b7832312bc"}
api-1       | {"claimed": 30, "event": "outbox_dispatch_batch_completed", "lease_lost": 0, "level": "info", "published": 30, "retry_scheduled": 0, "role": "outbox_dispatcher", "timestamp": "2026-08-07T12:04:54.273244Z"}
api-1       | INFO:     172.18.0.1:37514 - "GET /api/v1/runs/1493c68d-8435-4e4c-b4ce-7e4814dda8cd HTTP/1.1" 200 OK
api-1       | {"api_key_prefix": "evk_5237dfcc3619", "duration_ms": 106.539, "event": "http_request_completed", "level": "info", "method": "GET", "outcome": "success", "path": "/api/v1/runs/1493c68d-8435-4e4c-b4ce-7e4814dda8cd", "request_id": "9b733759-01f1-475c-8c10-51f6fbab01d8", "status_code": 200, "tenant_id": "ab5af908-be70-4f29-8729-5ed3535f4689", "timestamp": "2026-08-07T12:04:54.336325Z", "trace_id": "399e337c0b8d9738c84d626639dc9b17"}
api-1       | {"claimed": 30, "event": "outbox_dispatch_batch_completed", "lease_lost": 0, "level": "info", "published": 30, "retry_scheduled": 0, "role": "outbox_dispatcher", "timestamp": "2026-08-07T12:04:54.954595Z"}
api-1       | INFO:     172.18.0.1:37514 - "GET /api/v1/runs/1493c68d-8435-4e4c-b4ce-7e4814dda8cd HTTP/1.1" 200 OK
api-1       | {"api_key_prefix": "evk_5237dfcc3619", "duration_ms": 153.104, "event": "http_request_completed", "level": "info", "method": "GET", "outcome": "success", "path": "/api/v1/runs/1493c68d-8435-4e4c-b4ce-7e4814dda8cd", "request_id": "d52d52a3-5ecd-4bf3-b536-b64af03089af", "status_code": 200, "tenant_id": "ab5af908-be70-4f29-8729-5ed3535f4689", "timestamp": "2026-08-07T12:04:55.009523Z", "trace_id": "03623bedd04b278501da6b9b7ecee455"}
api-1       | {"claimed": 30, "event": "outbox_dispatch_batch_completed", "lease_lost": 0, "level": "info", "published": 30, "retry_scheduled": 0, "role": "outbox_dispatcher", "timestamp": "2026-08-07T12:04:55.577283Z"}
api-1       | INFO:     172.18.0.1:37514 - "GET /api/v1/runs/1493c68d-8435-4e4c-b4ce-7e4814dda8cd HTTP/1.1" 200 OK
api-1       | {"api_key_prefix": "evk_5237dfcc3619", "duration_ms": 135.284, "event": "http_request_completed", "level": "info", "method": "GET", "outcome": "success", "path": "/api/v1/runs/1493c68d-8435-4e4c-b4ce-7e4814dda8cd", "request_id": "70f36d00-fca2-4d12-be69-99676e782e42", "status_code": 200, "tenant_id": "ab5af908-be70-4f29-8729-5ed3535f4689", "timestamp": "2026-08-07T12:04:55.661890Z", "trace_id": "5f62b5ef0a3d25b8312e744f507536db"}
api-1       | {"claimed": 26, "event": "outbox_dispatch_batch_completed", "lease_lost": 0, "level": "info", "published": 26, "retry_scheduled": 0, "role": "outbox_dispatcher", "timestamp": "2026-08-07T12:04:56.192242Z"}
api-1       | INFO:     172.18.0.1:37514 - "GET /api/v1/runs/1493c68d-8435-4e4c-b4ce-7e4814dda8cd HTTP/1.1" 200 OK
api-1       | {"api_key_prefix": "evk_5237dfcc3619", "duration_ms": 145.953, "event": "http_request_completed", "level": "info", "method": "GET", "outcome": "success", "path": "/api/v1/runs/1493c68d-8435-4e4c-b4ce-7e4814dda8cd", "request_id": "97806507-71f5-40dc-bd8a-38ea6252ae49", "status_code": 200, "tenant_id": "ab5af908-be70-4f29-8729-5ed3535f4689", "timestamp": "2026-08-07T12:04:56.311807Z", "trace_id": "1e9ed64df2332a7d6e275bbe5b80c498"}
api-1       | {"event": "Context impl PostgresqlImpl.", "level": "info", "request_id": "ce79d121-f14e-48c5-b38b-3b3af04a8d3a", "timestamp": "2026-08-07T12:04:56.665260Z", "trace_id": "fde0751bab848b65d01c677b744fc7a3"}
api-1       | {"event": "Will assume transactional DDL.", "level": "info", "request_id": "ce79d121-f14e-48c5-b38b-3b3af04a8d3a", "timestamp": "2026-08-07T12:04:56.665400Z", "trace_id": "fde0751bab848b65d01c677b744fc7a3"}
api-1       | INFO:     127.0.0.1:44600 - "GET /health/ready HTTP/1.1" 200 OK
api-1       | {"duration_ms": 22.228, "event": "http_request_completed", "level": "info", "method": "GET", "outcome": "success", "path": "/health/ready", "request_id": "ce79d121-f14e-48c5-b38b-3b3af04a8d3a", "status_code": 200, "timestamp": "2026-08-07T12:04:56.672214Z", "trace_id": "fde0751bab848b65d01c677b744fc7a3"}
api-1       | {"claimed": 26, "event": "outbox_dispatch_batch_completed", "lease_lost": 0, "level": "info", "published": 26, "retry_scheduled": 0, "role": "outbox_dispatcher", "timestamp": "2026-08-07T12:04:56.868641Z"}
api-1       | INFO:     172.18.0.1:37514 - "GET /api/v1/runs/1493c68d-8435-4e4c-b4ce-7e4814dda8cd HTTP/1.1" 200 OK
api-1       | {"api_key_prefix": "evk_5237dfcc3619", "duration_ms": 98.627, "event": "http_request_completed", "level": "info", "method": "GET", "outcome": "success", "path": "/api/v1/runs/1493c68d-8435-4e4c-b4ce-7e4814dda8cd", "request_id": "4158c690-071a-494d-b83c-24ed195992dd", "status_code": 200, "tenant_id": "ab5af908-be70-4f29-8729-5ed3535f4689", "timestamp": "2026-08-07T12:04:56.922264Z", "trace_id": "4cc85338ec20fd91362f550968e0fa3e"}
api-1       | {"claimed": 34, "event": "outbox_dispatch_batch_completed", "lease_lost": 0, "level": "info", "published": 34, "retry_scheduled": 0, "role": "outbox_dispatcher", "timestamp": "2026-08-07T12:04:57.551485Z"}
api-1       | INFO:     172.18.0.1:37514 - "GET /api/v1/runs/1493c68d-8435-4e4c-b4ce-7e4814dda8cd HTTP/1.1" 200 OK
api-1       | {"api_key_prefix": "evk_5237dfcc3619", "duration_ms": 177.709, "event": "http_request_completed", "level": "info", "method": "GET", "outcome": "success", "path": "/api/v1/runs/1493c68d-8435-4e4c-b4ce-7e4814dda8cd", "request_id": "a4831b08-f88f-4c7b-ac35-ab7378ec24f2", "status_code": 200, "tenant_id": "ab5af908-be70-4f29-8729-5ed3535f4689", "timestamp": "2026-08-07T12:04:57.612273Z", "trace_id": "be3815443751b312977d86b98592026a"}
api-1       | {"claimed": 30, "event": "outbox_dispatch_batch_completed", "lease_lost": 0, "level": "info", "published": 30, "retry_scheduled": 0, "role": "outbox_dispatcher", "timestamp": "2026-08-07T12:04:58.250225Z"}
api-1       | INFO:     172.18.0.1:37514 - "GET /api/v1/runs/1493c68d-8435-4e4c-b4ce-7e4814dda8cd HTTP/1.1" 200 OK
api-1       | {"api_key_prefix": "evk_5237dfcc3619", "duration_ms": 126.324, "event": "http_request_completed", "level": "info", "method": "GET", "outcome": "success", "path": "/api/v1/runs/1493c68d-8435-4e4c-b4ce-7e4814dda8cd", "request_id": "71f370d6-042d-4fbe-b8fd-b4fe6a07465e", "status_code": 200, "tenant_id": "ab5af908-be70-4f29-8729-5ed3535f4689", "timestamp": "2026-08-07T12:04:58.261910Z", "trace_id": "4f7ce8c09d072f7ba997753f3aaaa436"}
api-1       | {"claimed": 32, "event": "outbox_dispatch_batch_completed", "lease_lost": 0, "level": "info", "published": 32, "retry_scheduled": 0, "role": "outbox_dispatcher", "timestamp": "2026-08-07T12:04:58.885580Z"}
api-1       | INFO:     172.18.0.1:37514 - "GET /api/v1/runs/1493c68d-8435-4e4c-b4ce-7e4814dda8cd HTTP/1.1" 200 OK
api-1       | {"api_key_prefix": "evk_5237dfcc3619", "duration_ms": 162.809, "event": "http_request_completed", "level": "info", "method": "GET", "outcome": "success", "path": "/api/v1/runs/1493c68d-8435-4e4c-b4ce-7e4814dda8cd", "request_id": "1e16de29-c960-48ae-bbac-70d5fb0b49e2", "status_code": 200, "tenant_id": "ab5af908-be70-4f29-8729-5ed3535f4689", "timestamp": "2026-08-07T12:04:58.936770Z", "trace_id": "da8ea45cc041e5c419307aa37a162207"}
api-1       | {"claimed": 30, "event": "outbox_dispatch_batch_completed", "lease_lost": 0, "level": "info", "published": 30, "retry_scheduled": 0, "role": "outbox_dispatcher", "timestamp": "2026-08-07T12:04:59.561237Z"}
api-1       | INFO:     172.18.0.1:37514 - "GET /api/v1/runs/1493c68d-8435-4e4c-b4ce-7e4814dda8cd HTTP/1.1" 200 OK
api-1       | {"api_key_prefix": "evk_5237dfcc3619", "duration_ms": 186.016, "event": "http_request_completed", "level": "info", "method": "GET", "outcome": "success", "path": "/api/v1/runs/1493c68d-8435-4e4c-b4ce-7e4814dda8cd", "request_id": "35e3afdc-f231-4e09-b39f-0a210f8e6f80", "status_code": 200, "tenant_id": "ab5af908-be70-4f29-8729-5ed3535f4689", "timestamp": "2026-08-07T12:04:59.627081Z", "trace_id": "491b890b75aed741cf46a6ce1a392ce6"}
api-1       | {"claimed": 9, "event": "outbox_dispatch_batch_completed", "lease_lost": 0, "level": "info", "published": 9, "retry_scheduled": 0, "role": "outbox_dispatcher", "timestamp": "2026-08-07T12:05:00.118712Z"}
api-1       | INFO:     172.18.0.1:37514 - "GET /api/v1/runs/1493c68d-8435-4e4c-b4ce-7e4814dda8cd HTTP/1.1" 200 OK
api-1       | {"api_key_prefix": "evk_5237dfcc3619", "duration_ms": 59.241, "event": "http_request_completed", "level": "info", "method": "GET", "outcome": "success", "path": "/api/v1/runs/1493c68d-8435-4e4c-b4ce-7e4814dda8cd", "request_id": "ba84661d-acf8-4464-822e-9efeef1ecc9c", "status_code": 200, "tenant_id": "ab5af908-be70-4f29-8729-5ed3535f4689", "timestamp": "2026-08-07T12:05:00.188998Z", "trace_id": "caf30a8c0d4cb8001a17f4f9ebb00083"}
api-1       | INFO:     172.18.0.1:37514 - "GET /api/v1/runs/1493c68d-8435-4e4c-b4ce-7e4814dda8cd HTTP/1.1" 200 OK
api-1       | {"api_key_prefix": "evk_5237dfcc3619", "duration_ms": 62.885, "event": "http_request_completed", "level": "info", "method": "GET", "outcome": "success", "path": "/api/v1/runs/1493c68d-8435-4e4c-b4ce-7e4814dda8cd", "request_id": "2dea71ff-ef2a-47d1-971b-684bc45052d9", "status_code": 200, "tenant_id": "ab5af908-be70-4f29-8729-5ed3535f4689", "timestamp": "2026-08-07T12:05:00.754556Z", "trace_id": "5f1f5c273d0eca450c27efeab02419a0"}
api-1       | INFO:     172.18.0.1:37514 - "GET /api/v1/runs/1493c68d-8435-4e4c-b4ce-7e4814dda8cd/cases?limit=200&sort=case_id HTTP/1.1" 200 OK
api-1       | {"api_key_prefix": "evk_5237dfcc3619", "duration_ms": 74.898, "event": "http_request_completed", "level": "info", "method": "GET", "outcome": "success", "path": "/api/v1/runs/1493c68d-8435-4e4c-b4ce-7e4814dda8cd/cases", "request_id": "76e539b1-3f3b-4d2b-9da6-923e1f252004", "status_code": 200, "tenant_id": "ab5af908-be70-4f29-8729-5ed3535f4689", "timestamp": "2026-08-07T12:05:00.831117Z", "trace_id": "900bc53394fc128d91336c91498b2c81"}
api-1       | INFO:     172.18.0.1:37514 - "GET /api/v1/runs/1493c68d-8435-4e4c-b4ce-7e4814dda8cd/cases?limit=200&sort=case_id&cursor=eyJkaXJlY3Rpb24iOiJhc2MiLCJlcnJvcl9jb2RlIjpudWxsLCJqb2JfaWQiOiI2ZGVmZmIxNS0zODMwLTRiNWItOTM1OS00MjYzNGM5YzMwYmYiLCJtZXRyaWMiOm51bGwsInNvcnQiOiJjYXNlX2lkIiwic3RhdHVzIjpudWxsLCJ2IjoxLCJ2YWx1ZSI6ImxvYWQtMDE5OSJ9 HTTP/1.1" 200 OK
api-1       | {"api_key_prefix": "evk_5237dfcc3619", "duration_ms": 82.997, "event": "http_request_completed", "level": "info", "method": "GET", "outcome": "success", "path": "/api/v1/runs/1493c68d-8435-4e4c-b4ce-7e4814dda8cd/cases", "request_id": "ed01c5ef-2c3c-4bbc-9993-4f3970a0ee8c", "status_code": 200, "tenant_id": "ab5af908-be70-4f29-8729-5ed3535f4689", "timestamp": "2026-08-07T12:05:00.916913Z", "trace_id": "dda71ba2bbceb6a2316d89803e35497d"}
api-1       | INFO:     172.18.0.1:37514 - "GET /api/v1/runs/1493c68d-8435-4e4c-b4ce-7e4814dda8cd/cases?limit=200&sort=case_id&cursor=eyJkaXJlY3Rpb24iOiJhc2MiLCJlcnJvcl9jb2RlIjpudWxsLCJqb2JfaWQiOiIwNDUzODkzNy1iNWEyLTQzOWYtODQ1Mi00NWM4ODI4MzM1YzIiLCJtZXRyaWMiOm51bGwsInNvcnQiOiJjYXNlX2lkIiwic3RhdHVzIjpudWxsLCJ2IjoxLCJ2YWx1ZSI6ImxvYWQtMDM5OSJ9 HTTP/1.1" 200 OK
api-1       | {"api_key_prefix": "evk_5237dfcc3619", "duration_ms": 64.633, "event": "http_request_completed", "level": "info", "method": "GET", "outcome": "success", "path": "/api/v1/runs/1493c68d-8435-4e4c-b4ce-7e4814dda8cd/cases", "request_id": "bb838f78-2c0f-4c69-a71f-3d30af0e7797", "status_code": 200, "tenant_id": "ab5af908-be70-4f29-8729-5ed3535f4689", "timestamp": "2026-08-07T12:05:00.984776Z", "trace_id": "50ac6776ad7771d62bc63a6b17cb08a2"}
api-1       | {"claimed": 3, "event": "outbox_dispatch_batch_completed", "lease_lost": 0, "level": "info", "published": 3, "retry_scheduled": 0, "role": "outbox_dispatcher", "timestamp": "2026-08-07T12:05:01.137368Z"}
api-1       | INFO:     127.0.0.1:44614 - "GET /metrics HTTP/1.1" 200 OK
api-1       | {"duration_ms": 9.428, "event": "http_request_completed", "level": "info", "method": "GET", "outcome": "success", "path": "/metrics", "request_id": "7a9e0749-68c9-42cc-8095-8beb2c5fd76c", "status_code": 200, "timestamp": "2026-08-07T12:05:01.369952Z", "trace_id": "fc9bfd8d7756e1c65503e3d53e209275"}
api-1       | {"event": "Context impl PostgresqlImpl.", "level": "info", "request_id": "c92389d6-4dcc-4a78-b67d-1ec2e69c34e7", "timestamp": "2026-08-07T12:05:02.019432Z", "trace_id": "9504dc5d1ba8340f3b2a1b10ae680525"}
api-1       | {"event": "Will assume transactional DDL.", "level": "info", "request_id": "c92389d6-4dcc-4a78-b67d-1ec2e69c34e7", "timestamp": "2026-08-07T12:05:02.019553Z", "trace_id": "9504dc5d1ba8340f3b2a1b10ae680525"}
api-1       | INFO:     127.0.0.1:44624 - "GET /health/ready HTTP/1.1" 200 OK
api-1       | {"duration_ms": 23.646, "event": "http_request_completed", "level": "info", "method": "GET", "outcome": "success", "path": "/health/ready", "request_id": "c92389d6-4dcc-4a78-b67d-1ec2e69c34e7", "status_code": 200, "timestamp": "2026-08-07T12:05:02.026416Z", "trace_id": "9504dc5d1ba8340f3b2a1b10ae680525"}
api-1       | {"event": "Context impl PostgresqlImpl.", "level": "info", "request_id": "a007e6ea-e739-4cfa-92d3-59579b0b7172", "timestamp": "2026-08-07T12:05:07.585536Z", "trace_id": "58ef6f1c31095f9f0cd4c4606ce66e0f"}
api-1       | {"event": "Will assume transactional DDL.", "level": "info", "request_id": "a007e6ea-e739-4cfa-92d3-59579b0b7172", "timestamp": "2026-08-07T12:05:07.585793Z", "trace_id": "58ef6f1c31095f9f0cd4c4606ce66e0f"}
api-1       | INFO:     172.18.0.1:57922 - "POST /api/v1/runs HTTP/1.1" 202 Accepted
api-1       | {"api_key_prefix": "evk_5237dfcc3619", "duration_ms": 243.417, "event": "http_request_completed", "level": "info", "method": "POST", "outcome": "success", "path": "/api/v1/runs", "request_id": "5ef58bec-3d1b-4ff5-b5a7-e9daf0f29d43", "status_code": 202, "tenant_id": "ab5af908-be70-4f29-8729-5ed3535f4689", "timestamp": "2026-08-07T12:05:07.620430Z", "trace_id": "819a4d1cee3872cc88e010dfe1ed0796"}
api-1       | INFO:     127.0.0.1:46796 - "GET /health/ready HTTP/1.1" 200 OK
api-1       | {"duration_ms": 79.481, "event": "http_request_completed", "level": "info", "method": "GET", "outcome": "success", "path": "/health/ready", "request_id": "a007e6ea-e739-4cfa-92d3-59579b0b7172", "status_code": 200, "timestamp": "2026-08-07T12:05:07.625164Z", "trace_id": "58ef6f1c31095f9f0cd4c4606ce66e0f"}
api-1       | INFO:     172.18.0.1:57922 - "GET /api/v1/runs/2213320e-f502-4697-bb4e-0e23052d9b64 HTTP/1.1" 200 OK
api-1       | {"api_key_prefix": "evk_5237dfcc3619", "duration_ms": 86.041, "event": "http_request_completed", "level": "info", "method": "GET", "outcome": "success", "path": "/api/v1/runs/2213320e-f502-4697-bb4e-0e23052d9b64", "request_id": "2c7af145-d20f-4c40-8203-8301f8c1f3d9", "status_code": 200, "tenant_id": "ab5af908-be70-4f29-8729-5ed3535f4689", "timestamp": "2026-08-07T12:05:07.708382Z", "trace_id": "42007c40b66b87f9b417cb28c5bce1f3"}
api-1       | INFO:     172.18.0.1:57922 - "GET /api/v1/runs/2213320e-f502-4697-bb4e-0e23052d9b64 HTTP/1.1" 200 OK
api-1       | {"api_key_prefix": "evk_5237dfcc3619", "duration_ms": 269.15, "event": "http_request_completed", "level": "info", "method": "GET", "outcome": "success", "path": "/api/v1/runs/2213320e-f502-4697-bb4e-0e23052d9b64", "request_id": "139a1918-8812-4078-b27b-2bffd92aea59", "status_code": 200, "tenant_id": "ab5af908-be70-4f29-8729-5ed3535f4689", "timestamp": "2026-08-07T12:05:08.481050Z", "trace_id": "e8af2eb826da1786d6d6e753e81c771e"}
api-1       | {"claimed": 21, "event": "outbox_dispatch_batch_completed", "lease_lost": 0, "level": "info", "published": 21, "retry_scheduled": 0, "role": "outbox_dispatcher", "timestamp": "2026-08-07T12:05:08.522272Z"}
api-1       | INFO:     172.18.0.1:57922 - "GET /api/v1/runs/2213320e-f502-4697-bb4e-0e23052d9b64 HTTP/1.1" 200 OK
api-1       | {"api_key_prefix": "evk_5237dfcc3619", "duration_ms": 70.381, "event": "http_request_completed", "level": "info", "method": "GET", "outcome": "success", "path": "/api/v1/runs/2213320e-f502-4697-bb4e-0e23052d9b64", "request_id": "d6ed37f3-e4cd-4728-ac2d-3f74972766d6", "status_code": 200, "tenant_id": "ab5af908-be70-4f29-8729-5ed3535f4689", "timestamp": "2026-08-07T12:05:09.053110Z", "trace_id": "63f708b03455dc9a819c20d2a4d92b0f"}
api-1       | {"claimed": 50, "event": "outbox_dispatch_batch_completed", "lease_lost": 0, "level": "info", "published": 50, "retry_scheduled": 0, "role": "outbox_dispatcher", "timestamp": "2026-08-07T12:05:09.273401Z"}
api-1       | INFO:     172.18.0.1:57922 - "GET /api/v1/runs/2213320e-f502-4697-bb4e-0e23052d9b64 HTTP/1.1" 200 OK
api-1       | {"api_key_prefix": "evk_5237dfcc3619", "duration_ms": 65.774, "event": "http_request_completed", "level": "info", "method": "GET", "outcome": "success", "path": "/api/v1/runs/2213320e-f502-4697-bb4e-0e23052d9b64", "request_id": "7c0726d1-3bf1-498c-b328-f1b6ddc7b39a", "status_code": 200, "tenant_id": "ab5af908-be70-4f29-8729-5ed3535f4689", "timestamp": "2026-08-07T12:05:09.624213Z", "trace_id": "4193d8498afa4f39461f33478a40ed3b"}
api-1       | {"claimed": 30, "event": "outbox_dispatch_batch_completed", "lease_lost": 0, "level": "info", "published": 30, "retry_scheduled": 0, "role": "outbox_dispatcher", "timestamp": "2026-08-07T12:05:09.949717Z"}
api-1       | INFO:     172.18.0.1:57922 - "GET /api/v1/runs/2213320e-f502-4697-bb4e-0e23052d9b64 HTTP/1.1" 200 OK
api-1       | {"api_key_prefix": "evk_5237dfcc3619", "duration_ms": 61.574, "event": "http_request_completed", "level": "info", "method": "GET", "outcome": "success", "path": "/api/v1/runs/2213320e-f502-4697-bb4e-0e23052d9b64", "request_id": "85b44ab8-6484-4e35-b7b5-ac7f4f7d5c33", "status_code": 200, "tenant_id": "ab5af908-be70-4f29-8729-5ed3535f4689", "timestamp": "2026-08-07T12:05:10.188647Z", "trace_id": "23f473f3ffcdced14a3ab37fe3734092"}
api-1       | {"claimed": 5, "event": "outbox_dispatch_batch_completed", "lease_lost": 0, "level": "info", "published": 5, "retry_scheduled": 0, "role": "outbox_dispatcher", "timestamp": "2026-08-07T12:05:10.468570Z"}
api-1       | INFO:     172.18.0.1:57922 - "GET /api/v1/runs/2213320e-f502-4697-bb4e-0e23052d9b64 HTTP/1.1" 200 OK
api-1       | {"api_key_prefix": "evk_5237dfcc3619", "duration_ms": 59.407, "event": "http_request_completed", "level": "info", "method": "GET", "outcome": "success", "path": "/api/v1/runs/2213320e-f502-4697-bb4e-0e23052d9b64", "request_id": "ac6fc353-db9c-4d6b-963a-f45670f569cd", "status_code": 200, "tenant_id": "ab5af908-be70-4f29-8729-5ed3535f4689", "timestamp": "2026-08-07T12:05:10.750822Z", "trace_id": "20deb594294571a3a08cbf31109bf389"}
api-1       | INFO:     172.18.0.1:57922 - "GET /api/v1/runs/2213320e-f502-4697-bb4e-0e23052d9b64/cases?limit=200&sort=case_id HTTP/1.1" 200 OK
api-1       | {"api_key_prefix": "evk_5237dfcc3619", "duration_ms": 69.496, "event": "http_request_completed", "level": "info", "method": "GET", "outcome": "success", "path": "/api/v1/runs/2213320e-f502-4697-bb4e-0e23052d9b64/cases", "request_id": "65970bb5-4195-4fea-ba18-4c758f544294", "status_code": 200, "tenant_id": "ab5af908-be70-4f29-8729-5ed3535f4689", "timestamp": "2026-08-07T12:05:10.822258Z", "trace_id": "9a6e48aa47814c6f55eafcd99c6cfcc1"}
api-1       | INFO:     127.0.0.1:46832 - "GET /metrics HTTP/1.1" 200 OK
api-1       | {"duration_ms": 11.476, "event": "http_request_completed", "level": "info", "method": "GET", "outcome": "success", "path": "/metrics", "request_id": "5598f6b9-aff7-43c7-9748-ba5526509372", "status_code": 200, "timestamp": "2026-08-07T12:05:11.223383Z", "trace_id": "839241a947340e984a82636e898c17ba"}
api-1       | {"event": "Context impl PostgresqlImpl.", "level": "info", "request_id": "85f8848f-bae8-476a-ba4d-df88573e325e", "timestamp": "2026-08-07T12:05:12.963989Z", "trace_id": "900bfde12e162d6de077e2e9306953be"}
api-1       | {"event": "Will assume transactional DDL.", "level": "info", "request_id": "85f8848f-bae8-476a-ba4d-df88573e325e", "timestamp": "2026-08-07T12:05:12.964097Z", "trace_id": "900bfde12e162d6de077e2e9306953be"}
api-1       | INFO:     127.0.0.1:46866 - "GET /health/ready HTTP/1.1" 200 OK
api-1       | {"duration_ms": 27.126, "event": "http_request_completed", "level": "info", "method": "GET", "outcome": "success", "path": "/health/ready", "request_id": "85f8848f-bae8-476a-ba4d-df88573e325e", "status_code": 200, "timestamp": "2026-08-07T12:05:12.971262Z", "trace_id": "900bfde12e162d6de077e2e9306953be"}
api-1       | INFO:     172.18.0.1:57922 - "POST /api/v1/runs HTTP/1.1" 202 Accepted
api-1       | {"api_key_prefix": "evk_5237dfcc3619", "duration_ms": 243.151, "event": "http_request_completed", "level": "info", "method": "POST", "outcome": "success", "path": "/api/v1/runs", "request_id": "f3b5e2f5-b7fa-41af-83b3-a6e507af0b51", "status_code": 202, "tenant_id": "ab5af908-be70-4f29-8729-5ed3535f4689", "timestamp": "2026-08-07T12:05:13.254020Z", "trace_id": "f85b248eb4aee978ef0c18e9781208b7"}
api-1       | INFO:     172.18.0.1:57922 - "GET /api/v1/runs/0c7bc135-4ed6-4aa2-b319-77ed87708d3e HTTP/1.1" 200 OK
api-1       | {"api_key_prefix": "evk_5237dfcc3619", "duration_ms": 57.223, "event": "http_request_completed", "level": "info", "method": "GET", "outcome": "success", "path": "/api/v1/runs/0c7bc135-4ed6-4aa2-b319-77ed87708d3e", "request_id": "83971bac-8af0-4d1f-88ee-3a0ce7311abe", "status_code": 200, "tenant_id": "ab5af908-be70-4f29-8729-5ed3535f4689", "timestamp": "2026-08-07T12:05:13.312959Z", "trace_id": "c2c0100275961421064693ea10a220b1"}
api-1       | {"claimed": 22, "event": "outbox_dispatch_batch_completed", "lease_lost": 0, "level": "info", "published": 22, "retry_scheduled": 0, "role": "outbox_dispatcher", "timestamp": "2026-08-07T12:05:13.654220Z"}
api-1       | INFO:     172.18.0.1:57922 - "GET /api/v1/runs/0c7bc135-4ed6-4aa2-b319-77ed87708d3e HTTP/1.1" 200 OK
api-1       | {"api_key_prefix": "evk_5237dfcc3619", "duration_ms": 64.578, "event": "http_request_completed", "level": "info", "method": "GET", "outcome": "success", "path": "/api/v1/runs/0c7bc135-4ed6-4aa2-b319-77ed87708d3e", "request_id": "f7ecd589-1502-41fd-96ad-7d1252e6a632", "status_code": 200, "tenant_id": "ab5af908-be70-4f29-8729-5ed3535f4689", "timestamp": "2026-08-07T12:05:13.880216Z", "trace_id": "d85c56671d290d3c6084c34e38ace8e2"}
api-1       | {"claimed": 50, "event": "outbox_dispatch_batch_completed", "lease_lost": 0, "level": "info", "published": 50, "retry_scheduled": 0, "role": "outbox_dispatcher", "timestamp": "2026-08-07T12:05:14.385502Z"}
api-1       | INFO:     172.18.0.1:57922 - "GET /api/v1/runs/0c7bc135-4ed6-4aa2-b319-77ed87708d3e HTTP/1.1" 200 OK
api-1       | {"api_key_prefix": "evk_5237dfcc3619", "duration_ms": 77.798, "event": "http_request_completed", "level": "info", "method": "GET", "outcome": "success", "path": "/api/v1/runs/0c7bc135-4ed6-4aa2-b319-77ed87708d3e", "request_id": "66a8b06c-6475-4c4c-b0ad-2cbd24d6cac2", "status_code": 200, "tenant_id": "ab5af908-be70-4f29-8729-5ed3535f4689", "timestamp": "2026-08-07T12:05:14.465958Z", "trace_id": "247de9c96b63c9d17ff1ad1f9fbbb5ba"}
api-1       | {"claimed": 50, "event": "outbox_dispatch_batch_completed", "lease_lost": 0, "level": "info", "published": 50, "retry_scheduled": 0, "role": "outbox_dispatcher", "timestamp": "2026-08-07T12:05:15.174750Z"}
api-1       | INFO:     172.18.0.1:57922 - "GET /api/v1/runs/0c7bc135-4ed6-4aa2-b319-77ed87708d3e HTTP/1.1" 200 OK
api-1       | {"api_key_prefix": "evk_5237dfcc3619", "duration_ms": 269.702, "event": "http_request_completed", "level": "info", "method": "GET", "outcome": "success", "path": "/api/v1/runs/0c7bc135-4ed6-4aa2-b319-77ed87708d3e", "request_id": "c2a5b3df-d680-43ed-8c09-ce256b239cae", "status_code": 200, "tenant_id": "ab5af908-be70-4f29-8729-5ed3535f4689", "timestamp": "2026-08-07T12:05:15.251600Z", "trace_id": "bd54776160f18b6af8a00c0160d355bc"}
api-1       | {"claimed": 50, "event": "outbox_dispatch_batch_completed", "lease_lost": 0, "level": "info", "published": 50, "retry_scheduled": 0, "role": "outbox_dispatcher", "timestamp": "2026-08-07T12:05:15.988569Z"}
api-1       | INFO:     172.18.0.1:57922 - "GET /api/v1/runs/0c7bc135-4ed6-4aa2-b319-77ed87708d3e HTTP/1.1" 200 OK
api-1       | {"api_key_prefix": "evk_5237dfcc3619", "duration_ms": 405.369, "event": "http_request_completed", "level": "info", "method": "GET", "outcome": "success", "path": "/api/v1/runs/0c7bc135-4ed6-4aa2-b319-77ed87708d3e", "request_id": "0d86bbc2-0012-40d7-9423-e0ad4f68baee", "status_code": 200, "tenant_id": "ab5af908-be70-4f29-8729-5ed3535f4689", "timestamp": "2026-08-07T12:05:16.161407Z", "trace_id": "56589a818cae276e5bb4ab3d5e807958"}
api-1       | {"claimed": 50, "event": "outbox_dispatch_batch_completed", "lease_lost": 0, "level": "info", "published": 50, "retry_scheduled": 0, "role": "outbox_dispatcher", "timestamp": "2026-08-07T12:05:16.850696Z"}
api-1       | INFO:     172.18.0.1:57922 - "GET /api/v1/runs/0c7bc135-4ed6-4aa2-b319-77ed87708d3e HTTP/1.1" 200 OK
api-1       | {"api_key_prefix": "evk_5237dfcc3619", "duration_ms": 212.713, "event": "http_request_completed", "level": "info", "method": "GET", "outcome": "success", "path": "/api/v1/runs/0c7bc135-4ed6-4aa2-b319-77ed87708d3e", "request_id": "d69bd8d2-42a1-4890-a036-a27442a59bb7", "status_code": 200, "tenant_id": "ab5af908-be70-4f29-8729-5ed3535f4689", "timestamp": "2026-08-07T12:05:16.888271Z", "trace_id": "694ae635e4cb6b73916b5772151ee99f"}
api-1       | {"claimed": 50, "event": "outbox_dispatch_batch_completed", "lease_lost": 0, "level": "info", "published": 50, "retry_scheduled": 0, "role": "outbox_dispatcher", "timestamp": "2026-08-07T12:05:17.632079Z"}
api-1       | INFO:     172.18.0.1:57922 - "GET /api/v1/runs/0c7bc135-4ed6-4aa2-b319-77ed87708d3e HTTP/1.1" 200 OK
api-1       | {"api_key_prefix": "evk_5237dfcc3619", "duration_ms": 339.35, "event": "http_request_completed", "level": "info", "method": "GET", "outcome": "success", "path": "/api/v1/runs/0c7bc135-4ed6-4aa2-b319-77ed87708d3e", "request_id": "f13f29b5-7cfc-4926-8911-2e2fa5dcd27c", "status_code": 200, "tenant_id": "ab5af908-be70-4f29-8729-5ed3535f4689", "timestamp": "2026-08-07T12:05:17.743197Z", "trace_id": "9273f0be9432908be3b95ba4d465b07a"}
api-1       | {"claimed": 50, "event": "outbox_dispatch_batch_completed", "lease_lost": 0, "level": "info", "published": 50, "retry_scheduled": 0, "role": "outbox_dispatcher", "timestamp": "2026-08-07T12:05:18.529977Z"}
api-1       | {"event": "Context impl PostgresqlImpl.", "level": "info", "request_id": "7efa1a12-9bdc-4ead-aab5-3b918f6436fb", "timestamp": "2026-08-07T12:05:18.565670Z", "trace_id": "1e0575162b656bccdfff6ed06d0704cb"}
api-1       | {"event": "Will assume transactional DDL.", "level": "info", "request_id": "7efa1a12-9bdc-4ead-aab5-3b918f6436fb", "timestamp": "2026-08-07T12:05:18.565775Z", "trace_id": "1e0575162b656bccdfff6ed06d0704cb"}
api-1       | INFO:     127.0.0.1:44266 - "GET /health/ready HTTP/1.1" 200 OK
api-1       | {"duration_ms": 31.336, "event": "http_request_completed", "level": "info", "method": "GET", "outcome": "success", "path": "/health/ready", "request_id": "7efa1a12-9bdc-4ead-aab5-3b918f6436fb", "status_code": 200, "timestamp": "2026-08-07T12:05:18.572887Z", "trace_id": "1e0575162b656bccdfff6ed06d0704cb"}
api-1       | INFO:     172.18.0.1:57922 - "GET /api/v1/runs/0c7bc135-4ed6-4aa2-b319-77ed87708d3e HTTP/1.1" 200 OK
api-1       | {"api_key_prefix": "evk_5237dfcc3619", "duration_ms": 405.054, "event": "http_request_completed", "level": "info", "method": "GET", "outcome": "success", "path": "/api/v1/runs/0c7bc135-4ed6-4aa2-b319-77ed87708d3e", "request_id": "1c4cd880-4a60-450b-815e-6e446dc42629", "status_code": 200, "tenant_id": "ab5af908-be70-4f29-8729-5ed3535f4689", "timestamp": "2026-08-07T12:05:18.655362Z", "trace_id": "4c61f22a2aeb02dc5032bf45aa4186a9"}
api-1       | {"claimed": 50, "event": "outbox_dispatch_batch_completed", "lease_lost": 0, "level": "info", "published": 50, "retry_scheduled": 0, "role": "outbox_dispatcher", "timestamp": "2026-08-07T12:05:19.277468Z"}
api-1       | INFO:     172.18.0.1:57922 - "GET /api/v1/runs/0c7bc135-4ed6-4aa2-b319-77ed87708d3e HTTP/1.1" 200 OK
api-1       | {"api_key_prefix": "evk_5237dfcc3619", "duration_ms": 188.064, "event": "http_request_completed", "level": "info", "method": "GET", "outcome": "success", "path": "/api/v1/runs/0c7bc135-4ed6-4aa2-b319-77ed87708d3e", "request_id": "c118d436-36ae-4d03-a6dd-b157d21fb3e5", "status_code": 200, "tenant_id": "ab5af908-be70-4f29-8729-5ed3535f4689", "timestamp": "2026-08-07T12:05:19.351973Z", "trace_id": "4328a3f6cd803171eecaf045ac6616ac"}
api-1       | {"claimed": 50, "event": "outbox_dispatch_batch_completed", "lease_lost": 0, "level": "info", "published": 50, "retry_scheduled": 0, "role": "outbox_dispatcher", "timestamp": "2026-08-07T12:05:20.005921Z"}
api-1       | INFO:     172.18.0.1:57922 - "GET /api/v1/runs/0c7bc135-4ed6-4aa2-b319-77ed87708d3e HTTP/1.1" 200 OK
api-1       | {"api_key_prefix": "evk_5237dfcc3619", "duration_ms": 214.752, "event": "http_request_completed", "level": "info", "method": "GET", "outcome": "success", "path": "/api/v1/runs/0c7bc135-4ed6-4aa2-b319-77ed87708d3e", "request_id": "173201d2-3d4b-4e04-b3d8-9ac1b132b956", "status_code": 200, "tenant_id": "ab5af908-be70-4f29-8729-5ed3535f4689", "timestamp": "2026-08-07T12:05:20.093745Z", "trace_id": "8fbe6775923dd6f62f543e5b24ea650e"}
api-1       | {"claimed": 50, "event": "outbox_dispatch_batch_completed", "lease_lost": 0, "level": "info", "published": 50, "retry_scheduled": 0, "role": "outbox_dispatcher", "timestamp": "2026-08-07T12:05:20.794457Z"}
api-1       | INFO:     172.18.0.1:57922 - "GET /api/v1/runs/0c7bc135-4ed6-4aa2-b319-77ed87708d3e HTTP/1.1" 200 OK
api-1       | {"api_key_prefix": "evk_5237dfcc3619", "duration_ms": 246.727, "event": "http_request_completed", "level": "info", "method": "GET", "outcome": "success", "path": "/api/v1/runs/0c7bc135-4ed6-4aa2-b319-77ed87708d3e", "request_id": "633a28ee-5f5d-42e3-b300-2208253339f6", "status_code": 200, "tenant_id": "ab5af908-be70-4f29-8729-5ed3535f4689", "timestamp": "2026-08-07T12:05:20.877942Z", "trace_id": "1c9e5179583fe849654154fe303d8456"}
api-1       | {"claimed": 50, "event": "outbox_dispatch_batch_completed", "lease_lost": 0, "level": "info", "published": 50, "retry_scheduled": 0, "role": "outbox_dispatcher", "timestamp": "2026-08-07T12:05:21.480283Z"}
api-1       | INFO:     172.18.0.1:57922 - "GET /api/v1/runs/0c7bc135-4ed6-4aa2-b319-77ed87708d3e HTTP/1.1" 200 OK
api-1       | {"api_key_prefix": "evk_5237dfcc3619", "duration_ms": 125.763, "event": "http_request_completed", "level": "info", "method": "GET", "outcome": "success", "path": "/api/v1/runs/0c7bc135-4ed6-4aa2-b319-77ed87708d3e", "request_id": "1a407165-b7d5-49ea-9c5c-ea33ac0ebf53", "status_code": 200, "tenant_id": "ab5af908-be70-4f29-8729-5ed3535f4689", "timestamp": "2026-08-07T12:05:21.514569Z", "trace_id": "de4015e976780d1a5f675db7d7556baa"}
api-1       | {"claimed": 50, "event": "outbox_dispatch_batch_completed", "lease_lost": 0, "level": "info", "published": 50, "retry_scheduled": 0, "role": "outbox_dispatcher", "timestamp": "2026-08-07T12:05:22.157728Z"}
api-1       | INFO:     172.18.0.1:57922 - "GET /api/v1/runs/0c7bc135-4ed6-4aa2-b319-77ed87708d3e HTTP/1.1" 200 OK
api-1       | {"api_key_prefix": "evk_5237dfcc3619", "duration_ms": 190.751, "event": "http_request_completed", "level": "info", "method": "GET", "outcome": "success", "path": "/api/v1/runs/0c7bc135-4ed6-4aa2-b319-77ed87708d3e", "request_id": "60be8b66-d980-4dde-925c-4847d25325a9", "status_code": 200, "tenant_id": "ab5af908-be70-4f29-8729-5ed3535f4689", "timestamp": "2026-08-07T12:05:22.219700Z", "trace_id": "db04b912e0c35173722c16ab28f41377"}
api-1       | INFO:     172.18.0.1:57922 - "GET /api/v1/runs/0c7bc135-4ed6-4aa2-b319-77ed87708d3e/cases?limit=200&sort=case_id HTTP/1.1" 200 OK
api-1       | {"api_key_prefix": "evk_5237dfcc3619", "duration_ms": 76.654, "event": "http_request_completed", "level": "info", "method": "GET", "outcome": "success", "path": "/api/v1/runs/0c7bc135-4ed6-4aa2-b319-77ed87708d3e/cases", "request_id": "6a4449cd-f8d3-49b1-9a85-fb4aafc5a71b", "status_code": 200, "tenant_id": "ab5af908-be70-4f29-8729-5ed3535f4689", "timestamp": "2026-08-07T12:05:22.298124Z", "trace_id": "dede6c2593e38b57e436a0396d484ba6"}
api-1       | INFO:     172.18.0.1:57922 - "GET /api/v1/runs/0c7bc135-4ed6-4aa2-b319-77ed87708d3e/cases?limit=200&sort=case_id&cursor=eyJkaXJlY3Rpb24iOiJhc2MiLCJlcnJvcl9jb2RlIjpudWxsLCJqb2JfaWQiOiJjODljMjVjYy0xZDNhLTRkNTEtODkyNy03ZTEzMzM3YjJkMzUiLCJtZXRyaWMiOm51bGwsInNvcnQiOiJjYXNlX2lkIiwic3RhdHVzIjpudWxsLCJ2IjoxLCJ2YWx1ZSI6ImxvYWQtMDE5OSJ9 HTTP/1.1" 200 OK
api-1       | {"api_key_prefix": "evk_5237dfcc3619", "duration_ms": 121.708, "event": "http_request_completed", "level": "info", "method": "GET", "outcome": "success", "path": "/api/v1/runs/0c7bc135-4ed6-4aa2-b319-77ed87708d3e/cases", "request_id": "43df9909-a235-4531-976b-31f024846844", "status_code": 200, "tenant_id": "ab5af908-be70-4f29-8729-5ed3535f4689", "timestamp": "2026-08-07T12:05:22.422446Z", "trace_id": "f0d199a22d74abf15b9eed2e33d47cbb"}
api-1       | INFO:     172.18.0.1:57922 - "GET /api/v1/runs/0c7bc135-4ed6-4aa2-b319-77ed87708d3e/cases?limit=200&sort=case_id&cursor=eyJkaXJlY3Rpb24iOiJhc2MiLCJlcnJvcl9jb2RlIjpudWxsLCJqb2JfaWQiOiIyOGRhM2I5OS05NTZkLTRmNmQtOGQwYS1jMjY0YTQyNDVmOWIiLCJtZXRyaWMiOm51bGwsInNvcnQiOiJjYXNlX2lkIiwic3RhdHVzIjpudWxsLCJ2IjoxLCJ2YWx1ZSI6ImxvYWQtMDM5OSJ9 HTTP/1.1" 200 OK
api-1       | {"api_key_prefix": "evk_5237dfcc3619", "duration_ms": 67.263, "event": "http_request_completed", "level": "info", "method": "GET", "outcome": "success", "path": "/api/v1/runs/0c7bc135-4ed6-4aa2-b319-77ed87708d3e/cases", "request_id": "2f59d566-70e0-4d08-a9aa-3d2c7afb7b2a", "status_code": 200, "tenant_id": "ab5af908-be70-4f29-8729-5ed3535f4689", "timestamp": "2026-08-07T12:05:22.492344Z", "trace_id": "f14eee7206f71142da7144ac907f384b"}
api-1       | {"claimed": 50, "event": "outbox_dispatch_batch_completed", "lease_lost": 0, "level": "info", "published": 50, "retry_scheduled": 0, "role": "outbox_dispatcher", "timestamp": "2026-08-07T12:05:22.941823Z"}
api-1       | INFO:     127.0.0.1:44282 - "GET /metrics HTTP/1.1" 200 OK
api-1       | {"duration_ms": 11.041, "event": "http_request_completed", "level": "info", "method": "GET", "outcome": "success", "path": "/metrics", "request_id": "03b77e9f-54c3-4d30-b86e-efcb198a72ee", "status_code": 200, "timestamp": "2026-08-07T12:05:23.061797Z", "trace_id": "139b3c050e7c63a4433152b61ac4d39a"}
api-1       | {"claimed": 50, "event": "outbox_dispatch_batch_completed", "lease_lost": 0, "level": "info", "published": 50, "retry_scheduled": 0, "role": "outbox_dispatcher", "timestamp": "2026-08-07T12:05:23.613357Z"}
api-1       | {"event": "Context impl PostgresqlImpl.", "level": "info", "request_id": "3c3c3ccf-798d-4948-8f58-4ec145b5981b", "timestamp": "2026-08-07T12:05:23.913309Z", "trace_id": "57f7b0dc838b3297075969dbfdf49fa8"}
api-1       | {"event": "Will assume transactional DDL.", "level": "info", "request_id": "3c3c3ccf-798d-4948-8f58-4ec145b5981b", "timestamp": "2026-08-07T12:05:23.913457Z", "trace_id": "57f7b0dc838b3297075969dbfdf49fa8"}
api-1       | INFO:     127.0.0.1:44292 - "GET /health/ready HTTP/1.1" 200 OK
api-1       | {"duration_ms": 22.326, "event": "http_request_completed", "level": "info", "method": "GET", "outcome": "success", "path": "/health/ready", "request_id": "3c3c3ccf-798d-4948-8f58-4ec145b5981b", "status_code": 200, "timestamp": "2026-08-07T12:05:23.920768Z", "trace_id": "57f7b0dc838b3297075969dbfdf49fa8"}
api-1       | {"claimed": 50, "event": "outbox_dispatch_batch_completed", "lease_lost": 0, "level": "info", "published": 50, "retry_scheduled": 0, "role": "outbox_dispatcher", "timestamp": "2026-08-07T12:05:24.313643Z"}
api-1       | {"claimed": 50, "event": "outbox_dispatch_batch_completed", "lease_lost": 0, "level": "info", "published": 50, "retry_scheduled": 0, "role": "outbox_dispatcher", "timestamp": "2026-08-07T12:05:24.985793Z"}
api-1       | {"claimed": 50, "event": "outbox_dispatch_batch_completed", "lease_lost": 0, "level": "info", "published": 50, "retry_scheduled": 0, "role": "outbox_dispatcher", "timestamp": "2026-08-07T12:05:25.659282Z"}
api-1       | {"claimed": 50, "event": "outbox_dispatch_batch_completed", "lease_lost": 0, "level": "info", "published": 50, "retry_scheduled": 0, "role": "outbox_dispatcher", "timestamp": "2026-08-07T12:05:26.367972Z"}
api-1       | {"claimed": 50, "event": "outbox_dispatch_batch_completed", "lease_lost": 0, "level": "info", "published": 50, "retry_scheduled": 0, "role": "outbox_dispatcher", "timestamp": "2026-08-07T12:05:27.082440Z"}
api-1       | {"claimed": 50, "event": "outbox_dispatch_batch_completed", "lease_lost": 0, "level": "info", "published": 50, "retry_scheduled": 0, "role": "outbox_dispatcher", "timestamp": "2026-08-07T12:05:27.784464Z"}
api-1       | {"claimed": 50, "event": "outbox_dispatch_batch_completed", "lease_lost": 0, "level": "info", "published": 50, "retry_scheduled": 0, "role": "outbox_dispatcher", "timestamp": "2026-08-07T12:05:28.517162Z"}
api-1       | {"claimed": 30, "event": "outbox_dispatch_batch_completed", "lease_lost": 0, "level": "info", "published": 30, "retry_scheduled": 0, "role": "outbox_dispatcher", "timestamp": "2026-08-07T12:05:29.324091Z"}
api-1       | {"event": "Context impl PostgresqlImpl.", "level": "info", "request_id": "437a32d8-eae7-475d-b6ef-6d1b73905404", "timestamp": "2026-08-07T12:05:29.381711Z", "trace_id": "53dfdeed9814b4c7ab17e1b2bd0d50ce"}
api-1       | {"event": "Will assume transactional DDL.", "level": "info", "request_id": "437a32d8-eae7-475d-b6ef-6d1b73905404", "timestamp": "2026-08-07T12:05:29.381872Z", "trace_id": "53dfdeed9814b4c7ab17e1b2bd0d50ce"}
api-1       | INFO:     127.0.0.1:55410 - "GET /health/ready HTTP/1.1" 200 OK
api-1       | {"duration_ms": 34.02, "event": "http_request_completed", "level": "info", "method": "GET", "outcome": "success", "path": "/health/ready", "request_id": "437a32d8-eae7-475d-b6ef-6d1b73905404", "status_code": 200, "timestamp": "2026-08-07T12:05:29.400392Z", "trace_id": "53dfdeed9814b4c7ab17e1b2bd0d50ce"}
api-1       | INFO:     172.18.0.1:57266 - "POST /api/v1/runs HTTP/1.1" 202 Accepted
api-1       | {"api_key_prefix": "evk_5237dfcc3619", "duration_ms": 87.45, "event": "http_request_completed", "level": "info", "method": "POST", "outcome": "success", "path": "/api/v1/runs", "request_id": "4ab25d99-ffa5-41ed-a7af-426bf2dc1f78", "status_code": 202, "tenant_id": "ab5af908-be70-4f29-8729-5ed3535f4689", "timestamp": "2026-08-07T12:05:29.864246Z", "trace_id": "73186f24cb3b21b55f838f58709f14d5"}
api-1       | INFO:     172.18.0.1:57266 - "GET /api/v1/runs/f317fd45-6635-40dc-b9bb-3661afb2a8e7 HTTP/1.1" 200 OK
api-1       | {"api_key_prefix": "evk_5237dfcc3619", "duration_ms": 54.451, "event": "http_request_completed", "level": "info", "method": "GET", "outcome": "success", "path": "/api/v1/runs/f317fd45-6635-40dc-b9bb-3661afb2a8e7", "request_id": "af4a3351-4387-4968-86a8-9a73c99fb288", "status_code": 200, "tenant_id": "ab5af908-be70-4f29-8729-5ed3535f4689", "timestamp": "2026-08-07T12:05:29.920358Z", "trace_id": "c9a3aa2e0d489ddd84135933c91bd6b3"}
api-1       | {"claimed": 5, "event": "outbox_dispatch_batch_completed", "lease_lost": 0, "level": "info", "published": 5, "retry_scheduled": 0, "role": "outbox_dispatcher", "timestamp": "2026-08-07T12:05:30.351129Z"}
api-1       | INFO:     172.18.0.1:57266 - "GET /api/v1/runs/f317fd45-6635-40dc-b9bb-3661afb2a8e7 HTTP/1.1" 200 OK
api-1       | {"api_key_prefix": "evk_5237dfcc3619", "duration_ms": 79.786, "event": "http_request_completed", "level": "info", "method": "GET", "outcome": "success", "path": "/api/v1/runs/f317fd45-6635-40dc-b9bb-3661afb2a8e7", "request_id": "7a4f84d4-34ee-427c-8a1c-1aecd4dd131d", "status_code": 200, "tenant_id": "ab5af908-be70-4f29-8729-5ed3535f4689", "timestamp": "2026-08-07T12:05:30.503090Z", "trace_id": "a054827e0d8c6c48b1a6577c1ad92218"}
api-1       | {"claimed": 50, "event": "outbox_dispatch_batch_completed", "lease_lost": 0, "level": "info", "published": 50, "retry_scheduled": 0, "role": "outbox_dispatcher", "timestamp": "2026-08-07T12:05:31.079638Z"}
api-1       | INFO:     172.18.0.1:57266 - "GET /api/v1/runs/f317fd45-6635-40dc-b9bb-3661afb2a8e7 HTTP/1.1" 200 OK
api-1       | {"api_key_prefix": "evk_5237dfcc3619", "duration_ms": 128.251, "event": "http_request_completed", "level": "info", "method": "GET", "outcome": "success", "path": "/api/v1/runs/f317fd45-6635-40dc-b9bb-3661afb2a8e7", "request_id": "309fc599-9741-4a89-8cc1-d60dd3fbe254", "status_code": 200, "tenant_id": "ab5af908-be70-4f29-8729-5ed3535f4689", "timestamp": "2026-08-07T12:05:31.140034Z", "trace_id": "19137c68c6c5f84bc305bf80722d418f"}
api-1       | {"claimed": 48, "event": "outbox_dispatch_batch_completed", "lease_lost": 0, "level": "info", "published": 48, "retry_scheduled": 0, "role": "outbox_dispatcher", "timestamp": "2026-08-07T12:05:31.751625Z"}
api-1       | INFO:     172.18.0.1:57266 - "GET /api/v1/runs/f317fd45-6635-40dc-b9bb-3661afb2a8e7 HTTP/1.1" 200 OK
api-1       | {"api_key_prefix": "evk_5237dfcc3619", "duration_ms": 153.478, "event": "http_request_completed", "level": "info", "method": "GET", "outcome": "success", "path": "/api/v1/runs/f317fd45-6635-40dc-b9bb-3661afb2a8e7", "request_id": "cd811e9c-833b-4995-a0fe-5168e2f04469", "status_code": 200, "tenant_id": "ab5af908-be70-4f29-8729-5ed3535f4689", "timestamp": "2026-08-07T12:05:31.812684Z", "trace_id": "71f96ae5d561d82ca66d3d8f312681e0"}
api-1       | {"claimed": 3, "event": "outbox_dispatch_batch_completed", "lease_lost": 0, "level": "info", "published": 3, "retry_scheduled": 0, "role": "outbox_dispatcher", "timestamp": "2026-08-07T12:05:32.262371Z"}
api-1       | INFO:     172.18.0.1:57266 - "GET /api/v1/runs/f317fd45-6635-40dc-b9bb-3661afb2a8e7 HTTP/1.1" 200 OK
api-1       | {"api_key_prefix": "evk_5237dfcc3619", "duration_ms": 58.445, "event": "http_request_completed", "level": "info", "method": "GET", "outcome": "success", "path": "/api/v1/runs/f317fd45-6635-40dc-b9bb-3661afb2a8e7", "request_id": "bb592ca8-cd72-431b-9aad-8e2090e0afac", "status_code": 200, "tenant_id": "ab5af908-be70-4f29-8729-5ed3535f4689", "timestamp": "2026-08-07T12:05:32.373864Z", "trace_id": "3f6315ca58cf55f4baa9270f307c6c4b"}
api-1       | INFO:     172.18.0.1:57266 - "GET /api/v1/runs/f317fd45-6635-40dc-b9bb-3661afb2a8e7/cases?limit=200&sort=case_id HTTP/1.1" 200 OK
api-1       | {"api_key_prefix": "evk_5237dfcc3619", "duration_ms": 62.337, "event": "http_request_completed", "level": "info", "method": "GET", "outcome": "success", "path": "/api/v1/runs/f317fd45-6635-40dc-b9bb-3661afb2a8e7/cases", "request_id": "8edb862a-f904-4377-907d-ac85bc11737d", "status_code": 200, "tenant_id": "ab5af908-be70-4f29-8729-5ed3535f4689", "timestamp": "2026-08-07T12:05:32.437774Z", "trace_id": "f0eaf37901d7674657c60d885abe5ebb"}
api-1       | INFO:     127.0.0.1:55438 - "GET /metrics HTTP/1.1" 200 OK
api-1       | {"duration_ms": 10.696, "event": "http_request_completed", "level": "info", "method": "GET", "outcome": "success", "path": "/metrics", "request_id": "bb28986d-58c4-45e5-82a5-a556790fefbc", "status_code": 200, "timestamp": "2026-08-07T12:05:32.840506Z", "trace_id": "af5ba9e3940521c20b8033e499abd33f"}
api-1       | INFO:     172.18.0.1:57266 - "POST /api/v1/runs HTTP/1.1" 202 Accepted
api-1       | {"api_key_prefix": "evk_5237dfcc3619", "duration_ms": 252.374, "event": "http_request_completed", "level": "info", "method": "POST", "outcome": "success", "path": "/api/v1/runs", "request_id": "2b34b209-8039-4638-adcc-f021e5c2ef57", "status_code": 202, "tenant_id": "ab5af908-be70-4f29-8729-5ed3535f4689", "timestamp": "2026-08-07T12:05:33.994802Z", "trace_id": "99271c0bf028516eb00991b055058ac4"}
api-1       | INFO:     172.18.0.1:57266 - "GET /api/v1/runs/efdb84da-73dc-4a57-8713-f0f3e4a6b73e HTTP/1.1" 200 OK
api-1       | {"api_key_prefix": "evk_5237dfcc3619", "duration_ms": 53.17, "event": "http_request_completed", "level": "info", "method": "GET", "outcome": "success", "path": "/api/v1/runs/efdb84da-73dc-4a57-8713-f0f3e4a6b73e", "request_id": "9624a169-bf27-431a-a4b9-9e85b8fd8b72", "status_code": 200, "tenant_id": "ab5af908-be70-4f29-8729-5ed3535f4689", "timestamp": "2026-08-07T12:05:34.049530Z", "trace_id": "df316aa5887a2d3620232974347febdf"}
api-1       | INFO:     172.18.0.1:57266 - "GET /api/v1/runs/efdb84da-73dc-4a57-8713-f0f3e4a6b73e HTTP/1.1" 200 OK
api-1       | {"api_key_prefix": "evk_5237dfcc3619", "duration_ms": 150.55, "event": "http_request_completed", "level": "info", "method": "GET", "outcome": "success", "path": "/api/v1/runs/efdb84da-73dc-4a57-8713-f0f3e4a6b73e", "request_id": "82b20e45-fc8e-485a-91fd-c3ffc896f83e", "status_code": 200, "tenant_id": "ab5af908-be70-4f29-8729-5ed3535f4689", "timestamp": "2026-08-07T12:05:34.702890Z", "trace_id": "79ffdb5e175fbb3aae3348e0614004c0"}
api-1       | {"event": "Context impl PostgresqlImpl.", "level": "info", "request_id": "820d4a05-6787-4839-8374-f93175483398", "timestamp": "2026-08-07T12:05:34.952244Z", "trace_id": "5874cffcfe709dbfb4073021ba914ab8"}
api-1       | {"event": "Will assume transactional DDL.", "level": "info", "request_id": "820d4a05-6787-4839-8374-f93175483398", "timestamp": "2026-08-07T12:05:34.952415Z", "trace_id": "5874cffcfe709dbfb4073021ba914ab8"}
api-1       | INFO:     127.0.0.1:55452 - "GET /health/ready HTTP/1.1" 200 OK
api-1       | {"duration_ms": 139.961, "event": "http_request_completed", "level": "info", "method": "GET", "outcome": "success", "path": "/health/ready", "request_id": "820d4a05-6787-4839-8374-f93175483398", "status_code": 200, "timestamp": "2026-08-07T12:05:34.971509Z", "trace_id": "5874cffcfe709dbfb4073021ba914ab8"}
api-1       | {"claimed": 29, "event": "outbox_dispatch_batch_completed", "lease_lost": 0, "level": "info", "published": 29, "retry_scheduled": 0, "role": "outbox_dispatcher", "timestamp": "2026-08-07T12:05:34.973442Z"}
api-1       | INFO:     172.18.0.1:57266 - "GET /api/v1/runs/efdb84da-73dc-4a57-8713-f0f3e4a6b73e HTTP/1.1" 200 OK
api-1       | {"api_key_prefix": "evk_5237dfcc3619", "duration_ms": 63.153, "event": "http_request_completed", "level": "info", "method": "GET", "outcome": "success", "path": "/api/v1/runs/efdb84da-73dc-4a57-8713-f0f3e4a6b73e", "request_id": "975e951a-be88-40fc-92e0-03c1e7e95e98", "status_code": 200, "tenant_id": "ab5af908-be70-4f29-8729-5ed3535f4689", "timestamp": "2026-08-07T12:05:35.269010Z", "trace_id": "3f0b6936618fbd6c16407437c57bab62"}
api-1       | {"claimed": 50, "event": "outbox_dispatch_batch_completed", "lease_lost": 0, "level": "info", "published": 50, "retry_scheduled": 0, "role": "outbox_dispatcher", "timestamp": "2026-08-07T12:05:35.689731Z"}
api-1       | INFO:     172.18.0.1:57266 - "GET /api/v1/runs/efdb84da-73dc-4a57-8713-f0f3e4a6b73e HTTP/1.1" 200 OK
api-1       | {"api_key_prefix": "evk_5237dfcc3619", "duration_ms": 66.006, "event": "http_request_completed", "level": "info", "method": "GET", "outcome": "success", "path": "/api/v1/runs/efdb84da-73dc-4a57-8713-f0f3e4a6b73e", "request_id": "eca12742-1666-4a42-b7e3-c5e5f9b0bdb3", "status_code": 200, "tenant_id": "ab5af908-be70-4f29-8729-5ed3535f4689", "timestamp": "2026-08-07T12:05:35.838016Z", "trace_id": "81c79693daaf773d689900967cfa764d"}
api-1       | {"claimed": 50, "event": "outbox_dispatch_batch_completed", "lease_lost": 0, "level": "info", "published": 50, "retry_scheduled": 0, "role": "outbox_dispatcher", "timestamp": "2026-08-07T12:05:36.462681Z"}
api-1       | INFO:     172.18.0.1:57266 - "GET /api/v1/runs/efdb84da-73dc-4a57-8713-f0f3e4a6b73e HTTP/1.1" 200 OK
api-1       | {"api_key_prefix": "evk_5237dfcc3619", "duration_ms": 210.969, "event": "http_request_completed", "level": "info", "method": "GET", "outcome": "success", "path": "/api/v1/runs/efdb84da-73dc-4a57-8713-f0f3e4a6b73e", "request_id": "01e9e5f1-64b7-481e-99ef-9716c317abda", "status_code": 200, "tenant_id": "ab5af908-be70-4f29-8729-5ed3535f4689", "timestamp": "2026-08-07T12:05:36.551945Z", "trace_id": "afba74a341fe7992cb30b237d172092f"}
api-1       | {"claimed": 50, "event": "outbox_dispatch_batch_completed", "lease_lost": 0, "level": "info", "published": 50, "retry_scheduled": 0, "role": "outbox_dispatcher", "timestamp": "2026-08-07T12:05:37.177943Z"}
api-1       | INFO:     172.18.0.1:57266 - "GET /api/v1/runs/efdb84da-73dc-4a57-8713-f0f3e4a6b73e HTTP/1.1" 200 OK
api-1       | {"api_key_prefix": "evk_5237dfcc3619", "duration_ms": 172.552, "event": "http_request_completed", "level": "info", "method": "GET", "outcome": "success", "path": "/api/v1/runs/efdb84da-73dc-4a57-8713-f0f3e4a6b73e", "request_id": "4994fa50-3466-4af5-a6ec-c19a4111d85b", "status_code": 200, "tenant_id": "ab5af908-be70-4f29-8729-5ed3535f4689", "timestamp": "2026-08-07T12:05:37.243953Z", "trace_id": "1ffd83e20ed906c4d467dab962c02fb3"}
api-1       | {"claimed": 50, "event": "outbox_dispatch_batch_completed", "lease_lost": 0, "level": "info", "published": 50, "retry_scheduled": 0, "role": "outbox_dispatcher", "timestamp": "2026-08-07T12:05:37.886671Z"}
api-1       | INFO:     172.18.0.1:57266 - "GET /api/v1/runs/efdb84da-73dc-4a57-8713-f0f3e4a6b73e HTTP/1.1" 200 OK
api-1       | {"api_key_prefix": "evk_5237dfcc3619", "duration_ms": 179.44, "event": "http_request_completed", "level": "info", "method": "GET", "outcome": "success", "path": "/api/v1/runs/efdb84da-73dc-4a57-8713-f0f3e4a6b73e", "request_id": "8fb32f20-b26b-43af-b89c-48f7039627da", "status_code": 200, "tenant_id": "ab5af908-be70-4f29-8729-5ed3535f4689", "timestamp": "2026-08-07T12:05:37.955777Z", "trace_id": "2b1f8536254c0c843ce46bd1345829f8"}
api-1       | {"claimed": 50, "event": "outbox_dispatch_batch_completed", "lease_lost": 0, "level": "info", "published": 50, "retry_scheduled": 0, "role": "outbox_dispatcher", "timestamp": "2026-08-07T12:05:38.620476Z"}
api-1       | INFO:     172.18.0.1:57266 - "GET /api/v1/runs/efdb84da-73dc-4a57-8713-f0f3e4a6b73e HTTP/1.1" 200 OK
api-1       | {"api_key_prefix": "evk_5237dfcc3619", "duration_ms": 192.626, "event": "http_request_completed", "level": "info", "method": "GET", "outcome": "success", "path": "/api/v1/runs/efdb84da-73dc-4a57-8713-f0f3e4a6b73e", "request_id": "0d1f6dcc-7842-4bc2-a830-e9df91e770c7", "status_code": 200, "tenant_id": "ab5af908-be70-4f29-8729-5ed3535f4689", "timestamp": "2026-08-07T12:05:38.671830Z", "trace_id": "e390af8c8a9fcac95e8e934b4869dcb7"}
api-1       | {"claimed": 50, "event": "outbox_dispatch_batch_completed", "lease_lost": 0, "level": "info", "published": 50, "retry_scheduled": 0, "role": "outbox_dispatcher", "timestamp": "2026-08-07T12:05:39.303194Z"}
api-1       | INFO:     172.18.0.1:57266 - "GET /api/v1/runs/efdb84da-73dc-4a57-8713-f0f3e4a6b73e HTTP/1.1" 200 OK
api-1       | {"api_key_prefix": "evk_5237dfcc3619", "duration_ms": 232.192, "event": "http_request_completed", "level": "info", "method": "GET", "outcome": "success", "path": "/api/v1/runs/efdb84da-73dc-4a57-8713-f0f3e4a6b73e", "request_id": "874e492c-acd4-409f-b693-7aa5f67aea9a", "status_code": 200, "tenant_id": "ab5af908-be70-4f29-8729-5ed3535f4689", "timestamp": "2026-08-07T12:05:39.412876Z", "trace_id": "4c7e09570dbb6363e5683a0b9b5579a4"}
api-1       | {"claimed": 50, "event": "outbox_dispatch_batch_completed", "lease_lost": 0, "level": "info", "published": 50, "retry_scheduled": 0, "role": "outbox_dispatcher", "timestamp": "2026-08-07T12:05:40.102511Z"}
api-1       | INFO:     172.18.0.1:57266 - "GET /api/v1/runs/efdb84da-73dc-4a57-8713-f0f3e4a6b73e HTTP/1.1" 200 OK
api-1       | {"api_key_prefix": "evk_5237dfcc3619", "duration_ms": 305.349, "event": "http_request_completed", "level": "info", "method": "GET", "outcome": "success", "path": "/api/v1/runs/efdb84da-73dc-4a57-8713-f0f3e4a6b73e", "request_id": "48951544-9b07-411e-9e4c-526bd442ca7b", "status_code": 200, "tenant_id": "ab5af908-be70-4f29-8729-5ed3535f4689", "timestamp": "2026-08-07T12:05:40.225969Z", "trace_id": "b816ad60d3e11c165afc567385b76765"}
api-1       | {"event": "Context impl PostgresqlImpl.", "level": "info", "request_id": "640d3eda-8eb3-4fdc-991d-053b0bdea38a", "timestamp": "2026-08-07T12:05:40.439664Z", "trace_id": "a88040373bcce0848f56aa3772fc9e30"}
api-1       | {"event": "Will assume transactional DDL.", "level": "info", "request_id": "640d3eda-8eb3-4fdc-991d-053b0bdea38a", "timestamp": "2026-08-07T12:05:40.439788Z", "trace_id": "a88040373bcce0848f56aa3772fc9e30"}
api-1       | INFO:     127.0.0.1:35696 - "GET /health/ready HTTP/1.1" 200 OK
api-1       | {"duration_ms": 24.0, "event": "http_request_completed", "level": "info", "method": "GET", "outcome": "success", "path": "/health/ready", "request_id": "640d3eda-8eb3-4fdc-991d-053b0bdea38a", "status_code": 200, "timestamp": "2026-08-07T12:05:40.448974Z", "trace_id": "a88040373bcce0848f56aa3772fc9e30"}
api-1       | {"claimed": 50, "event": "outbox_dispatch_batch_completed", "lease_lost": 0, "level": "info", "published": 50, "retry_scheduled": 0, "role": "outbox_dispatcher", "timestamp": "2026-08-07T12:05:40.826058Z"}
api-1       | INFO:     172.18.0.1:57266 - "GET /api/v1/runs/efdb84da-73dc-4a57-8713-f0f3e4a6b73e HTTP/1.1" 200 OK
api-1       | {"api_key_prefix": "evk_5237dfcc3619", "duration_ms": 125.083, "event": "http_request_completed", "level": "info", "method": "GET", "outcome": "success", "path": "/api/v1/runs/efdb84da-73dc-4a57-8713-f0f3e4a6b73e", "request_id": "83a34cbb-c3c6-4725-a8bc-35ddcfeb52ce", "status_code": 200, "tenant_id": "ab5af908-be70-4f29-8729-5ed3535f4689", "timestamp": "2026-08-07T12:05:40.865468Z", "trace_id": "9b9fc3267a12e031e4b70b04c7152c61"}
api-1       | {"claimed": 50, "event": "outbox_dispatch_batch_completed", "lease_lost": 0, "level": "info", "published": 50, "retry_scheduled": 0, "role": "outbox_dispatcher", "timestamp": "2026-08-07T12:05:41.568550Z"}
api-1       | INFO:     172.18.0.1:57266 - "GET /api/v1/runs/efdb84da-73dc-4a57-8713-f0f3e4a6b73e HTTP/1.1" 200 OK
api-1       | {"api_key_prefix": "evk_5237dfcc3619", "duration_ms": 270.483, "event": "http_request_completed", "level": "info", "method": "GET", "outcome": "success", "path": "/api/v1/runs/efdb84da-73dc-4a57-8713-f0f3e4a6b73e", "request_id": "5dfe40a9-747e-4944-9e6e-e73de7be53dd", "status_code": 200, "tenant_id": "ab5af908-be70-4f29-8729-5ed3535f4689", "timestamp": "2026-08-07T12:05:41.657597Z", "trace_id": "ec5f7195e2f44673533e57866fd86900"}
api-1       | {"claimed": 50, "event": "outbox_dispatch_batch_completed", "lease_lost": 0, "level": "info", "published": 50, "retry_scheduled": 0, "role": "outbox_dispatcher", "timestamp": "2026-08-07T12:05:42.281075Z"}
api-1       | INFO:     172.18.0.1:57266 - "GET /api/v1/runs/efdb84da-73dc-4a57-8713-f0f3e4a6b73e HTTP/1.1" 200 OK
api-1       | {"api_key_prefix": "evk_5237dfcc3619", "duration_ms": 169.382, "event": "http_request_completed", "level": "info", "method": "GET", "outcome": "success", "path": "/api/v1/runs/efdb84da-73dc-4a57-8713-f0f3e4a6b73e", "request_id": "88db057c-efaf-4957-8d32-fbcdfed993b1", "status_code": 200, "tenant_id": "ab5af908-be70-4f29-8729-5ed3535f4689", "timestamp": "2026-08-07T12:05:42.346178Z", "trace_id": "3e76e231a2e7f5bb8bf6465c6d2001ba"}
api-1       | {"claimed": 50, "event": "outbox_dispatch_batch_completed", "lease_lost": 0, "level": "info", "published": 50, "retry_scheduled": 0, "role": "outbox_dispatcher", "timestamp": "2026-08-07T12:05:42.990076Z"}
api-1       | INFO:     172.18.0.1:57266 - "GET /api/v1/runs/efdb84da-73dc-4a57-8713-f0f3e4a6b73e HTTP/1.1" 200 OK
api-1       | {"api_key_prefix": "evk_5237dfcc3619", "duration_ms": 208.443, "event": "http_request_completed", "level": "info", "method": "GET", "outcome": "success", "path": "/api/v1/runs/efdb84da-73dc-4a57-8713-f0f3e4a6b73e", "request_id": "f83d6a36-e99c-460c-a832-eaf87e41666e", "status_code": 200, "tenant_id": "ab5af908-be70-4f29-8729-5ed3535f4689", "timestamp": "2026-08-07T12:05:43.060662Z", "trace_id": "8052446f86bda6c755716d23773325de"}
api-1       | {"claimed": 50, "event": "outbox_dispatch_batch_completed", "lease_lost": 0, "level": "info", "published": 50, "retry_scheduled": 0, "role": "outbox_dispatcher", "timestamp": "2026-08-07T12:05:43.694632Z"}
api-1       | INFO:     172.18.0.1:57266 - "GET /api/v1/runs/efdb84da-73dc-4a57-8713-f0f3e4a6b73e HTTP/1.1" 200 OK
api-1       | {"api_key_prefix": "evk_5237dfcc3619", "duration_ms": 182.46, "event": "http_request_completed", "level": "info", "method": "GET", "outcome": "success", "path": "/api/v1/runs/efdb84da-73dc-4a57-8713-f0f3e4a6b73e", "request_id": "f7070828-7692-491f-b49d-e9e520de2cb2", "status_code": 200, "tenant_id": "ab5af908-be70-4f29-8729-5ed3535f4689", "timestamp": "2026-08-07T12:05:43.756711Z", "trace_id": "c1b1dbec20b1ba6f999554537b7dc1bd"}
api-1       | {"claimed": 50, "event": "outbox_dispatch_batch_completed", "lease_lost": 0, "level": "info", "published": 50, "retry_scheduled": 0, "role": "outbox_dispatcher", "timestamp": "2026-08-07T12:05:44.390995Z"}
api-1       | INFO:     172.18.0.1:57266 - "GET /api/v1/runs/efdb84da-73dc-4a57-8713-f0f3e4a6b73e HTTP/1.1" 200 OK
api-1       | {"api_key_prefix": "evk_5237dfcc3619", "duration_ms": 193.332, "event": "http_request_completed", "level": "info", "method": "GET", "outcome": "success", "path": "/api/v1/runs/efdb84da-73dc-4a57-8713-f0f3e4a6b73e", "request_id": "a9f8ceae-a1e3-4a2b-a318-efc78fa9efa8", "status_code": 200, "tenant_id": "ab5af908-be70-4f29-8729-5ed3535f4689", "timestamp": "2026-08-07T12:05:44.456454Z", "trace_id": "9fac628c5e6daab80beef9521425c651"}
api-1       | {"claimed": 50, "event": "outbox_dispatch_batch_completed", "lease_lost": 0, "level": "info", "published": 50, "retry_scheduled": 0, "role": "outbox_dispatcher", "timestamp": "2026-08-07T12:05:45.167524Z"}
api-1       | INFO:     172.18.0.1:57266 - "GET /api/v1/runs/efdb84da-73dc-4a57-8713-f0f3e4a6b73e HTTP/1.1" 200 OK
api-1       | {"api_key_prefix": "evk_5237dfcc3619", "duration_ms": 213.886, "event": "http_request_completed", "level": "info", "method": "GET", "outcome": "success", "path": "/api/v1/runs/efdb84da-73dc-4a57-8713-f0f3e4a6b73e", "request_id": "ee346f1d-78c2-482b-8c36-67ac65b1855d", "status_code": 200, "tenant_id": "ab5af908-be70-4f29-8729-5ed3535f4689", "timestamp": "2026-08-07T12:05:45.230626Z", "trace_id": "5efdd373a8dd6c88e7bae1b590b7bdd3"}
api-1       | {"event": "Context impl PostgresqlImpl.", "level": "info", "request_id": "e8d06ea3-b301-4154-9297-cfbb609f34da", "timestamp": "2026-08-07T12:05:45.974608Z", "trace_id": "dab095792e6c1a2c0265269359c9cda1"}
api-1       | {"event": "Will assume transactional DDL.", "level": "info", "request_id": "e8d06ea3-b301-4154-9297-cfbb609f34da", "timestamp": "2026-08-07T12:05:45.974869Z", "trace_id": "dab095792e6c1a2c0265269359c9cda1"}
api-1       | {"claimed": 50, "event": "outbox_dispatch_batch_completed", "lease_lost": 0, "level": "info", "published": 50, "retry_scheduled": 0, "role": "outbox_dispatcher", "timestamp": "2026-08-07T12:05:45.976796Z"}
api-1       | INFO:     127.0.0.1:35718 - "GET /health/ready HTTP/1.1" 200 OK
api-1       | {"duration_ms": 83.338, "event": "http_request_completed", "level": "info", "method": "GET", "outcome": "success", "path": "/health/ready", "request_id": "e8d06ea3-b301-4154-9297-cfbb609f34da", "status_code": 200, "timestamp": "2026-08-07T12:05:45.994601Z", "trace_id": "dab095792e6c1a2c0265269359c9cda1"}
api-1       | INFO:     172.18.0.1:57266 - "GET /api/v1/runs/efdb84da-73dc-4a57-8713-f0f3e4a6b73e HTTP/1.1" 200 OK
api-1       | {"api_key_prefix": "evk_5237dfcc3619", "duration_ms": 313.988, "event": "http_request_completed", "level": "info", "method": "GET", "outcome": "success", "path": "/api/v1/runs/efdb84da-73dc-4a57-8713-f0f3e4a6b73e", "request_id": "7755ebed-3d20-41dd-97bc-0415a4413807", "status_code": 200, "tenant_id": "ab5af908-be70-4f29-8729-5ed3535f4689", "timestamp": "2026-08-07T12:05:46.050342Z", "trace_id": "e391c19ac31f747e8d17b79af239db28"}
api-1       | {"claimed": 50, "event": "outbox_dispatch_batch_completed", "lease_lost": 0, "level": "info", "published": 50, "retry_scheduled": 0, "role": "outbox_dispatcher", "timestamp": "2026-08-07T12:05:46.682122Z"}
api-1       | INFO:     172.18.0.1:57266 - "GET /api/v1/runs/efdb84da-73dc-4a57-8713-f0f3e4a6b73e HTTP/1.1" 200 OK
api-1       | {"api_key_prefix": "evk_5237dfcc3619", "duration_ms": 182.614, "event": "http_request_completed", "level": "info", "method": "GET", "outcome": "success", "path": "/api/v1/runs/efdb84da-73dc-4a57-8713-f0f3e4a6b73e", "request_id": "9ca260bd-da24-462e-ba06-8e0565097c19", "status_code": 200, "tenant_id": "ab5af908-be70-4f29-8729-5ed3535f4689", "timestamp": "2026-08-07T12:05:46.762516Z", "trace_id": "37cf5e94a541dacb2b51d49c693bbdb8"}
api-1       | {"claimed": 50, "event": "outbox_dispatch_batch_completed", "lease_lost": 0, "level": "info", "published": 50, "retry_scheduled": 0, "role": "outbox_dispatcher", "timestamp": "2026-08-07T12:05:47.360174Z"}
api-1       | INFO:     172.18.0.1:57266 - "GET /api/v1/runs/efdb84da-73dc-4a57-8713-f0f3e4a6b73e HTTP/1.1" 200 OK
api-1       | {"api_key_prefix": "evk_5237dfcc3619", "duration_ms": 102.263, "event": "http_request_completed", "level": "info", "method": "GET", "outcome": "success", "path": "/api/v1/runs/efdb84da-73dc-4a57-8713-f0f3e4a6b73e", "request_id": "3dab5017-a468-4c18-bea1-d3841fef9b55", "status_code": 200, "tenant_id": "ab5af908-be70-4f29-8729-5ed3535f4689", "timestamp": "2026-08-07T12:05:47.380363Z", "trace_id": "f79022f634112f1e2e660b1ef1a1fb09"}
api-1       | {"claimed": 50, "event": "outbox_dispatch_batch_completed", "lease_lost": 0, "level": "info", "published": 50, "retry_scheduled": 0, "role": "outbox_dispatcher", "timestamp": "2026-08-07T12:05:48.053570Z"}
api-1       | INFO:     172.18.0.1:57266 - "GET /api/v1/runs/efdb84da-73dc-4a57-8713-f0f3e4a6b73e HTTP/1.1" 200 OK
api-1       | {"api_key_prefix": "evk_5237dfcc3619", "duration_ms": 203.799, "event": "http_request_completed", "level": "info", "method": "GET", "outcome": "success", "path": "/api/v1/runs/efdb84da-73dc-4a57-8713-f0f3e4a6b73e", "request_id": "e46d1d07-98ef-45f0-b2ec-a4dd81d3b11a", "status_code": 200, "tenant_id": "ab5af908-be70-4f29-8729-5ed3535f4689", "timestamp": "2026-08-07T12:05:48.112664Z", "trace_id": "1656de8f8baca8b13e73d5628eca13d2"}
api-1       | INFO:     172.18.0.1:57266 - "GET /api/v1/runs/efdb84da-73dc-4a57-8713-f0f3e4a6b73e/cases?limit=200&sort=case_id HTTP/1.1" 200 OK
api-1       | {"api_key_prefix": "evk_5237dfcc3619", "duration_ms": 77.484, "event": "http_request_completed", "level": "info", "method": "GET", "outcome": "success", "path": "/api/v1/runs/efdb84da-73dc-4a57-8713-f0f3e4a6b73e/cases", "request_id": "28ddd6ab-a334-44d0-81a0-61cc69c2882c", "status_code": 200, "tenant_id": "ab5af908-be70-4f29-8729-5ed3535f4689", "timestamp": "2026-08-07T12:05:48.191810Z", "trace_id": "1b756efd1be5bbe7d18de62c13649375"}
api-1       | INFO:     172.18.0.1:57266 - "GET /api/v1/runs/efdb84da-73dc-4a57-8713-f0f3e4a6b73e/cases?limit=200&sort=case_id&cursor=eyJkaXJlY3Rpb24iOiJhc2MiLCJlcnJvcl9jb2RlIjpudWxsLCJqb2JfaWQiOiJiYTlmNjMyNS04ODM3LTQwY2YtOWU3ZC02NWU3ZjljMzczYTkiLCJtZXRyaWMiOm51bGwsInNvcnQiOiJjYXNlX2lkIiwic3RhdHVzIjpudWxsLCJ2IjoxLCJ2YWx1ZSI6ImxvYWQtMDE5OSJ9 HTTP/1.1" 200 OK
api-1       | {"api_key_prefix": "evk_5237dfcc3619", "duration_ms": 72.992, "event": "http_request_completed", "level": "info", "method": "GET", "outcome": "success", "path": "/api/v1/runs/efdb84da-73dc-4a57-8713-f0f3e4a6b73e/cases", "request_id": "eebdca93-542d-41a7-8183-ddabb92fbb41", "status_code": 200, "tenant_id": "ab5af908-be70-4f29-8729-5ed3535f4689", "timestamp": "2026-08-07T12:05:48.267414Z", "trace_id": "83cee034bfb76ce9660bc6d0fa769fbd"}
api-1       | INFO:     172.18.0.1:57266 - "GET /api/v1/runs/efdb84da-73dc-4a57-8713-f0f3e4a6b73e/cases?limit=200&sort=case_id&cursor=eyJkaXJlY3Rpb24iOiJhc2MiLCJlcnJvcl9jb2RlIjpudWxsLCJqb2JfaWQiOiJmNjdiYWYzMi0wNDNlLTRjYTUtOTIyZi03Mjk3NzNjODhlYTYiLCJtZXRyaWMiOm51bGwsInNvcnQiOiJjYXNlX2lkIiwic3RhdHVzIjpudWxsLCJ2IjoxLCJ2YWx1ZSI6ImxvYWQtMDM5OSJ9 HTTP/1.1" 200 OK
api-1       | {"api_key_prefix": "evk_5237dfcc3619", "duration_ms": 67.19, "event": "http_request_completed", "level": "info", "method": "GET", "outcome": "success", "path": "/api/v1/runs/efdb84da-73dc-4a57-8713-f0f3e4a6b73e/cases", "request_id": "bf144b15-d15d-4cb7-a2fe-543db1b26d4e", "status_code": 200, "tenant_id": "ab5af908-be70-4f29-8729-5ed3535f4689", "timestamp": "2026-08-07T12:05:48.337175Z", "trace_id": "fde4d21620c19002eea2190b66c9d900"}
api-1       | {"claimed": 50, "event": "outbox_dispatch_batch_completed", "lease_lost": 0, "level": "info", "published": 50, "retry_scheduled": 0, "role": "outbox_dispatcher", "timestamp": "2026-08-07T12:05:48.901530Z"}
api-1       | INFO:     127.0.0.1:34744 - "GET /metrics HTTP/1.1" 200 OK
api-1       | {"duration_ms": 13.159, "event": "http_request_completed", "level": "info", "method": "GET", "outcome": "success", "path": "/metrics", "request_id": "93b84a2d-8d76-4ef9-90a6-c2056ab53c49", "status_code": 200, "timestamp": "2026-08-07T12:05:48.969738Z", "trace_id": "39cb24801df3b120e9fe33a68382fc4d"}
api-1       | {"claimed": 50, "event": "outbox_dispatch_batch_completed", "lease_lost": 0, "level": "info", "published": 50, "retry_scheduled": 0, "role": "outbox_dispatcher", "timestamp": "2026-08-07T12:05:49.585964Z"}
api-1       | {"claimed": 23, "event": "outbox_dispatch_batch_completed", "lease_lost": 0, "level": "info", "published": 23, "retry_scheduled": 0, "role": "outbox_dispatcher", "timestamp": "2026-08-07T12:05:50.254584Z"}
api-1       | {"event": "Context impl PostgresqlImpl.", "level": "info", "request_id": "59435c67-00c5-4e97-9ed6-a6d03eeba72e", "timestamp": "2026-08-07T12:05:51.393737Z", "trace_id": "f03368cc49bc59995f8502041bb4ad09"}
api-1       | {"event": "Will assume transactional DDL.", "level": "info", "request_id": "59435c67-00c5-4e97-9ed6-a6d03eeba72e", "timestamp": "2026-08-07T12:05:51.393890Z", "trace_id": "f03368cc49bc59995f8502041bb4ad09"}
api-1       | INFO:     127.0.0.1:34784 - "GET /health/ready HTTP/1.1" 200 OK
api-1       | {"duration_ms": 25.204, "event": "http_request_completed", "level": "info", "method": "GET", "outcome": "success", "path": "/health/ready", "request_id": "59435c67-00c5-4e97-9ed6-a6d03eeba72e", "status_code": 200, "timestamp": "2026-08-07T12:05:51.400897Z", "trace_id": "f03368cc49bc59995f8502041bb4ad09"}
api-1       | INFO:     172.18.0.1:59226 - "POST /api/v1/runs HTTP/1.1" 202 Accepted
api-1       | {"api_key_prefix": "evk_5237dfcc3619", "duration_ms": 131.769, "event": "http_request_completed", "level": "info", "method": "POST", "outcome": "success", "path": "/api/v1/runs", "request_id": "892419d6-8c35-4006-991f-2159452e0244", "status_code": 202, "tenant_id": "ab5af908-be70-4f29-8729-5ed3535f4689", "timestamp": "2026-08-07T12:05:54.016324Z", "trace_id": "4e9a59327adf0c49b3c019b8c0b2f760"}
api-1       | INFO:     172.18.0.1:59226 - "GET /api/v1/runs/0e0d2ef7-64bd-4bcc-9a91-114fa230e036 HTTP/1.1" 200 OK
api-1       | {"api_key_prefix": "evk_5237dfcc3619", "duration_ms": 80.356, "event": "http_request_completed", "level": "info", "method": "GET", "outcome": "success", "path": "/api/v1/runs/0e0d2ef7-64bd-4bcc-9a91-114fa230e036", "request_id": "162cba97-5130-403f-84d0-60bc8c7f7907", "status_code": 200, "tenant_id": "ab5af908-be70-4f29-8729-5ed3535f4689", "timestamp": "2026-08-07T12:05:54.098906Z", "trace_id": "348cb9fe7e7b9ed02bb9a0c984f247e9"}
api-1       | INFO:     172.18.0.1:59226 - "GET /api/v1/runs/0e0d2ef7-64bd-4bcc-9a91-114fa230e036 HTTP/1.1" 200 OK
api-1       | {"api_key_prefix": "evk_5237dfcc3619", "duration_ms": 102.515, "event": "http_request_completed", "level": "info", "method": "GET", "outcome": "success", "path": "/api/v1/runs/0e0d2ef7-64bd-4bcc-9a91-114fa230e036", "request_id": "071778b8-92fc-441f-8fbd-a68848ee0a80", "status_code": 200, "tenant_id": "ab5af908-be70-4f29-8729-5ed3535f4689", "timestamp": "2026-08-07T12:05:54.706939Z", "trace_id": "68a1ff85ee9e7c633364363efdf9f469"}
api-1       | {"claimed": 33, "event": "outbox_dispatch_batch_completed", "lease_lost": 0, "level": "info", "published": 33, "retry_scheduled": 0, "role": "outbox_dispatcher", "timestamp": "2026-08-07T12:05:55.051562Z"}
api-1       | INFO:     172.18.0.1:59226 - "GET /api/v1/runs/0e0d2ef7-64bd-4bcc-9a91-114fa230e036 HTTP/1.1" 200 OK
api-1       | {"api_key_prefix": "evk_5237dfcc3619", "duration_ms": 83.409, "event": "http_request_completed", "level": "info", "method": "GET", "outcome": "success", "path": "/api/v1/runs/0e0d2ef7-64bd-4bcc-9a91-114fa230e036", "request_id": "36630902-22b5-4e7b-ab42-91a2d27a9e20", "status_code": 200, "tenant_id": "ab5af908-be70-4f29-8729-5ed3535f4689", "timestamp": "2026-08-07T12:05:55.293594Z", "trace_id": "1c5ca06aea64ff2cee7a1c54c7226c1e"}
api-1       | {"claimed": 50, "event": "outbox_dispatch_batch_completed", "lease_lost": 0, "level": "info", "published": 50, "retry_scheduled": 0, "role": "outbox_dispatcher", "timestamp": "2026-08-07T12:05:55.753020Z"}
api-1       | INFO:     172.18.0.1:59226 - "GET /api/v1/runs/0e0d2ef7-64bd-4bcc-9a91-114fa230e036 HTTP/1.1" 200 OK
api-1       | {"api_key_prefix": "evk_5237dfcc3619", "duration_ms": 59.917, "event": "http_request_completed", "level": "info", "method": "GET", "outcome": "success", "path": "/api/v1/runs/0e0d2ef7-64bd-4bcc-9a91-114fa230e036", "request_id": "feb6f4e4-1eb7-4ff1-9829-0dd0b6f67050", "status_code": 200, "tenant_id": "ab5af908-be70-4f29-8729-5ed3535f4689", "timestamp": "2026-08-07T12:05:55.856375Z", "trace_id": "f5353b511547cb4c791660d287c44991"}
api-1       | {"claimed": 20, "event": "outbox_dispatch_batch_completed", "lease_lost": 0, "level": "info", "published": 20, "retry_scheduled": 0, "role": "outbox_dispatcher", "timestamp": "2026-08-07T12:05:56.362282Z"}
api-1       | INFO:     172.18.0.1:59226 - "GET /api/v1/runs/0e0d2ef7-64bd-4bcc-9a91-114fa230e036 HTTP/1.1" 200 OK
api-1       | {"api_key_prefix": "evk_5237dfcc3619", "duration_ms": 60.257, "event": "http_request_completed", "level": "info", "method": "GET", "outcome": "success", "path": "/api/v1/runs/0e0d2ef7-64bd-4bcc-9a91-114fa230e036", "request_id": "c2abb860-cbbc-40a2-b320-7b11a44ebaa0", "status_code": 200, "tenant_id": "ab5af908-be70-4f29-8729-5ed3535f4689", "timestamp": "2026-08-07T12:05:56.420301Z", "trace_id": "36da7018b71dc01babdd8d89123b8893"}
api-1       | {"event": "Context impl PostgresqlImpl.", "level": "info", "request_id": "4f45e4b1-ee81-4de7-a2a4-170ee27777f8", "timestamp": "2026-08-07T12:05:56.699423Z", "trace_id": "c519d2df65f1c682383d10d70f47860b"}
api-1       | {"event": "Will assume transactional DDL.", "level": "info", "request_id": "4f45e4b1-ee81-4de7-a2a4-170ee27777f8", "timestamp": "2026-08-07T12:05:56.699556Z", "trace_id": "c519d2df65f1c682383d10d70f47860b"}
api-1       | INFO:     127.0.0.1:55590 - "GET /health/ready HTTP/1.1" 200 OK
api-1       | {"duration_ms": 21.67, "event": "http_request_completed", "level": "info", "method": "GET", "outcome": "success", "path": "/health/ready", "request_id": "4f45e4b1-ee81-4de7-a2a4-170ee27777f8", "status_code": 200, "timestamp": "2026-08-07T12:05:56.706348Z", "trace_id": "c519d2df65f1c682383d10d70f47860b"}
api-1       | {"claimed": 3, "event": "outbox_dispatch_batch_completed", "lease_lost": 0, "level": "info", "published": 3, "retry_scheduled": 0, "role": "outbox_dispatcher", "timestamp": "2026-08-07T12:05:56.874974Z"}
api-1       | INFO:     172.18.0.1:59226 - "GET /api/v1/runs/0e0d2ef7-64bd-4bcc-9a91-114fa230e036 HTTP/1.1" 200 OK
api-1       | {"api_key_prefix": "evk_5237dfcc3619", "duration_ms": 54.645, "event": "http_request_completed", "level": "info", "method": "GET", "outcome": "success", "path": "/api/v1/runs/0e0d2ef7-64bd-4bcc-9a91-114fa230e036", "request_id": "f425d88f-695e-45fc-a21a-88c00731cb67", "status_code": 200, "tenant_id": "ab5af908-be70-4f29-8729-5ed3535f4689", "timestamp": "2026-08-07T12:05:56.977822Z", "trace_id": "a841cb2280317a96373d842e3449f350"}
api-1       | INFO:     172.18.0.1:59226 - "GET /api/v1/runs/0e0d2ef7-64bd-4bcc-9a91-114fa230e036/cases?limit=200&sort=case_id HTTP/1.1" 200 OK
api-1       | {"api_key_prefix": "evk_5237dfcc3619", "duration_ms": 62.122, "event": "http_request_completed", "level": "info", "method": "GET", "outcome": "success", "path": "/api/v1/runs/0e0d2ef7-64bd-4bcc-9a91-114fa230e036/cases", "request_id": "f9161554-4bfc-4cdb-977f-b275c6661440", "status_code": 200, "tenant_id": "ab5af908-be70-4f29-8729-5ed3535f4689", "timestamp": "2026-08-07T12:05:57.041674Z", "trace_id": "216ecd480a2f3ac370b4a9f865ea4a34"}
api-1       | INFO:     127.0.0.1:55598 - "GET /metrics HTTP/1.1" 200 OK
api-1       | {"duration_ms": 10.795, "event": "http_request_completed", "level": "info", "method": "GET", "outcome": "success", "path": "/metrics", "request_id": "4fcb4521-b0b9-4d1e-b34c-87c730606eac", "status_code": 200, "timestamp": "2026-08-07T12:05:57.437740Z", "trace_id": "54371f83c718b8d6e03a5bc241398517"}
api-1       | INFO:     172.18.0.1:59226 - "POST /api/v1/runs HTTP/1.1" 202 Accepted
api-1       | {"api_key_prefix": "evk_5237dfcc3619", "duration_ms": 211.502, "event": "http_request_completed", "level": "info", "method": "POST", "outcome": "success", "path": "/api/v1/runs", "request_id": "b96b4ff0-0601-4ecb-b2fd-4af78ac10b05", "status_code": 202, "tenant_id": "ab5af908-be70-4f29-8729-5ed3535f4689", "timestamp": "2026-08-07T12:05:59.504600Z", "trace_id": "2561ecbeeeea619cf7a51f46c4f9efdb"}
api-1       | INFO:     172.18.0.1:59226 - "GET /api/v1/runs/0a921ca0-3f3b-42f1-ab91-ff7aa9a98b09 HTTP/1.1" 200 OK
api-1       | {"api_key_prefix": "evk_5237dfcc3619", "duration_ms": 63.618, "event": "http_request_completed", "level": "info", "method": "GET", "outcome": "success", "path": "/api/v1/runs/0a921ca0-3f3b-42f1-ab91-ff7aa9a98b09", "request_id": "d339247b-16a0-4ca4-84bd-8f454867dd2a", "status_code": 200, "tenant_id": "ab5af908-be70-4f29-8729-5ed3535f4689", "timestamp": "2026-08-07T12:05:59.570030Z", "trace_id": "a23755bc8a3647a4230658a88d29c379"}
api-1       | {"claimed": 39, "event": "outbox_dispatch_batch_completed", "lease_lost": 0, "level": "info", "published": 39, "retry_scheduled": 0, "role": "outbox_dispatcher", "timestamp": "2026-08-07T12:06:00.164992Z"}
api-1       | INFO:     172.18.0.1:59226 - "GET /api/v1/runs/0a921ca0-3f3b-42f1-ab91-ff7aa9a98b09 HTTP/1.1" 200 OK
api-1       | {"api_key_prefix": "evk_5237dfcc3619", "duration_ms": 102.215, "event": "http_request_completed", "level": "info", "method": "GET", "outcome": "success", "path": "/api/v1/runs/0a921ca0-3f3b-42f1-ab91-ff7aa9a98b09", "request_id": "cb4cc935-8d71-4109-89d1-006977a0bef7", "status_code": 200, "tenant_id": "ab5af908-be70-4f29-8729-5ed3535f4689", "timestamp": "2026-08-07T12:06:00.177982Z", "trace_id": "69f2f19d268db58245290bab0d4d53d1"}
api-1       | {"claimed": 50, "event": "outbox_dispatch_batch_completed", "lease_lost": 0, "level": "info", "published": 50, "retry_scheduled": 0, "role": "outbox_dispatcher", "timestamp": "2026-08-07T12:06:01.052035Z"}
api-1       | INFO:     172.18.0.1:59226 - "GET /api/v1/runs/0a921ca0-3f3b-42f1-ab91-ff7aa9a98b09 HTTP/1.1" 200 OK
api-1       | {"api_key_prefix": "evk_5237dfcc3619", "duration_ms": 385.528, "event": "http_request_completed", "level": "info", "method": "GET", "outcome": "success", "path": "/api/v1/runs/0a921ca0-3f3b-42f1-ab91-ff7aa9a98b09", "request_id": "9b2c18f2-cac6-46ba-86f8-6967fd7b5fc0", "status_code": 200, "tenant_id": "ab5af908-be70-4f29-8729-5ed3535f4689", "timestamp": "2026-08-07T12:06:01.065807Z", "trace_id": "3c085dc8f59a2f73b532e04cc00a556f"}
api-1       | INFO:     172.18.0.1:59226 - "GET /api/v1/runs/0a921ca0-3f3b-42f1-ab91-ff7aa9a98b09 HTTP/1.1" 200 OK
api-1       | {"api_key_prefix": "evk_5237dfcc3619", "duration_ms": 403.317, "event": "http_request_completed", "level": "info", "method": "GET", "outcome": "success", "path": "/api/v1/runs/0a921ca0-3f3b-42f1-ab91-ff7aa9a98b09", "request_id": "a1006b84-72c7-48ee-a403-6ce235f33f4d", "status_code": 200, "tenant_id": "ab5af908-be70-4f29-8729-5ed3535f4689", "timestamp": "2026-08-07T12:06:01.974622Z", "trace_id": "51fb7093af506a9aee8ba8fde80922a9"}
api-1       | {"claimed": 50, "event": "outbox_dispatch_batch_completed", "lease_lost": 0, "level": "info", "published": 50, "retry_scheduled": 0, "role": "outbox_dispatcher", "timestamp": "2026-08-07T12:06:01.976623Z"}
api-1       | {"event": "Context impl PostgresqlImpl.", "level": "info", "request_id": "90990fee-8f31-472e-8eeb-af776dcb304e", "timestamp": "2026-08-07T12:06:02.186330Z", "trace_id": "06601c2f713cb9867d59128822c02d55"}
api-1       | {"event": "Will assume transactional DDL.", "level": "info", "request_id": "90990fee-8f31-472e-8eeb-af776dcb304e", "timestamp": "2026-08-07T12:06:02.186467Z", "trace_id": "06601c2f713cb9867d59128822c02d55"}
api-1       | INFO:     127.0.0.1:55632 - "GET /health/ready HTTP/1.1" 200 OK
api-1       | {"duration_ms": 31.02, "event": "http_request_completed", "level": "info", "method": "GET", "outcome": "success", "path": "/health/ready", "request_id": "90990fee-8f31-472e-8eeb-af776dcb304e", "status_code": 200, "timestamp": "2026-08-07T12:06:02.194775Z", "trace_id": "06601c2f713cb9867d59128822c02d55"}
api-1       | {"claimed": 50, "event": "outbox_dispatch_batch_completed", "lease_lost": 0, "level": "info", "published": 50, "retry_scheduled": 0, "role": "outbox_dispatcher", "timestamp": "2026-08-07T12:06:02.774086Z"}
api-1       | INFO:     172.18.0.1:59226 - "GET /api/v1/runs/0a921ca0-3f3b-42f1-ab91-ff7aa9a98b09 HTTP/1.1" 200 OK
api-1       | {"api_key_prefix": "evk_5237dfcc3619", "duration_ms": 303.426, "event": "http_request_completed", "level": "info", "method": "GET", "outcome": "success", "path": "/api/v1/runs/0a921ca0-3f3b-42f1-ab91-ff7aa9a98b09", "request_id": "2375a9fc-f749-40db-98e4-5eecba15efba", "status_code": 200, "tenant_id": "ab5af908-be70-4f29-8729-5ed3535f4689", "timestamp": "2026-08-07T12:06:02.780694Z", "trace_id": "67e4142d8d6f6e99de479b6cde03b341"}
api-1       | {"claimed": 50, "event": "outbox_dispatch_batch_completed", "lease_lost": 0, "level": "info", "published": 50, "retry_scheduled": 0, "role": "outbox_dispatcher", "timestamp": "2026-08-07T12:06:03.584598Z"}
api-1       | INFO:     172.18.0.1:59226 - "GET /api/v1/runs/0a921ca0-3f3b-42f1-ab91-ff7aa9a98b09 HTTP/1.1" 200 OK
api-1       | {"api_key_prefix": "evk_5237dfcc3619", "duration_ms": 302.851, "event": "http_request_completed", "level": "info", "method": "GET", "outcome": "success", "path": "/api/v1/runs/0a921ca0-3f3b-42f1-ab91-ff7aa9a98b09", "request_id": "59b67cf8-793c-4721-a796-9dbca78b4498", "status_code": 200, "tenant_id": "ab5af908-be70-4f29-8729-5ed3535f4689", "timestamp": "2026-08-07T12:06:03.587482Z", "trace_id": "e09d7a9e024f3bc14d90d7d1a6966e70"}
api-1       | {"claimed": 50, "event": "outbox_dispatch_batch_completed", "lease_lost": 0, "level": "info", "published": 50, "retry_scheduled": 0, "role": "outbox_dispatcher", "timestamp": "2026-08-07T12:06:04.410528Z"}
api-1       | INFO:     172.18.0.1:59226 - "GET /api/v1/runs/0a921ca0-3f3b-42f1-ab91-ff7aa9a98b09 HTTP/1.1" 200 OK
api-1       | {"api_key_prefix": "evk_5237dfcc3619", "duration_ms": 363.63, "event": "http_request_completed", "level": "info", "method": "GET", "outcome": "success", "path": "/api/v1/runs/0a921ca0-3f3b-42f1-ab91-ff7aa9a98b09", "request_id": "2ff4d29f-c741-4cdf-9278-edf6cdb43440", "status_code": 200, "tenant_id": "ab5af908-be70-4f29-8729-5ed3535f4689", "timestamp": "2026-08-07T12:06:04.455104Z", "trace_id": "a2ebb25098efac78c107e18d27506635"}
api-1       | {"claimed": 50, "event": "outbox_dispatch_batch_completed", "lease_lost": 0, "level": "info", "published": 50, "retry_scheduled": 0, "role": "outbox_dispatcher", "timestamp": "2026-08-07T12:06:05.160960Z"}
api-1       | INFO:     172.18.0.1:59226 - "GET /api/v1/runs/0a921ca0-3f3b-42f1-ab91-ff7aa9a98b09 HTTP/1.1" 200 OK
api-1       | {"api_key_prefix": "evk_5237dfcc3619", "duration_ms": 252.809, "event": "http_request_completed", "level": "info", "method": "GET", "outcome": "success", "path": "/api/v1/runs/0a921ca0-3f3b-42f1-ab91-ff7aa9a98b09", "request_id": "af989e22-0f8c-42f1-b760-647070b7768b", "status_code": 200, "tenant_id": "ab5af908-be70-4f29-8729-5ed3535f4689", "timestamp": "2026-08-07T12:06:05.232321Z", "trace_id": "04830ff4cb9d4276468e482155ab2fd2"}
api-1       | {"claimed": 50, "event": "outbox_dispatch_batch_completed", "lease_lost": 0, "level": "info", "published": 50, "retry_scheduled": 0, "role": "outbox_dispatcher", "timestamp": "2026-08-07T12:06:05.896298Z"}
api-1       | INFO:     172.18.0.1:59226 - "GET /api/v1/runs/0a921ca0-3f3b-42f1-ab91-ff7aa9a98b09 HTTP/1.1" 200 OK
api-1       | {"api_key_prefix": "evk_5237dfcc3619", "duration_ms": 201.287, "event": "http_request_completed", "level": "info", "method": "GET", "outcome": "success", "path": "/api/v1/runs/0a921ca0-3f3b-42f1-ab91-ff7aa9a98b09", "request_id": "4b2aedc1-eae0-4dae-8d00-d1c5cacaa5af", "status_code": 200, "tenant_id": "ab5af908-be70-4f29-8729-5ed3535f4689", "timestamp": "2026-08-07T12:06:05.964938Z", "trace_id": "ed4481a200ef0c3b5bf48a1b5babdd4b"}
api-1       | {"claimed": 50, "event": "outbox_dispatch_batch_completed", "lease_lost": 0, "level": "info", "published": 50, "retry_scheduled": 0, "role": "outbox_dispatcher", "timestamp": "2026-08-07T12:06:06.647801Z"}
api-1       | INFO:     172.18.0.1:59226 - "GET /api/v1/runs/0a921ca0-3f3b-42f1-ab91-ff7aa9a98b09 HTTP/1.1" 200 OK
api-1       | {"api_key_prefix": "evk_5237dfcc3619", "duration_ms": 245.015, "event": "http_request_completed", "level": "info", "method": "GET", "outcome": "success", "path": "/api/v1/runs/0a921ca0-3f3b-42f1-ab91-ff7aa9a98b09", "request_id": "ea65a87d-451c-422b-88cd-566ce3c7b77a", "status_code": 200, "tenant_id": "ab5af908-be70-4f29-8729-5ed3535f4689", "timestamp": "2026-08-07T12:06:06.726997Z", "trace_id": "d6b1a3746a9ba7ba2a2156a79244275b"}
api-1       | {"claimed": 50, "event": "outbox_dispatch_batch_completed", "lease_lost": 0, "level": "info", "published": 50, "retry_scheduled": 0, "role": "outbox_dispatcher", "timestamp": "2026-08-07T12:06:07.505727Z"}
api-1       | INFO:     172.18.0.1:59226 - "GET /api/v1/runs/0a921ca0-3f3b-42f1-ab91-ff7aa9a98b09 HTTP/1.1" 200 OK
api-1       | {"api_key_prefix": "evk_5237dfcc3619", "duration_ms": 366.673, "event": "http_request_completed", "level": "info", "method": "GET", "outcome": "success", "path": "/api/v1/runs/0a921ca0-3f3b-42f1-ab91-ff7aa9a98b09", "request_id": "f168ec1e-8396-4957-b108-90ab62c9d70a", "status_code": 200, "tenant_id": "ab5af908-be70-4f29-8729-5ed3535f4689", "timestamp": "2026-08-07T12:06:07.624464Z", "trace_id": "44602a1299e1d86193196e52661d7948"}
api-1       | {"event": "Context impl PostgresqlImpl.", "level": "info", "request_id": "6ed2c112-e08e-4bef-b8bd-d7efaba836b1", "timestamp": "2026-08-07T12:06:07.739735Z", "trace_id": "733f0fbbf0246309135e2379580fc69e"}
api-1       | {"event": "Will assume transactional DDL.", "level": "info", "request_id": "6ed2c112-e08e-4bef-b8bd-d7efaba836b1", "timestamp": "2026-08-07T12:06:07.739873Z", "trace_id": "733f0fbbf0246309135e2379580fc69e"}
api-1       | INFO:     127.0.0.1:39066 - "GET /health/ready HTTP/1.1" 200 OK
api-1       | {"duration_ms": 22.018, "event": "http_request_completed", "level": "info", "method": "GET", "outcome": "success", "path": "/health/ready", "request_id": "6ed2c112-e08e-4bef-b8bd-d7efaba836b1", "status_code": 200, "timestamp": "2026-08-07T12:06:07.746825Z", "trace_id": "733f0fbbf0246309135e2379580fc69e"}
api-1       | {"claimed": 50, "event": "outbox_dispatch_batch_completed", "lease_lost": 0, "level": "info", "published": 50, "retry_scheduled": 0, "role": "outbox_dispatcher", "timestamp": "2026-08-07T12:06:08.181001Z"}
api-1       | INFO:     172.18.0.1:59226 - "GET /api/v1/runs/0a921ca0-3f3b-42f1-ab91-ff7aa9a98b09 HTTP/1.1" 200 OK
api-1       | {"api_key_prefix": "evk_5237dfcc3619", "duration_ms": 115.782, "event": "http_request_completed", "level": "info", "method": "GET", "outcome": "success", "path": "/api/v1/runs/0a921ca0-3f3b-42f1-ab91-ff7aa9a98b09", "request_id": "54269df8-a825-4deb-9cc1-4d038e3c5212", "status_code": 200, "tenant_id": "ab5af908-be70-4f29-8729-5ed3535f4689", "timestamp": "2026-08-07T12:06:08.244725Z", "trace_id": "74894f448b9fb2a110017525ccd729be"}
api-1       | INFO:     172.18.0.1:59226 - "GET /api/v1/runs/0a921ca0-3f3b-42f1-ab91-ff7aa9a98b09/cases?limit=200&sort=case_id HTTP/1.1" 200 OK
api-1       | {"api_key_prefix": "evk_5237dfcc3619", "duration_ms": 72.529, "event": "http_request_completed", "level": "info", "method": "GET", "outcome": "success", "path": "/api/v1/runs/0a921ca0-3f3b-42f1-ab91-ff7aa9a98b09/cases", "request_id": "17d7b3ae-92c5-4a3f-8120-f3d1d27d251f", "status_code": 200, "tenant_id": "ab5af908-be70-4f29-8729-5ed3535f4689", "timestamp": "2026-08-07T12:06:08.319227Z", "trace_id": "874117f6f5428d969a8053c21e999e06"}
api-1       | INFO:     172.18.0.1:59226 - "GET /api/v1/runs/0a921ca0-3f3b-42f1-ab91-ff7aa9a98b09/cases?limit=200&sort=case_id&cursor=eyJkaXJlY3Rpb24iOiJhc2MiLCJlcnJvcl9jb2RlIjpudWxsLCJqb2JfaWQiOiI5NjFiODk4OS1lNzYwLTQzODktOTZiNS00MjFkOWMzOTRlZDgiLCJtZXRyaWMiOm51bGwsInNvcnQiOiJjYXNlX2lkIiwic3RhdHVzIjpudWxsLCJ2IjoxLCJ2YWx1ZSI6ImxvYWQtMDE5OSJ9 HTTP/1.1" 200 OK
api-1       | {"api_key_prefix": "evk_5237dfcc3619", "duration_ms": 72.809, "event": "http_request_completed", "level": "info", "method": "GET", "outcome": "success", "path": "/api/v1/runs/0a921ca0-3f3b-42f1-ab91-ff7aa9a98b09/cases", "request_id": "e7ad0652-c35a-4019-b8f0-e79f9c9f4b5b", "status_code": 200, "tenant_id": "ab5af908-be70-4f29-8729-5ed3535f4689", "timestamp": "2026-08-07T12:06:08.394610Z", "trace_id": "b000d3d3216a95cd2e6f0e2e29a9a20a"}
api-1       | INFO:     172.18.0.1:59226 - "GET /api/v1/runs/0a921ca0-3f3b-42f1-ab91-ff7aa9a98b09/cases?limit=200&sort=case_id&cursor=eyJkaXJlY3Rpb24iOiJhc2MiLCJlcnJvcl9jb2RlIjpudWxsLCJqb2JfaWQiOiI5ZTBhOTlmMS1hMDJkLTQ2NzQtYTM2OS1kMTBjYTQyYmZmYzgiLCJtZXRyaWMiOm51bGwsInNvcnQiOiJjYXNlX2lkIiwic3RhdHVzIjpudWxsLCJ2IjoxLCJ2YWx1ZSI6ImxvYWQtMDM5OSJ9 HTTP/1.1" 200 OK
api-1       | {"api_key_prefix": "evk_5237dfcc3619", "duration_ms": 66.922, "event": "http_request_completed", "level": "info", "method": "GET", "outcome": "success", "path": "/api/v1/runs/0a921ca0-3f3b-42f1-ab91-ff7aa9a98b09/cases", "request_id": "fe934f61-50e1-4042-a6a8-538691944a00", "status_code": 200, "tenant_id": "ab5af908-be70-4f29-8729-5ed3535f4689", "timestamp": "2026-08-07T12:06:08.464107Z", "trace_id": "e0251d2039e96a8e3b994eea20834177"}
api-1       | {"claimed": 50, "event": "outbox_dispatch_batch_completed", "lease_lost": 0, "level": "info", "published": 50, "retry_scheduled": 0, "role": "outbox_dispatcher", "timestamp": "2026-08-07T12:06:08.950664Z"}
api-1       | INFO:     127.0.0.1:39072 - "GET /metrics HTTP/1.1" 200 OK
api-1       | {"duration_ms": 11.862, "event": "http_request_completed", "level": "info", "method": "GET", "outcome": "success", "path": "/metrics", "request_id": "51a8c031-9260-4416-86d9-0efff01b2cf2", "status_code": 200, "timestamp": "2026-08-07T12:06:09.023276Z", "trace_id": "d95ce754c4f973209b6f5fd8b0c8f076"}
api-1       | {"claimed": 50, "event": "outbox_dispatch_batch_completed", "lease_lost": 0, "level": "info", "published": 50, "retry_scheduled": 0, "role": "outbox_dispatcher", "timestamp": "2026-08-07T12:06:09.668473Z"}
api-1       | {"claimed": 50, "event": "outbox_dispatch_batch_completed", "lease_lost": 0, "level": "info", "published": 50, "retry_scheduled": 0, "role": "outbox_dispatcher", "timestamp": "2026-08-07T12:06:10.369832Z"}
api-1       | {"claimed": 50, "event": "outbox_dispatch_batch_completed", "lease_lost": 0, "level": "info", "published": 50, "retry_scheduled": 0, "role": "outbox_dispatcher", "timestamp": "2026-08-07T12:06:11.050128Z"}
api-1       | {"claimed": 50, "event": "outbox_dispatch_batch_completed", "lease_lost": 0, "level": "info", "published": 50, "retry_scheduled": 0, "role": "outbox_dispatcher", "timestamp": "2026-08-07T12:06:11.781268Z"}
api-1       | {"claimed": 50, "event": "outbox_dispatch_batch_completed", "lease_lost": 0, "level": "info", "published": 50, "retry_scheduled": 0, "role": "outbox_dispatcher", "timestamp": "2026-08-07T12:06:12.453915Z"}
api-1       | {"event": "Context impl PostgresqlImpl.", "level": "info", "request_id": "bf293c62-2146-434c-8960-aeb1e9515b13", "timestamp": "2026-08-07T12:06:13.180996Z", "trace_id": "150b4c1f4e07f6f06fe0bd9634d2f534"}
api-1       | {"event": "Will assume transactional DDL.", "level": "info", "request_id": "bf293c62-2146-434c-8960-aeb1e9515b13", "timestamp": "2026-08-07T12:06:13.181125Z", "trace_id": "150b4c1f4e07f6f06fe0bd9634d2f534"}
api-1       | INFO:     127.0.0.1:39108 - "GET /health/ready HTTP/1.1" 200 OK
api-1       | {"duration_ms": 92.559, "event": "http_request_completed", "level": "info", "method": "GET", "outcome": "success", "path": "/health/ready", "request_id": "bf293c62-2146-434c-8960-aeb1e9515b13", "status_code": 200, "timestamp": "2026-08-07T12:06:13.229856Z", "trace_id": "150b4c1f4e07f6f06fe0bd9634d2f534"}
api-1       | {"claimed": 50, "event": "outbox_dispatch_batch_completed", "lease_lost": 0, "level": "info", "published": 50, "retry_scheduled": 0, "role": "outbox_dispatcher", "timestamp": "2026-08-07T12:06:13.230689Z"}
api-1       | {"claimed": 50, "event": "outbox_dispatch_batch_completed", "lease_lost": 0, "level": "info", "published": 50, "retry_scheduled": 0, "role": "outbox_dispatcher", "timestamp": "2026-08-07T12:06:13.875403Z"}
api-1       | {"claimed": 50, "event": "outbox_dispatch_batch_completed", "lease_lost": 0, "level": "info", "published": 50, "retry_scheduled": 0, "role": "outbox_dispatcher", "timestamp": "2026-08-07T12:06:14.579186Z"}
api-1       | {"claimed": 50, "event": "outbox_dispatch_batch_completed", "lease_lost": 0, "level": "info", "published": 50, "retry_scheduled": 0, "role": "outbox_dispatcher", "timestamp": "2026-08-07T12:06:15.273669Z"}
api-1       | {"claimed": 13, "event": "outbox_dispatch_batch_completed", "lease_lost": 0, "level": "info", "published": 13, "retry_scheduled": 0, "role": "outbox_dispatcher", "timestamp": "2026-08-07T12:06:15.985135Z"}
api-1       | INFO:     172.18.0.1:35962 - "POST /api/v1/runs HTTP/1.1" 202 Accepted
api-1       | {"api_key_prefix": "evk_5237dfcc3619", "duration_ms": 288.983, "event": "http_request_completed", "level": "info", "method": "POST", "outcome": "success", "path": "/api/v1/runs", "request_id": "b36a68d4-01fb-41d8-a6e8-fd12c1b57cab", "status_code": 202, "tenant_id": "ab5af908-be70-4f29-8729-5ed3535f4689", "timestamp": "2026-08-07T12:06:16.742277Z", "trace_id": "ec82cb2234b703737523a6caeb7e2f8d"}
api-1       | INFO:     172.18.0.1:35962 - "GET /api/v1/runs/8dfbf66b-fa28-4020-bd7a-c38175d20df4 HTTP/1.1" 200 OK
api-1       | {"api_key_prefix": "evk_5237dfcc3619", "duration_ms": 115.763, "event": "http_request_completed", "level": "info", "method": "GET", "outcome": "success", "path": "/api/v1/runs/8dfbf66b-fa28-4020-bd7a-c38175d20df4", "request_id": "51201ec0-7098-436c-b904-3dd3ab089652", "status_code": 200, "tenant_id": "ab5af908-be70-4f29-8729-5ed3535f4689", "timestamp": "2026-08-07T12:06:16.860065Z", "trace_id": "50e946509fdbd96d3b64ab94c068e1ba"}
api-1       | INFO:     172.18.0.1:35962 - "GET /api/v1/runs/8dfbf66b-fa28-4020-bd7a-c38175d20df4 HTTP/1.1" 200 OK
api-1       | {"api_key_prefix": "evk_5237dfcc3619", "duration_ms": 239.099, "event": "http_request_completed", "level": "info", "method": "GET", "outcome": "success", "path": "/api/v1/runs/8dfbf66b-fa28-4020-bd7a-c38175d20df4", "request_id": "64236636-8325-4427-9f2d-06d898ddf52d", "status_code": 200, "tenant_id": "ab5af908-be70-4f29-8729-5ed3535f4689", "timestamp": "2026-08-07T12:06:17.605022Z", "trace_id": "5f61314fad6934cf8b067834ba6d3010"}
api-1       | {"claimed": 34, "event": "outbox_dispatch_batch_completed", "lease_lost": 0, "level": "info", "published": 34, "retry_scheduled": 0, "role": "outbox_dispatcher", "timestamp": "2026-08-07T12:06:17.963083Z"}
api-1       | INFO:     172.18.0.1:35962 - "GET /api/v1/runs/8dfbf66b-fa28-4020-bd7a-c38175d20df4 HTTP/1.1" 200 OK
api-1       | {"api_key_prefix": "evk_5237dfcc3619", "duration_ms": 174.936, "event": "http_request_completed", "level": "info", "method": "GET", "outcome": "success", "path": "/api/v1/runs/8dfbf66b-fa28-4020-bd7a-c38175d20df4", "request_id": "1aadcaf7-4e76-4b64-8d8e-d6db148a115b", "status_code": 200, "tenant_id": "ab5af908-be70-4f29-8729-5ed3535f4689", "timestamp": "2026-08-07T12:06:18.282705Z", "trace_id": "ca1a1edef47f7df5a2d0cbfe3521fdd8"}
api-1       | {"event": "Context impl PostgresqlImpl.", "level": "info", "request_id": "f1af60f1-ebc8-4166-92ad-84c0fc652eba", "timestamp": "2026-08-07T12:06:18.772134Z", "trace_id": "0fa02070b9a7a62411a0cea6a46c9aa8"}
api-1       | {"event": "Will assume transactional DDL.", "level": "info", "request_id": "f1af60f1-ebc8-4166-92ad-84c0fc652eba", "timestamp": "2026-08-07T12:06:18.772295Z", "trace_id": "0fa02070b9a7a62411a0cea6a46c9aa8"}
api-1       | INFO:     127.0.0.1:59150 - "GET /health/ready HTTP/1.1" 200 OK
api-1       | {"duration_ms": 91.369, "event": "http_request_completed", "level": "info", "method": "GET", "outcome": "success", "path": "/health/ready", "request_id": "f1af60f1-ebc8-4166-92ad-84c0fc652eba", "status_code": 200, "timestamp": "2026-08-07T12:06:18.821801Z", "trace_id": "0fa02070b9a7a62411a0cea6a46c9aa8"}
api-1       | {"claimed": 50, "event": "outbox_dispatch_batch_completed", "lease_lost": 0, "level": "info", "published": 50, "retry_scheduled": 0, "role": "outbox_dispatcher", "timestamp": "2026-08-07T12:06:18.828240Z"}
api-1       | INFO:     172.18.0.1:35962 - "GET /api/v1/runs/8dfbf66b-fa28-4020-bd7a-c38175d20df4 HTTP/1.1" 200 OK
api-1       | {"api_key_prefix": "evk_5237dfcc3619", "duration_ms": 86.133, "event": "http_request_completed", "level": "info", "method": "GET", "outcome": "success", "path": "/api/v1/runs/8dfbf66b-fa28-4020-bd7a-c38175d20df4", "request_id": "d89a949d-5b7f-418e-94c1-e39badc84d07", "status_code": 200, "tenant_id": "ab5af908-be70-4f29-8729-5ed3535f4689", "timestamp": "2026-08-07T12:06:18.889541Z", "trace_id": "6e342c0f53b7e666fb3984c19be108a6"}
api-1       | INFO:     172.18.0.1:35962 - "GET /api/v1/runs/8dfbf66b-fa28-4020-bd7a-c38175d20df4/cases?limit=200&sort=case_id HTTP/1.1" 200 OK
api-1       | {"api_key_prefix": "evk_5237dfcc3619", "duration_ms": 63.357, "event": "http_request_completed", "level": "info", "method": "GET", "outcome": "success", "path": "/api/v1/runs/8dfbf66b-fa28-4020-bd7a-c38175d20df4/cases", "request_id": "8ab76d8a-bad6-4520-89c7-759824418ced", "status_code": 200, "tenant_id": "ab5af908-be70-4f29-8729-5ed3535f4689", "timestamp": "2026-08-07T12:06:18.954611Z", "trace_id": "adf5198cd3078940a9ff53dfbbf0917d"}
api-1       | INFO:     127.0.0.1:59156 - "GET /metrics HTTP/1.1" 200 OK
api-1       | {"duration_ms": 125.515, "event": "http_request_completed", "level": "info", "method": "GET", "outcome": "success", "path": "/metrics", "request_id": "8beef978-4fd7-407d-94d2-63f97542e6ce", "status_code": 200, "timestamp": "2026-08-07T12:06:19.553769Z", "trace_id": "a77b468b33be070e0ad45136a1c94e44"}
api-1       | {"claimed": 22, "event": "outbox_dispatch_batch_completed", "lease_lost": 0, "level": "info", "published": 22, "retry_scheduled": 0, "role": "outbox_dispatcher", "timestamp": "2026-08-07T12:06:19.554584Z"}
api-1       | INFO:     172.18.0.1:35962 - "POST /api/v1/runs HTTP/1.1" 202 Accepted
api-1       | {"api_key_prefix": "evk_5237dfcc3619", "duration_ms": 201.345, "event": "http_request_completed", "level": "info", "method": "POST", "outcome": "success", "path": "/api/v1/runs", "request_id": "7bd1e2a5-202c-4cb9-b045-13882402a79e", "status_code": 202, "tenant_id": "ab5af908-be70-4f29-8729-5ed3535f4689", "timestamp": "2026-08-07T12:06:22.752108Z", "trace_id": "aeafddf5fec2b7edbd0a3463bc519a3b"}
api-1       | INFO:     172.18.0.1:35962 - "GET /api/v1/runs/bd140cf7-33f6-4e22-8a17-30286b05bf0c HTTP/1.1" 200 OK
api-1       | {"api_key_prefix": "evk_5237dfcc3619", "duration_ms": 57.947, "event": "http_request_completed", "level": "info", "method": "GET", "outcome": "success", "path": "/api/v1/runs/bd140cf7-33f6-4e22-8a17-30286b05bf0c", "request_id": "a3e0bdfe-16c8-41d3-98c4-939e0ff9040f", "status_code": 200, "tenant_id": "ab5af908-be70-4f29-8729-5ed3535f4689", "timestamp": "2026-08-07T12:06:22.811743Z", "trace_id": "35f751c936abf5493cba7c4a5e4f570d"}
api-1       | {"claimed": 50, "event": "outbox_dispatch_batch_completed", "lease_lost": 0, "level": "info", "published": 50, "retry_scheduled": 0, "role": "outbox_dispatcher", "timestamp": "2026-08-07T12:06:23.464359Z"}
api-1       | INFO:     172.18.0.1:35962 - "GET /api/v1/runs/bd140cf7-33f6-4e22-8a17-30286b05bf0c HTTP/1.1" 200 OK
api-1       | {"api_key_prefix": "evk_5237dfcc3619", "duration_ms": 252.539, "event": "http_request_completed", "level": "info", "method": "GET", "outcome": "success", "path": "/api/v1/runs/bd140cf7-33f6-4e22-8a17-30286b05bf0c", "request_id": "c8395a96-a0cf-4fcf-9d79-4d41c4809547", "status_code": 200, "tenant_id": "ab5af908-be70-4f29-8729-5ed3535f4689", "timestamp": "2026-08-07T12:06:23.566820Z", "trace_id": "fb8d34b05b0aae3be622d69b41c6d1fe"}
api-1       | {"event": "Context impl PostgresqlImpl.", "level": "info", "request_id": "e05fd982-da4b-4e38-b732-d41f7361cfe8", "timestamp": "2026-08-07T12:06:24.451828Z", "trace_id": "3a5a31d42f28f4a9a1cec49576ee7ef4"}
api-1       | {"event": "Will assume transactional DDL.", "level": "info", "request_id": "e05fd982-da4b-4e38-b732-d41f7361cfe8", "timestamp": "2026-08-07T12:06:24.452468Z", "trace_id": "3a5a31d42f28f4a9a1cec49576ee7ef4"}
api-1       | {"claimed": 50, "event": "outbox_dispatch_batch_completed", "lease_lost": 0, "level": "info", "published": 50, "retry_scheduled": 0, "role": "outbox_dispatcher", "timestamp": "2026-08-07T12:06:24.481948Z"}
api-1       | INFO:     127.0.0.1:59228 - "GET /health/ready HTTP/1.1" 200 OK
api-1       | {"duration_ms": 100.154, "event": "http_request_completed", "level": "info", "method": "GET", "outcome": "success", "path": "/health/ready", "request_id": "e05fd982-da4b-4e38-b732-d41f7361cfe8", "status_code": 200, "timestamp": "2026-08-07T12:06:24.488146Z", "trace_id": "3a5a31d42f28f4a9a1cec49576ee7ef4"}
api-1       | INFO:     172.18.0.1:35962 - "GET /api/v1/runs/bd140cf7-33f6-4e22-8a17-30286b05bf0c HTTP/1.1" 200 OK
api-1       | {"api_key_prefix": "evk_5237dfcc3619", "duration_ms": 422.68, "event": "http_request_completed", "level": "info", "method": "GET", "outcome": "success", "path": "/api/v1/runs/bd140cf7-33f6-4e22-8a17-30286b05bf0c", "request_id": "db1e83fd-7f24-424e-8f00-08c29adb8fa5", "status_code": 200, "tenant_id": "ab5af908-be70-4f29-8729-5ed3535f4689", "timestamp": "2026-08-07T12:06:24.567226Z", "trace_id": "e2b0b7e25d24887bc57bd3f3dd8e222a"}
api-1       | {"claimed": 50, "event": "outbox_dispatch_batch_completed", "lease_lost": 0, "level": "info", "published": 50, "retry_scheduled": 0, "role": "outbox_dispatcher", "timestamp": "2026-08-07T12:06:25.356092Z"}
api-1       | INFO:     172.18.0.1:35962 - "GET /api/v1/runs/bd140cf7-33f6-4e22-8a17-30286b05bf0c HTTP/1.1" 200 OK
api-1       | {"api_key_prefix": "evk_5237dfcc3619", "duration_ms": 376.855, "event": "http_request_completed", "level": "info", "method": "GET", "outcome": "success", "path": "/api/v1/runs/bd140cf7-33f6-4e22-8a17-30286b05bf0c", "request_id": "f1409674-e16e-4d0e-89de-1f1e39f717d6", "status_code": 200, "tenant_id": "ab5af908-be70-4f29-8729-5ed3535f4689", "timestamp": "2026-08-07T12:06:25.486712Z", "trace_id": "cf39a47e6baa3204589759cddaceeeff"}
api-1       | {"claimed": 50, "event": "outbox_dispatch_batch_completed", "lease_lost": 0, "level": "info", "published": 50, "retry_scheduled": 0, "role": "outbox_dispatcher", "timestamp": "2026-08-07T12:06:26.322540Z"}
api-1       | INFO:     172.18.0.1:35962 - "GET /api/v1/runs/bd140cf7-33f6-4e22-8a17-30286b05bf0c HTTP/1.1" 200 OK
api-1       | {"api_key_prefix": "evk_5237dfcc3619", "duration_ms": 368.333, "event": "http_request_completed", "level": "info", "method": "GET", "outcome": "success", "path": "/api/v1/runs/bd140cf7-33f6-4e22-8a17-30286b05bf0c", "request_id": "11556df2-9aad-42fe-8633-16253e583eb9", "status_code": 200, "tenant_id": "ab5af908-be70-4f29-8729-5ed3535f4689", "timestamp": "2026-08-07T12:06:26.429411Z", "trace_id": "ae6e4ef60a790b14764b5c1512d830bb"}
api-1       | {"claimed": 50, "event": "outbox_dispatch_batch_completed", "lease_lost": 0, "level": "info", "published": 50, "retry_scheduled": 0, "role": "outbox_dispatcher", "timestamp": "2026-08-07T12:06:27.210722Z"}
api-1       | INFO:     172.18.0.1:35962 - "GET /api/v1/runs/bd140cf7-33f6-4e22-8a17-30286b05bf0c HTTP/1.1" 200 OK
api-1       | {"api_key_prefix": "evk_5237dfcc3619", "duration_ms": 313.471, "event": "http_request_completed", "level": "info", "method": "GET", "outcome": "success", "path": "/api/v1/runs/bd140cf7-33f6-4e22-8a17-30286b05bf0c", "request_id": "9134d513-47df-4d5f-86f9-d943ab1cc6b1", "status_code": 200, "tenant_id": "ab5af908-be70-4f29-8729-5ed3535f4689", "timestamp": "2026-08-07T12:06:27.295793Z", "trace_id": "a19019fbadd7c7a97c7018c9e5358be6"}
api-1       | {"claimed": 50, "event": "outbox_dispatch_batch_completed", "lease_lost": 0, "level": "info", "published": 50, "retry_scheduled": 0, "role": "outbox_dispatcher", "timestamp": "2026-08-07T12:06:28.060855Z"}
api-1       | INFO:     172.18.0.1:35962 - "GET /api/v1/runs/bd140cf7-33f6-4e22-8a17-30286b05bf0c HTTP/1.1" 200 OK
api-1       | {"api_key_prefix": "evk_5237dfcc3619", "duration_ms": 340.726, "event": "http_request_completed", "level": "info", "method": "GET", "outcome": "success", "path": "/api/v1/runs/bd140cf7-33f6-4e22-8a17-30286b05bf0c", "request_id": "57e00a7d-b704-4bc5-be92-88758724edd3", "status_code": 200, "tenant_id": "ab5af908-be70-4f29-8729-5ed3535f4689", "timestamp": "2026-08-07T12:06:28.163504Z", "trace_id": "42d8a985ff7cc45f17ea41f5165a65d2"}
api-1       | {"claimed": 50, "event": "outbox_dispatch_batch_completed", "lease_lost": 0, "level": "info", "published": 50, "retry_scheduled": 0, "role": "outbox_dispatcher", "timestamp": "2026-08-07T12:06:28.768820Z"}
api-1       | INFO:     172.18.0.1:35962 - "GET /api/v1/runs/bd140cf7-33f6-4e22-8a17-30286b05bf0c HTTP/1.1" 200 OK
api-1       | {"api_key_prefix": "evk_5237dfcc3619", "duration_ms": 157.127, "event": "http_request_completed", "level": "info", "method": "GET", "outcome": "success", "path": "/api/v1/runs/bd140cf7-33f6-4e22-8a17-30286b05bf0c", "request_id": "1d8f3551-9887-4e4b-9c59-99d9b41270ba", "status_code": 200, "tenant_id": "ab5af908-be70-4f29-8729-5ed3535f4689", "timestamp": "2026-08-07T12:06:28.826976Z", "trace_id": "bd78f8085b554e51c8381296e3f7e394"}
api-1       | {"claimed": 50, "event": "outbox_dispatch_batch_completed", "lease_lost": 0, "level": "info", "published": 50, "retry_scheduled": 0, "role": "outbox_dispatcher", "timestamp": "2026-08-07T12:06:29.454254Z"}
api-1       | INFO:     172.18.0.1:35962 - "GET /api/v1/runs/bd140cf7-33f6-4e22-8a17-30286b05bf0c HTTP/1.1" 200 OK
api-1       | {"api_key_prefix": "evk_5237dfcc3619", "duration_ms": 180.892, "event": "http_request_completed", "level": "info", "method": "GET", "outcome": "success", "path": "/api/v1/runs/bd140cf7-33f6-4e22-8a17-30286b05bf0c", "request_id": "2fb24f81-94b4-41d1-827f-127c89ca3fdd", "status_code": 200, "tenant_id": "ab5af908-be70-4f29-8729-5ed3535f4689", "timestamp": "2026-08-07T12:06:29.512164Z", "trace_id": "f3c88d8d135a47e78c54c5d5c1f932cb"}
api-1       | {"event": "Context impl PostgresqlImpl.", "level": "info", "request_id": "9aa29a49-1c80-4d06-83dd-bdc008cc909a", "timestamp": "2026-08-07T12:06:29.806558Z", "trace_id": "6a79e0f64b5073213f53381d60da53b9"}
api-1       | {"event": "Will assume transactional DDL.", "level": "info", "request_id": "9aa29a49-1c80-4d06-83dd-bdc008cc909a", "timestamp": "2026-08-07T12:06:29.806678Z", "trace_id": "6a79e0f64b5073213f53381d60da53b9"}
api-1       | INFO:     127.0.0.1:58378 - "GET /health/ready HTTP/1.1" 200 OK
api-1       | {"duration_ms": 21.728, "event": "http_request_completed", "level": "info", "method": "GET", "outcome": "success", "path": "/health/ready", "request_id": "9aa29a49-1c80-4d06-83dd-bdc008cc909a", "status_code": 200, "timestamp": "2026-08-07T12:06:29.813512Z", "trace_id": "6a79e0f64b5073213f53381d60da53b9"}
api-1       | {"claimed": 50, "event": "outbox_dispatch_batch_completed", "lease_lost": 0, "level": "info", "published": 50, "retry_scheduled": 0, "role": "outbox_dispatcher", "timestamp": "2026-08-07T12:06:30.152710Z"}
api-1       | INFO:     172.18.0.1:35962 - "GET /api/v1/runs/bd140cf7-33f6-4e22-8a17-30286b05bf0c HTTP/1.1" 200 OK
api-1       | {"api_key_prefix": "evk_5237dfcc3619", "duration_ms": 187.936, "event": "http_request_completed", "level": "info", "method": "GET", "outcome": "success", "path": "/api/v1/runs/bd140cf7-33f6-4e22-8a17-30286b05bf0c", "request_id": "f1596c73-08dd-4d5a-ab29-a4a62a80825a", "status_code": 200, "tenant_id": "ab5af908-be70-4f29-8729-5ed3535f4689", "timestamp": "2026-08-07T12:06:30.212634Z", "trace_id": "f7cea6a68551bcb2dddd716ac64b2fe2"}
api-1       | INFO:     172.18.0.1:35962 - "GET /api/v1/runs/bd140cf7-33f6-4e22-8a17-30286b05bf0c/cases?limit=200&sort=case_id HTTP/1.1" 200 OK
api-1       | {"api_key_prefix": "evk_5237dfcc3619", "duration_ms": 88.47, "event": "http_request_completed", "level": "info", "method": "GET", "outcome": "success", "path": "/api/v1/runs/bd140cf7-33f6-4e22-8a17-30286b05bf0c/cases", "request_id": "4486c4ce-d922-4ce0-95b7-79d89cb536dc", "status_code": 200, "tenant_id": "ab5af908-be70-4f29-8729-5ed3535f4689", "timestamp": "2026-08-07T12:06:30.302801Z", "trace_id": "ab924cdfec468918d5c9e527f82acd4c"}
api-1       | INFO:     172.18.0.1:35962 - "GET /api/v1/runs/bd140cf7-33f6-4e22-8a17-30286b05bf0c/cases?limit=200&sort=case_id&cursor=eyJkaXJlY3Rpb24iOiJhc2MiLCJlcnJvcl9jb2RlIjpudWxsLCJqb2JfaWQiOiJiMTUwYTA0OC1mNzQ5LTRkYjYtODVjMy1jMmJlMThkYWFhZGQiLCJtZXRyaWMiOm51bGwsInNvcnQiOiJjYXNlX2lkIiwic3RhdHVzIjpudWxsLCJ2IjoxLCJ2YWx1ZSI6ImxvYWQtMDE5OSJ9 HTTP/1.1" 200 OK
api-1       | {"api_key_prefix": "evk_5237dfcc3619", "duration_ms": 81.42, "event": "http_request_completed", "level": "info", "method": "GET", "outcome": "success", "path": "/api/v1/runs/bd140cf7-33f6-4e22-8a17-30286b05bf0c/cases", "request_id": "8c4c1cb8-1288-4c45-8089-7bbf131517f8", "status_code": 200, "tenant_id": "ab5af908-be70-4f29-8729-5ed3535f4689", "timestamp": "2026-08-07T12:06:30.387880Z", "trace_id": "9b71deaee96195b74ce672e230a8a7c5"}
api-1       | INFO:     172.18.0.1:35962 - "GET /api/v1/runs/bd140cf7-33f6-4e22-8a17-30286b05bf0c/cases?limit=200&sort=case_id&cursor=eyJkaXJlY3Rpb24iOiJhc2MiLCJlcnJvcl9jb2RlIjpudWxsLCJqb2JfaWQiOiI0ZWMxZWRmOS0yZjBhLTQ4N2MtYWNmNS0yZjc5ZjhlYTEzNzIiLCJtZXRyaWMiOm51bGwsInNvcnQiOiJjYXNlX2lkIiwic3RhdHVzIjpudWxsLCJ2IjoxLCJ2YWx1ZSI6ImxvYWQtMDM5OSJ9 HTTP/1.1" 200 OK
api-1       | {"api_key_prefix": "evk_5237dfcc3619", "duration_ms": 74.227, "event": "http_request_completed", "level": "info", "method": "GET", "outcome": "success", "path": "/api/v1/runs/bd140cf7-33f6-4e22-8a17-30286b05bf0c/cases", "request_id": "0851181b-ac64-4d08-90c4-6544db02829d", "status_code": 200, "tenant_id": "ab5af908-be70-4f29-8729-5ed3535f4689", "timestamp": "2026-08-07T12:06:30.464732Z", "trace_id": "4667308bcda619b61202e972848185fa"}
api-1       | {"claimed": 50, "event": "outbox_dispatch_batch_completed", "lease_lost": 0, "level": "info", "published": 50, "retry_scheduled": 0, "role": "outbox_dispatcher", "timestamp": "2026-08-07T12:06:31.054969Z"}
api-1       | INFO:     127.0.0.1:58386 - "GET /metrics HTTP/1.1" 200 OK
api-1       | {"duration_ms": 10.697, "event": "http_request_completed", "level": "info", "method": "GET", "outcome": "success", "path": "/metrics", "request_id": "13c8c57a-2868-4219-bee3-71db19c575c8", "status_code": 200, "timestamp": "2026-08-07T12:06:31.148668Z", "trace_id": "9cc01f837e7068c41a0881f94f80c4db"}
api-1       | {"claimed": 50, "event": "outbox_dispatch_batch_completed", "lease_lost": 0, "level": "info", "published": 50, "retry_scheduled": 0, "role": "outbox_dispatcher", "timestamp": "2026-08-07T12:06:31.753795Z"}
api-1       | {"claimed": 50, "event": "outbox_dispatch_batch_completed", "lease_lost": 0, "level": "info", "published": 50, "retry_scheduled": 0, "role": "outbox_dispatcher", "timestamp": "2026-08-07T12:06:32.501991Z"}
api-1       | {"claimed": 50, "event": "outbox_dispatch_batch_completed", "lease_lost": 0, "level": "info", "published": 50, "retry_scheduled": 0, "role": "outbox_dispatcher", "timestamp": "2026-08-07T12:06:33.194045Z"}
api-1       | {"claimed": 50, "event": "outbox_dispatch_batch_completed", "lease_lost": 0, "level": "info", "published": 50, "retry_scheduled": 0, "role": "outbox_dispatcher", "timestamp": "2026-08-07T12:06:33.886640Z"}
api-1       | {"claimed": 50, "event": "outbox_dispatch_batch_completed", "lease_lost": 0, "level": "info", "published": 50, "retry_scheduled": 0, "role": "outbox_dispatcher", "timestamp": "2026-08-07T12:06:34.555962Z"}
api-1       | {"event": "Context impl PostgresqlImpl.", "level": "info", "request_id": "34642593-82bb-471c-9195-0e34f37d7955", "timestamp": "2026-08-07T12:06:35.277652Z", "trace_id": "5a556bacd2db0cc114aaf04cd9d2c387"}
api-1       | {"event": "Will assume transactional DDL.", "level": "info", "request_id": "34642593-82bb-471c-9195-0e34f37d7955", "timestamp": "2026-08-07T12:06:35.277779Z", "trace_id": "5a556bacd2db0cc114aaf04cd9d2c387"}
api-1       | {"claimed": 50, "event": "outbox_dispatch_batch_completed", "lease_lost": 0, "level": "info", "published": 50, "retry_scheduled": 0, "role": "outbox_dispatcher", "timestamp": "2026-08-07T12:06:35.287701Z"}
api-1       | INFO:     127.0.0.1:58414 - "GET /health/ready HTTP/1.1" 200 OK
api-1       | {"duration_ms": 160.008, "event": "http_request_completed", "level": "info", "method": "GET", "outcome": "success", "path": "/health/ready", "request_id": "34642593-82bb-471c-9195-0e34f37d7955", "status_code": 200, "timestamp": "2026-08-07T12:06:35.294530Z", "trace_id": "5a556bacd2db0cc114aaf04cd9d2c387"}
api-1       | {"claimed": 50, "event": "outbox_dispatch_batch_completed", "lease_lost": 0, "level": "info", "published": 50, "retry_scheduled": 0, "role": "outbox_dispatcher", "timestamp": "2026-08-07T12:06:35.977618Z"}
api-1       | {"claimed": 50, "event": "outbox_dispatch_batch_completed", "lease_lost": 0, "level": "info", "published": 50, "retry_scheduled": 0, "role": "outbox_dispatcher", "timestamp": "2026-08-07T12:06:36.748205Z"}
api-1       | {"claimed": 50, "event": "outbox_dispatch_batch_completed", "lease_lost": 0, "level": "info", "published": 50, "retry_scheduled": 0, "role": "outbox_dispatcher", "timestamp": "2026-08-07T12:06:37.711645Z"}
api-1       | {"claimed": 50, "event": "outbox_dispatch_batch_completed", "lease_lost": 0, "level": "info", "published": 50, "retry_scheduled": 0, "role": "outbox_dispatcher", "timestamp": "2026-08-07T12:06:38.378665Z"}
api-1       | {"claimed": 50, "event": "outbox_dispatch_batch_completed", "lease_lost": 0, "level": "info", "published": 50, "retry_scheduled": 0, "role": "outbox_dispatcher", "timestamp": "2026-08-07T12:06:39.087419Z"}
api-1       | {"claimed": 2, "event": "outbox_dispatch_batch_completed", "lease_lost": 0, "level": "info", "published": 2, "retry_scheduled": 0, "role": "outbox_dispatcher", "timestamp": "2026-08-07T12:06:39.600670Z"}
api-1       | INFO:     172.18.0.1:47904 - "POST /api/v1/runs HTTP/1.1" 202 Accepted
api-1       | {"api_key_prefix": "evk_5237dfcc3619", "duration_ms": 92.009, "event": "http_request_completed", "level": "info", "method": "POST", "outcome": "success", "path": "/api/v1/runs", "request_id": "854b0979-ac75-42b4-9b2e-a5e7e589c247", "status_code": 202, "tenant_id": "ab5af908-be70-4f29-8729-5ed3535f4689", "timestamp": "2026-08-07T12:06:40.326597Z", "trace_id": "259b565623445ffe500fb318ba7709de"}
api-1       | INFO:     172.18.0.1:47904 - "GET /api/v1/runs/ca3734d1-4dd2-453a-bc10-c50d79a127e1 HTTP/1.1" 200 OK
api-1       | {"api_key_prefix": "evk_5237dfcc3619", "duration_ms": 87.932, "event": "http_request_completed", "level": "info", "method": "GET", "outcome": "success", "path": "/api/v1/runs/ca3734d1-4dd2-453a-bc10-c50d79a127e1", "request_id": "4c6300c0-e7e7-4370-98a0-76a664c1c6ef", "status_code": 200, "tenant_id": "ab5af908-be70-4f29-8729-5ed3535f4689", "timestamp": "2026-08-07T12:06:40.416800Z", "trace_id": "9bd20f332ad75da3bb535870be814dc7"}
api-1       | {"event": "Context impl PostgresqlImpl.", "level": "info", "request_id": "40dee478-6c25-4115-a622-1b0320ef02c5", "timestamp": "2026-08-07T12:06:40.649261Z", "trace_id": "18b23e8a027439f94a2cce69d2bccb99"}
api-1       | {"event": "Will assume transactional DDL.", "level": "info", "request_id": "40dee478-6c25-4115-a622-1b0320ef02c5", "timestamp": "2026-08-07T12:06:40.649368Z", "trace_id": "18b23e8a027439f94a2cce69d2bccb99"}
api-1       | INFO:     127.0.0.1:38614 - "GET /health/ready HTTP/1.1" 200 OK
api-1       | {"duration_ms": 22.069, "event": "http_request_completed", "level": "info", "method": "GET", "outcome": "success", "path": "/health/ready", "request_id": "40dee478-6c25-4115-a622-1b0320ef02c5", "status_code": 200, "timestamp": "2026-08-07T12:06:40.656071Z", "trace_id": "18b23e8a027439f94a2cce69d2bccb99"}
api-1       | INFO:     172.18.0.1:47904 - "GET /api/v1/runs/ca3734d1-4dd2-453a-bc10-c50d79a127e1 HTTP/1.1" 200 OK
api-1       | {"api_key_prefix": "evk_5237dfcc3619", "duration_ms": 69.571, "event": "http_request_completed", "level": "info", "method": "GET", "outcome": "success", "path": "/api/v1/runs/ca3734d1-4dd2-453a-bc10-c50d79a127e1", "request_id": "0b3811cc-dee7-4814-9e9b-79dca904221a", "status_code": 200, "tenant_id": "ab5af908-be70-4f29-8729-5ed3535f4689", "timestamp": "2026-08-07T12:06:40.989307Z", "trace_id": "08fd94c412076e45dc4025a3b0a10e17"}
api-1       | {"claimed": 43, "event": "outbox_dispatch_batch_completed", "lease_lost": 0, "level": "info", "published": 43, "retry_scheduled": 0, "role": "outbox_dispatcher", "timestamp": "2026-08-07T12:06:41.288033Z"}
api-1       | INFO:     172.18.0.1:47904 - "GET /api/v1/runs/ca3734d1-4dd2-453a-bc10-c50d79a127e1 HTTP/1.1" 200 OK
api-1       | {"api_key_prefix": "evk_5237dfcc3619", "duration_ms": 66.354, "event": "http_request_completed", "level": "info", "method": "GET", "outcome": "success", "path": "/api/v1/runs/ca3734d1-4dd2-453a-bc10-c50d79a127e1", "request_id": "7db2c9e8-b2b4-4e36-9181-543c2cd162e8", "status_code": 200, "tenant_id": "ab5af908-be70-4f29-8729-5ed3535f4689", "timestamp": "2026-08-07T12:06:41.559064Z", "trace_id": "6474c2d537e51e1a77c9467661cc7a39"}
api-1       | {"claimed": 50, "event": "outbox_dispatch_batch_completed", "lease_lost": 0, "level": "info", "published": 50, "retry_scheduled": 0, "role": "outbox_dispatcher", "timestamp": "2026-08-07T12:06:41.983531Z"}
api-1       | INFO:     172.18.0.1:47904 - "GET /api/v1/runs/ca3734d1-4dd2-453a-bc10-c50d79a127e1 HTTP/1.1" 200 OK
api-1       | {"api_key_prefix": "evk_5237dfcc3619", "duration_ms": 59.981, "event": "http_request_completed", "level": "info", "method": "GET", "outcome": "success", "path": "/api/v1/runs/ca3734d1-4dd2-453a-bc10-c50d79a127e1", "request_id": "2798e120-9291-4d2f-8869-071456876410", "status_code": 200, "tenant_id": "ab5af908-be70-4f29-8729-5ed3535f4689", "timestamp": "2026-08-07T12:06:42.121755Z", "trace_id": "8a7307c84985e1ac83d73b453f658ae6"}
api-1       | {"claimed": 13, "event": "outbox_dispatch_batch_completed", "lease_lost": 0, "level": "info", "published": 13, "retry_scheduled": 0, "role": "outbox_dispatcher", "timestamp": "2026-08-07T12:06:42.562301Z"}
api-1       | INFO:     172.18.0.1:47904 - "GET /api/v1/runs/ca3734d1-4dd2-453a-bc10-c50d79a127e1 HTTP/1.1" 200 OK
api-1       | {"api_key_prefix": "evk_5237dfcc3619", "duration_ms": 56.88, "event": "http_request_completed", "level": "info", "method": "GET", "outcome": "success", "path": "/api/v1/runs/ca3734d1-4dd2-453a-bc10-c50d79a127e1", "request_id": "0d1023fd-bfa7-4620-b637-9347a038d80f", "status_code": 200, "tenant_id": "ab5af908-be70-4f29-8729-5ed3535f4689", "timestamp": "2026-08-07T12:06:42.681278Z", "trace_id": "5536a8964272f820bc68f6e7862499fb"}
api-1       | INFO:     172.18.0.1:47904 - "GET /api/v1/runs/ca3734d1-4dd2-453a-bc10-c50d79a127e1/cases?limit=200&sort=case_id HTTP/1.1" 200 OK
api-1       | {"api_key_prefix": "evk_5237dfcc3619", "duration_ms": 73.121, "event": "http_request_completed", "level": "info", "method": "GET", "outcome": "success", "path": "/api/v1/runs/ca3734d1-4dd2-453a-bc10-c50d79a127e1/cases", "request_id": "5db3dfb0-58d0-4c43-bb38-f1b02a5cd4d1", "status_code": 200, "tenant_id": "ab5af908-be70-4f29-8729-5ed3535f4689", "timestamp": "2026-08-07T12:06:42.755929Z", "trace_id": "1e1a292e980beffe61defc9fc6e5f0ff"}
api-1       | INFO:     127.0.0.1:38632 - "GET /metrics HTTP/1.1" 200 OK
api-1       | {"duration_ms": 12.152, "event": "http_request_completed", "level": "info", "method": "GET", "outcome": "success", "path": "/metrics", "request_id": "b2141846-5ec6-4bdd-a207-fd0f1f3a5eb5", "status_code": 200, "timestamp": "2026-08-07T12:06:43.201993Z", "trace_id": "d16c8dd70e3544d5d62c75c811b4f9e6"}
api-1       | INFO:     172.18.0.1:47904 - "POST /api/v1/runs HTTP/1.1" 202 Accepted
api-1       | {"api_key_prefix": "evk_5237dfcc3619", "duration_ms": 244.38, "event": "http_request_completed", "level": "info", "method": "POST", "outcome": "success", "path": "/api/v1/runs", "request_id": "e9aa8505-8b81-40b1-b155-920f78763989", "status_code": 202, "tenant_id": "ab5af908-be70-4f29-8729-5ed3535f4689", "timestamp": "2026-08-07T12:06:44.421363Z", "trace_id": "82736d1d3c602aa2655eda37125d1895"}
api-1       | INFO:     172.18.0.1:47904 - "GET /api/v1/runs/f7abbbe7-3ae5-4395-9fef-931ea5cc17e9 HTTP/1.1" 200 OK
api-1       | {"api_key_prefix": "evk_5237dfcc3619", "duration_ms": 53.846, "event": "http_request_completed", "level": "info", "method": "GET", "outcome": "success", "path": "/api/v1/runs/f7abbbe7-3ae5-4395-9fef-931ea5cc17e9", "request_id": "3ce575c6-94d8-4ba4-b6a5-4987fa67d396", "status_code": 200, "tenant_id": "ab5af908-be70-4f29-8729-5ed3535f4689", "timestamp": "2026-08-07T12:06:44.477324Z", "trace_id": "1ee3866ed201408cc87a0a87146919b9"}
api-1       | INFO:     172.18.0.1:47904 - "GET /api/v1/runs/f7abbbe7-3ae5-4395-9fef-931ea5cc17e9 HTTP/1.1" 200 OK
api-1       | {"api_key_prefix": "evk_5237dfcc3619", "duration_ms": 58.14, "event": "http_request_completed", "level": "info", "method": "GET", "outcome": "success", "path": "/api/v1/runs/f7abbbe7-3ae5-4395-9fef-931ea5cc17e9", "request_id": "a4d8cb9d-9b3f-4b08-83fb-111251d26941", "status_code": 200, "tenant_id": "ab5af908-be70-4f29-8729-5ed3535f4689", "timestamp": "2026-08-07T12:06:45.037993Z", "trace_id": "9b1a0f2fdc3dba65664ee7fd0f455dc4"}
api-1       | {"claimed": 19, "event": "outbox_dispatch_batch_completed", "lease_lost": 0, "level": "info", "published": 19, "retry_scheduled": 0, "role": "outbox_dispatcher", "timestamp": "2026-08-07T12:06:45.255217Z"}
api-1       | INFO:     172.18.0.1:47904 - "GET /api/v1/runs/f7abbbe7-3ae5-4395-9fef-931ea5cc17e9 HTTP/1.1" 200 OK
api-1       | {"api_key_prefix": "evk_5237dfcc3619", "duration_ms": 58.021, "event": "http_request_completed", "level": "info", "method": "GET", "outcome": "success", "path": "/api/v1/runs/f7abbbe7-3ae5-4395-9fef-931ea5cc17e9", "request_id": "3d8e663d-e231-4dc1-8a3f-71dd666c8bb4", "status_code": 200, "tenant_id": "ab5af908-be70-4f29-8729-5ed3535f4689", "timestamp": "2026-08-07T12:06:45.599104Z", "trace_id": "d2cb64a9be3d094936eefcafd8cc0242"}
api-1       | {"claimed": 50, "event": "outbox_dispatch_batch_completed", "lease_lost": 0, "level": "info", "published": 50, "retry_scheduled": 0, "role": "outbox_dispatcher", "timestamp": "2026-08-07T12:06:46.144750Z"}
api-1       | {"event": "Context impl PostgresqlImpl.", "level": "info", "request_id": "49d563d6-e2f1-4fea-98c0-f308cae200f9", "timestamp": "2026-08-07T12:06:46.245133Z", "trace_id": "7da266b73d50e62782590492fd32962c"}
api-1       | {"event": "Will assume transactional DDL.", "level": "info", "request_id": "49d563d6-e2f1-4fea-98c0-f308cae200f9", "timestamp": "2026-08-07T12:06:46.245273Z", "trace_id": "7da266b73d50e62782590492fd32962c"}
api-1       | INFO:     127.0.0.1:53856 - "GET /health/ready HTTP/1.1" 200 OK
api-1       | {"duration_ms": 75.462, "event": "http_request_completed", "level": "info", "method": "GET", "outcome": "success", "path": "/health/ready", "request_id": "49d563d6-e2f1-4fea-98c0-f308cae200f9", "status_code": 200, "timestamp": "2026-08-07T12:06:46.303254Z", "trace_id": "7da266b73d50e62782590492fd32962c"}
api-1       | INFO:     172.18.0.1:47904 - "GET /api/v1/runs/f7abbbe7-3ae5-4395-9fef-931ea5cc17e9 HTTP/1.1" 200 OK
api-1       | {"api_key_prefix": "evk_5237dfcc3619", "duration_ms": 210.694, "event": "http_request_completed", "level": "info", "method": "GET", "outcome": "success", "path": "/api/v1/runs/f7abbbe7-3ae5-4395-9fef-931ea5cc17e9", "request_id": "4a7f4600-52be-4a8e-ad02-4d4f90bf73e2", "status_code": 200, "tenant_id": "ab5af908-be70-4f29-8729-5ed3535f4689", "timestamp": "2026-08-07T12:06:46.320236Z", "trace_id": "b823b59e1bc0922f9c59220c543f7ef9"}
api-1       | {"claimed": 50, "event": "outbox_dispatch_batch_completed", "lease_lost": 0, "level": "info", "published": 50, "retry_scheduled": 0, "role": "outbox_dispatcher", "timestamp": "2026-08-07T12:06:46.888329Z"}
api-1       | INFO:     172.18.0.1:47904 - "GET /api/v1/runs/f7abbbe7-3ae5-4395-9fef-931ea5cc17e9 HTTP/1.1" 200 OK
api-1       | {"api_key_prefix": "evk_5237dfcc3619", "duration_ms": 139.419, "event": "http_request_completed", "level": "info", "method": "GET", "outcome": "success", "path": "/api/v1/runs/f7abbbe7-3ae5-4395-9fef-931ea5cc17e9", "request_id": "eae85a4a-0d2b-4441-9d6e-a973fae30017", "status_code": 200, "tenant_id": "ab5af908-be70-4f29-8729-5ed3535f4689", "timestamp": "2026-08-07T12:06:46.962261Z", "trace_id": "b41be207080ca2c4790e0c2e4755d89a"}
api-1       | {"claimed": 50, "event": "outbox_dispatch_batch_completed", "lease_lost": 0, "level": "info", "published": 50, "retry_scheduled": 0, "role": "outbox_dispatcher", "timestamp": "2026-08-07T12:06:47.589693Z"}
api-1       | INFO:     172.18.0.1:47904 - "GET /api/v1/runs/f7abbbe7-3ae5-4395-9fef-931ea5cc17e9 HTTP/1.1" 200 OK
api-1       | {"api_key_prefix": "evk_5237dfcc3619", "duration_ms": 168.633, "event": "http_request_completed", "level": "info", "method": "GET", "outcome": "success", "path": "/api/v1/runs/f7abbbe7-3ae5-4395-9fef-931ea5cc17e9", "request_id": "b9b6183d-7668-4fc1-849c-03937d4d95d1", "status_code": 200, "tenant_id": "ab5af908-be70-4f29-8729-5ed3535f4689", "timestamp": "2026-08-07T12:06:47.659251Z", "trace_id": "1e30f773672cf0f11b89c7f5b8e29664"}
api-1       | {"claimed": 50, "event": "outbox_dispatch_batch_completed", "lease_lost": 0, "level": "info", "published": 50, "retry_scheduled": 0, "role": "outbox_dispatcher", "timestamp": "2026-08-07T12:06:48.292283Z"}
api-1       | INFO:     172.18.0.1:47904 - "GET /api/v1/runs/f7abbbe7-3ae5-4395-9fef-931ea5cc17e9 HTTP/1.1" 200 OK
api-1       | {"api_key_prefix": "evk_5237dfcc3619", "duration_ms": 178.806, "event": "http_request_completed", "level": "info", "method": "GET", "outcome": "success", "path": "/api/v1/runs/f7abbbe7-3ae5-4395-9fef-931ea5cc17e9", "request_id": "14d4feef-1b32-4808-a5ea-eeb6c14937c4", "status_code": 200, "tenant_id": "ab5af908-be70-4f29-8729-5ed3535f4689", "timestamp": "2026-08-07T12:06:48.361328Z", "trace_id": "378b08fa115e847beca58bcf08b3c4c3"}
api-1       | {"claimed": 50, "event": "outbox_dispatch_batch_completed", "lease_lost": 0, "level": "info", "published": 50, "retry_scheduled": 0, "role": "outbox_dispatcher", "timestamp": "2026-08-07T12:06:49.003359Z"}
api-1       | INFO:     172.18.0.1:47904 - "GET /api/v1/runs/f7abbbe7-3ae5-4395-9fef-931ea5cc17e9 HTTP/1.1" 200 OK
api-1       | {"api_key_prefix": "evk_5237dfcc3619", "duration_ms": 223.778, "event": "http_request_completed", "level": "info", "method": "GET", "outcome": "success", "path": "/api/v1/runs/f7abbbe7-3ae5-4395-9fef-931ea5cc17e9", "request_id": "a63a48fa-bf22-4759-82a7-c41100da5824", "status_code": 200, "tenant_id": "ab5af908-be70-4f29-8729-5ed3535f4689", "timestamp": "2026-08-07T12:06:49.113431Z", "trace_id": "4a2d49cc949ce40d832e001f0a109fe4"}
api-1       | {"claimed": 50, "event": "outbox_dispatch_batch_completed", "lease_lost": 0, "level": "info", "published": 50, "retry_scheduled": 0, "role": "outbox_dispatcher", "timestamp": "2026-08-07T12:06:49.790185Z"}
api-1       | INFO:     172.18.0.1:47904 - "GET /api/v1/runs/f7abbbe7-3ae5-4395-9fef-931ea5cc17e9 HTTP/1.1" 200 OK
api-1       | {"api_key_prefix": "evk_5237dfcc3619", "duration_ms": 226.673, "event": "http_request_completed", "level": "info", "method": "GET", "outcome": "success", "path": "/api/v1/runs/f7abbbe7-3ae5-4395-9fef-931ea5cc17e9", "request_id": "0a10a1e1-6671-48b8-a7fb-9fe4b6586af3", "status_code": 200, "tenant_id": "ab5af908-be70-4f29-8729-5ed3535f4689", "timestamp": "2026-08-07T12:06:49.855120Z", "trace_id": "069880016b2c8912a546bd14237c5e43"}
api-1       | {"claimed": 50, "event": "outbox_dispatch_batch_completed", "lease_lost": 0, "level": "info", "published": 50, "retry_scheduled": 0, "role": "outbox_dispatcher", "timestamp": "2026-08-07T12:06:50.496667Z"}
api-1       | INFO:     172.18.0.1:47904 - "GET /api/v1/runs/f7abbbe7-3ae5-4395-9fef-931ea5cc17e9 HTTP/1.1" 200 OK
api-1       | {"api_key_prefix": "evk_5237dfcc3619", "duration_ms": 229.619, "event": "http_request_completed", "level": "info", "method": "GET", "outcome": "success", "path": "/api/v1/runs/f7abbbe7-3ae5-4395-9fef-931ea5cc17e9", "request_id": "2588dd18-0f25-4131-8712-daf49479878f", "status_code": 200, "tenant_id": "ab5af908-be70-4f29-8729-5ed3535f4689", "timestamp": "2026-08-07T12:06:50.614270Z", "trace_id": "7e5b6368607517463e7d127a824ccc41"}
api-1       | {"claimed": 50, "event": "outbox_dispatch_batch_completed", "lease_lost": 0, "level": "info", "published": 50, "retry_scheduled": 0, "role": "outbox_dispatcher", "timestamp": "2026-08-07T12:06:51.250109Z"}
api-1       | INFO:     172.18.0.1:47904 - "GET /api/v1/runs/f7abbbe7-3ae5-4395-9fef-931ea5cc17e9 HTTP/1.1" 200 OK
api-1       | {"api_key_prefix": "evk_5237dfcc3619", "duration_ms": 202.912, "event": "http_request_completed", "level": "info", "method": "GET", "outcome": "success", "path": "/api/v1/runs/f7abbbe7-3ae5-4395-9fef-931ea5cc17e9", "request_id": "370d52c5-9fbe-4895-bdd7-31c0f3c3ec8e", "status_code": 200, "tenant_id": "ab5af908-be70-4f29-8729-5ed3535f4689", "timestamp": "2026-08-07T12:06:51.324502Z", "trace_id": "2e35a2b9a6a29e30610b04980b2c17df"}
api-1       | {"event": "Context impl PostgresqlImpl.", "level": "info", "request_id": "ab190670-7210-40bf-b303-42269c280329", "timestamp": "2026-08-07T12:06:51.662548Z", "trace_id": "b4e24bac77032cc492292c11a8ce2948"}
api-1       | {"event": "Will assume transactional DDL.", "level": "info", "request_id": "ab190670-7210-40bf-b303-42269c280329", "timestamp": "2026-08-07T12:06:51.662717Z", "trace_id": "b4e24bac77032cc492292c11a8ce2948"}
api-1       | INFO:     127.0.0.1:53876 - "GET /health/ready HTTP/1.1" 200 OK
api-1       | {"duration_ms": 31.596, "event": "http_request_completed", "level": "info", "method": "GET", "outcome": "success", "path": "/health/ready", "request_id": "ab190670-7210-40bf-b303-42269c280329", "status_code": 200, "timestamp": "2026-08-07T12:06:51.671728Z", "trace_id": "b4e24bac77032cc492292c11a8ce2948"}
api-1       | {"claimed": 50, "event": "outbox_dispatch_batch_completed", "lease_lost": 0, "level": "info", "published": 50, "retry_scheduled": 0, "role": "outbox_dispatcher", "timestamp": "2026-08-07T12:06:51.983904Z"}
api-1       | INFO:     172.18.0.1:47904 - "GET /api/v1/runs/f7abbbe7-3ae5-4395-9fef-931ea5cc17e9 HTTP/1.1" 200 OK
api-1       | {"api_key_prefix": "evk_5237dfcc3619", "duration_ms": 200.921, "event": "http_request_completed", "level": "info", "method": "GET", "outcome": "success", "path": "/api/v1/runs/f7abbbe7-3ae5-4395-9fef-931ea5cc17e9", "request_id": "cc5c72a8-1122-4bbf-84e0-7b5813ab4294", "status_code": 200, "tenant_id": "ab5af908-be70-4f29-8729-5ed3535f4689", "timestamp": "2026-08-07T12:06:52.052190Z", "trace_id": "bb20dd2cc1a1fd496dcf8a1204e386d7"}
api-1       | {"claimed": 50, "event": "outbox_dispatch_batch_completed", "lease_lost": 0, "level": "info", "published": 50, "retry_scheduled": 0, "role": "outbox_dispatcher", "timestamp": "2026-08-07T12:06:52.692369Z"}
api-1       | INFO:     172.18.0.1:47904 - "GET /api/v1/runs/f7abbbe7-3ae5-4395-9fef-931ea5cc17e9 HTTP/1.1" 200 OK
api-1       | {"api_key_prefix": "evk_5237dfcc3619", "duration_ms": 185.661, "event": "http_request_completed", "level": "info", "method": "GET", "outcome": "success", "path": "/api/v1/runs/f7abbbe7-3ae5-4395-9fef-931ea5cc17e9", "request_id": "30e325d4-adef-4511-826d-f2da00139d42", "status_code": 200, "tenant_id": "ab5af908-be70-4f29-8729-5ed3535f4689", "timestamp": "2026-08-07T12:06:52.760793Z", "trace_id": "f17907f6ee6bd7c2d30ce4c5c159ae38"}
api-1       | {"claimed": 50, "event": "outbox_dispatch_batch_completed", "lease_lost": 0, "level": "info", "published": 50, "retry_scheduled": 0, "role": "outbox_dispatcher", "timestamp": "2026-08-07T12:06:53.450968Z"}
api-1       | INFO:     172.18.0.1:47904 - "GET /api/v1/runs/f7abbbe7-3ae5-4395-9fef-931ea5cc17e9 HTTP/1.1" 200 OK
api-1       | {"api_key_prefix": "evk_5237dfcc3619", "duration_ms": 196.156, "event": "http_request_completed", "level": "info", "method": "GET", "outcome": "success", "path": "/api/v1/runs/f7abbbe7-3ae5-4395-9fef-931ea5cc17e9", "request_id": "9aa77e5f-436b-4ff1-8e92-266a5c5d4616", "status_code": 200, "tenant_id": "ab5af908-be70-4f29-8729-5ed3535f4689", "timestamp": "2026-08-07T12:06:53.467114Z", "trace_id": "83b45f756ac3771a9588e5a60809757b"}
api-1       | {"claimed": 50, "event": "outbox_dispatch_batch_completed", "lease_lost": 0, "level": "info", "published": 50, "retry_scheduled": 0, "role": "outbox_dispatcher", "timestamp": "2026-08-07T12:06:54.167541Z"}
api-1       | INFO:     172.18.0.1:47904 - "GET /api/v1/runs/f7abbbe7-3ae5-4395-9fef-931ea5cc17e9 HTTP/1.1" 200 OK
api-1       | {"api_key_prefix": "evk_5237dfcc3619", "duration_ms": 265.176, "event": "http_request_completed", "level": "info", "method": "GET", "outcome": "success", "path": "/api/v1/runs/f7abbbe7-3ae5-4395-9fef-931ea5cc17e9", "request_id": "d1d987aa-389a-4787-8da0-fe1ec743086e", "status_code": 200, "tenant_id": "ab5af908-be70-4f29-8729-5ed3535f4689", "timestamp": "2026-08-07T12:06:54.243239Z", "trace_id": "b1c94251d8ab0a2d94f2fac18b3dc741"}
api-1       | {"claimed": 50, "event": "outbox_dispatch_batch_completed", "lease_lost": 0, "level": "info", "published": 50, "retry_scheduled": 0, "role": "outbox_dispatcher", "timestamp": "2026-08-07T12:06:54.884408Z"}
api-1       | INFO:     172.18.0.1:47904 - "GET /api/v1/runs/f7abbbe7-3ae5-4395-9fef-931ea5cc17e9 HTTP/1.1" 200 OK
api-1       | {"api_key_prefix": "evk_5237dfcc3619", "duration_ms": 182.023, "event": "http_request_completed", "level": "info", "method": "GET", "outcome": "success", "path": "/api/v1/runs/f7abbbe7-3ae5-4395-9fef-931ea5cc17e9", "request_id": "94131543-aa12-4e7e-b473-0190ca68d2ce", "status_code": 200, "tenant_id": "ab5af908-be70-4f29-8729-5ed3535f4689", "timestamp": "2026-08-07T12:06:54.949577Z", "trace_id": "e6ca9d9c5834e229b5c7a53924ec55fe"}
api-1       | {"claimed": 50, "event": "outbox_dispatch_batch_completed", "lease_lost": 0, "level": "info", "published": 50, "retry_scheduled": 0, "role": "outbox_dispatcher", "timestamp": "2026-08-07T12:06:55.664624Z"}
api-1       | INFO:     172.18.0.1:47904 - "GET /api/v1/runs/f7abbbe7-3ae5-4395-9fef-931ea5cc17e9 HTTP/1.1" 200 OK
api-1       | {"api_key_prefix": "evk_5237dfcc3619", "duration_ms": 219.647, "event": "http_request_completed", "level": "info", "method": "GET", "outcome": "success", "path": "/api/v1/runs/f7abbbe7-3ae5-4395-9fef-931ea5cc17e9", "request_id": "3e55b16c-0887-4dcf-a34e-0e8af17e49d5", "status_code": 200, "tenant_id": "ab5af908-be70-4f29-8729-5ed3535f4689", "timestamp": "2026-08-07T12:06:55.729998Z", "trace_id": "31120691e2cf94f33d7c202773958039"}
api-1       | {"claimed": 50, "event": "outbox_dispatch_batch_completed", "lease_lost": 0, "level": "info", "published": 50, "retry_scheduled": 0, "role": "outbox_dispatcher", "timestamp": "2026-08-07T12:06:56.380610Z"}
api-1       | INFO:     172.18.0.1:47904 - "GET /api/v1/runs/f7abbbe7-3ae5-4395-9fef-931ea5cc17e9 HTTP/1.1" 200 OK
api-1       | {"api_key_prefix": "evk_5237dfcc3619", "duration_ms": 210.909, "event": "http_request_completed", "level": "info", "method": "GET", "outcome": "success", "path": "/api/v1/runs/f7abbbe7-3ae5-4395-9fef-931ea5cc17e9", "request_id": "4ee5d4cf-22da-4f79-a682-bc398e9a8060", "status_code": 200, "tenant_id": "ab5af908-be70-4f29-8729-5ed3535f4689", "timestamp": "2026-08-07T12:06:56.450150Z", "trace_id": "946fbfdbf18af23d0405e7c60dd38541"}
api-1       | {"event": "Context impl PostgresqlImpl.", "level": "info", "request_id": "90ede6d3-dd18-48d7-85ba-46a2622e16ce", "timestamp": "2026-08-07T12:06:57.180509Z", "trace_id": "213a8808c5505b723ba42ee4987524c2"}
api-1       | {"event": "Will assume transactional DDL.", "level": "info", "request_id": "90ede6d3-dd18-48d7-85ba-46a2622e16ce", "timestamp": "2026-08-07T12:06:57.180635Z", "trace_id": "213a8808c5505b723ba42ee4987524c2"}
api-1       | INFO:     127.0.0.1:37578 - "GET /health/ready HTTP/1.1" 200 OK
api-1       | {"duration_ms": 91.389, "event": "http_request_completed", "level": "info", "method": "GET", "outcome": "success", "path": "/health/ready", "request_id": "90ede6d3-dd18-48d7-85ba-46a2622e16ce", "status_code": 200, "timestamp": "2026-08-07T12:06:57.222801Z", "trace_id": "213a8808c5505b723ba42ee4987524c2"}
api-1       | {"claimed": 50, "event": "outbox_dispatch_batch_completed", "lease_lost": 0, "level": "info", "published": 50, "retry_scheduled": 0, "role": "outbox_dispatcher", "timestamp": "2026-08-07T12:06:57.224291Z"}
api-1       | INFO:     172.18.0.1:47904 - "GET /api/v1/runs/f7abbbe7-3ae5-4395-9fef-931ea5cc17e9 HTTP/1.1" 200 OK
api-1       | {"api_key_prefix": "evk_5237dfcc3619", "duration_ms": 267.472, "event": "http_request_completed", "level": "info", "method": "GET", "outcome": "success", "path": "/api/v1/runs/f7abbbe7-3ae5-4395-9fef-931ea5cc17e9", "request_id": "009c2b59-b371-4948-9858-bc1bc74f9cd2", "status_code": 200, "tenant_id": "ab5af908-be70-4f29-8729-5ed3535f4689", "timestamp": "2026-08-07T12:06:57.287260Z", "trace_id": "32cc01435245513461d9e50ee4293867"}
api-1       | {"claimed": 50, "event": "outbox_dispatch_batch_completed", "lease_lost": 0, "level": "info", "published": 50, "retry_scheduled": 0, "role": "outbox_dispatcher", "timestamp": "2026-08-07T12:06:57.911743Z"}
api-1       | INFO:     172.18.0.1:47904 - "GET /api/v1/runs/f7abbbe7-3ae5-4395-9fef-931ea5cc17e9 HTTP/1.1" 200 OK
api-1       | {"api_key_prefix": "evk_5237dfcc3619", "duration_ms": 147.109, "event": "http_request_completed", "level": "info", "method": "GET", "outcome": "success", "path": "/api/v1/runs/f7abbbe7-3ae5-4395-9fef-931ea5cc17e9", "request_id": "8a43c6cb-cbde-4997-8232-df0806f744f1", "status_code": 200, "tenant_id": "ab5af908-be70-4f29-8729-5ed3535f4689", "timestamp": "2026-08-07T12:06:57.966954Z", "trace_id": "a906b744d3ae5d92d85bffeade88706e"}
api-1       | {"claimed": 50, "event": "outbox_dispatch_batch_completed", "lease_lost": 0, "level": "info", "published": 50, "retry_scheduled": 0, "role": "outbox_dispatcher", "timestamp": "2026-08-07T12:06:58.576273Z"}
api-1       | INFO:     172.18.0.1:47904 - "GET /api/v1/runs/f7abbbe7-3ae5-4395-9fef-931ea5cc17e9 HTTP/1.1" 200 OK
api-1       | {"api_key_prefix": "evk_5237dfcc3619", "duration_ms": 155.67, "event": "http_request_completed", "level": "info", "method": "GET", "outcome": "success", "path": "/api/v1/runs/f7abbbe7-3ae5-4395-9fef-931ea5cc17e9", "request_id": "09827a3e-75ca-4583-8f6a-6c1a1843751f", "status_code": 200, "tenant_id": "ab5af908-be70-4f29-8729-5ed3535f4689", "timestamp": "2026-08-07T12:06:58.636350Z", "trace_id": "1292d328113cc0ece9264d50f3a6120c"}
api-1       | INFO:     172.18.0.1:47904 - "GET /api/v1/runs/f7abbbe7-3ae5-4395-9fef-931ea5cc17e9/cases?limit=200&sort=case_id HTTP/1.1" 200 OK
api-1       | {"api_key_prefix": "evk_5237dfcc3619", "duration_ms": 74.86, "event": "http_request_completed", "level": "info", "method": "GET", "outcome": "success", "path": "/api/v1/runs/f7abbbe7-3ae5-4395-9fef-931ea5cc17e9/cases", "request_id": "23655a2b-ba90-448a-866d-c7026b834f1a", "status_code": 200, "tenant_id": "ab5af908-be70-4f29-8729-5ed3535f4689", "timestamp": "2026-08-07T12:06:58.712950Z", "trace_id": "50ca481dcdc42d7aec3200f2e749283f"}
api-1       | INFO:     172.18.0.1:47904 - "GET /api/v1/runs/f7abbbe7-3ae5-4395-9fef-931ea5cc17e9/cases?limit=200&sort=case_id&cursor=eyJkaXJlY3Rpb24iOiJhc2MiLCJlcnJvcl9jb2RlIjpudWxsLCJqb2JfaWQiOiIwMTE5ZjlkYy1hODY1LTRmZDMtYTRmMy1lOTRiNDI1ZDg5OTQiLCJtZXRyaWMiOm51bGwsInNvcnQiOiJjYXNlX2lkIiwic3RhdHVzIjpudWxsLCJ2IjoxLCJ2YWx1ZSI6ImxvYWQtMDE5OSJ9 HTTP/1.1" 200 OK
api-1       | {"api_key_prefix": "evk_5237dfcc3619", "duration_ms": 73.54, "event": "http_request_completed", "level": "info", "method": "GET", "outcome": "success", "path": "/api/v1/runs/f7abbbe7-3ae5-4395-9fef-931ea5cc17e9/cases", "request_id": "6f9a4dd3-dc62-4314-8b7e-929365b7b81d", "status_code": 200, "tenant_id": "ab5af908-be70-4f29-8729-5ed3535f4689", "timestamp": "2026-08-07T12:06:58.789432Z", "trace_id": "26309e70e539c7ece64916ba0e1cbec6"}
api-1       | INFO:     172.18.0.1:47904 - "GET /api/v1/runs/f7abbbe7-3ae5-4395-9fef-931ea5cc17e9/cases?limit=200&sort=case_id&cursor=eyJkaXJlY3Rpb24iOiJhc2MiLCJlcnJvcl9jb2RlIjpudWxsLCJqb2JfaWQiOiIxOWFmZmU5ZC0xOWUwLTQzNTYtODI4Ny00NTBhOTkxM2UwNDYiLCJtZXRyaWMiOm51bGwsInNvcnQiOiJjYXNlX2lkIiwic3RhdHVzIjpudWxsLCJ2IjoxLCJ2YWx1ZSI6ImxvYWQtMDM5OSJ9 HTTP/1.1" 200 OK
api-1       | {"api_key_prefix": "evk_5237dfcc3619", "duration_ms": 65.985, "event": "http_request_completed", "level": "info", "method": "GET", "outcome": "success", "path": "/api/v1/runs/f7abbbe7-3ae5-4395-9fef-931ea5cc17e9/cases", "request_id": "622628e7-fca1-440e-98f0-26c3ab013507", "status_code": 200, "tenant_id": "ab5af908-be70-4f29-8729-5ed3535f4689", "timestamp": "2026-08-07T12:06:58.857884Z", "trace_id": "0dcb7d6803826123b5e0caf06b3f6c63"}
api-1       | {"claimed": 50, "event": "outbox_dispatch_batch_completed", "lease_lost": 0, "level": "info", "published": 50, "retry_scheduled": 0, "role": "outbox_dispatcher", "timestamp": "2026-08-07T12:06:59.344699Z"}
api-1       | INFO:     127.0.0.1:37592 - "GET /metrics HTTP/1.1" 200 OK
api-1       | {"duration_ms": 12.436, "event": "http_request_completed", "level": "info", "method": "GET", "outcome": "success", "path": "/metrics", "request_id": "2d248bc6-9bd6-4446-a4ad-fac501885b46", "status_code": 200, "timestamp": "2026-08-07T12:06:59.443925Z", "trace_id": "9c3ca804242303712024414a7597d5e2"}
api-1       | {"claimed": 50, "event": "outbox_dispatch_batch_completed", "lease_lost": 0, "level": "info", "published": 50, "retry_scheduled": 0, "role": "outbox_dispatcher", "timestamp": "2026-08-07T12:07:00.048343Z"}
api-1       | {"claimed": 33, "event": "outbox_dispatch_batch_completed", "lease_lost": 0, "level": "info", "published": 33, "retry_scheduled": 0, "role": "outbox_dispatcher", "timestamp": "2026-08-07T12:07:00.669225Z"}
api-1       | {"event": "Context impl PostgresqlImpl.", "level": "info", "request_id": "375d9aed-c7ce-4ddf-ba73-bdd82843ac9b", "timestamp": "2026-08-07T12:07:02.526009Z", "trace_id": "5a4783bd060cfc640a91491cd78d8fa9"}
api-1       | {"event": "Will assume transactional DDL.", "level": "info", "request_id": "375d9aed-c7ce-4ddf-ba73-bdd82843ac9b", "timestamp": "2026-08-07T12:07:02.526115Z", "trace_id": "5a4783bd060cfc640a91491cd78d8fa9"}
api-1       | INFO:     127.0.0.1:37608 - "GET /health/ready HTTP/1.1" 200 OK
api-1       | {"duration_ms": 22.247, "event": "http_request_completed", "level": "info", "method": "GET", "outcome": "success", "path": "/health/ready", "request_id": "375d9aed-c7ce-4ddf-ba73-bdd82843ac9b", "status_code": 200, "timestamp": "2026-08-07T12:07:02.533060Z", "trace_id": "5a4783bd060cfc640a91491cd78d8fa9"}
api-1       | INFO:     172.18.0.1:59332 - "POST /api/v1/runs HTTP/1.1" 202 Accepted
api-1       | {"api_key_prefix": "evk_5237dfcc3619", "duration_ms": 86.225, "event": "http_request_completed", "level": "info", "method": "POST", "outcome": "success", "path": "/api/v1/runs", "request_id": "d03fc3e3-6486-4cf0-9337-5a47cb557394", "status_code": 202, "tenant_id": "ab5af908-be70-4f29-8729-5ed3535f4689", "timestamp": "2026-08-07T12:07:04.469873Z", "trace_id": "1f623f25393299021fc02e4f2ed5f01d"}
api-1       | INFO:     172.18.0.1:59332 - "GET /api/v1/runs/e7e03bb0-b5bb-4d0e-af3b-99e9c3d5847b HTTP/1.1" 200 OK
api-1       | {"api_key_prefix": "evk_5237dfcc3619", "duration_ms": 58.025, "event": "http_request_completed", "level": "info", "method": "GET", "outcome": "success", "path": "/api/v1/runs/e7e03bb0-b5bb-4d0e-af3b-99e9c3d5847b", "request_id": "f6aef6e6-e218-403b-8012-7fbf2ccf5d13", "status_code": 200, "tenant_id": "ab5af908-be70-4f29-8729-5ed3535f4689", "timestamp": "2026-08-07T12:07:04.529520Z", "trace_id": "f52ee1948d7cea6315f2c1adf194d9b2"}
api-1       | {"claimed": 6, "event": "outbox_dispatch_batch_completed", "lease_lost": 0, "level": "info", "published": 6, "retry_scheduled": 0, "role": "outbox_dispatcher", "timestamp": "2026-08-07T12:07:04.740012Z"}
api-1       | INFO:     172.18.0.1:59332 - "GET /api/v1/runs/e7e03bb0-b5bb-4d0e-af3b-99e9c3d5847b HTTP/1.1" 200 OK
api-1       | {"api_key_prefix": "evk_5237dfcc3619", "duration_ms": 53.237, "event": "http_request_completed", "level": "info", "method": "GET", "outcome": "success", "path": "/api/v1/runs/e7e03bb0-b5bb-4d0e-af3b-99e9c3d5847b", "request_id": "9883e14b-17fd-43c7-b7ac-5070834cb5e7", "status_code": 200, "tenant_id": "ab5af908-be70-4f29-8729-5ed3535f4689", "timestamp": "2026-08-07T12:07:05.085766Z", "trace_id": "8d898ff14efd77737eea4d6847609c63"}
api-1       | {"claimed": 24, "event": "outbox_dispatch_batch_completed", "lease_lost": 0, "level": "info", "published": 24, "retry_scheduled": 0, "role": "outbox_dispatcher", "timestamp": "2026-08-07T12:07:05.456488Z"}
api-1       | INFO:     172.18.0.1:59332 - "GET /api/v1/runs/e7e03bb0-b5bb-4d0e-af3b-99e9c3d5847b HTTP/1.1" 200 OK
api-1       | {"api_key_prefix": "evk_5237dfcc3619", "duration_ms": 65.144, "event": "http_request_completed", "level": "info", "method": "GET", "outcome": "success", "path": "/api/v1/runs/e7e03bb0-b5bb-4d0e-af3b-99e9c3d5847b", "request_id": "01969c13-9262-4161-8bd3-6804b415d2e2", "status_code": 200, "tenant_id": "ab5af908-be70-4f29-8729-5ed3535f4689", "timestamp": "2026-08-07T12:07:05.653209Z", "trace_id": "ddd1a3cd98764a730eb76884aba904c8"}
api-1       | {"claimed": 34, "event": "outbox_dispatch_batch_completed", "lease_lost": 0, "level": "info", "published": 34, "retry_scheduled": 0, "role": "outbox_dispatcher", "timestamp": "2026-08-07T12:07:06.095739Z"}
api-1       | INFO:     172.18.0.1:59332 - "GET /api/v1/runs/e7e03bb0-b5bb-4d0e-af3b-99e9c3d5847b HTTP/1.1" 200 OK
api-1       | {"api_key_prefix": "evk_5237dfcc3619", "duration_ms": 61.41, "event": "http_request_completed", "level": "info", "method": "GET", "outcome": "success", "path": "/api/v1/runs/e7e03bb0-b5bb-4d0e-af3b-99e9c3d5847b", "request_id": "a5030381-87bb-4f4d-ba8d-7377e6f1f2a4", "status_code": 200, "tenant_id": "ab5af908-be70-4f29-8729-5ed3535f4689", "timestamp": "2026-08-07T12:07:06.217136Z", "trace_id": "e92b821174c5bacae20f3e421eace210"}
api-1       | {"claimed": 28, "event": "outbox_dispatch_batch_completed", "lease_lost": 0, "level": "info", "published": 28, "retry_scheduled": 0, "role": "outbox_dispatcher", "timestamp": "2026-08-07T12:07:06.760256Z"}
api-1       | INFO:     172.18.0.1:59332 - "GET /api/v1/runs/e7e03bb0-b5bb-4d0e-af3b-99e9c3d5847b HTTP/1.1" 200 OK
api-1       | {"api_key_prefix": "evk_5237dfcc3619", "duration_ms": 94.791, "event": "http_request_completed", "level": "info", "method": "GET", "outcome": "success", "path": "/api/v1/runs/e7e03bb0-b5bb-4d0e-af3b-99e9c3d5847b", "request_id": "f9078766-94b7-4b2a-b3ad-24610ec81e6c", "status_code": 200, "tenant_id": "ab5af908-be70-4f29-8729-5ed3535f4689", "timestamp": "2026-08-07T12:07:06.814488Z", "trace_id": "98a8488081c9362441e632f877963e51"}
api-1       | {"claimed": 11, "event": "outbox_dispatch_batch_completed", "lease_lost": 0, "level": "info", "published": 11, "retry_scheduled": 0, "role": "outbox_dispatcher", "timestamp": "2026-08-07T12:07:07.327134Z"}
api-1       | INFO:     172.18.0.1:59332 - "GET /api/v1/runs/e7e03bb0-b5bb-4d0e-af3b-99e9c3d5847b HTTP/1.1" 200 OK
api-1       | {"api_key_prefix": "evk_5237dfcc3619", "duration_ms": 67.194, "event": "http_request_completed", "level": "info", "method": "GET", "outcome": "success", "path": "/api/v1/runs/e7e03bb0-b5bb-4d0e-af3b-99e9c3d5847b", "request_id": "2928a3f6-db05-4bdd-92e9-28ad6073ad89", "status_code": 200, "tenant_id": "ab5af908-be70-4f29-8729-5ed3535f4689", "timestamp": "2026-08-07T12:07:07.385770Z", "trace_id": "b7fc0a052bf47557115e862c8d528338"}
api-1       | {"event": "Context impl PostgresqlImpl.", "level": "info", "request_id": "2ba33ffd-f7a7-45c3-aac5-7c853635fb56", "timestamp": "2026-08-07T12:07:07.826737Z", "trace_id": "5e77051cb9297fc18d151af9ab4d1c98"}
api-1       | {"event": "Will assume transactional DDL.", "level": "info", "request_id": "2ba33ffd-f7a7-45c3-aac5-7c853635fb56", "timestamp": "2026-08-07T12:07:07.826883Z", "trace_id": "5e77051cb9297fc18d151af9ab4d1c98"}
api-1       | INFO:     127.0.0.1:47772 - "GET /health/ready HTTP/1.1" 200 OK
api-1       | {"duration_ms": 23.079, "event": "http_request_completed", "level": "info", "method": "GET", "outcome": "success", "path": "/health/ready", "request_id": "2ba33ffd-f7a7-45c3-aac5-7c853635fb56", "status_code": 200, "timestamp": "2026-08-07T12:07:07.835015Z", "trace_id": "5e77051cb9297fc18d151af9ab4d1c98"}
api-1       | INFO:     172.18.0.1:59332 - "GET /api/v1/runs/e7e03bb0-b5bb-4d0e-af3b-99e9c3d5847b HTTP/1.1" 200 OK
api-1       | {"api_key_prefix": "evk_5237dfcc3619", "duration_ms": 57.878, "event": "http_request_completed", "level": "info", "method": "GET", "outcome": "success", "path": "/api/v1/runs/e7e03bb0-b5bb-4d0e-af3b-99e9c3d5847b", "request_id": "7c1d9f4d-68ac-4375-a962-a36b18577a6e", "status_code": 200, "tenant_id": "ab5af908-be70-4f29-8729-5ed3535f4689", "timestamp": "2026-08-07T12:07:07.946253Z", "trace_id": "0a16d173f8a7b33812b6c3cf1ea28409"}
api-1       | INFO:     172.18.0.1:59332 - "GET /api/v1/runs/e7e03bb0-b5bb-4d0e-af3b-99e9c3d5847b/cases?limit=200&sort=case_id HTTP/1.1" 200 OK
api-1       | {"api_key_prefix": "evk_5237dfcc3619", "duration_ms": 68.686, "event": "http_request_completed", "level": "info", "method": "GET", "outcome": "success", "path": "/api/v1/runs/e7e03bb0-b5bb-4d0e-af3b-99e9c3d5847b/cases", "request_id": "9340c05f-90f2-4099-aa9a-2ee984e84116", "status_code": 200, "tenant_id": "ab5af908-be70-4f29-8729-5ed3535f4689", "timestamp": "2026-08-07T12:07:08.016645Z", "trace_id": "711e367c5e67cacd7ca2b13ede0b2728"}
api-1       | {"claimed": 3, "event": "outbox_dispatch_batch_completed", "lease_lost": 0, "level": "info", "published": 3, "retry_scheduled": 0, "role": "outbox_dispatcher", "timestamp": "2026-08-07T12:07:08.349807Z"}
api-1       | INFO:     127.0.0.1:47780 - "GET /metrics HTTP/1.1" 200 OK
api-1       | {"duration_ms": 11.343, "event": "http_request_completed", "level": "info", "method": "GET", "outcome": "success", "path": "/metrics", "request_id": "5f6a4ce6-fec4-4c8c-9a54-b6ec2b6a1aed", "status_code": 200, "timestamp": "2026-08-07T12:07:08.432960Z", "trace_id": "9301dc3db292ac784c1323765acb2c1e"}
api-1       | INFO:     172.18.0.1:59332 - "POST /api/v1/runs HTTP/1.1" 202 Accepted
api-1       | {"api_key_prefix": "evk_5237dfcc3619", "duration_ms": 190.693, "event": "http_request_completed", "level": "info", "method": "POST", "outcome": "success", "path": "/api/v1/runs", "request_id": "78b66ea6-7f15-47d1-87a6-e98433a25fdf", "status_code": 202, "tenant_id": "ab5af908-be70-4f29-8729-5ed3535f4689", "timestamp": "2026-08-07T12:07:09.233290Z", "trace_id": "67887ce49c637cbfcbaf11634dd07ada"}
api-1       | INFO:     172.18.0.1:59332 - "GET /api/v1/runs/67a10757-1c7e-4b25-8f62-e8d3bae01206 HTTP/1.1" 200 OK
api-1       | {"api_key_prefix": "evk_5237dfcc3619", "duration_ms": 51.469, "event": "http_request_completed", "level": "info", "method": "GET", "outcome": "success", "path": "/api/v1/runs/67a10757-1c7e-4b25-8f62-e8d3bae01206", "request_id": "ee92c09d-2ddb-4f63-9867-a2eaf6c82f72", "status_code": 200, "tenant_id": "ab5af908-be70-4f29-8729-5ed3535f4689", "timestamp": "2026-08-07T12:07:09.286448Z", "trace_id": "20657fc081d2122074902262af210f8c"}
api-1       | INFO:     172.18.0.1:59332 - "GET /api/v1/runs/67a10757-1c7e-4b25-8f62-e8d3bae01206 HTTP/1.1" 200 OK
api-1       | {"api_key_prefix": "evk_5237dfcc3619", "duration_ms": 59.686, "event": "http_request_completed", "level": "info", "method": "GET", "outcome": "success", "path": "/api/v1/runs/67a10757-1c7e-4b25-8f62-e8d3bae01206", "request_id": "43c555eb-d45d-432f-ab31-0cc6565e0f7f", "status_code": 200, "tenant_id": "ab5af908-be70-4f29-8729-5ed3535f4689", "timestamp": "2026-08-07T12:07:09.848848Z", "trace_id": "aabeb945ba760500fbdd1f9ca8c693b8"}
api-1       | {"claimed": 20, "event": "outbox_dispatch_batch_completed", "lease_lost": 0, "level": "info", "published": 20, "retry_scheduled": 0, "role": "outbox_dispatcher", "timestamp": "2026-08-07T12:07:09.970719Z"}
api-1       | INFO:     172.18.0.1:59332 - "GET /api/v1/runs/67a10757-1c7e-4b25-8f62-e8d3bae01206 HTTP/1.1" 200 OK
api-1       | {"api_key_prefix": "evk_5237dfcc3619", "duration_ms": 56.797, "event": "http_request_completed", "level": "info", "method": "GET", "outcome": "success", "path": "/api/v1/runs/67a10757-1c7e-4b25-8f62-e8d3bae01206", "request_id": "47b5bcc6-ae8f-425c-8810-cf67bbb03edb", "status_code": 200, "tenant_id": "ab5af908-be70-4f29-8729-5ed3535f4689", "timestamp": "2026-08-07T12:07:10.408225Z", "trace_id": "2ae6ba2caa3f1ad30874547a5fdac1e1"}
api-1       | {"claimed": 28, "event": "outbox_dispatch_batch_completed", "lease_lost": 0, "level": "info", "published": 28, "retry_scheduled": 0, "role": "outbox_dispatcher", "timestamp": "2026-08-07T12:07:10.654580Z"}
api-1       | INFO:     172.18.0.1:59332 - "GET /api/v1/runs/67a10757-1c7e-4b25-8f62-e8d3bae01206 HTTP/1.1" 200 OK
api-1       | {"api_key_prefix": "evk_5237dfcc3619", "duration_ms": 60.161, "event": "http_request_completed", "level": "info", "method": "GET", "outcome": "success", "path": "/api/v1/runs/67a10757-1c7e-4b25-8f62-e8d3bae01206", "request_id": "4d6ca143-cc18-440c-b747-dece55405e0d", "status_code": 200, "tenant_id": "ab5af908-be70-4f29-8729-5ed3535f4689", "timestamp": "2026-08-07T12:07:10.971168Z", "trace_id": "07a52d6b3a96b8b35d03eff794c9b353"}
api-1       | {"claimed": 31, "event": "outbox_dispatch_batch_completed", "lease_lost": 0, "level": "info", "published": 31, "retry_scheduled": 0, "role": "outbox_dispatcher", "timestamp": "2026-08-07T12:07:11.289408Z"}
api-1       | INFO:     172.18.0.1:59332 - "GET /api/v1/runs/67a10757-1c7e-4b25-8f62-e8d3bae01206 HTTP/1.1" 200 OK
api-1       | {"api_key_prefix": "evk_5237dfcc3619", "duration_ms": 65.567, "event": "http_request_completed", "level": "info", "method": "GET", "outcome": "success", "path": "/api/v1/runs/67a10757-1c7e-4b25-8f62-e8d3bae01206", "request_id": "fb64cf2b-25e3-45aa-a762-0415f74e0067", "status_code": 200, "tenant_id": "ab5af908-be70-4f29-8729-5ed3535f4689", "timestamp": "2026-08-07T12:07:11.539435Z", "trace_id": "9c7d27d841e547b6b8a5a73bbe605e18"}
api-1       | {"claimed": 27, "event": "outbox_dispatch_batch_completed", "lease_lost": 0, "level": "info", "published": 27, "retry_scheduled": 0, "role": "outbox_dispatcher", "timestamp": "2026-08-07T12:07:11.967429Z"}
api-1       | INFO:     172.18.0.1:59332 - "GET /api/v1/runs/67a10757-1c7e-4b25-8f62-e8d3bae01206 HTTP/1.1" 200 OK
api-1       | {"api_key_prefix": "evk_5237dfcc3619", "duration_ms": 57.037, "event": "http_request_completed", "level": "info", "method": "GET", "outcome": "success", "path": "/api/v1/runs/67a10757-1c7e-4b25-8f62-e8d3bae01206", "request_id": "e24a9216-5654-41f3-8cea-be74e48b1547", "status_code": 200, "tenant_id": "ab5af908-be70-4f29-8729-5ed3535f4689", "timestamp": "2026-08-07T12:07:12.099183Z", "trace_id": "aae1cf5bed0b3f30e6811c65e445dc36"}
api-1       | {"claimed": 31, "event": "outbox_dispatch_batch_completed", "lease_lost": 0, "level": "info", "published": 31, "retry_scheduled": 0, "role": "outbox_dispatcher", "timestamp": "2026-08-07T12:07:12.653508Z"}
api-1       | INFO:     172.18.0.1:59332 - "GET /api/v1/runs/67a10757-1c7e-4b25-8f62-e8d3bae01206 HTTP/1.1" 200 OK
api-1       | {"api_key_prefix": "evk_5237dfcc3619", "duration_ms": 114.965, "event": "http_request_completed", "level": "info", "method": "GET", "outcome": "success", "path": "/api/v1/runs/67a10757-1c7e-4b25-8f62-e8d3bae01206", "request_id": "dc1b5fe3-e8d9-49c0-b660-9325ec37ffae", "status_code": 200, "tenant_id": "ab5af908-be70-4f29-8729-5ed3535f4689", "timestamp": "2026-08-07T12:07:12.716722Z", "trace_id": "fe8c8463d7d4b33a130761534a9bc9a5"}
api-1       | {"event": "Context impl PostgresqlImpl.", "level": "info", "request_id": "cf9b3c64-be9c-48c8-9f84-9aea0d020661", "timestamp": "2026-08-07T12:07:13.145640Z", "trace_id": "d9d2a7d221b080277a47edcf741f1490"}
api-1       | {"event": "Will assume transactional DDL.", "level": "info", "request_id": "cf9b3c64-be9c-48c8-9f84-9aea0d020661", "timestamp": "2026-08-07T12:07:13.145746Z", "trace_id": "d9d2a7d221b080277a47edcf741f1490"}
api-1       | INFO:     127.0.0.1:47794 - "GET /health/ready HTTP/1.1" 200 OK
api-1       | {"duration_ms": 23.243, "event": "http_request_completed", "level": "info", "method": "GET", "outcome": "success", "path": "/health/ready", "request_id": "cf9b3c64-be9c-48c8-9f84-9aea0d020661", "status_code": 200, "timestamp": "2026-08-07T12:07:13.153031Z", "trace_id": "d9d2a7d221b080277a47edcf741f1490"}
api-1       | {"claimed": 29, "event": "outbox_dispatch_batch_completed", "lease_lost": 0, "level": "info", "published": 29, "retry_scheduled": 0, "role": "outbox_dispatcher", "timestamp": "2026-08-07T12:07:13.348041Z"}
api-1       | INFO:     172.18.0.1:59332 - "GET /api/v1/runs/67a10757-1c7e-4b25-8f62-e8d3bae01206 HTTP/1.1" 200 OK
api-1       | {"api_key_prefix": "evk_5237dfcc3619", "duration_ms": 121.299, "event": "http_request_completed", "level": "info", "method": "GET", "outcome": "success", "path": "/api/v1/runs/67a10757-1c7e-4b25-8f62-e8d3bae01206", "request_id": "d4b26423-0e7d-47d9-989a-a29978a290ba", "status_code": 200, "tenant_id": "ab5af908-be70-4f29-8729-5ed3535f4689", "timestamp": "2026-08-07T12:07:13.363508Z", "trace_id": "f6a863dadb81cd2abff39fe0e7a310fa"}
api-1       | {"claimed": 28, "event": "outbox_dispatch_batch_completed", "lease_lost": 0, "level": "info", "published": 28, "retry_scheduled": 0, "role": "outbox_dispatcher", "timestamp": "2026-08-07T12:07:13.993416Z"}
api-1       | INFO:     172.18.0.1:59332 - "GET /api/v1/runs/67a10757-1c7e-4b25-8f62-e8d3bae01206 HTTP/1.1" 200 OK
api-1       | {"api_key_prefix": "evk_5237dfcc3619", "duration_ms": 179.559, "event": "http_request_completed", "level": "info", "method": "GET", "outcome": "success", "path": "/api/v1/runs/67a10757-1c7e-4b25-8f62-e8d3bae01206", "request_id": "e48e3242-dc0f-4528-97b3-bb5b574d0f3c", "status_code": 200, "tenant_id": "ab5af908-be70-4f29-8729-5ed3535f4689", "timestamp": "2026-08-07T12:07:14.056795Z", "trace_id": "18eeb772dd0d22974d3c37573bfe745e"}
api-1       | {"claimed": 28, "event": "outbox_dispatch_batch_completed", "lease_lost": 0, "level": "info", "published": 28, "retry_scheduled": 0, "role": "outbox_dispatcher", "timestamp": "2026-08-07T12:07:14.656343Z"}
api-1       | INFO:     172.18.0.1:59332 - "GET /api/v1/runs/67a10757-1c7e-4b25-8f62-e8d3bae01206 HTTP/1.1" 200 OK
api-1       | {"api_key_prefix": "evk_5237dfcc3619", "duration_ms": 90.872, "event": "http_request_completed", "level": "info", "method": "GET", "outcome": "success", "path": "/api/v1/runs/67a10757-1c7e-4b25-8f62-e8d3bae01206", "request_id": "163c3daa-183b-44d3-9cf9-a6c5acfa1b33", "status_code": 200, "tenant_id": "ab5af908-be70-4f29-8729-5ed3535f4689", "timestamp": "2026-08-07T12:07:14.665529Z", "trace_id": "8d99405489a669becd9eb6652bb29633"}
api-1       | {"claimed": 27, "event": "outbox_dispatch_batch_completed", "lease_lost": 0, "level": "info", "published": 27, "retry_scheduled": 0, "role": "outbox_dispatcher", "timestamp": "2026-08-07T12:07:15.360010Z"}
api-1       | INFO:     172.18.0.1:59332 - "GET /api/v1/runs/67a10757-1c7e-4b25-8f62-e8d3bae01206 HTTP/1.1" 200 OK
api-1       | {"api_key_prefix": "evk_5237dfcc3619", "duration_ms": 200.287, "event": "http_request_completed", "level": "info", "method": "GET", "outcome": "success", "path": "/api/v1/runs/67a10757-1c7e-4b25-8f62-e8d3bae01206", "request_id": "df7b7e71-67c9-4c04-9b33-412f41e0a02f", "status_code": 200, "tenant_id": "ab5af908-be70-4f29-8729-5ed3535f4689", "timestamp": "2026-08-07T12:07:15.368648Z", "trace_id": "3ad44a38f416f14dca8b711acc39fef1"}
api-1       | INFO:     172.18.0.1:59332 - "GET /api/v1/runs/67a10757-1c7e-4b25-8f62-e8d3bae01206 HTTP/1.1" 200 OK
api-1       | {"api_key_prefix": "evk_5237dfcc3619", "duration_ms": 303.962, "event": "http_request_completed", "level": "info", "method": "GET", "outcome": "success", "path": "/api/v1/runs/67a10757-1c7e-4b25-8f62-e8d3bae01206", "request_id": "b8dc3b2b-aa7c-457f-abe6-e5e970d76d35", "status_code": 200, "tenant_id": "ab5af908-be70-4f29-8729-5ed3535f4689", "timestamp": "2026-08-07T12:07:16.175425Z", "trace_id": "98faba135c82977f1a99e3a18941da50"}
api-1       | {"claimed": 31, "event": "outbox_dispatch_batch_completed", "lease_lost": 0, "level": "info", "published": 31, "retry_scheduled": 0, "role": "outbox_dispatcher", "timestamp": "2026-08-07T12:07:16.260508Z"}
api-1       | INFO:     172.18.0.1:59332 - "GET /api/v1/runs/67a10757-1c7e-4b25-8f62-e8d3bae01206 HTTP/1.1" 200 OK
api-1       | {"api_key_prefix": "evk_5237dfcc3619", "duration_ms": 60.181, "event": "http_request_completed", "level": "info", "method": "GET", "outcome": "success", "path": "/api/v1/runs/67a10757-1c7e-4b25-8f62-e8d3bae01206", "request_id": "6700f4c7-fd32-47e8-ad02-72c525680734", "status_code": 200, "tenant_id": "ab5af908-be70-4f29-8729-5ed3535f4689", "timestamp": "2026-08-07T12:07:16.737533Z", "trace_id": "1e04a3bbabbef9cf2e3dad49a5867a25"}
api-1       | {"claimed": 30, "event": "outbox_dispatch_batch_completed", "lease_lost": 0, "level": "info", "published": 30, "retry_scheduled": 0, "role": "outbox_dispatcher", "timestamp": "2026-08-07T12:07:16.889277Z"}
api-1       | INFO:     172.18.0.1:59332 - "GET /api/v1/runs/67a10757-1c7e-4b25-8f62-e8d3bae01206 HTTP/1.1" 200 OK
api-1       | {"api_key_prefix": "evk_5237dfcc3619", "duration_ms": 57.247, "event": "http_request_completed", "level": "info", "method": "GET", "outcome": "success", "path": "/api/v1/runs/67a10757-1c7e-4b25-8f62-e8d3bae01206", "request_id": "337f579e-284a-4a5d-948c-7e8f33bd2d03", "status_code": 200, "tenant_id": "ab5af908-be70-4f29-8729-5ed3535f4689", "timestamp": "2026-08-07T12:07:17.297692Z", "trace_id": "7dd664e76533dc55ae0b36b566a79dc2"}
api-1       | {"claimed": 28, "event": "outbox_dispatch_batch_completed", "lease_lost": 0, "level": "info", "published": 28, "retry_scheduled": 0, "role": "outbox_dispatcher", "timestamp": "2026-08-07T12:07:17.553658Z"}
api-1       | INFO:     172.18.0.1:59332 - "GET /api/v1/runs/67a10757-1c7e-4b25-8f62-e8d3bae01206 HTTP/1.1" 200 OK
api-1       | {"api_key_prefix": "evk_5237dfcc3619", "duration_ms": 58.658, "event": "http_request_completed", "level": "info", "method": "GET", "outcome": "success", "path": "/api/v1/runs/67a10757-1c7e-4b25-8f62-e8d3bae01206", "request_id": "afab7e79-3814-4b7d-b4fb-45b64db01f85", "status_code": 200, "tenant_id": "ab5af908-be70-4f29-8729-5ed3535f4689", "timestamp": "2026-08-07T12:07:17.858964Z", "trace_id": "b5c34b40d2ceb09125ec643c135118d6"}
api-1       | {"claimed": 31, "event": "outbox_dispatch_batch_completed", "lease_lost": 0, "level": "info", "published": 31, "retry_scheduled": 0, "role": "outbox_dispatcher", "timestamp": "2026-08-07T12:07:18.257421Z"}
api-1       | INFO:     172.18.0.1:59332 - "GET /api/v1/runs/67a10757-1c7e-4b25-8f62-e8d3bae01206 HTTP/1.1" 200 OK
api-1       | {"api_key_prefix": "evk_5237dfcc3619", "duration_ms": 85.902, "event": "http_request_completed", "level": "info", "method": "GET", "outcome": "success", "path": "/api/v1/runs/67a10757-1c7e-4b25-8f62-e8d3bae01206", "request_id": "99a5fe91-2999-475f-aaee-07088723d204", "status_code": 200, "tenant_id": "ab5af908-be70-4f29-8729-5ed3535f4689", "timestamp": "2026-08-07T12:07:18.446975Z", "trace_id": "af50ba648c1d0327baac73e42cbc5c5c"}
api-1       | {"event": "Context impl PostgresqlImpl.", "level": "info", "request_id": "7e7d2195-ed71-42f9-aa70-0bcb62196fb7", "timestamp": "2026-08-07T12:07:18.542027Z", "trace_id": "d1be7bde0072174403e0df4e717eb834"}
api-1       | {"event": "Will assume transactional DDL.", "level": "info", "request_id": "7e7d2195-ed71-42f9-aa70-0bcb62196fb7", "timestamp": "2026-08-07T12:07:18.542140Z", "trace_id": "d1be7bde0072174403e0df4e717eb834"}
api-1       | INFO:     127.0.0.1:33892 - "GET /health/ready HTTP/1.1" 200 OK
api-1       | {"duration_ms": 22.157, "event": "http_request_completed", "level": "info", "method": "GET", "outcome": "success", "path": "/health/ready", "request_id": "7e7d2195-ed71-42f9-aa70-0bcb62196fb7", "status_code": 200, "timestamp": "2026-08-07T12:07:18.549493Z", "trace_id": "d1be7bde0072174403e0df4e717eb834"}
api-1       | {"claimed": 30, "event": "outbox_dispatch_batch_completed", "lease_lost": 0, "level": "info", "published": 30, "retry_scheduled": 0, "role": "outbox_dispatcher", "timestamp": "2026-08-07T12:07:18.884657Z"}
api-1       | INFO:     172.18.0.1:59332 - "GET /api/v1/runs/67a10757-1c7e-4b25-8f62-e8d3bae01206 HTTP/1.1" 200 OK
api-1       | {"api_key_prefix": "evk_5237dfcc3619", "duration_ms": 64.91, "event": "http_request_completed", "level": "info", "method": "GET", "outcome": "success", "path": "/api/v1/runs/67a10757-1c7e-4b25-8f62-e8d3bae01206", "request_id": "1f6f5a96-27c8-486b-aa4f-a33d90c7c636", "status_code": 200, "tenant_id": "ab5af908-be70-4f29-8729-5ed3535f4689", "timestamp": "2026-08-07T12:07:19.014959Z", "trace_id": "1506c009fca0d2a780e8400caf58cd71"}
api-1       | {"claimed": 27, "event": "outbox_dispatch_batch_completed", "lease_lost": 0, "level": "info", "published": 27, "retry_scheduled": 0, "role": "outbox_dispatcher", "timestamp": "2026-08-07T12:07:19.551638Z"}
api-1       | INFO:     172.18.0.1:59332 - "GET /api/v1/runs/67a10757-1c7e-4b25-8f62-e8d3bae01206 HTTP/1.1" 200 OK
api-1       | {"api_key_prefix": "evk_5237dfcc3619", "duration_ms": 102.593, "event": "http_request_completed", "level": "info", "method": "GET", "outcome": "success", "path": "/api/v1/runs/67a10757-1c7e-4b25-8f62-e8d3bae01206", "request_id": "26d504f0-7c04-47c1-92ae-7f1d7d830a1a", "status_code": 200, "tenant_id": "ab5af908-be70-4f29-8729-5ed3535f4689", "timestamp": "2026-08-07T12:07:19.619685Z", "trace_id": "15630440dafe2a94b116af2c756602eb"}
api-1       | {"claimed": 31, "event": "outbox_dispatch_batch_completed", "lease_lost": 0, "level": "info", "published": 31, "retry_scheduled": 0, "role": "outbox_dispatcher", "timestamp": "2026-08-07T12:07:20.251939Z"}
api-1       | INFO:     172.18.0.1:59332 - "GET /api/v1/runs/67a10757-1c7e-4b25-8f62-e8d3bae01206 HTTP/1.1" 200 OK
api-1       | {"api_key_prefix": "evk_5237dfcc3619", "duration_ms": 179.759, "event": "http_request_completed", "level": "info", "method": "GET", "outcome": "success", "path": "/api/v1/runs/67a10757-1c7e-4b25-8f62-e8d3bae01206", "request_id": "8bb517ac-754d-432b-8607-44e7bc1f12a6", "status_code": 200, "tenant_id": "ab5af908-be70-4f29-8729-5ed3535f4689", "timestamp": "2026-08-07T12:07:20.315352Z", "trace_id": "e311e104cf6acf00ae04d417e76bf2ec"}
api-1       | {"claimed": 31, "event": "outbox_dispatch_batch_completed", "lease_lost": 0, "level": "info", "published": 31, "retry_scheduled": 0, "role": "outbox_dispatcher", "timestamp": "2026-08-07T12:07:20.890588Z"}
api-1       | INFO:     172.18.0.1:59332 - "GET /api/v1/runs/67a10757-1c7e-4b25-8f62-e8d3bae01206 HTTP/1.1" 200 OK
api-1       | {"api_key_prefix": "evk_5237dfcc3619", "duration_ms": 120.139, "event": "http_request_completed", "level": "info", "method": "GET", "outcome": "success", "path": "/api/v1/runs/67a10757-1c7e-4b25-8f62-e8d3bae01206", "request_id": "71dec2b5-0e64-4f07-b50c-1967d33b4432", "status_code": 200, "tenant_id": "ab5af908-be70-4f29-8729-5ed3535f4689", "timestamp": "2026-08-07T12:07:20.957348Z", "trace_id": "e71a8fc9b95d0cd0c2bbba581e761354"}
api-1       | {"claimed": 29, "event": "outbox_dispatch_batch_completed", "lease_lost": 0, "level": "info", "published": 29, "retry_scheduled": 0, "role": "outbox_dispatcher", "timestamp": "2026-08-07T12:07:21.552920Z"}
api-1       | INFO:     172.18.0.1:59332 - "GET /api/v1/runs/67a10757-1c7e-4b25-8f62-e8d3bae01206 HTTP/1.1" 200 OK
api-1       | {"api_key_prefix": "evk_5237dfcc3619", "duration_ms": 90.786, "event": "http_request_completed", "level": "info", "method": "GET", "outcome": "success", "path": "/api/v1/runs/67a10757-1c7e-4b25-8f62-e8d3bae01206", "request_id": "f811f7a7-ff44-4873-8a88-a47b0ce1eb6c", "status_code": 200, "tenant_id": "ab5af908-be70-4f29-8729-5ed3535f4689", "timestamp": "2026-08-07T12:07:21.566567Z", "trace_id": "57b50e90478a0acfb7ad5a533e7c6f9e"}
api-1       | {"claimed": 29, "event": "outbox_dispatch_batch_completed", "lease_lost": 0, "level": "info", "published": 29, "retry_scheduled": 0, "role": "outbox_dispatcher", "timestamp": "2026-08-07T12:07:22.262290Z"}
api-1       | INFO:     172.18.0.1:59332 - "GET /api/v1/runs/67a10757-1c7e-4b25-8f62-e8d3bae01206 HTTP/1.1" 200 OK
api-1       | {"api_key_prefix": "evk_5237dfcc3619", "duration_ms": 181.576, "event": "http_request_completed", "level": "info", "method": "GET", "outcome": "success", "path": "/api/v1/runs/67a10757-1c7e-4b25-8f62-e8d3bae01206", "request_id": "388b8151-7695-434d-9106-b73ada6e4f2d", "status_code": 200, "tenant_id": "ab5af908-be70-4f29-8729-5ed3535f4689", "timestamp": "2026-08-07T12:07:22.322333Z", "trace_id": "a2a7a15289187dc323f56cb013a9d586"}
api-1       | {"claimed": 32, "event": "outbox_dispatch_batch_completed", "lease_lost": 0, "level": "info", "published": 32, "retry_scheduled": 0, "role": "outbox_dispatcher", "timestamp": "2026-08-07T12:07:22.951105Z"}
api-1       | INFO:     172.18.0.1:59332 - "GET /api/v1/runs/67a10757-1c7e-4b25-8f62-e8d3bae01206 HTTP/1.1" 200 OK
api-1       | {"api_key_prefix": "evk_5237dfcc3619", "duration_ms": 118.062, "event": "http_request_completed", "level": "info", "method": "GET", "outcome": "success", "path": "/api/v1/runs/67a10757-1c7e-4b25-8f62-e8d3bae01206", "request_id": "7d2bd55d-a4ce-41f0-83a6-48d766c9d755", "status_code": 200, "tenant_id": "ab5af908-be70-4f29-8729-5ed3535f4689", "timestamp": "2026-08-07T12:07:22.961860Z", "trace_id": "82baa70c804f7a65738efa15d0069028"}
api-1       | {"claimed": 30, "event": "outbox_dispatch_batch_completed", "lease_lost": 0, "level": "info", "published": 30, "retry_scheduled": 0, "role": "outbox_dispatcher", "timestamp": "2026-08-07T12:07:23.643712Z"}
api-1       | INFO:     172.18.0.1:59332 - "GET /api/v1/runs/67a10757-1c7e-4b25-8f62-e8d3bae01206 HTTP/1.1" 200 OK
api-1       | {"api_key_prefix": "evk_5237dfcc3619", "duration_ms": 198.038, "event": "http_request_completed", "level": "info", "method": "GET", "outcome": "success", "path": "/api/v1/runs/67a10757-1c7e-4b25-8f62-e8d3bae01206", "request_id": "098a0529-3211-4aec-bed8-238568339c18", "status_code": 200, "tenant_id": "ab5af908-be70-4f29-8729-5ed3535f4689", "timestamp": "2026-08-07T12:07:23.662384Z", "trace_id": "03b42e100587bb2e1f3169533e5328ac"}
api-1       | {"event": "Context impl PostgresqlImpl.", "level": "info", "request_id": "239c3777-1859-4a4a-9e80-b84ea9d4912c", "timestamp": "2026-08-07T12:07:23.925815Z", "trace_id": "0126fdf119be8fac36f8dbb160aca044"}
api-1       | {"event": "Will assume transactional DDL.", "level": "info", "request_id": "239c3777-1859-4a4a-9e80-b84ea9d4912c", "timestamp": "2026-08-07T12:07:23.925963Z", "trace_id": "0126fdf119be8fac36f8dbb160aca044"}
api-1       | INFO:     127.0.0.1:33904 - "GET /health/ready HTTP/1.1" 200 OK
api-1       | {"duration_ms": 21.685, "event": "http_request_completed", "level": "info", "method": "GET", "outcome": "success", "path": "/health/ready", "request_id": "239c3777-1859-4a4a-9e80-b84ea9d4912c", "status_code": 200, "timestamp": "2026-08-07T12:07:23.932440Z", "trace_id": "0126fdf119be8fac36f8dbb160aca044"}
api-1       | {"claimed": 32, "event": "outbox_dispatch_batch_completed", "lease_lost": 0, "level": "info", "published": 32, "retry_scheduled": 0, "role": "outbox_dispatcher", "timestamp": "2026-08-07T12:07:24.292386Z"}
api-1       | INFO:     172.18.0.1:59332 - "GET /api/v1/runs/67a10757-1c7e-4b25-8f62-e8d3bae01206 HTTP/1.1" 200 OK
api-1       | {"api_key_prefix": "evk_5237dfcc3619", "duration_ms": 237.763, "event": "http_request_completed", "level": "info", "method": "GET", "outcome": "success", "path": "/api/v1/runs/67a10757-1c7e-4b25-8f62-e8d3bae01206", "request_id": "dc023bd9-559f-4016-a989-9586071af6f9", "status_code": 200, "tenant_id": "ab5af908-be70-4f29-8729-5ed3535f4689", "timestamp": "2026-08-07T12:07:24.420245Z", "trace_id": "e030e6989dca20109b82d5f4f3f0de01"}
api-1       | {"claimed": 29, "event": "outbox_dispatch_batch_completed", "lease_lost": 0, "level": "info", "published": 29, "retry_scheduled": 0, "role": "outbox_dispatcher", "timestamp": "2026-08-07T12:07:24.955570Z"}
api-1       | INFO:     172.18.0.1:59332 - "GET /api/v1/runs/67a10757-1c7e-4b25-8f62-e8d3bae01206 HTTP/1.1" 200 OK
api-1       | {"api_key_prefix": "evk_5237dfcc3619", "duration_ms": 94.047, "event": "http_request_completed", "level": "info", "method": "GET", "outcome": "success", "path": "/api/v1/runs/67a10757-1c7e-4b25-8f62-e8d3bae01206", "request_id": "1f6eddfd-f0c8-4ebb-af6f-6fc196b90ece", "status_code": 200, "tenant_id": "ab5af908-be70-4f29-8729-5ed3535f4689", "timestamp": "2026-08-07T12:07:25.017176Z", "trace_id": "1c683fa162844cb7eee81964ee2da6a8"}
api-1       | {"claimed": 30, "event": "outbox_dispatch_batch_completed", "lease_lost": 0, "level": "info", "published": 30, "retry_scheduled": 0, "role": "outbox_dispatcher", "timestamp": "2026-08-07T12:07:25.596344Z"}
api-1       | INFO:     172.18.0.1:59332 - "GET /api/v1/runs/67a10757-1c7e-4b25-8f62-e8d3bae01206 HTTP/1.1" 200 OK
api-1       | {"api_key_prefix": "evk_5237dfcc3619", "duration_ms": 123.308, "event": "http_request_completed", "level": "info", "method": "GET", "outcome": "success", "path": "/api/v1/runs/67a10757-1c7e-4b25-8f62-e8d3bae01206", "request_id": "b50e97df-f8c7-4349-aec3-7b26533db66d", "status_code": 200, "tenant_id": "ab5af908-be70-4f29-8729-5ed3535f4689", "timestamp": "2026-08-07T12:07:25.654768Z", "trace_id": "03f8cfc4f1340f4d14fd75eaa6eba26e"}
api-1       | {"claimed": 29, "event": "outbox_dispatch_batch_completed", "lease_lost": 0, "level": "info", "published": 29, "retry_scheduled": 0, "role": "outbox_dispatcher", "timestamp": "2026-08-07T12:07:26.255862Z"}
api-1       | INFO:     172.18.0.1:59332 - "GET /api/v1/runs/67a10757-1c7e-4b25-8f62-e8d3bae01206 HTTP/1.1" 200 OK
api-1       | {"api_key_prefix": "evk_5237dfcc3619", "duration_ms": 147.895, "event": "http_request_completed", "level": "info", "method": "GET", "outcome": "success", "path": "/api/v1/runs/67a10757-1c7e-4b25-8f62-e8d3bae01206", "request_id": "feea5f9a-0820-4302-b57a-b485a973a192", "status_code": 200, "tenant_id": "ab5af908-be70-4f29-8729-5ed3535f4689", "timestamp": "2026-08-07T12:07:26.320073Z", "trace_id": "3ad1a34e14cd0c6fd9fa429a033e1eb3"}
api-1       | {"claimed": 30, "event": "outbox_dispatch_batch_completed", "lease_lost": 0, "level": "info", "published": 30, "retry_scheduled": 0, "role": "outbox_dispatcher", "timestamp": "2026-08-07T12:07:26.879147Z"}
api-1       | INFO:     172.18.0.1:59332 - "GET /api/v1/runs/67a10757-1c7e-4b25-8f62-e8d3bae01206 HTTP/1.1" 200 OK
api-1       | {"api_key_prefix": "evk_5237dfcc3619", "duration_ms": 115.139, "event": "http_request_completed", "level": "info", "method": "GET", "outcome": "success", "path": "/api/v1/runs/67a10757-1c7e-4b25-8f62-e8d3bae01206", "request_id": "2ecc923b-f6bd-47fb-a96a-2199e963b821", "status_code": 200, "tenant_id": "ab5af908-be70-4f29-8729-5ed3535f4689", "timestamp": "2026-08-07T12:07:26.953390Z", "trace_id": "02648fd0012a3d8a90c4fac9923a65b6"}
api-1       | {"claimed": 28, "event": "outbox_dispatch_batch_completed", "lease_lost": 0, "level": "info", "published": 28, "retry_scheduled": 0, "role": "outbox_dispatcher", "timestamp": "2026-08-07T12:07:27.508572Z"}
api-1       | INFO:     172.18.0.1:59332 - "GET /api/v1/runs/67a10757-1c7e-4b25-8f62-e8d3bae01206 HTTP/1.1" 200 OK
api-1       | {"api_key_prefix": "evk_5237dfcc3619", "duration_ms": 93.568, "event": "http_request_completed", "level": "info", "method": "GET", "outcome": "success", "path": "/api/v1/runs/67a10757-1c7e-4b25-8f62-e8d3bae01206", "request_id": "ab61391d-1039-44e6-8013-94675b6bb73c", "status_code": 200, "tenant_id": "ab5af908-be70-4f29-8729-5ed3535f4689", "timestamp": "2026-08-07T12:07:27.560341Z", "trace_id": "3894d6090fe36e02b14638b549ac1c41"}
api-1       | {"claimed": 30, "event": "outbox_dispatch_batch_completed", "lease_lost": 0, "level": "info", "published": 30, "retry_scheduled": 0, "role": "outbox_dispatcher", "timestamp": "2026-08-07T12:07:28.167258Z"}
api-1       | INFO:     172.18.0.1:59332 - "GET /api/v1/runs/67a10757-1c7e-4b25-8f62-e8d3bae01206 HTTP/1.1" 200 OK
api-1       | {"api_key_prefix": "evk_5237dfcc3619", "duration_ms": 87.565, "event": "http_request_completed", "level": "info", "method": "GET", "outcome": "success", "path": "/api/v1/runs/67a10757-1c7e-4b25-8f62-e8d3bae01206", "request_id": "c907b72c-632a-4cec-925b-6df035beb632", "status_code": 200, "tenant_id": "ab5af908-be70-4f29-8729-5ed3535f4689", "timestamp": "2026-08-07T12:07:28.179720Z", "trace_id": "da2d433bcb9125e3c8f98a9d768a3a9a"}
api-1       | {"claimed": 30, "event": "outbox_dispatch_batch_completed", "lease_lost": 0, "level": "info", "published": 30, "retry_scheduled": 0, "role": "outbox_dispatcher", "timestamp": "2026-08-07T12:07:28.789671Z"}
api-1       | INFO:     172.18.0.1:59332 - "GET /api/v1/runs/67a10757-1c7e-4b25-8f62-e8d3bae01206 HTTP/1.1" 200 OK
api-1       | {"api_key_prefix": "evk_5237dfcc3619", "duration_ms": 168.231, "event": "http_request_completed", "level": "info", "method": "GET", "outcome": "success", "path": "/api/v1/runs/67a10757-1c7e-4b25-8f62-e8d3bae01206", "request_id": "07491465-014f-4c51-8eab-9c4db0a5526b", "status_code": 200, "tenant_id": "ab5af908-be70-4f29-8729-5ed3535f4689", "timestamp": "2026-08-07T12:07:28.859871Z", "trace_id": "ab3a61bf894b3ff6772016036cf2027d"}
api-1       | {"event": "Context impl PostgresqlImpl.", "level": "info", "request_id": "61e5cde0-88f1-41d4-a485-687899f8582f", "timestamp": "2026-08-07T12:07:29.233029Z", "trace_id": "85c12bd71a1083591fe54b07ccd321f9"}
api-1       | {"event": "Will assume transactional DDL.", "level": "info", "request_id": "61e5cde0-88f1-41d4-a485-687899f8582f", "timestamp": "2026-08-07T12:07:29.233136Z", "trace_id": "85c12bd71a1083591fe54b07ccd321f9"}
api-1       | INFO:     127.0.0.1:52486 - "GET /health/ready HTTP/1.1" 200 OK
api-1       | {"duration_ms": 21.641, "event": "http_request_completed", "level": "info", "method": "GET", "outcome": "success", "path": "/health/ready", "request_id": "61e5cde0-88f1-41d4-a485-687899f8582f", "status_code": 200, "timestamp": "2026-08-07T12:07:29.239629Z", "trace_id": "85c12bd71a1083591fe54b07ccd321f9"}
api-1       | {"claimed": 27, "event": "outbox_dispatch_batch_completed", "lease_lost": 0, "level": "info", "published": 27, "retry_scheduled": 0, "role": "outbox_dispatcher", "timestamp": "2026-08-07T12:07:29.457479Z"}
api-1       | INFO:     172.18.0.1:59332 - "GET /api/v1/runs/67a10757-1c7e-4b25-8f62-e8d3bae01206 HTTP/1.1" 200 OK
api-1       | {"api_key_prefix": "evk_5237dfcc3619", "duration_ms": 96.811, "event": "http_request_completed", "level": "info", "method": "GET", "outcome": "success", "path": "/api/v1/runs/67a10757-1c7e-4b25-8f62-e8d3bae01206", "request_id": "a4c1a02a-910a-456d-864f-f82037203c72", "status_code": 200, "tenant_id": "ab5af908-be70-4f29-8729-5ed3535f4689", "timestamp": "2026-08-07T12:07:29.470777Z", "trace_id": "07432ad0d46abc0908faac9f2ea18b5d"}
api-1       | {"claimed": 31, "event": "outbox_dispatch_batch_completed", "lease_lost": 0, "level": "info", "published": 31, "retry_scheduled": 0, "role": "outbox_dispatcher", "timestamp": "2026-08-07T12:07:30.151363Z"}
api-1       | INFO:     172.18.0.1:59332 - "GET /api/v1/runs/67a10757-1c7e-4b25-8f62-e8d3bae01206 HTTP/1.1" 200 OK
api-1       | {"api_key_prefix": "evk_5237dfcc3619", "duration_ms": 187.843, "event": "http_request_completed", "level": "info", "method": "GET", "outcome": "success", "path": "/api/v1/runs/67a10757-1c7e-4b25-8f62-e8d3bae01206", "request_id": "467d598c-0e0f-4e1f-a663-de51c9a602d4", "status_code": 200, "tenant_id": "ab5af908-be70-4f29-8729-5ed3535f4689", "timestamp": "2026-08-07T12:07:30.162288Z", "trace_id": "345846b1f4ace72fd36b6dfb842b80a8"}
api-1       | {"claimed": 32, "event": "outbox_dispatch_batch_completed", "lease_lost": 0, "level": "info", "published": 32, "retry_scheduled": 0, "role": "outbox_dispatcher", "timestamp": "2026-08-07T12:07:30.900914Z"}
api-1       | INFO:     172.18.0.1:59332 - "GET /api/v1/runs/67a10757-1c7e-4b25-8f62-e8d3bae01206 HTTP/1.1" 200 OK
api-1       | {"api_key_prefix": "evk_5237dfcc3619", "duration_ms": 242.458, "event": "http_request_completed", "level": "info", "method": "GET", "outcome": "success", "path": "/api/v1/runs/67a10757-1c7e-4b25-8f62-e8d3bae01206", "request_id": "531dbab0-7b39-461d-96ed-08edfdeefd54", "status_code": 200, "tenant_id": "ab5af908-be70-4f29-8729-5ed3535f4689", "timestamp": "2026-08-07T12:07:30.906400Z", "trace_id": "ac81e307ddab44a2fbb88e00daf4026a"}
api-1       | {"claimed": 36, "event": "outbox_dispatch_batch_completed", "lease_lost": 0, "level": "info", "published": 36, "retry_scheduled": 0, "role": "outbox_dispatcher", "timestamp": "2026-08-07T12:07:31.584272Z"}
api-1       | INFO:     172.18.0.1:59332 - "GET /api/v1/runs/67a10757-1c7e-4b25-8f62-e8d3bae01206 HTTP/1.1" 200 OK
api-1       | {"api_key_prefix": "evk_5237dfcc3619", "duration_ms": 184.669, "event": "http_request_completed", "level": "info", "method": "GET", "outcome": "success", "path": "/api/v1/runs/67a10757-1c7e-4b25-8f62-e8d3bae01206", "request_id": "4676af4f-0f60-4fcc-95c8-1934716e3117", "status_code": 200, "tenant_id": "ab5af908-be70-4f29-8729-5ed3535f4689", "timestamp": "2026-08-07T12:07:31.595134Z", "trace_id": "c777375bb1a26ea9639760f34f71d7fc"}
api-1       | {"claimed": 34, "event": "outbox_dispatch_batch_completed", "lease_lost": 0, "level": "info", "published": 34, "retry_scheduled": 0, "role": "outbox_dispatcher", "timestamp": "2026-08-07T12:07:32.269570Z"}
api-1       | INFO:     172.18.0.1:59332 - "GET /api/v1/runs/67a10757-1c7e-4b25-8f62-e8d3bae01206 HTTP/1.1" 200 OK
api-1       | {"api_key_prefix": "evk_5237dfcc3619", "duration_ms": 174.061, "event": "http_request_completed", "level": "info", "method": "GET", "outcome": "success", "path": "/api/v1/runs/67a10757-1c7e-4b25-8f62-e8d3bae01206", "request_id": "9f3d4239-254a-4155-9e57-5f2190194605", "status_code": 200, "tenant_id": "ab5af908-be70-4f29-8729-5ed3535f4689", "timestamp": "2026-08-07T12:07:32.272705Z", "trace_id": "2d37d5af5db0130dcb86d803545e634f"}
api-1       | {"claimed": 32, "event": "outbox_dispatch_batch_completed", "lease_lost": 0, "level": "info", "published": 32, "retry_scheduled": 0, "role": "outbox_dispatcher", "timestamp": "2026-08-07T12:07:32.952924Z"}
api-1       | INFO:     172.18.0.1:59332 - "GET /api/v1/runs/67a10757-1c7e-4b25-8f62-e8d3bae01206 HTTP/1.1" 200 OK
api-1       | {"api_key_prefix": "evk_5237dfcc3619", "duration_ms": 184.254, "event": "http_request_completed", "level": "info", "method": "GET", "outcome": "success", "path": "/api/v1/runs/67a10757-1c7e-4b25-8f62-e8d3bae01206", "request_id": "def00140-23cc-48bb-83b1-c0e82765c392", "status_code": 200, "tenant_id": "ab5af908-be70-4f29-8729-5ed3535f4689", "timestamp": "2026-08-07T12:07:32.960297Z", "trace_id": "56202d36cfbb4ed140ddfb70d6686703"}
api-1       | {"claimed": 11, "event": "outbox_dispatch_batch_completed", "lease_lost": 0, "level": "info", "published": 11, "retry_scheduled": 0, "role": "outbox_dispatcher", "timestamp": "2026-08-07T12:07:33.523800Z"}
api-1       | INFO:     172.18.0.1:59332 - "GET /api/v1/runs/67a10757-1c7e-4b25-8f62-e8d3bae01206 HTTP/1.1" 200 OK
api-1       | {"api_key_prefix": "evk_5237dfcc3619", "duration_ms": 112.502, "event": "http_request_completed", "level": "info", "method": "GET", "outcome": "success", "path": "/api/v1/runs/67a10757-1c7e-4b25-8f62-e8d3bae01206", "request_id": "82c53117-8364-46c5-806f-3221c67dcb11", "status_code": 200, "tenant_id": "ab5af908-be70-4f29-8729-5ed3535f4689", "timestamp": "2026-08-07T12:07:33.578757Z", "trace_id": "4d9d18d6e4c557e9d396a6cb27368591"}
api-1       | INFO:     172.18.0.1:59332 - "GET /api/v1/runs/67a10757-1c7e-4b25-8f62-e8d3bae01206 HTTP/1.1" 200 OK
api-1       | {"api_key_prefix": "evk_5237dfcc3619", "duration_ms": 61.953, "event": "http_request_completed", "level": "info", "method": "GET", "outcome": "success", "path": "/api/v1/runs/67a10757-1c7e-4b25-8f62-e8d3bae01206", "request_id": "2ca7593c-86b1-4e98-a212-08ede4aa326a", "status_code": 200, "tenant_id": "ab5af908-be70-4f29-8729-5ed3535f4689", "timestamp": "2026-08-07T12:07:34.143555Z", "trace_id": "de36837b5d10fc2afa7afb8583387c2a"}
api-1       | INFO:     172.18.0.1:59332 - "GET /api/v1/runs/67a10757-1c7e-4b25-8f62-e8d3bae01206/cases?limit=200&sort=case_id HTTP/1.1" 200 OK
api-1       | {"api_key_prefix": "evk_5237dfcc3619", "duration_ms": 76.482, "event": "http_request_completed", "level": "info", "method": "GET", "outcome": "success", "path": "/api/v1/runs/67a10757-1c7e-4b25-8f62-e8d3bae01206/cases", "request_id": "be290720-bfac-458d-ae72-4c0c506073d3", "status_code": 200, "tenant_id": "ab5af908-be70-4f29-8729-5ed3535f4689", "timestamp": "2026-08-07T12:07:34.221774Z", "trace_id": "fa51e79bacfb0be0f7e5df471e564297"}
api-1       | INFO:     172.18.0.1:59332 - "GET /api/v1/runs/67a10757-1c7e-4b25-8f62-e8d3bae01206/cases?limit=200&sort=case_id&cursor=eyJkaXJlY3Rpb24iOiJhc2MiLCJlcnJvcl9jb2RlIjpudWxsLCJqb2JfaWQiOiI5NTAzOTMzZS0xNTQ4LTQxZmMtYmQ4My1iZjIwYzFlOGQ4OGYiLCJtZXRyaWMiOm51bGwsInNvcnQiOiJjYXNlX2lkIiwic3RhdHVzIjpudWxsLCJ2IjoxLCJ2YWx1ZSI6ImxvYWQtMDE5OSJ9 HTTP/1.1" 200 OK
api-1       | {"api_key_prefix": "evk_5237dfcc3619", "duration_ms": 90.644, "event": "http_request_completed", "level": "info", "method": "GET", "outcome": "success", "path": "/api/v1/runs/67a10757-1c7e-4b25-8f62-e8d3bae01206/cases", "request_id": "2a7561d6-c286-4b07-98da-ec1aab74cf61", "status_code": 200, "tenant_id": "ab5af908-be70-4f29-8729-5ed3535f4689", "timestamp": "2026-08-07T12:07:34.315175Z", "trace_id": "07ebfcfe0b84cbf124cf791bff995aeb"}
api-1       | INFO:     172.18.0.1:59332 - "GET /api/v1/runs/67a10757-1c7e-4b25-8f62-e8d3bae01206/cases?limit=200&sort=case_id&cursor=eyJkaXJlY3Rpb24iOiJhc2MiLCJlcnJvcl9jb2RlIjpudWxsLCJqb2JfaWQiOiJjYjU4YWEzMC0yMzEzLTQwNjktOTA2OC0yZDYwYWQ4YWFiODAiLCJtZXRyaWMiOm51bGwsInNvcnQiOiJjYXNlX2lkIiwic3RhdHVzIjpudWxsLCJ2IjoxLCJ2YWx1ZSI6ImxvYWQtMDM5OSJ9 HTTP/1.1" 200 OK
api-1       | {"api_key_prefix": "evk_5237dfcc3619", "duration_ms": 119.298, "event": "http_request_completed", "level": "info", "method": "GET", "outcome": "success", "path": "/api/v1/runs/67a10757-1c7e-4b25-8f62-e8d3bae01206/cases", "request_id": "ed535959-86ec-4333-a4c8-0f734e837871", "status_code": 200, "tenant_id": "ab5af908-be70-4f29-8729-5ed3535f4689", "timestamp": "2026-08-07T12:07:34.437422Z", "trace_id": "bfb306d0eae3a6681466e89c75231ffe"}
api-1       | {"claimed": 3, "event": "outbox_dispatch_batch_completed", "lease_lost": 0, "level": "info", "published": 3, "retry_scheduled": 0, "role": "outbox_dispatcher", "timestamp": "2026-08-07T12:07:34.556558Z"}
api-1       | {"event": "Context impl PostgresqlImpl.", "level": "info", "request_id": "3d8149ed-8777-47b5-b3bf-df4bf649c209", "timestamp": "2026-08-07T12:07:34.830278Z", "trace_id": "a6e42b73bbf2a284d81386d906462eab"}
api-1       | {"event": "Will assume transactional DDL.", "level": "info", "request_id": "3d8149ed-8777-47b5-b3bf-df4bf649c209", "timestamp": "2026-08-07T12:07:34.830390Z", "trace_id": "a6e42b73bbf2a284d81386d906462eab"}
api-1       | INFO:     127.0.0.1:52508 - "GET /health/ready HTTP/1.1" 200 OK
api-1       | {"duration_ms": 27.7, "event": "http_request_completed", "level": "info", "method": "GET", "outcome": "success", "path": "/health/ready", "request_id": "3d8149ed-8777-47b5-b3bf-df4bf649c209", "status_code": 200, "timestamp": "2026-08-07T12:07:34.838157Z", "trace_id": "a6e42b73bbf2a284d81386d906462eab"}
api-1       | INFO:     127.0.0.1:52516 - "GET /metrics HTTP/1.1" 200 OK
api-1       | {"duration_ms": 11.142, "event": "http_request_completed", "level": "info", "method": "GET", "outcome": "success", "path": "/metrics", "request_id": "9b5fbc2b-1c61-4c3d-a348-4b3ceecd53e0", "status_code": 200, "timestamp": "2026-08-07T12:07:35.026977Z", "trace_id": "c6300e8601c0441315bee34728e1bf3b"}
api-1       | INFO:     172.18.0.1:59332 - "POST /api/v1/runs HTTP/1.1" 202 Accepted
api-1       | {"api_key_prefix": "evk_5237dfcc3619", "duration_ms": 78.286, "event": "http_request_completed", "level": "info", "method": "POST", "outcome": "success", "path": "/api/v1/runs", "request_id": "619dfb74-d995-4fe9-a15a-0362418fe2d7", "status_code": 202, "tenant_id": "ab5af908-be70-4f29-8729-5ed3535f4689", "timestamp": "2026-08-07T12:07:38.688053Z", "trace_id": "dec3cc700e1f27ec37e797fc03a52c7e"}
api-1       | INFO:     172.18.0.1:59332 - "GET /api/v1/runs/39160b49-72ff-42a8-9646-612a0bb542ae HTTP/1.1" 200 OK
api-1       | {"api_key_prefix": "evk_5237dfcc3619", "duration_ms": 53.795, "event": "http_request_completed", "level": "info", "method": "GET", "outcome": "success", "path": "/api/v1/runs/39160b49-72ff-42a8-9646-612a0bb542ae", "request_id": "68027410-6382-4073-8083-740d79ba9ec9", "status_code": 200, "tenant_id": "ab5af908-be70-4f29-8729-5ed3535f4689", "timestamp": "2026-08-07T12:07:38.743521Z", "trace_id": "25324b58b63f6949f44215a14be68e9b"}
api-1       | INFO:     172.18.0.1:59332 - "GET /api/v1/runs/39160b49-72ff-42a8-9646-612a0bb542ae HTTP/1.1" 200 OK
api-1       | {"api_key_prefix": "evk_5237dfcc3619", "duration_ms": 55.674, "event": "http_request_completed", "level": "info", "method": "GET", "outcome": "success", "path": "/api/v1/runs/39160b49-72ff-42a8-9646-612a0bb542ae", "request_id": "c89fea42-7916-4781-a986-a5dc23172c9c", "status_code": 200, "tenant_id": "ab5af908-be70-4f29-8729-5ed3535f4689", "timestamp": "2026-08-07T12:07:39.301761Z", "trace_id": "76704497fd53d1135e5cc58e0842d3fb"}
api-1       | {"claimed": 24, "event": "outbox_dispatch_batch_completed", "lease_lost": 0, "level": "info", "published": 24, "retry_scheduled": 0, "role": "outbox_dispatcher", "timestamp": "2026-08-07T12:07:39.753648Z"}
api-1       | INFO:     172.18.0.1:59332 - "GET /api/v1/runs/39160b49-72ff-42a8-9646-612a0bb542ae HTTP/1.1" 200 OK
api-1       | {"api_key_prefix": "evk_5237dfcc3619", "duration_ms": 65.398, "event": "http_request_completed", "level": "info", "method": "GET", "outcome": "success", "path": "/api/v1/runs/39160b49-72ff-42a8-9646-612a0bb542ae", "request_id": "a4495d53-bdac-495b-93cd-370b9984d936", "status_code": 200, "tenant_id": "ab5af908-be70-4f29-8729-5ed3535f4689", "timestamp": "2026-08-07T12:07:39.869432Z", "trace_id": "a5dc73baddf368e9e8c2da532378d4f0"}
api-1       | {"event": "Context impl PostgresqlImpl.", "level": "info", "request_id": "99dd2bcf-0dcf-40ba-8beb-28c45be26edc", "timestamp": "2026-08-07T12:07:40.154572Z", "trace_id": "fc06ff94e7357b8d08ab1b1db471b180"}
api-1       | {"event": "Will assume transactional DDL.", "level": "info", "request_id": "99dd2bcf-0dcf-40ba-8beb-28c45be26edc", "timestamp": "2026-08-07T12:07:40.154693Z", "trace_id": "fc06ff94e7357b8d08ab1b1db471b180"}
api-1       | INFO:     127.0.0.1:33488 - "GET /health/ready HTTP/1.1" 200 OK
api-1       | {"duration_ms": 21.519, "event": "http_request_completed", "level": "info", "method": "GET", "outcome": "success", "path": "/health/ready", "request_id": "99dd2bcf-0dcf-40ba-8beb-28c45be26edc", "status_code": 200, "timestamp": "2026-08-07T12:07:40.161500Z", "trace_id": "fc06ff94e7357b8d08ab1b1db471b180"}
api-1       | {"claimed": 30, "event": "outbox_dispatch_batch_completed", "lease_lost": 0, "level": "info", "published": 30, "retry_scheduled": 0, "role": "outbox_dispatcher", "timestamp": "2026-08-07T12:07:40.376808Z"}
api-1       | INFO:     172.18.0.1:59332 - "GET /api/v1/runs/39160b49-72ff-42a8-9646-612a0bb542ae HTTP/1.1" 200 OK
api-1       | {"api_key_prefix": "evk_5237dfcc3619", "duration_ms": 64.207, "event": "http_request_completed", "level": "info", "method": "GET", "outcome": "success", "path": "/api/v1/runs/39160b49-72ff-42a8-9646-612a0bb542ae", "request_id": "453268e9-610e-49ab-b089-35ff30ac4135", "status_code": 200, "tenant_id": "ab5af908-be70-4f29-8729-5ed3535f4689", "timestamp": "2026-08-07T12:07:40.437343Z", "trace_id": "724d136140ff2793eba3c8d2fb6fb4c7"}
api-1       | {"claimed": 30, "event": "outbox_dispatch_batch_completed", "lease_lost": 0, "level": "info", "published": 30, "retry_scheduled": 0, "role": "outbox_dispatcher", "timestamp": "2026-08-07T12:07:41.048883Z"}
api-1       | INFO:     172.18.0.1:59332 - "GET /api/v1/runs/39160b49-72ff-42a8-9646-612a0bb542ae HTTP/1.1" 200 OK
api-1       | {"api_key_prefix": "evk_5237dfcc3619", "duration_ms": 105.81, "event": "http_request_completed", "level": "info", "method": "GET", "outcome": "success", "path": "/api/v1/runs/39160b49-72ff-42a8-9646-612a0bb542ae", "request_id": "e8bc2cc4-6544-471f-aee5-b023f419c510", "status_code": 200, "tenant_id": "ab5af908-be70-4f29-8729-5ed3535f4689", "timestamp": "2026-08-07T12:07:41.061258Z", "trace_id": "d07ed629053b4fbfb9a8b876307e3aea"}
api-1       | {"claimed": 18, "event": "outbox_dispatch_batch_completed", "lease_lost": 0, "level": "info", "published": 18, "retry_scheduled": 0, "role": "outbox_dispatcher", "timestamp": "2026-08-07T12:07:41.663362Z"}
api-1       | INFO:     172.18.0.1:59332 - "GET /api/v1/runs/39160b49-72ff-42a8-9646-612a0bb542ae HTTP/1.1" 200 OK
api-1       | {"api_key_prefix": "evk_5237dfcc3619", "duration_ms": 126.56, "event": "http_request_completed", "level": "info", "method": "GET", "outcome": "success", "path": "/api/v1/runs/39160b49-72ff-42a8-9646-612a0bb542ae", "request_id": "a18fa9ce-b058-441b-9bbd-03e353cd50f8", "status_code": 200, "tenant_id": "ab5af908-be70-4f29-8729-5ed3535f4689", "timestamp": "2026-08-07T12:07:41.700897Z", "trace_id": "f7b465ab26823f1d4cf8f8481714fb84"}
api-1       | INFO:     172.18.0.1:59332 - "GET /api/v1/runs/39160b49-72ff-42a8-9646-612a0bb542ae/cases?limit=200&sort=case_id HTTP/1.1" 200 OK
api-1       | {"api_key_prefix": "evk_5237dfcc3619", "duration_ms": 66.261, "event": "http_request_completed", "level": "info", "method": "GET", "outcome": "success", "path": "/api/v1/runs/39160b49-72ff-42a8-9646-612a0bb542ae/cases", "request_id": "ec042c2a-fee6-4deb-85cf-ba7cc04b9252", "status_code": 200, "tenant_id": "ab5af908-be70-4f29-8729-5ed3535f4689", "timestamp": "2026-08-07T12:07:41.768927Z", "trace_id": "461fe9b3651447cd9ef2178364526549"}
api-1       | INFO:     127.0.0.1:33500 - "GET /metrics HTTP/1.1" 200 OK
api-1       | {"duration_ms": 13.645, "event": "http_request_completed", "level": "info", "method": "GET", "outcome": "success", "path": "/metrics", "request_id": "0b57a785-59a3-4367-af4c-9e7407cfc023", "status_code": 200, "timestamp": "2026-08-07T12:07:42.170004Z", "trace_id": "e3597922f24b04f38eb21f5f23648bc7"}
api-1       | INFO:     172.18.0.1:59332 - "POST /api/v1/runs HTTP/1.1" 202 Accepted
api-1       | {"api_key_prefix": "evk_5237dfcc3619", "duration_ms": 250.188, "event": "http_request_completed", "level": "info", "method": "POST", "outcome": "success", "path": "/api/v1/runs", "request_id": "7ed4fdc4-2967-47be-aed0-dbcbec22abe1", "status_code": 202, "tenant_id": "ab5af908-be70-4f29-8729-5ed3535f4689", "timestamp": "2026-08-07T12:07:43.030907Z", "trace_id": "b6ee9e7f5a5945860efbc7cb3623f23d"}
api-1       | INFO:     172.18.0.1:59332 - "GET /api/v1/runs/780fa3c2-9cac-4744-a306-309b281effaa HTTP/1.1" 200 OK
api-1       | {"api_key_prefix": "evk_5237dfcc3619", "duration_ms": 53.472, "event": "http_request_completed", "level": "info", "method": "GET", "outcome": "success", "path": "/api/v1/runs/780fa3c2-9cac-4744-a306-309b281effaa", "request_id": "a492dcff-6e36-4534-b129-91b83a45110b", "status_code": 200, "tenant_id": "ab5af908-be70-4f29-8729-5ed3535f4689", "timestamp": "2026-08-07T12:07:43.086089Z", "trace_id": "54b25f9693788fa66d1e3b45487c77f9"}
api-1       | INFO:     172.18.0.1:59332 - "GET /api/v1/runs/780fa3c2-9cac-4744-a306-309b281effaa HTTP/1.1" 200 OK
api-1       | {"api_key_prefix": "evk_5237dfcc3619", "duration_ms": 57.823, "event": "http_request_completed", "level": "info", "method": "GET", "outcome": "success", "path": "/api/v1/runs/780fa3c2-9cac-4744-a306-309b281effaa", "request_id": "350310bc-24e3-4be0-8ef1-53076706944f", "status_code": 200, "tenant_id": "ab5af908-be70-4f29-8729-5ed3535f4689", "timestamp": "2026-08-07T12:07:43.646528Z", "trace_id": "7a40df0194829e4fc5a1a9e1b9168978"}
api-1       | {"claimed": 19, "event": "outbox_dispatch_batch_completed", "lease_lost": 0, "level": "info", "published": 19, "retry_scheduled": 0, "role": "outbox_dispatcher", "timestamp": "2026-08-07T12:07:43.852215Z"}
api-1       | INFO:     172.18.0.1:59332 - "GET /api/v1/runs/780fa3c2-9cac-4744-a306-309b281effaa HTTP/1.1" 200 OK
api-1       | {"api_key_prefix": "evk_5237dfcc3619", "duration_ms": 59.564, "event": "http_request_completed", "level": "info", "method": "GET", "outcome": "success", "path": "/api/v1/runs/780fa3c2-9cac-4744-a306-309b281effaa", "request_id": "2d09d783-278d-4e8e-9430-750d4686d860", "status_code": 200, "tenant_id": "ab5af908-be70-4f29-8729-5ed3535f4689", "timestamp": "2026-08-07T12:07:44.208651Z", "trace_id": "8c5e1a1e28c132dec1fd04fb1981f32f"}
api-1       | {"claimed": 29, "event": "outbox_dispatch_batch_completed", "lease_lost": 0, "level": "info", "published": 29, "retry_scheduled": 0, "role": "outbox_dispatcher", "timestamp": "2026-08-07T12:07:44.478356Z"}
api-1       | INFO:     172.18.0.1:59332 - "GET /api/v1/runs/780fa3c2-9cac-4744-a306-309b281effaa HTTP/1.1" 200 OK
api-1       | {"api_key_prefix": "evk_5237dfcc3619", "duration_ms": 59.693, "event": "http_request_completed", "level": "info", "method": "GET", "outcome": "success", "path": "/api/v1/runs/780fa3c2-9cac-4744-a306-309b281effaa", "request_id": "208db8e2-e097-4a28-b578-d4a0aa940bfb", "status_code": 200, "tenant_id": "ab5af908-be70-4f29-8729-5ed3535f4689", "timestamp": "2026-08-07T12:07:44.771145Z", "trace_id": "c989ce88a9753ca08a6958fda08f5c7e"}
api-1       | {"claimed": 30, "event": "outbox_dispatch_batch_completed", "lease_lost": 0, "level": "info", "published": 30, "retry_scheduled": 0, "role": "outbox_dispatcher", "timestamp": "2026-08-07T12:07:45.152589Z"}
api-1       | INFO:     172.18.0.1:59332 - "GET /api/v1/runs/780fa3c2-9cac-4744-a306-309b281effaa HTTP/1.1" 200 OK
api-1       | {"api_key_prefix": "evk_5237dfcc3619", "duration_ms": 74.932, "event": "http_request_completed", "level": "info", "method": "GET", "outcome": "success", "path": "/api/v1/runs/780fa3c2-9cac-4744-a306-309b281effaa", "request_id": "9fdbb15c-93f5-4c0a-a413-2f0230dc14fb", "status_code": 200, "tenant_id": "ab5af908-be70-4f29-8729-5ed3535f4689", "timestamp": "2026-08-07T12:07:45.348765Z", "trace_id": "3657440c0a5726952622b07340e037bf"}
api-1       | {"event": "Context impl PostgresqlImpl.", "level": "info", "request_id": "5b13be34-291e-4067-861d-5141182c7476", "timestamp": "2026-08-07T12:07:45.545643Z", "trace_id": "3b81029ae54f2f98301f10535966b4fe"}
api-1       | {"event": "Will assume transactional DDL.", "level": "info", "request_id": "5b13be34-291e-4067-861d-5141182c7476", "timestamp": "2026-08-07T12:07:45.545782Z", "trace_id": "3b81029ae54f2f98301f10535966b4fe"}
api-1       | INFO:     127.0.0.1:33520 - "GET /health/ready HTTP/1.1" 200 OK
api-1       | {"duration_ms": 24.868, "event": "http_request_completed", "level": "info", "method": "GET", "outcome": "success", "path": "/health/ready", "request_id": "5b13be34-291e-4067-861d-5141182c7476", "status_code": 200, "timestamp": "2026-08-07T12:07:45.554182Z", "trace_id": "3b81029ae54f2f98301f10535966b4fe"}
api-1       | {"claimed": 28, "event": "outbox_dispatch_batch_completed", "lease_lost": 0, "level": "info", "published": 28, "retry_scheduled": 0, "role": "outbox_dispatcher", "timestamp": "2026-08-07T12:07:45.778059Z"}
api-1       | INFO:     172.18.0.1:59332 - "GET /api/v1/runs/780fa3c2-9cac-4744-a306-309b281effaa HTTP/1.1" 200 OK
api-1       | {"api_key_prefix": "evk_5237dfcc3619", "duration_ms": 57.758, "event": "http_request_completed", "level": "info", "method": "GET", "outcome": "success", "path": "/api/v1/runs/780fa3c2-9cac-4744-a306-309b281effaa", "request_id": "5cf4dda5-1573-4366-baf7-1cad37e95764", "status_code": 200, "tenant_id": "ab5af908-be70-4f29-8729-5ed3535f4689", "timestamp": "2026-08-07T12:07:45.910293Z", "trace_id": "308021373b4e920516a06a4cc29a01e7"}
api-1       | {"claimed": 26, "event": "outbox_dispatch_batch_completed", "lease_lost": 0, "level": "info", "published": 26, "retry_scheduled": 0, "role": "outbox_dispatcher", "timestamp": "2026-08-07T12:07:46.449625Z"}
api-1       | INFO:     172.18.0.1:59332 - "GET /api/v1/runs/780fa3c2-9cac-4744-a306-309b281effaa HTTP/1.1" 200 OK
api-1       | {"api_key_prefix": "evk_5237dfcc3619", "duration_ms": 109.532, "event": "http_request_completed", "level": "info", "method": "GET", "outcome": "success", "path": "/api/v1/runs/780fa3c2-9cac-4744-a306-309b281effaa", "request_id": "93737a17-a137-41a9-9f15-b182509ba2e2", "status_code": 200, "tenant_id": "ab5af908-be70-4f29-8729-5ed3535f4689", "timestamp": "2026-08-07T12:07:46.522436Z", "trace_id": "7a474f0b0fa7b05e27126f570d29d665"}
api-1       | {"claimed": 30, "event": "outbox_dispatch_batch_completed", "lease_lost": 0, "level": "info", "published": 30, "retry_scheduled": 0, "role": "outbox_dispatcher", "timestamp": "2026-08-07T12:07:47.077269Z"}
api-1       | INFO:     172.18.0.1:59332 - "GET /api/v1/runs/780fa3c2-9cac-4744-a306-309b281effaa HTTP/1.1" 200 OK
api-1       | {"api_key_prefix": "evk_5237dfcc3619", "duration_ms": 110.511, "event": "http_request_completed", "level": "info", "method": "GET", "outcome": "success", "path": "/api/v1/runs/780fa3c2-9cac-4744-a306-309b281effaa", "request_id": "f23e096a-3c35-41b8-9bfd-2e7bbc86da4a", "status_code": 200, "tenant_id": "ab5af908-be70-4f29-8729-5ed3535f4689", "timestamp": "2026-08-07T12:07:47.148228Z", "trace_id": "e114706380142e6f3e9da48c75373d14"}
api-1       | {"claimed": 30, "event": "outbox_dispatch_batch_completed", "lease_lost": 0, "level": "info", "published": 30, "retry_scheduled": 0, "role": "outbox_dispatcher", "timestamp": "2026-08-07T12:07:47.759175Z"}
api-1       | INFO:     172.18.0.1:59332 - "GET /api/v1/runs/780fa3c2-9cac-4744-a306-309b281effaa HTTP/1.1" 200 OK
api-1       | {"api_key_prefix": "evk_5237dfcc3619", "duration_ms": 149.538, "event": "http_request_completed", "level": "info", "method": "GET", "outcome": "success", "path": "/api/v1/runs/780fa3c2-9cac-4744-a306-309b281effaa", "request_id": "0b622348-703c-47de-a560-f780caa69999", "status_code": 200, "tenant_id": "ab5af908-be70-4f29-8729-5ed3535f4689", "timestamp": "2026-08-07T12:07:47.813983Z", "trace_id": "d9ffffec039407b953e8d7b8adc8ecd8"}
api-1       | {"claimed": 30, "event": "outbox_dispatch_batch_completed", "lease_lost": 0, "level": "info", "published": 30, "retry_scheduled": 0, "role": "outbox_dispatcher", "timestamp": "2026-08-07T12:07:48.387403Z"}
api-1       | INFO:     172.18.0.1:59332 - "GET /api/v1/runs/780fa3c2-9cac-4744-a306-309b281effaa HTTP/1.1" 200 OK
api-1       | {"api_key_prefix": "evk_5237dfcc3619", "duration_ms": 116.715, "event": "http_request_completed", "level": "info", "method": "GET", "outcome": "success", "path": "/api/v1/runs/780fa3c2-9cac-4744-a306-309b281effaa", "request_id": "22df983e-a94b-40a0-9800-10bd54822c7e", "status_code": 200, "tenant_id": "ab5af908-be70-4f29-8729-5ed3535f4689", "timestamp": "2026-08-07T12:07:48.455497Z", "trace_id": "79b88f267d6750a9040bf8208000eafb"}
api-1       | {"claimed": 28, "event": "outbox_dispatch_batch_completed", "lease_lost": 0, "level": "info", "published": 28, "retry_scheduled": 0, "role": "outbox_dispatcher", "timestamp": "2026-08-07T12:07:49.076200Z"}
api-1       | INFO:     172.18.0.1:59332 - "GET /api/v1/runs/780fa3c2-9cac-4744-a306-309b281effaa HTTP/1.1" 200 OK
api-1       | {"api_key_prefix": "evk_5237dfcc3619", "duration_ms": 173.62, "event": "http_request_completed", "level": "info", "method": "GET", "outcome": "success", "path": "/api/v1/runs/780fa3c2-9cac-4744-a306-309b281effaa", "request_id": "7349b3d3-d39a-41db-9743-19f4eaa7b40f", "status_code": 200, "tenant_id": "ab5af908-be70-4f29-8729-5ed3535f4689", "timestamp": "2026-08-07T12:07:49.155686Z", "trace_id": "d7ef5bdf0db9d42d7da749e2fc0c6284"}
api-1       | {"claimed": 30, "event": "outbox_dispatch_batch_completed", "lease_lost": 0, "level": "info", "published": 30, "retry_scheduled": 0, "role": "outbox_dispatcher", "timestamp": "2026-08-07T12:07:49.753644Z"}
api-1       | INFO:     172.18.0.1:59332 - "GET /api/v1/runs/780fa3c2-9cac-4744-a306-309b281effaa HTTP/1.1" 200 OK
api-1       | {"api_key_prefix": "evk_5237dfcc3619", "duration_ms": 97.706, "event": "http_request_completed", "level": "info", "method": "GET", "outcome": "success", "path": "/api/v1/runs/780fa3c2-9cac-4744-a306-309b281effaa", "request_id": "80988c01-e513-4e99-95b1-e7f4c1747103", "status_code": 200, "tenant_id": "ab5af908-be70-4f29-8729-5ed3535f4689", "timestamp": "2026-08-07T12:07:49.761493Z", "trace_id": "623a9e15a58ea1187a408c2a93a5f1ee"}
api-1       | {"claimed": 30, "event": "outbox_dispatch_batch_completed", "lease_lost": 0, "level": "info", "published": 30, "retry_scheduled": 0, "role": "outbox_dispatcher", "timestamp": "2026-08-07T12:07:50.453654Z"}
api-1       | INFO:     172.18.0.1:59332 - "GET /api/v1/runs/780fa3c2-9cac-4744-a306-309b281effaa HTTP/1.1" 200 OK
api-1       | {"api_key_prefix": "evk_5237dfcc3619", "duration_ms": 197.749, "event": "http_request_completed", "level": "info", "method": "GET", "outcome": "success", "path": "/api/v1/runs/780fa3c2-9cac-4744-a306-309b281effaa", "request_id": "5c5c2201-ec92-4e8f-b74f-457beaca552a", "status_code": 200, "tenant_id": "ab5af908-be70-4f29-8729-5ed3535f4689", "timestamp": "2026-08-07T12:07:50.462083Z", "trace_id": "d150e9ab2be3fe570c53f6ebbff90053"}
api-1       | {"event": "Context impl PostgresqlImpl.", "level": "info", "request_id": "a447d209-0fb8-49e4-a0ac-eaea7cb0ba4f", "timestamp": "2026-08-07T12:07:50.859979Z", "trace_id": "b2ee0f2e8cdfb0202671e1726e8903b1"}
api-1       | {"event": "Will assume transactional DDL.", "level": "info", "request_id": "a447d209-0fb8-49e4-a0ac-eaea7cb0ba4f", "timestamp": "2026-08-07T12:07:50.860100Z", "trace_id": "b2ee0f2e8cdfb0202671e1726e8903b1"}
api-1       | INFO:     127.0.0.1:44360 - "GET /health/ready HTTP/1.1" 200 OK
api-1       | {"duration_ms": 23.839, "event": "http_request_completed", "level": "info", "method": "GET", "outcome": "success", "path": "/health/ready", "request_id": "a447d209-0fb8-49e4-a0ac-eaea7cb0ba4f", "status_code": 200, "timestamp": "2026-08-07T12:07:50.866871Z", "trace_id": "b2ee0f2e8cdfb0202671e1726e8903b1"}
api-1       | {"claimed": 32, "event": "outbox_dispatch_batch_completed", "lease_lost": 0, "level": "info", "published": 32, "retry_scheduled": 0, "role": "outbox_dispatcher", "timestamp": "2026-08-07T12:07:51.107339Z"}
api-1       | INFO:     172.18.0.1:59332 - "GET /api/v1/runs/780fa3c2-9cac-4744-a306-309b281effaa HTTP/1.1" 200 OK
api-1       | {"api_key_prefix": "evk_5237dfcc3619", "duration_ms": 191.819, "event": "http_request_completed", "level": "info", "method": "GET", "outcome": "success", "path": "/api/v1/runs/780fa3c2-9cac-4744-a306-309b281effaa", "request_id": "43813249-6ea7-4b2c-a8bc-a42794d1632c", "status_code": 200, "tenant_id": "ab5af908-be70-4f29-8729-5ed3535f4689", "timestamp": "2026-08-07T12:07:51.157359Z", "trace_id": "9113717ea0016316616f00148e7eb4fe"}
api-1       | {"claimed": 30, "event": "outbox_dispatch_batch_completed", "lease_lost": 0, "level": "info", "published": 30, "retry_scheduled": 0, "role": "outbox_dispatcher", "timestamp": "2026-08-07T12:07:51.761562Z"}
api-1       | INFO:     172.18.0.1:59332 - "GET /api/v1/runs/780fa3c2-9cac-4744-a306-309b281effaa HTTP/1.1" 200 OK
api-1       | {"api_key_prefix": "evk_5237dfcc3619", "duration_ms": 137.517, "event": "http_request_completed", "level": "info", "method": "GET", "outcome": "success", "path": "/api/v1/runs/780fa3c2-9cac-4744-a306-309b281effaa", "request_id": "26c6c368-9db0-4a38-b481-aba0ed33e43a", "status_code": 200, "tenant_id": "ab5af908-be70-4f29-8729-5ed3535f4689", "timestamp": "2026-08-07T12:07:51.823567Z", "trace_id": "139a3972219f1752c29921e108018673"}
api-1       | {"claimed": 30, "event": "outbox_dispatch_batch_completed", "lease_lost": 0, "level": "info", "published": 30, "retry_scheduled": 0, "role": "outbox_dispatcher", "timestamp": "2026-08-07T12:07:52.452467Z"}
api-1       | INFO:     172.18.0.1:59332 - "GET /api/v1/runs/780fa3c2-9cac-4744-a306-309b281effaa HTTP/1.1" 200 OK
api-1       | {"api_key_prefix": "evk_5237dfcc3619", "duration_ms": 114.979, "event": "http_request_completed", "level": "info", "method": "GET", "outcome": "success", "path": "/api/v1/runs/780fa3c2-9cac-4744-a306-309b281effaa", "request_id": "563fee1c-28fe-4651-9a59-34484e9f8607", "status_code": 200, "tenant_id": "ab5af908-be70-4f29-8729-5ed3535f4689", "timestamp": "2026-08-07T12:07:52.462732Z", "trace_id": "cb5e0b92237dbc2c3fca5c286dd2a970"}
api-1       | {"claimed": 30, "event": "outbox_dispatch_batch_completed", "lease_lost": 0, "level": "info", "published": 30, "retry_scheduled": 0, "role": "outbox_dispatcher", "timestamp": "2026-08-07T12:07:53.078515Z"}
api-1       | INFO:     172.18.0.1:59332 - "GET /api/v1/runs/780fa3c2-9cac-4744-a306-309b281effaa HTTP/1.1" 200 OK
api-1       | {"api_key_prefix": "evk_5237dfcc3619", "duration_ms": 172.632, "event": "http_request_completed", "level": "info", "method": "GET", "outcome": "success", "path": "/api/v1/runs/780fa3c2-9cac-4744-a306-309b281effaa", "request_id": "419e9b99-f4f0-488b-b001-8a21b473f1ce", "status_code": 200, "tenant_id": "ab5af908-be70-4f29-8729-5ed3535f4689", "timestamp": "2026-08-07T12:07:53.150051Z", "trace_id": "7c8b76a45d158714a72b06be9fd35930"}
api-1       | {"claimed": 30, "event": "outbox_dispatch_batch_completed", "lease_lost": 0, "level": "info", "published": 30, "retry_scheduled": 0, "role": "outbox_dispatcher", "timestamp": "2026-08-07T12:07:53.754949Z"}
api-1       | INFO:     172.18.0.1:59332 - "GET /api/v1/runs/780fa3c2-9cac-4744-a306-309b281effaa HTTP/1.1" 200 OK
api-1       | {"api_key_prefix": "evk_5237dfcc3619", "duration_ms": 109.845, "event": "http_request_completed", "level": "info", "method": "GET", "outcome": "success", "path": "/api/v1/runs/780fa3c2-9cac-4744-a306-309b281effaa", "request_id": "4b4913b4-44d4-4bd8-8cef-d8a2c184bd64", "status_code": 200, "tenant_id": "ab5af908-be70-4f29-8729-5ed3535f4689", "timestamp": "2026-08-07T12:07:53.770186Z", "trace_id": "6a726830164de5d38f8aca4d21ec45f4"}
api-1       | {"claimed": 29, "event": "outbox_dispatch_batch_completed", "lease_lost": 0, "level": "info", "published": 29, "retry_scheduled": 0, "role": "outbox_dispatcher", "timestamp": "2026-08-07T12:07:54.447862Z"}
api-1       | INFO:     172.18.0.1:59332 - "GET /api/v1/runs/780fa3c2-9cac-4744-a306-309b281effaa HTTP/1.1" 200 OK
api-1       | {"api_key_prefix": "evk_5237dfcc3619", "duration_ms": 157.129, "event": "http_request_completed", "level": "info", "method": "GET", "outcome": "success", "path": "/api/v1/runs/780fa3c2-9cac-4744-a306-309b281effaa", "request_id": "30837701-3a4d-4511-a5e5-71e0bcbfd7a5", "status_code": 200, "tenant_id": "ab5af908-be70-4f29-8729-5ed3535f4689", "timestamp": "2026-08-07T12:07:54.452160Z", "trace_id": "cfbec487be81928b9f149db3443e4ab3"}
api-1       | {"claimed": 31, "event": "outbox_dispatch_batch_completed", "lease_lost": 0, "level": "info", "published": 31, "retry_scheduled": 0, "role": "outbox_dispatcher", "timestamp": "2026-08-07T12:07:55.081311Z"}
api-1       | INFO:     172.18.0.1:59332 - "GET /api/v1/runs/780fa3c2-9cac-4744-a306-309b281effaa HTTP/1.1" 200 OK
api-1       | {"api_key_prefix": "evk_5237dfcc3619", "duration_ms": 198.589, "event": "http_request_completed", "level": "info", "method": "GET", "outcome": "success", "path": "/api/v1/runs/780fa3c2-9cac-4744-a306-309b281effaa", "request_id": "a122b21f-c257-49e0-918e-799fce417dc0", "status_code": 200, "tenant_id": "ab5af908-be70-4f29-8729-5ed3535f4689", "timestamp": "2026-08-07T12:07:55.153632Z", "trace_id": "1f601376860815d39caedea015c091b1"}
api-1       | {"claimed": 26, "event": "outbox_dispatch_batch_completed", "lease_lost": 0, "level": "info", "published": 26, "retry_scheduled": 0, "role": "outbox_dispatcher", "timestamp": "2026-08-07T12:07:55.697818Z"}
api-1       | INFO:     172.18.0.1:59332 - "GET /api/v1/runs/780fa3c2-9cac-4744-a306-309b281effaa HTTP/1.1" 200 OK
api-1       | {"api_key_prefix": "evk_5237dfcc3619", "duration_ms": 97.335, "event": "http_request_completed", "level": "info", "method": "GET", "outcome": "success", "path": "/api/v1/runs/780fa3c2-9cac-4744-a306-309b281effaa", "request_id": "42f675a6-f4f2-4fb2-90ec-906a16a63c1b", "status_code": 200, "tenant_id": "ab5af908-be70-4f29-8729-5ed3535f4689", "timestamp": "2026-08-07T12:07:55.760433Z", "trace_id": "67b6aeb2cb3253f00bf0601cd884aa65"}
api-1       | {"event": "Context impl PostgresqlImpl.", "level": "info", "request_id": "511dff4b-3857-4d36-95b6-7fca60c95399", "timestamp": "2026-08-07T12:07:56.191385Z", "trace_id": "ffc9a10ae0309dd0f98567ffb79d4dfd"}
api-1       | {"event": "Will assume transactional DDL.", "level": "info", "request_id": "511dff4b-3857-4d36-95b6-7fca60c95399", "timestamp": "2026-08-07T12:07:56.191513Z", "trace_id": "ffc9a10ae0309dd0f98567ffb79d4dfd"}
api-1       | INFO:     127.0.0.1:43156 - "GET /health/ready HTTP/1.1" 200 OK
api-1       | {"duration_ms": 22.113, "event": "http_request_completed", "level": "info", "method": "GET", "outcome": "success", "path": "/health/ready", "request_id": "511dff4b-3857-4d36-95b6-7fca60c95399", "status_code": 200, "timestamp": "2026-08-07T12:07:56.198332Z", "trace_id": "ffc9a10ae0309dd0f98567ffb79d4dfd"}
api-1       | {"claimed": 26, "event": "outbox_dispatch_batch_completed", "lease_lost": 0, "level": "info", "published": 26, "retry_scheduled": 0, "role": "outbox_dispatcher", "timestamp": "2026-08-07T12:07:56.366605Z"}
api-1       | INFO:     172.18.0.1:59332 - "GET /api/v1/runs/780fa3c2-9cac-4744-a306-309b281effaa HTTP/1.1" 200 OK
api-1       | {"api_key_prefix": "evk_5237dfcc3619", "duration_ms": 122.255, "event": "http_request_completed", "level": "info", "method": "GET", "outcome": "success", "path": "/api/v1/runs/780fa3c2-9cac-4744-a306-309b281effaa", "request_id": "db69da35-2995-4442-a4ae-6b69a6897272", "status_code": 200, "tenant_id": "ab5af908-be70-4f29-8729-5ed3535f4689", "timestamp": "2026-08-07T12:07:56.408677Z", "trace_id": "f95775984ebfd94b69e54e7be4f7a08a"}
api-1       | {"claimed": 28, "event": "outbox_dispatch_batch_completed", "lease_lost": 0, "level": "info", "published": 28, "retry_scheduled": 0, "role": "outbox_dispatcher", "timestamp": "2026-08-07T12:07:56.980935Z"}
api-1       | INFO:     172.18.0.1:59332 - "GET /api/v1/runs/780fa3c2-9cac-4744-a306-309b281effaa HTTP/1.1" 200 OK
api-1       | {"api_key_prefix": "evk_5237dfcc3619", "duration_ms": 187.263, "event": "http_request_completed", "level": "info", "method": "GET", "outcome": "success", "path": "/api/v1/runs/780fa3c2-9cac-4744-a306-309b281effaa", "request_id": "8c6601b0-db66-4f93-be5a-5f755ddd7457", "status_code": 200, "tenant_id": "ab5af908-be70-4f29-8729-5ed3535f4689", "timestamp": "2026-08-07T12:07:57.107266Z", "trace_id": "7bd78c54ee6962a5d07e6f3a0281cc88"}
api-1       | {"claimed": 26, "event": "outbox_dispatch_batch_completed", "lease_lost": 0, "level": "info", "published": 26, "retry_scheduled": 0, "role": "outbox_dispatcher", "timestamp": "2026-08-07T12:07:57.661258Z"}
api-1       | INFO:     172.18.0.1:59332 - "GET /api/v1/runs/780fa3c2-9cac-4744-a306-309b281effaa HTTP/1.1" 200 OK
api-1       | {"api_key_prefix": "evk_5237dfcc3619", "duration_ms": 105.357, "event": "http_request_completed", "level": "info", "method": "GET", "outcome": "success", "path": "/api/v1/runs/780fa3c2-9cac-4744-a306-309b281effaa", "request_id": "c9cc330b-51fb-49b2-a7ec-a5df8eb62430", "status_code": 200, "tenant_id": "ab5af908-be70-4f29-8729-5ed3535f4689", "timestamp": "2026-08-07T12:07:57.716825Z", "trace_id": "6d1ef45d1793911d8b0825ff4149a374"}
api-1       | {"claimed": 32, "event": "outbox_dispatch_batch_completed", "lease_lost": 0, "level": "info", "published": 32, "retry_scheduled": 0, "role": "outbox_dispatcher", "timestamp": "2026-08-07T12:07:58.291341Z"}
api-1       | INFO:     172.18.0.1:59332 - "GET /api/v1/runs/780fa3c2-9cac-4744-a306-309b281effaa HTTP/1.1" 200 OK
api-1       | {"api_key_prefix": "evk_5237dfcc3619", "duration_ms": 162.453, "event": "http_request_completed", "level": "info", "method": "GET", "outcome": "success", "path": "/api/v1/runs/780fa3c2-9cac-4744-a306-309b281effaa", "request_id": "ac28e55c-ad75-4c63-b959-2106feeb7c3e", "status_code": 200, "tenant_id": "ab5af908-be70-4f29-8729-5ed3535f4689", "timestamp": "2026-08-07T12:07:58.403822Z", "trace_id": "e15bc942d653c591424dba84937e4233"}
api-1       | {"claimed": 26, "event": "outbox_dispatch_batch_completed", "lease_lost": 0, "level": "info", "published": 26, "retry_scheduled": 0, "role": "outbox_dispatcher", "timestamp": "2026-08-07T12:07:58.973047Z"}
api-1       | INFO:     172.18.0.1:59332 - "GET /api/v1/runs/780fa3c2-9cac-4744-a306-309b281effaa HTTP/1.1" 200 OK
api-1       | {"api_key_prefix": "evk_5237dfcc3619", "duration_ms": 119.465, "event": "http_request_completed", "level": "info", "method": "GET", "outcome": "success", "path": "/api/v1/runs/780fa3c2-9cac-4744-a306-309b281effaa", "request_id": "88b63e40-4272-4c8f-80be-a57b8ea50bf3", "status_code": 200, "tenant_id": "ab5af908-be70-4f29-8729-5ed3535f4689", "timestamp": "2026-08-07T12:07:59.035620Z", "trace_id": "d260aad6664c8117c70a25f67cf71e17"}
api-1       | {"claimed": 34, "event": "outbox_dispatch_batch_completed", "lease_lost": 0, "level": "info", "published": 34, "retry_scheduled": 0, "role": "outbox_dispatcher", "timestamp": "2026-08-07T12:07:59.661554Z"}
api-1       | INFO:     172.18.0.1:59332 - "GET /api/v1/runs/780fa3c2-9cac-4744-a306-309b281effaa HTTP/1.1" 200 OK
api-1       | {"api_key_prefix": "evk_5237dfcc3619", "duration_ms": 113.937, "event": "http_request_completed", "level": "info", "method": "GET", "outcome": "success", "path": "/api/v1/runs/780fa3c2-9cac-4744-a306-309b281effaa", "request_id": "5a92d213-02d6-4bad-adee-6a6a05b81cc9", "status_code": 200, "tenant_id": "ab5af908-be70-4f29-8729-5ed3535f4689", "timestamp": "2026-08-07T12:07:59.669772Z", "trace_id": "145436058b2028a9adbb1cc07db14f58"}
api-1       | {"claimed": 32, "event": "outbox_dispatch_batch_completed", "lease_lost": 0, "level": "info", "published": 32, "retry_scheduled": 0, "role": "outbox_dispatcher", "timestamp": "2026-08-07T12:08:00.356969Z"}
api-1       | INFO:     172.18.0.1:59332 - "GET /api/v1/runs/780fa3c2-9cac-4744-a306-309b281effaa HTTP/1.1" 200 OK
api-1       | {"api_key_prefix": "evk_5237dfcc3619", "duration_ms": 187.315, "event": "http_request_completed", "level": "info", "method": "GET", "outcome": "success", "path": "/api/v1/runs/780fa3c2-9cac-4744-a306-309b281effaa", "request_id": "9d005b36-c933-47be-8a2b-5a7dfe09396b", "status_code": 200, "tenant_id": "ab5af908-be70-4f29-8729-5ed3535f4689", "timestamp": "2026-08-07T12:08:00.360615Z", "trace_id": "7d99dc5d334bc1473654c16fea336eac"}
api-1       | {"claimed": 34, "event": "outbox_dispatch_batch_completed", "lease_lost": 0, "level": "info", "published": 34, "retry_scheduled": 0, "role": "outbox_dispatcher", "timestamp": "2026-08-07T12:08:01.049065Z"}
api-1       | INFO:     172.18.0.1:59332 - "GET /api/v1/runs/780fa3c2-9cac-4744-a306-309b281effaa HTTP/1.1" 200 OK
api-1       | {"api_key_prefix": "evk_5237dfcc3619", "duration_ms": 195.68, "event": "http_request_completed", "level": "info", "method": "GET", "outcome": "success", "path": "/api/v1/runs/780fa3c2-9cac-4744-a306-309b281effaa", "request_id": "6f360707-ac1d-4085-b088-1d933e2b1b32", "status_code": 200, "tenant_id": "ab5af908-be70-4f29-8729-5ed3535f4689", "timestamp": "2026-08-07T12:08:01.059958Z", "trace_id": "a968515ddb5893eca4002d6074fffe1e"}
api-1       | {"event": "Context impl PostgresqlImpl.", "level": "info", "request_id": "c91b0419-b892-4041-a21e-1209907fa7c0", "timestamp": "2026-08-07T12:08:01.509602Z", "trace_id": "c2e01892a13202df8b17da93253c255b"}
api-1       | {"event": "Will assume transactional DDL.", "level": "info", "request_id": "c91b0419-b892-4041-a21e-1209907fa7c0", "timestamp": "2026-08-07T12:08:01.509715Z", "trace_id": "c2e01892a13202df8b17da93253c255b"}
api-1       | INFO:     127.0.0.1:43172 - "GET /health/ready HTTP/1.1" 200 OK
api-1       | {"duration_ms": 22.967, "event": "http_request_completed", "level": "info", "method": "GET", "outcome": "success", "path": "/health/ready", "request_id": "c91b0419-b892-4041-a21e-1209907fa7c0", "status_code": 200, "timestamp": "2026-08-07T12:08:01.516972Z", "trace_id": "c2e01892a13202df8b17da93253c255b"}
api-1       | {"claimed": 30, "event": "outbox_dispatch_batch_completed", "lease_lost": 0, "level": "info", "published": 30, "retry_scheduled": 0, "role": "outbox_dispatcher", "timestamp": "2026-08-07T12:08:01.720402Z"}
api-1       | INFO:     172.18.0.1:59332 - "GET /api/v1/runs/780fa3c2-9cac-4744-a306-309b281effaa HTTP/1.1" 200 OK
api-1       | {"api_key_prefix": "evk_5237dfcc3619", "duration_ms": 187.479, "event": "http_request_completed", "level": "info", "method": "GET", "outcome": "success", "path": "/api/v1/runs/780fa3c2-9cac-4744-a306-309b281effaa", "request_id": "80029eab-ddf8-4794-9cfe-7dbdd3fe43bf", "status_code": 200, "tenant_id": "ab5af908-be70-4f29-8729-5ed3535f4689", "timestamp": "2026-08-07T12:08:01.751139Z", "trace_id": "1246dd368f76229a23fe0fb6ef2f8680"}
api-1       | {"claimed": 32, "event": "outbox_dispatch_batch_completed", "lease_lost": 0, "level": "info", "published": 32, "retry_scheduled": 0, "role": "outbox_dispatcher", "timestamp": "2026-08-07T12:08:02.370926Z"}
api-1       | INFO:     172.18.0.1:59332 - "GET /api/v1/runs/780fa3c2-9cac-4744-a306-309b281effaa HTTP/1.1" 200 OK
api-1       | {"api_key_prefix": "evk_5237dfcc3619", "duration_ms": 172.484, "event": "http_request_completed", "level": "info", "method": "GET", "outcome": "success", "path": "/api/v1/runs/780fa3c2-9cac-4744-a306-309b281effaa", "request_id": "e5adf882-7e91-48e8-8f05-cb726affd220", "status_code": 200, "tenant_id": "ab5af908-be70-4f29-8729-5ed3535f4689", "timestamp": "2026-08-07T12:08:02.433931Z", "trace_id": "ef35b90a91c70b443b06b2ff9b10df54"}
api-1       | {"claimed": 30, "event": "outbox_dispatch_batch_completed", "lease_lost": 0, "level": "info", "published": 30, "retry_scheduled": 0, "role": "outbox_dispatcher", "timestamp": "2026-08-07T12:08:03.060759Z"}
api-1       | INFO:     172.18.0.1:59332 - "GET /api/v1/runs/780fa3c2-9cac-4744-a306-309b281effaa HTTP/1.1" 200 OK
api-1       | {"api_key_prefix": "evk_5237dfcc3619", "duration_ms": 104.156, "event": "http_request_completed", "level": "info", "method": "GET", "outcome": "success", "path": "/api/v1/runs/780fa3c2-9cac-4744-a306-309b281effaa", "request_id": "c1d92ce9-301e-4ceb-9d27-c91a02f06d6a", "status_code": 200, "tenant_id": "ab5af908-be70-4f29-8729-5ed3535f4689", "timestamp": "2026-08-07T12:08:03.061609Z", "trace_id": "0a0135d69683f2a68430118d99069a8d"}
api-1       | {"claimed": 32, "event": "outbox_dispatch_batch_completed", "lease_lost": 0, "level": "info", "published": 32, "retry_scheduled": 0, "role": "outbox_dispatcher", "timestamp": "2026-08-07T12:08:03.758146Z"}
api-1       | INFO:     172.18.0.1:59332 - "GET /api/v1/runs/780fa3c2-9cac-4744-a306-309b281effaa HTTP/1.1" 200 OK
api-1       | {"api_key_prefix": "evk_5237dfcc3619", "duration_ms": 207.18, "event": "http_request_completed", "level": "info", "method": "GET", "outcome": "success", "path": "/api/v1/runs/780fa3c2-9cac-4744-a306-309b281effaa", "request_id": "f54c9ecf-f74b-426e-937a-af74fa9176cd", "status_code": 200, "tenant_id": "ab5af908-be70-4f29-8729-5ed3535f4689", "timestamp": "2026-08-07T12:08:03.772179Z", "trace_id": "0403d95230c7d07003e7324493699ee2"}
api-1       | {"claimed": 33, "event": "outbox_dispatch_batch_completed", "lease_lost": 0, "level": "info", "published": 33, "retry_scheduled": 0, "role": "outbox_dispatcher", "timestamp": "2026-08-07T12:08:04.387414Z"}
api-1       | INFO:     172.18.0.1:59332 - "GET /api/v1/runs/780fa3c2-9cac-4744-a306-309b281effaa HTTP/1.1" 200 OK
api-1       | {"api_key_prefix": "evk_5237dfcc3619", "duration_ms": 174.617, "event": "http_request_completed", "level": "info", "method": "GET", "outcome": "success", "path": "/api/v1/runs/780fa3c2-9cac-4744-a306-309b281effaa", "request_id": "72dcf1c0-4729-46da-be20-e4e03decb680", "status_code": 200, "tenant_id": "ab5af908-be70-4f29-8729-5ed3535f4689", "timestamp": "2026-08-07T12:08:04.464293Z", "trace_id": "99b4f1783910f31f49a65d8cd4b24df8"}
api-1       | {"claimed": 27, "event": "outbox_dispatch_batch_completed", "lease_lost": 0, "level": "info", "published": 27, "retry_scheduled": 0, "role": "outbox_dispatcher", "timestamp": "2026-08-07T12:08:05.053930Z"}
api-1       | INFO:     172.18.0.1:59332 - "GET /api/v1/runs/780fa3c2-9cac-4744-a306-309b281effaa HTTP/1.1" 200 OK
api-1       | {"api_key_prefix": "evk_5237dfcc3619", "duration_ms": 92.088, "event": "http_request_completed", "level": "info", "method": "GET", "outcome": "success", "path": "/api/v1/runs/780fa3c2-9cac-4744-a306-309b281effaa", "request_id": "ee132dd1-a716-44df-a2e4-124a40d382cc", "status_code": 200, "tenant_id": "ab5af908-be70-4f29-8729-5ed3535f4689", "timestamp": "2026-08-07T12:08:05.067497Z", "trace_id": "aa027be8d0baca5bcfc2b8f288a95c58"}
api-1       | {"claimed": 30, "event": "outbox_dispatch_batch_completed", "lease_lost": 0, "level": "info", "published": 30, "retry_scheduled": 0, "role": "outbox_dispatcher", "timestamp": "2026-08-07T12:08:05.694470Z"}
api-1       | INFO:     172.18.0.1:59332 - "GET /api/v1/runs/780fa3c2-9cac-4744-a306-309b281effaa HTTP/1.1" 200 OK
api-1       | {"api_key_prefix": "evk_5237dfcc3619", "duration_ms": 186.696, "event": "http_request_completed", "level": "info", "method": "GET", "outcome": "success", "path": "/api/v1/runs/780fa3c2-9cac-4744-a306-309b281effaa", "request_id": "0e06df29-4362-4011-81f5-6403beeb13cc", "status_code": 200, "tenant_id": "ab5af908-be70-4f29-8729-5ed3535f4689", "timestamp": "2026-08-07T12:08:05.761942Z", "trace_id": "7de70987487d964bdf759a32f9aeeeb7"}
api-1       | INFO:     172.18.0.1:59332 - "GET /api/v1/runs/780fa3c2-9cac-4744-a306-309b281effaa/cases?limit=200&sort=case_id HTTP/1.1" 200 OK
api-1       | {"api_key_prefix": "evk_5237dfcc3619", "duration_ms": 75.304, "event": "http_request_completed", "level": "info", "method": "GET", "outcome": "success", "path": "/api/v1/runs/780fa3c2-9cac-4744-a306-309b281effaa/cases", "request_id": "70580732-6e5e-4ad9-a02b-a43e1f3de400", "status_code": 200, "tenant_id": "ab5af908-be70-4f29-8729-5ed3535f4689", "timestamp": "2026-08-07T12:08:05.839290Z", "trace_id": "2630e1cc4bf6f206a7591775276033d8"}
api-1       | INFO:     172.18.0.1:59332 - "GET /api/v1/runs/780fa3c2-9cac-4744-a306-309b281effaa/cases?limit=200&sort=case_id&cursor=eyJkaXJlY3Rpb24iOiJhc2MiLCJlcnJvcl9jb2RlIjpudWxsLCJqb2JfaWQiOiI3OTU5MjgyMS05OWRkLTQ5MjUtYTQ4Ny04NzI0NjUwNTM5MzUiLCJtZXRyaWMiOm51bGwsInNvcnQiOiJjYXNlX2lkIiwic3RhdHVzIjpudWxsLCJ2IjoxLCJ2YWx1ZSI6ImxvYWQtMDE5OSJ9 HTTP/1.1" 200 OK
api-1       | {"api_key_prefix": "evk_5237dfcc3619", "duration_ms": 122.48, "event": "http_request_completed", "level": "info", "method": "GET", "outcome": "success", "path": "/api/v1/runs/780fa3c2-9cac-4744-a306-309b281effaa/cases", "request_id": "ac9103ca-46a9-4dc3-b8bf-f8276ef7bec2", "status_code": 200, "tenant_id": "ab5af908-be70-4f29-8729-5ed3535f4689", "timestamp": "2026-08-07T12:08:05.964429Z", "trace_id": "bbc1dc74dd22f166bab828772cd724b7"}
api-1       | INFO:     172.18.0.1:59332 - "GET /api/v1/runs/780fa3c2-9cac-4744-a306-309b281effaa/cases?limit=200&sort=case_id&cursor=eyJkaXJlY3Rpb24iOiJhc2MiLCJlcnJvcl9jb2RlIjpudWxsLCJqb2JfaWQiOiI0NmFiYWU0My01ZjFjLTQwNGEtOGJmZS0zYjk1NDY2ODA2NDIiLCJtZXRyaWMiOm51bGwsInNvcnQiOiJjYXNlX2lkIiwic3RhdHVzIjpudWxsLCJ2IjoxLCJ2YWx1ZSI6ImxvYWQtMDM5OSJ9 HTTP/1.1" 200 OK
api-1       | {"api_key_prefix": "evk_5237dfcc3619", "duration_ms": 66.302, "event": "http_request_completed", "level": "info", "method": "GET", "outcome": "success", "path": "/api/v1/runs/780fa3c2-9cac-4744-a306-309b281effaa/cases", "request_id": "f46e3389-e730-45b7-85bb-053c9f3432d2", "status_code": 200, "tenant_id": "ab5af908-be70-4f29-8729-5ed3535f4689", "timestamp": "2026-08-07T12:08:06.033386Z", "trace_id": "df94055e391474c5ac62844e58c9b434"}
api-1       | {"claimed": 2, "event": "outbox_dispatch_batch_completed", "lease_lost": 0, "level": "info", "published": 2, "retry_scheduled": 0, "role": "outbox_dispatcher", "timestamp": "2026-08-07T12:08:06.207591Z"}
api-1       | INFO:     127.0.0.1:58296 - "GET /metrics HTTP/1.1" 200 OK
api-1       | {"duration_ms": 11.602, "event": "http_request_completed", "level": "info", "method": "GET", "outcome": "success", "path": "/metrics", "request_id": "23b85586-5032-4b98-b46c-18a82d889bdb", "status_code": 200, "timestamp": "2026-08-07T12:08:06.423659Z", "trace_id": "5977df6f608fac0e25f47ec1ba588a5c"}
api-1       | {"event": "Context impl PostgresqlImpl.", "level": "info", "request_id": "4c95c889-de18-4d92-9442-6ece37488bd3", "timestamp": "2026-08-07T12:08:06.848009Z", "trace_id": "1991d80d0a54882f577cd94866901803"}
api-1       | {"event": "Will assume transactional DDL.", "level": "info", "request_id": "4c95c889-de18-4d92-9442-6ece37488bd3", "timestamp": "2026-08-07T12:08:06.848115Z", "trace_id": "1991d80d0a54882f577cd94866901803"}
api-1       | INFO:     127.0.0.1:58304 - "GET /health/ready HTTP/1.1" 200 OK
api-1       | {"duration_ms": 24.887, "event": "http_request_completed", "level": "info", "method": "GET", "outcome": "success", "path": "/health/ready", "request_id": "4c95c889-de18-4d92-9442-6ece37488bd3", "status_code": 200, "timestamp": "2026-08-07T12:08:06.858022Z", "trace_id": "1991d80d0a54882f577cd94866901803"}
api-1       | INFO:     172.18.0.1:59332 - "POST /api/v1/runs HTTP/1.1" 202 Accepted
api-1       | {"api_key_prefix": "evk_5237dfcc3619", "duration_ms": 89.527, "event": "http_request_completed", "level": "info", "method": "POST", "outcome": "success", "path": "/api/v1/runs", "request_id": "1c2ea560-1834-44b7-b488-c69fc13da5b0", "status_code": 202, "tenant_id": "ab5af908-be70-4f29-8729-5ed3535f4689", "timestamp": "2026-08-07T12:08:09.928968Z", "trace_id": "70370294e95e23dbcbe0a8113c25d67d"}
api-1       | INFO:     172.18.0.1:59332 - "GET /api/v1/runs/baa8eba3-c336-41ce-af47-0b8f616314a6 HTTP/1.1" 200 OK
api-1       | {"api_key_prefix": "evk_5237dfcc3619", "duration_ms": 54.612, "event": "http_request_completed", "level": "info", "method": "GET", "outcome": "success", "path": "/api/v1/runs/baa8eba3-c336-41ce-af47-0b8f616314a6", "request_id": "ba6910e3-050d-4bb7-9992-39d571375c18", "status_code": 200, "tenant_id": "ab5af908-be70-4f29-8729-5ed3535f4689", "timestamp": "2026-08-07T12:08:09.985377Z", "trace_id": "a594c7940f12681259b698fe436088ed"}
api-1       | {"claimed": 4, "event": "outbox_dispatch_batch_completed", "lease_lost": 0, "level": "info", "published": 4, "retry_scheduled": 0, "role": "outbox_dispatcher", "timestamp": "2026-08-07T12:08:10.252091Z"}
api-1       | INFO:     172.18.0.1:59332 - "GET /api/v1/runs/baa8eba3-c336-41ce-af47-0b8f616314a6 HTTP/1.1" 200 OK
api-1       | {"api_key_prefix": "evk_5237dfcc3619", "duration_ms": 57.304, "event": "http_request_completed", "level": "info", "method": "GET", "outcome": "success", "path": "/api/v1/runs/baa8eba3-c336-41ce-af47-0b8f616314a6", "request_id": "5765af9b-dd50-438c-9798-f41a6388fc59", "status_code": 200, "tenant_id": "ab5af908-be70-4f29-8729-5ed3535f4689", "timestamp": "2026-08-07T12:08:10.545588Z", "trace_id": "54be31a65f8b570112d4453e20ef5bbd"}
api-1       | {"claimed": 24, "event": "outbox_dispatch_batch_completed", "lease_lost": 0, "level": "info", "published": 24, "retry_scheduled": 0, "role": "outbox_dispatcher", "timestamp": "2026-08-07T12:08:10.897940Z"}
api-1       | INFO:     172.18.0.1:59332 - "GET /api/v1/runs/baa8eba3-c336-41ce-af47-0b8f616314a6 HTTP/1.1" 200 OK
api-1       | {"api_key_prefix": "evk_5237dfcc3619", "duration_ms": 72.226, "event": "http_request_completed", "level": "info", "method": "GET", "outcome": "success", "path": "/api/v1/runs/baa8eba3-c336-41ce-af47-0b8f616314a6", "request_id": "6f12dedc-21f5-463c-8740-bbaf8e6657e5", "status_code": 200, "tenant_id": "ab5af908-be70-4f29-8729-5ed3535f4689", "timestamp": "2026-08-07T12:08:11.120278Z", "trace_id": "cf03189576ed279af6b638763366c363"}
api-1       | {"claimed": 41, "event": "outbox_dispatch_batch_completed", "lease_lost": 0, "level": "info", "published": 41, "retry_scheduled": 0, "role": "outbox_dispatcher", "timestamp": "2026-08-07T12:08:11.578702Z"}
api-1       | INFO:     172.18.0.1:59332 - "GET /api/v1/runs/baa8eba3-c336-41ce-af47-0b8f616314a6 HTTP/1.1" 200 OK
api-1       | {"api_key_prefix": "evk_5237dfcc3619", "duration_ms": 65.968, "event": "http_request_completed", "level": "info", "method": "GET", "outcome": "success", "path": "/api/v1/runs/baa8eba3-c336-41ce-af47-0b8f616314a6", "request_id": "1d627aae-82be-4990-a81f-c055d536bbc8", "status_code": 200, "tenant_id": "ab5af908-be70-4f29-8729-5ed3535f4689", "timestamp": "2026-08-07T12:08:11.689004Z", "trace_id": "7024cfa7752ddca7d47d9beafe182036"}
api-1       | {"event": "Context impl PostgresqlImpl.", "level": "info", "request_id": "6da109fe-0c4b-4e70-849d-b2f5dbde00d3", "timestamp": "2026-08-07T12:08:12.286358Z", "trace_id": "0a00a4a9b1b5de09ce7fe254611f5194"}
api-1       | {"event": "Will assume transactional DDL.", "level": "info", "request_id": "6da109fe-0c4b-4e70-849d-b2f5dbde00d3", "timestamp": "2026-08-07T12:08:12.286472Z", "trace_id": "0a00a4a9b1b5de09ce7fe254611f5194"}
api-1       | {"claimed": 33, "event": "outbox_dispatch_batch_completed", "lease_lost": 0, "level": "info", "published": 33, "retry_scheduled": 0, "role": "outbox_dispatcher", "timestamp": "2026-08-07T12:08:12.306270Z"}
api-1       | INFO:     127.0.0.1:58326 - "GET /health/ready HTTP/1.1" 200 OK
api-1       | {"duration_ms": 71.169, "event": "http_request_completed", "level": "info", "method": "GET", "outcome": "success", "path": "/health/ready", "request_id": "6da109fe-0c4b-4e70-849d-b2f5dbde00d3", "status_code": 200, "timestamp": "2026-08-07T12:08:12.310420Z", "trace_id": "0a00a4a9b1b5de09ce7fe254611f5194"}
api-1       | INFO:     172.18.0.1:59332 - "GET /api/v1/runs/baa8eba3-c336-41ce-af47-0b8f616314a6 HTTP/1.1" 200 OK
api-1       | {"api_key_prefix": "evk_5237dfcc3619", "duration_ms": 142.091, "event": "http_request_completed", "level": "info", "method": "GET", "outcome": "success", "path": "/api/v1/runs/baa8eba3-c336-41ce-af47-0b8f616314a6", "request_id": "e16f343b-0d4c-4fb5-b975-9c68c54c6b10", "status_code": 200, "tenant_id": "ab5af908-be70-4f29-8729-5ed3535f4689", "timestamp": "2026-08-07T12:08:12.368640Z", "trace_id": "1b4a3f9bdbab87b35ce4583f7b2c9349"}
api-1       | INFO:     172.18.0.1:59332 - "GET /api/v1/runs/baa8eba3-c336-41ce-af47-0b8f616314a6/cases?limit=200&sort=case_id HTTP/1.1" 200 OK
api-1       | {"api_key_prefix": "evk_5237dfcc3619", "duration_ms": 67.011, "event": "http_request_completed", "level": "info", "method": "GET", "outcome": "success", "path": "/api/v1/runs/baa8eba3-c336-41ce-af47-0b8f616314a6/cases", "request_id": "56c424f8-0ea3-4156-873f-34944fc6f401", "status_code": 200, "tenant_id": "ab5af908-be70-4f29-8729-5ed3535f4689", "timestamp": "2026-08-07T12:08:12.437333Z", "trace_id": "e488eb1a17e808e65377e745f08f068c"}
api-1       | INFO:     127.0.0.1:58328 - "GET /metrics HTTP/1.1" 200 OK
api-1       | {"duration_ms": 12.663, "event": "http_request_completed", "level": "info", "method": "GET", "outcome": "success", "path": "/metrics", "request_id": "eb68af04-bc4d-4395-9b4b-fb52be84e790", "status_code": 200, "timestamp": "2026-08-07T12:08:12.843293Z", "trace_id": "682c849f0fc5d28023d57731b3d0f75f"}
api-1       | INFO:     172.18.0.1:59332 - "POST /api/v1/runs HTTP/1.1" 202 Accepted
api-1       | {"api_key_prefix": "evk_5237dfcc3619", "duration_ms": 195.958, "event": "http_request_completed", "level": "info", "method": "POST", "outcome": "success", "path": "/api/v1/runs", "request_id": "64182ee7-2e01-4feb-9150-e6099c862303", "status_code": 202, "tenant_id": "ab5af908-be70-4f29-8729-5ed3535f4689", "timestamp": "2026-08-07T12:08:13.949618Z", "trace_id": "1aaffa10bd8fce5804a697ca23efe902"}
api-1       | INFO:     172.18.0.1:59332 - "GET /api/v1/runs/67076241-86bc-4a70-be6a-49bf484dc22d HTTP/1.1" 200 OK
api-1       | {"api_key_prefix": "evk_5237dfcc3619", "duration_ms": 56.976, "event": "http_request_completed", "level": "info", "method": "GET", "outcome": "success", "path": "/api/v1/runs/67076241-86bc-4a70-be6a-49bf484dc22d", "request_id": "141dbeda-56f4-4a31-99fb-6a73d056abd1", "status_code": 200, "tenant_id": "ab5af908-be70-4f29-8729-5ed3535f4689", "timestamp": "2026-08-07T12:08:14.008217Z", "trace_id": "cd6f4ef6f399f922439692ee986e141d"}
api-1       | {"claimed": 2, "event": "outbox_dispatch_batch_completed", "lease_lost": 0, "level": "info", "published": 2, "retry_scheduled": 0, "role": "outbox_dispatcher", "timestamp": "2026-08-07T12:08:14.334324Z"}
api-1       | INFO:     172.18.0.1:59332 - "GET /api/v1/runs/67076241-86bc-4a70-be6a-49bf484dc22d HTTP/1.1" 200 OK
api-1       | {"api_key_prefix": "evk_5237dfcc3619", "duration_ms": 59.577, "event": "http_request_completed", "level": "info", "method": "GET", "outcome": "success", "path": "/api/v1/runs/67076241-86bc-4a70-be6a-49bf484dc22d", "request_id": "0dea23ea-8e46-4aac-9555-33f313774ba1", "status_code": 200, "tenant_id": "ab5af908-be70-4f29-8729-5ed3535f4689", "timestamp": "2026-08-07T12:08:14.570600Z", "trace_id": "dfc6409819bc4b82d3bd5bc615f15080"}
api-1       | {"claimed": 47, "event": "outbox_dispatch_batch_completed", "lease_lost": 0, "level": "info", "published": 47, "retry_scheduled": 0, "role": "outbox_dispatcher", "timestamp": "2026-08-07T12:08:15.119375Z"}
api-1       | INFO:     172.18.0.1:59332 - "GET /api/v1/runs/67076241-86bc-4a70-be6a-49bf484dc22d HTTP/1.1" 200 OK
api-1       | {"api_key_prefix": "evk_5237dfcc3619", "duration_ms": 142.62, "event": "http_request_completed", "level": "info", "method": "GET", "outcome": "success", "path": "/api/v1/runs/67076241-86bc-4a70-be6a-49bf484dc22d", "request_id": "e07644ff-cadb-4bee-8b86-939c77227b9d", "status_code": 200, "tenant_id": "ab5af908-be70-4f29-8729-5ed3535f4689", "timestamp": "2026-08-07T12:08:15.218121Z", "trace_id": "30cf89c1016428b6d3f9ff83e0c089b1"}
api-1       | {"claimed": 50, "event": "outbox_dispatch_batch_completed", "lease_lost": 0, "level": "info", "published": 50, "retry_scheduled": 0, "role": "outbox_dispatcher", "timestamp": "2026-08-07T12:08:15.864067Z"}
api-1       | INFO:     172.18.0.1:59332 - "GET /api/v1/runs/67076241-86bc-4a70-be6a-49bf484dc22d HTTP/1.1" 200 OK
api-1       | {"api_key_prefix": "evk_5237dfcc3619", "duration_ms": 152.425, "event": "http_request_completed", "level": "info", "method": "GET", "outcome": "success", "path": "/api/v1/runs/67076241-86bc-4a70-be6a-49bf484dc22d", "request_id": "10e547a8-f31c-4b6c-9081-8dc4063331a6", "status_code": 200, "tenant_id": "ab5af908-be70-4f29-8729-5ed3535f4689", "timestamp": "2026-08-07T12:08:15.881259Z", "trace_id": "ee6a45763a6044a0c0fd322bb52ac7bf"}
api-1       | {"claimed": 50, "event": "outbox_dispatch_batch_completed", "lease_lost": 0, "level": "info", "published": 50, "retry_scheduled": 0, "role": "outbox_dispatcher", "timestamp": "2026-08-07T12:08:16.599927Z"}
api-1       | INFO:     172.18.0.1:59332 - "GET /api/v1/runs/67076241-86bc-4a70-be6a-49bf484dc22d HTTP/1.1" 200 OK
api-1       | {"api_key_prefix": "evk_5237dfcc3619", "duration_ms": 269.792, "event": "http_request_completed", "level": "info", "method": "GET", "outcome": "success", "path": "/api/v1/runs/67076241-86bc-4a70-be6a-49bf484dc22d", "request_id": "1583b944-5117-453c-bb37-854f9a92487b", "status_code": 200, "tenant_id": "ab5af908-be70-4f29-8729-5ed3535f4689", "timestamp": "2026-08-07T12:08:16.664657Z", "trace_id": "c40386e0a7fcc68a218728aec48a2917"}
api-1       | {"claimed": 50, "event": "outbox_dispatch_batch_completed", "lease_lost": 0, "level": "info", "published": 50, "retry_scheduled": 0, "role": "outbox_dispatcher", "timestamp": "2026-08-07T12:08:17.307092Z"}
api-1       | INFO:     172.18.0.1:59332 - "GET /api/v1/runs/67076241-86bc-4a70-be6a-49bf484dc22d HTTP/1.1" 200 OK
api-1       | {"api_key_prefix": "evk_5237dfcc3619", "duration_ms": 257.563, "event": "http_request_completed", "level": "info", "method": "GET", "outcome": "success", "path": "/api/v1/runs/67076241-86bc-4a70-be6a-49bf484dc22d", "request_id": "064ca2f5-47e9-4ec2-a45f-f98b18bd591a", "status_code": 200, "tenant_id": "ab5af908-be70-4f29-8729-5ed3535f4689", "timestamp": "2026-08-07T12:08:17.426713Z", "trace_id": "550683058359e2c734abc259fb05da67"}
api-1       | {"event": "Context impl PostgresqlImpl.", "level": "info", "request_id": "4de6cde5-393b-4ec4-90c9-5959734dd8b1", "timestamp": "2026-08-07T12:08:17.732606Z", "trace_id": "d14647582fe5bdff0b6212a7c390eb7e"}
api-1       | {"event": "Will assume transactional DDL.", "level": "info", "request_id": "4de6cde5-393b-4ec4-90c9-5959734dd8b1", "timestamp": "2026-08-07T12:08:17.732722Z", "trace_id": "d14647582fe5bdff0b6212a7c390eb7e"}
api-1       | INFO:     127.0.0.1:38276 - "GET /health/ready HTTP/1.1" 200 OK
api-1       | {"duration_ms": 26.9, "event": "http_request_completed", "level": "info", "method": "GET", "outcome": "success", "path": "/health/ready", "request_id": "4de6cde5-393b-4ec4-90c9-5959734dd8b1", "status_code": 200, "timestamp": "2026-08-07T12:08:17.741928Z", "trace_id": "d14647582fe5bdff0b6212a7c390eb7e"}
api-1       | {"claimed": 50, "event": "outbox_dispatch_batch_completed", "lease_lost": 0, "level": "info", "published": 50, "retry_scheduled": 0, "role": "outbox_dispatcher", "timestamp": "2026-08-07T12:08:18.001331Z"}
api-1       | INFO:     172.18.0.1:59332 - "GET /api/v1/runs/67076241-86bc-4a70-be6a-49bf484dc22d HTTP/1.1" 200 OK
api-1       | {"api_key_prefix": "evk_5237dfcc3619", "duration_ms": 132.194, "event": "http_request_completed", "level": "info", "method": "GET", "outcome": "success", "path": "/api/v1/runs/67076241-86bc-4a70-be6a-49bf484dc22d", "request_id": "9123cf98-c1b1-4935-9b53-b817da8b1539", "status_code": 200, "tenant_id": "ab5af908-be70-4f29-8729-5ed3535f4689", "timestamp": "2026-08-07T12:08:18.065047Z", "trace_id": "96b3ec03002a7c1bd7b7bdf7b1119609"}
api-1       | {"claimed": 50, "event": "outbox_dispatch_batch_completed", "lease_lost": 0, "level": "info", "published": 50, "retry_scheduled": 0, "role": "outbox_dispatcher", "timestamp": "2026-08-07T12:08:18.700442Z"}
api-1       | INFO:     172.18.0.1:59332 - "GET /api/v1/runs/67076241-86bc-4a70-be6a-49bf484dc22d HTTP/1.1" 200 OK
api-1       | {"api_key_prefix": "evk_5237dfcc3619", "duration_ms": 280.708, "event": "http_request_completed", "level": "info", "method": "GET", "outcome": "success", "path": "/api/v1/runs/67076241-86bc-4a70-be6a-49bf484dc22d", "request_id": "1fd2bfb7-d8b7-4824-8bbb-fef0d58d15d4", "status_code": 200, "tenant_id": "ab5af908-be70-4f29-8729-5ed3535f4689", "timestamp": "2026-08-07T12:08:18.851285Z", "trace_id": "a4f74573445ed0d6ab2011e7fa7dfda5"}
api-1       | {"claimed": 50, "event": "outbox_dispatch_batch_completed", "lease_lost": 0, "level": "info", "published": 50, "retry_scheduled": 0, "role": "outbox_dispatcher", "timestamp": "2026-08-07T12:08:19.403661Z"}
api-1       | INFO:     172.18.0.1:59332 - "GET /api/v1/runs/67076241-86bc-4a70-be6a-49bf484dc22d HTTP/1.1" 200 OK
api-1       | {"api_key_prefix": "evk_5237dfcc3619", "duration_ms": 110.915, "event": "http_request_completed", "level": "info", "method": "GET", "outcome": "success", "path": "/api/v1/runs/67076241-86bc-4a70-be6a-49bf484dc22d", "request_id": "ccb47b8d-4953-46e0-a8c0-f2ae298a5ee0", "status_code": 200, "tenant_id": "ab5af908-be70-4f29-8729-5ed3535f4689", "timestamp": "2026-08-07T12:08:19.468262Z", "trace_id": "dd8f45afb5a16dff72c2978b312ad496"}
api-1       | {"claimed": 50, "event": "outbox_dispatch_batch_completed", "lease_lost": 0, "level": "info", "published": 50, "retry_scheduled": 0, "role": "outbox_dispatcher", "timestamp": "2026-08-07T12:08:20.103408Z"}
api-1       | INFO:     172.18.0.1:59332 - "GET /api/v1/runs/67076241-86bc-4a70-be6a-49bf484dc22d HTTP/1.1" 200 OK
api-1       | {"api_key_prefix": "evk_5237dfcc3619", "duration_ms": 194.052, "event": "http_request_completed", "level": "info", "method": "GET", "outcome": "success", "path": "/api/v1/runs/67076241-86bc-4a70-be6a-49bf484dc22d", "request_id": "636c57d9-8788-4b5d-9ad1-b1b18584fb7b", "status_code": 200, "tenant_id": "ab5af908-be70-4f29-8729-5ed3535f4689", "timestamp": "2026-08-07T12:08:20.166932Z", "trace_id": "d7b716319e48cde52a4feb406ecef426"}
api-1       | {"claimed": 50, "event": "outbox_dispatch_batch_completed", "lease_lost": 0, "level": "info", "published": 50, "retry_scheduled": 0, "role": "outbox_dispatcher", "timestamp": "2026-08-07T12:08:20.808483Z"}
api-1       | INFO:     172.18.0.1:59332 - "GET /api/v1/runs/67076241-86bc-4a70-be6a-49bf484dc22d HTTP/1.1" 200 OK
api-1       | {"api_key_prefix": "evk_5237dfcc3619", "duration_ms": 193.912, "event": "http_request_completed", "level": "info", "method": "GET", "outcome": "success", "path": "/api/v1/runs/67076241-86bc-4a70-be6a-49bf484dc22d", "request_id": "be6d5e42-8ad4-45a0-83f6-f5edb2b2c33d", "status_code": 200, "tenant_id": "ab5af908-be70-4f29-8729-5ed3535f4689", "timestamp": "2026-08-07T12:08:20.867609Z", "trace_id": "42bd1ce9017799b603df0ae4f0c27543"}
api-1       | {"claimed": 50, "event": "outbox_dispatch_batch_completed", "lease_lost": 0, "level": "info", "published": 50, "retry_scheduled": 0, "role": "outbox_dispatcher", "timestamp": "2026-08-07T12:08:21.584656Z"}
api-1       | INFO:     172.18.0.1:59332 - "GET /api/v1/runs/67076241-86bc-4a70-be6a-49bf484dc22d HTTP/1.1" 200 OK
api-1       | {"api_key_prefix": "evk_5237dfcc3619", "duration_ms": 254.689, "event": "http_request_completed", "level": "info", "method": "GET", "outcome": "success", "path": "/api/v1/runs/67076241-86bc-4a70-be6a-49bf484dc22d", "request_id": "2d4e1814-9e15-4838-a7bf-c2426e654b62", "status_code": 200, "tenant_id": "ab5af908-be70-4f29-8729-5ed3535f4689", "timestamp": "2026-08-07T12:08:21.654183Z", "trace_id": "5ad21ff2b29088bded2d3a4791e694fb"}
api-1       | {"claimed": 50, "event": "outbox_dispatch_batch_completed", "lease_lost": 0, "level": "info", "published": 50, "retry_scheduled": 0, "role": "outbox_dispatcher", "timestamp": "2026-08-07T12:08:22.293326Z"}
api-1       | INFO:     172.18.0.1:59332 - "GET /api/v1/runs/67076241-86bc-4a70-be6a-49bf484dc22d HTTP/1.1" 200 OK
api-1       | {"api_key_prefix": "evk_5237dfcc3619", "duration_ms": 183.805, "event": "http_request_completed", "level": "info", "method": "GET", "outcome": "success", "path": "/api/v1/runs/67076241-86bc-4a70-be6a-49bf484dc22d", "request_id": "0de3dd1d-8cb4-4d13-9864-efdc159b07e9", "status_code": 200, "tenant_id": "ab5af908-be70-4f29-8729-5ed3535f4689", "timestamp": "2026-08-07T12:08:22.365378Z", "trace_id": "de23da0a01770e8267c8ec2d1ff7e690"}
api-1       | {"claimed": 50, "event": "outbox_dispatch_batch_completed", "lease_lost": 0, "level": "info", "published": 50, "retry_scheduled": 0, "role": "outbox_dispatcher", "timestamp": "2026-08-07T12:08:23.156620Z"}
api-1       | INFO:     172.18.0.1:59332 - "GET /api/v1/runs/67076241-86bc-4a70-be6a-49bf484dc22d HTTP/1.1" 200 OK
api-1       | {"api_key_prefix": "evk_5237dfcc3619", "duration_ms": 405.178, "event": "http_request_completed", "level": "info", "method": "GET", "outcome": "success", "path": "/api/v1/runs/67076241-86bc-4a70-be6a-49bf484dc22d", "request_id": "4b2cbe3b-8bc5-4b4a-b311-29f065660e95", "status_code": 200, "tenant_id": "ab5af908-be70-4f29-8729-5ed3535f4689", "timestamp": "2026-08-07T12:08:23.324666Z", "trace_id": "277fd71b0a88d3fd7757cbe01b884baa"}
api-1       | {"event": "Context impl PostgresqlImpl.", "level": "info", "request_id": "19eedde8-b5c5-479f-8a8b-3c42122c17bc", "timestamp": "2026-08-07T12:08:23.366755Z", "trace_id": "899013d0185cafa7790e9c13187dd3d3"}
api-1       | {"event": "Will assume transactional DDL.", "level": "info", "request_id": "19eedde8-b5c5-479f-8a8b-3c42122c17bc", "timestamp": "2026-08-07T12:08:23.366901Z", "trace_id": "899013d0185cafa7790e9c13187dd3d3"}
api-1       | INFO:     127.0.0.1:38296 - "GET /health/ready HTTP/1.1" 200 OK
api-1       | {"duration_ms": 21.691, "event": "http_request_completed", "level": "info", "method": "GET", "outcome": "success", "path": "/health/ready", "request_id": "19eedde8-b5c5-479f-8a8b-3c42122c17bc", "status_code": 200, "timestamp": "2026-08-07T12:08:23.373923Z", "trace_id": "899013d0185cafa7790e9c13187dd3d3"}
api-1       | {"claimed": 50, "event": "outbox_dispatch_batch_completed", "lease_lost": 0, "level": "info", "published": 50, "retry_scheduled": 0, "role": "outbox_dispatcher", "timestamp": "2026-08-07T12:08:23.954955Z"}
api-1       | INFO:     172.18.0.1:59332 - "GET /api/v1/runs/67076241-86bc-4a70-be6a-49bf484dc22d HTTP/1.1" 200 OK
api-1       | {"api_key_prefix": "evk_5237dfcc3619", "duration_ms": 197.162, "event": "http_request_completed", "level": "info", "method": "GET", "outcome": "success", "path": "/api/v1/runs/67076241-86bc-4a70-be6a-49bf484dc22d", "request_id": "9f33e978-adc2-4558-a943-99cb354d04f5", "status_code": 200, "tenant_id": "ab5af908-be70-4f29-8729-5ed3535f4689", "timestamp": "2026-08-07T12:08:24.028248Z", "trace_id": "06d88efd392611d85ddd6e2da0d6fe26"}
api-1       | {"claimed": 50, "event": "outbox_dispatch_batch_completed", "lease_lost": 0, "level": "info", "published": 50, "retry_scheduled": 0, "role": "outbox_dispatcher", "timestamp": "2026-08-07T12:08:24.671901Z"}
api-1       | INFO:     172.18.0.1:59332 - "GET /api/v1/runs/67076241-86bc-4a70-be6a-49bf484dc22d HTTP/1.1" 200 OK
api-1       | {"api_key_prefix": "evk_5237dfcc3619", "duration_ms": 185.991, "event": "http_request_completed", "level": "info", "method": "GET", "outcome": "success", "path": "/api/v1/runs/67076241-86bc-4a70-be6a-49bf484dc22d", "request_id": "fbbcedb8-4b46-493e-aaec-e0abfe1f10a6", "status_code": 200, "tenant_id": "ab5af908-be70-4f29-8729-5ed3535f4689", "timestamp": "2026-08-07T12:08:24.733821Z", "trace_id": "451c4de2f6ea2ef49bcfe874d73ec0e2"}
api-1       | {"claimed": 50, "event": "outbox_dispatch_batch_completed", "lease_lost": 0, "level": "info", "published": 50, "retry_scheduled": 0, "role": "outbox_dispatcher", "timestamp": "2026-08-07T12:08:25.383878Z"}
api-1       | INFO:     172.18.0.1:59332 - "GET /api/v1/runs/67076241-86bc-4a70-be6a-49bf484dc22d HTTP/1.1" 200 OK
api-1       | {"api_key_prefix": "evk_5237dfcc3619", "duration_ms": 210.315, "event": "http_request_completed", "level": "info", "method": "GET", "outcome": "success", "path": "/api/v1/runs/67076241-86bc-4a70-be6a-49bf484dc22d", "request_id": "2191badf-fa15-47fd-8e37-029b9510bbcf", "status_code": 200, "tenant_id": "ab5af908-be70-4f29-8729-5ed3535f4689", "timestamp": "2026-08-07T12:08:25.449647Z", "trace_id": "990a7ca03407bd6e2cbad5a975b12718"}
api-1       | {"claimed": 50, "event": "outbox_dispatch_batch_completed", "lease_lost": 0, "level": "info", "published": 50, "retry_scheduled": 0, "role": "outbox_dispatcher", "timestamp": "2026-08-07T12:08:26.086286Z"}
api-1       | INFO:     172.18.0.1:59332 - "GET /api/v1/runs/67076241-86bc-4a70-be6a-49bf484dc22d HTTP/1.1" 200 OK
api-1       | {"api_key_prefix": "evk_5237dfcc3619", "duration_ms": 186.273, "event": "http_request_completed", "level": "info", "method": "GET", "outcome": "success", "path": "/api/v1/runs/67076241-86bc-4a70-be6a-49bf484dc22d", "request_id": "8f6a7e5b-c984-478f-a191-07d93693e39f", "status_code": 200, "tenant_id": "ab5af908-be70-4f29-8729-5ed3535f4689", "timestamp": "2026-08-07T12:08:26.159770Z", "trace_id": "4c3d2112ca5a1743ba00c47540b6a652"}
api-1       | {"claimed": 50, "event": "outbox_dispatch_batch_completed", "lease_lost": 0, "level": "info", "published": 50, "retry_scheduled": 0, "role": "outbox_dispatcher", "timestamp": "2026-08-07T12:08:26.799403Z"}
api-1       | INFO:     172.18.0.1:59332 - "GET /api/v1/runs/67076241-86bc-4a70-be6a-49bf484dc22d HTTP/1.1" 200 OK
api-1       | {"api_key_prefix": "evk_5237dfcc3619", "duration_ms": 159.728, "event": "http_request_completed", "level": "info", "method": "GET", "outcome": "success", "path": "/api/v1/runs/67076241-86bc-4a70-be6a-49bf484dc22d", "request_id": "67a2a13f-4921-4047-9706-da520c946424", "status_code": 200, "tenant_id": "ab5af908-be70-4f29-8729-5ed3535f4689", "timestamp": "2026-08-07T12:08:26.855758Z", "trace_id": "6548e88a1d15a4d8ed089353a9080f54"}
api-1       | INFO:     172.18.0.1:59332 - "GET /api/v1/runs/67076241-86bc-4a70-be6a-49bf484dc22d/cases?limit=200&sort=case_id HTTP/1.1" 200 OK
api-1       | {"api_key_prefix": "evk_5237dfcc3619", "duration_ms": 75.907, "event": "http_request_completed", "level": "info", "method": "GET", "outcome": "success", "path": "/api/v1/runs/67076241-86bc-4a70-be6a-49bf484dc22d/cases", "request_id": "5e598d54-800c-4fba-9296-39e287f4476b", "status_code": 200, "tenant_id": "ab5af908-be70-4f29-8729-5ed3535f4689", "timestamp": "2026-08-07T12:08:26.933580Z", "trace_id": "7119fe353d16bbb1afedf9ec95da759e"}
api-1       | INFO:     172.18.0.1:59332 - "GET /api/v1/runs/67076241-86bc-4a70-be6a-49bf484dc22d/cases?limit=200&sort=case_id&cursor=eyJkaXJlY3Rpb24iOiJhc2MiLCJlcnJvcl9jb2RlIjpudWxsLCJqb2JfaWQiOiI1NjhiNjM0MS04NzhmLTRlMGUtODBlMC1jZTg0N2ZmM2FlOGEiLCJtZXRyaWMiOm51bGwsInNvcnQiOiJjYXNlX2lkIiwic3RhdHVzIjpudWxsLCJ2IjoxLCJ2YWx1ZSI6ImxvYWQtMDE5OSJ9 HTTP/1.1" 200 OK
api-1       | {"api_key_prefix": "evk_5237dfcc3619", "duration_ms": 75.038, "event": "http_request_completed", "level": "info", "method": "GET", "outcome": "success", "path": "/api/v1/runs/67076241-86bc-4a70-be6a-49bf484dc22d/cases", "request_id": "a7785e2d-7307-44e8-a5b1-4e877dd83430", "status_code": 200, "tenant_id": "ab5af908-be70-4f29-8729-5ed3535f4689", "timestamp": "2026-08-07T12:08:27.011286Z", "trace_id": "0e156c85c3bd7559a389c014cdd6ceb2"}
api-1       | INFO:     172.18.0.1:59332 - "GET /api/v1/runs/67076241-86bc-4a70-be6a-49bf484dc22d/cases?limit=200&sort=case_id&cursor=eyJkaXJlY3Rpb24iOiJhc2MiLCJlcnJvcl9jb2RlIjpudWxsLCJqb2JfaWQiOiJhMWExZWQ0Mi02MzUzLTRlM2EtOTlhMC03ZWI0ODY4ZjNlOTMiLCJtZXRyaWMiOm51bGwsInNvcnQiOiJjYXNlX2lkIiwic3RhdHVzIjpudWxsLCJ2IjoxLCJ2YWx1ZSI6ImxvYWQtMDM5OSJ9 HTTP/1.1" 200 OK
api-1       | {"api_key_prefix": "evk_5237dfcc3619", "duration_ms": 69.574, "event": "http_request_completed", "level": "info", "method": "GET", "outcome": "success", "path": "/api/v1/runs/67076241-86bc-4a70-be6a-49bf484dc22d/cases", "request_id": "057ad8f0-3753-4cac-aebe-5879ea1dbb75", "status_code": 200, "tenant_id": "ab5af908-be70-4f29-8729-5ed3535f4689", "timestamp": "2026-08-07T12:08:27.083470Z", "trace_id": "4b91aee887dad12cf278330a5f7b92b3"}
api-1       | {"claimed": 50, "event": "outbox_dispatch_batch_completed", "lease_lost": 0, "level": "info", "published": 50, "retry_scheduled": 0, "role": "outbox_dispatcher", "timestamp": "2026-08-07T12:08:27.627882Z"}
api-1       | INFO:     127.0.0.1:49796 - "GET /metrics HTTP/1.1" 200 OK
api-1       | {"duration_ms": 13.051, "event": "http_request_completed", "level": "info", "method": "GET", "outcome": "success", "path": "/metrics", "request_id": "35101375-a61b-4fa4-b627-0611c3dcd3ca", "status_code": 200, "timestamp": "2026-08-07T12:08:27.655156Z", "trace_id": "ec47dad3a410b6ec1e004afd0a2af8dd"}
api-1       | {"claimed": 50, "event": "outbox_dispatch_batch_completed", "lease_lost": 0, "level": "info", "published": 50, "retry_scheduled": 0, "role": "outbox_dispatcher", "timestamp": "2026-08-07T12:08:28.292674Z"}
api-1       | {"event": "Context impl PostgresqlImpl.", "level": "info", "request_id": "8771e50b-840f-4d43-b9aa-cf2490b23e73", "timestamp": "2026-08-07T12:08:28.720711Z", "trace_id": "d0a59d386bec294bb5502e0e99a1c696"}
api-1       | {"event": "Will assume transactional DDL.", "level": "info", "request_id": "8771e50b-840f-4d43-b9aa-cf2490b23e73", "timestamp": "2026-08-07T12:08:28.720826Z", "trace_id": "d0a59d386bec294bb5502e0e99a1c696"}
api-1       | INFO:     127.0.0.1:49810 - "GET /health/ready HTTP/1.1" 200 OK
api-1       | {"duration_ms": 22.372, "event": "http_request_completed", "level": "info", "method": "GET", "outcome": "success", "path": "/health/ready", "request_id": "8771e50b-840f-4d43-b9aa-cf2490b23e73", "status_code": 200, "timestamp": "2026-08-07T12:08:28.727857Z", "trace_id": "d0a59d386bec294bb5502e0e99a1c696"}
api-1       | {"claimed": 50, "event": "outbox_dispatch_batch_completed", "lease_lost": 0, "level": "info", "published": 50, "retry_scheduled": 0, "role": "outbox_dispatcher", "timestamp": "2026-08-07T12:08:28.956873Z"}
api-1       | {"claimed": 3, "event": "outbox_dispatch_batch_completed", "lease_lost": 0, "level": "info", "published": 3, "retry_scheduled": 0, "role": "outbox_dispatcher", "timestamp": "2026-08-07T12:08:29.471049Z"}
api-1       | {"event": "Context impl PostgresqlImpl.", "level": "info", "request_id": "8d609869-ec7d-4891-96b7-19768c22865a", "timestamp": "2026-08-07T12:08:34.298124Z", "trace_id": "51fe67f23f3a5a08c3e03c658b416439"}
api-1       | {"event": "Will assume transactional DDL.", "level": "info", "request_id": "8d609869-ec7d-4891-96b7-19768c22865a", "timestamp": "2026-08-07T12:08:34.298417Z", "trace_id": "51fe67f23f3a5a08c3e03c658b416439"}
api-1       | INFO:     127.0.0.1:49824 - "GET /health/ready HTTP/1.1" 200 OK
api-1       | {"duration_ms": 43.101, "event": "http_request_completed", "level": "info", "method": "GET", "outcome": "success", "path": "/health/ready", "request_id": "8d609869-ec7d-4891-96b7-19768c22865a", "status_code": 200, "timestamp": "2026-08-07T12:08:34.315508Z", "trace_id": "51fe67f23f3a5a08c3e03c658b416439"}
api-1       | INFO:     172.18.0.1:37326 - "POST /api/v1/runs HTTP/1.1" 202 Accepted
api-1       | {"api_key_prefix": "evk_5237dfcc3619", "duration_ms": 270.785, "event": "http_request_completed", "level": "info", "method": "POST", "outcome": "success", "path": "/api/v1/runs", "request_id": "fcd9ae20-470e-4471-8afa-5629e7ba2150", "status_code": 202, "tenant_id": "ab5af908-be70-4f29-8729-5ed3535f4689", "timestamp": "2026-08-07T12:08:35.112099Z", "trace_id": "e25348481671035b976158062971ab86"}
api-1       | INFO:     172.18.0.1:37326 - "GET /api/v1/runs/932edaf4-80dd-4c7f-bfb0-066179623eac HTTP/1.1" 200 OK
api-1       | {"api_key_prefix": "evk_5237dfcc3619", "duration_ms": 193.292, "event": "http_request_completed", "level": "info", "method": "GET", "outcome": "success", "path": "/api/v1/runs/932edaf4-80dd-4c7f-bfb0-066179623eac", "request_id": "e385059b-6e26-4b93-b0b4-bfe4ea654a0c", "status_code": 200, "tenant_id": "ab5af908-be70-4f29-8729-5ed3535f4689", "timestamp": "2026-08-07T12:08:35.309218Z", "trace_id": "91e395a143613ce74212a52a0d6f59c6"}
api-1       | {"claimed": 23, "event": "outbox_dispatch_batch_completed", "lease_lost": 0, "level": "info", "published": 23, "retry_scheduled": 0, "role": "outbox_dispatcher", "timestamp": "2026-08-07T12:08:36.018603Z"}
api-1       | INFO:     172.18.0.1:37326 - "GET /api/v1/runs/932edaf4-80dd-4c7f-bfb0-066179623eac HTTP/1.1" 200 OK
api-1       | {"api_key_prefix": "evk_5237dfcc3619", "duration_ms": 265.006, "event": "http_request_completed", "level": "info", "method": "GET", "outcome": "success", "path": "/api/v1/runs/932edaf4-80dd-4c7f-bfb0-066179623eac", "request_id": "35639a67-90a5-4771-9fd0-0b7c68f9086c", "status_code": 200, "tenant_id": "ab5af908-be70-4f29-8729-5ed3535f4689", "timestamp": "2026-08-07T12:08:36.114645Z", "trace_id": "c8ce5dca1ca1e0fbd0adf02fd8e38c40"}
api-1       | {"claimed": 46, "event": "outbox_dispatch_batch_completed", "lease_lost": 0, "level": "info", "published": 46, "retry_scheduled": 0, "role": "outbox_dispatcher", "timestamp": "2026-08-07T12:08:37.147560Z"}
api-1       | INFO:     172.18.0.1:37326 - "GET /api/v1/runs/932edaf4-80dd-4c7f-bfb0-066179623eac HTTP/1.1" 200 OK
api-1       | {"api_key_prefix": "evk_5237dfcc3619", "duration_ms": 697.965, "event": "http_request_completed", "level": "info", "method": "GET", "outcome": "success", "path": "/api/v1/runs/932edaf4-80dd-4c7f-bfb0-066179623eac", "request_id": "773260d2-254e-4ac8-853c-29ef9b05e4c8", "status_code": 200, "tenant_id": "ab5af908-be70-4f29-8729-5ed3535f4689", "timestamp": "2026-08-07T12:08:37.414824Z", "trace_id": "0c400e7c09b92754cca8b59690c4f0d7"}
api-1       | {"claimed": 33, "event": "outbox_dispatch_batch_completed", "lease_lost": 0, "level": "info", "published": 33, "retry_scheduled": 0, "role": "outbox_dispatcher", "timestamp": "2026-08-07T12:08:37.862567Z"}
api-1       | INFO:     172.18.0.1:37326 - "GET /api/v1/runs/932edaf4-80dd-4c7f-bfb0-066179623eac HTTP/1.1" 200 OK
api-1       | {"api_key_prefix": "evk_5237dfcc3619", "duration_ms": 60.937, "event": "http_request_completed", "level": "info", "method": "GET", "outcome": "success", "path": "/api/v1/runs/932edaf4-80dd-4c7f-bfb0-066179623eac", "request_id": "db13c577-06e0-4326-949d-3d697e8f156c", "status_code": 200, "tenant_id": "ab5af908-be70-4f29-8729-5ed3535f4689", "timestamp": "2026-08-07T12:08:37.978952Z", "trace_id": "b3f3d25bb0bb3ddd684b5a49e4c7fc25"}
api-1       | INFO:     172.18.0.1:37326 - "GET /api/v1/runs/932edaf4-80dd-4c7f-bfb0-066179623eac/cases?limit=200&sort=case_id HTTP/1.1" 200 OK
api-1       | {"api_key_prefix": "evk_5237dfcc3619", "duration_ms": 74.266, "event": "http_request_completed", "level": "info", "method": "GET", "outcome": "success", "path": "/api/v1/runs/932edaf4-80dd-4c7f-bfb0-066179623eac/cases", "request_id": "815fc321-4807-4d41-957a-36f91e156d7d", "status_code": 200, "tenant_id": "ab5af908-be70-4f29-8729-5ed3535f4689", "timestamp": "2026-08-07T12:08:38.054885Z", "trace_id": "91d74b986bf545b76a34a1bb867ae987"}
api-1       | INFO:     127.0.0.1:45590 - "GET /metrics HTTP/1.1" 200 OK
api-1       | {"duration_ms": 13.634, "event": "http_request_completed", "level": "info", "method": "GET", "outcome": "success", "path": "/metrics", "request_id": "c7fd172b-49ff-4e73-b74d-4b54f6ece175", "status_code": 200, "timestamp": "2026-08-07T12:08:38.489066Z", "trace_id": "16e696e3fe15256004c14721a61439ae"}
api-1       | {"event": "Context impl PostgresqlImpl.", "level": "info", "request_id": "1655bcf3-267b-4223-a107-a5500ed3972c", "timestamp": "2026-08-07T12:08:39.797659Z", "trace_id": "edb6f8ce2862203914bc8de57b0b8fe3"}
api-1       | {"event": "Will assume transactional DDL.", "level": "info", "request_id": "1655bcf3-267b-4223-a107-a5500ed3972c", "timestamp": "2026-08-07T12:08:39.797772Z", "trace_id": "edb6f8ce2862203914bc8de57b0b8fe3"}
api-1       | INFO:     127.0.0.1:45654 - "GET /health/ready HTTP/1.1" 200 OK
api-1       | {"duration_ms": 29.265, "event": "http_request_completed", "level": "info", "method": "GET", "outcome": "success", "path": "/health/ready", "request_id": "1655bcf3-267b-4223-a107-a5500ed3972c", "status_code": 200, "timestamp": "2026-08-07T12:08:39.806879Z", "trace_id": "edb6f8ce2862203914bc8de57b0b8fe3"}
api-1       | INFO:     172.18.0.1:37326 - "POST /api/v1/runs HTTP/1.1" 202 Accepted
api-1       | {"api_key_prefix": "evk_5237dfcc3619", "duration_ms": 249.316, "event": "http_request_completed", "level": "info", "method": "POST", "outcome": "success", "path": "/api/v1/runs", "request_id": "266989c1-619a-4c30-a3c2-44453a8fe9d3", "status_code": 202, "tenant_id": "ab5af908-be70-4f29-8729-5ed3535f4689", "timestamp": "2026-08-07T12:08:41.875037Z", "trace_id": "8dd5c35aea0ee07fd28759e79142e1b7"}
api-1       | INFO:     172.18.0.1:37326 - "GET /api/v1/runs/d48d4bc8-587a-4b8e-a22e-7c32c2678f54 HTTP/1.1" 200 OK
api-1       | {"api_key_prefix": "evk_5237dfcc3619", "duration_ms": 55.412, "event": "http_request_completed", "level": "info", "method": "GET", "outcome": "success", "path": "/api/v1/runs/d48d4bc8-587a-4b8e-a22e-7c32c2678f54", "request_id": "ed0085ce-f55e-4aeb-8abc-38ee676c2e27", "status_code": 200, "tenant_id": "ab5af908-be70-4f29-8729-5ed3535f4689", "timestamp": "2026-08-07T12:08:41.932083Z", "trace_id": "117d7abe3eddf8274a24b1fab08bae85"}
api-1       | {"claimed": 50, "event": "outbox_dispatch_batch_completed", "lease_lost": 0, "level": "info", "published": 50, "retry_scheduled": 0, "role": "outbox_dispatcher", "timestamp": "2026-08-07T12:08:42.783377Z"}
api-1       | INFO:     172.18.0.1:37326 - "GET /api/v1/runs/d48d4bc8-587a-4b8e-a22e-7c32c2678f54 HTTP/1.1" 200 OK
api-1       | {"api_key_prefix": "evk_5237dfcc3619", "duration_ms": 370.111, "event": "http_request_completed", "level": "info", "method": "GET", "outcome": "success", "path": "/api/v1/runs/d48d4bc8-587a-4b8e-a22e-7c32c2678f54", "request_id": "db56f0cd-9f5b-4e38-a84c-d4511c8186cb", "status_code": 200, "tenant_id": "ab5af908-be70-4f29-8729-5ed3535f4689", "timestamp": "2026-08-07T12:08:42.804881Z", "trace_id": "d2e45624e5f346772e67f9d80d1f7844"}
api-1       | {"claimed": 50, "event": "outbox_dispatch_batch_completed", "lease_lost": 0, "level": "info", "published": 50, "retry_scheduled": 0, "role": "outbox_dispatcher", "timestamp": "2026-08-07T12:08:43.576584Z"}
api-1       | INFO:     172.18.0.1:37326 - "GET /api/v1/runs/d48d4bc8-587a-4b8e-a22e-7c32c2678f54 HTTP/1.1" 200 OK
api-1       | {"api_key_prefix": "evk_5237dfcc3619", "duration_ms": 350.786, "event": "http_request_completed", "level": "info", "method": "GET", "outcome": "success", "path": "/api/v1/runs/d48d4bc8-587a-4b8e-a22e-7c32c2678f54", "request_id": "e9ac99e1-e039-4981-96c3-ce9627aee587", "status_code": 200, "tenant_id": "ab5af908-be70-4f29-8729-5ed3535f4689", "timestamp": "2026-08-07T12:08:43.665372Z", "trace_id": "1909fe834b379b88a325ca85a3457268"}
api-1       | {"claimed": 50, "event": "outbox_dispatch_batch_completed", "lease_lost": 0, "level": "info", "published": 50, "retry_scheduled": 0, "role": "outbox_dispatcher", "timestamp": "2026-08-07T12:08:44.481554Z"}
api-1       | INFO:     172.18.0.1:37326 - "GET /api/v1/runs/d48d4bc8-587a-4b8e-a22e-7c32c2678f54 HTTP/1.1" 200 OK
api-1       | {"api_key_prefix": "evk_5237dfcc3619", "duration_ms": 507.172, "event": "http_request_completed", "level": "info", "method": "GET", "outcome": "success", "path": "/api/v1/runs/d48d4bc8-587a-4b8e-a22e-7c32c2678f54", "request_id": "c9409e93-8f2a-4e91-8c75-1a812d505b13", "status_code": 200, "tenant_id": "ab5af908-be70-4f29-8729-5ed3535f4689", "timestamp": "2026-08-07T12:08:44.716635Z", "trace_id": "640fb246394bd486ffe7084771f59f64"}
api-1       | {"claimed": 50, "event": "outbox_dispatch_batch_completed", "lease_lost": 0, "level": "info", "published": 50, "retry_scheduled": 0, "role": "outbox_dispatcher", "timestamp": "2026-08-07T12:08:45.918576Z"}
api-1       | {"event": "Context impl PostgresqlImpl.", "level": "info", "request_id": "274c0fb6-91ae-45b7-bb25-2359aaef4317", "timestamp": "2026-08-07T12:08:45.947617Z", "trace_id": "20ccb25501b4f5f98160e0af8cfdae87"}
api-1       | {"event": "Will assume transactional DDL.", "level": "info", "request_id": "274c0fb6-91ae-45b7-bb25-2359aaef4317", "timestamp": "2026-08-07T12:08:45.947913Z", "trace_id": "20ccb25501b4f5f98160e0af8cfdae87"}
api-1       | INFO:     127.0.0.1:45756 - "GET /health/ready HTTP/1.1" 200 OK
api-1       | {"duration_ms": 46.937, "event": "http_request_completed", "level": "info", "method": "GET", "outcome": "success", "path": "/health/ready", "request_id": "274c0fb6-91ae-45b7-bb25-2359aaef4317", "status_code": 200, "timestamp": "2026-08-07T12:08:45.964126Z", "trace_id": "20ccb25501b4f5f98160e0af8cfdae87"}
api-1       | INFO:     172.18.0.1:37326 - "GET /api/v1/runs/d48d4bc8-587a-4b8e-a22e-7c32c2678f54 HTTP/1.1" 200 OK
api-1       | {"api_key_prefix": "evk_5237dfcc3619", "duration_ms": 386.88, "event": "http_request_completed", "level": "info", "method": "GET", "outcome": "success", "path": "/api/v1/runs/d48d4bc8-587a-4b8e-a22e-7c32c2678f54", "request_id": "8334a3f5-5b49-4be7-a828-e2abf4bdb54e", "status_code": 200, "tenant_id": "ab5af908-be70-4f29-8729-5ed3535f4689", "timestamp": "2026-08-07T12:08:46.034564Z", "trace_id": "8def3c6e71f1d1f31b35198ee1fe6492"}
api-1       | {"claimed": 50, "event": "outbox_dispatch_batch_completed", "lease_lost": 0, "level": "info", "published": 50, "retry_scheduled": 0, "role": "outbox_dispatcher", "timestamp": "2026-08-07T12:08:46.758795Z"}
api-1       | INFO:     172.18.0.1:37326 - "GET /api/v1/runs/d48d4bc8-587a-4b8e-a22e-7c32c2678f54 HTTP/1.1" 200 OK
api-1       | {"api_key_prefix": "evk_5237dfcc3619", "duration_ms": 272.532, "event": "http_request_completed", "level": "info", "method": "GET", "outcome": "success", "path": "/api/v1/runs/d48d4bc8-587a-4b8e-a22e-7c32c2678f54", "request_id": "036ddd41-b524-41eb-8da2-1ddc21985143", "status_code": 200, "tenant_id": "ab5af908-be70-4f29-8729-5ed3535f4689", "timestamp": "2026-08-07T12:08:46.841453Z", "trace_id": "9ac33fe1bf0e2f77cc343e7dad31eee3"}
api-1       | {"claimed": 50, "event": "outbox_dispatch_batch_completed", "lease_lost": 0, "level": "info", "published": 50, "retry_scheduled": 0, "role": "outbox_dispatcher", "timestamp": "2026-08-07T12:08:47.556894Z"}
api-1       | INFO:     172.18.0.1:37326 - "GET /api/v1/runs/d48d4bc8-587a-4b8e-a22e-7c32c2678f54 HTTP/1.1" 200 OK
api-1       | {"api_key_prefix": "evk_5237dfcc3619", "duration_ms": 268.711, "event": "http_request_completed", "level": "info", "method": "GET", "outcome": "success", "path": "/api/v1/runs/d48d4bc8-587a-4b8e-a22e-7c32c2678f54", "request_id": "d7f7c9b5-919d-4802-bbc1-81eda00c7200", "status_code": 200, "tenant_id": "ab5af908-be70-4f29-8729-5ed3535f4689", "timestamp": "2026-08-07T12:08:47.621721Z", "trace_id": "2667ffe844afd0e5e6ff69e18d08fd7b"}
api-1       | INFO:     172.18.0.1:37326 - "GET /api/v1/runs/d48d4bc8-587a-4b8e-a22e-7c32c2678f54/cases?limit=200&sort=case_id HTTP/1.1" 200 OK
api-1       | {"api_key_prefix": "evk_5237dfcc3619", "duration_ms": 84.148, "event": "http_request_completed", "level": "info", "method": "GET", "outcome": "success", "path": "/api/v1/runs/d48d4bc8-587a-4b8e-a22e-7c32c2678f54/cases", "request_id": "28571b70-aeef-4879-a2a4-248aaad7dd4d", "status_code": 200, "tenant_id": "ab5af908-be70-4f29-8729-5ed3535f4689", "timestamp": "2026-08-07T12:08:47.708095Z", "trace_id": "6a7b6b81479ea4bfb7b36ccb54fdcf98"}
api-1       | INFO:     172.18.0.1:37326 - "GET /api/v1/runs/d48d4bc8-587a-4b8e-a22e-7c32c2678f54/cases?limit=200&sort=case_id&cursor=eyJkaXJlY3Rpb24iOiJhc2MiLCJlcnJvcl9jb2RlIjpudWxsLCJqb2JfaWQiOiIzMzYyNTUwNC05YWQxLTQ1ODItODBhZi02N2M1YjFjODc5MDkiLCJtZXRyaWMiOm51bGwsInNvcnQiOiJjYXNlX2lkIiwic3RhdHVzIjpudWxsLCJ2IjoxLCJ2YWx1ZSI6ImxvYWQtMDE5OSJ9 HTTP/1.1" 200 OK
api-1       | {"api_key_prefix": "evk_5237dfcc3619", "duration_ms": 84.805, "event": "http_request_completed", "level": "info", "method": "GET", "outcome": "success", "path": "/api/v1/runs/d48d4bc8-587a-4b8e-a22e-7c32c2678f54/cases", "request_id": "76908f1b-32ab-4b4f-b7e7-ce19509b980c", "status_code": 200, "tenant_id": "ab5af908-be70-4f29-8729-5ed3535f4689", "timestamp": "2026-08-07T12:08:47.796890Z", "trace_id": "84fac97a644d864bc8697adfe2aa3d29"}
api-1       | INFO:     172.18.0.1:37326 - "GET /api/v1/runs/d48d4bc8-587a-4b8e-a22e-7c32c2678f54/cases?limit=200&sort=case_id&cursor=eyJkaXJlY3Rpb24iOiJhc2MiLCJlcnJvcl9jb2RlIjpudWxsLCJqb2JfaWQiOiIzZWZmY2NkMi02NTUzLTQ0YWYtYmEyMi0xYWJiMzM4OTVkYjUiLCJtZXRyaWMiOm51bGwsInNvcnQiOiJjYXNlX2lkIiwic3RhdHVzIjpudWxsLCJ2IjoxLCJ2YWx1ZSI6ImxvYWQtMDM5OSJ9 HTTP/1.1" 200 OK
api-1       | {"api_key_prefix": "evk_5237dfcc3619", "duration_ms": 72.023, "event": "http_request_completed", "level": "info", "method": "GET", "outcome": "success", "path": "/api/v1/runs/d48d4bc8-587a-4b8e-a22e-7c32c2678f54/cases", "request_id": "3c955ea8-8615-4c73-8d96-3a54a70ba444", "status_code": 200, "tenant_id": "ab5af908-be70-4f29-8729-5ed3535f4689", "timestamp": "2026-08-07T12:08:47.871856Z", "trace_id": "a7c349c38eff74a79ec9c8aea0c92262"}
api-1       | {"claimed": 50, "event": "outbox_dispatch_batch_completed", "lease_lost": 0, "level": "info", "published": 50, "retry_scheduled": 0, "role": "outbox_dispatcher", "timestamp": "2026-08-07T12:08:48.348546Z"}
api-1       | INFO:     127.0.0.1:49358 - "GET /metrics HTTP/1.1" 200 OK
api-1       | {"duration_ms": 19.285, "event": "http_request_completed", "level": "info", "method": "GET", "outcome": "success", "path": "/metrics", "request_id": "ac02048b-3864-4d96-93f7-fbfc4518259a", "status_code": 200, "timestamp": "2026-08-07T12:08:48.466913Z", "trace_id": "fbcd618d6659e52e5b5b674a9a02dccf"}
api-1       | {"claimed": 50, "event": "outbox_dispatch_batch_completed", "lease_lost": 0, "level": "info", "published": 50, "retry_scheduled": 0, "role": "outbox_dispatcher", "timestamp": "2026-08-07T12:08:49.060180Z"}
api-1       | {"claimed": 50, "event": "outbox_dispatch_batch_completed", "lease_lost": 0, "level": "info", "published": 50, "retry_scheduled": 0, "role": "outbox_dispatcher", "timestamp": "2026-08-07T12:08:49.772695Z"}
api-1       | {"claimed": 50, "event": "outbox_dispatch_batch_completed", "lease_lost": 0, "level": "info", "published": 50, "retry_scheduled": 0, "role": "outbox_dispatcher", "timestamp": "2026-08-07T12:08:50.461755Z"}
api-1       | {"claimed": 50, "event": "outbox_dispatch_batch_completed", "lease_lost": 0, "level": "info", "published": 50, "retry_scheduled": 0, "role": "outbox_dispatcher", "timestamp": "2026-08-07T12:08:51.308532Z"}
api-1       | {"event": "Context impl PostgresqlImpl.", "level": "info", "request_id": "d286ff52-2055-4eea-93fc-49f9e370243c", "timestamp": "2026-08-07T12:08:51.523994Z", "trace_id": "f34713501027696ad6a2298970fd43cc"}
api-1       | {"event": "Will assume transactional DDL.", "level": "info", "request_id": "d286ff52-2055-4eea-93fc-49f9e370243c", "timestamp": "2026-08-07T12:08:51.524132Z", "trace_id": "f34713501027696ad6a2298970fd43cc"}
api-1       | INFO:     127.0.0.1:49366 - "GET /health/ready HTTP/1.1" 200 OK
api-1       | {"duration_ms": 81.262, "event": "http_request_completed", "level": "info", "method": "GET", "outcome": "success", "path": "/health/ready", "request_id": "d286ff52-2055-4eea-93fc-49f9e370243c", "status_code": 200, "timestamp": "2026-08-07T12:08:51.589565Z", "trace_id": "f34713501027696ad6a2298970fd43cc"}
api-1       | {"claimed": 50, "event": "outbox_dispatch_batch_completed", "lease_lost": 0, "level": "info", "published": 50, "retry_scheduled": 0, "role": "outbox_dispatcher", "timestamp": "2026-08-07T12:08:51.996328Z"}
api-1       | {"claimed": 50, "event": "outbox_dispatch_batch_completed", "lease_lost": 0, "level": "info", "published": 50, "retry_scheduled": 0, "role": "outbox_dispatcher", "timestamp": "2026-08-07T12:08:52.785053Z"}
api-1       | {"claimed": 50, "event": "outbox_dispatch_batch_completed", "lease_lost": 0, "level": "info", "published": 50, "retry_scheduled": 0, "role": "outbox_dispatcher", "timestamp": "2026-08-07T12:08:53.453794Z"}
api-1       | {"claimed": 50, "event": "outbox_dispatch_batch_completed", "lease_lost": 0, "level": "info", "published": 50, "retry_scheduled": 0, "role": "outbox_dispatcher", "timestamp": "2026-08-07T12:08:54.156758Z"}
api-1       | {"claimed": 50, "event": "outbox_dispatch_batch_completed", "lease_lost": 0, "level": "info", "published": 50, "retry_scheduled": 0, "role": "outbox_dispatcher", "timestamp": "2026-08-07T12:08:54.875638Z"}
api-1       | INFO:     172.18.0.1:47486 - "POST /api/v1/runs HTTP/1.1" 202 Accepted
api-1       | {"api_key_prefix": "evk_5237dfcc3619", "duration_ms": 87.752, "event": "http_request_completed", "level": "info", "method": "POST", "outcome": "success", "path": "/api/v1/runs", "request_id": "02ec5268-06d7-486c-bf47-93a0656e4b9e", "status_code": 202, "tenant_id": "ab5af908-be70-4f29-8729-5ed3535f4689", "timestamp": "2026-08-07T12:08:55.246670Z", "trace_id": "97e123ee676e39bc5294767bb83e4fde"}
api-1       | INFO:     172.18.0.1:47486 - "GET /api/v1/runs/b371a97b-8127-4b07-9026-153e2866b9cd HTTP/1.1" 200 OK
api-1       | {"api_key_prefix": "evk_5237dfcc3619", "duration_ms": 52.376, "event": "http_request_completed", "level": "info", "method": "GET", "outcome": "success", "path": "/api/v1/runs/b371a97b-8127-4b07-9026-153e2866b9cd", "request_id": "d8c59acf-5f3f-4b06-af66-93db0c9c3cb1", "status_code": 200, "tenant_id": "ab5af908-be70-4f29-8729-5ed3535f4689", "timestamp": "2026-08-07T12:08:55.300714Z", "trace_id": "d030f92e02481b8076a8db604c5d4493"}
api-1       | {"claimed": 50, "event": "outbox_dispatch_batch_completed", "lease_lost": 0, "level": "info", "published": 50, "retry_scheduled": 0, "role": "outbox_dispatcher", "timestamp": "2026-08-07T12:08:55.556489Z"}
api-1       | INFO:     172.18.0.1:47486 - "GET /api/v1/runs/b371a97b-8127-4b07-9026-153e2866b9cd HTTP/1.1" 200 OK
api-1       | {"api_key_prefix": "evk_5237dfcc3619", "duration_ms": 74.904, "event": "http_request_completed", "level": "info", "method": "GET", "outcome": "success", "path": "/api/v1/runs/b371a97b-8127-4b07-9026-153e2866b9cd", "request_id": "97e2f0f1-5433-47b7-9969-3d15c019e215", "status_code": 200, "tenant_id": "ab5af908-be70-4f29-8729-5ed3535f4689", "timestamp": "2026-08-07T12:08:55.879171Z", "trace_id": "ba9325a0a8642ec702d5c8f710aabf06"}
api-1       | {"claimed": 50, "event": "outbox_dispatch_batch_completed", "lease_lost": 0, "level": "info", "published": 50, "retry_scheduled": 0, "role": "outbox_dispatcher", "timestamp": "2026-08-07T12:08:56.276944Z"}
api-1       | INFO:     172.18.0.1:47486 - "GET /api/v1/runs/b371a97b-8127-4b07-9026-153e2866b9cd HTTP/1.1" 200 OK
api-1       | {"api_key_prefix": "evk_5237dfcc3619", "duration_ms": 58.006, "event": "http_request_completed", "level": "info", "method": "GET", "outcome": "success", "path": "/api/v1/runs/b371a97b-8127-4b07-9026-153e2866b9cd", "request_id": "33671fa1-c046-48f6-8c02-9f962257ae5f", "status_code": 200, "tenant_id": "ab5af908-be70-4f29-8729-5ed3535f4689", "timestamp": "2026-08-07T12:08:56.440096Z", "trace_id": "96c0963b6f0231887f717ad0b82c26a9"}
api-1       | INFO:     172.18.0.1:47486 - "GET /api/v1/runs/b371a97b-8127-4b07-9026-153e2866b9cd/cases?limit=200&sort=case_id HTTP/1.1" 200 OK
api-1       | {"api_key_prefix": "evk_5237dfcc3619", "duration_ms": 64.969, "event": "http_request_completed", "level": "info", "method": "GET", "outcome": "success", "path": "/api/v1/runs/b371a97b-8127-4b07-9026-153e2866b9cd/cases", "request_id": "61956b9d-aea2-41cc-bf16-c58de110329b", "status_code": 200, "tenant_id": "ab5af908-be70-4f29-8729-5ed3535f4689", "timestamp": "2026-08-07T12:08:56.506733Z", "trace_id": "99a54a30edc2fc15125a8811b6ae6900"}
api-1       | {"event": "Context impl PostgresqlImpl.", "level": "info", "request_id": "c956fac7-79f5-4838-9ae8-463e6b557645", "timestamp": "2026-08-07T12:08:57.483894Z", "trace_id": "eb44357065f26b82486f10f0230fdd2e"}
api-1       | {"event": "Will assume transactional DDL.", "level": "info", "request_id": "c956fac7-79f5-4838-9ae8-463e6b557645", "timestamp": "2026-08-07T12:08:57.484021Z", "trace_id": "eb44357065f26b82486f10f0230fdd2e"}
api-1       | {"claimed": 50, "event": "outbox_dispatch_batch_completed", "lease_lost": 0, "level": "info", "published": 50, "retry_scheduled": 0, "role": "outbox_dispatcher", "timestamp": "2026-08-07T12:08:57.502148Z"}
api-1       | INFO:     127.0.0.1:59398 - "GET /health/ready HTTP/1.1" 200 OK
api-1       | {"duration_ms": 88.535, "event": "http_request_completed", "level": "info", "method": "GET", "outcome": "success", "path": "/health/ready", "request_id": "c956fac7-79f5-4838-9ae8-463e6b557645", "status_code": 200, "timestamp": "2026-08-07T12:08:57.509298Z", "trace_id": "eb44357065f26b82486f10f0230fdd2e"}
api-1       | INFO:     127.0.0.1:59408 - "GET /metrics HTTP/1.1" 200 OK
api-1       | {"duration_ms": 81.164, "event": "http_request_completed", "level": "info", "method": "GET", "outcome": "success", "path": "/metrics", "request_id": "d0ca03de-abd0-499a-98b8-634f35cbdd66", "status_code": 200, "timestamp": "2026-08-07T12:08:57.515918Z", "trace_id": "2c5fb33b46e924ad4d76dcc596b498a5"}
api-1       | {"claimed": 50, "event": "outbox_dispatch_batch_completed", "lease_lost": 0, "level": "info", "published": 50, "retry_scheduled": 0, "role": "outbox_dispatcher", "timestamp": "2026-08-07T12:08:58.250041Z"}
api-1       | {"claimed": 50, "event": "outbox_dispatch_batch_completed", "lease_lost": 0, "level": "info", "published": 50, "retry_scheduled": 0, "role": "outbox_dispatcher", "timestamp": "2026-08-07T12:08:58.967688Z"}
api-1       | INFO:     172.18.0.1:47486 - "POST /api/v1/runs HTTP/1.1" 202 Accepted
api-1       | {"api_key_prefix": "evk_5237dfcc3619", "duration_ms": 214.369, "event": "http_request_completed", "level": "info", "method": "POST", "outcome": "success", "path": "/api/v1/runs", "request_id": "80634d28-abb6-4cc7-9f68-dc36aad683be", "status_code": 202, "tenant_id": "ab5af908-be70-4f29-8729-5ed3535f4689", "timestamp": "2026-08-07T12:08:59.425535Z", "trace_id": "23858cf5d53ced8d697dc74c13eb7f94"}
api-1       | INFO:     172.18.0.1:47486 - "GET /api/v1/runs/30fbfb92-48ce-4fd9-8563-9b02f17bd6c6 HTTP/1.1" 200 OK
api-1       | {"api_key_prefix": "evk_5237dfcc3619", "duration_ms": 101.094, "event": "http_request_completed", "level": "info", "method": "GET", "outcome": "success", "path": "/api/v1/runs/30fbfb92-48ce-4fd9-8563-9b02f17bd6c6", "request_id": "16f3dc76-ef0d-4a83-b16e-de0a3c82b5d0", "status_code": 200, "tenant_id": "ab5af908-be70-4f29-8729-5ed3535f4689", "timestamp": "2026-08-07T12:08:59.528648Z", "trace_id": "be0e40b06613a45bdb5814815a710cfb"}
api-1       | {"claimed": 50, "event": "outbox_dispatch_batch_completed", "lease_lost": 0, "level": "info", "published": 50, "retry_scheduled": 0, "role": "outbox_dispatcher", "timestamp": "2026-08-07T12:08:59.655597Z"}
api-1       | INFO:     172.18.0.1:47486 - "GET /api/v1/runs/30fbfb92-48ce-4fd9-8563-9b02f17bd6c6 HTTP/1.1" 200 OK
api-1       | {"api_key_prefix": "evk_5237dfcc3619", "duration_ms": 72.553, "event": "http_request_completed", "level": "info", "method": "GET", "outcome": "success", "path": "/api/v1/runs/30fbfb92-48ce-4fd9-8563-9b02f17bd6c6", "request_id": "2ecefe4a-e13a-4986-9996-bf7d747ae421", "status_code": 200, "tenant_id": "ab5af908-be70-4f29-8729-5ed3535f4689", "timestamp": "2026-08-07T12:09:00.103669Z", "trace_id": "cc581cf61eaea98794641acfb8a8bd31"}
api-1       | {"claimed": 50, "event": "outbox_dispatch_batch_completed", "lease_lost": 0, "level": "info", "published": 50, "retry_scheduled": 0, "role": "outbox_dispatcher", "timestamp": "2026-08-07T12:09:00.478676Z"}
api-1       | INFO:     172.18.0.1:47486 - "GET /api/v1/runs/30fbfb92-48ce-4fd9-8563-9b02f17bd6c6 HTTP/1.1" 200 OK
api-1       | {"api_key_prefix": "evk_5237dfcc3619", "duration_ms": 73.992, "event": "http_request_completed", "level": "info", "method": "GET", "outcome": "success", "path": "/api/v1/runs/30fbfb92-48ce-4fd9-8563-9b02f17bd6c6", "request_id": "3305ffb9-706e-4d8a-bc35-98d5b6be777e", "status_code": 200, "tenant_id": "ab5af908-be70-4f29-8729-5ed3535f4689", "timestamp": "2026-08-07T12:09:00.680914Z", "trace_id": "f294f7893626c27c3000558e7e3c1268"}
api-1       | {"claimed": 50, "event": "outbox_dispatch_batch_completed", "lease_lost": 0, "level": "info", "published": 50, "retry_scheduled": 0, "role": "outbox_dispatcher", "timestamp": "2026-08-07T12:09:01.249495Z"}
api-1       | INFO:     172.18.0.1:47486 - "GET /api/v1/runs/30fbfb92-48ce-4fd9-8563-9b02f17bd6c6 HTTP/1.1" 200 OK
api-1       | {"api_key_prefix": "evk_5237dfcc3619", "duration_ms": 139.375, "event": "http_request_completed", "level": "info", "method": "GET", "outcome": "success", "path": "/api/v1/runs/30fbfb92-48ce-4fd9-8563-9b02f17bd6c6", "request_id": "3f178419-bea9-47b9-8f5e-1d648b91dfea", "status_code": 200, "tenant_id": "ab5af908-be70-4f29-8729-5ed3535f4689", "timestamp": "2026-08-07T12:09:01.326546Z", "trace_id": "85e579eb036cf4f9a0209b9186354970"}
api-1       | {"claimed": 50, "event": "outbox_dispatch_batch_completed", "lease_lost": 0, "level": "info", "published": 50, "retry_scheduled": 0, "role": "outbox_dispatcher", "timestamp": "2026-08-07T12:09:02.050662Z"}
api-1       | INFO:     172.18.0.1:47486 - "GET /api/v1/runs/30fbfb92-48ce-4fd9-8563-9b02f17bd6c6 HTTP/1.1" 200 OK
api-1       | {"api_key_prefix": "evk_5237dfcc3619", "duration_ms": 259.116, "event": "http_request_completed", "level": "info", "method": "GET", "outcome": "success", "path": "/api/v1/runs/30fbfb92-48ce-4fd9-8563-9b02f17bd6c6", "request_id": "fa7826cf-055a-4fb8-a453-a62aae6c3f14", "status_code": 200, "tenant_id": "ab5af908-be70-4f29-8729-5ed3535f4689", "timestamp": "2026-08-07T12:09:02.092524Z", "trace_id": "e3ec74d0394605ae7f5234f91846cb87"}
api-1       | {"claimed": 50, "event": "outbox_dispatch_batch_completed", "lease_lost": 0, "level": "info", "published": 50, "retry_scheduled": 0, "role": "outbox_dispatcher", "timestamp": "2026-08-07T12:09:02.941476Z"}
api-1       | INFO:     172.18.0.1:47486 - "GET /api/v1/runs/30fbfb92-48ce-4fd9-8563-9b02f17bd6c6 HTTP/1.1" 200 OK
api-1       | {"api_key_prefix": "evk_5237dfcc3619", "duration_ms": 426.572, "event": "http_request_completed", "level": "info", "method": "GET", "outcome": "success", "path": "/api/v1/runs/30fbfb92-48ce-4fd9-8563-9b02f17bd6c6", "request_id": "c7538427-411c-46d4-8061-7138c8c05886", "status_code": 200, "tenant_id": "ab5af908-be70-4f29-8729-5ed3535f4689", "timestamp": "2026-08-07T12:09:03.067412Z", "trace_id": "7ea0b20f6708f673c46e3e9395982607"}
api-1       | {"event": "Context impl PostgresqlImpl.", "level": "info", "request_id": "d7d29d41-c56f-4ac3-a14c-f7c736f91e23", "timestamp": "2026-08-07T12:09:03.157142Z", "trace_id": "b967736869643af7ae8e99d9404f0be9"}
api-1       | {"event": "Will assume transactional DDL.", "level": "info", "request_id": "d7d29d41-c56f-4ac3-a14c-f7c736f91e23", "timestamp": "2026-08-07T12:09:03.157303Z", "trace_id": "b967736869643af7ae8e99d9404f0be9"}
api-1       | INFO:     127.0.0.1:59458 - "GET /health/ready HTTP/1.1" 200 OK
api-1       | {"duration_ms": 44.261, "event": "http_request_completed", "level": "info", "method": "GET", "outcome": "success", "path": "/health/ready", "request_id": "d7d29d41-c56f-4ac3-a14c-f7c736f91e23", "status_code": 200, "timestamp": "2026-08-07T12:09:03.170543Z", "trace_id": "b967736869643af7ae8e99d9404f0be9"}
api-1       | {"claimed": 50, "event": "outbox_dispatch_batch_completed", "lease_lost": 0, "level": "info", "published": 50, "retry_scheduled": 0, "role": "outbox_dispatcher", "timestamp": "2026-08-07T12:09:03.694053Z"}
api-1       | INFO:     172.18.0.1:47486 - "GET /api/v1/runs/30fbfb92-48ce-4fd9-8563-9b02f17bd6c6 HTTP/1.1" 200 OK
api-1       | {"api_key_prefix": "evk_5237dfcc3619", "duration_ms": 180.894, "event": "http_request_completed", "level": "info", "method": "GET", "outcome": "success", "path": "/api/v1/runs/30fbfb92-48ce-4fd9-8563-9b02f17bd6c6", "request_id": "b8506cdc-9354-47a0-83ad-e5c8dbe9c990", "status_code": 200, "tenant_id": "ab5af908-be70-4f29-8729-5ed3535f4689", "timestamp": "2026-08-07T12:09:03.755819Z", "trace_id": "04a398531e35b77729cd8a15cc186d26"}
api-1       | {"claimed": 50, "event": "outbox_dispatch_batch_completed", "lease_lost": 0, "level": "info", "published": 50, "retry_scheduled": 0, "role": "outbox_dispatcher", "timestamp": "2026-08-07T12:09:04.452895Z"}
api-1       | INFO:     172.18.0.1:47486 - "GET /api/v1/runs/30fbfb92-48ce-4fd9-8563-9b02f17bd6c6 HTTP/1.1" 200 OK
api-1       | {"api_key_prefix": "evk_5237dfcc3619", "duration_ms": 212.115, "event": "http_request_completed", "level": "info", "method": "GET", "outcome": "success", "path": "/api/v1/runs/30fbfb92-48ce-4fd9-8563-9b02f17bd6c6", "request_id": "beb04bd6-754b-4d63-aa85-70d277ed1939", "status_code": 200, "tenant_id": "ab5af908-be70-4f29-8729-5ed3535f4689", "timestamp": "2026-08-07T12:09:04.472535Z", "trace_id": "dc7c43904f290e9ade157a556908306f"}
api-1       | {"claimed": 50, "event": "outbox_dispatch_batch_completed", "lease_lost": 0, "level": "info", "published": 50, "retry_scheduled": 0, "role": "outbox_dispatcher", "timestamp": "2026-08-07T12:09:05.199615Z"}
api-1       | INFO:     172.18.0.1:47486 - "GET /api/v1/runs/30fbfb92-48ce-4fd9-8563-9b02f17bd6c6 HTTP/1.1" 200 OK
api-1       | {"api_key_prefix": "evk_5237dfcc3619", "duration_ms": 289.103, "event": "http_request_completed", "level": "info", "method": "GET", "outcome": "success", "path": "/api/v1/runs/30fbfb92-48ce-4fd9-8563-9b02f17bd6c6", "request_id": "9f164bce-5c8f-456d-9b17-58de30d99b6b", "status_code": 200, "tenant_id": "ab5af908-be70-4f29-8729-5ed3535f4689", "timestamp": "2026-08-07T12:09:05.275659Z", "trace_id": "843965750ed5769990e8f19329f11f08"}
api-1       | {"claimed": 50, "event": "outbox_dispatch_batch_completed", "lease_lost": 0, "level": "info", "published": 50, "retry_scheduled": 0, "role": "outbox_dispatcher", "timestamp": "2026-08-07T12:09:06.049563Z"}
api-1       | INFO:     172.18.0.1:47486 - "GET /api/v1/runs/30fbfb92-48ce-4fd9-8563-9b02f17bd6c6 HTTP/1.1" 200 OK
api-1       | {"api_key_prefix": "evk_5237dfcc3619", "duration_ms": 279.036, "event": "http_request_completed", "level": "info", "method": "GET", "outcome": "success", "path": "/api/v1/runs/30fbfb92-48ce-4fd9-8563-9b02f17bd6c6", "request_id": "7bdf7fd6-d95c-47cc-a83c-9174afee5099", "status_code": 200, "tenant_id": "ab5af908-be70-4f29-8729-5ed3535f4689", "timestamp": "2026-08-07T12:09:06.130687Z", "trace_id": "3acc1879a68013889a5a0852c808bdc3"}
api-1       | {"claimed": 50, "event": "outbox_dispatch_batch_completed", "lease_lost": 0, "level": "info", "published": 50, "retry_scheduled": 0, "role": "outbox_dispatcher", "timestamp": "2026-08-07T12:09:06.760353Z"}
api-1       | INFO:     172.18.0.1:47486 - "GET /api/v1/runs/30fbfb92-48ce-4fd9-8563-9b02f17bd6c6 HTTP/1.1" 200 OK
api-1       | {"api_key_prefix": "evk_5237dfcc3619", "duration_ms": 176.044, "event": "http_request_completed", "level": "info", "method": "GET", "outcome": "success", "path": "/api/v1/runs/30fbfb92-48ce-4fd9-8563-9b02f17bd6c6", "request_id": "afdeb930-9b8a-48c1-93f2-2b336a6a0354", "status_code": 200, "tenant_id": "ab5af908-be70-4f29-8729-5ed3535f4689", "timestamp": "2026-08-07T12:09:06.824775Z", "trace_id": "fc1e302f82b507e374549277e10e4b2d"}
api-1       | INFO:     172.18.0.1:47486 - "GET /api/v1/runs/30fbfb92-48ce-4fd9-8563-9b02f17bd6c6/cases?limit=200&sort=case_id HTTP/1.1" 200 OK
api-1       | {"api_key_prefix": "evk_5237dfcc3619", "duration_ms": 75.996, "event": "http_request_completed", "level": "info", "method": "GET", "outcome": "success", "path": "/api/v1/runs/30fbfb92-48ce-4fd9-8563-9b02f17bd6c6/cases", "request_id": "3bfc027e-06ae-4507-a513-8c46d86efab6", "status_code": 200, "tenant_id": "ab5af908-be70-4f29-8729-5ed3535f4689", "timestamp": "2026-08-07T12:09:06.902678Z", "trace_id": "00e7fd1a31737d426aec5d079115d308"}
api-1       | INFO:     172.18.0.1:47486 - "GET /api/v1/runs/30fbfb92-48ce-4fd9-8563-9b02f17bd6c6/cases?limit=200&sort=case_id&cursor=eyJkaXJlY3Rpb24iOiJhc2MiLCJlcnJvcl9jb2RlIjpudWxsLCJqb2JfaWQiOiI0MjAzYWY3Yy04OTUzLTQxZDQtYWVlMi1lZmI1ZWJkYzY2YTMiLCJtZXRyaWMiOm51bGwsInNvcnQiOiJjYXNlX2lkIiwic3RhdHVzIjpudWxsLCJ2IjoxLCJ2YWx1ZSI6ImxvYWQtMDE5OSJ9 HTTP/1.1" 200 OK
api-1       | {"api_key_prefix": "evk_5237dfcc3619", "duration_ms": 75.125, "event": "http_request_completed", "level": "info", "method": "GET", "outcome": "success", "path": "/api/v1/runs/30fbfb92-48ce-4fd9-8563-9b02f17bd6c6/cases", "request_id": "ca2b7d89-f1be-4d51-b754-0f20f30e5a6a", "status_code": 200, "tenant_id": "ab5af908-be70-4f29-8729-5ed3535f4689", "timestamp": "2026-08-07T12:09:06.980784Z", "trace_id": "b174891434801fe0d5905e30098806d5"}
api-1       | INFO:     172.18.0.1:47486 - "GET /api/v1/runs/30fbfb92-48ce-4fd9-8563-9b02f17bd6c6/cases?limit=200&sort=case_id&cursor=eyJkaXJlY3Rpb24iOiJhc2MiLCJlcnJvcl9jb2RlIjpudWxsLCJqb2JfaWQiOiI5Y2UxYmI1Ny02YTU4LTQ5M2MtYmNiMC1mZmQ0OGViNGYxOGQiLCJtZXRyaWMiOm51bGwsInNvcnQiOiJjYXNlX2lkIiwic3RhdHVzIjpudWxsLCJ2IjoxLCJ2YWx1ZSI6ImxvYWQtMDM5OSJ9 HTTP/1.1" 200 OK
api-1       | {"api_key_prefix": "evk_5237dfcc3619", "duration_ms": 66.227, "event": "http_request_completed", "level": "info", "method": "GET", "outcome": "success", "path": "/api/v1/runs/30fbfb92-48ce-4fd9-8563-9b02f17bd6c6/cases", "request_id": "d6a495be-4067-4831-a38f-c788a1e5ab48", "status_code": 200, "tenant_id": "ab5af908-be70-4f29-8729-5ed3535f4689", "timestamp": "2026-08-07T12:09:07.049576Z", "trace_id": "aa690c45428b211536fe94f1435522e3"}
api-1       | {"claimed": 50, "event": "outbox_dispatch_batch_completed", "lease_lost": 0, "level": "info", "published": 50, "retry_scheduled": 0, "role": "outbox_dispatcher", "timestamp": "2026-08-07T12:09:07.546924Z"}
api-1       | INFO:     127.0.0.1:32916 - "GET /metrics HTTP/1.1" 200 OK
api-1       | {"duration_ms": 50.891, "event": "http_request_completed", "level": "info", "method": "GET", "outcome": "success", "path": "/metrics", "request_id": "e9978e1f-547f-4e9f-9e51-34418818bca0", "status_code": 200, "timestamp": "2026-08-07T12:09:07.612581Z", "trace_id": "c54822ce08b85dfcacc98ea4f9e5dc70"}
api-1       | {"claimed": 50, "event": "outbox_dispatch_batch_completed", "lease_lost": 0, "level": "info", "published": 50, "retry_scheduled": 0, "role": "outbox_dispatcher", "timestamp": "2026-08-07T12:09:08.316819Z"}
api-1       | {"event": "Context impl PostgresqlImpl.", "level": "info", "request_id": "2b00f953-ff2d-419a-bfc1-c42639d4ea33", "timestamp": "2026-08-07T12:09:08.583581Z", "trace_id": "2fba2b33fb3ae193d7c22dc96af36dc0"}
api-1       | {"event": "Will assume transactional DDL.", "level": "info", "request_id": "2b00f953-ff2d-419a-bfc1-c42639d4ea33", "timestamp": "2026-08-07T12:09:08.583726Z", "trace_id": "2fba2b33fb3ae193d7c22dc96af36dc0"}
api-1       | INFO:     127.0.0.1:32924 - "GET /health/ready HTTP/1.1" 200 OK
api-1       | {"duration_ms": 33.582, "event": "http_request_completed", "level": "info", "method": "GET", "outcome": "success", "path": "/health/ready", "request_id": "2b00f953-ff2d-419a-bfc1-c42639d4ea33", "status_code": 200, "timestamp": "2026-08-07T12:09:08.594177Z", "trace_id": "2fba2b33fb3ae193d7c22dc96af36dc0"}
api-1       | {"claimed": 50, "event": "outbox_dispatch_batch_completed", "lease_lost": 0, "level": "info", "published": 50, "retry_scheduled": 0, "role": "outbox_dispatcher", "timestamp": "2026-08-07T12:09:09.050913Z"}
api-1       | {"claimed": 50, "event": "outbox_dispatch_batch_completed", "lease_lost": 0, "level": "info", "published": 50, "retry_scheduled": 0, "role": "outbox_dispatcher", "timestamp": "2026-08-07T12:09:09.751766Z"}
api-1       | {"claimed": 50, "event": "outbox_dispatch_batch_completed", "lease_lost": 0, "level": "info", "published": 50, "retry_scheduled": 0, "role": "outbox_dispatcher", "timestamp": "2026-08-07T12:09:10.428743Z"}
api-1       | {"claimed": 50, "event": "outbox_dispatch_batch_completed", "lease_lost": 0, "level": "info", "published": 50, "retry_scheduled": 0, "role": "outbox_dispatcher", "timestamp": "2026-08-07T12:09:11.187134Z"}
api-1       | {"claimed": 50, "event": "outbox_dispatch_batch_completed", "lease_lost": 0, "level": "info", "published": 50, "retry_scheduled": 0, "role": "outbox_dispatcher", "timestamp": "2026-08-07T12:09:11.896226Z"}
api-1       | INFO:     172.18.0.1:47486 - "POST /api/v1/runs HTTP/1.1" 202 Accepted
api-1       | {"api_key_prefix": "evk_5237dfcc3619", "duration_ms": 151.713, "event": "http_request_completed", "level": "info", "method": "POST", "outcome": "success", "path": "/api/v1/runs", "request_id": "1cbe414b-70b1-4825-ac1e-f72b44081ebf", "status_code": 202, "tenant_id": "ab5af908-be70-4f29-8729-5ed3535f4689", "timestamp": "2026-08-07T12:09:11.963145Z", "trace_id": "0e6d0a8883876dc31e4f391c0848b0c8"}
api-1       | INFO:     172.18.0.1:47486 - "GET /api/v1/runs/81092718-14e7-4438-8bae-9c1f88b3700c HTTP/1.1" 200 OK
api-1       | {"api_key_prefix": "evk_5237dfcc3619", "duration_ms": 61.375, "event": "http_request_completed", "level": "info", "method": "GET", "outcome": "success", "path": "/api/v1/runs/81092718-14e7-4438-8bae-9c1f88b3700c", "request_id": "7dcd1fe3-c2a9-45e5-8944-307a906cd9d8", "status_code": 200, "tenant_id": "ab5af908-be70-4f29-8729-5ed3535f4689", "timestamp": "2026-08-07T12:09:12.026144Z", "trace_id": "a29f6f8145972109984aef12b8fb7a23"}
api-1       | {"claimed": 50, "event": "outbox_dispatch_batch_completed", "lease_lost": 0, "level": "info", "published": 50, "retry_scheduled": 0, "role": "outbox_dispatcher", "timestamp": "2026-08-07T12:09:12.660948Z"}
api-1       | INFO:     172.18.0.1:47486 - "GET /api/v1/runs/81092718-14e7-4438-8bae-9c1f88b3700c HTTP/1.1" 200 OK
api-1       | {"api_key_prefix": "evk_5237dfcc3619", "duration_ms": 144.16, "event": "http_request_completed", "level": "info", "method": "GET", "outcome": "success", "path": "/api/v1/runs/81092718-14e7-4438-8bae-9c1f88b3700c", "request_id": "5977f9a4-9538-4938-8af6-bb9e5e8f6fe7", "status_code": 200, "tenant_id": "ab5af908-be70-4f29-8729-5ed3535f4689", "timestamp": "2026-08-07T12:09:12.681435Z", "trace_id": "5b9831743a6c83d18ab748cffc027fdc"}
api-1       | {"claimed": 50, "event": "outbox_dispatch_batch_completed", "lease_lost": 0, "level": "info", "published": 50, "retry_scheduled": 0, "role": "outbox_dispatcher", "timestamp": "2026-08-07T12:09:13.353647Z"}
api-1       | INFO:     172.18.0.1:47486 - "GET /api/v1/runs/81092718-14e7-4438-8bae-9c1f88b3700c HTTP/1.1" 200 OK
api-1       | {"api_key_prefix": "evk_5237dfcc3619", "duration_ms": 203.063, "event": "http_request_completed", "level": "info", "method": "GET", "outcome": "success", "path": "/api/v1/runs/81092718-14e7-4438-8bae-9c1f88b3700c", "request_id": "ceb0f25d-e18b-445a-aaf6-125a7621f1aa", "status_code": 200, "tenant_id": "ab5af908-be70-4f29-8729-5ed3535f4689", "timestamp": "2026-08-07T12:09:13.414268Z", "trace_id": "2b7bfc8983f586e31d554de23568e3f6"}
api-1       | INFO:     172.18.0.1:47486 - "GET /api/v1/runs/81092718-14e7-4438-8bae-9c1f88b3700c/cases?limit=200&sort=case_id HTTP/1.1" 200 OK
api-1       | {"api_key_prefix": "evk_5237dfcc3619", "duration_ms": 65.431, "event": "http_request_completed", "level": "info", "method": "GET", "outcome": "success", "path": "/api/v1/runs/81092718-14e7-4438-8bae-9c1f88b3700c/cases", "request_id": "2282aae4-f86a-40ec-b1fc-9798dfb9cb6b", "status_code": 200, "tenant_id": "ab5af908-be70-4f29-8729-5ed3535f4689", "timestamp": "2026-08-07T12:09:13.481443Z", "trace_id": "1e0755e9a1572d9d7149fd23af15b1a0"}
api-1       | {"event": "Context impl PostgresqlImpl.", "level": "info", "request_id": "732cd3a9-6f30-4b89-b687-cf0d0263658d", "timestamp": "2026-08-07T12:09:14.413230Z", "trace_id": "13082e59a4a57e07a6385f8773c94d06"}
api-1       | {"event": "Will assume transactional DDL.", "level": "info", "request_id": "732cd3a9-6f30-4b89-b687-cf0d0263658d", "timestamp": "2026-08-07T12:09:14.413406Z", "trace_id": "13082e59a4a57e07a6385f8773c94d06"}
api-1       | {"claimed": 50, "event": "outbox_dispatch_batch_completed", "lease_lost": 0, "level": "info", "published": 50, "retry_scheduled": 0, "role": "outbox_dispatcher", "timestamp": "2026-08-07T12:09:14.414344Z"}
api-1       | INFO:     127.0.0.1:32968 - "GET /metrics HTTP/1.1" 200 OK
api-1       | {"duration_ms": 112.24, "event": "http_request_completed", "level": "info", "method": "GET", "outcome": "success", "path": "/metrics", "request_id": "faa1736d-c49b-4737-b17a-fd85aa662ff6", "status_code": 200, "timestamp": "2026-08-07T12:09:14.424449Z", "trace_id": "54c24e90aa3230ea3a3d18afea733db1"}
api-1       | INFO:     127.0.0.1:32972 - "GET /health/ready HTTP/1.1" 200 OK
api-1       | {"duration_ms": 69.661, "event": "http_request_completed", "level": "info", "method": "GET", "outcome": "success", "path": "/health/ready", "request_id": "732cd3a9-6f30-4b89-b687-cf0d0263658d", "status_code": 200, "timestamp": "2026-08-07T12:09:14.425164Z", "trace_id": "13082e59a4a57e07a6385f8773c94d06"}
api-1       | {"claimed": 50, "event": "outbox_dispatch_batch_completed", "lease_lost": 0, "level": "info", "published": 50, "retry_scheduled": 0, "role": "outbox_dispatcher", "timestamp": "2026-08-07T12:09:15.098941Z"}
api-1       | {"claimed": 50, "event": "outbox_dispatch_batch_completed", "lease_lost": 0, "level": "info", "published": 50, "retry_scheduled": 0, "role": "outbox_dispatcher", "timestamp": "2026-08-07T12:09:15.852255Z"}
api-1       | INFO:     172.18.0.1:47486 - "POST /api/v1/runs HTTP/1.1" 202 Accepted
api-1       | {"api_key_prefix": "evk_5237dfcc3619", "duration_ms": 357.84, "event": "http_request_completed", "level": "info", "method": "POST", "outcome": "success", "path": "/api/v1/runs", "request_id": "b645ee48-fb70-427d-9cae-8e6a0d385b9f", "status_code": 202, "tenant_id": "ab5af908-be70-4f29-8729-5ed3535f4689", "timestamp": "2026-08-07T12:09:16.602471Z", "trace_id": "805a3af901982399d62627ba822cf21a"}
api-1       | {"claimed": 50, "event": "outbox_dispatch_batch_completed", "lease_lost": 0, "level": "info", "published": 50, "retry_scheduled": 0, "role": "outbox_dispatcher", "timestamp": "2026-08-07T12:09:16.656153Z"}
api-1       | INFO:     172.18.0.1:47486 - "GET /api/v1/runs/83f94509-c7d3-4256-8a9c-6170889b9231 HTTP/1.1" 200 OK
api-1       | {"api_key_prefix": "evk_5237dfcc3619", "duration_ms": 104.894, "event": "http_request_completed", "level": "info", "method": "GET", "outcome": "success", "path": "/api/v1/runs/83f94509-c7d3-4256-8a9c-6170889b9231", "request_id": "0b1204ba-352d-48ff-a2ca-152682445e8c", "status_code": 200, "tenant_id": "ab5af908-be70-4f29-8729-5ed3535f4689", "timestamp": "2026-08-07T12:09:16.713155Z", "trace_id": "055e65a7eda55dec601147fd82ccd703"}
api-1       | {"claimed": 50, "event": "outbox_dispatch_batch_completed", "lease_lost": 0, "level": "info", "published": 50, "retry_scheduled": 0, "role": "outbox_dispatcher", "timestamp": "2026-08-07T12:09:17.399679Z"}
api-1       | INFO:     172.18.0.1:47486 - "GET /api/v1/runs/83f94509-c7d3-4256-8a9c-6170889b9231 HTTP/1.1" 200 OK
api-1       | {"api_key_prefix": "evk_5237dfcc3619", "duration_ms": 250.129, "event": "http_request_completed", "level": "info", "method": "GET", "outcome": "success", "path": "/api/v1/runs/83f94509-c7d3-4256-8a9c-6170889b9231", "request_id": "0afe8110-442c-4daf-830e-80b4a012c752", "status_code": 200, "tenant_id": "ab5af908-be70-4f29-8729-5ed3535f4689", "timestamp": "2026-08-07T12:09:17.476716Z", "trace_id": "ec206b173a91d687e1a02321d89a86bd"}
api-1       | {"claimed": 50, "event": "outbox_dispatch_batch_completed", "lease_lost": 0, "level": "info", "published": 50, "retry_scheduled": 0, "role": "outbox_dispatcher", "timestamp": "2026-08-07T12:09:18.168349Z"}
api-1       | INFO:     172.18.0.1:47486 - "GET /api/v1/runs/83f94509-c7d3-4256-8a9c-6170889b9231 HTTP/1.1" 200 OK
api-1       | {"api_key_prefix": "evk_5237dfcc3619", "duration_ms": 255.26, "event": "http_request_completed", "level": "info", "method": "GET", "outcome": "success", "path": "/api/v1/runs/83f94509-c7d3-4256-8a9c-6170889b9231", "request_id": "553c40c0-1ecd-4787-828b-5529c5791703", "status_code": 200, "tenant_id": "ab5af908-be70-4f29-8729-5ed3535f4689", "timestamp": "2026-08-07T12:09:18.260897Z", "trace_id": "a4cf9569e0665e308537da317fb10678"}
api-1       | {"claimed": 50, "event": "outbox_dispatch_batch_completed", "lease_lost": 0, "level": "info", "published": 50, "retry_scheduled": 0, "role": "outbox_dispatcher", "timestamp": "2026-08-07T12:09:18.967589Z"}
api-1       | INFO:     172.18.0.1:47486 - "GET /api/v1/runs/83f94509-c7d3-4256-8a9c-6170889b9231 HTTP/1.1" 200 OK
api-1       | {"api_key_prefix": "evk_5237dfcc3619", "duration_ms": 298.525, "event": "http_request_completed", "level": "info", "method": "GET", "outcome": "success", "path": "/api/v1/runs/83f94509-c7d3-4256-8a9c-6170889b9231", "request_id": "79a0edaf-d4e5-48d9-8daf-f0a5007a5583", "status_code": 200, "tenant_id": "ab5af908-be70-4f29-8729-5ed3535f4689", "timestamp": "2026-08-07T12:09:19.063009Z", "trace_id": "0c2719444f8ca02870243e618269d52c"}
api-1       | {"event": "Context impl PostgresqlImpl.", "level": "info", "request_id": "9051efa9-dc9f-4f8a-8f94-d66f7cdc773f", "timestamp": "2026-08-07T12:09:20.136970Z", "trace_id": "35abbe3e367a16e5b483edabd46e86e9"}
api-1       | {"event": "Will assume transactional DDL.", "level": "info", "request_id": "9051efa9-dc9f-4f8a-8f94-d66f7cdc773f", "timestamp": "2026-08-07T12:09:20.137168Z", "trace_id": "35abbe3e367a16e5b483edabd46e86e9"}
api-1       | {"claimed": 50, "event": "outbox_dispatch_batch_completed", "lease_lost": 0, "level": "info", "published": 50, "retry_scheduled": 0, "role": "outbox_dispatcher", "timestamp": "2026-08-07T12:09:20.146679Z"}
api-1       | INFO:     127.0.0.1:42038 - "GET /health/ready HTTP/1.1" 200 OK
api-1       | {"duration_ms": 87.559, "event": "http_request_completed", "level": "info", "method": "GET", "outcome": "success", "path": "/health/ready", "request_id": "9051efa9-dc9f-4f8a-8f94-d66f7cdc773f", "status_code": 200, "timestamp": "2026-08-07T12:09:20.158384Z", "trace_id": "35abbe3e367a16e5b483edabd46e86e9"}
api-1       | INFO:     172.18.0.1:47486 - "GET /api/v1/runs/83f94509-c7d3-4256-8a9c-6170889b9231 HTTP/1.1" 200 OK
api-1       | {"api_key_prefix": "evk_5237dfcc3619", "duration_ms": 391.196, "event": "http_request_completed", "level": "info", "method": "GET", "outcome": "success", "path": "/api/v1/runs/83f94509-c7d3-4256-8a9c-6170889b9231", "request_id": "475b281c-2a61-4683-a77b-e6276a7267fd", "status_code": 200, "tenant_id": "ab5af908-be70-4f29-8729-5ed3535f4689", "timestamp": "2026-08-07T12:09:20.239518Z", "trace_id": "dee65a6613a24390e7fa1914bbd5e208"}
api-1       | {"claimed": 50, "event": "outbox_dispatch_batch_completed", "lease_lost": 0, "level": "info", "published": 50, "retry_scheduled": 0, "role": "outbox_dispatcher", "timestamp": "2026-08-07T12:09:20.904643Z"}
api-1       | INFO:     172.18.0.1:47486 - "GET /api/v1/runs/83f94509-c7d3-4256-8a9c-6170889b9231 HTTP/1.1" 200 OK
api-1       | {"api_key_prefix": "evk_5237dfcc3619", "duration_ms": 193.741, "event": "http_request_completed", "level": "info", "method": "GET", "outcome": "success", "path": "/api/v1/runs/83f94509-c7d3-4256-8a9c-6170889b9231", "request_id": "b10453da-93e7-402c-aefa-672406d328a8", "status_code": 200, "tenant_id": "ab5af908-be70-4f29-8729-5ed3535f4689", "timestamp": "2026-08-07T12:09:20.965238Z", "trace_id": "6f1763252617d67fec05af162ac6df5e"}
api-1       | {"claimed": 50, "event": "outbox_dispatch_batch_completed", "lease_lost": 0, "level": "info", "published": 50, "retry_scheduled": 0, "role": "outbox_dispatcher", "timestamp": "2026-08-07T12:09:21.661863Z"}
api-1       | INFO:     172.18.0.1:47486 - "GET /api/v1/runs/83f94509-c7d3-4256-8a9c-6170889b9231 HTTP/1.1" 200 OK
api-1       | {"api_key_prefix": "evk_5237dfcc3619", "duration_ms": 253.865, "event": "http_request_completed", "level": "info", "method": "GET", "outcome": "success", "path": "/api/v1/runs/83f94509-c7d3-4256-8a9c-6170889b9231", "request_id": "8e6b6697-c6cd-4c0e-bd41-e101be991c39", "status_code": 200, "tenant_id": "ab5af908-be70-4f29-8729-5ed3535f4689", "timestamp": "2026-08-07T12:09:21.736949Z", "trace_id": "5880f17401c43e43313a77cebfa7c5a2"}
api-1       | {"claimed": 50, "event": "outbox_dispatch_batch_completed", "lease_lost": 0, "level": "info", "published": 50, "retry_scheduled": 0, "role": "outbox_dispatcher", "timestamp": "2026-08-07T12:09:22.402682Z"}
api-1       | INFO:     172.18.0.1:47486 - "GET /api/v1/runs/83f94509-c7d3-4256-8a9c-6170889b9231 HTTP/1.1" 200 OK
api-1       | {"api_key_prefix": "evk_5237dfcc3619", "duration_ms": 299.815, "event": "http_request_completed", "level": "info", "method": "GET", "outcome": "success", "path": "/api/v1/runs/83f94509-c7d3-4256-8a9c-6170889b9231", "request_id": "5d2ea2d8-3df1-4fa5-aea7-17307e631276", "status_code": 200, "tenant_id": "ab5af908-be70-4f29-8729-5ed3535f4689", "timestamp": "2026-08-07T12:09:22.544525Z", "trace_id": "9ce22311079b32ca5f4f4422a585f3a8"}
api-1       | {"claimed": 50, "event": "outbox_dispatch_batch_completed", "lease_lost": 0, "level": "info", "published": 50, "retry_scheduled": 0, "role": "outbox_dispatcher", "timestamp": "2026-08-07T12:09:23.151745Z"}
api-1       | INFO:     172.18.0.1:47486 - "GET /api/v1/runs/83f94509-c7d3-4256-8a9c-6170889b9231 HTTP/1.1" 200 OK
api-1       | {"api_key_prefix": "evk_5237dfcc3619", "duration_ms": 182.412, "event": "http_request_completed", "level": "info", "method": "GET", "outcome": "success", "path": "/api/v1/runs/83f94509-c7d3-4256-8a9c-6170889b9231", "request_id": "0d3bf038-6c80-40f2-8394-fcf01f974cf5", "status_code": 200, "tenant_id": "ab5af908-be70-4f29-8729-5ed3535f4689", "timestamp": "2026-08-07T12:09:23.231783Z", "trace_id": "00a57e76b70c117cfde171d8886805e3"}
api-1       | {"claimed": 50, "event": "outbox_dispatch_batch_completed", "lease_lost": 0, "level": "info", "published": 50, "retry_scheduled": 0, "role": "outbox_dispatcher", "timestamp": "2026-08-07T12:09:23.898934Z"}
api-1       | INFO:     172.18.0.1:47486 - "GET /api/v1/runs/83f94509-c7d3-4256-8a9c-6170889b9231 HTTP/1.1" 200 OK
api-1       | {"api_key_prefix": "evk_5237dfcc3619", "duration_ms": 196.891, "event": "http_request_completed", "level": "info", "method": "GET", "outcome": "success", "path": "/api/v1/runs/83f94509-c7d3-4256-8a9c-6170889b9231", "request_id": "7d7f6642-5e57-4a69-a6e6-4dcae1d82a50", "status_code": 200, "tenant_id": "ab5af908-be70-4f29-8729-5ed3535f4689", "timestamp": "2026-08-07T12:09:23.948853Z", "trace_id": "51dbc8aeea1b8a427266b750eed2c526"}
api-1       | INFO:     172.18.0.1:47486 - "GET /api/v1/runs/83f94509-c7d3-4256-8a9c-6170889b9231/cases?limit=200&sort=case_id HTTP/1.1" 200 OK
api-1       | {"api_key_prefix": "evk_5237dfcc3619", "duration_ms": 75.224, "event": "http_request_completed", "level": "info", "method": "GET", "outcome": "success", "path": "/api/v1/runs/83f94509-c7d3-4256-8a9c-6170889b9231/cases", "request_id": "b50ed00d-d1d2-4b41-acf2-aa4adcefdcbc", "status_code": 200, "tenant_id": "ab5af908-be70-4f29-8729-5ed3535f4689", "timestamp": "2026-08-07T12:09:24.026054Z", "trace_id": "ce645cdefd357451b6d0e74e102c9697"}
api-1       | INFO:     172.18.0.1:47486 - "GET /api/v1/runs/83f94509-c7d3-4256-8a9c-6170889b9231/cases?limit=200&sort=case_id&cursor=eyJkaXJlY3Rpb24iOiJhc2MiLCJlcnJvcl9jb2RlIjpudWxsLCJqb2JfaWQiOiI0MDJhNDY4Yy0xYjY5LTQyMGYtYTMzMC00M2Y3MmYxYWZiYmEiLCJtZXRyaWMiOm51bGwsInNvcnQiOiJjYXNlX2lkIiwic3RhdHVzIjpudWxsLCJ2IjoxLCJ2YWx1ZSI6ImxvYWQtMDE5OSJ9 HTTP/1.1" 200 OK
api-1       | {"api_key_prefix": "evk_5237dfcc3619", "duration_ms": 74.695, "event": "http_request_completed", "level": "info", "method": "GET", "outcome": "success", "path": "/api/v1/runs/83f94509-c7d3-4256-8a9c-6170889b9231/cases", "request_id": "eb08df7e-1876-4614-8368-f738589c7c53", "status_code": 200, "tenant_id": "ab5af908-be70-4f29-8729-5ed3535f4689", "timestamp": "2026-08-07T12:09:24.104042Z", "trace_id": "484f61a4a2f41a0247678dcb7c767d21"}
api-1       | INFO:     172.18.0.1:47486 - "GET /api/v1/runs/83f94509-c7d3-4256-8a9c-6170889b9231/cases?limit=200&sort=case_id&cursor=eyJkaXJlY3Rpb24iOiJhc2MiLCJlcnJvcl9jb2RlIjpudWxsLCJqb2JfaWQiOiI5ZTQ2MzM5Zi03ZmRmLTQ5NWMtYTBjMy05YjE0ODY1MDJkYjMiLCJtZXRyaWMiOm51bGwsInNvcnQiOiJjYXNlX2lkIiwic3RhdHVzIjpudWxsLCJ2IjoxLCJ2YWx1ZSI6ImxvYWQtMDM5OSJ9 HTTP/1.1" 200 OK
api-1       | {"api_key_prefix": "evk_5237dfcc3619", "duration_ms": 67.312, "event": "http_request_completed", "level": "info", "method": "GET", "outcome": "success", "path": "/api/v1/runs/83f94509-c7d3-4256-8a9c-6170889b9231/cases", "request_id": "db1d67cc-957c-4198-bf75-3baaa832eab9", "status_code": 200, "tenant_id": "ab5af908-be70-4f29-8729-5ed3535f4689", "timestamp": "2026-08-07T12:09:24.173925Z", "trace_id": "c44868e1d85bdfac137677e7d842cb2a"}
api-1       | {"claimed": 50, "event": "outbox_dispatch_batch_completed", "lease_lost": 0, "level": "info", "published": 50, "retry_scheduled": 0, "role": "outbox_dispatcher", "timestamp": "2026-08-07T12:09:24.787482Z"}
api-1       | INFO:     127.0.0.1:42046 - "GET /metrics HTTP/1.1" 200 OK
api-1       | {"duration_ms": 68.34, "event": "http_request_completed", "level": "info", "method": "GET", "outcome": "success", "path": "/metrics", "request_id": "50c1a7c3-cbc9-4b7b-b3f5-64d46dad77c6", "status_code": 200, "timestamp": "2026-08-07T12:09:24.797567Z", "trace_id": "9c8dcaf67363135a43bd968f27e5f959"}
api-1       | {"claimed": 50, "event": "outbox_dispatch_batch_completed", "lease_lost": 0, "level": "info", "published": 50, "retry_scheduled": 0, "role": "outbox_dispatcher", "timestamp": "2026-08-07T12:09:25.642499Z"}
api-1       | {"event": "Context impl PostgresqlImpl.", "level": "info", "request_id": "f2f5cfd7-da9f-4b9e-b90e-6522b922e107", "timestamp": "2026-08-07T12:09:25.700583Z", "trace_id": "0a5789cc9f5ec362d7e4bd5ac4cbf4b7"}
api-1       | {"event": "Will assume transactional DDL.", "level": "info", "request_id": "f2f5cfd7-da9f-4b9e-b90e-6522b922e107", "timestamp": "2026-08-07T12:09:25.700696Z", "trace_id": "0a5789cc9f5ec362d7e4bd5ac4cbf4b7"}
api-1       | INFO:     127.0.0.1:42058 - "GET /health/ready HTTP/1.1" 200 OK
api-1       | {"duration_ms": 55.541, "event": "http_request_completed", "level": "info", "method": "GET", "outcome": "success", "path": "/health/ready", "request_id": "f2f5cfd7-da9f-4b9e-b90e-6522b922e107", "status_code": 200, "timestamp": "2026-08-07T12:09:25.708249Z", "trace_id": "0a5789cc9f5ec362d7e4bd5ac4cbf4b7"}
api-1       | {"claimed": 50, "event": "outbox_dispatch_batch_completed", "lease_lost": 0, "level": "info", "published": 50, "retry_scheduled": 0, "role": "outbox_dispatcher", "timestamp": "2026-08-07T12:09:26.358900Z"}
api-1       | {"claimed": 50, "event": "outbox_dispatch_batch_completed", "lease_lost": 0, "level": "info", "published": 50, "retry_scheduled": 0, "role": "outbox_dispatcher", "timestamp": "2026-08-07T12:09:27.055311Z"}
api-1       | {"claimed": 50, "event": "outbox_dispatch_batch_completed", "lease_lost": 0, "level": "info", "published": 50, "retry_scheduled": 0, "role": "outbox_dispatcher", "timestamp": "2026-08-07T12:09:27.756725Z"}
api-1       | {"claimed": 50, "event": "outbox_dispatch_batch_completed", "lease_lost": 0, "level": "info", "published": 50, "retry_scheduled": 0, "role": "outbox_dispatcher", "timestamp": "2026-08-07T12:09:28.477565Z"}
api-1       | {"claimed": 50, "event": "outbox_dispatch_batch_completed", "lease_lost": 0, "level": "info", "published": 50, "retry_scheduled": 0, "role": "outbox_dispatcher", "timestamp": "2026-08-07T12:09:29.226173Z"}
api-1       | {"claimed": 50, "event": "outbox_dispatch_batch_completed", "lease_lost": 0, "level": "info", "published": 50, "retry_scheduled": 0, "role": "outbox_dispatcher", "timestamp": "2026-08-07T12:09:30.233343Z"}
api-1       | INFO:     172.18.0.1:33534 - "POST /api/v1/runs HTTP/1.1" 202 Accepted
api-1       | {"api_key_prefix": "evk_5237dfcc3619", "duration_ms": 434.401, "event": "http_request_completed", "level": "info", "method": "POST", "outcome": "success", "path": "/api/v1/runs", "request_id": "23f6c78a-7b1c-4f5c-b9ef-b79dca11d09b", "status_code": 202, "tenant_id": "ab5af908-be70-4f29-8729-5ed3535f4689", "timestamp": "2026-08-07T12:09:30.514033Z", "trace_id": "1b18b366483686e1caffa84c13aaa197"}
api-1       | INFO:     172.18.0.1:33534 - "GET /api/v1/runs/f7cb683d-2a78-4063-834d-0dc92326fcfa HTTP/1.1" 200 OK
api-1       | {"api_key_prefix": "evk_5237dfcc3619", "duration_ms": 141.286, "event": "http_request_completed", "level": "info", "method": "GET", "outcome": "success", "path": "/api/v1/runs/f7cb683d-2a78-4063-834d-0dc92326fcfa", "request_id": "5bedf3e0-051b-4d86-83ea-a7654d4224ec", "status_code": 200, "tenant_id": "ab5af908-be70-4f29-8729-5ed3535f4689", "timestamp": "2026-08-07T12:09:30.656961Z", "trace_id": "3f5989e0af315a2390e44762f98106c0"}
api-1       | {"claimed": 50, "event": "outbox_dispatch_batch_completed", "lease_lost": 0, "level": "info", "published": 50, "retry_scheduled": 0, "role": "outbox_dispatcher", "timestamp": "2026-08-07T12:09:31.868585Z"}
api-1       | INFO:     172.18.0.1:33534 - "GET /api/v1/runs/f7cb683d-2a78-4063-834d-0dc92326fcfa HTTP/1.1" 200 OK
api-1       | {"api_key_prefix": "evk_5237dfcc3619", "duration_ms": 794.212, "event": "http_request_completed", "level": "info", "method": "GET", "outcome": "success", "path": "/api/v1/runs/f7cb683d-2a78-4063-834d-0dc92326fcfa", "request_id": "52b38ded-6661-485d-b721-dc18f9e8b15f", "status_code": 200, "tenant_id": "ab5af908-be70-4f29-8729-5ed3535f4689", "timestamp": "2026-08-07T12:09:32.117465Z", "trace_id": "8194567d0be309deb5e01bc1f97b2518"}
api-1       | {"event": "Context impl PostgresqlImpl.", "level": "info", "request_id": "4538b0d7-f97d-419f-836c-085a78f651b5", "timestamp": "2026-08-07T12:09:32.165017Z", "trace_id": "ae3c5340fa2cf6e062635df3916c4e15"}
api-1       | {"event": "Will assume transactional DDL.", "level": "info", "request_id": "4538b0d7-f97d-419f-836c-085a78f651b5", "timestamp": "2026-08-07T12:09:32.166661Z", "trace_id": "ae3c5340fa2cf6e062635df3916c4e15"}
api-1       | INFO:     127.0.0.1:46230 - "GET /health/ready HTTP/1.1" 200 OK
api-1       | {"duration_ms": 57.395, "event": "http_request_completed", "level": "info", "method": "GET", "outcome": "success", "path": "/health/ready", "request_id": "4538b0d7-f97d-419f-836c-085a78f651b5", "status_code": 200, "timestamp": "2026-08-07T12:09:32.175529Z", "trace_id": "ae3c5340fa2cf6e062635df3916c4e15"}
api-1       | {"claimed": 50, "event": "outbox_dispatch_batch_completed", "lease_lost": 0, "level": "info", "published": 50, "retry_scheduled": 0, "role": "outbox_dispatcher", "timestamp": "2026-08-07T12:09:32.556168Z"}
api-1       | INFO:     172.18.0.1:33534 - "GET /api/v1/runs/f7cb683d-2a78-4063-834d-0dc92326fcfa HTTP/1.1" 200 OK
api-1       | {"api_key_prefix": "evk_5237dfcc3619", "duration_ms": 62.132, "event": "http_request_completed", "level": "info", "method": "GET", "outcome": "success", "path": "/api/v1/runs/f7cb683d-2a78-4063-834d-0dc92326fcfa", "request_id": "ba4bf2e7-20e4-4ed5-b7a6-bf419e5b2601", "status_code": 200, "tenant_id": "ab5af908-be70-4f29-8729-5ed3535f4689", "timestamp": "2026-08-07T12:09:32.682187Z", "trace_id": "1e04f9d68778c84f11d4dcb99a9c19a2"}
api-1       | INFO:     172.18.0.1:33534 - "GET /api/v1/runs/f7cb683d-2a78-4063-834d-0dc92326fcfa/cases?limit=200&sort=case_id HTTP/1.1" 200 OK
api-1       | {"api_key_prefix": "evk_5237dfcc3619", "duration_ms": 65.63, "event": "http_request_completed", "level": "info", "method": "GET", "outcome": "success", "path": "/api/v1/runs/f7cb683d-2a78-4063-834d-0dc92326fcfa/cases", "request_id": "5b9fd473-66f4-4e38-84a4-1982e2380ec4", "status_code": 200, "tenant_id": "ab5af908-be70-4f29-8729-5ed3535f4689", "timestamp": "2026-08-07T12:09:32.749491Z", "trace_id": "1c1108109a03dda11c7f09fe4037afbd"}
api-1       | {"claimed": 50, "event": "outbox_dispatch_batch_completed", "lease_lost": 0, "level": "info", "published": 50, "retry_scheduled": 0, "role": "outbox_dispatcher", "timestamp": "2026-08-07T12:09:33.372033Z"}
api-1       | INFO:     127.0.0.1:46244 - "GET /metrics HTTP/1.1" 200 OK
api-1       | {"duration_ms": 69.281, "event": "http_request_completed", "level": "info", "method": "GET", "outcome": "success", "path": "/metrics", "request_id": "02877f16-3e19-43dc-b03b-e6c4a4727814", "status_code": 200, "timestamp": "2026-08-07T12:09:33.382809Z", "trace_id": "8691490eef23480893bda664e1cf5167"}
api-1       | {"claimed": 50, "event": "outbox_dispatch_batch_completed", "lease_lost": 0, "level": "info", "published": 50, "retry_scheduled": 0, "role": "outbox_dispatcher", "timestamp": "2026-08-07T12:09:34.076403Z"}
api-1       | {"claimed": 50, "event": "outbox_dispatch_batch_completed", "lease_lost": 0, "level": "info", "published": 50, "retry_scheduled": 0, "role": "outbox_dispatcher", "timestamp": "2026-08-07T12:09:34.931343Z"}
api-1       | {"claimed": 12, "event": "outbox_dispatch_batch_completed", "lease_lost": 0, "level": "info", "published": 12, "retry_scheduled": 0, "role": "outbox_dispatcher", "timestamp": "2026-08-07T12:09:35.530262Z"}
api-1       | INFO:     172.18.0.1:33534 - "POST /api/v1/runs HTTP/1.1" 202 Accepted
api-1       | {"api_key_prefix": "evk_5237dfcc3619", "duration_ms": 291.663, "event": "http_request_completed", "level": "info", "method": "POST", "outcome": "success", "path": "/api/v1/runs", "request_id": "99b607a5-0f04-4ef9-9b83-adbe5a43d3e5", "status_code": 202, "tenant_id": "ab5af908-be70-4f29-8729-5ed3535f4689", "timestamp": "2026-08-07T12:09:36.713203Z", "trace_id": "16bc0f8f10ad58ee95b33e3837cc8a94"}
api-1       | INFO:     172.18.0.1:33534 - "GET /api/v1/runs/eadaa45c-ef6b-46c4-983e-4426d2834638 HTTP/1.1" 200 OK
api-1       | {"api_key_prefix": "evk_5237dfcc3619", "duration_ms": 87.004, "event": "http_request_completed", "level": "info", "method": "GET", "outcome": "success", "path": "/api/v1/runs/eadaa45c-ef6b-46c4-983e-4426d2834638", "request_id": "8e208395-cb85-4283-b270-eab182957f7c", "status_code": 200, "tenant_id": "ab5af908-be70-4f29-8729-5ed3535f4689", "timestamp": "2026-08-07T12:09:36.801856Z", "trace_id": "0b6a5c5b22efaca69186e166d0b92961"}
api-1       | {"claimed": 49, "event": "outbox_dispatch_batch_completed", "lease_lost": 0, "level": "info", "published": 49, "retry_scheduled": 0, "role": "outbox_dispatcher", "timestamp": "2026-08-07T12:09:37.589729Z"}
api-1       | INFO:     172.18.0.1:33534 - "GET /api/v1/runs/eadaa45c-ef6b-46c4-983e-4426d2834638 HTTP/1.1" 200 OK
api-1       | {"api_key_prefix": "evk_5237dfcc3619", "duration_ms": 474.009, "event": "http_request_completed", "level": "info", "method": "GET", "outcome": "success", "path": "/api/v1/runs/eadaa45c-ef6b-46c4-983e-4426d2834638", "request_id": "34280d95-9c26-4d13-b108-dc59b3e5930c", "status_code": 200, "tenant_id": "ab5af908-be70-4f29-8729-5ed3535f4689", "timestamp": "2026-08-07T12:09:37.805946Z", "trace_id": "0303ee6e4978f49e74100e910157c23a"}
api-1       | {"event": "Context impl PostgresqlImpl.", "level": "info", "request_id": "dad9a7e3-4299-4f6d-a583-4844378ed2d4", "timestamp": "2026-08-07T12:09:37.835455Z", "trace_id": "74863d6f5da792ea8921140f4908854e"}
api-1       | {"event": "Will assume transactional DDL.", "level": "info", "request_id": "dad9a7e3-4299-4f6d-a583-4844378ed2d4", "timestamp": "2026-08-07T12:09:37.835579Z", "trace_id": "74863d6f5da792ea8921140f4908854e"}
api-1       | INFO:     127.0.0.1:35180 - "GET /health/ready HTTP/1.1" 200 OK
api-1       | {"duration_ms": 35.486, "event": "http_request_completed", "level": "info", "method": "GET", "outcome": "success", "path": "/health/ready", "request_id": "dad9a7e3-4299-4f6d-a583-4844378ed2d4", "status_code": 200, "timestamp": "2026-08-07T12:09:37.843100Z", "trace_id": "74863d6f5da792ea8921140f4908854e"}
api-1       | {"claimed": 50, "event": "outbox_dispatch_batch_completed", "lease_lost": 0, "level": "info", "published": 50, "retry_scheduled": 0, "role": "outbox_dispatcher", "timestamp": "2026-08-07T12:09:38.460127Z"}
api-1       | INFO:     172.18.0.1:33534 - "GET /api/v1/runs/eadaa45c-ef6b-46c4-983e-4426d2834638 HTTP/1.1" 200 OK
api-1       | {"api_key_prefix": "evk_5237dfcc3619", "duration_ms": 262.06, "event": "http_request_completed", "level": "info", "method": "GET", "outcome": "success", "path": "/api/v1/runs/eadaa45c-ef6b-46c4-983e-4426d2834638", "request_id": "2b7e6c38-9517-4ee2-b279-1c3f9a15fc3e", "status_code": 200, "tenant_id": "ab5af908-be70-4f29-8729-5ed3535f4689", "timestamp": "2026-08-07T12:09:38.571863Z", "trace_id": "a0110ee17d35ce912e171c6c67127254"}
api-1       | {"claimed": 50, "event": "outbox_dispatch_batch_completed", "lease_lost": 0, "level": "info", "published": 50, "retry_scheduled": 0, "role": "outbox_dispatcher", "timestamp": "2026-08-07T12:09:39.307395Z"}
api-1       | INFO:     172.18.0.1:33534 - "GET /api/v1/runs/eadaa45c-ef6b-46c4-983e-4426d2834638 HTTP/1.1" 200 OK
api-1       | {"api_key_prefix": "evk_5237dfcc3619", "duration_ms": 306.313, "event": "http_request_completed", "level": "info", "method": "GET", "outcome": "success", "path": "/api/v1/runs/eadaa45c-ef6b-46c4-983e-4426d2834638", "request_id": "b310a6db-cf07-485b-8841-e933b1b90585", "status_code": 200, "tenant_id": "ab5af908-be70-4f29-8729-5ed3535f4689", "timestamp": "2026-08-07T12:09:39.386866Z", "trace_id": "06f07fb7107a36f2892fab4bf92e5378"}
api-1       | {"claimed": 50, "event": "outbox_dispatch_batch_completed", "lease_lost": 0, "level": "info", "published": 50, "retry_scheduled": 0, "role": "outbox_dispatcher", "timestamp": "2026-08-07T12:09:40.344408Z"}
api-1       | INFO:     172.18.0.1:33534 - "GET /api/v1/runs/eadaa45c-ef6b-46c4-983e-4426d2834638 HTTP/1.1" 200 OK
api-1       | {"api_key_prefix": "evk_5237dfcc3619", "duration_ms": 541.171, "event": "http_request_completed", "level": "info", "method": "GET", "outcome": "success", "path": "/api/v1/runs/eadaa45c-ef6b-46c4-983e-4426d2834638", "request_id": "fd4097b3-a33b-4b5a-b8f0-87232e001f85", "status_code": 200, "tenant_id": "ab5af908-be70-4f29-8729-5ed3535f4689", "timestamp": "2026-08-07T12:09:40.522914Z", "trace_id": "4608e67c7600ed12c0569321f970c75d"}
api-1       | {"claimed": 50, "event": "outbox_dispatch_batch_completed", "lease_lost": 0, "level": "info", "published": 50, "retry_scheduled": 0, "role": "outbox_dispatcher", "timestamp": "2026-08-07T12:09:41.192740Z"}
api-1       | INFO:     172.18.0.1:33534 - "GET /api/v1/runs/eadaa45c-ef6b-46c4-983e-4426d2834638 HTTP/1.1" 200 OK
api-1       | {"api_key_prefix": "evk_5237dfcc3619", "duration_ms": 321.222, "event": "http_request_completed", "level": "info", "method": "GET", "outcome": "success", "path": "/api/v1/runs/eadaa45c-ef6b-46c4-983e-4426d2834638", "request_id": "1ea0d6df-e88e-4d70-b9a4-e7e929e7fff7", "status_code": 200, "tenant_id": "ab5af908-be70-4f29-8729-5ed3535f4689", "timestamp": "2026-08-07T12:09:41.357174Z", "trace_id": "4938f89b23d12af171733af0f45a6d59"}
api-1       | {"claimed": 50, "event": "outbox_dispatch_batch_completed", "lease_lost": 0, "level": "info", "published": 50, "retry_scheduled": 0, "role": "outbox_dispatcher", "timestamp": "2026-08-07T12:09:41.982574Z"}
api-1       | INFO:     172.18.0.1:33534 - "GET /api/v1/runs/eadaa45c-ef6b-46c4-983e-4426d2834638 HTTP/1.1" 200 OK
api-1       | {"api_key_prefix": "evk_5237dfcc3619", "duration_ms": 131.507, "event": "http_request_completed", "level": "info", "method": "GET", "outcome": "success", "path": "/api/v1/runs/eadaa45c-ef6b-46c4-983e-4426d2834638", "request_id": "60d1e230-d037-476e-9432-b18f122b19ac", "status_code": 200, "tenant_id": "ab5af908-be70-4f29-8729-5ed3535f4689", "timestamp": "2026-08-07T12:09:41.993491Z", "trace_id": "f99f70cc975315863ce334e9bf29f65f"}
api-1       | {"claimed": 50, "event": "outbox_dispatch_batch_completed", "lease_lost": 0, "level": "info", "published": 50, "retry_scheduled": 0, "role": "outbox_dispatcher", "timestamp": "2026-08-07T12:09:42.853573Z"}
api-1       | INFO:     172.18.0.1:33534 - "GET /api/v1/runs/eadaa45c-ef6b-46c4-983e-4426d2834638 HTTP/1.1" 200 OK
api-1       | {"api_key_prefix": "evk_5237dfcc3619", "duration_ms": 360.389, "event": "http_request_completed", "level": "info", "method": "GET", "outcome": "success", "path": "/api/v1/runs/eadaa45c-ef6b-46c4-983e-4426d2834638", "request_id": "5a9667c6-73a2-4f6b-8489-f73cbe5dd365", "status_code": 200, "tenant_id": "ab5af908-be70-4f29-8729-5ed3535f4689", "timestamp": "2026-08-07T12:09:42.859146Z", "trace_id": "766995c5a806cef5f40eec5e984d9a87"}
api-1       | INFO:     172.18.0.1:33534 - "GET /api/v1/runs/eadaa45c-ef6b-46c4-983e-4426d2834638/cases?limit=200&sort=case_id HTTP/1.1" 200 OK
api-1       | {"api_key_prefix": "evk_5237dfcc3619", "duration_ms": 80.844, "event": "http_request_completed", "level": "info", "method": "GET", "outcome": "success", "path": "/api/v1/runs/eadaa45c-ef6b-46c4-983e-4426d2834638/cases", "request_id": "5388d224-2e52-4429-925c-91698dc6714d", "status_code": 200, "tenant_id": "ab5af908-be70-4f29-8729-5ed3535f4689", "timestamp": "2026-08-07T12:09:42.941958Z", "trace_id": "7d1c9db7a09ddc3c03f4261bc867c460"}
api-1       | INFO:     172.18.0.1:33534 - "GET /api/v1/runs/eadaa45c-ef6b-46c4-983e-4426d2834638/cases?limit=200&sort=case_id&cursor=eyJkaXJlY3Rpb24iOiJhc2MiLCJlcnJvcl9jb2RlIjpudWxsLCJqb2JfaWQiOiJjNDg1MjdkZC04NzE3LTRhZjEtODI5Mi1jYTFlMjNmNzI3OGQiLCJtZXRyaWMiOm51bGwsInNvcnQiOiJjYXNlX2lkIiwic3RhdHVzIjpudWxsLCJ2IjoxLCJ2YWx1ZSI6ImxvYWQtMDE5OSJ9 HTTP/1.1" 200 OK
api-1       | {"api_key_prefix": "evk_5237dfcc3619", "duration_ms": 190.001, "event": "http_request_completed", "level": "info", "method": "GET", "outcome": "success", "path": "/api/v1/runs/eadaa45c-ef6b-46c4-983e-4426d2834638/cases", "request_id": "dbc2604b-57a6-4c84-8671-6178ee577d11", "status_code": 200, "tenant_id": "ab5af908-be70-4f29-8729-5ed3535f4689", "timestamp": "2026-08-07T12:09:43.133944Z", "trace_id": "c54492ca15d9585db9440bde02522898"}
api-1       | INFO:     172.18.0.1:33534 - "GET /api/v1/runs/eadaa45c-ef6b-46c4-983e-4426d2834638/cases?limit=200&sort=case_id&cursor=eyJkaXJlY3Rpb24iOiJhc2MiLCJlcnJvcl9jb2RlIjpudWxsLCJqb2JfaWQiOiJiYzJjOGQzZC03MjU3LTQyNzctOGU0NC1jYzM1M2U5YTBiZjUiLCJtZXRyaWMiOm51bGwsInNvcnQiOiJjYXNlX2lkIiwic3RhdHVzIjpudWxsLCJ2IjoxLCJ2YWx1ZSI6ImxvYWQtMDM5OSJ9 HTTP/1.1" 200 OK
api-1       | {"api_key_prefix": "evk_5237dfcc3619", "duration_ms": 112.752, "event": "http_request_completed", "level": "info", "method": "GET", "outcome": "success", "path": "/api/v1/runs/eadaa45c-ef6b-46c4-983e-4426d2834638/cases", "request_id": "34ae467e-c713-41bc-9c59-f33422db8396", "status_code": 200, "tenant_id": "ab5af908-be70-4f29-8729-5ed3535f4689", "timestamp": "2026-08-07T12:09:43.250020Z", "trace_id": "ae2f3858848f143797233d617c5a1afa"}
api-1       | {"event": "Context impl PostgresqlImpl.", "level": "info", "request_id": "d4f1c81a-7de1-4f3a-b3db-80c0fbf777d1", "timestamp": "2026-08-07T12:09:43.717506Z", "trace_id": "801b261d47f010304d498bae27010ff2"}
api-1       | {"event": "Will assume transactional DDL.", "level": "info", "request_id": "d4f1c81a-7de1-4f3a-b3db-80c0fbf777d1", "timestamp": "2026-08-07T12:09:43.717669Z", "trace_id": "801b261d47f010304d498bae27010ff2"}
api-1       | {"claimed": 50, "event": "outbox_dispatch_batch_completed", "lease_lost": 0, "level": "info", "published": 50, "retry_scheduled": 0, "role": "outbox_dispatcher", "timestamp": "2026-08-07T12:09:43.729732Z"}
api-1       | INFO:     127.0.0.1:35228 - "GET /health/ready HTTP/1.1" 200 OK
api-1       | {"duration_ms": 371.234, "event": "http_request_completed", "level": "info", "method": "GET", "outcome": "success", "path": "/health/ready", "request_id": "d4f1c81a-7de1-4f3a-b3db-80c0fbf777d1", "status_code": 200, "timestamp": "2026-08-07T12:09:43.739499Z", "trace_id": "801b261d47f010304d498bae27010ff2"}
api-1       | INFO:     127.0.0.1:35248 - "GET /metrics HTTP/1.1" 200 OK
api-1       | {"duration_ms": 14.893, "event": "http_request_completed", "level": "info", "method": "GET", "outcome": "success", "path": "/metrics", "request_id": "3031b673-a6d2-4fcf-9353-8b6690cda4cd", "status_code": 200, "timestamp": "2026-08-07T12:09:43.922323Z", "trace_id": "fc7f12f9dd69c40a2a66ee0faa63445f"}
api-1       | {"claimed": 50, "event": "outbox_dispatch_batch_completed", "lease_lost": 0, "level": "info", "published": 50, "retry_scheduled": 0, "role": "outbox_dispatcher", "timestamp": "2026-08-07T12:09:44.448543Z"}
api-1       | {"claimed": 50, "event": "outbox_dispatch_batch_completed", "lease_lost": 0, "level": "info", "published": 50, "retry_scheduled": 0, "role": "outbox_dispatcher", "timestamp": "2026-08-07T12:09:45.160403Z"}
api-1       | {"claimed": 50, "event": "outbox_dispatch_batch_completed", "lease_lost": 0, "level": "info", "published": 50, "retry_scheduled": 0, "role": "outbox_dispatcher", "timestamp": "2026-08-07T12:09:45.862653Z"}
api-1       | {"claimed": 50, "event": "outbox_dispatch_batch_completed", "lease_lost": 0, "level": "info", "published": 50, "retry_scheduled": 0, "role": "outbox_dispatcher", "timestamp": "2026-08-07T12:09:46.554350Z"}
api-1       | {"claimed": 50, "event": "outbox_dispatch_batch_completed", "lease_lost": 0, "level": "info", "published": 50, "retry_scheduled": 0, "role": "outbox_dispatcher", "timestamp": "2026-08-07T12:09:47.287107Z"}
api-1       | {"claimed": 50, "event": "outbox_dispatch_batch_completed", "lease_lost": 0, "level": "info", "published": 50, "retry_scheduled": 0, "role": "outbox_dispatcher", "timestamp": "2026-08-07T12:09:48.102157Z"}
api-1       | {"claimed": 50, "event": "outbox_dispatch_batch_completed", "lease_lost": 0, "level": "info", "published": 50, "retry_scheduled": 0, "role": "outbox_dispatcher", "timestamp": "2026-08-07T12:09:48.809853Z"}
api-1       | {"event": "Context impl PostgresqlImpl.", "level": "info", "request_id": "9db5aba9-9155-422e-b051-da5ac0e40d1f", "timestamp": "2026-08-07T12:09:49.105333Z", "trace_id": "8a1299d59726922a3544ee3d68c610c6"}
api-1       | {"event": "Will assume transactional DDL.", "level": "info", "request_id": "9db5aba9-9155-422e-b051-da5ac0e40d1f", "timestamp": "2026-08-07T12:09:49.105480Z", "trace_id": "8a1299d59726922a3544ee3d68c610c6"}
api-1       | INFO:     127.0.0.1:49860 - "GET /health/ready HTTP/1.1" 200 OK
api-1       | {"duration_ms": 24.067, "event": "http_request_completed", "level": "info", "method": "GET", "outcome": "success", "path": "/health/ready", "request_id": "9db5aba9-9155-422e-b051-da5ac0e40d1f", "status_code": 200, "timestamp": "2026-08-07T12:09:49.113903Z", "trace_id": "8a1299d59726922a3544ee3d68c610c6"}
api-1       | {"claimed": 50, "event": "outbox_dispatch_batch_completed", "lease_lost": 0, "level": "info", "published": 50, "retry_scheduled": 0, "role": "outbox_dispatcher", "timestamp": "2026-08-07T12:09:49.502475Z"}
api-1       | {"claimed": 50, "event": "outbox_dispatch_batch_completed", "lease_lost": 0, "level": "info", "published": 50, "retry_scheduled": 0, "role": "outbox_dispatcher", "timestamp": "2026-08-07T12:09:50.195681Z"}
api-1       | INFO:     172.18.0.1:58494 - "POST /api/v1/runs HTTP/1.1" 202 Accepted
api-1       | {"api_key_prefix": "evk_5237dfcc3619", "duration_ms": 99.044, "event": "http_request_completed", "level": "info", "method": "POST", "outcome": "success", "path": "/api/v1/runs", "request_id": "0db67ca9-4396-4dc0-a91c-b1bf22e41dd4", "status_code": 202, "tenant_id": "ab5af908-be70-4f29-8729-5ed3535f4689", "timestamp": "2026-08-07T12:09:50.364542Z", "trace_id": "0d7acfe649c6988f0336b6d9037c983f"}
api-1       | INFO:     172.18.0.1:58494 - "GET /api/v1/runs/d3a76e90-8ba2-402d-a893-a38f9cb91852 HTTP/1.1" 200 OK
api-1       | {"api_key_prefix": "evk_5237dfcc3619", "duration_ms": 70.436, "event": "http_request_completed", "level": "info", "method": "GET", "outcome": "success", "path": "/api/v1/runs/d3a76e90-8ba2-402d-a893-a38f9cb91852", "request_id": "58e94632-952b-4dfb-b057-c2402ee737a4", "status_code": 200, "tenant_id": "ab5af908-be70-4f29-8729-5ed3535f4689", "timestamp": "2026-08-07T12:09:50.437554Z", "trace_id": "45b03ec0d5bceddff1c189b796fff7f4"}
api-1       | {"claimed": 50, "event": "outbox_dispatch_batch_completed", "lease_lost": 0, "level": "info", "published": 50, "retry_scheduled": 0, "role": "outbox_dispatcher", "timestamp": "2026-08-07T12:09:50.889276Z"}
api-1       | INFO:     172.18.0.1:58494 - "GET /api/v1/runs/d3a76e90-8ba2-402d-a893-a38f9cb91852 HTTP/1.1" 200 OK
api-1       | {"api_key_prefix": "evk_5237dfcc3619", "duration_ms": 67.18, "event": "http_request_completed", "level": "info", "method": "GET", "outcome": "success", "path": "/api/v1/runs/d3a76e90-8ba2-402d-a893-a38f9cb91852", "request_id": "d4057d58-51c3-456c-a151-4012df53e323", "status_code": 200, "tenant_id": "ab5af908-be70-4f29-8729-5ed3535f4689", "timestamp": "2026-08-07T12:09:51.007499Z", "trace_id": "764ae6db636d56eb8d4d75f61e395ac4"}
api-1       | {"claimed": 50, "event": "outbox_dispatch_batch_completed", "lease_lost": 0, "level": "info", "published": 50, "retry_scheduled": 0, "role": "outbox_dispatcher", "timestamp": "2026-08-07T12:09:51.647674Z"}
api-1       | INFO:     172.18.0.1:58494 - "GET /api/v1/runs/d3a76e90-8ba2-402d-a893-a38f9cb91852 HTTP/1.1" 200 OK
api-1       | {"api_key_prefix": "evk_5237dfcc3619", "duration_ms": 141.18, "event": "http_request_completed", "level": "info", "method": "GET", "outcome": "success", "path": "/api/v1/runs/d3a76e90-8ba2-402d-a893-a38f9cb91852", "request_id": "fc81a3bf-2104-4aa8-96c9-f1c83abbc112", "status_code": 200, "tenant_id": "ab5af908-be70-4f29-8729-5ed3535f4689", "timestamp": "2026-08-07T12:09:51.660013Z", "trace_id": "48661883b61af1010e971a8252eff2b8"}
api-1       | {"claimed": 50, "event": "outbox_dispatch_batch_completed", "lease_lost": 0, "level": "info", "published": 50, "retry_scheduled": 0, "role": "outbox_dispatcher", "timestamp": "2026-08-07T12:09:52.349796Z"}
api-1       | INFO:     172.18.0.1:58494 - "GET /api/v1/runs/d3a76e90-8ba2-402d-a893-a38f9cb91852 HTTP/1.1" 200 OK
api-1       | {"api_key_prefix": "evk_5237dfcc3619", "duration_ms": 195.998, "event": "http_request_completed", "level": "info", "method": "GET", "outcome": "success", "path": "/api/v1/runs/d3a76e90-8ba2-402d-a893-a38f9cb91852", "request_id": "596c2e68-cb99-4e43-a325-a6090c5b0e61", "status_code": 200, "tenant_id": "ab5af908-be70-4f29-8729-5ed3535f4689", "timestamp": "2026-08-07T12:09:52.359239Z", "trace_id": "ff62f44602fc88a10acb552227c5139b"}
api-1       | INFO:     172.18.0.1:58494 - "GET /api/v1/runs/d3a76e90-8ba2-402d-a893-a38f9cb91852/cases?limit=200&sort=case_id HTTP/1.1" 200 OK
api-1       | {"api_key_prefix": "evk_5237dfcc3619", "duration_ms": 65.507, "event": "http_request_completed", "level": "info", "method": "GET", "outcome": "success", "path": "/api/v1/runs/d3a76e90-8ba2-402d-a893-a38f9cb91852/cases", "request_id": "f97d1f63-1c33-4847-8632-1128cb945edc", "status_code": 200, "tenant_id": "ab5af908-be70-4f29-8729-5ed3535f4689", "timestamp": "2026-08-07T12:09:52.426451Z", "trace_id": "a75742d44b62720395820f38589acc70"}
api-1       | INFO:     127.0.0.1:49894 - "GET /metrics HTTP/1.1" 200 OK
api-1       | {"duration_ms": 15.623, "event": "http_request_completed", "level": "info", "method": "GET", "outcome": "success", "path": "/metrics", "request_id": "e5a2d1f0-d6f0-4b00-ba73-832e740499fc", "status_code": 200, "timestamp": "2026-08-07T12:09:52.833790Z", "trace_id": "da96135bb5e753ba597a14328269570e"}
api-1       | {"claimed": 50, "event": "outbox_dispatch_batch_completed", "lease_lost": 0, "level": "info", "published": 50, "retry_scheduled": 0, "role": "outbox_dispatcher", "timestamp": "2026-08-07T12:09:53.102521Z"}
api-1       | {"claimed": 50, "event": "outbox_dispatch_batch_completed", "lease_lost": 0, "level": "info", "published": 50, "retry_scheduled": 0, "role": "outbox_dispatcher", "timestamp": "2026-08-07T12:09:53.818169Z"}
api-1       | INFO:     172.18.0.1:58494 - "POST /api/v1/runs HTTP/1.1" 202 Accepted
api-1       | {"api_key_prefix": "evk_5237dfcc3619", "duration_ms": 236.024, "event": "http_request_completed", "level": "info", "method": "POST", "outcome": "success", "path": "/api/v1/runs", "request_id": "96a5f331-feb1-40bb-b3af-f6b608373f49", "status_code": 202, "tenant_id": "ab5af908-be70-4f29-8729-5ed3535f4689", "timestamp": "2026-08-07T12:09:54.196199Z", "trace_id": "ef40d495f849256b2336cf8ef8d64ca1"}
api-1       | INFO:     172.18.0.1:58494 - "GET /api/v1/runs/98ed8587-0ec9-4d92-a48b-8f5a9dcabcfe HTTP/1.1" 200 OK
api-1       | {"api_key_prefix": "evk_5237dfcc3619", "duration_ms": 106.214, "event": "http_request_completed", "level": "info", "method": "GET", "outcome": "success", "path": "/api/v1/runs/98ed8587-0ec9-4d92-a48b-8f5a9dcabcfe", "request_id": "23710665-bf17-4c55-ba17-15db34850d42", "status_code": 200, "tenant_id": "ab5af908-be70-4f29-8729-5ed3535f4689", "timestamp": "2026-08-07T12:09:54.304318Z", "trace_id": "284345acdb978feda1c068be68939286"}
api-1       | {"claimed": 5, "event": "outbox_dispatch_batch_completed", "lease_lost": 0, "level": "info", "published": 5, "retry_scheduled": 0, "role": "outbox_dispatcher", "timestamp": "2026-08-07T12:09:54.334307Z"}
api-1       | {"event": "Context impl PostgresqlImpl.", "level": "info", "request_id": "f8b7de25-719b-48c0-ac79-fa213a1fe78b", "timestamp": "2026-08-07T12:09:54.496618Z", "trace_id": "bf2836db68785d044a8f1356a4cdc6d0"}
api-1       | {"event": "Will assume transactional DDL.", "level": "info", "request_id": "f8b7de25-719b-48c0-ac79-fa213a1fe78b", "timestamp": "2026-08-07T12:09:54.496743Z", "trace_id": "bf2836db68785d044a8f1356a4cdc6d0"}
api-1       | INFO:     127.0.0.1:49920 - "GET /health/ready HTTP/1.1" 200 OK
api-1       | {"duration_ms": 22.676, "event": "http_request_completed", "level": "info", "method": "GET", "outcome": "success", "path": "/health/ready", "request_id": "f8b7de25-719b-48c0-ac79-fa213a1fe78b", "status_code": 200, "timestamp": "2026-08-07T12:09:54.504499Z", "trace_id": "bf2836db68785d044a8f1356a4cdc6d0"}
api-1       | {"claimed": 35, "event": "outbox_dispatch_batch_completed", "lease_lost": 0, "level": "info", "published": 35, "retry_scheduled": 0, "role": "outbox_dispatcher", "timestamp": "2026-08-07T12:09:55.054487Z"}
api-1       | INFO:     172.18.0.1:58494 - "GET /api/v1/runs/98ed8587-0ec9-4d92-a48b-8f5a9dcabcfe HTTP/1.1" 200 OK
api-1       | {"api_key_prefix": "evk_5237dfcc3619", "duration_ms": 262.983, "event": "http_request_completed", "level": "info", "method": "GET", "outcome": "success", "path": "/api/v1/runs/98ed8587-0ec9-4d92-a48b-8f5a9dcabcfe", "request_id": "a05a9840-ac53-497a-954b-eae9ae0c884e", "status_code": 200, "tenant_id": "ab5af908-be70-4f29-8729-5ed3535f4689", "timestamp": "2026-08-07T12:09:55.070277Z", "trace_id": "885dbe336f1d1e710ba11d8a141f616b"}
api-1       | {"claimed": 50, "event": "outbox_dispatch_batch_completed", "lease_lost": 0, "level": "info", "published": 50, "retry_scheduled": 0, "role": "outbox_dispatcher", "timestamp": "2026-08-07T12:09:55.782056Z"}
api-1       | INFO:     172.18.0.1:58494 - "GET /api/v1/runs/98ed8587-0ec9-4d92-a48b-8f5a9dcabcfe HTTP/1.1" 200 OK
api-1       | {"api_key_prefix": "evk_5237dfcc3619", "duration_ms": 269.34, "event": "http_request_completed", "level": "info", "method": "GET", "outcome": "success", "path": "/api/v1/runs/98ed8587-0ec9-4d92-a48b-8f5a9dcabcfe", "request_id": "ce8b79ad-7dac-4189-bd6a-d17ecb1dd97c", "status_code": 200, "tenant_id": "ab5af908-be70-4f29-8729-5ed3535f4689", "timestamp": "2026-08-07T12:09:55.854782Z", "trace_id": "fb1b11024a50335e2f59d186631b3b25"}
api-1       | {"claimed": 50, "event": "outbox_dispatch_batch_completed", "lease_lost": 0, "level": "info", "published": 50, "retry_scheduled": 0, "role": "outbox_dispatcher", "timestamp": "2026-08-07T12:09:56.570607Z"}
api-1       | INFO:     172.18.0.1:58494 - "GET /api/v1/runs/98ed8587-0ec9-4d92-a48b-8f5a9dcabcfe HTTP/1.1" 200 OK
api-1       | {"api_key_prefix": "evk_5237dfcc3619", "duration_ms": 244.897, "event": "http_request_completed", "level": "info", "method": "GET", "outcome": "success", "path": "/api/v1/runs/98ed8587-0ec9-4d92-a48b-8f5a9dcabcfe", "request_id": "c02f9671-e92c-4487-9b71-638f8181c0bd", "status_code": 200, "tenant_id": "ab5af908-be70-4f29-8729-5ed3535f4689", "timestamp": "2026-08-07T12:09:56.647955Z", "trace_id": "96b1aefa8af9feb92a5b03c791654d35"}
api-1       | {"claimed": 50, "event": "outbox_dispatch_batch_completed", "lease_lost": 0, "level": "info", "published": 50, "retry_scheduled": 0, "role": "outbox_dispatcher", "timestamp": "2026-08-07T12:09:57.288418Z"}
api-1       | INFO:     172.18.0.1:58494 - "GET /api/v1/runs/98ed8587-0ec9-4d92-a48b-8f5a9dcabcfe HTTP/1.1" 200 OK
api-1       | {"api_key_prefix": "evk_5237dfcc3619", "duration_ms": 194.587, "event": "http_request_completed", "level": "info", "method": "GET", "outcome": "success", "path": "/api/v1/runs/98ed8587-0ec9-4d92-a48b-8f5a9dcabcfe", "request_id": "dbae5ff9-a6f7-4664-8a17-b776f6013bdd", "status_code": 200, "tenant_id": "ab5af908-be70-4f29-8729-5ed3535f4689", "timestamp": "2026-08-07T12:09:57.358765Z", "trace_id": "35afc367b287b546624303ed3c762ada"}
api-1       | {"claimed": 50, "event": "outbox_dispatch_batch_completed", "lease_lost": 0, "level": "info", "published": 50, "retry_scheduled": 0, "role": "outbox_dispatcher", "timestamp": "2026-08-07T12:09:58.002627Z"}
api-1       | INFO:     172.18.0.1:58494 - "GET /api/v1/runs/98ed8587-0ec9-4d92-a48b-8f5a9dcabcfe HTTP/1.1" 200 OK
api-1       | {"api_key_prefix": "evk_5237dfcc3619", "duration_ms": 182.171, "event": "http_request_completed", "level": "info", "method": "GET", "outcome": "success", "path": "/api/v1/runs/98ed8587-0ec9-4d92-a48b-8f5a9dcabcfe", "request_id": "56b31a18-4ecf-47c7-beb7-38a9e79b0b7b", "status_code": 200, "tenant_id": "ab5af908-be70-4f29-8729-5ed3535f4689", "timestamp": "2026-08-07T12:09:58.063853Z", "trace_id": "ab74f2de71fde5f9b8cc6068b41a8c90"}
api-1       | {"claimed": 50, "event": "outbox_dispatch_batch_completed", "lease_lost": 0, "level": "info", "published": 50, "retry_scheduled": 0, "role": "outbox_dispatcher", "timestamp": "2026-08-07T12:09:58.748775Z"}
api-1       | INFO:     172.18.0.1:58494 - "GET /api/v1/runs/98ed8587-0ec9-4d92-a48b-8f5a9dcabcfe HTTP/1.1" 200 OK
api-1       | {"api_key_prefix": "evk_5237dfcc3619", "duration_ms": 172.694, "event": "http_request_completed", "level": "info", "method": "GET", "outcome": "success", "path": "/api/v1/runs/98ed8587-0ec9-4d92-a48b-8f5a9dcabcfe", "request_id": "118b5730-c5b8-451d-9a0c-dec0906cd8a1", "status_code": 200, "tenant_id": "ab5af908-be70-4f29-8729-5ed3535f4689", "timestamp": "2026-08-07T12:09:58.768453Z", "trace_id": "df71779eeef329e35027fbd0b5ac2a99"}
api-1       | {"claimed": 50, "event": "outbox_dispatch_batch_completed", "lease_lost": 0, "level": "info", "published": 50, "retry_scheduled": 0, "role": "outbox_dispatcher", "timestamp": "2026-08-07T12:09:59.465302Z"}
api-1       | INFO:     172.18.0.1:58494 - "GET /api/v1/runs/98ed8587-0ec9-4d92-a48b-8f5a9dcabcfe HTTP/1.1" 200 OK
api-1       | {"api_key_prefix": "evk_5237dfcc3619", "duration_ms": 233.194, "event": "http_request_completed", "level": "info", "method": "GET", "outcome": "success", "path": "/api/v1/runs/98ed8587-0ec9-4d92-a48b-8f5a9dcabcfe", "request_id": "d8b29f8d-d3cf-4f03-8934-23b87911f60b", "status_code": 200, "tenant_id": "ab5af908-be70-4f29-8729-5ed3535f4689", "timestamp": "2026-08-07T12:09:59.538393Z", "trace_id": "ba03f8aca69df31b7f407de0af9740d3"}
api-1       | {"event": "Context impl PostgresqlImpl.", "level": "info", "request_id": "ebbb90d9-9f76-4288-b1c6-b6e70950b3b4", "timestamp": "2026-08-07T12:09:59.853572Z", "trace_id": "856af4a34f4c6fa4aa52838cc5fe1d09"}
api-1       | {"event": "Will assume transactional DDL.", "level": "info", "request_id": "ebbb90d9-9f76-4288-b1c6-b6e70950b3b4", "timestamp": "2026-08-07T12:09:59.853679Z", "trace_id": "856af4a34f4c6fa4aa52838cc5fe1d09"}
api-1       | INFO:     127.0.0.1:47090 - "GET /health/ready HTTP/1.1" 200 OK
api-1       | {"duration_ms": 23.664, "event": "http_request_completed", "level": "info", "method": "GET", "outcome": "success", "path": "/health/ready", "request_id": "ebbb90d9-9f76-4288-b1c6-b6e70950b3b4", "status_code": 200, "timestamp": "2026-08-07T12:09:59.860282Z", "trace_id": "856af4a34f4c6fa4aa52838cc5fe1d09"}
api-1       | {"claimed": 50, "event": "outbox_dispatch_batch_completed", "lease_lost": 0, "level": "info", "published": 50, "retry_scheduled": 0, "role": "outbox_dispatcher", "timestamp": "2026-08-07T12:10:00.185623Z"}
api-1       | INFO:     172.18.0.1:58494 - "GET /api/v1/runs/98ed8587-0ec9-4d92-a48b-8f5a9dcabcfe HTTP/1.1" 200 OK
api-1       | {"api_key_prefix": "evk_5237dfcc3619", "duration_ms": 163.35, "event": "http_request_completed", "level": "info", "method": "GET", "outcome": "success", "path": "/api/v1/runs/98ed8587-0ec9-4d92-a48b-8f5a9dcabcfe", "request_id": "d6f59e39-c405-4ed0-9a5a-33f7a3551c43", "status_code": 200, "tenant_id": "ab5af908-be70-4f29-8729-5ed3535f4689", "timestamp": "2026-08-07T12:10:00.231718Z", "trace_id": "263c5c2905376d02681d8e55bc60de13"}
api-1       | {"claimed": 50, "event": "outbox_dispatch_batch_completed", "lease_lost": 0, "level": "info", "published": 50, "retry_scheduled": 0, "role": "outbox_dispatcher", "timestamp": "2026-08-07T12:10:00.907648Z"}
api-1       | INFO:     172.18.0.1:58494 - "GET /api/v1/runs/98ed8587-0ec9-4d92-a48b-8f5a9dcabcfe HTTP/1.1" 200 OK
api-1       | {"api_key_prefix": "evk_5237dfcc3619", "duration_ms": 254.94, "event": "http_request_completed", "level": "info", "method": "GET", "outcome": "success", "path": "/api/v1/runs/98ed8587-0ec9-4d92-a48b-8f5a9dcabcfe", "request_id": "bf571841-e6db-42c5-a2da-4500b9156823", "status_code": 200, "tenant_id": "ab5af908-be70-4f29-8729-5ed3535f4689", "timestamp": "2026-08-07T12:10:01.014653Z", "trace_id": "04d9ec6dcec55884299831f83ff61d9b"}
api-1       | {"claimed": 50, "event": "outbox_dispatch_batch_completed", "lease_lost": 0, "level": "info", "published": 50, "retry_scheduled": 0, "role": "outbox_dispatcher", "timestamp": "2026-08-07T12:10:01.659248Z"}
api-1       | INFO:     172.18.0.1:58494 - "GET /api/v1/runs/98ed8587-0ec9-4d92-a48b-8f5a9dcabcfe HTTP/1.1" 200 OK
api-1       | {"api_key_prefix": "evk_5237dfcc3619", "duration_ms": 211.471, "event": "http_request_completed", "level": "info", "method": "GET", "outcome": "success", "path": "/api/v1/runs/98ed8587-0ec9-4d92-a48b-8f5a9dcabcfe", "request_id": "022827dd-b64b-4fa6-a07d-d1c670bb25cc", "status_code": 200, "tenant_id": "ab5af908-be70-4f29-8729-5ed3535f4689", "timestamp": "2026-08-07T12:10:01.736604Z", "trace_id": "76a160f23e13862b58bee1f6754b0b8f"}
api-1       | {"claimed": 50, "event": "outbox_dispatch_batch_completed", "lease_lost": 0, "level": "info", "published": 50, "retry_scheduled": 0, "role": "outbox_dispatcher", "timestamp": "2026-08-07T12:10:02.450048Z"}
api-1       | INFO:     172.18.0.1:58494 - "GET /api/v1/runs/98ed8587-0ec9-4d92-a48b-8f5a9dcabcfe HTTP/1.1" 200 OK
api-1       | {"api_key_prefix": "evk_5237dfcc3619", "duration_ms": 232.247, "event": "http_request_completed", "level": "info", "method": "GET", "outcome": "success", "path": "/api/v1/runs/98ed8587-0ec9-4d92-a48b-8f5a9dcabcfe", "request_id": "e5cabbb8-918b-40ab-9d81-87e2ff05f671", "status_code": 200, "tenant_id": "ab5af908-be70-4f29-8729-5ed3535f4689", "timestamp": "2026-08-07T12:10:02.517711Z", "trace_id": "bec4250014db8201b26f371a9353505e"}
api-1       | {"claimed": 50, "event": "outbox_dispatch_batch_completed", "lease_lost": 0, "level": "info", "published": 50, "retry_scheduled": 0, "role": "outbox_dispatcher", "timestamp": "2026-08-07T12:10:03.179806Z"}
api-1       | INFO:     172.18.0.1:58494 - "GET /api/v1/runs/98ed8587-0ec9-4d92-a48b-8f5a9dcabcfe HTTP/1.1" 200 OK
api-1       | {"api_key_prefix": "evk_5237dfcc3619", "duration_ms": 219.062, "event": "http_request_completed", "level": "info", "method": "GET", "outcome": "success", "path": "/api/v1/runs/98ed8587-0ec9-4d92-a48b-8f5a9dcabcfe", "request_id": "19d3bf8e-b01b-4014-b8e4-2f198321e907", "status_code": 200, "tenant_id": "ab5af908-be70-4f29-8729-5ed3535f4689", "timestamp": "2026-08-07T12:10:03.240813Z", "trace_id": "9a10c9e352e841b0b28de0fdd7ed1411"}
api-1       | {"claimed": 50, "event": "outbox_dispatch_batch_completed", "lease_lost": 0, "level": "info", "published": 50, "retry_scheduled": 0, "role": "outbox_dispatcher", "timestamp": "2026-08-07T12:10:03.928052Z"}
api-1       | INFO:     172.18.0.1:58494 - "GET /api/v1/runs/98ed8587-0ec9-4d92-a48b-8f5a9dcabcfe HTTP/1.1" 200 OK
api-1       | {"api_key_prefix": "evk_5237dfcc3619", "duration_ms": 211.578, "event": "http_request_completed", "level": "info", "method": "GET", "outcome": "success", "path": "/api/v1/runs/98ed8587-0ec9-4d92-a48b-8f5a9dcabcfe", "request_id": "ad83e91b-abfa-40f9-be32-3bcdd3008f05", "status_code": 200, "tenant_id": "ab5af908-be70-4f29-8729-5ed3535f4689", "timestamp": "2026-08-07T12:10:03.957638Z", "trace_id": "d5c250ba79995bdb9f6f3da0215de2f9"}
api-1       | {"claimed": 50, "event": "outbox_dispatch_batch_completed", "lease_lost": 0, "level": "info", "published": 50, "retry_scheduled": 0, "role": "outbox_dispatcher", "timestamp": "2026-08-07T12:10:04.667748Z"}
api-1       | INFO:     172.18.0.1:58494 - "GET /api/v1/runs/98ed8587-0ec9-4d92-a48b-8f5a9dcabcfe HTTP/1.1" 200 OK
api-1       | {"api_key_prefix": "evk_5237dfcc3619", "duration_ms": 245.684, "event": "http_request_completed", "level": "info", "method": "GET", "outcome": "success", "path": "/api/v1/runs/98ed8587-0ec9-4d92-a48b-8f5a9dcabcfe", "request_id": "af471723-a72f-4f50-9e1a-a7aa1d6bbd70", "status_code": 200, "tenant_id": "ab5af908-be70-4f29-8729-5ed3535f4689", "timestamp": "2026-08-07T12:10:04.737797Z", "trace_id": "272fa404c0ccea5c9e3806f4061b8116"}
api-1       | {"event": "Context impl PostgresqlImpl.", "level": "info", "request_id": "57ec5c4a-c268-47b2-85e3-6fce671fa65f", "timestamp": "2026-08-07T12:10:05.325024Z", "trace_id": "d6e5c4f3b62051739127ea7f3c9b7524"}
api-1       | {"event": "Will assume transactional DDL.", "level": "info", "request_id": "57ec5c4a-c268-47b2-85e3-6fce671fa65f", "timestamp": "2026-08-07T12:10:05.325260Z", "trace_id": "d6e5c4f3b62051739127ea7f3c9b7524"}
api-1       | {"claimed": 50, "event": "outbox_dispatch_batch_completed", "lease_lost": 0, "level": "info", "published": 50, "retry_scheduled": 0, "role": "outbox_dispatcher", "timestamp": "2026-08-07T12:10:05.426478Z"}
api-1       | INFO:     127.0.0.1:47144 - "GET /health/ready HTTP/1.1" 200 OK
api-1       | {"duration_ms": 188.599, "event": "http_request_completed", "level": "info", "method": "GET", "outcome": "success", "path": "/health/ready", "request_id": "57ec5c4a-c268-47b2-85e3-6fce671fa65f", "status_code": 200, "timestamp": "2026-08-07T12:10:05.429806Z", "trace_id": "d6e5c4f3b62051739127ea7f3c9b7524"}
api-1       | INFO:     172.18.0.1:58494 - "GET /api/v1/runs/98ed8587-0ec9-4d92-a48b-8f5a9dcabcfe HTTP/1.1" 200 OK
api-1       | {"api_key_prefix": "evk_5237dfcc3619", "duration_ms": 211.789, "event": "http_request_completed", "level": "info", "method": "GET", "outcome": "success", "path": "/api/v1/runs/98ed8587-0ec9-4d92-a48b-8f5a9dcabcfe", "request_id": "dca04dad-53a6-4ecc-8957-f7f4085312c2", "status_code": 200, "tenant_id": "ab5af908-be70-4f29-8729-5ed3535f4689", "timestamp": "2026-08-07T12:10:05.462831Z", "trace_id": "9576bd15c8887151c814118816452366"}
api-1       | {"claimed": 50, "event": "outbox_dispatch_batch_completed", "lease_lost": 0, "level": "info", "published": 50, "retry_scheduled": 0, "role": "outbox_dispatcher", "timestamp": "2026-08-07T12:10:06.151279Z"}
api-1       | INFO:     172.18.0.1:58494 - "GET /api/v1/runs/98ed8587-0ec9-4d92-a48b-8f5a9dcabcfe HTTP/1.1" 200 OK
api-1       | {"api_key_prefix": "evk_5237dfcc3619", "duration_ms": 188.717, "event": "http_request_completed", "level": "info", "method": "GET", "outcome": "success", "path": "/api/v1/runs/98ed8587-0ec9-4d92-a48b-8f5a9dcabcfe", "request_id": "3c0d2c62-f44c-446a-bc24-7eebcff5f29c", "status_code": 200, "tenant_id": "ab5af908-be70-4f29-8729-5ed3535f4689", "timestamp": "2026-08-07T12:10:06.173494Z", "trace_id": "3dc989c5676e7a79fa3bc9b8cc34774b"}
api-1       | {"claimed": 50, "event": "outbox_dispatch_batch_completed", "lease_lost": 0, "level": "info", "published": 50, "retry_scheduled": 0, "role": "outbox_dispatcher", "timestamp": "2026-08-07T12:10:06.804606Z"}
api-1       | INFO:     172.18.0.1:58494 - "GET /api/v1/runs/98ed8587-0ec9-4d92-a48b-8f5a9dcabcfe HTTP/1.1" 200 OK
api-1       | {"api_key_prefix": "evk_5237dfcc3619", "duration_ms": 164.021, "event": "http_request_completed", "level": "info", "method": "GET", "outcome": "success", "path": "/api/v1/runs/98ed8587-0ec9-4d92-a48b-8f5a9dcabcfe", "request_id": "54d9d10b-b49c-4185-8518-38de96cc3e48", "status_code": 200, "tenant_id": "ab5af908-be70-4f29-8729-5ed3535f4689", "timestamp": "2026-08-07T12:10:06.865167Z", "trace_id": "19a983721f37f4a879bc8815f7866c58"}
api-1       | INFO:     172.18.0.1:58494 - "GET /api/v1/runs/98ed8587-0ec9-4d92-a48b-8f5a9dcabcfe/cases?limit=200&sort=case_id HTTP/1.1" 200 OK
api-1       | {"api_key_prefix": "evk_5237dfcc3619", "duration_ms": 76.69, "event": "http_request_completed", "level": "info", "method": "GET", "outcome": "success", "path": "/api/v1/runs/98ed8587-0ec9-4d92-a48b-8f5a9dcabcfe/cases", "request_id": "64671321-2a38-41aa-94f8-0124ed8a372f", "status_code": 200, "tenant_id": "ab5af908-be70-4f29-8729-5ed3535f4689", "timestamp": "2026-08-07T12:10:06.943666Z", "trace_id": "97a30df1a674541f2de43724a01134e1"}
api-1       | INFO:     172.18.0.1:58494 - "GET /api/v1/runs/98ed8587-0ec9-4d92-a48b-8f5a9dcabcfe/cases?limit=200&sort=case_id&cursor=eyJkaXJlY3Rpb24iOiJhc2MiLCJlcnJvcl9jb2RlIjpudWxsLCJqb2JfaWQiOiI5MTA3MGE4ZS1jNzFlLTQ3OTMtYjE1Zi01NDNmOGU0M2ZhZWQiLCJtZXRyaWMiOm51bGwsInNvcnQiOiJjYXNlX2lkIiwic3RhdHVzIjpudWxsLCJ2IjoxLCJ2YWx1ZSI6ImxvYWQtMDE5OSJ9 HTTP/1.1" 200 OK
api-1       | {"api_key_prefix": "evk_5237dfcc3619", "duration_ms": 74.253, "event": "http_request_completed", "level": "info", "method": "GET", "outcome": "success", "path": "/api/v1/runs/98ed8587-0ec9-4d92-a48b-8f5a9dcabcfe/cases", "request_id": "944deb49-5e4f-4ed5-8909-8746e7c1a566", "status_code": 200, "tenant_id": "ab5af908-be70-4f29-8729-5ed3535f4689", "timestamp": "2026-08-07T12:10:07.020615Z", "trace_id": "15b4f8761c3eaeae2a2ddcaa6d6dd2b6"}
api-1       | INFO:     172.18.0.1:58494 - "GET /api/v1/runs/98ed8587-0ec9-4d92-a48b-8f5a9dcabcfe/cases?limit=200&sort=case_id&cursor=eyJkaXJlY3Rpb24iOiJhc2MiLCJlcnJvcl9jb2RlIjpudWxsLCJqb2JfaWQiOiI1OWQxYTczYi03MTBhLTQzYTMtYmRhYi1mOWEzN2UxNjdmZmEiLCJtZXRyaWMiOm51bGwsInNvcnQiOiJjYXNlX2lkIiwic3RhdHVzIjpudWxsLCJ2IjoxLCJ2YWx1ZSI6ImxvYWQtMDM5OSJ9 HTTP/1.1" 200 OK
api-1       | {"api_key_prefix": "evk_5237dfcc3619", "duration_ms": 65.984, "event": "http_request_completed", "level": "info", "method": "GET", "outcome": "success", "path": "/api/v1/runs/98ed8587-0ec9-4d92-a48b-8f5a9dcabcfe/cases", "request_id": "21795c28-65d4-4f72-8591-014c3b71d735", "status_code": 200, "tenant_id": "ab5af908-be70-4f29-8729-5ed3535f4689", "timestamp": "2026-08-07T12:10:07.089144Z", "trace_id": "8bcc3fcc2ad22d341cdfde5363e8ac91"}
api-1       | INFO:     127.0.0.1:33638 - "GET /metrics HTTP/1.1" 200 OK
api-1       | {"duration_ms": 70.698, "event": "http_request_completed", "level": "info", "method": "GET", "outcome": "success", "path": "/metrics", "request_id": "1799cc34-d82d-4a71-925c-c0896e51d5a9", "status_code": 200, "timestamp": "2026-08-07T12:10:07.700938Z", "trace_id": "05099a4ce20eae7b0163d0e091f25b60"}
api-1       | {"claimed": 50, "event": "outbox_dispatch_batch_completed", "lease_lost": 0, "level": "info", "published": 50, "retry_scheduled": 0, "role": "outbox_dispatcher", "timestamp": "2026-08-07T12:10:07.702438Z"}
api-1       | {"claimed": 50, "event": "outbox_dispatch_batch_completed", "lease_lost": 0, "level": "info", "published": 50, "retry_scheduled": 0, "role": "outbox_dispatcher", "timestamp": "2026-08-07T12:10:08.393552Z"}
api-1       | {"claimed": 50, "event": "outbox_dispatch_batch_completed", "lease_lost": 0, "level": "info", "published": 50, "retry_scheduled": 0, "role": "outbox_dispatcher", "timestamp": "2026-08-07T12:10:09.064600Z"}
api-1       | {"claimed": 17, "event": "outbox_dispatch_batch_completed", "lease_lost": 0, "level": "info", "published": 17, "retry_scheduled": 0, "role": "outbox_dispatcher", "timestamp": "2026-08-07T12:10:09.661609Z"}
api-1       | {"event": "Context impl PostgresqlImpl.", "level": "info", "request_id": "70ebd554-b61e-4897-8160-3c407cc95030", "timestamp": "2026-08-07T12:10:10.754728Z", "trace_id": "b04786241c57eb44cee6c3af288778a0"}
api-1       | {"event": "Will assume transactional DDL.", "level": "info", "request_id": "70ebd554-b61e-4897-8160-3c407cc95030", "timestamp": "2026-08-07T12:10:10.754866Z", "trace_id": "b04786241c57eb44cee6c3af288778a0"}
api-1       | INFO:     127.0.0.1:33650 - "GET /health/ready HTTP/1.1" 200 OK
api-1       | {"duration_ms": 23.442, "event": "http_request_completed", "level": "info", "method": "GET", "outcome": "success", "path": "/health/ready", "request_id": "70ebd554-b61e-4897-8160-3c407cc95030", "status_code": 200, "timestamp": "2026-08-07T12:10:10.762416Z", "trace_id": "b04786241c57eb44cee6c3af288778a0"}
api-1       | INFO:     172.18.0.1:58494 - "POST /api/v1/runs HTTP/1.1" 202 Accepted
api-1       | {"api_key_prefix": "evk_5237dfcc3619", "duration_ms": 84.353, "event": "http_request_completed", "level": "info", "method": "POST", "outcome": "success", "path": "/api/v1/runs", "request_id": "c73e5115-35e0-4a4a-b3b1-5190d6d9f90a", "status_code": 202, "tenant_id": "ab5af908-be70-4f29-8729-5ed3535f4689", "timestamp": "2026-08-07T12:10:11.632576Z", "trace_id": "4c007e9da9055e67a1cb0019da485992"}
api-1       | INFO:     172.18.0.1:58494 - "GET /api/v1/runs/1be85988-617a-4831-a432-4223fdaa7936 HTTP/1.1" 200 OK
api-1       | {"api_key_prefix": "evk_5237dfcc3619", "duration_ms": 56.321, "event": "http_request_completed", "level": "info", "method": "GET", "outcome": "success", "path": "/api/v1/runs/1be85988-617a-4831-a432-4223fdaa7936", "request_id": "44b897a7-6f81-4c02-a16c-477e43f87c2b", "status_code": 200, "tenant_id": "ab5af908-be70-4f29-8729-5ed3535f4689", "timestamp": "2026-08-07T12:10:11.690552Z", "trace_id": "c6e9d13ffadbde53b547de43b5351b3c"}
api-1       | {"claimed": 12, "event": "outbox_dispatch_batch_completed", "lease_lost": 0, "level": "info", "published": 12, "retry_scheduled": 0, "role": "outbox_dispatcher", "timestamp": "2026-08-07T12:10:12.279378Z"}
api-1       | INFO:     172.18.0.1:58494 - "GET /api/v1/runs/1be85988-617a-4831-a432-4223fdaa7936 HTTP/1.1" 200 OK
api-1       | {"api_key_prefix": "evk_5237dfcc3619", "duration_ms": 133.324, "event": "http_request_completed", "level": "info", "method": "GET", "outcome": "success", "path": "/api/v1/runs/1be85988-617a-4831-a432-4223fdaa7936", "request_id": "964b1e4b-cbc3-4bf1-8662-4ba9f0d93b08", "status_code": 200, "tenant_id": "ab5af908-be70-4f29-8729-5ed3535f4689", "timestamp": "2026-08-07T12:10:12.336215Z", "trace_id": "18c8d25750ec19f0e410144592d9ef62"}
api-1       | {"claimed": 28, "event": "outbox_dispatch_batch_completed", "lease_lost": 0, "level": "info", "published": 28, "retry_scheduled": 0, "role": "outbox_dispatcher", "timestamp": "2026-08-07T12:10:12.906389Z"}
api-1       | INFO:     172.18.0.1:58494 - "GET /api/v1/runs/1be85988-617a-4831-a432-4223fdaa7936 HTTP/1.1" 200 OK
api-1       | {"api_key_prefix": "evk_5237dfcc3619", "duration_ms": 106.062, "event": "http_request_completed", "level": "info", "method": "GET", "outcome": "success", "path": "/api/v1/runs/1be85988-617a-4831-a432-4223fdaa7936", "request_id": "ba20d1c4-a628-4f90-a20e-a36f93d1d1ed", "status_code": 200, "tenant_id": "ab5af908-be70-4f29-8729-5ed3535f4689", "timestamp": "2026-08-07T12:10:12.962052Z", "trace_id": "19522f7071ceef3360b268d8b0fd2955"}
api-1       | {"claimed": 30, "event": "outbox_dispatch_batch_completed", "lease_lost": 0, "level": "info", "published": 30, "retry_scheduled": 0, "role": "outbox_dispatcher", "timestamp": "2026-08-07T12:10:13.565559Z"}
api-1       | INFO:     172.18.0.1:58494 - "GET /api/v1/runs/1be85988-617a-4831-a432-4223fdaa7936 HTTP/1.1" 200 OK
api-1       | {"api_key_prefix": "evk_5237dfcc3619", "duration_ms": 143.827, "event": "http_request_completed", "level": "info", "method": "GET", "outcome": "success", "path": "/api/v1/runs/1be85988-617a-4831-a432-4223fdaa7936", "request_id": "f3ebafd4-4154-433c-ace6-1749792a3423", "status_code": 200, "tenant_id": "ab5af908-be70-4f29-8729-5ed3535f4689", "timestamp": "2026-08-07T12:10:13.622421Z", "trace_id": "881a7b724b29a8d498f7eddd56a65043"}
api-1       | {"claimed": 30, "event": "outbox_dispatch_batch_completed", "lease_lost": 0, "level": "info", "published": 30, "retry_scheduled": 0, "role": "outbox_dispatcher", "timestamp": "2026-08-07T12:10:14.249386Z"}
api-1       | INFO:     172.18.0.1:58494 - "GET /api/v1/runs/1be85988-617a-4831-a432-4223fdaa7936 HTTP/1.1" 200 OK
api-1       | {"api_key_prefix": "evk_5237dfcc3619", "duration_ms": 165.309, "event": "http_request_completed", "level": "info", "method": "GET", "outcome": "success", "path": "/api/v1/runs/1be85988-617a-4831-a432-4223fdaa7936", "request_id": "b9d6b2fa-a668-40e1-8122-bb3a5115bf8f", "status_code": 200, "tenant_id": "ab5af908-be70-4f29-8729-5ed3535f4689", "timestamp": "2026-08-07T12:10:14.303085Z", "trace_id": "1a181796c9a5ee8ffc50d4be011c9408"}
api-1       | INFO:     172.18.0.1:58494 - "GET /api/v1/runs/1be85988-617a-4831-a432-4223fdaa7936/cases?limit=200&sort=case_id HTTP/1.1" 200 OK
api-1       | {"api_key_prefix": "evk_5237dfcc3619", "duration_ms": 63.909, "event": "http_request_completed", "level": "info", "method": "GET", "outcome": "success", "path": "/api/v1/runs/1be85988-617a-4831-a432-4223fdaa7936/cases", "request_id": "84a97546-7b08-4bea-9adc-8a68c5f5e5df", "status_code": 200, "tenant_id": "ab5af908-be70-4f29-8729-5ed3535f4689", "timestamp": "2026-08-07T12:10:14.368689Z", "trace_id": "435f532d454a88c88d18d92c64035291"}
api-1       | {"claimed": 2, "event": "outbox_dispatch_batch_completed", "lease_lost": 0, "level": "info", "published": 2, "retry_scheduled": 0, "role": "outbox_dispatcher", "timestamp": "2026-08-07T12:10:14.762770Z"}
api-1       | INFO:     127.0.0.1:33680 - "GET /metrics HTTP/1.1" 200 OK
api-1       | {"duration_ms": 16.217, "event": "http_request_completed", "level": "info", "method": "GET", "outcome": "success", "path": "/metrics", "request_id": "f0080354-fcc5-4e77-9c47-222676de6e36", "status_code": 200, "timestamp": "2026-08-07T12:10:14.776036Z", "trace_id": "5641569e6a04280b507d32b555db96f1"}
api-1       | INFO:     172.18.0.1:58494 - "POST /api/v1/runs HTTP/1.1" 202 Accepted
api-1       | {"api_key_prefix": "evk_5237dfcc3619", "duration_ms": 259.051, "event": "http_request_completed", "level": "info", "method": "POST", "outcome": "success", "path": "/api/v1/runs", "request_id": "b7204a24-2c0b-4ec7-aa6c-92eafe29a130", "status_code": 202, "tenant_id": "ab5af908-be70-4f29-8729-5ed3535f4689", "timestamp": "2026-08-07T12:10:15.641387Z", "trace_id": "128195038600816c50d423b82bd06899"}
api-1       | INFO:     172.18.0.1:58494 - "GET /api/v1/runs/b80acb4a-b014-4a84-a6e7-588eb2aa681d HTTP/1.1" 200 OK
api-1       | {"api_key_prefix": "evk_5237dfcc3619", "duration_ms": 56.488, "event": "http_request_completed", "level": "info", "method": "GET", "outcome": "success", "path": "/api/v1/runs/b80acb4a-b014-4a84-a6e7-588eb2aa681d", "request_id": "92f8fade-c701-4481-b129-5f790a3a67b1", "status_code": 200, "tenant_id": "ab5af908-be70-4f29-8729-5ed3535f4689", "timestamp": "2026-08-07T12:10:15.699670Z", "trace_id": "aa32b89cd7ffe3438833709a1c2ba7f9"}
api-1       | {"event": "Context impl PostgresqlImpl.", "level": "info", "request_id": "56afcf50-9c9c-437f-bc08-44a816522ed0", "timestamp": "2026-08-07T12:10:16.062140Z", "trace_id": "acbd97bbc6a3905e239b46b5edf7c0e5"}
api-1       | {"event": "Will assume transactional DDL.", "level": "info", "request_id": "56afcf50-9c9c-437f-bc08-44a816522ed0", "timestamp": "2026-08-07T12:10:16.062278Z", "trace_id": "acbd97bbc6a3905e239b46b5edf7c0e5"}
api-1       | INFO:     127.0.0.1:52552 - "GET /health/ready HTTP/1.1" 200 OK
api-1       | {"duration_ms": 23.284, "event": "http_request_completed", "level": "info", "method": "GET", "outcome": "success", "path": "/health/ready", "request_id": "56afcf50-9c9c-437f-bc08-44a816522ed0", "status_code": 200, "timestamp": "2026-08-07T12:10:16.069384Z", "trace_id": "acbd97bbc6a3905e239b46b5edf7c0e5"}
api-1       | INFO:     172.18.0.1:58494 - "GET /api/v1/runs/b80acb4a-b014-4a84-a6e7-588eb2aa681d HTTP/1.1" 200 OK
api-1       | {"api_key_prefix": "evk_5237dfcc3619", "duration_ms": 64.316, "event": "http_request_completed", "level": "info", "method": "GET", "outcome": "success", "path": "/api/v1/runs/b80acb4a-b014-4a84-a6e7-588eb2aa681d", "request_id": "193b7002-0c81-4062-b1fb-07604bde9b3c", "status_code": 200, "tenant_id": "ab5af908-be70-4f29-8729-5ed3535f4689", "timestamp": "2026-08-07T12:10:16.266369Z", "trace_id": "e92ff7aa43a6d114874bf9c091ee8949"}
api-1       | {"claimed": 8, "event": "outbox_dispatch_batch_completed", "lease_lost": 0, "level": "info", "published": 8, "retry_scheduled": 0, "role": "outbox_dispatcher", "timestamp": "2026-08-07T12:10:16.314727Z"}
api-1       | INFO:     172.18.0.1:58494 - "GET /api/v1/runs/b80acb4a-b014-4a84-a6e7-588eb2aa681d HTTP/1.1" 200 OK
api-1       | {"api_key_prefix": "evk_5237dfcc3619", "duration_ms": 63.641, "event": "http_request_completed", "level": "info", "method": "GET", "outcome": "success", "path": "/api/v1/runs/b80acb4a-b014-4a84-a6e7-588eb2aa681d", "request_id": "048b0d27-681d-4057-9824-56faaa45ab11", "status_code": 200, "tenant_id": "ab5af908-be70-4f29-8729-5ed3535f4689", "timestamp": "2026-08-07T12:10:16.834729Z", "trace_id": "047eb2f2bfb749af1d82c2a745107a75"}
api-1       | {"claimed": 26, "event": "outbox_dispatch_batch_completed", "lease_lost": 0, "level": "info", "published": 26, "retry_scheduled": 0, "role": "outbox_dispatcher", "timestamp": "2026-08-07T12:10:16.965425Z"}
api-1       | INFO:     172.18.0.1:58494 - "GET /api/v1/runs/b80acb4a-b014-4a84-a6e7-588eb2aa681d HTTP/1.1" 200 OK
api-1       | {"api_key_prefix": "evk_5237dfcc3619", "duration_ms": 59.411, "event": "http_request_completed", "level": "info", "method": "GET", "outcome": "success", "path": "/api/v1/runs/b80acb4a-b014-4a84-a6e7-588eb2aa681d", "request_id": "997ff647-3d96-411a-a8ff-2f3c72bdddcd", "status_code": 200, "tenant_id": "ab5af908-be70-4f29-8729-5ed3535f4689", "timestamp": "2026-08-07T12:10:17.397044Z", "trace_id": "15c60ccd2cfa8bb350123c8ba00fe0fe"}
api-1       | {"claimed": 30, "event": "outbox_dispatch_batch_completed", "lease_lost": 0, "level": "info", "published": 30, "retry_scheduled": 0, "role": "outbox_dispatcher", "timestamp": "2026-08-07T12:10:17.590807Z"}
api-1       | INFO:     172.18.0.1:58494 - "GET /api/v1/runs/b80acb4a-b014-4a84-a6e7-588eb2aa681d HTTP/1.1" 200 OK
api-1       | {"api_key_prefix": "evk_5237dfcc3619", "duration_ms": 62.555, "event": "http_request_completed", "level": "info", "method": "GET", "outcome": "success", "path": "/api/v1/runs/b80acb4a-b014-4a84-a6e7-588eb2aa681d", "request_id": "552bae98-52d7-41a7-871c-5f991a2f1869", "status_code": 200, "tenant_id": "ab5af908-be70-4f29-8729-5ed3535f4689", "timestamp": "2026-08-07T12:10:17.962211Z", "trace_id": "43e144859c313326bc18f22cefbad09d"}
api-1       | {"claimed": 26, "event": "outbox_dispatch_batch_completed", "lease_lost": 0, "level": "info", "published": 26, "retry_scheduled": 0, "role": "outbox_dispatcher", "timestamp": "2026-08-07T12:10:18.252716Z"}
api-1       | INFO:     172.18.0.1:58494 - "GET /api/v1/runs/b80acb4a-b014-4a84-a6e7-588eb2aa681d HTTP/1.1" 200 OK
api-1       | {"api_key_prefix": "evk_5237dfcc3619", "duration_ms": 59.469, "event": "http_request_completed", "level": "info", "method": "GET", "outcome": "success", "path": "/api/v1/runs/b80acb4a-b014-4a84-a6e7-588eb2aa681d", "request_id": "e1cb13db-5eff-4976-ab01-36abc0e7fa7f", "status_code": 200, "tenant_id": "ab5af908-be70-4f29-8729-5ed3535f4689", "timestamp": "2026-08-07T12:10:18.524708Z", "trace_id": "21aaf3c472565868ec39ed8c1f5a1fa5"}
api-1       | {"claimed": 30, "event": "outbox_dispatch_batch_completed", "lease_lost": 0, "level": "info", "published": 30, "retry_scheduled": 0, "role": "outbox_dispatcher", "timestamp": "2026-08-07T12:10:18.873483Z"}
api-1       | INFO:     172.18.0.1:58494 - "GET /api/v1/runs/b80acb4a-b014-4a84-a6e7-588eb2aa681d HTTP/1.1" 200 OK
api-1       | {"api_key_prefix": "evk_5237dfcc3619", "duration_ms": 78.722, "event": "http_request_completed", "level": "info", "method": "GET", "outcome": "success", "path": "/api/v1/runs/b80acb4a-b014-4a84-a6e7-588eb2aa681d", "request_id": "bfe7e11c-ef06-4452-b6fa-3a8db711506a", "status_code": 200, "tenant_id": "ab5af908-be70-4f29-8729-5ed3535f4689", "timestamp": "2026-08-07T12:10:19.106146Z", "trace_id": "518c6e42e3f0279bfd9324bc3dda36cd"}
api-1       | {"claimed": 28, "event": "outbox_dispatch_batch_completed", "lease_lost": 0, "level": "info", "published": 28, "retry_scheduled": 0, "role": "outbox_dispatcher", "timestamp": "2026-08-07T12:10:19.552756Z"}
api-1       | INFO:     172.18.0.1:58494 - "GET /api/v1/runs/b80acb4a-b014-4a84-a6e7-588eb2aa681d HTTP/1.1" 200 OK
api-1       | {"api_key_prefix": "evk_5237dfcc3619", "duration_ms": 57.883, "event": "http_request_completed", "level": "info", "method": "GET", "outcome": "success", "path": "/api/v1/runs/b80acb4a-b014-4a84-a6e7-588eb2aa681d", "request_id": "4f631c24-2bce-4341-91ef-3eda913cdc25", "status_code": 200, "tenant_id": "ab5af908-be70-4f29-8729-5ed3535f4689", "timestamp": "2026-08-07T12:10:19.667054Z", "trace_id": "98bfb176f1f30dfa832aaccb664933f3"}
api-1       | {"claimed": 29, "event": "outbox_dispatch_batch_completed", "lease_lost": 0, "level": "info", "published": 29, "retry_scheduled": 0, "role": "outbox_dispatcher", "timestamp": "2026-08-07T12:10:20.196274Z"}
api-1       | INFO:     172.18.0.1:58494 - "GET /api/v1/runs/b80acb4a-b014-4a84-a6e7-588eb2aa681d HTTP/1.1" 200 OK
api-1       | {"api_key_prefix": "evk_5237dfcc3619", "duration_ms": 79.546, "event": "http_request_completed", "level": "info", "method": "GET", "outcome": "success", "path": "/api/v1/runs/b80acb4a-b014-4a84-a6e7-588eb2aa681d", "request_id": "149f519c-e8cb-478d-a997-f89cc024f0ad", "status_code": 200, "tenant_id": "ab5af908-be70-4f29-8729-5ed3535f4689", "timestamp": "2026-08-07T12:10:20.250440Z", "trace_id": "5ee25713dba78d3a9dbe54ea61ac4b43"}
api-1       | {"claimed": 31, "event": "outbox_dispatch_batch_completed", "lease_lost": 0, "level": "info", "published": 31, "retry_scheduled": 0, "role": "outbox_dispatcher", "timestamp": "2026-08-07T12:10:20.855336Z"}
api-1       | INFO:     172.18.0.1:58494 - "GET /api/v1/runs/b80acb4a-b014-4a84-a6e7-588eb2aa681d HTTP/1.1" 200 OK
api-1       | {"api_key_prefix": "evk_5237dfcc3619", "duration_ms": 151.62, "event": "http_request_completed", "level": "info", "method": "GET", "outcome": "success", "path": "/api/v1/runs/b80acb4a-b014-4a84-a6e7-588eb2aa681d", "request_id": "2d4238bb-e3f2-41b8-859d-b1693e5cb71d", "status_code": 200, "tenant_id": "ab5af908-be70-4f29-8729-5ed3535f4689", "timestamp": "2026-08-07T12:10:20.922444Z", "trace_id": "510330535a8d19aba287ed93a2e3f25a"}
api-1       | {"event": "Context impl PostgresqlImpl.", "level": "info", "request_id": "a1fe1b73-dcd3-435c-95f6-e7f8687f5edd", "timestamp": "2026-08-07T12:10:21.533257Z", "trace_id": "41a74b840b9e49fb586f41eb4f8f424f"}
api-1       | {"event": "Will assume transactional DDL.", "level": "info", "request_id": "a1fe1b73-dcd3-435c-95f6-e7f8687f5edd", "timestamp": "2026-08-07T12:10:21.533410Z", "trace_id": "41a74b840b9e49fb586f41eb4f8f424f"}
api-1       | {"claimed": 28, "event": "outbox_dispatch_batch_completed", "lease_lost": 0, "level": "info", "published": 28, "retry_scheduled": 0, "role": "outbox_dispatcher", "timestamp": "2026-08-07T12:10:21.560469Z"}
api-1       | INFO:     127.0.0.1:52554 - "GET /health/ready HTTP/1.1" 200 OK
api-1       | {"duration_ms": 143.349, "event": "http_request_completed", "level": "info", "method": "GET", "outcome": "success", "path": "/health/ready", "request_id": "a1fe1b73-dcd3-435c-95f6-e7f8687f5edd", "status_code": 200, "timestamp": "2026-08-07T12:10:21.569457Z", "trace_id": "41a74b840b9e49fb586f41eb4f8f424f"}
api-1       | INFO:     172.18.0.1:58494 - "GET /api/v1/runs/b80acb4a-b014-4a84-a6e7-588eb2aa681d HTTP/1.1" 200 OK
api-1       | {"api_key_prefix": "evk_5237dfcc3619", "duration_ms": 185.007, "event": "http_request_completed", "level": "info", "method": "GET", "outcome": "success", "path": "/api/v1/runs/b80acb4a-b014-4a84-a6e7-588eb2aa681d", "request_id": "eb4de2eb-8114-40dc-8c4e-cbd57478892b", "status_code": 200, "tenant_id": "ab5af908-be70-4f29-8729-5ed3535f4689", "timestamp": "2026-08-07T12:10:21.614897Z", "trace_id": "bb9d6c6fe588d4caaa7924d2e62e929b"}
api-1       | {"claimed": 32, "event": "outbox_dispatch_batch_completed", "lease_lost": 0, "level": "info", "published": 32, "retry_scheduled": 0, "role": "outbox_dispatcher", "timestamp": "2026-08-07T12:10:22.252604Z"}
api-1       | INFO:     172.18.0.1:58494 - "GET /api/v1/runs/b80acb4a-b014-4a84-a6e7-588eb2aa681d HTTP/1.1" 200 OK
api-1       | {"api_key_prefix": "evk_5237dfcc3619", "duration_ms": 138.875, "event": "http_request_completed", "level": "info", "method": "GET", "outcome": "success", "path": "/api/v1/runs/b80acb4a-b014-4a84-a6e7-588eb2aa681d", "request_id": "2aa88631-5b8a-4856-bade-6286c1f331dc", "status_code": 200, "tenant_id": "ab5af908-be70-4f29-8729-5ed3535f4689", "timestamp": "2026-08-07T12:10:22.264593Z", "trace_id": "e32d98e9a85faccbaeb0509cd756de07"}
api-1       | {"claimed": 28, "event": "outbox_dispatch_batch_completed", "lease_lost": 0, "level": "info", "published": 28, "retry_scheduled": 0, "role": "outbox_dispatcher", "timestamp": "2026-08-07T12:10:22.955375Z"}
api-1       | INFO:     172.18.0.1:58494 - "GET /api/v1/runs/b80acb4a-b014-4a84-a6e7-588eb2aa681d HTTP/1.1" 200 OK
api-1       | {"api_key_prefix": "evk_5237dfcc3619", "duration_ms": 244.674, "event": "http_request_completed", "level": "info", "method": "GET", "outcome": "success", "path": "/api/v1/runs/b80acb4a-b014-4a84-a6e7-588eb2aa681d", "request_id": "b73cf3d9-673f-4fba-8502-bd2a37321bfb", "status_code": 200, "tenant_id": "ab5af908-be70-4f29-8729-5ed3535f4689", "timestamp": "2026-08-07T12:10:23.015374Z", "trace_id": "9e89a16c5819b47f911522b2c74f403a"}
api-1       | {"claimed": 32, "event": "outbox_dispatch_batch_completed", "lease_lost": 0, "level": "info", "published": 32, "retry_scheduled": 0, "role": "outbox_dispatcher", "timestamp": "2026-08-07T12:10:23.649163Z"}
api-1       | INFO:     172.18.0.1:58494 - "GET /api/v1/runs/b80acb4a-b014-4a84-a6e7-588eb2aa681d HTTP/1.1" 200 OK
api-1       | {"api_key_prefix": "evk_5237dfcc3619", "duration_ms": 179.802, "event": "http_request_completed", "level": "info", "method": "GET", "outcome": "success", "path": "/api/v1/runs/b80acb4a-b014-4a84-a6e7-588eb2aa681d", "request_id": "363a80c8-95e7-4391-81e6-785c387ea943", "status_code": 200, "tenant_id": "ab5af908-be70-4f29-8729-5ed3535f4689", "timestamp": "2026-08-07T12:10:23.713245Z", "trace_id": "70ec2c97330eadffc008d89a960d0a7c"}
api-1       | {"claimed": 30, "event": "outbox_dispatch_batch_completed", "lease_lost": 0, "level": "info", "published": 30, "retry_scheduled": 0, "role": "outbox_dispatcher", "timestamp": "2026-08-07T12:10:24.448526Z"}
api-1       | INFO:     172.18.0.1:58494 - "GET /api/v1/runs/b80acb4a-b014-4a84-a6e7-588eb2aa681d HTTP/1.1" 200 OK
api-1       | {"api_key_prefix": "evk_5237dfcc3619", "duration_ms": 235.97, "event": "http_request_completed", "level": "info", "method": "GET", "outcome": "success", "path": "/api/v1/runs/b80acb4a-b014-4a84-a6e7-588eb2aa681d", "request_id": "313cc9d2-6059-493b-89ad-5c5e3a34108a", "status_code": 200, "tenant_id": "ab5af908-be70-4f29-8729-5ed3535f4689", "timestamp": "2026-08-07T12:10:24.452246Z", "trace_id": "bf867a1056ad76fc05e99cade389c749"}
api-1       | {"claimed": 36, "event": "outbox_dispatch_batch_completed", "lease_lost": 0, "level": "info", "published": 36, "retry_scheduled": 0, "role": "outbox_dispatcher", "timestamp": "2026-08-07T12:10:25.151318Z"}
api-1       | INFO:     172.18.0.1:58494 - "GET /api/v1/runs/b80acb4a-b014-4a84-a6e7-588eb2aa681d HTTP/1.1" 200 OK
api-1       | {"api_key_prefix": "evk_5237dfcc3619", "duration_ms": 203.974, "event": "http_request_completed", "level": "info", "method": "GET", "outcome": "success", "path": "/api/v1/runs/b80acb4a-b014-4a84-a6e7-588eb2aa681d", "request_id": "4567548a-9b97-4a57-8103-79d4eb4198a7", "status_code": 200, "tenant_id": "ab5af908-be70-4f29-8729-5ed3535f4689", "timestamp": "2026-08-07T12:10:25.160148Z", "trace_id": "46c5ecefdd89290a733c971c43caaf77"}
api-1       | {"claimed": 31, "event": "outbox_dispatch_batch_completed", "lease_lost": 0, "level": "info", "published": 31, "retry_scheduled": 0, "role": "outbox_dispatcher", "timestamp": "2026-08-07T12:10:25.865651Z"}
api-1       | INFO:     172.18.0.1:58494 - "GET /api/v1/runs/b80acb4a-b014-4a84-a6e7-588eb2aa681d HTTP/1.1" 200 OK
api-1       | {"api_key_prefix": "evk_5237dfcc3619", "duration_ms": 213.712, "event": "http_request_completed", "level": "info", "method": "GET", "outcome": "success", "path": "/api/v1/runs/b80acb4a-b014-4a84-a6e7-588eb2aa681d", "request_id": "0adbfc14-d45b-48ff-955e-a056495a6554", "status_code": 200, "tenant_id": "ab5af908-be70-4f29-8729-5ed3535f4689", "timestamp": "2026-08-07T12:10:25.877398Z", "trace_id": "bb0952bd2ebaafe1f5fd730ddad0d4dc"}
api-1       | {"claimed": 33, "event": "outbox_dispatch_batch_completed", "lease_lost": 0, "level": "info", "published": 33, "retry_scheduled": 0, "role": "outbox_dispatcher", "timestamp": "2026-08-07T12:10:26.555059Z"}
api-1       | INFO:     172.18.0.1:58494 - "GET /api/v1/runs/b80acb4a-b014-4a84-a6e7-588eb2aa681d HTTP/1.1" 200 OK
api-1       | {"api_key_prefix": "evk_5237dfcc3619", "duration_ms": 224.939, "event": "http_request_completed", "level": "info", "method": "GET", "outcome": "success", "path": "/api/v1/runs/b80acb4a-b014-4a84-a6e7-588eb2aa681d", "request_id": "a7a282df-a0de-4491-acc6-77ce8eb9cc8c", "status_code": 200, "tenant_id": "ab5af908-be70-4f29-8729-5ed3535f4689", "timestamp": "2026-08-07T12:10:26.617719Z", "trace_id": "2f5e4905877b39db0a9abac697fa46db"}
api-1       | {"event": "Context impl PostgresqlImpl.", "level": "info", "request_id": "7651d504-0d7c-49f5-8fdb-937b39fabe6a", "timestamp": "2026-08-07T12:10:26.913737Z", "trace_id": "2924bfb4046fbc3522e75b98e8040eae"}
api-1       | {"event": "Will assume transactional DDL.", "level": "info", "request_id": "7651d504-0d7c-49f5-8fdb-937b39fabe6a", "timestamp": "2026-08-07T12:10:26.913892Z", "trace_id": "2924bfb4046fbc3522e75b98e8040eae"}
api-1       | INFO:     127.0.0.1:44692 - "GET /health/ready HTTP/1.1" 200 OK
api-1       | {"duration_ms": 21.353, "event": "http_request_completed", "level": "info", "method": "GET", "outcome": "success", "path": "/health/ready", "request_id": "7651d504-0d7c-49f5-8fdb-937b39fabe6a", "status_code": 200, "timestamp": "2026-08-07T12:10:26.920426Z", "trace_id": "2924bfb4046fbc3522e75b98e8040eae"}
api-1       | {"claimed": 30, "event": "outbox_dispatch_batch_completed", "lease_lost": 0, "level": "info", "published": 30, "retry_scheduled": 0, "role": "outbox_dispatcher", "timestamp": "2026-08-07T12:10:27.176528Z"}
api-1       | INFO:     172.18.0.1:58494 - "GET /api/v1/runs/b80acb4a-b014-4a84-a6e7-588eb2aa681d HTTP/1.1" 200 OK
api-1       | {"api_key_prefix": "evk_5237dfcc3619", "duration_ms": 97.342, "event": "http_request_completed", "level": "info", "method": "GET", "outcome": "success", "path": "/api/v1/runs/b80acb4a-b014-4a84-a6e7-588eb2aa681d", "request_id": "11ac4ae5-b6ae-426d-bde2-a93773272e0b", "status_code": 200, "tenant_id": "ab5af908-be70-4f29-8729-5ed3535f4689", "timestamp": "2026-08-07T12:10:27.234485Z", "trace_id": "4334e6909daa0539ef63166441d69e0c"}
api-1       | {"claimed": 28, "event": "outbox_dispatch_batch_completed", "lease_lost": 0, "level": "info", "published": 28, "retry_scheduled": 0, "role": "outbox_dispatcher", "timestamp": "2026-08-07T12:10:27.848565Z"}
api-1       | INFO:     172.18.0.1:58494 - "GET /api/v1/runs/b80acb4a-b014-4a84-a6e7-588eb2aa681d HTTP/1.1" 200 OK
api-1       | {"api_key_prefix": "evk_5237dfcc3619", "duration_ms": 107.416, "event": "http_request_completed", "level": "info", "method": "GET", "outcome": "success", "path": "/api/v1/runs/b80acb4a-b014-4a84-a6e7-588eb2aa681d", "request_id": "43a7d95f-881f-452c-b45b-3e61647797ad", "status_code": 200, "tenant_id": "ab5af908-be70-4f29-8729-5ed3535f4689", "timestamp": "2026-08-07T12:10:27.862740Z", "trace_id": "3bd8345e160d79b704f7bb35d2bb01cf"}
api-1       | {"claimed": 30, "event": "outbox_dispatch_batch_completed", "lease_lost": 0, "level": "info", "published": 30, "retry_scheduled": 0, "role": "outbox_dispatcher", "timestamp": "2026-08-07T12:10:28.487524Z"}
api-1       | INFO:     172.18.0.1:58494 - "GET /api/v1/runs/b80acb4a-b014-4a84-a6e7-588eb2aa681d HTTP/1.1" 200 OK
api-1       | {"api_key_prefix": "evk_5237dfcc3619", "duration_ms": 180.812, "event": "http_request_completed", "level": "info", "method": "GET", "outcome": "success", "path": "/api/v1/runs/b80acb4a-b014-4a84-a6e7-588eb2aa681d", "request_id": "dc6afe19-6766-4077-a326-18e8489d96ae", "status_code": 200, "tenant_id": "ab5af908-be70-4f29-8729-5ed3535f4689", "timestamp": "2026-08-07T12:10:28.558419Z", "trace_id": "cea90bc7fbaa2b2b51b67124258083c9"}
api-1       | {"claimed": 30, "event": "outbox_dispatch_batch_completed", "lease_lost": 0, "level": "info", "published": 30, "retry_scheduled": 0, "role": "outbox_dispatcher", "timestamp": "2026-08-07T12:10:29.160964Z"}
api-1       | INFO:     172.18.0.1:58494 - "GET /api/v1/runs/b80acb4a-b014-4a84-a6e7-588eb2aa681d HTTP/1.1" 200 OK
api-1       | {"api_key_prefix": "evk_5237dfcc3619", "duration_ms": 140.398, "event": "http_request_completed", "level": "info", "method": "GET", "outcome": "success", "path": "/api/v1/runs/b80acb4a-b014-4a84-a6e7-588eb2aa681d", "request_id": "abb019ff-097c-4688-a445-1abdcdd17df7", "status_code": 200, "tenant_id": "ab5af908-be70-4f29-8729-5ed3535f4689", "timestamp": "2026-08-07T12:10:29.223879Z", "trace_id": "906ffa7ce47e024bed85fe0c50628690"}
api-1       | {"claimed": 30, "event": "outbox_dispatch_batch_completed", "lease_lost": 0, "level": "info", "published": 30, "retry_scheduled": 0, "role": "outbox_dispatcher", "timestamp": "2026-08-07T12:10:29.782760Z"}
api-1       | INFO:     172.18.0.1:58494 - "GET /api/v1/runs/b80acb4a-b014-4a84-a6e7-588eb2aa681d HTTP/1.1" 200 OK
api-1       | {"api_key_prefix": "evk_5237dfcc3619", "duration_ms": 116.852, "event": "http_request_completed", "level": "info", "method": "GET", "outcome": "success", "path": "/api/v1/runs/b80acb4a-b014-4a84-a6e7-588eb2aa681d", "request_id": "a49dd919-2f72-4644-8db6-8a0de03d6f63", "status_code": 200, "tenant_id": "ab5af908-be70-4f29-8729-5ed3535f4689", "timestamp": "2026-08-07T12:10:29.861617Z", "trace_id": "1d71b8395368d71dbce88e47fa676309"}
api-1       | {"claimed": 26, "event": "outbox_dispatch_batch_completed", "lease_lost": 0, "level": "info", "published": 26, "retry_scheduled": 0, "role": "outbox_dispatcher", "timestamp": "2026-08-07T12:10:30.452949Z"}
api-1       | INFO:     172.18.0.1:58494 - "GET /api/v1/runs/b80acb4a-b014-4a84-a6e7-588eb2aa681d HTTP/1.1" 200 OK
api-1       | {"api_key_prefix": "evk_5237dfcc3619", "duration_ms": 94.096, "event": "http_request_completed", "level": "info", "method": "GET", "outcome": "success", "path": "/api/v1/runs/b80acb4a-b014-4a84-a6e7-588eb2aa681d", "request_id": "118d88af-6cbc-4a56-9a78-c5d592149b3b", "status_code": 200, "tenant_id": "ab5af908-be70-4f29-8729-5ed3535f4689", "timestamp": "2026-08-07T12:10:30.461392Z", "trace_id": "1d0c666685c022ff15ae4e6c6f2e609d"}
api-1       | {"claimed": 30, "event": "outbox_dispatch_batch_completed", "lease_lost": 0, "level": "info", "published": 30, "retry_scheduled": 0, "role": "outbox_dispatcher", "timestamp": "2026-08-07T12:10:31.149360Z"}
api-1       | INFO:     172.18.0.1:58494 - "GET /api/v1/runs/b80acb4a-b014-4a84-a6e7-588eb2aa681d HTTP/1.1" 200 OK
api-1       | {"api_key_prefix": "evk_5237dfcc3619", "duration_ms": 193.74, "event": "http_request_completed", "level": "info", "method": "GET", "outcome": "success", "path": "/api/v1/runs/b80acb4a-b014-4a84-a6e7-588eb2aa681d", "request_id": "6c939c1b-7281-4871-b6ec-df1610694975", "status_code": 200, "tenant_id": "ab5af908-be70-4f29-8729-5ed3535f4689", "timestamp": "2026-08-07T12:10:31.158568Z", "trace_id": "ff097b3d457b040cb5f9a852581e5bb2"}
api-1       | {"claimed": 31, "event": "outbox_dispatch_batch_completed", "lease_lost": 0, "level": "info", "published": 31, "retry_scheduled": 0, "role": "outbox_dispatcher", "timestamp": "2026-08-07T12:10:31.838969Z"}
api-1       | INFO:     172.18.0.1:58494 - "GET /api/v1/runs/b80acb4a-b014-4a84-a6e7-588eb2aa681d HTTP/1.1" 200 OK
api-1       | {"api_key_prefix": "evk_5237dfcc3619", "duration_ms": 199.152, "event": "http_request_completed", "level": "info", "method": "GET", "outcome": "success", "path": "/api/v1/runs/b80acb4a-b014-4a84-a6e7-588eb2aa681d", "request_id": "2b6eab87-b22d-497a-8964-fca28e87c08d", "status_code": 200, "tenant_id": "ab5af908-be70-4f29-8729-5ed3535f4689", "timestamp": "2026-08-07T12:10:31.860600Z", "trace_id": "88983668ba6818c433d3dce86877b591"}
api-1       | {"event": "Context impl PostgresqlImpl.", "level": "info", "request_id": "5ae0ba7d-bc10-4f7c-915d-c28d064c931c", "timestamp": "2026-08-07T12:10:32.236760Z", "trace_id": "900d470c267d3829c144dc57fae67888"}
api-1       | {"event": "Will assume transactional DDL.", "level": "info", "request_id": "5ae0ba7d-bc10-4f7c-915d-c28d064c931c", "timestamp": "2026-08-07T12:10:32.236945Z", "trace_id": "900d470c267d3829c144dc57fae67888"}
api-1       | INFO:     127.0.0.1:44712 - "GET /health/ready HTTP/1.1" 200 OK
api-1       | {"duration_ms": 24.497, "event": "http_request_completed", "level": "info", "method": "GET", "outcome": "success", "path": "/health/ready", "request_id": "5ae0ba7d-bc10-4f7c-915d-c28d064c931c", "status_code": 200, "timestamp": "2026-08-07T12:10:32.244142Z", "trace_id": "900d470c267d3829c144dc57fae67888"}
api-1       | {"claimed": 31, "event": "outbox_dispatch_batch_completed", "lease_lost": 0, "level": "info", "published": 31, "retry_scheduled": 0, "role": "outbox_dispatcher", "timestamp": "2026-08-07T12:10:32.553885Z"}
api-1       | INFO:     172.18.0.1:58494 - "GET /api/v1/runs/b80acb4a-b014-4a84-a6e7-588eb2aa681d HTTP/1.1" 200 OK
api-1       | {"api_key_prefix": "evk_5237dfcc3619", "duration_ms": 183.306, "event": "http_request_completed", "level": "info", "method": "GET", "outcome": "success", "path": "/api/v1/runs/b80acb4a-b014-4a84-a6e7-588eb2aa681d", "request_id": "d9f5e2eb-065f-4f0b-a381-1b46816b6abf", "status_code": 200, "tenant_id": "ab5af908-be70-4f29-8729-5ed3535f4689", "timestamp": "2026-08-07T12:10:32.619569Z", "trace_id": "48189ec7fe54089b52d18d319727c8f5"}
api-1       | {"claimed": 32, "event": "outbox_dispatch_batch_completed", "lease_lost": 0, "level": "info", "published": 32, "retry_scheduled": 0, "role": "outbox_dispatcher", "timestamp": "2026-08-07T12:10:33.179934Z"}
api-1       | INFO:     172.18.0.1:58494 - "GET /api/v1/runs/b80acb4a-b014-4a84-a6e7-588eb2aa681d HTTP/1.1" 200 OK
api-1       | {"api_key_prefix": "evk_5237dfcc3619", "duration_ms": 110.946, "event": "http_request_completed", "level": "info", "method": "GET", "outcome": "success", "path": "/api/v1/runs/b80acb4a-b014-4a84-a6e7-588eb2aa681d", "request_id": "3035668f-985d-4bb4-8b5f-43f90ef5fc43", "status_code": 200, "tenant_id": "ab5af908-be70-4f29-8729-5ed3535f4689", "timestamp": "2026-08-07T12:10:33.252867Z", "trace_id": "0ba6f68c26254be7f30c8acf6ba75b1c"}
api-1       | {"claimed": 26, "event": "outbox_dispatch_batch_completed", "lease_lost": 0, "level": "info", "published": 26, "retry_scheduled": 0, "role": "outbox_dispatcher", "timestamp": "2026-08-07T12:10:33.861236Z"}
api-1       | INFO:     172.18.0.1:58494 - "GET /api/v1/runs/b80acb4a-b014-4a84-a6e7-588eb2aa681d HTTP/1.1" 200 OK
api-1       | {"api_key_prefix": "evk_5237dfcc3619", "duration_ms": 113.162, "event": "http_request_completed", "level": "info", "method": "GET", "outcome": "success", "path": "/api/v1/runs/b80acb4a-b014-4a84-a6e7-588eb2aa681d", "request_id": "bca1d3e8-616c-4cce-9564-7bc541131d3b", "status_code": 200, "tenant_id": "ab5af908-be70-4f29-8729-5ed3535f4689", "timestamp": "2026-08-07T12:10:33.892753Z", "trace_id": "e5ca3947f81982cbb180c12f7a1aad27"}
api-1       | {"claimed": 32, "event": "outbox_dispatch_batch_completed", "lease_lost": 0, "level": "info", "published": 32, "retry_scheduled": 0, "role": "outbox_dispatcher", "timestamp": "2026-08-07T12:10:34.550544Z"}
api-1       | INFO:     172.18.0.1:58494 - "GET /api/v1/runs/b80acb4a-b014-4a84-a6e7-588eb2aa681d HTTP/1.1" 200 OK
api-1       | {"api_key_prefix": "evk_5237dfcc3619", "duration_ms": 161.261, "event": "http_request_completed", "level": "info", "method": "GET", "outcome": "success", "path": "/api/v1/runs/b80acb4a-b014-4a84-a6e7-588eb2aa681d", "request_id": "d6c721bf-5e46-4a2b-8df0-c922ad3fc9e3", "status_code": 200, "tenant_id": "ab5af908-be70-4f29-8729-5ed3535f4689", "timestamp": "2026-08-07T12:10:34.560454Z", "trace_id": "c25e263924d602c3e9427fcec43c8d12"}
api-1       | {"claimed": 32, "event": "outbox_dispatch_batch_completed", "lease_lost": 0, "level": "info", "published": 32, "retry_scheduled": 0, "role": "outbox_dispatcher", "timestamp": "2026-08-07T12:10:35.187166Z"}
api-1       | INFO:     172.18.0.1:58494 - "GET /api/v1/runs/b80acb4a-b014-4a84-a6e7-588eb2aa681d HTTP/1.1" 200 OK
api-1       | {"api_key_prefix": "evk_5237dfcc3619", "duration_ms": 186.434, "event": "http_request_completed", "level": "info", "method": "GET", "outcome": "success", "path": "/api/v1/runs/b80acb4a-b014-4a84-a6e7-588eb2aa681d", "request_id": "a72efb94-7d6d-4886-8765-2051d095d1ef", "status_code": 200, "tenant_id": "ab5af908-be70-4f29-8729-5ed3535f4689", "timestamp": "2026-08-07T12:10:35.258916Z", "trace_id": "746c83201d9483120ab5adb02e86ce7c"}
api-1       | {"claimed": 30, "event": "outbox_dispatch_batch_completed", "lease_lost": 0, "level": "info", "published": 30, "retry_scheduled": 0, "role": "outbox_dispatcher", "timestamp": "2026-08-07T12:10:35.858013Z"}
api-1       | INFO:     172.18.0.1:58494 - "GET /api/v1/runs/b80acb4a-b014-4a84-a6e7-588eb2aa681d HTTP/1.1" 200 OK
api-1       | {"api_key_prefix": "evk_5237dfcc3619", "duration_ms": 99.496, "event": "http_request_completed", "level": "info", "method": "GET", "outcome": "success", "path": "/api/v1/runs/b80acb4a-b014-4a84-a6e7-588eb2aa681d", "request_id": "728dc565-ddd9-4fde-b174-7049a224a52f", "status_code": 200, "tenant_id": "ab5af908-be70-4f29-8729-5ed3535f4689", "timestamp": "2026-08-07T12:10:35.872749Z", "trace_id": "e4824b70052b715f252035dbbd9b0e75"}
api-1       | {"claimed": 30, "event": "outbox_dispatch_batch_completed", "lease_lost": 0, "level": "info", "published": 30, "retry_scheduled": 0, "role": "outbox_dispatcher", "timestamp": "2026-08-07T12:10:36.485264Z"}
api-1       | INFO:     172.18.0.1:58494 - "GET /api/v1/runs/b80acb4a-b014-4a84-a6e7-588eb2aa681d HTTP/1.1" 200 OK
api-1       | {"api_key_prefix": "evk_5237dfcc3619", "duration_ms": 167.663, "event": "http_request_completed", "level": "info", "method": "GET", "outcome": "success", "path": "/api/v1/runs/b80acb4a-b014-4a84-a6e7-588eb2aa681d", "request_id": "dfc87479-3afb-45ce-90a8-cf2f00455d4b", "status_code": 200, "tenant_id": "ab5af908-be70-4f29-8729-5ed3535f4689", "timestamp": "2026-08-07T12:10:36.560941Z", "trace_id": "a3c0a31f5871aef70812b902ab34925e"}
api-1       | {"claimed": 26, "event": "outbox_dispatch_batch_completed", "lease_lost": 0, "level": "info", "published": 26, "retry_scheduled": 0, "role": "outbox_dispatcher", "timestamp": "2026-08-07T12:10:37.152694Z"}
api-1       | INFO:     172.18.0.1:58494 - "GET /api/v1/runs/b80acb4a-b014-4a84-a6e7-588eb2aa681d HTTP/1.1" 200 OK
api-1       | {"api_key_prefix": "evk_5237dfcc3619", "duration_ms": 141.146, "event": "http_request_completed", "level": "info", "method": "GET", "outcome": "success", "path": "/api/v1/runs/b80acb4a-b014-4a84-a6e7-588eb2aa681d", "request_id": "6dea7285-d654-42fc-b58f-c2e9e97dbc24", "status_code": 200, "tenant_id": "ab5af908-be70-4f29-8729-5ed3535f4689", "timestamp": "2026-08-07T12:10:37.216257Z", "trace_id": "2907fd4743707825bf3ad654cd7681a8"}
api-1       | {"event": "Context impl PostgresqlImpl.", "level": "info", "request_id": "c495ed91-2a71-4951-944f-de4d4ac5c14e", "timestamp": "2026-08-07T12:10:37.578235Z", "trace_id": "4c19e5f4ec6e49e4c8200215dcc26241"}
api-1       | {"event": "Will assume transactional DDL.", "level": "info", "request_id": "c495ed91-2a71-4951-944f-de4d4ac5c14e", "timestamp": "2026-08-07T12:10:37.578461Z", "trace_id": "4c19e5f4ec6e49e4c8200215dcc26241"}
api-1       | INFO:     127.0.0.1:54166 - "GET /health/ready HTTP/1.1" 200 OK
api-1       | {"duration_ms": 27.758, "event": "http_request_completed", "level": "info", "method": "GET", "outcome": "success", "path": "/health/ready", "request_id": "c495ed91-2a71-4951-944f-de4d4ac5c14e", "status_code": 200, "timestamp": "2026-08-07T12:10:37.586050Z", "trace_id": "4c19e5f4ec6e49e4c8200215dcc26241"}
api-1       | {"claimed": 30, "event": "outbox_dispatch_batch_completed", "lease_lost": 0, "level": "info", "published": 30, "retry_scheduled": 0, "role": "outbox_dispatcher", "timestamp": "2026-08-07T12:10:37.788387Z"}
api-1       | INFO:     172.18.0.1:58494 - "GET /api/v1/runs/b80acb4a-b014-4a84-a6e7-588eb2aa681d HTTP/1.1" 200 OK
api-1       | {"api_key_prefix": "evk_5237dfcc3619", "duration_ms": 118.702, "event": "http_request_completed", "level": "info", "method": "GET", "outcome": "success", "path": "/api/v1/runs/b80acb4a-b014-4a84-a6e7-588eb2aa681d", "request_id": "d687299d-e638-43ae-8d2a-ecf8ba73e797", "status_code": 200, "tenant_id": "ab5af908-be70-4f29-8729-5ed3535f4689", "timestamp": "2026-08-07T12:10:37.854594Z", "trace_id": "d45895ffa300a8a7839d8db9091e39fb"}
api-1       | {"claimed": 30, "event": "outbox_dispatch_batch_completed", "lease_lost": 0, "level": "info", "published": 30, "retry_scheduled": 0, "role": "outbox_dispatcher", "timestamp": "2026-08-07T12:10:38.452207Z"}
api-1       | INFO:     172.18.0.1:58494 - "GET /api/v1/runs/b80acb4a-b014-4a84-a6e7-588eb2aa681d HTTP/1.1" 200 OK
api-1       | {"api_key_prefix": "evk_5237dfcc3619", "duration_ms": 95.17, "event": "http_request_completed", "level": "info", "method": "GET", "outcome": "success", "path": "/api/v1/runs/b80acb4a-b014-4a84-a6e7-588eb2aa681d", "request_id": "168ea790-bd6e-4a61-b81f-63dee71d011c", "status_code": 200, "tenant_id": "ab5af908-be70-4f29-8729-5ed3535f4689", "timestamp": "2026-08-07T12:10:38.470653Z", "trace_id": "2b6363138112b88077de786ccf6d3cfd"}
api-1       | {"claimed": 10, "event": "outbox_dispatch_batch_completed", "lease_lost": 0, "level": "info", "published": 10, "retry_scheduled": 0, "role": "outbox_dispatcher", "timestamp": "2026-08-07T12:10:39.017452Z"}
api-1       | INFO:     172.18.0.1:58494 - "GET /api/v1/runs/b80acb4a-b014-4a84-a6e7-588eb2aa681d HTTP/1.1" 200 OK
api-1       | {"api_key_prefix": "evk_5237dfcc3619", "duration_ms": 101.856, "event": "http_request_completed", "level": "info", "method": "GET", "outcome": "success", "path": "/api/v1/runs/b80acb4a-b014-4a84-a6e7-588eb2aa681d", "request_id": "d74d6967-c7f1-4649-b1da-8a4315ff9ff0", "status_code": 200, "tenant_id": "ab5af908-be70-4f29-8729-5ed3535f4689", "timestamp": "2026-08-07T12:10:39.075830Z", "trace_id": "de753009e07349e92a727490002befa4"}
api-1       | INFO:     172.18.0.1:58494 - "GET /api/v1/runs/b80acb4a-b014-4a84-a6e7-588eb2aa681d/cases?limit=200&sort=case_id HTTP/1.1" 200 OK
api-1       | {"api_key_prefix": "evk_5237dfcc3619", "duration_ms": 81.959, "event": "http_request_completed", "level": "info", "method": "GET", "outcome": "success", "path": "/api/v1/runs/b80acb4a-b014-4a84-a6e7-588eb2aa681d/cases", "request_id": "de60d628-ddac-4a82-a6a4-79b9093a7022", "status_code": 200, "tenant_id": "ab5af908-be70-4f29-8729-5ed3535f4689", "timestamp": "2026-08-07T12:10:39.159563Z", "trace_id": "38110f3772b3596c089126dc80ba8d4c"}
api-1       | INFO:     172.18.0.1:58494 - "GET /api/v1/runs/b80acb4a-b014-4a84-a6e7-588eb2aa681d/cases?limit=200&sort=case_id&cursor=eyJkaXJlY3Rpb24iOiJhc2MiLCJlcnJvcl9jb2RlIjpudWxsLCJqb2JfaWQiOiIyYjQxMTI1OC0zYjY3LTQ1YzAtYjc1Yi0xYzU5Mzk5YTI4NzIiLCJtZXRyaWMiOm51bGwsInNvcnQiOiJjYXNlX2lkIiwic3RhdHVzIjpudWxsLCJ2IjoxLCJ2YWx1ZSI6ImxvYWQtMDE5OSJ9 HTTP/1.1" 200 OK
api-1       | {"api_key_prefix": "evk_5237dfcc3619", "duration_ms": 78.307, "event": "http_request_completed", "level": "info", "method": "GET", "outcome": "success", "path": "/api/v1/runs/b80acb4a-b014-4a84-a6e7-588eb2aa681d/cases", "request_id": "ea3555be-6398-4b22-943c-cb9289fe96a8", "status_code": 200, "tenant_id": "ab5af908-be70-4f29-8729-5ed3535f4689", "timestamp": "2026-08-07T12:10:39.241304Z", "trace_id": "d80f4fac4885f4e9a6d72937155000c0"}
api-1       | INFO:     172.18.0.1:58494 - "GET /api/v1/runs/b80acb4a-b014-4a84-a6e7-588eb2aa681d/cases?limit=200&sort=case_id&cursor=eyJkaXJlY3Rpb24iOiJhc2MiLCJlcnJvcl9jb2RlIjpudWxsLCJqb2JfaWQiOiJhZTM0YzZjMi1iNWQ0LTRkMGItOGQwMC0zYTI3ZWE5Njk4NmEiLCJtZXRyaWMiOm51bGwsInNvcnQiOiJjYXNlX2lkIiwic3RhdHVzIjpudWxsLCJ2IjoxLCJ2YWx1ZSI6ImxvYWQtMDM5OSJ9 HTTP/1.1" 200 OK
api-1       | {"api_key_prefix": "evk_5237dfcc3619", "duration_ms": 65.646, "event": "http_request_completed", "level": "info", "method": "GET", "outcome": "success", "path": "/api/v1/runs/b80acb4a-b014-4a84-a6e7-588eb2aa681d/cases", "request_id": "1c7e980a-2a7c-4f66-b384-e8870122404f", "status_code": 200, "tenant_id": "ab5af908-be70-4f29-8729-5ed3535f4689", "timestamp": "2026-08-07T12:10:39.309443Z", "trace_id": "2098553456acf0512719f84a19fc923a"}
api-1       | INFO:     127.0.0.1:54168 - "GET /metrics HTTP/1.1" 200 OK
api-1       | {"duration_ms": 14.96, "event": "http_request_completed", "level": "info", "method": "GET", "outcome": "success", "path": "/metrics", "request_id": "37140530-b12c-438a-8cb2-dcec8e773364", "status_code": 200, "timestamp": "2026-08-07T12:10:39.690660Z", "trace_id": "e3bab4620da572f54db0e3ed865bfb6e"}
api-1       | {"event": "Context impl PostgresqlImpl.", "level": "info", "request_id": "35e0191c-123e-44b2-b068-69af31039677", "timestamp": "2026-08-07T12:10:43.016879Z", "trace_id": "d51b2ab7bde9b2edb5479f381c369858"}
api-1       | {"event": "Will assume transactional DDL.", "level": "info", "request_id": "35e0191c-123e-44b2-b068-69af31039677", "timestamp": "2026-08-07T12:10:43.017051Z", "trace_id": "d51b2ab7bde9b2edb5479f381c369858"}
api-1       | INFO:     127.0.0.1:54196 - "GET /health/ready HTTP/1.1" 200 OK
api-1       | {"duration_ms": 84.254, "event": "http_request_completed", "level": "info", "method": "GET", "outcome": "success", "path": "/health/ready", "request_id": "35e0191c-123e-44b2-b068-69af31039677", "status_code": 200, "timestamp": "2026-08-07T12:10:43.028319Z", "trace_id": "d51b2ab7bde9b2edb5479f381c369858"}
api-1       | INFO:     172.18.0.1:58494 - "POST /api/v1/runs HTTP/1.1" 202 Accepted
api-1       | {"api_key_prefix": "evk_5237dfcc3619", "duration_ms": 197.383, "event": "http_request_completed", "level": "info", "method": "POST", "outcome": "success", "path": "/api/v1/runs", "request_id": "bec852c6-9745-4b96-80f9-06ec3847f066", "status_code": 202, "tenant_id": "ab5af908-be70-4f29-8729-5ed3535f4689", "timestamp": "2026-08-07T12:10:43.071165Z", "trace_id": "2f9dfb1d1fdc21c5928b93f2c5fee9f1"}
api-1       | INFO:     172.18.0.1:58494 - "GET /api/v1/runs/e6704006-3f65-4020-9d11-6c15af91a070 HTTP/1.1" 200 OK
api-1       | {"api_key_prefix": "evk_5237dfcc3619", "duration_ms": 75.141, "event": "http_request_completed", "level": "info", "method": "GET", "outcome": "success", "path": "/api/v1/runs/e6704006-3f65-4020-9d11-6c15af91a070", "request_id": "963e24eb-1007-440d-86d1-7a57dbb8d9c8", "status_code": 200, "tenant_id": "ab5af908-be70-4f29-8729-5ed3535f4689", "timestamp": "2026-08-07T12:10:43.146753Z", "trace_id": "9af7ef0ca1f1a33ab62eb59d025ac191"}
api-1       | {"claimed": 20, "event": "outbox_dispatch_batch_completed", "lease_lost": 0, "level": "info", "published": 20, "retry_scheduled": 0, "role": "outbox_dispatcher", "timestamp": "2026-08-07T12:10:43.706211Z"}
api-1       | INFO:     172.18.0.1:58494 - "GET /api/v1/runs/e6704006-3f65-4020-9d11-6c15af91a070 HTTP/1.1" 200 OK
api-1       | {"api_key_prefix": "evk_5237dfcc3619", "duration_ms": 96.025, "event": "http_request_completed", "level": "info", "method": "GET", "outcome": "success", "path": "/api/v1/runs/e6704006-3f65-4020-9d11-6c15af91a070", "request_id": "b8a09710-6900-4a69-99cb-01cb712737ee", "status_code": 200, "tenant_id": "ab5af908-be70-4f29-8729-5ed3535f4689", "timestamp": "2026-08-07T12:10:43.758386Z", "trace_id": "7dc0533fc40f1ebe5640e4b742ea1a69"}
api-1       | {"claimed": 32, "event": "outbox_dispatch_batch_completed", "lease_lost": 0, "level": "info", "published": 32, "retry_scheduled": 0, "role": "outbox_dispatcher", "timestamp": "2026-08-07T12:10:44.453810Z"}
api-1       | INFO:     172.18.0.1:58494 - "GET /api/v1/runs/e6704006-3f65-4020-9d11-6c15af91a070 HTTP/1.1" 200 OK
api-1       | {"api_key_prefix": "evk_5237dfcc3619", "duration_ms": 203.326, "event": "http_request_completed", "level": "info", "method": "GET", "outcome": "success", "path": "/api/v1/runs/e6704006-3f65-4020-9d11-6c15af91a070", "request_id": "55e36869-ce9e-416f-bc4d-4d12e02eaab4", "status_code": 200, "tenant_id": "ab5af908-be70-4f29-8729-5ed3535f4689", "timestamp": "2026-08-07T12:10:44.517958Z", "trace_id": "44b5ed35ac151b2d0c5759356d72c7bf"}
api-1       | {"claimed": 50, "event": "outbox_dispatch_batch_completed", "lease_lost": 0, "level": "info", "published": 50, "retry_scheduled": 0, "role": "outbox_dispatcher", "timestamp": "2026-08-07T12:10:45.149770Z"}
api-1       | INFO:     172.18.0.1:58494 - "GET /api/v1/runs/e6704006-3f65-4020-9d11-6c15af91a070 HTTP/1.1" 200 OK
api-1       | {"api_key_prefix": "evk_5237dfcc3619", "duration_ms": 163.662, "event": "http_request_completed", "level": "info", "method": "GET", "outcome": "success", "path": "/api/v1/runs/e6704006-3f65-4020-9d11-6c15af91a070", "request_id": "bcd872ab-a047-4ed0-95c1-f4b086791976", "status_code": 200, "tenant_id": "ab5af908-be70-4f29-8729-5ed3535f4689", "timestamp": "2026-08-07T12:10:45.206949Z", "trace_id": "de3eef824f95162b015a8f19a0ba1adc"}
api-1       | INFO:     172.18.0.1:58494 - "GET /api/v1/runs/e6704006-3f65-4020-9d11-6c15af91a070/cases?limit=200&sort=case_id HTTP/1.1" 200 OK
api-1       | {"api_key_prefix": "evk_5237dfcc3619", "duration_ms": 67.189, "event": "http_request_completed", "level": "info", "method": "GET", "outcome": "success", "path": "/api/v1/runs/e6704006-3f65-4020-9d11-6c15af91a070/cases", "request_id": "b3cfee08-a301-4e9a-8347-f0b61a384b39", "status_code": 200, "tenant_id": "ab5af908-be70-4f29-8729-5ed3535f4689", "timestamp": "2026-08-07T12:10:45.275851Z", "trace_id": "806d0e579838eb5a319333f0a18c4dfd"}
api-1       | INFO:     127.0.0.1:54212 - "GET /metrics HTTP/1.1" 200 OK
api-1       | {"duration_ms": 15.428, "event": "http_request_completed", "level": "info", "method": "GET", "outcome": "success", "path": "/metrics", "request_id": "733549c5-b4bf-4872-95e7-7a6a0f04b64f", "status_code": 200, "timestamp": "2026-08-07T12:10:45.682953Z", "trace_id": "b9f2357c3131e5bbf6a1f3941244edda"}
api-1       | INFO:     172.18.0.1:58494 - "POST /api/v1/runs HTTP/1.1" 202 Accepted
api-1       | {"api_key_prefix": "evk_5237dfcc3619", "duration_ms": 205.89, "event": "http_request_completed", "level": "info", "method": "POST", "outcome": "success", "path": "/api/v1/runs", "request_id": "eae42d1d-eea8-4755-8856-16afeb0c4f77", "status_code": 202, "tenant_id": "ab5af908-be70-4f29-8729-5ed3535f4689", "timestamp": "2026-08-07T12:10:46.798177Z", "trace_id": "7ee60896da670b316e52c4e6877063a4"}
api-1       | INFO:     172.18.0.1:58494 - "GET /api/v1/runs/aa4c5bd8-bb19-4803-bb0b-86b80d50cca2 HTTP/1.1" 200 OK
api-1       | {"api_key_prefix": "evk_5237dfcc3619", "duration_ms": 63.423, "event": "http_request_completed", "level": "info", "method": "GET", "outcome": "success", "path": "/api/v1/runs/aa4c5bd8-bb19-4803-bb0b-86b80d50cca2", "request_id": "87db1096-2526-49f4-9838-ab6cab203ace", "status_code": 200, "tenant_id": "ab5af908-be70-4f29-8729-5ed3535f4689", "timestamp": "2026-08-07T12:10:46.863523Z", "trace_id": "fd311b2b0cf8480f940f5f2df8dbbad0"}
api-1       | {"claimed": 20, "event": "outbox_dispatch_batch_completed", "lease_lost": 0, "level": "info", "published": 20, "retry_scheduled": 0, "role": "outbox_dispatcher", "timestamp": "2026-08-07T12:10:47.349062Z"}
api-1       | INFO:     172.18.0.1:58494 - "GET /api/v1/runs/aa4c5bd8-bb19-4803-bb0b-86b80d50cca2 HTTP/1.1" 200 OK
api-1       | {"api_key_prefix": "evk_5237dfcc3619", "duration_ms": 57.535, "event": "http_request_completed", "level": "info", "method": "GET", "outcome": "success", "path": "/api/v1/runs/aa4c5bd8-bb19-4803-bb0b-86b80d50cca2", "request_id": "c3fcb843-91b0-47ca-af0f-b1d50fec5ae9", "status_code": 200, "tenant_id": "ab5af908-be70-4f29-8729-5ed3535f4689", "timestamp": "2026-08-07T12:10:47.423511Z", "trace_id": "42742d00c9a767a290280c627745734d"}
api-1       | {"claimed": 49, "event": "outbox_dispatch_batch_completed", "lease_lost": 0, "level": "info", "published": 49, "retry_scheduled": 0, "role": "outbox_dispatcher", "timestamp": "2026-08-07T12:10:48.104236Z"}
api-1       | INFO:     172.18.0.1:58494 - "GET /api/v1/runs/aa4c5bd8-bb19-4803-bb0b-86b80d50cca2 HTTP/1.1" 200 OK
api-1       | {"api_key_prefix": "evk_5237dfcc3619", "duration_ms": 269.03, "event": "http_request_completed", "level": "info", "method": "GET", "outcome": "success", "path": "/api/v1/runs/aa4c5bd8-bb19-4803-bb0b-86b80d50cca2", "request_id": "dc928561-f5ef-4541-a59e-258e645023be", "status_code": 200, "tenant_id": "ab5af908-be70-4f29-8729-5ed3535f4689", "timestamp": "2026-08-07T12:10:48.228605Z", "trace_id": "6fe4bd99a6df5f55d65ff93bdf04a610"}
api-1       | {"event": "Context impl PostgresqlImpl.", "level": "info", "request_id": "bd4be0ee-e2c0-4d37-8622-f30203cede06", "timestamp": "2026-08-07T12:10:48.467086Z", "trace_id": "206f4b4117e60dc7e9be476dae44cb29"}
api-1       | {"event": "Will assume transactional DDL.", "level": "info", "request_id": "bd4be0ee-e2c0-4d37-8622-f30203cede06", "timestamp": "2026-08-07T12:10:48.467208Z", "trace_id": "206f4b4117e60dc7e9be476dae44cb29"}
api-1       | INFO:     127.0.0.1:41152 - "GET /health/ready HTTP/1.1" 200 OK
api-1       | {"duration_ms": 24.545, "event": "http_request_completed", "level": "info", "method": "GET", "outcome": "success", "path": "/health/ready", "request_id": "bd4be0ee-e2c0-4d37-8622-f30203cede06", "status_code": 200, "timestamp": "2026-08-07T12:10:48.475257Z", "trace_id": "206f4b4117e60dc7e9be476dae44cb29"}
api-1       | {"claimed": 50, "event": "outbox_dispatch_batch_completed", "lease_lost": 0, "level": "info", "published": 50, "retry_scheduled": 0, "role": "outbox_dispatcher", "timestamp": "2026-08-07T12:10:48.891495Z"}
api-1       | INFO:     172.18.0.1:58494 - "GET /api/v1/runs/aa4c5bd8-bb19-4803-bb0b-86b80d50cca2 HTTP/1.1" 200 OK
api-1       | {"api_key_prefix": "evk_5237dfcc3619", "duration_ms": 222.861, "event": "http_request_completed", "level": "info", "method": "GET", "outcome": "success", "path": "/api/v1/runs/aa4c5bd8-bb19-4803-bb0b-86b80d50cca2", "request_id": "a1ead5f2-6826-4053-b045-2f373b1d24d1", "status_code": 200, "tenant_id": "ab5af908-be70-4f29-8729-5ed3535f4689", "timestamp": "2026-08-07T12:10:48.957919Z", "trace_id": "cd60ed4572f4cc0bc260435fb4c4c682"}
api-1       | {"claimed": 50, "event": "outbox_dispatch_batch_completed", "lease_lost": 0, "level": "info", "published": 50, "retry_scheduled": 0, "role": "outbox_dispatcher", "timestamp": "2026-08-07T12:10:49.598682Z"}
api-1       | INFO:     172.18.0.1:58494 - "GET /api/v1/runs/aa4c5bd8-bb19-4803-bb0b-86b80d50cca2 HTTP/1.1" 200 OK
api-1       | {"api_key_prefix": "evk_5237dfcc3619", "duration_ms": 190.342, "event": "http_request_completed", "level": "info", "method": "GET", "outcome": "success", "path": "/api/v1/runs/aa4c5bd8-bb19-4803-bb0b-86b80d50cca2", "request_id": "567213b0-057a-48ec-9a96-d73035b4c9d2", "status_code": 200, "tenant_id": "ab5af908-be70-4f29-8729-5ed3535f4689", "timestamp": "2026-08-07T12:10:49.662003Z", "trace_id": "fac6fa1a675768bee9b9c9a5956c91de"}
api-1       | {"claimed": 50, "event": "outbox_dispatch_batch_completed", "lease_lost": 0, "level": "info", "published": 50, "retry_scheduled": 0, "role": "outbox_dispatcher", "timestamp": "2026-08-07T12:10:50.311566Z"}
api-1       | INFO:     172.18.0.1:58494 - "GET /api/v1/runs/aa4c5bd8-bb19-4803-bb0b-86b80d50cca2 HTTP/1.1" 200 OK
api-1       | {"api_key_prefix": "evk_5237dfcc3619", "duration_ms": 184.237, "event": "http_request_completed", "level": "info", "method": "GET", "outcome": "success", "path": "/api/v1/runs/aa4c5bd8-bb19-4803-bb0b-86b80d50cca2", "request_id": "6841af61-d402-4393-82cd-af92a9a59f77", "status_code": 200, "tenant_id": "ab5af908-be70-4f29-8729-5ed3535f4689", "timestamp": "2026-08-07T12:10:50.389821Z", "trace_id": "1d1020df2af3f435c4feedec8c60e29f"}
api-1       | {"claimed": 50, "event": "outbox_dispatch_batch_completed", "lease_lost": 0, "level": "info", "published": 50, "retry_scheduled": 0, "role": "outbox_dispatcher", "timestamp": "2026-08-07T12:10:51.019290Z"}
api-1       | INFO:     172.18.0.1:58494 - "GET /api/v1/runs/aa4c5bd8-bb19-4803-bb0b-86b80d50cca2 HTTP/1.1" 200 OK
api-1       | {"api_key_prefix": "evk_5237dfcc3619", "duration_ms": 144.543, "event": "http_request_completed", "level": "info", "method": "GET", "outcome": "success", "path": "/api/v1/runs/aa4c5bd8-bb19-4803-bb0b-86b80d50cca2", "request_id": "8dc1adfc-b1e2-468e-a53a-ccc6ed7c59e5", "status_code": 200, "tenant_id": "ab5af908-be70-4f29-8729-5ed3535f4689", "timestamp": "2026-08-07T12:10:51.066402Z", "trace_id": "b231537836ac3d5c2b6ed75756c13da7"}
api-1       | {"claimed": 50, "event": "outbox_dispatch_batch_completed", "lease_lost": 0, "level": "info", "published": 50, "retry_scheduled": 0, "role": "outbox_dispatcher", "timestamp": "2026-08-07T12:10:51.703733Z"}
api-1       | INFO:     172.18.0.1:58494 - "GET /api/v1/runs/aa4c5bd8-bb19-4803-bb0b-86b80d50cca2 HTTP/1.1" 200 OK
api-1       | {"api_key_prefix": "evk_5237dfcc3619", "duration_ms": 194.075, "event": "http_request_completed", "level": "info", "method": "GET", "outcome": "success", "path": "/api/v1/runs/aa4c5bd8-bb19-4803-bb0b-86b80d50cca2", "request_id": "181cfe59-a271-4cb2-85d2-ab1bf9586ff0", "status_code": 200, "tenant_id": "ab5af908-be70-4f29-8729-5ed3535f4689", "timestamp": "2026-08-07T12:10:51.769667Z", "trace_id": "16fd1a82e69d925e49782b579e659594"}
api-1       | {"claimed": 50, "event": "outbox_dispatch_batch_completed", "lease_lost": 0, "level": "info", "published": 50, "retry_scheduled": 0, "role": "outbox_dispatcher", "timestamp": "2026-08-07T12:10:52.456977Z"}
api-1       | INFO:     172.18.0.1:58494 - "GET /api/v1/runs/aa4c5bd8-bb19-4803-bb0b-86b80d50cca2 HTTP/1.1" 200 OK
api-1       | {"api_key_prefix": "evk_5237dfcc3619", "duration_ms": 242.622, "event": "http_request_completed", "level": "info", "method": "GET", "outcome": "success", "path": "/api/v1/runs/aa4c5bd8-bb19-4803-bb0b-86b80d50cca2", "request_id": "81654797-5ee6-4910-b5f6-2fa35a02de8d", "status_code": 200, "tenant_id": "ab5af908-be70-4f29-8729-5ed3535f4689", "timestamp": "2026-08-07T12:10:52.523402Z", "trace_id": "f675ed6e0e4f82913393c07261772fec"}
api-1       | {"claimed": 50, "event": "outbox_dispatch_batch_completed", "lease_lost": 0, "level": "info", "published": 50, "retry_scheduled": 0, "role": "outbox_dispatcher", "timestamp": "2026-08-07T12:10:53.192083Z"}
api-1       | INFO:     172.18.0.1:58494 - "GET /api/v1/runs/aa4c5bd8-bb19-4803-bb0b-86b80d50cca2 HTTP/1.1" 200 OK
api-1       | {"api_key_prefix": "evk_5237dfcc3619", "duration_ms": 157.682, "event": "http_request_completed", "level": "info", "method": "GET", "outcome": "success", "path": "/api/v1/runs/aa4c5bd8-bb19-4803-bb0b-86b80d50cca2", "request_id": "6bc316ea-c78b-4b07-837b-13f2e40a5dfd", "status_code": 200, "tenant_id": "ab5af908-be70-4f29-8729-5ed3535f4689", "timestamp": "2026-08-07T12:10:53.202046Z", "trace_id": "ff9b91593dfcd12122a75293c46f19b7"}
api-1       | {"event": "Context impl PostgresqlImpl.", "level": "info", "request_id": "453bb225-e4d1-4e59-95d1-524ceff7c971", "timestamp": "2026-08-07T12:10:54.123606Z", "trace_id": "6524438e7d26c3c8796e3849e6323f2b"}
api-1       | {"event": "Will assume transactional DDL.", "level": "info", "request_id": "453bb225-e4d1-4e59-95d1-524ceff7c971", "timestamp": "2026-08-07T12:10:54.123774Z", "trace_id": "6524438e7d26c3c8796e3849e6323f2b"}
api-1       | INFO:     127.0.0.1:41178 - "GET /health/ready HTTP/1.1" 200 OK
api-1       | {"duration_ms": 105.017, "event": "http_request_completed", "level": "info", "method": "GET", "outcome": "success", "path": "/health/ready", "request_id": "453bb225-e4d1-4e59-95d1-524ceff7c971", "status_code": 200, "timestamp": "2026-08-07T12:10:54.163689Z", "trace_id": "6524438e7d26c3c8796e3849e6323f2b"}
api-1       | {"claimed": 50, "event": "outbox_dispatch_batch_completed", "lease_lost": 0, "level": "info", "published": 50, "retry_scheduled": 0, "role": "outbox_dispatcher", "timestamp": "2026-08-07T12:10:54.169052Z"}
api-1       | INFO:     172.18.0.1:58494 - "GET /api/v1/runs/aa4c5bd8-bb19-4803-bb0b-86b80d50cca2 HTTP/1.1" 200 OK
api-1       | {"api_key_prefix": "evk_5237dfcc3619", "duration_ms": 470.775, "event": "http_request_completed", "level": "info", "method": "GET", "outcome": "success", "path": "/api/v1/runs/aa4c5bd8-bb19-4803-bb0b-86b80d50cca2", "request_id": "42b376d8-89a2-4083-bc0d-d9a6e4274c2f", "status_code": 200, "tenant_id": "ab5af908-be70-4f29-8729-5ed3535f4689", "timestamp": "2026-08-07T12:10:54.175538Z", "trace_id": "6200d82aa83b721c70ce03d6847884a3"}
api-1       | {"claimed": 50, "event": "outbox_dispatch_batch_completed", "lease_lost": 0, "level": "info", "published": 50, "retry_scheduled": 0, "role": "outbox_dispatcher", "timestamp": "2026-08-07T12:10:54.900210Z"}
api-1       | INFO:     172.18.0.1:58494 - "GET /api/v1/runs/aa4c5bd8-bb19-4803-bb0b-86b80d50cca2 HTTP/1.1" 200 OK
api-1       | {"api_key_prefix": "evk_5237dfcc3619", "duration_ms": 278.95, "event": "http_request_completed", "level": "info", "method": "GET", "outcome": "success", "path": "/api/v1/runs/aa4c5bd8-bb19-4803-bb0b-86b80d50cca2", "request_id": "1fb6626a-81b7-4b9c-803e-cf61ad738e0b", "status_code": 200, "tenant_id": "ab5af908-be70-4f29-8729-5ed3535f4689", "timestamp": "2026-08-07T12:10:54.957388Z", "trace_id": "111cee1485a96fe4d652ebdfb16f692e"}
api-1       | {"claimed": 50, "event": "outbox_dispatch_batch_completed", "lease_lost": 0, "level": "info", "published": 50, "retry_scheduled": 0, "role": "outbox_dispatcher", "timestamp": "2026-08-07T12:10:55.684887Z"}
api-1       | INFO:     172.18.0.1:58494 - "GET /api/v1/runs/aa4c5bd8-bb19-4803-bb0b-86b80d50cca2 HTTP/1.1" 200 OK
api-1       | {"api_key_prefix": "evk_5237dfcc3619", "duration_ms": 231.84, "event": "http_request_completed", "level": "info", "method": "GET", "outcome": "success", "path": "/api/v1/runs/aa4c5bd8-bb19-4803-bb0b-86b80d50cca2", "request_id": "490b1858-751e-4ee5-94f1-f0cd5dc13d6b", "status_code": 200, "tenant_id": "ab5af908-be70-4f29-8729-5ed3535f4689", "timestamp": "2026-08-07T12:10:55.750058Z", "trace_id": "35a601d31c904f23b154deec75518fef"}
api-1       | {"claimed": 50, "event": "outbox_dispatch_batch_completed", "lease_lost": 0, "level": "info", "published": 50, "retry_scheduled": 0, "role": "outbox_dispatcher", "timestamp": "2026-08-07T12:10:56.383129Z"}
api-1       | INFO:     172.18.0.1:58494 - "GET /api/v1/runs/aa4c5bd8-bb19-4803-bb0b-86b80d50cca2 HTTP/1.1" 200 OK
api-1       | {"api_key_prefix": "evk_5237dfcc3619", "duration_ms": 185.078, "event": "http_request_completed", "level": "info", "method": "GET", "outcome": "success", "path": "/api/v1/runs/aa4c5bd8-bb19-4803-bb0b-86b80d50cca2", "request_id": "3b5f49ad-04c1-4d07-ac0b-3781bf2d9901", "status_code": 200, "tenant_id": "ab5af908-be70-4f29-8729-5ed3535f4689", "timestamp": "2026-08-07T12:10:56.448181Z", "trace_id": "88051b80e457c62b1fe70c4ce7cf937d"}
api-1       | {"claimed": 50, "event": "outbox_dispatch_batch_completed", "lease_lost": 0, "level": "info", "published": 50, "retry_scheduled": 0, "role": "outbox_dispatcher", "timestamp": "2026-08-07T12:10:57.092589Z"}
api-1       | INFO:     172.18.0.1:58494 - "GET /api/v1/runs/aa4c5bd8-bb19-4803-bb0b-86b80d50cca2 HTTP/1.1" 200 OK
api-1       | {"api_key_prefix": "evk_5237dfcc3619", "duration_ms": 172.072, "event": "http_request_completed", "level": "info", "method": "GET", "outcome": "success", "path": "/api/v1/runs/aa4c5bd8-bb19-4803-bb0b-86b80d50cca2", "request_id": "c1696143-84b1-4a6b-b38d-76dff99bd9fc", "status_code": 200, "tenant_id": "ab5af908-be70-4f29-8729-5ed3535f4689", "timestamp": "2026-08-07T12:10:57.149000Z", "trace_id": "b81767a56d078435e0c1171ec9d0351d"}
api-1       | {"claimed": 50, "event": "outbox_dispatch_batch_completed", "lease_lost": 0, "level": "info", "published": 50, "retry_scheduled": 0, "role": "outbox_dispatcher", "timestamp": "2026-08-07T12:10:57.849302Z"}
api-1       | INFO:     172.18.0.1:58494 - "GET /api/v1/runs/aa4c5bd8-bb19-4803-bb0b-86b80d50cca2 HTTP/1.1" 200 OK
api-1       | {"api_key_prefix": "evk_5237dfcc3619", "duration_ms": 257.18, "event": "http_request_completed", "level": "info", "method": "GET", "outcome": "success", "path": "/api/v1/runs/aa4c5bd8-bb19-4803-bb0b-86b80d50cca2", "request_id": "26a7e959-388c-424c-a955-61561ec46f72", "status_code": 200, "tenant_id": "ab5af908-be70-4f29-8729-5ed3535f4689", "timestamp": "2026-08-07T12:10:57.914521Z", "trace_id": "c0760a4728576f5e905773f78cfc6dd5"}
api-1       | {"claimed": 50, "event": "outbox_dispatch_batch_completed", "lease_lost": 0, "level": "info", "published": 50, "retry_scheduled": 0, "role": "outbox_dispatcher", "timestamp": "2026-08-07T12:10:58.566557Z"}
api-1       | INFO:     172.18.0.1:58494 - "GET /api/v1/runs/aa4c5bd8-bb19-4803-bb0b-86b80d50cca2 HTTP/1.1" 200 OK
api-1       | {"api_key_prefix": "evk_5237dfcc3619", "duration_ms": 214.394, "event": "http_request_completed", "level": "info", "method": "GET", "outcome": "success", "path": "/api/v1/runs/aa4c5bd8-bb19-4803-bb0b-86b80d50cca2", "request_id": "b879cf28-3fcf-4fac-a909-f7e89a5f5638", "status_code": 200, "tenant_id": "ab5af908-be70-4f29-8729-5ed3535f4689", "timestamp": "2026-08-07T12:10:58.633794Z", "trace_id": "2b12fad09d46e665be39ac802b162db8"}
api-1       | {"claimed": 50, "event": "outbox_dispatch_batch_completed", "lease_lost": 0, "level": "info", "published": 50, "retry_scheduled": 0, "role": "outbox_dispatcher", "timestamp": "2026-08-07T12:10:59.252522Z"}
api-1       | INFO:     172.18.0.1:58494 - "GET /api/v1/runs/aa4c5bd8-bb19-4803-bb0b-86b80d50cca2 HTTP/1.1" 200 OK
api-1       | {"api_key_prefix": "evk_5237dfcc3619", "duration_ms": 252.956, "event": "http_request_completed", "level": "info", "method": "GET", "outcome": "success", "path": "/api/v1/runs/aa4c5bd8-bb19-4803-bb0b-86b80d50cca2", "request_id": "a8a0de3b-12c0-4fd0-8d4d-af93d3ea847f", "status_code": 200, "tenant_id": "ab5af908-be70-4f29-8729-5ed3535f4689", "timestamp": "2026-08-07T12:10:59.403461Z", "trace_id": "544d1229ed16c2aa13312849e1f5dcca"}
api-1       | INFO:     172.18.0.1:58494 - "GET /api/v1/runs/aa4c5bd8-bb19-4803-bb0b-86b80d50cca2/cases?limit=200&sort=case_id HTTP/1.1" 200 OK
api-1       | {"api_key_prefix": "evk_5237dfcc3619", "duration_ms": 133.458, "event": "http_request_completed", "level": "info", "method": "GET", "outcome": "success", "path": "/api/v1/runs/aa4c5bd8-bb19-4803-bb0b-86b80d50cca2/cases", "request_id": "7cf8ea5b-1c1b-4cf1-a918-3569e49d6f30", "status_code": 200, "tenant_id": "ab5af908-be70-4f29-8729-5ed3535f4689", "timestamp": "2026-08-07T12:10:59.538580Z", "trace_id": "11b2abca1942a2f0cd63a1fcebc50f78"}
api-1       | INFO:     172.18.0.1:58494 - "GET /api/v1/runs/aa4c5bd8-bb19-4803-bb0b-86b80d50cca2/cases?limit=200&sort=case_id&cursor=eyJkaXJlY3Rpb24iOiJhc2MiLCJlcnJvcl9jb2RlIjpudWxsLCJqb2JfaWQiOiJmMjYzNGJlMi1mMTJlLTRhNmYtYTU4NC00MmQ3ZGVjZWJmM2EiLCJtZXRyaWMiOm51bGwsInNvcnQiOiJjYXNlX2lkIiwic3RhdHVzIjpudWxsLCJ2IjoxLCJ2YWx1ZSI6ImxvYWQtMDE5OSJ9 HTTP/1.1" 200 OK
api-1       | {"api_key_prefix": "evk_5237dfcc3619", "duration_ms": 174.767, "event": "http_request_completed", "level": "info", "method": "GET", "outcome": "success", "path": "/api/v1/runs/aa4c5bd8-bb19-4803-bb0b-86b80d50cca2/cases", "request_id": "1f9644b3-738b-4e12-b74f-6297dac73eb1", "status_code": 200, "tenant_id": "ab5af908-be70-4f29-8729-5ed3535f4689", "timestamp": "2026-08-07T12:10:59.717178Z", "trace_id": "73fda8ad0bae9794dbc82464cc4e2bd9"}
api-1       | {"event": "Context impl PostgresqlImpl.", "level": "info", "request_id": "0f017d48-2198-4d89-8939-3d241113af58", "timestamp": "2026-08-07T12:10:59.747905Z", "trace_id": "bc80fc424e29b55290c10a328fa1cc32"}
api-1       | {"event": "Will assume transactional DDL.", "level": "info", "request_id": "0f017d48-2198-4d89-8939-3d241113af58", "timestamp": "2026-08-07T12:10:59.748014Z", "trace_id": "bc80fc424e29b55290c10a328fa1cc32"}
api-1       | INFO:     127.0.0.1:50734 - "GET /health/ready HTTP/1.1" 200 OK
api-1       | {"duration_ms": 71.095, "event": "http_request_completed", "level": "info", "method": "GET", "outcome": "success", "path": "/health/ready", "request_id": "0f017d48-2198-4d89-8939-3d241113af58", "status_code": 200, "timestamp": "2026-08-07T12:10:59.800958Z", "trace_id": "bc80fc424e29b55290c10a328fa1cc32"}
api-1       | {"claimed": 50, "event": "outbox_dispatch_batch_completed", "lease_lost": 0, "level": "info", "published": 50, "retry_scheduled": 0, "role": "outbox_dispatcher", "timestamp": "2026-08-07T12:11:00.081411Z"}
api-1       | INFO:     172.18.0.1:58494 - "GET /api/v1/runs/aa4c5bd8-bb19-4803-bb0b-86b80d50cca2/cases?limit=200&sort=case_id&cursor=eyJkaXJlY3Rpb24iOiJhc2MiLCJlcnJvcl9jb2RlIjpudWxsLCJqb2JfaWQiOiJjNDQyMTdkOS00OWYwLTQ4ODctYmM5Ni1lMmQ4YWI3N2M4YTAiLCJtZXRyaWMiOm51bGwsInNvcnQiOiJjYXNlX2lkIiwic3RhdHVzIjpudWxsLCJ2IjoxLCJ2YWx1ZSI6ImxvYWQtMDM5OSJ9 HTTP/1.1" 200 OK
api-1       | {"api_key_prefix": "evk_5237dfcc3619", "duration_ms": 382.827, "event": "http_request_completed", "level": "info", "method": "GET", "outcome": "success", "path": "/api/v1/runs/aa4c5bd8-bb19-4803-bb0b-86b80d50cca2/cases", "request_id": "0bd273ae-5dd8-430e-8aad-a51f76d0b7c4", "status_code": 200, "tenant_id": "ab5af908-be70-4f29-8729-5ed3535f4689", "timestamp": "2026-08-07T12:11:00.102623Z", "trace_id": "3b1e2c2caad78815e0711e6a6604cd27"}
api-1       | INFO:     127.0.0.1:50742 - "GET /metrics HTTP/1.1" 200 OK
api-1       | {"duration_ms": 16.545, "event": "http_request_completed", "level": "info", "method": "GET", "outcome": "success", "path": "/metrics", "request_id": "13069038-16ed-4b09-816b-bf4204421af8", "status_code": 200, "timestamp": "2026-08-07T12:11:00.502363Z", "trace_id": "79d8a7089aeb3848431e0e754e039758"}
api-1       | {"claimed": 50, "event": "outbox_dispatch_batch_completed", "lease_lost": 0, "level": "info", "published": 50, "retry_scheduled": 0, "role": "outbox_dispatcher", "timestamp": "2026-08-07T12:11:00.775641Z"}
api-1       | {"claimed": 50, "event": "outbox_dispatch_batch_completed", "lease_lost": 0, "level": "info", "published": 50, "retry_scheduled": 0, "role": "outbox_dispatcher", "timestamp": "2026-08-07T12:11:01.471447Z"}
api-1       | {"claimed": 33, "event": "outbox_dispatch_batch_completed", "lease_lost": 0, "level": "info", "published": 33, "retry_scheduled": 0, "role": "outbox_dispatcher", "timestamp": "2026-08-07T12:11:02.149664Z"}
api-1       | {"event": "Context impl PostgresqlImpl.", "level": "info", "request_id": "a56c6a81-e359-4880-8751-bb6cfb6e037a", "timestamp": "2026-08-07T12:11:05.128306Z", "trace_id": "839de42e47c83ba0644bfea87828fefb"}
api-1       | {"event": "Will assume transactional DDL.", "level": "info", "request_id": "a56c6a81-e359-4880-8751-bb6cfb6e037a", "timestamp": "2026-08-07T12:11:05.128417Z", "trace_id": "839de42e47c83ba0644bfea87828fefb"}
api-1       | INFO:     127.0.0.1:50778 - "GET /health/ready HTTP/1.1" 200 OK
api-1       | {"duration_ms": 31.767, "event": "http_request_completed", "level": "info", "method": "GET", "outcome": "success", "path": "/health/ready", "request_id": "a56c6a81-e359-4880-8751-bb6cfb6e037a", "status_code": 200, "timestamp": "2026-08-07T12:11:05.135013Z", "trace_id": "839de42e47c83ba0644bfea87828fefb"}
api-1       | INFO:     172.18.0.1:45514 - "POST /api/v1/runs HTTP/1.1" 202 Accepted
api-1       | {"api_key_prefix": "evk_5237dfcc3619", "duration_ms": 129.212, "event": "http_request_completed", "level": "info", "method": "POST", "outcome": "success", "path": "/api/v1/runs", "request_id": "30231869-120f-46f2-9691-cab3cb1a01cf", "status_code": 202, "tenant_id": "ab5af908-be70-4f29-8729-5ed3535f4689", "timestamp": "2026-08-07T12:11:05.855916Z", "trace_id": "9d8b454c5f3df8d0150d855224c257dc"}
api-1       | INFO:     172.18.0.1:45514 - "GET /api/v1/runs/4e7c60c3-ae1d-4c90-8eb4-6d65ee2d876f HTTP/1.1" 200 OK
api-1       | {"api_key_prefix": "evk_5237dfcc3619", "duration_ms": 84.747, "event": "http_request_completed", "level": "info", "method": "GET", "outcome": "success", "path": "/api/v1/runs/4e7c60c3-ae1d-4c90-8eb4-6d65ee2d876f", "request_id": "8505c3f6-95ce-4cb3-95c8-d85741fe496d", "status_code": 200, "tenant_id": "ab5af908-be70-4f29-8729-5ed3535f4689", "timestamp": "2026-08-07T12:11:05.942813Z", "trace_id": "0242955330d3d90fd04d70df0f869059"}
api-1       | {"claimed": 23, "event": "outbox_dispatch_batch_completed", "lease_lost": 0, "level": "info", "published": 23, "retry_scheduled": 0, "role": "outbox_dispatcher", "timestamp": "2026-08-07T12:11:06.467215Z"}
api-1       | INFO:     172.18.0.1:45514 - "GET /api/v1/runs/4e7c60c3-ae1d-4c90-8eb4-6d65ee2d876f HTTP/1.1" 200 OK
api-1       | {"api_key_prefix": "evk_5237dfcc3619", "duration_ms": 130.161, "event": "http_request_completed", "level": "info", "method": "GET", "outcome": "success", "path": "/api/v1/runs/4e7c60c3-ae1d-4c90-8eb4-6d65ee2d876f", "request_id": "5bba2c60-6024-4d0e-891a-1c45bc3bf448", "status_code": 200, "tenant_id": "ab5af908-be70-4f29-8729-5ed3535f4689", "timestamp": "2026-08-07T12:11:06.576341Z", "trace_id": "2e36cd5ecf84629ea641a4d993a440b5"}
api-1       | {"claimed": 50, "event": "outbox_dispatch_batch_completed", "lease_lost": 0, "level": "info", "published": 50, "retry_scheduled": 0, "role": "outbox_dispatcher", "timestamp": "2026-08-07T12:11:07.254047Z"}
api-1       | INFO:     172.18.0.1:45514 - "GET /api/v1/runs/4e7c60c3-ae1d-4c90-8eb4-6d65ee2d876f HTTP/1.1" 200 OK
api-1       | {"api_key_prefix": "evk_5237dfcc3619", "duration_ms": 212.933, "event": "http_request_completed", "level": "info", "method": "GET", "outcome": "success", "path": "/api/v1/runs/4e7c60c3-ae1d-4c90-8eb4-6d65ee2d876f", "request_id": "9892fc87-8efb-453c-85c1-fea8fee8b676", "status_code": 200, "tenant_id": "ab5af908-be70-4f29-8729-5ed3535f4689", "timestamp": "2026-08-07T12:11:07.311245Z", "trace_id": "938936b6d39c41bf758630a5013131be"}
api-1       | INFO:     172.18.0.1:45514 - "GET /api/v1/runs/4e7c60c3-ae1d-4c90-8eb4-6d65ee2d876f/cases?limit=200&sort=case_id HTTP/1.1" 200 OK
api-1       | {"api_key_prefix": "evk_5237dfcc3619", "duration_ms": 63.842, "event": "http_request_completed", "level": "info", "method": "GET", "outcome": "success", "path": "/api/v1/runs/4e7c60c3-ae1d-4c90-8eb4-6d65ee2d876f/cases", "request_id": "3cb7e71b-95be-4370-8c53-5d61921231a1", "status_code": 200, "tenant_id": "ab5af908-be70-4f29-8729-5ed3535f4689", "timestamp": "2026-08-07T12:11:07.376385Z", "trace_id": "83619ba3435c874fd2dc36c4537a3515"}
api-1       | {"claimed": 29, "event": "outbox_dispatch_batch_completed", "lease_lost": 0, "level": "info", "published": 29, "retry_scheduled": 0, "role": "outbox_dispatcher", "timestamp": "2026-08-07T12:11:07.891820Z"}
api-1       | INFO:     127.0.0.1:33400 - "GET /metrics HTTP/1.1" 200 OK
api-1       | {"duration_ms": 153.898, "event": "http_request_completed", "level": "info", "method": "GET", "outcome": "success", "path": "/metrics", "request_id": "7571fee9-f6a4-4e6a-93d6-438b6c12e23c", "status_code": 200, "timestamp": "2026-08-07T12:11:07.963804Z", "trace_id": "490860acd134823d2d049937491f6e9d"}
api-1       | INFO:     172.18.0.1:45514 - "POST /api/v1/runs HTTP/1.1" 202 Accepted
api-1       | {"api_key_prefix": "evk_5237dfcc3619", "duration_ms": 262.348, "event": "http_request_completed", "level": "info", "method": "POST", "outcome": "success", "path": "/api/v1/runs", "request_id": "0128a070-d377-4a19-a0a0-2fdce1b6ee84", "status_code": 202, "tenant_id": "ab5af908-be70-4f29-8729-5ed3535f4689", "timestamp": "2026-08-07T12:11:09.726704Z", "trace_id": "f3488aa85024a54a4e97611a48ffa864"}
api-1       | INFO:     172.18.0.1:45514 - "GET /api/v1/runs/cd590b6b-6e25-4c24-addc-f988aa885e90 HTTP/1.1" 200 OK
api-1       | {"api_key_prefix": "evk_5237dfcc3619", "duration_ms": 53.513, "event": "http_request_completed", "level": "info", "method": "GET", "outcome": "success", "path": "/api/v1/runs/cd590b6b-6e25-4c24-addc-f988aa885e90", "request_id": "1196a755-a9d1-40f0-85f7-af9d62706154", "status_code": 200, "tenant_id": "ab5af908-be70-4f29-8729-5ed3535f4689", "timestamp": "2026-08-07T12:11:09.781871Z", "trace_id": "be958a160cd166d3f62aa13a4c980546"}
api-1       | {"claimed": 5, "event": "outbox_dispatch_batch_completed", "lease_lost": 0, "level": "info", "published": 5, "retry_scheduled": 0, "role": "outbox_dispatcher", "timestamp": "2026-08-07T12:11:09.920413Z"}
api-1       | INFO:     172.18.0.1:45514 - "GET /api/v1/runs/cd590b6b-6e25-4c24-addc-f988aa885e90 HTTP/1.1" 200 OK
api-1       | {"api_key_prefix": "evk_5237dfcc3619", "duration_ms": 140.016, "event": "http_request_completed", "level": "info", "method": "GET", "outcome": "success", "path": "/api/v1/runs/cd590b6b-6e25-4c24-addc-f988aa885e90", "request_id": "dd8a75d4-5652-40e8-b72d-883b9cf67c8a", "status_code": 200, "tenant_id": "ab5af908-be70-4f29-8729-5ed3535f4689", "timestamp": "2026-08-07T12:11:10.425286Z", "trace_id": "ccc6e0ff559a43a6a87e31f488eb7fa7"}
api-1       | {"event": "Context impl PostgresqlImpl.", "level": "info", "request_id": "6b089952-8134-4585-85e5-03e0e36e3ee2", "timestamp": "2026-08-07T12:11:10.829556Z", "trace_id": "8c8c58ce40468cbd3eef29828de1a54e"}
api-1       | {"event": "Will assume transactional DDL.", "level": "info", "request_id": "6b089952-8134-4585-85e5-03e0e36e3ee2", "timestamp": "2026-08-07T12:11:10.829922Z", "trace_id": "8c8c58ce40468cbd3eef29828de1a54e"}
api-1       | {"claimed": 48, "event": "outbox_dispatch_batch_completed", "lease_lost": 0, "level": "info", "published": 48, "retry_scheduled": 0, "role": "outbox_dispatcher", "timestamp": "2026-08-07T12:11:10.853472Z"}
api-1       | INFO:     127.0.0.1:33414 - "GET /health/ready HTTP/1.1" 200 OK
api-1       | {"duration_ms": 152.997, "event": "http_request_completed", "level": "info", "method": "GET", "outcome": "success", "path": "/health/ready", "request_id": "6b089952-8134-4585-85e5-03e0e36e3ee2", "status_code": 200, "timestamp": "2026-08-07T12:11:10.878136Z", "trace_id": "8c8c58ce40468cbd3eef29828de1a54e"}
api-1       | INFO:     172.18.0.1:45514 - "GET /api/v1/runs/cd590b6b-6e25-4c24-addc-f988aa885e90 HTTP/1.1" 200 OK
api-1       | {"api_key_prefix": "evk_5237dfcc3619", "duration_ms": 106.523, "event": "http_request_completed", "level": "info", "method": "GET", "outcome": "success", "path": "/api/v1/runs/cd590b6b-6e25-4c24-addc-f988aa885e90", "request_id": "a56764be-79c6-4cd6-8899-1091fa7e2f2a", "status_code": 200, "tenant_id": "ab5af908-be70-4f29-8729-5ed3535f4689", "timestamp": "2026-08-07T12:11:11.035265Z", "trace_id": "ba241b06eb994bc97e696a91ba280927"}
api-1       | {"claimed": 50, "event": "outbox_dispatch_batch_completed", "lease_lost": 0, "level": "info", "published": 50, "retry_scheduled": 0, "role": "outbox_dispatcher", "timestamp": "2026-08-07T12:11:11.648801Z"}
api-1       | INFO:     172.18.0.1:45514 - "GET /api/v1/runs/cd590b6b-6e25-4c24-addc-f988aa885e90 HTTP/1.1" 200 OK
api-1       | {"api_key_prefix": "evk_5237dfcc3619", "duration_ms": 194.526, "event": "http_request_completed", "level": "info", "method": "GET", "outcome": "success", "path": "/api/v1/runs/cd590b6b-6e25-4c24-addc-f988aa885e90", "request_id": "3048b4b8-97da-4d1f-9cdf-96dba66eb6c9", "status_code": 200, "tenant_id": "ab5af908-be70-4f29-8729-5ed3535f4689", "timestamp": "2026-08-07T12:11:11.732988Z", "trace_id": "00de0a3e71dbb642172472dceef5e804"}
api-1       | {"claimed": 50, "event": "outbox_dispatch_batch_completed", "lease_lost": 0, "level": "info", "published": 50, "retry_scheduled": 0, "role": "outbox_dispatcher", "timestamp": "2026-08-07T12:11:12.374597Z"}
api-1       | INFO:     172.18.0.1:45514 - "GET /api/v1/runs/cd590b6b-6e25-4c24-addc-f988aa885e90 HTTP/1.1" 200 OK
api-1       | {"api_key_prefix": "evk_5237dfcc3619", "duration_ms": 194.496, "event": "http_request_completed", "level": "info", "method": "GET", "outcome": "success", "path": "/api/v1/runs/cd590b6b-6e25-4c24-addc-f988aa885e90", "request_id": "d41410a7-14d3-4dbc-94d8-fc357fb8545c", "status_code": 200, "tenant_id": "ab5af908-be70-4f29-8729-5ed3535f4689", "timestamp": "2026-08-07T12:11:12.455924Z", "trace_id": "4d52b44ee6e513d197c7cd0516b85819"}
api-1       | {"claimed": 50, "event": "outbox_dispatch_batch_completed", "lease_lost": 0, "level": "info", "published": 50, "retry_scheduled": 0, "role": "outbox_dispatcher", "timestamp": "2026-08-07T12:11:13.112916Z"}
api-1       | INFO:     172.18.0.1:45514 - "GET /api/v1/runs/cd590b6b-6e25-4c24-addc-f988aa885e90 HTTP/1.1" 200 OK
api-1       | {"api_key_prefix": "evk_5237dfcc3619", "duration_ms": 286.253, "event": "http_request_completed", "level": "info", "method": "GET", "outcome": "success", "path": "/api/v1/runs/cd590b6b-6e25-4c24-addc-f988aa885e90", "request_id": "f21ee51a-0f68-4e12-b3d3-d50a448dc7eb", "status_code": 200, "tenant_id": "ab5af908-be70-4f29-8729-5ed3535f4689", "timestamp": "2026-08-07T12:11:13.253985Z", "trace_id": "fc308301adea2e8f9809f54b311d2671"}
api-1       | {"claimed": 50, "event": "outbox_dispatch_batch_completed", "lease_lost": 0, "level": "info", "published": 50, "retry_scheduled": 0, "role": "outbox_dispatcher", "timestamp": "2026-08-07T12:11:13.864912Z"}
api-1       | INFO:     172.18.0.1:45514 - "GET /api/v1/runs/cd590b6b-6e25-4c24-addc-f988aa885e90 HTTP/1.1" 200 OK
api-1       | {"api_key_prefix": "evk_5237dfcc3619", "duration_ms": 178.861, "event": "http_request_completed", "level": "info", "method": "GET", "outcome": "success", "path": "/api/v1/runs/cd590b6b-6e25-4c24-addc-f988aa885e90", "request_id": "4e721884-f32d-48b7-ac2d-a08614b20114", "status_code": 200, "tenant_id": "ab5af908-be70-4f29-8729-5ed3535f4689", "timestamp": "2026-08-07T12:11:13.937021Z", "trace_id": "88f7f2cec5579678e0fa1f2276d5da81"}
api-1       | {"claimed": 50, "event": "outbox_dispatch_batch_completed", "lease_lost": 0, "level": "info", "published": 50, "retry_scheduled": 0, "role": "outbox_dispatcher", "timestamp": "2026-08-07T12:11:14.682608Z"}
api-1       | INFO:     172.18.0.1:45514 - "GET /api/v1/runs/cd590b6b-6e25-4c24-addc-f988aa885e90 HTTP/1.1" 200 OK
api-1       | {"api_key_prefix": "evk_5237dfcc3619", "duration_ms": 298.066, "event": "http_request_completed", "level": "info", "method": "GET", "outcome": "success", "path": "/api/v1/runs/cd590b6b-6e25-4c24-addc-f988aa885e90", "request_id": "0723fa2f-01a2-408e-b242-37b9ab4a2e94", "status_code": 200, "tenant_id": "ab5af908-be70-4f29-8729-5ed3535f4689", "timestamp": "2026-08-07T12:11:14.761551Z", "trace_id": "5064fb17afb2fcfd445175a37792d016"}
api-1       | {"claimed": 50, "event": "outbox_dispatch_batch_completed", "lease_lost": 0, "level": "info", "published": 50, "retry_scheduled": 0, "role": "outbox_dispatcher", "timestamp": "2026-08-07T12:11:15.495803Z"}
api-1       | INFO:     172.18.0.1:45514 - "GET /api/v1/runs/cd590b6b-6e25-4c24-addc-f988aa885e90 HTTP/1.1" 200 OK
api-1       | {"api_key_prefix": "evk_5237dfcc3619", "duration_ms": 231.675, "event": "http_request_completed", "level": "info", "method": "GET", "outcome": "success", "path": "/api/v1/runs/cd590b6b-6e25-4c24-addc-f988aa885e90", "request_id": "57bb3249-b1ad-4774-b1db-f2367912a30f", "status_code": 200, "tenant_id": "ab5af908-be70-4f29-8729-5ed3535f4689", "timestamp": "2026-08-07T12:11:15.570490Z", "trace_id": "41b4c20e059a16284e4d6fa3a47653c8"}
api-1       | {"claimed": 50, "event": "outbox_dispatch_batch_completed", "lease_lost": 0, "level": "info", "published": 50, "retry_scheduled": 0, "role": "outbox_dispatcher", "timestamp": "2026-08-07T12:11:16.454830Z"}
api-1       | {"event": "Context impl PostgresqlImpl.", "level": "info", "request_id": "e60a4548-ee6b-48ab-9a33-6a4d7c7f0e2c", "timestamp": "2026-08-07T12:11:16.585101Z", "trace_id": "40170743e957fe28f14bd934939176df"}
api-1       | {"event": "Will assume transactional DDL.", "level": "info", "request_id": "e60a4548-ee6b-48ab-9a33-6a4d7c7f0e2c", "timestamp": "2026-08-07T12:11:16.585246Z", "trace_id": "40170743e957fe28f14bd934939176df"}
api-1       | INFO:     127.0.0.1:54694 - "GET /health/ready HTTP/1.1" 200 OK
api-1       | {"duration_ms": 92.228, "event": "http_request_completed", "level": "info", "method": "GET", "outcome": "success", "path": "/health/ready", "request_id": "e60a4548-ee6b-48ab-9a33-6a4d7c7f0e2c", "status_code": 200, "timestamp": "2026-08-07T12:11:16.624368Z", "trace_id": "40170743e957fe28f14bd934939176df"}
api-1       | INFO:     172.18.0.1:45514 - "GET /api/v1/runs/cd590b6b-6e25-4c24-addc-f988aa885e90 HTTP/1.1" 200 OK
api-1       | {"api_key_prefix": "evk_5237dfcc3619", "duration_ms": 485.94, "event": "http_request_completed", "level": "info", "method": "GET", "outcome": "success", "path": "/api/v1/runs/cd590b6b-6e25-4c24-addc-f988aa885e90", "request_id": "c5b06728-0572-4dc5-bd6b-962ce305d665", "status_code": 200, "tenant_id": "ab5af908-be70-4f29-8729-5ed3535f4689", "timestamp": "2026-08-07T12:11:16.631759Z", "trace_id": "ae89b70eefc9d75f4ed96cf97c82e30c"}
api-1       | {"claimed": 50, "event": "outbox_dispatch_batch_completed", "lease_lost": 0, "level": "info", "published": 50, "retry_scheduled": 0, "role": "outbox_dispatcher", "timestamp": "2026-08-07T12:11:17.287682Z"}
api-1       | INFO:     172.18.0.1:45514 - "GET /api/v1/runs/cd590b6b-6e25-4c24-addc-f988aa885e90 HTTP/1.1" 200 OK
api-1       | {"api_key_prefix": "evk_5237dfcc3619", "duration_ms": 339.551, "event": "http_request_completed", "level": "info", "method": "GET", "outcome": "success", "path": "/api/v1/runs/cd590b6b-6e25-4c24-addc-f988aa885e90", "request_id": "4dc5dd27-c7a8-4cff-8811-036f274cc7a7", "status_code": 200, "tenant_id": "ab5af908-be70-4f29-8729-5ed3535f4689", "timestamp": "2026-08-07T12:11:17.474519Z", "trace_id": "f6ace7117eacf54db45b77f2119e0ce8"}
api-1       | {"claimed": 50, "event": "outbox_dispatch_batch_completed", "lease_lost": 0, "level": "info", "published": 50, "retry_scheduled": 0, "role": "outbox_dispatcher", "timestamp": "2026-08-07T12:11:17.962509Z"}
api-1       | INFO:     172.18.0.1:45514 - "GET /api/v1/runs/cd590b6b-6e25-4c24-addc-f988aa885e90 HTTP/1.1" 200 OK
api-1       | {"api_key_prefix": "evk_5237dfcc3619", "duration_ms": 59.569, "event": "http_request_completed", "level": "info", "method": "GET", "outcome": "success", "path": "/api/v1/runs/cd590b6b-6e25-4c24-addc-f988aa885e90", "request_id": "feb3c2af-4085-4a93-bc88-5bda322cd021", "status_code": 200, "tenant_id": "ab5af908-be70-4f29-8729-5ed3535f4689", "timestamp": "2026-08-07T12:11:18.036692Z", "trace_id": "47cf8151391dc94c86b7652e0c27244c"}
api-1       | INFO:     172.18.0.1:45514 - "GET /api/v1/runs/cd590b6b-6e25-4c24-addc-f988aa885e90/cases?limit=200&sort=case_id HTTP/1.1" 200 OK
api-1       | {"api_key_prefix": "evk_5237dfcc3619", "duration_ms": 78.295, "event": "http_request_completed", "level": "info", "method": "GET", "outcome": "success", "path": "/api/v1/runs/cd590b6b-6e25-4c24-addc-f988aa885e90/cases", "request_id": "8f5c183a-347d-4fd1-a588-259d4d211111", "status_code": 200, "tenant_id": "ab5af908-be70-4f29-8729-5ed3535f4689", "timestamp": "2026-08-07T12:11:18.116905Z", "trace_id": "45d0e99cfe906ade936260d337b83a83"}
api-1       | INFO:     172.18.0.1:45514 - "GET /api/v1/runs/cd590b6b-6e25-4c24-addc-f988aa885e90/cases?limit=200&sort=case_id&cursor=eyJkaXJlY3Rpb24iOiJhc2MiLCJlcnJvcl9jb2RlIjpudWxsLCJqb2JfaWQiOiIzYmY5NThiMC0xMmI2LTQxYTQtOWEyMi05MTg1MjkyN2VhMTEiLCJtZXRyaWMiOm51bGwsInNvcnQiOiJjYXNlX2lkIiwic3RhdHVzIjpudWxsLCJ2IjoxLCJ2YWx1ZSI6ImxvYWQtMDE5OSJ9 HTTP/1.1" 200 OK
api-1       | {"api_key_prefix": "evk_5237dfcc3619", "duration_ms": 75.164, "event": "http_request_completed", "level": "info", "method": "GET", "outcome": "success", "path": "/api/v1/runs/cd590b6b-6e25-4c24-addc-f988aa885e90/cases", "request_id": "3821dd44-79a0-4059-be26-d246011e69b5", "status_code": 200, "tenant_id": "ab5af908-be70-4f29-8729-5ed3535f4689", "timestamp": "2026-08-07T12:11:18.194740Z", "trace_id": "52b274961f2a1da5d5242d7c8dbf885f"}
api-1       | INFO:     172.18.0.1:45514 - "GET /api/v1/runs/cd590b6b-6e25-4c24-addc-f988aa885e90/cases?limit=200&sort=case_id&cursor=eyJkaXJlY3Rpb24iOiJhc2MiLCJlcnJvcl9jb2RlIjpudWxsLCJqb2JfaWQiOiJlZTViN2ZjZi1lMWUyLTQ0M2MtYTU5My05ZDExNzc2YjRmZGUiLCJtZXRyaWMiOm51bGwsInNvcnQiOiJjYXNlX2lkIiwic3RhdHVzIjpudWxsLCJ2IjoxLCJ2YWx1ZSI6ImxvYWQtMDM5OSJ9 HTTP/1.1" 200 OK
api-1       | {"api_key_prefix": "evk_5237dfcc3619", "duration_ms": 69.249, "event": "http_request_completed", "level": "info", "method": "GET", "outcome": "success", "path": "/api/v1/runs/cd590b6b-6e25-4c24-addc-f988aa885e90/cases", "request_id": "e70f2ebe-bb0f-444f-8cf0-b087d8d26802", "status_code": 200, "tenant_id": "ab5af908-be70-4f29-8729-5ed3535f4689", "timestamp": "2026-08-07T12:11:18.266589Z", "trace_id": "25d937754aa09932df803a6e3fe9a4aa"}
api-1       | {"claimed": 50, "event": "outbox_dispatch_batch_completed", "lease_lost": 0, "level": "info", "published": 50, "retry_scheduled": 0, "role": "outbox_dispatcher", "timestamp": "2026-08-07T12:11:18.746740Z"}
api-1       | INFO:     127.0.0.1:54732 - "GET /metrics HTTP/1.1" 200 OK
api-1       | {"duration_ms": 16.872, "event": "http_request_completed", "level": "info", "method": "GET", "outcome": "success", "path": "/metrics", "request_id": "a475fba4-4353-4623-a1f9-45cf8d76d932", "status_code": 200, "timestamp": "2026-08-07T12:11:18.840422Z", "trace_id": "e5a927155a5c170e2e30bd3670a83b1c"}
api-1       | {"claimed": 50, "event": "outbox_dispatch_batch_completed", "lease_lost": 0, "level": "info", "published": 50, "retry_scheduled": 0, "role": "outbox_dispatcher", "timestamp": "2026-08-07T12:11:19.409870Z"}
api-1       | {"claimed": 50, "event": "outbox_dispatch_batch_completed", "lease_lost": 0, "level": "info", "published": 50, "retry_scheduled": 0, "role": "outbox_dispatcher", "timestamp": "2026-08-07T12:11:20.152740Z"}
api-1       | {"claimed": 50, "event": "outbox_dispatch_batch_completed", "lease_lost": 0, "level": "info", "published": 50, "retry_scheduled": 0, "role": "outbox_dispatcher", "timestamp": "2026-08-07T12:11:20.849769Z"}
api-1       | {"claimed": 50, "event": "outbox_dispatch_batch_completed", "lease_lost": 0, "level": "info", "published": 50, "retry_scheduled": 0, "role": "outbox_dispatcher", "timestamp": "2026-08-07T12:11:21.500272Z"}
api-1       | {"event": "Context impl PostgresqlImpl.", "level": "info", "request_id": "5a99cb04-b5c1-4d24-8aab-dff6a4e2ec11", "timestamp": "2026-08-07T12:11:21.967207Z", "trace_id": "3d9739d49f65bec4155095573a2cf43a"}
api-1       | {"event": "Will assume transactional DDL.", "level": "info", "request_id": "5a99cb04-b5c1-4d24-8aab-dff6a4e2ec11", "timestamp": "2026-08-07T12:11:21.967349Z", "trace_id": "3d9739d49f65bec4155095573a2cf43a"}
api-1       | INFO:     127.0.0.1:54736 - "GET /health/ready HTTP/1.1" 200 OK
api-1       | {"duration_ms": 23.142, "event": "http_request_completed", "level": "info", "method": "GET", "outcome": "success", "path": "/health/ready", "request_id": "5a99cb04-b5c1-4d24-8aab-dff6a4e2ec11", "status_code": 200, "timestamp": "2026-08-07T12:11:21.974698Z", "trace_id": "3d9739d49f65bec4155095573a2cf43a"}
api-1       | {"claimed": 50, "event": "outbox_dispatch_batch_completed", "lease_lost": 0, "level": "info", "published": 50, "retry_scheduled": 0, "role": "outbox_dispatcher", "timestamp": "2026-08-07T12:11:22.188905Z"}
api-1       | {"claimed": 50, "event": "outbox_dispatch_batch_completed", "lease_lost": 0, "level": "info", "published": 50, "retry_scheduled": 0, "role": "outbox_dispatcher", "timestamp": "2026-08-07T12:11:22.887076Z"}
api-1       | {"claimed": 50, "event": "outbox_dispatch_batch_completed", "lease_lost": 0, "level": "info", "published": 50, "retry_scheduled": 0, "role": "outbox_dispatcher", "timestamp": "2026-08-07T12:11:23.608990Z"}
api-1       | INFO:     172.18.0.1:59374 - "POST /api/v1/runs HTTP/1.1" 202 Accepted
api-1       | {"api_key_prefix": "evk_5237dfcc3619", "duration_ms": 240.884, "event": "http_request_completed", "level": "info", "method": "POST", "outcome": "success", "path": "/api/v1/runs", "request_id": "8db96eba-b594-472f-8fca-85aadbc20d2b", "status_code": 202, "tenant_id": "ab5af908-be70-4f29-8729-5ed3535f4689", "timestamp": "2026-08-07T12:11:23.646171Z", "trace_id": "1346a25b12e0aca2b9bae341317bd414"}
api-1       | INFO:     172.18.0.1:59374 - "GET /api/v1/runs/fffe236d-d5e3-4a04-be53-ddfb88131727 HTTP/1.1" 200 OK
api-1       | {"api_key_prefix": "evk_5237dfcc3619", "duration_ms": 57.82, "event": "http_request_completed", "level": "info", "method": "GET", "outcome": "success", "path": "/api/v1/runs/fffe236d-d5e3-4a04-be53-ddfb88131727", "request_id": "5b34ffd4-4094-4335-9f5c-a4db0aa8b368", "status_code": 200, "tenant_id": "ab5af908-be70-4f29-8729-5ed3535f4689", "timestamp": "2026-08-07T12:11:23.705626Z", "trace_id": "e3cd122b1aa3c3c5aa4c589cb5cb68dc"}
api-1       | {"claimed": 50, "event": "outbox_dispatch_batch_completed", "lease_lost": 0, "level": "info", "published": 50, "retry_scheduled": 0, "role": "outbox_dispatcher", "timestamp": "2026-08-07T12:11:24.312042Z"}
api-1       | INFO:     172.18.0.1:59374 - "GET /api/v1/runs/fffe236d-d5e3-4a04-be53-ddfb88131727 HTTP/1.1" 200 OK
api-1       | {"api_key_prefix": "evk_5237dfcc3619", "duration_ms": 112.928, "event": "http_request_completed", "level": "info", "method": "GET", "outcome": "success", "path": "/api/v1/runs/fffe236d-d5e3-4a04-be53-ddfb88131727", "request_id": "3773d8b4-7f06-4ddb-bce3-849540acb278", "status_code": 200, "tenant_id": "ab5af908-be70-4f29-8729-5ed3535f4689", "timestamp": "2026-08-07T12:11:24.325695Z", "trace_id": "c002756cf7d0048f6de0252669a08858"}
api-1       | {"claimed": 50, "event": "outbox_dispatch_batch_completed", "lease_lost": 0, "level": "info", "published": 50, "retry_scheduled": 0, "role": "outbox_dispatcher", "timestamp": "2026-08-07T12:11:25.036663Z"}
api-1       | INFO:     172.18.0.1:59374 - "GET /api/v1/runs/fffe236d-d5e3-4a04-be53-ddfb88131727 HTTP/1.1" 200 OK
api-1       | {"api_key_prefix": "evk_5237dfcc3619", "duration_ms": 230.891, "event": "http_request_completed", "level": "info", "method": "GET", "outcome": "success", "path": "/api/v1/runs/fffe236d-d5e3-4a04-be53-ddfb88131727", "request_id": "9f20499d-9b5f-4cc7-ae7d-78a85b2c294e", "status_code": 200, "tenant_id": "ab5af908-be70-4f29-8729-5ed3535f4689", "timestamp": "2026-08-07T12:11:25.059535Z", "trace_id": "a4f7bcfb7d412823a48b9c47252e9702"}
api-1       | {"claimed": 50, "event": "outbox_dispatch_batch_completed", "lease_lost": 0, "level": "info", "published": 50, "retry_scheduled": 0, "role": "outbox_dispatcher", "timestamp": "2026-08-07T12:11:25.790224Z"}
api-1       | INFO:     172.18.0.1:59374 - "GET /api/v1/runs/fffe236d-d5e3-4a04-be53-ddfb88131727 HTTP/1.1" 200 OK
api-1       | {"api_key_prefix": "evk_5237dfcc3619", "duration_ms": 203.953, "event": "http_request_completed", "level": "info", "method": "GET", "outcome": "success", "path": "/api/v1/runs/fffe236d-d5e3-4a04-be53-ddfb88131727", "request_id": "6e1001e8-38c1-4211-8aa4-36fefa24ad22", "status_code": 200, "tenant_id": "ab5af908-be70-4f29-8729-5ed3535f4689", "timestamp": "2026-08-07T12:11:25.853554Z", "trace_id": "58d3eccc29fefe264549a9f6ae60c5ae"}
api-1       | {"claimed": 50, "event": "outbox_dispatch_batch_completed", "lease_lost": 0, "level": "info", "published": 50, "retry_scheduled": 0, "role": "outbox_dispatcher", "timestamp": "2026-08-07T12:11:26.461154Z"}
api-1       | INFO:     172.18.0.1:59374 - "GET /api/v1/runs/fffe236d-d5e3-4a04-be53-ddfb88131727 HTTP/1.1" 200 OK
api-1       | {"api_key_prefix": "evk_5237dfcc3619", "duration_ms": 100.633, "event": "http_request_completed", "level": "info", "method": "GET", "outcome": "success", "path": "/api/v1/runs/fffe236d-d5e3-4a04-be53-ddfb88131727", "request_id": "ea5230a7-01c2-42de-a7d6-6ef2a25f2dae", "status_code": 200, "tenant_id": "ab5af908-be70-4f29-8729-5ed3535f4689", "timestamp": "2026-08-07T12:11:26.475884Z", "trace_id": "d0a83faed53348bc787f5ab78ba45bcd"}
api-1       | INFO:     172.18.0.1:59374 - "GET /api/v1/runs/fffe236d-d5e3-4a04-be53-ddfb88131727/cases?limit=200&sort=case_id HTTP/1.1" 200 OK
api-1       | {"api_key_prefix": "evk_5237dfcc3619", "duration_ms": 89.485, "event": "http_request_completed", "level": "info", "method": "GET", "outcome": "success", "path": "/api/v1/runs/fffe236d-d5e3-4a04-be53-ddfb88131727/cases", "request_id": "1cab9e95-1ee7-44f0-8843-3584a23e8050", "status_code": 200, "tenant_id": "ab5af908-be70-4f29-8729-5ed3535f4689", "timestamp": "2026-08-07T12:11:26.567069Z", "trace_id": "28768fbf0ccdb43240da15b46f4ab170"}
api-1       | {"claimed": 1, "event": "outbox_dispatch_batch_completed", "lease_lost": 0, "level": "info", "published": 1, "retry_scheduled": 0, "role": "outbox_dispatcher", "timestamp": "2026-08-07T12:11:26.973011Z"}
api-1       | INFO:     127.0.0.1:33688 - "GET /metrics HTTP/1.1" 200 OK
api-1       | {"duration_ms": 16.772, "event": "http_request_completed", "level": "info", "method": "GET", "outcome": "success", "path": "/metrics", "request_id": "3138311b-ab75-4346-a81b-a9aa8061cb29", "status_code": 200, "timestamp": "2026-08-07T12:11:26.986921Z", "trace_id": "7c7365431e4b1a97575d735404c30378"}
api-1       | {"event": "Context impl PostgresqlImpl.", "level": "info", "request_id": "286be973-8341-4136-abb6-44e360d00308", "timestamp": "2026-08-07T12:11:27.292512Z", "trace_id": "03806cd98208bb77aa51674f60cc4eea"}
api-1       | {"event": "Will assume transactional DDL.", "level": "info", "request_id": "286be973-8341-4136-abb6-44e360d00308", "timestamp": "2026-08-07T12:11:27.292625Z", "trace_id": "03806cd98208bb77aa51674f60cc4eea"}
api-1       | INFO:     127.0.0.1:33690 - "GET /health/ready HTTP/1.1" 200 OK
api-1       | {"duration_ms": 28.673, "event": "http_request_completed", "level": "info", "method": "GET", "outcome": "success", "path": "/health/ready", "request_id": "286be973-8341-4136-abb6-44e360d00308", "status_code": 200, "timestamp": "2026-08-07T12:11:27.301443Z", "trace_id": "03806cd98208bb77aa51674f60cc4eea"}
api-1       | INFO:     172.18.0.1:59374 - "POST /api/v1/runs HTTP/1.1" 202 Accepted
api-1       | {"api_key_prefix": "evk_5237dfcc3619", "duration_ms": 201.769, "event": "http_request_completed", "level": "info", "method": "POST", "outcome": "success", "path": "/api/v1/runs", "request_id": "ab543b9b-3ac3-4788-b37a-f1ff3a283f87", "status_code": 202, "tenant_id": "ab5af908-be70-4f29-8729-5ed3535f4689", "timestamp": "2026-08-07T12:11:27.816947Z", "trace_id": "067b465e991c4bad8ba34dd60e7b5ad0"}
api-1       | INFO:     172.18.0.1:59374 - "GET /api/v1/runs/974a8b9b-ea9e-4780-9915-e41bb3b4d977 HTTP/1.1" 200 OK
api-1       | {"api_key_prefix": "evk_5237dfcc3619", "duration_ms": 52.997, "event": "http_request_completed", "level": "info", "method": "GET", "outcome": "success", "path": "/api/v1/runs/974a8b9b-ea9e-4780-9915-e41bb3b4d977", "request_id": "f86c0070-a16e-4697-be8d-34592705018e", "status_code": 200, "tenant_id": "ab5af908-be70-4f29-8729-5ed3535f4689", "timestamp": "2026-08-07T12:11:27.871651Z", "trace_id": "ee0a5d99d9a421057746aaf0d953dcbf"}
api-1       | INFO:     172.18.0.1:59374 - "GET /api/v1/runs/974a8b9b-ea9e-4780-9915-e41bb3b4d977 HTTP/1.1" 200 OK
api-1       | {"api_key_prefix": "evk_5237dfcc3619", "duration_ms": 60.748, "event": "http_request_completed", "level": "info", "method": "GET", "outcome": "success", "path": "/api/v1/runs/974a8b9b-ea9e-4780-9915-e41bb3b4d977", "request_id": "a6f16ce1-a354-4ecb-8dfe-31ed01db3fb2", "status_code": 200, "tenant_id": "ab5af908-be70-4f29-8729-5ed3535f4689", "timestamp": "2026-08-07T12:11:28.434956Z", "trace_id": "b32979a7f7672a5c2510f32d2f97e894"}
api-1       | {"claimed": 24, "event": "outbox_dispatch_batch_completed", "lease_lost": 0, "level": "info", "published": 24, "retry_scheduled": 0, "role": "outbox_dispatcher", "timestamp": "2026-08-07T12:11:28.652450Z"}
api-1       | INFO:     172.18.0.1:59374 - "GET /api/v1/runs/974a8b9b-ea9e-4780-9915-e41bb3b4d977 HTTP/1.1" 200 OK
api-1       | {"api_key_prefix": "evk_5237dfcc3619", "duration_ms": 57.501, "event": "http_request_completed", "level": "info", "method": "GET", "outcome": "success", "path": "/api/v1/runs/974a8b9b-ea9e-4780-9915-e41bb3b4d977", "request_id": "870eec64-9727-4c7b-9c38-93c297e09895", "status_code": 200, "tenant_id": "ab5af908-be70-4f29-8729-5ed3535f4689", "timestamp": "2026-08-07T12:11:28.995256Z", "trace_id": "24ab2af34f2a92871676540d85b4214e"}
api-1       | {"claimed": 29, "event": "outbox_dispatch_batch_completed", "lease_lost": 0, "level": "info", "published": 29, "retry_scheduled": 0, "role": "outbox_dispatcher", "timestamp": "2026-08-07T12:11:29.277934Z"}
api-1       | INFO:     172.18.0.1:59374 - "GET /api/v1/runs/974a8b9b-ea9e-4780-9915-e41bb3b4d977 HTTP/1.1" 200 OK
api-1       | {"api_key_prefix": "evk_5237dfcc3619", "duration_ms": 59.574, "event": "http_request_completed", "level": "info", "method": "GET", "outcome": "success", "path": "/api/v1/runs/974a8b9b-ea9e-4780-9915-e41bb3b4d977", "request_id": "82689393-40e6-4d18-ac2b-ab8f2c50fd91", "status_code": 200, "tenant_id": "ab5af908-be70-4f29-8729-5ed3535f4689", "timestamp": "2026-08-07T12:11:29.557506Z", "trace_id": "878cc2f9f4ff51bd21fc7c895e297ff5"}
api-1       | {"claimed": 29, "event": "outbox_dispatch_batch_completed", "lease_lost": 0, "level": "info", "published": 29, "retry_scheduled": 0, "role": "outbox_dispatcher", "timestamp": "2026-08-07T12:11:29.900749Z"}
api-1       | INFO:     172.18.0.1:59374 - "GET /api/v1/runs/974a8b9b-ea9e-4780-9915-e41bb3b4d977 HTTP/1.1" 200 OK
api-1       | {"api_key_prefix": "evk_5237dfcc3619", "duration_ms": 60.279, "event": "http_request_completed", "level": "info", "method": "GET", "outcome": "success", "path": "/api/v1/runs/974a8b9b-ea9e-4780-9915-e41bb3b4d977", "request_id": "96d33416-11a4-4bc7-b3e9-53c7d054b29d", "status_code": 200, "tenant_id": "ab5af908-be70-4f29-8729-5ed3535f4689", "timestamp": "2026-08-07T12:11:30.120415Z", "trace_id": "5f289c18b5034d51b0a1beabc9ba8dbb"}
api-1       | {"claimed": 28, "event": "outbox_dispatch_batch_completed", "lease_lost": 0, "level": "info", "published": 28, "retry_scheduled": 0, "role": "outbox_dispatcher", "timestamp": "2026-08-07T12:11:30.586078Z"}
api-1       | INFO:     172.18.0.1:59374 - "GET /api/v1/runs/974a8b9b-ea9e-4780-9915-e41bb3b4d977 HTTP/1.1" 200 OK
api-1       | {"api_key_prefix": "evk_5237dfcc3619", "duration_ms": 84.635, "event": "http_request_completed", "level": "info", "method": "GET", "outcome": "success", "path": "/api/v1/runs/974a8b9b-ea9e-4780-9915-e41bb3b4d977", "request_id": "f76a59a7-9e97-4102-b986-9e98ade06c4e", "status_code": 200, "tenant_id": "ab5af908-be70-4f29-8729-5ed3535f4689", "timestamp": "2026-08-07T12:11:30.708222Z", "trace_id": "6b600f39692b58b1ef8a47e9f642e234"}
api-1       | {"claimed": 28, "event": "outbox_dispatch_batch_completed", "lease_lost": 0, "level": "info", "published": 28, "retry_scheduled": 0, "role": "outbox_dispatcher", "timestamp": "2026-08-07T12:11:31.249572Z"}
api-1       | INFO:     172.18.0.1:59374 - "GET /api/v1/runs/974a8b9b-ea9e-4780-9915-e41bb3b4d977 HTTP/1.1" 200 OK
api-1       | {"api_key_prefix": "evk_5237dfcc3619", "duration_ms": 109.044, "event": "http_request_completed", "level": "info", "method": "GET", "outcome": "success", "path": "/api/v1/runs/974a8b9b-ea9e-4780-9915-e41bb3b4d977", "request_id": "058d0543-2802-4dcf-aaae-a21404dbb7bf", "status_code": 200, "tenant_id": "ab5af908-be70-4f29-8729-5ed3535f4689", "timestamp": "2026-08-07T12:11:31.319915Z", "trace_id": "3aaf3c5bbf1f4b21f250fa80107647e5"}
api-1       | {"claimed": 28, "event": "outbox_dispatch_batch_completed", "lease_lost": 0, "level": "info", "published": 28, "retry_scheduled": 0, "role": "outbox_dispatcher", "timestamp": "2026-08-07T12:11:31.954478Z"}
api-1       | INFO:     172.18.0.1:59374 - "GET /api/v1/runs/974a8b9b-ea9e-4780-9915-e41bb3b4d977 HTTP/1.1" 200 OK
api-1       | {"api_key_prefix": "evk_5237dfcc3619", "duration_ms": 183.419, "event": "http_request_completed", "level": "info", "method": "GET", "outcome": "success", "path": "/api/v1/runs/974a8b9b-ea9e-4780-9915-e41bb3b4d977", "request_id": "2523ac10-24ff-4686-b72a-8e063c1911de", "status_code": 200, "tenant_id": "ab5af908-be70-4f29-8729-5ed3535f4689", "timestamp": "2026-08-07T12:11:32.015230Z", "trace_id": "6420636b0815ff8198e70af33ada1bf2"}
api-1       | {"claimed": 30, "event": "outbox_dispatch_batch_completed", "lease_lost": 0, "level": "info", "published": 30, "retry_scheduled": 0, "role": "outbox_dispatcher", "timestamp": "2026-08-07T12:11:32.728792Z"}
api-1       | {"event": "Context impl PostgresqlImpl.", "level": "info", "request_id": "586cf0aa-c993-487a-846c-9702c3b5319b", "timestamp": "2026-08-07T12:11:32.819184Z", "trace_id": "00104f0c287e4049508971053ab04be9"}
api-1       | {"event": "Will assume transactional DDL.", "level": "info", "request_id": "586cf0aa-c993-487a-846c-9702c3b5319b", "timestamp": "2026-08-07T12:11:32.819344Z", "trace_id": "00104f0c287e4049508971053ab04be9"}
api-1       | INFO:     127.0.0.1:33696 - "GET /health/ready HTTP/1.1" 200 OK
api-1       | {"duration_ms": 75.937, "event": "http_request_completed", "level": "info", "method": "GET", "outcome": "success", "path": "/health/ready", "request_id": "586cf0aa-c993-487a-846c-9702c3b5319b", "status_code": 200, "timestamp": "2026-08-07T12:11:32.826998Z", "trace_id": "00104f0c287e4049508971053ab04be9"}
api-1       | INFO:     172.18.0.1:59374 - "GET /api/v1/runs/974a8b9b-ea9e-4780-9915-e41bb3b4d977 HTTP/1.1" 200 OK
api-1       | {"api_key_prefix": "evk_5237dfcc3619", "duration_ms": 305.236, "event": "http_request_completed", "level": "info", "method": "GET", "outcome": "success", "path": "/api/v1/runs/974a8b9b-ea9e-4780-9915-e41bb3b4d977", "request_id": "5e98b036-b002-4e88-ab72-a4f1df03af10", "status_code": 200, "tenant_id": "ab5af908-be70-4f29-8729-5ed3535f4689", "timestamp": "2026-08-07T12:11:32.828178Z", "trace_id": "f3422220143b047dbd70c8da30024e49"}
api-1       | {"claimed": 36, "event": "outbox_dispatch_batch_completed", "lease_lost": 0, "level": "info", "published": 36, "retry_scheduled": 0, "role": "outbox_dispatcher", "timestamp": "2026-08-07T12:11:33.375705Z"}
api-1       | INFO:     172.18.0.1:59374 - "GET /api/v1/runs/974a8b9b-ea9e-4780-9915-e41bb3b4d977 HTTP/1.1" 200 OK
api-1       | {"api_key_prefix": "evk_5237dfcc3619", "duration_ms": 112.531, "event": "http_request_completed", "level": "info", "method": "GET", "outcome": "success", "path": "/api/v1/runs/974a8b9b-ea9e-4780-9915-e41bb3b4d977", "request_id": "3b27253f-12a8-4415-97aa-468f0b0fcd43", "status_code": 200, "tenant_id": "ab5af908-be70-4f29-8729-5ed3535f4689", "timestamp": "2026-08-07T12:11:33.444812Z", "trace_id": "cbecb6776718667970f952f4111b069d"}
api-1       | {"claimed": 30, "event": "outbox_dispatch_batch_completed", "lease_lost": 0, "level": "info", "published": 30, "retry_scheduled": 0, "role": "outbox_dispatcher", "timestamp": "2026-08-07T12:11:34.051856Z"}
api-1       | INFO:     172.18.0.1:59374 - "GET /api/v1/runs/974a8b9b-ea9e-4780-9915-e41bb3b4d977 HTTP/1.1" 200 OK
api-1       | {"api_key_prefix": "evk_5237dfcc3619", "duration_ms": 101.009, "event": "http_request_completed", "level": "info", "method": "GET", "outcome": "success", "path": "/api/v1/runs/974a8b9b-ea9e-4780-9915-e41bb3b4d977", "request_id": "3730128b-0ba1-4bb4-970e-2067a5ac30b2", "status_code": 200, "tenant_id": "ab5af908-be70-4f29-8729-5ed3535f4689", "timestamp": "2026-08-07T12:11:34.062575Z", "trace_id": "056d288399d1158231d7381b16b3c934"}
api-1       | {"claimed": 30, "event": "outbox_dispatch_batch_completed", "lease_lost": 0, "level": "info", "published": 30, "retry_scheduled": 0, "role": "outbox_dispatcher", "timestamp": "2026-08-07T12:11:34.751199Z"}
api-1       | INFO:     172.18.0.1:59374 - "GET /api/v1/runs/974a8b9b-ea9e-4780-9915-e41bb3b4d977 HTTP/1.1" 200 OK
api-1       | {"api_key_prefix": "evk_5237dfcc3619", "duration_ms": 194.304, "event": "http_request_completed", "level": "info", "method": "GET", "outcome": "success", "path": "/api/v1/runs/974a8b9b-ea9e-4780-9915-e41bb3b4d977", "request_id": "7686b213-ff23-405d-98d7-98e77bf8ba59", "status_code": 200, "tenant_id": "ab5af908-be70-4f29-8729-5ed3535f4689", "timestamp": "2026-08-07T12:11:34.759411Z", "trace_id": "9495317232221400e714d37b88ed52c6"}
api-1       | {"claimed": 30, "event": "outbox_dispatch_batch_completed", "lease_lost": 0, "level": "info", "published": 30, "retry_scheduled": 0, "role": "outbox_dispatcher", "timestamp": "2026-08-07T12:11:35.450888Z"}
api-1       | INFO:     172.18.0.1:59374 - "GET /api/v1/runs/974a8b9b-ea9e-4780-9915-e41bb3b4d977 HTTP/1.1" 200 OK
api-1       | {"api_key_prefix": "evk_5237dfcc3619", "duration_ms": 198.873, "event": "http_request_completed", "level": "info", "method": "GET", "outcome": "success", "path": "/api/v1/runs/974a8b9b-ea9e-4780-9915-e41bb3b4d977", "request_id": "cd224114-7a0e-4b29-8544-4ebf9357015d", "status_code": 200, "tenant_id": "ab5af908-be70-4f29-8729-5ed3535f4689", "timestamp": "2026-08-07T12:11:35.462182Z", "trace_id": "8f1cdce491b10e46d8c758ea2bc6ffb9"}
api-1       | {"claimed": 30, "event": "outbox_dispatch_batch_completed", "lease_lost": 0, "level": "info", "published": 30, "retry_scheduled": 0, "role": "outbox_dispatcher", "timestamp": "2026-08-07T12:11:36.156630Z"}
api-1       | INFO:     172.18.0.1:59374 - "GET /api/v1/runs/974a8b9b-ea9e-4780-9915-e41bb3b4d977 HTTP/1.1" 200 OK
api-1       | {"api_key_prefix": "evk_5237dfcc3619", "duration_ms": 195.504, "event": "http_request_completed", "level": "info", "method": "GET", "outcome": "success", "path": "/api/v1/runs/974a8b9b-ea9e-4780-9915-e41bb3b4d977", "request_id": "d28bc8ef-abae-4775-aed9-2be6d93164f1", "status_code": 200, "tenant_id": "ab5af908-be70-4f29-8729-5ed3535f4689", "timestamp": "2026-08-07T12:11:36.161558Z", "trace_id": "bd293c2cc3fe3000a5b1f0bbc8970060"}
api-1       | {"claimed": 34, "event": "outbox_dispatch_batch_completed", "lease_lost": 0, "level": "info", "published": 34, "retry_scheduled": 0, "role": "outbox_dispatcher", "timestamp": "2026-08-07T12:11:36.853388Z"}
api-1       | INFO:     172.18.0.1:59374 - "GET /api/v1/runs/974a8b9b-ea9e-4780-9915-e41bb3b4d977 HTTP/1.1" 200 OK
api-1       | {"api_key_prefix": "evk_5237dfcc3619", "duration_ms": 204.509, "event": "http_request_completed", "level": "info", "method": "GET", "outcome": "success", "path": "/api/v1/runs/974a8b9b-ea9e-4780-9915-e41bb3b4d977", "request_id": "bd5eefed-078e-4b40-b969-6af81ed25d47", "status_code": 200, "tenant_id": "ab5af908-be70-4f29-8729-5ed3535f4689", "timestamp": "2026-08-07T12:11:36.869213Z", "trace_id": "4278b566bdad9652326b13e3f9aaff5f"}
api-1       | {"claimed": 31, "event": "outbox_dispatch_batch_completed", "lease_lost": 0, "level": "info", "published": 31, "retry_scheduled": 0, "role": "outbox_dispatcher", "timestamp": "2026-08-07T12:11:37.485649Z"}
api-1       | INFO:     172.18.0.1:59374 - "GET /api/v1/runs/974a8b9b-ea9e-4780-9915-e41bb3b4d977 HTTP/1.1" 200 OK
api-1       | {"api_key_prefix": "evk_5237dfcc3619", "duration_ms": 169.657, "event": "http_request_completed", "level": "info", "method": "GET", "outcome": "success", "path": "/api/v1/runs/974a8b9b-ea9e-4780-9915-e41bb3b4d977", "request_id": "22b52543-5899-4706-b7d6-9c5622dbbf25", "status_code": 200, "tenant_id": "ab5af908-be70-4f29-8729-5ed3535f4689", "timestamp": "2026-08-07T12:11:37.559793Z", "trace_id": "f5d946da55ca02b4979f9dc1e8f176c6"}
api-1       | {"claimed": 27, "event": "outbox_dispatch_batch_completed", "lease_lost": 0, "level": "info", "published": 27, "retry_scheduled": 0, "role": "outbox_dispatcher", "timestamp": "2026-08-07T12:11:38.219551Z"}
api-1       | {"event": "Context impl PostgresqlImpl.", "level": "info", "request_id": "f13646b9-5786-4696-9e4c-77d1be28bac5", "timestamp": "2026-08-07T12:11:38.314082Z", "trace_id": "342a8b93906c1e4118b2f9bf357d1ee9"}
api-1       | {"event": "Will assume transactional DDL.", "level": "info", "request_id": "f13646b9-5786-4696-9e4c-77d1be28bac5", "timestamp": "2026-08-07T12:11:38.314212Z", "trace_id": "342a8b93906c1e4118b2f9bf357d1ee9"}
api-1       | INFO:     127.0.0.1:36844 - "GET /health/ready HTTP/1.1" 200 OK
api-1       | {"duration_ms": 67.904, "event": "http_request_completed", "level": "info", "method": "GET", "outcome": "success", "path": "/health/ready", "request_id": "f13646b9-5786-4696-9e4c-77d1be28bac5", "status_code": 200, "timestamp": "2026-08-07T12:11:38.320913Z", "trace_id": "342a8b93906c1e4118b2f9bf357d1ee9"}
api-1       | INFO:     172.18.0.1:59374 - "GET /api/v1/runs/974a8b9b-ea9e-4780-9915-e41bb3b4d977 HTTP/1.1" 200 OK
api-1       | {"api_key_prefix": "evk_5237dfcc3619", "duration_ms": 220.881, "event": "http_request_completed", "level": "info", "method": "GET", "outcome": "success", "path": "/api/v1/runs/974a8b9b-ea9e-4780-9915-e41bb3b4d977", "request_id": "bde585a9-30cb-45e0-89c8-e98bf540533e", "status_code": 200, "tenant_id": "ab5af908-be70-4f29-8729-5ed3535f4689", "timestamp": "2026-08-07T12:11:38.338157Z", "trace_id": "71641aec914744adeef5acc254288abb"}
api-1       | {"claimed": 34, "event": "outbox_dispatch_batch_completed", "lease_lost": 0, "level": "info", "published": 34, "retry_scheduled": 0, "role": "outbox_dispatcher", "timestamp": "2026-08-07T12:11:38.876287Z"}
api-1       | INFO:     172.18.0.1:59374 - "GET /api/v1/runs/974a8b9b-ea9e-4780-9915-e41bb3b4d977 HTTP/1.1" 200 OK
api-1       | {"api_key_prefix": "evk_5237dfcc3619", "duration_ms": 98.147, "event": "http_request_completed", "level": "info", "method": "GET", "outcome": "success", "path": "/api/v1/runs/974a8b9b-ea9e-4780-9915-e41bb3b4d977", "request_id": "3c849d9d-b0e7-4536-813b-ab39be9d1b65", "status_code": 200, "tenant_id": "ab5af908-be70-4f29-8729-5ed3535f4689", "timestamp": "2026-08-07T12:11:38.939550Z", "trace_id": "ad9ad93f0768b6235c179456d4d12bbe"}
api-1       | {"claimed": 31, "event": "outbox_dispatch_batch_completed", "lease_lost": 0, "level": "info", "published": 31, "retry_scheduled": 0, "role": "outbox_dispatcher", "timestamp": "2026-08-07T12:11:39.556207Z"}
api-1       | INFO:     172.18.0.1:59374 - "GET /api/v1/runs/974a8b9b-ea9e-4780-9915-e41bb3b4d977 HTTP/1.1" 200 OK
api-1       | {"api_key_prefix": "evk_5237dfcc3619", "duration_ms": 105.011, "event": "http_request_completed", "level": "info", "method": "GET", "outcome": "success", "path": "/api/v1/runs/974a8b9b-ea9e-4780-9915-e41bb3b4d977", "request_id": "d713aec6-a6ec-40eb-90b5-ab7dcde78757", "status_code": 200, "tenant_id": "ab5af908-be70-4f29-8729-5ed3535f4689", "timestamp": "2026-08-07T12:11:39.565243Z", "trace_id": "b77218b22d21adf150b77884456a46ac"}
api-1       | {"claimed": 31, "event": "outbox_dispatch_batch_completed", "lease_lost": 0, "level": "info", "published": 31, "retry_scheduled": 0, "role": "outbox_dispatcher", "timestamp": "2026-08-07T12:11:40.185720Z"}
api-1       | INFO:     172.18.0.1:59374 - "GET /api/v1/runs/974a8b9b-ea9e-4780-9915-e41bb3b4d977 HTTP/1.1" 200 OK
api-1       | {"api_key_prefix": "evk_5237dfcc3619", "duration_ms": 180.211, "event": "http_request_completed", "level": "info", "method": "GET", "outcome": "success", "path": "/api/v1/runs/974a8b9b-ea9e-4780-9915-e41bb3b4d977", "request_id": "a2374888-fd93-4cef-9c7f-ecdab86bed88", "status_code": 200, "tenant_id": "ab5af908-be70-4f29-8729-5ed3535f4689", "timestamp": "2026-08-07T12:11:40.255314Z", "trace_id": "84af75c5ae44ea75f8a7003af58d5f5c"}
api-1       | {"claimed": 26, "event": "outbox_dispatch_batch_completed", "lease_lost": 0, "level": "info", "published": 26, "retry_scheduled": 0, "role": "outbox_dispatcher", "timestamp": "2026-08-07T12:11:40.877230Z"}
api-1       | INFO:     172.18.0.1:59374 - "GET /api/v1/runs/974a8b9b-ea9e-4780-9915-e41bb3b4d977 HTTP/1.1" 200 OK
api-1       | {"api_key_prefix": "evk_5237dfcc3619", "duration_ms": 151.289, "event": "http_request_completed", "level": "info", "method": "GET", "outcome": "success", "path": "/api/v1/runs/974a8b9b-ea9e-4780-9915-e41bb3b4d977", "request_id": "86d93fc6-9b66-48bc-98c7-64041f1a908b", "status_code": 200, "tenant_id": "ab5af908-be70-4f29-8729-5ed3535f4689", "timestamp": "2026-08-07T12:11:40.931064Z", "trace_id": "7b563593fd695a7df9d249cf3eebf9c9"}
api-1       | {"claimed": 34, "event": "outbox_dispatch_batch_completed", "lease_lost": 0, "level": "info", "published": 34, "retry_scheduled": 0, "role": "outbox_dispatcher", "timestamp": "2026-08-07T12:11:41.550539Z"}
api-1       | INFO:     172.18.0.1:59374 - "GET /api/v1/runs/974a8b9b-ea9e-4780-9915-e41bb3b4d977 HTTP/1.1" 200 OK
api-1       | {"api_key_prefix": "evk_5237dfcc3619", "duration_ms": 158.785, "event": "http_request_completed", "level": "info", "method": "GET", "outcome": "success", "path": "/api/v1/runs/974a8b9b-ea9e-4780-9915-e41bb3b4d977", "request_id": "a6c9a852-f54e-4314-83b6-0bd8684c408e", "status_code": 200, "tenant_id": "ab5af908-be70-4f29-8729-5ed3535f4689", "timestamp": "2026-08-07T12:11:41.615922Z", "trace_id": "ff9623901de64b48abbb0922c2dc2622"}
api-1       | {"claimed": 30, "event": "outbox_dispatch_batch_completed", "lease_lost": 0, "level": "info", "published": 30, "retry_scheduled": 0, "role": "outbox_dispatcher", "timestamp": "2026-08-07T12:11:42.177262Z"}
api-1       | INFO:     172.18.0.1:59374 - "GET /api/v1/runs/974a8b9b-ea9e-4780-9915-e41bb3b4d977 HTTP/1.1" 200 OK
api-1       | {"api_key_prefix": "evk_5237dfcc3619", "duration_ms": 123.948, "event": "http_request_completed", "level": "info", "method": "GET", "outcome": "success", "path": "/api/v1/runs/974a8b9b-ea9e-4780-9915-e41bb3b4d977", "request_id": "31e2ef47-f173-4804-a071-4054998bb76e", "status_code": 200, "tenant_id": "ab5af908-be70-4f29-8729-5ed3535f4689", "timestamp": "2026-08-07T12:11:42.257591Z", "trace_id": "bceca90ff65f04deb0325c509f1c6104"}
api-1       | {"claimed": 28, "event": "outbox_dispatch_batch_completed", "lease_lost": 0, "level": "info", "published": 28, "retry_scheduled": 0, "role": "outbox_dispatcher", "timestamp": "2026-08-07T12:11:42.853730Z"}
api-1       | INFO:     172.18.0.1:59374 - "GET /api/v1/runs/974a8b9b-ea9e-4780-9915-e41bb3b4d977 HTTP/1.1" 200 OK
api-1       | {"api_key_prefix": "evk_5237dfcc3619", "duration_ms": 145.92, "event": "http_request_completed", "level": "info", "method": "GET", "outcome": "success", "path": "/api/v1/runs/974a8b9b-ea9e-4780-9915-e41bb3b4d977", "request_id": "453e78dc-56f7-466f-b839-9fb6da5e2863", "status_code": 200, "tenant_id": "ab5af908-be70-4f29-8729-5ed3535f4689", "timestamp": "2026-08-07T12:11:42.914968Z", "trace_id": "6b2ca827d4d6cc9684c865575118fe9e"}
api-1       | {"claimed": 30, "event": "outbox_dispatch_batch_completed", "lease_lost": 0, "level": "info", "published": 30, "retry_scheduled": 0, "role": "outbox_dispatcher", "timestamp": "2026-08-07T12:11:43.561943Z"}
api-1       | INFO:     172.18.0.1:59374 - "GET /api/v1/runs/974a8b9b-ea9e-4780-9915-e41bb3b4d977 HTTP/1.1" 200 OK
api-1       | {"api_key_prefix": "evk_5237dfcc3619", "duration_ms": 290.868, "event": "http_request_completed", "level": "info", "method": "GET", "outcome": "success", "path": "/api/v1/runs/974a8b9b-ea9e-4780-9915-e41bb3b4d977", "request_id": "5ab77fa8-b7ad-4097-8fd8-b543e297de79", "status_code": 200, "tenant_id": "ab5af908-be70-4f29-8729-5ed3535f4689", "timestamp": "2026-08-07T12:11:43.726336Z", "trace_id": "5fe8d38dc86f91761da81b89bfa596d4"}
api-1       | {"event": "Context impl PostgresqlImpl.", "level": "info", "request_id": "a1cb17e8-7f73-4dc9-8c46-ab4a07419c2a", "timestamp": "2026-08-07T12:11:43.854400Z", "trace_id": "116fd30b9c23b6596fda53daf284ec66"}
api-1       | {"event": "Will assume transactional DDL.", "level": "info", "request_id": "a1cb17e8-7f73-4dc9-8c46-ab4a07419c2a", "timestamp": "2026-08-07T12:11:43.854517Z", "trace_id": "116fd30b9c23b6596fda53daf284ec66"}
api-1       | INFO:     127.0.0.1:36848 - "GET /health/ready HTTP/1.1" 200 OK
api-1       | {"duration_ms": 24.215, "event": "http_request_completed", "level": "info", "method": "GET", "outcome": "success", "path": "/health/ready", "request_id": "a1cb17e8-7f73-4dc9-8c46-ab4a07419c2a", "status_code": 200, "timestamp": "2026-08-07T12:11:43.863364Z", "trace_id": "116fd30b9c23b6596fda53daf284ec66"}
api-1       | {"claimed": 32, "event": "outbox_dispatch_batch_completed", "lease_lost": 0, "level": "info", "published": 32, "retry_scheduled": 0, "role": "outbox_dispatcher", "timestamp": "2026-08-07T12:11:44.250874Z"}
api-1       | INFO:     172.18.0.1:59374 - "GET /api/v1/runs/974a8b9b-ea9e-4780-9915-e41bb3b4d977 HTTP/1.1" 200 OK
api-1       | {"api_key_prefix": "evk_5237dfcc3619", "duration_ms": 83.065, "event": "http_request_completed", "level": "info", "method": "GET", "outcome": "success", "path": "/api/v1/runs/974a8b9b-ea9e-4780-9915-e41bb3b4d977", "request_id": "5a1f3e79-26cf-44c7-bfd9-6f70a2496cf6", "status_code": 200, "tenant_id": "ab5af908-be70-4f29-8729-5ed3535f4689", "timestamp": "2026-08-07T12:11:44.312800Z", "trace_id": "5458a85d3bf9990550c1a5c937c4469a"}
api-1       | {"claimed": 32, "event": "outbox_dispatch_batch_completed", "lease_lost": 0, "level": "info", "published": 32, "retry_scheduled": 0, "role": "outbox_dispatcher", "timestamp": "2026-08-07T12:11:44.951032Z"}
api-1       | INFO:     172.18.0.1:59374 - "GET /api/v1/runs/974a8b9b-ea9e-4780-9915-e41bb3b4d977 HTTP/1.1" 200 OK
api-1       | {"api_key_prefix": "evk_5237dfcc3619", "duration_ms": 162.008, "event": "http_request_completed", "level": "info", "method": "GET", "outcome": "success", "path": "/api/v1/runs/974a8b9b-ea9e-4780-9915-e41bb3b4d977", "request_id": "8f9f1e22-728d-472c-a8d5-6d3fa5bdbd5b", "status_code": 200, "tenant_id": "ab5af908-be70-4f29-8729-5ed3535f4689", "timestamp": "2026-08-07T12:11:45.019727Z", "trace_id": "689981d4cdd7ea8792fcfeb2663214e6"}
api-1       | {"claimed": 32, "event": "outbox_dispatch_batch_completed", "lease_lost": 0, "level": "info", "published": 32, "retry_scheduled": 0, "role": "outbox_dispatcher", "timestamp": "2026-08-07T12:11:45.588177Z"}
api-1       | INFO:     172.18.0.1:59374 - "GET /api/v1/runs/974a8b9b-ea9e-4780-9915-e41bb3b4d977 HTTP/1.1" 200 OK
api-1       | {"api_key_prefix": "evk_5237dfcc3619", "duration_ms": 127.465, "event": "http_request_completed", "level": "info", "method": "GET", "outcome": "success", "path": "/api/v1/runs/974a8b9b-ea9e-4780-9915-e41bb3b4d977", "request_id": "e7aa7a44-d07e-4169-a39b-65ca864fefce", "status_code": 200, "tenant_id": "ab5af908-be70-4f29-8729-5ed3535f4689", "timestamp": "2026-08-07T12:11:45.668960Z", "trace_id": "1554531ac4885f4866fda0b3f3882820"}
api-1       | {"claimed": 26, "event": "outbox_dispatch_batch_completed", "lease_lost": 0, "level": "info", "published": 26, "retry_scheduled": 0, "role": "outbox_dispatcher", "timestamp": "2026-08-07T12:11:46.253135Z"}
api-1       | INFO:     172.18.0.1:59374 - "GET /api/v1/runs/974a8b9b-ea9e-4780-9915-e41bb3b4d977 HTTP/1.1" 200 OK
api-1       | {"api_key_prefix": "evk_5237dfcc3619", "duration_ms": 140.582, "event": "http_request_completed", "level": "info", "method": "GET", "outcome": "success", "path": "/api/v1/runs/974a8b9b-ea9e-4780-9915-e41bb3b4d977", "request_id": "13114564-4932-487a-8025-dcbe130f25fb", "status_code": 200, "tenant_id": "ab5af908-be70-4f29-8729-5ed3535f4689", "timestamp": "2026-08-07T12:11:46.315281Z", "trace_id": "503a750c3c75441a6d2e4652a57d853f"}
api-1       | {"claimed": 30, "event": "outbox_dispatch_batch_completed", "lease_lost": 0, "level": "info", "published": 30, "retry_scheduled": 0, "role": "outbox_dispatcher", "timestamp": "2026-08-07T12:11:46.882828Z"}
api-1       | INFO:     172.18.0.1:59374 - "GET /api/v1/runs/974a8b9b-ea9e-4780-9915-e41bb3b4d977 HTTP/1.1" 200 OK
api-1       | {"api_key_prefix": "evk_5237dfcc3619", "duration_ms": 115.965, "event": "http_request_completed", "level": "info", "method": "GET", "outcome": "success", "path": "/api/v1/runs/974a8b9b-ea9e-4780-9915-e41bb3b4d977", "request_id": "bedc7a69-1996-47a3-8f9b-e4a08db7ef0c", "status_code": 200, "tenant_id": "ab5af908-be70-4f29-8729-5ed3535f4689", "timestamp": "2026-08-07T12:11:46.950448Z", "trace_id": "f3ae9a2b14a1f8eac86bf95006acae1d"}
api-1       | {"claimed": 30, "event": "outbox_dispatch_batch_completed", "lease_lost": 0, "level": "info", "published": 30, "retry_scheduled": 0, "role": "outbox_dispatcher", "timestamp": "2026-08-07T12:11:47.553073Z"}
api-1       | INFO:     172.18.0.1:59374 - "GET /api/v1/runs/974a8b9b-ea9e-4780-9915-e41bb3b4d977 HTTP/1.1" 200 OK
api-1       | {"api_key_prefix": "evk_5237dfcc3619", "duration_ms": 145.731, "event": "http_request_completed", "level": "info", "method": "GET", "outcome": "success", "path": "/api/v1/runs/974a8b9b-ea9e-4780-9915-e41bb3b4d977", "request_id": "bc6d9e60-726c-4025-a887-99dadd052c99", "status_code": 200, "tenant_id": "ab5af908-be70-4f29-8729-5ed3535f4689", "timestamp": "2026-08-07T12:11:47.614828Z", "trace_id": "448e99f1308f7481ac9f5f079ab9f5cb"}
api-1       | {"claimed": 30, "event": "outbox_dispatch_batch_completed", "lease_lost": 0, "level": "info", "published": 30, "retry_scheduled": 0, "role": "outbox_dispatcher", "timestamp": "2026-08-07T12:11:48.186026Z"}
api-1       | INFO:     172.18.0.1:59374 - "GET /api/v1/runs/974a8b9b-ea9e-4780-9915-e41bb3b4d977 HTTP/1.1" 200 OK
api-1       | {"api_key_prefix": "evk_5237dfcc3619", "duration_ms": 119.439, "event": "http_request_completed", "level": "info", "method": "GET", "outcome": "success", "path": "/api/v1/runs/974a8b9b-ea9e-4780-9915-e41bb3b4d977", "request_id": "eab92f81-ee5a-4d71-8502-17d38155250e", "status_code": 200, "tenant_id": "ab5af908-be70-4f29-8729-5ed3535f4689", "timestamp": "2026-08-07T12:11:48.257784Z", "trace_id": "69c8db806217e6116528340e567551f2"}
api-1       | {"claimed": 30, "event": "outbox_dispatch_batch_completed", "lease_lost": 0, "level": "info", "published": 30, "retry_scheduled": 0, "role": "outbox_dispatcher", "timestamp": "2026-08-07T12:11:48.855641Z"}
api-1       | INFO:     172.18.0.1:59374 - "GET /api/v1/runs/974a8b9b-ea9e-4780-9915-e41bb3b4d977 HTTP/1.1" 200 OK
api-1       | {"api_key_prefix": "evk_5237dfcc3619", "duration_ms": 94.365, "event": "http_request_completed", "level": "info", "method": "GET", "outcome": "success", "path": "/api/v1/runs/974a8b9b-ea9e-4780-9915-e41bb3b4d977", "request_id": "9347000b-5cd7-4680-a4c9-d55ec73a6cf5", "status_code": 200, "tenant_id": "ab5af908-be70-4f29-8729-5ed3535f4689", "timestamp": "2026-08-07T12:11:48.867613Z", "trace_id": "bcabbef2bd593ea8608c20c5cb2f855c"}
api-1       | {"event": "Context impl PostgresqlImpl.", "level": "info", "request_id": "54f00132-c0f0-4e17-98e5-d3d7806e1dec", "timestamp": "2026-08-07T12:11:49.175438Z", "trace_id": "526ee1f5ffd52bff64e367c3900fe089"}
api-1       | {"event": "Will assume transactional DDL.", "level": "info", "request_id": "54f00132-c0f0-4e17-98e5-d3d7806e1dec", "timestamp": "2026-08-07T12:11:49.175559Z", "trace_id": "526ee1f5ffd52bff64e367c3900fe089"}
api-1       | INFO:     127.0.0.1:46998 - "GET /health/ready HTTP/1.1" 200 OK
api-1       | {"duration_ms": 21.471, "event": "http_request_completed", "level": "info", "method": "GET", "outcome": "success", "path": "/health/ready", "request_id": "54f00132-c0f0-4e17-98e5-d3d7806e1dec", "status_code": 200, "timestamp": "2026-08-07T12:11:49.182358Z", "trace_id": "526ee1f5ffd52bff64e367c3900fe089"}
api-1       | {"claimed": 30, "event": "outbox_dispatch_batch_completed", "lease_lost": 0, "level": "info", "published": 30, "retry_scheduled": 0, "role": "outbox_dispatcher", "timestamp": "2026-08-07T12:11:49.554564Z"}
api-1       | INFO:     172.18.0.1:59374 - "GET /api/v1/runs/974a8b9b-ea9e-4780-9915-e41bb3b4d977 HTTP/1.1" 200 OK
api-1       | {"api_key_prefix": "evk_5237dfcc3619", "duration_ms": 191.252, "event": "http_request_completed", "level": "info", "method": "GET", "outcome": "success", "path": "/api/v1/runs/974a8b9b-ea9e-4780-9915-e41bb3b4d977", "request_id": "1f7cb7a5-532d-495c-bd65-93991c3f4b8e", "status_code": 200, "tenant_id": "ab5af908-be70-4f29-8729-5ed3535f4689", "timestamp": "2026-08-07T12:11:49.561596Z", "trace_id": "ba085d11a6880ce070e2d110870870e8"}
api-1       | {"claimed": 32, "event": "outbox_dispatch_batch_completed", "lease_lost": 0, "level": "info", "published": 32, "retry_scheduled": 0, "role": "outbox_dispatcher", "timestamp": "2026-08-07T12:11:50.284080Z"}
api-1       | INFO:     172.18.0.1:59374 - "GET /api/v1/runs/974a8b9b-ea9e-4780-9915-e41bb3b4d977 HTTP/1.1" 200 OK
api-1       | {"api_key_prefix": "evk_5237dfcc3619", "duration_ms": 238.459, "event": "http_request_completed", "level": "info", "method": "GET", "outcome": "success", "path": "/api/v1/runs/974a8b9b-ea9e-4780-9915-e41bb3b4d977", "request_id": "e65108a4-10c7-4ffb-acd1-79bba2f00597", "status_code": 200, "tenant_id": "ab5af908-be70-4f29-8729-5ed3535f4689", "timestamp": "2026-08-07T12:11:50.355906Z", "trace_id": "7182978d5a05c834868a93d3c7f76635"}
api-1       | INFO:     172.18.0.1:59374 - "GET /api/v1/runs/974a8b9b-ea9e-4780-9915-e41bb3b4d977/cases?limit=200&sort=case_id HTTP/1.1" 200 OK
api-1       | {"api_key_prefix": "evk_5237dfcc3619", "duration_ms": 76.144, "event": "http_request_completed", "level": "info", "method": "GET", "outcome": "success", "path": "/api/v1/runs/974a8b9b-ea9e-4780-9915-e41bb3b4d977/cases", "request_id": "bcf88ab5-3879-4dcb-a9a8-ed379e09a8c8", "status_code": 200, "tenant_id": "ab5af908-be70-4f29-8729-5ed3535f4689", "timestamp": "2026-08-07T12:11:50.433786Z", "trace_id": "e8f4695d52e97c4eb7af94d739f5b323"}
api-1       | INFO:     172.18.0.1:59374 - "GET /api/v1/runs/974a8b9b-ea9e-4780-9915-e41bb3b4d977/cases?limit=200&sort=case_id&cursor=eyJkaXJlY3Rpb24iOiJhc2MiLCJlcnJvcl9jb2RlIjpudWxsLCJqb2JfaWQiOiJjNjEyZWNmMy02N2E5LTRkZGQtOTgxNS1hOTk2OTdiZWIyOGYiLCJtZXRyaWMiOm51bGwsInNvcnQiOiJjYXNlX2lkIiwic3RhdHVzIjpudWxsLCJ2IjoxLCJ2YWx1ZSI6ImxvYWQtMDE5OSJ9 HTTP/1.1" 200 OK
api-1       | {"api_key_prefix": "evk_5237dfcc3619", "duration_ms": 76.451, "event": "http_request_completed", "level": "info", "method": "GET", "outcome": "success", "path": "/api/v1/runs/974a8b9b-ea9e-4780-9915-e41bb3b4d977/cases", "request_id": "45f5d12c-0508-46d8-bb3d-1f23079f6088", "status_code": 200, "tenant_id": "ab5af908-be70-4f29-8729-5ed3535f4689", "timestamp": "2026-08-07T12:11:50.513234Z", "trace_id": "aeefca1c78b2814033498e624b938488"}
api-1       | INFO:     172.18.0.1:59374 - "GET /api/v1/runs/974a8b9b-ea9e-4780-9915-e41bb3b4d977/cases?limit=200&sort=case_id&cursor=eyJkaXJlY3Rpb24iOiJhc2MiLCJlcnJvcl9jb2RlIjpudWxsLCJqb2JfaWQiOiI0YTJkOGQ2Mi0wZjQzLTQzYTYtYjllNi03NWRiZjkxYjhjOGQiLCJtZXRyaWMiOm51bGwsInNvcnQiOiJjYXNlX2lkIiwic3RhdHVzIjpudWxsLCJ2IjoxLCJ2YWx1ZSI6ImxvYWQtMDM5OSJ9 HTTP/1.1" 200 OK
api-1       | {"api_key_prefix": "evk_5237dfcc3619", "duration_ms": 65.826, "event": "http_request_completed", "level": "info", "method": "GET", "outcome": "success", "path": "/api/v1/runs/974a8b9b-ea9e-4780-9915-e41bb3b4d977/cases", "request_id": "e7e35f2c-fddf-4980-a7bd-47bd4f74a698", "status_code": 200, "tenant_id": "ab5af908-be70-4f29-8729-5ed3535f4689", "timestamp": "2026-08-07T12:11:50.581729Z", "trace_id": "a85cacc28c4a05de150e4fb439a0baad"}
api-1       | {"claimed": 10, "event": "outbox_dispatch_batch_completed", "lease_lost": 0, "level": "info", "published": 10, "retry_scheduled": 0, "role": "outbox_dispatcher", "timestamp": "2026-08-07T12:11:50.904732Z"}
api-1       | INFO:     127.0.0.1:47008 - "GET /metrics HTTP/1.1" 200 OK
api-1       | {"duration_ms": 17.303, "event": "http_request_completed", "level": "info", "method": "GET", "outcome": "success", "path": "/metrics", "request_id": "b57884fd-6e87-4fe0-9c3f-4bd580db645f", "status_code": 200, "timestamp": "2026-08-07T12:11:51.045894Z", "trace_id": "b67b2677865ed6547fa20db238fd9f11"}
api-1       | {"event": "Context impl PostgresqlImpl.", "level": "info", "request_id": "49efd8f6-9f7b-40e0-a9ee-0ad48f543b76", "timestamp": "2026-08-07T12:11:54.519931Z", "trace_id": "b0ce4439f189e72c2d637bf28d20744c"}
api-1       | {"event": "Will assume transactional DDL.", "level": "info", "request_id": "49efd8f6-9f7b-40e0-a9ee-0ad48f543b76", "timestamp": "2026-08-07T12:11:54.520057Z", "trace_id": "b0ce4439f189e72c2d637bf28d20744c"}
api-1       | INFO:     127.0.0.1:47034 - "GET /health/ready HTTP/1.1" 200 OK
api-1       | {"duration_ms": 23.593, "event": "http_request_completed", "level": "info", "method": "GET", "outcome": "success", "path": "/health/ready", "request_id": "49efd8f6-9f7b-40e0-a9ee-0ad48f543b76", "status_code": 200, "timestamp": "2026-08-07T12:11:54.527894Z", "trace_id": "b0ce4439f189e72c2d637bf28d20744c"}
api-1       | INFO:     172.18.0.1:49142 - "POST /api/v1/runs HTTP/1.1" 202 Accepted
api-1       | {"api_key_prefix": "evk_5237dfcc3619", "duration_ms": 314.151, "event": "http_request_completed", "level": "info", "method": "POST", "outcome": "success", "path": "/api/v1/runs", "request_id": "52df7765-8703-4968-b0a1-88878c03e8b9", "status_code": 202, "tenant_id": "ab5af908-be70-4f29-8729-5ed3535f4689", "timestamp": "2026-08-07T12:11:56.247089Z", "trace_id": "0fdf2c16dab87dcf654d6449e2a32fae"}
api-1       | {"claimed": 4, "event": "outbox_dispatch_batch_completed", "lease_lost": 0, "level": "info", "published": 4, "retry_scheduled": 0, "role": "outbox_dispatcher", "timestamp": "2026-08-07T12:11:56.578047Z"}
api-1       | INFO:     172.18.0.1:49142 - "GET /api/v1/runs/a0d24ba2-543a-43bf-9698-0bcf83f4dbe8 HTTP/1.1" 200 OK
api-1       | {"api_key_prefix": "evk_5237dfcc3619", "duration_ms": 340.702, "event": "http_request_completed", "level": "info", "method": "GET", "outcome": "success", "path": "/api/v1/runs/a0d24ba2-543a-43bf-9698-0bcf83f4dbe8", "request_id": "72ed9e3e-c22c-4dde-b309-fefab7e5ea42", "status_code": 200, "tenant_id": "ab5af908-be70-4f29-8729-5ed3535f4689", "timestamp": "2026-08-07T12:11:56.589261Z", "trace_id": "cb0d924e0e740cefe8481a9c6c00f639"}
api-1       | INFO:     172.18.0.1:49142 - "GET /api/v1/runs/a0d24ba2-543a-43bf-9698-0bcf83f4dbe8 HTTP/1.1" 200 OK
api-1       | {"api_key_prefix": "evk_5237dfcc3619", "duration_ms": 514.759, "event": "http_request_completed", "level": "info", "method": "GET", "outcome": "success", "path": "/api/v1/runs/a0d24ba2-543a-43bf-9698-0bcf83f4dbe8", "request_id": "c95f8513-1547-41c5-a952-9570525ee4aa", "status_code": 200, "tenant_id": "ab5af908-be70-4f29-8729-5ed3535f4689", "timestamp": "2026-08-07T12:11:57.607079Z", "trace_id": "7ff14c1b51d2324c5a6df0e3f5c20264"}
api-1       | {"claimed": 14, "event": "outbox_dispatch_batch_completed", "lease_lost": 0, "level": "info", "published": 14, "retry_scheduled": 0, "role": "outbox_dispatcher", "timestamp": "2026-08-07T12:11:57.671645Z"}
api-1       | {"claimed": 44, "event": "outbox_dispatch_batch_completed", "lease_lost": 0, "level": "info", "published": 44, "retry_scheduled": 0, "role": "outbox_dispatcher", "timestamp": "2026-08-07T12:11:58.832476Z"}
api-1       | INFO:     172.18.0.1:49142 - "GET /api/v1/runs/a0d24ba2-543a-43bf-9698-0bcf83f4dbe8 HTTP/1.1" 200 OK
api-1       | {"api_key_prefix": "evk_5237dfcc3619", "duration_ms": 808.807, "event": "http_request_completed", "level": "info", "method": "GET", "outcome": "success", "path": "/api/v1/runs/a0d24ba2-543a-43bf-9698-0bcf83f4dbe8", "request_id": "1d420fc7-93f8-4b2b-b582-1b15d216aa6e", "status_code": 200, "tenant_id": "ab5af908-be70-4f29-8729-5ed3535f4689", "timestamp": "2026-08-07T12:11:58.918930Z", "trace_id": "edb353b0a00b842a5c0eb16925ee9555"}
api-1       | INFO:     172.18.0.1:49142 - "GET /api/v1/runs/a0d24ba2-543a-43bf-9698-0bcf83f4dbe8/cases?limit=200&sort=case_id HTTP/1.1" 200 OK
api-1       | {"api_key_prefix": "evk_5237dfcc3619", "duration_ms": 116.336, "event": "http_request_completed", "level": "info", "method": "GET", "outcome": "success", "path": "/api/v1/runs/a0d24ba2-543a-43bf-9698-0bcf83f4dbe8/cases", "request_id": "17680ca2-b37b-449f-aab3-2fecdea102b4", "status_code": 200, "tenant_id": "ab5af908-be70-4f29-8729-5ed3535f4689", "timestamp": "2026-08-07T12:11:59.035799Z", "trace_id": "b7cb9dcbe1b99ee5d7e13db70cdbd86f"}
api-1       | {"claimed": 40, "event": "outbox_dispatch_batch_completed", "lease_lost": 0, "level": "info", "published": 40, "retry_scheduled": 0, "role": "outbox_dispatcher", "timestamp": "2026-08-07T12:11:59.629597Z"}
api-1       | INFO:     127.0.0.1:47242 - "GET /metrics HTTP/1.1" 200 OK
api-1       | {"duration_ms": 67.955, "event": "http_request_completed", "level": "info", "method": "GET", "outcome": "success", "path": "/metrics", "request_id": "cdb758d4-b15e-46a0-9e81-2d8dbcfc74d2", "status_code": 200, "timestamp": "2026-08-07T12:11:59.809327Z", "trace_id": "002faa69b3e62415f25e82e99e2a6542"}
api-1       | {"event": "Context impl PostgresqlImpl.", "level": "info", "request_id": "371e4db8-4f40-4e0b-9985-f7165e7859a8", "timestamp": "2026-08-07T12:12:00.234786Z", "trace_id": "f736723f0fc975e0f3d349105e2b8da9"}
api-1       | {"event": "Will assume transactional DDL.", "level": "info", "request_id": "371e4db8-4f40-4e0b-9985-f7165e7859a8", "timestamp": "2026-08-07T12:12:00.234964Z", "trace_id": "f736723f0fc975e0f3d349105e2b8da9"}
api-1       | INFO:     127.0.0.1:47278 - "GET /health/ready HTTP/1.1" 200 OK
api-1       | {"duration_ms": 35.494, "event": "http_request_completed", "level": "info", "method": "GET", "outcome": "success", "path": "/health/ready", "request_id": "371e4db8-4f40-4e0b-9985-f7165e7859a8", "status_code": 200, "timestamp": "2026-08-07T12:12:00.244917Z", "trace_id": "f736723f0fc975e0f3d349105e2b8da9"}
api-1       | INFO:     172.18.0.1:49142 - "POST /api/v1/runs HTTP/1.1" 202 Accepted
api-1       | {"api_key_prefix": "evk_5237dfcc3619", "duration_ms": 264.937, "event": "http_request_completed", "level": "info", "method": "POST", "outcome": "success", "path": "/api/v1/runs", "request_id": "7a1324ba-42bf-4b52-8cd0-17f24afb7104", "status_code": 202, "tenant_id": "ab5af908-be70-4f29-8729-5ed3535f4689", "timestamp": "2026-08-07T12:12:03.186742Z", "trace_id": "a68393e63825709e1ec2c2557d55748d"}
api-1       | INFO:     172.18.0.1:49142 - "GET /api/v1/runs/83930a61-8f55-4820-b0b7-d3c6da29f553 HTTP/1.1" 200 OK
api-1       | {"api_key_prefix": "evk_5237dfcc3619", "duration_ms": 64.931, "event": "http_request_completed", "level": "info", "method": "GET", "outcome": "success", "path": "/api/v1/runs/83930a61-8f55-4820-b0b7-d3c6da29f553", "request_id": "cd1be925-6900-4478-ab41-f5a34481c87a", "status_code": 200, "tenant_id": "ab5af908-be70-4f29-8729-5ed3535f4689", "timestamp": "2026-08-07T12:12:03.253421Z", "trace_id": "072c68733ec5f5fcf60f0acc50c35973"}
api-1       | {"claimed": 50, "event": "outbox_dispatch_batch_completed", "lease_lost": 0, "level": "info", "published": 50, "retry_scheduled": 0, "role": "outbox_dispatcher", "timestamp": "2026-08-07T12:12:03.976638Z"}
api-1       | INFO:     172.18.0.1:49142 - "GET /api/v1/runs/83930a61-8f55-4820-b0b7-d3c6da29f553 HTTP/1.1" 200 OK
api-1       | {"api_key_prefix": "evk_5237dfcc3619", "duration_ms": 313.762, "event": "http_request_completed", "level": "info", "method": "GET", "outcome": "success", "path": "/api/v1/runs/83930a61-8f55-4820-b0b7-d3c6da29f553", "request_id": "5d8f9209-873c-49d5-9e5c-282d5806d7a3", "status_code": 200, "tenant_id": "ab5af908-be70-4f29-8729-5ed3535f4689", "timestamp": "2026-08-07T12:12:04.075572Z", "trace_id": "fa762be4652b788e9dae0fddf6f733ef"}
api-1       | {"claimed": 50, "event": "outbox_dispatch_batch_completed", "lease_lost": 0, "level": "info", "published": 50, "retry_scheduled": 0, "role": "outbox_dispatcher", "timestamp": "2026-08-07T12:12:04.799653Z"}
api-1       | INFO:     172.18.0.1:49142 - "GET /api/v1/runs/83930a61-8f55-4820-b0b7-d3c6da29f553 HTTP/1.1" 200 OK
api-1       | {"api_key_prefix": "evk_5237dfcc3619", "duration_ms": 319.124, "event": "http_request_completed", "level": "info", "method": "GET", "outcome": "success", "path": "/api/v1/runs/83930a61-8f55-4820-b0b7-d3c6da29f553", "request_id": "b6d4068d-5032-46c6-8b8f-6c640dac4828", "status_code": 200, "tenant_id": "ab5af908-be70-4f29-8729-5ed3535f4689", "timestamp": "2026-08-07T12:12:04.899684Z", "trace_id": "7c8a74e27ac7c18dacadb20d800feab6"}
api-1       | {"claimed": 50, "event": "outbox_dispatch_batch_completed", "lease_lost": 0, "level": "info", "published": 50, "retry_scheduled": 0, "role": "outbox_dispatcher", "timestamp": "2026-08-07T12:12:06.088403Z"}
api-1       | {"event": "Context impl PostgresqlImpl.", "level": "info", "request_id": "5b3efa75-d3f8-4d73-930f-8441ca8e6b1d", "timestamp": "2026-08-07T12:12:06.418135Z", "trace_id": "437e8d60067abd6efa650017182d2cd9"}
api-1       | {"event": "Will assume transactional DDL.", "level": "info", "request_id": "5b3efa75-d3f8-4d73-930f-8441ca8e6b1d", "timestamp": "2026-08-07T12:12:06.418277Z", "trace_id": "437e8d60067abd6efa650017182d2cd9"}
api-1       | INFO:     172.18.0.1:49142 - "GET /api/v1/runs/83930a61-8f55-4820-b0b7-d3c6da29f553 HTTP/1.1" 200 OK
api-1       | {"api_key_prefix": "evk_5237dfcc3619", "duration_ms": 896.431, "event": "http_request_completed", "level": "info", "method": "GET", "outcome": "success", "path": "/api/v1/runs/83930a61-8f55-4820-b0b7-d3c6da29f553", "request_id": "4eca863f-c0e2-4482-8721-4be7ec8606c7", "status_code": 200, "tenant_id": "ab5af908-be70-4f29-8729-5ed3535f4689", "timestamp": "2026-08-07T12:12:06.424266Z", "trace_id": "b956eccd7f4d24a0641a62f25ccacc48"}
api-1       | INFO:     127.0.0.1:39132 - "GET /health/ready HTTP/1.1" 200 OK
api-1       | {"duration_ms": 100.051, "event": "http_request_completed", "level": "info", "method": "GET", "outcome": "success", "path": "/health/ready", "request_id": "5b3efa75-d3f8-4d73-930f-8441ca8e6b1d", "status_code": 200, "timestamp": "2026-08-07T12:12:06.469349Z", "trace_id": "437e8d60067abd6efa650017182d2cd9"}
api-1       | {"claimed": 50, "event": "outbox_dispatch_batch_completed", "lease_lost": 0, "level": "info", "published": 50, "retry_scheduled": 0, "role": "outbox_dispatcher", "timestamp": "2026-08-07T12:12:07.047771Z"}
api-1       | INFO:     172.18.0.1:49142 - "GET /api/v1/runs/83930a61-8f55-4820-b0b7-d3c6da29f553 HTTP/1.1" 200 OK
api-1       | {"api_key_prefix": "evk_5237dfcc3619", "duration_ms": 163.737, "event": "http_request_completed", "level": "info", "method": "GET", "outcome": "success", "path": "/api/v1/runs/83930a61-8f55-4820-b0b7-d3c6da29f553", "request_id": "0ab6ef38-3568-496d-b70c-210f8f931261", "status_code": 200, "tenant_id": "ab5af908-be70-4f29-8729-5ed3535f4689", "timestamp": "2026-08-07T12:12:07.093086Z", "trace_id": "dfe5b00e8c1d5d1bc17f5b8aa0dc1b8a"}
api-1       | {"claimed": 50, "event": "outbox_dispatch_batch_completed", "lease_lost": 0, "level": "info", "published": 50, "retry_scheduled": 0, "role": "outbox_dispatcher", "timestamp": "2026-08-07T12:12:07.870355Z"}
api-1       | INFO:     172.18.0.1:49142 - "GET /api/v1/runs/83930a61-8f55-4820-b0b7-d3c6da29f553 HTTP/1.1" 200 OK
api-1       | {"api_key_prefix": "evk_5237dfcc3619", "duration_ms": 328.378, "event": "http_request_completed", "level": "info", "method": "GET", "outcome": "success", "path": "/api/v1/runs/83930a61-8f55-4820-b0b7-d3c6da29f553", "request_id": "0447b0f7-7c8d-454b-8ebc-d47a6606dfd8", "status_code": 200, "tenant_id": "ab5af908-be70-4f29-8729-5ed3535f4689", "timestamp": "2026-08-07T12:12:07.968493Z", "trace_id": "2c6d7b45c2ce9798b248bbf832f5d4cb"}
api-1       | {"claimed": 50, "event": "outbox_dispatch_batch_completed", "lease_lost": 0, "level": "info", "published": 50, "retry_scheduled": 0, "role": "outbox_dispatcher", "timestamp": "2026-08-07T12:12:08.667059Z"}
api-1       | INFO:     172.18.0.1:49142 - "GET /api/v1/runs/83930a61-8f55-4820-b0b7-d3c6da29f553 HTTP/1.1" 200 OK
api-1       | {"api_key_prefix": "evk_5237dfcc3619", "duration_ms": 271.879, "event": "http_request_completed", "level": "info", "method": "GET", "outcome": "success", "path": "/api/v1/runs/83930a61-8f55-4820-b0b7-d3c6da29f553", "request_id": "47f13759-30b9-4821-82ba-cd571cceb3f9", "status_code": 200, "tenant_id": "ab5af908-be70-4f29-8729-5ed3535f4689", "timestamp": "2026-08-07T12:12:08.756161Z", "trace_id": "3efd56b789dc805d5b751f7fbe63bb01"}
api-1       | {"claimed": 50, "event": "outbox_dispatch_batch_completed", "lease_lost": 0, "level": "info", "published": 50, "retry_scheduled": 0, "role": "outbox_dispatcher", "timestamp": "2026-08-07T12:12:09.378555Z"}
api-1       | INFO:     172.18.0.1:49142 - "GET /api/v1/runs/83930a61-8f55-4820-b0b7-d3c6da29f553 HTTP/1.1" 200 OK
api-1       | {"api_key_prefix": "evk_5237dfcc3619", "duration_ms": 161.288, "event": "http_request_completed", "level": "info", "method": "GET", "outcome": "success", "path": "/api/v1/runs/83930a61-8f55-4820-b0b7-d3c6da29f553", "request_id": "33f6f703-3249-4f09-a9f7-c9706b85a64b", "status_code": 200, "tenant_id": "ab5af908-be70-4f29-8729-5ed3535f4689", "timestamp": "2026-08-07T12:12:09.437955Z", "trace_id": "80968f1a791263b165ccb7d75e6f025a"}
api-1       | INFO:     172.18.0.1:49142 - "GET /api/v1/runs/83930a61-8f55-4820-b0b7-d3c6da29f553/cases?limit=200&sort=case_id HTTP/1.1" 200 OK
api-1       | {"api_key_prefix": "evk_5237dfcc3619", "duration_ms": 76.155, "event": "http_request_completed", "level": "info", "method": "GET", "outcome": "success", "path": "/api/v1/runs/83930a61-8f55-4820-b0b7-d3c6da29f553/cases", "request_id": "c3149c4d-6361-4fda-8ae2-d748a92edd40", "status_code": 200, "tenant_id": "ab5af908-be70-4f29-8729-5ed3535f4689", "timestamp": "2026-08-07T12:12:09.515774Z", "trace_id": "9da17cea905d1759e297a3eb732c0633"}
api-1       | INFO:     172.18.0.1:49142 - "GET /api/v1/runs/83930a61-8f55-4820-b0b7-d3c6da29f553/cases?limit=200&sort=case_id&cursor=eyJkaXJlY3Rpb24iOiJhc2MiLCJlcnJvcl9jb2RlIjpudWxsLCJqb2JfaWQiOiJiMmJlYTNkMi0xNmIwLTRlMGUtYWI4Zi03YzVkZjNmMjVlOTQiLCJtZXRyaWMiOm51bGwsInNvcnQiOiJjYXNlX2lkIiwic3RhdHVzIjpudWxsLCJ2IjoxLCJ2YWx1ZSI6ImxvYWQtMDE5OSJ9 HTTP/1.1" 200 OK
api-1       | {"api_key_prefix": "evk_5237dfcc3619", "duration_ms": 82.98, "event": "http_request_completed", "level": "info", "method": "GET", "outcome": "success", "path": "/api/v1/runs/83930a61-8f55-4820-b0b7-d3c6da29f553/cases", "request_id": "b87bde9e-aee2-42dd-81ee-dd568bc1e86e", "status_code": 200, "tenant_id": "ab5af908-be70-4f29-8729-5ed3535f4689", "timestamp": "2026-08-07T12:12:09.601518Z", "trace_id": "33cb045dcae42895c1b1eb8725c43c31"}
api-1       | INFO:     172.18.0.1:49142 - "GET /api/v1/runs/83930a61-8f55-4820-b0b7-d3c6da29f553/cases?limit=200&sort=case_id&cursor=eyJkaXJlY3Rpb24iOiJhc2MiLCJlcnJvcl9jb2RlIjpudWxsLCJqb2JfaWQiOiIyOGZkMzc5ZC01MjM1LTRkOWUtOTMxNi0xNzY4ODBmMzhjNzMiLCJtZXRyaWMiOm51bGwsInNvcnQiOiJjYXNlX2lkIiwic3RhdHVzIjpudWxsLCJ2IjoxLCJ2YWx1ZSI6ImxvYWQtMDM5OSJ9 HTTP/1.1" 200 OK
api-1       | {"api_key_prefix": "evk_5237dfcc3619", "duration_ms": 66.364, "event": "http_request_completed", "level": "info", "method": "GET", "outcome": "success", "path": "/api/v1/runs/83930a61-8f55-4820-b0b7-d3c6da29f553/cases", "request_id": "b159a81c-d9df-4eb6-9aff-2e2ba1647717", "status_code": 200, "tenant_id": "ab5af908-be70-4f29-8729-5ed3535f4689", "timestamp": "2026-08-07T12:12:09.670862Z", "trace_id": "f27a83260e49fd8de4a2a5d54e50bca4"}
api-1       | {"claimed": 50, "event": "outbox_dispatch_batch_completed", "lease_lost": 0, "level": "info", "published": 50, "retry_scheduled": 0, "role": "outbox_dispatcher", "timestamp": "2026-08-07T12:12:10.202466Z"}
api-1       | INFO:     127.0.0.1:39158 - "GET /metrics HTTP/1.1" 200 OK
api-1       | {"duration_ms": 17.099, "event": "http_request_completed", "level": "info", "method": "GET", "outcome": "success", "path": "/metrics", "request_id": "3880b576-4a1c-4ebd-9f24-ecf5a6875a30", "status_code": 200, "timestamp": "2026-08-07T12:12:10.254139Z", "trace_id": "17b36adc86082dcd977c39424716ec3c"}
api-1       | {"claimed": 50, "event": "outbox_dispatch_batch_completed", "lease_lost": 0, "level": "info", "published": 50, "retry_scheduled": 0, "role": "outbox_dispatcher", "timestamp": "2026-08-07T12:12:10.894958Z"}
api-1       | {"claimed": 50, "event": "outbox_dispatch_batch_completed", "lease_lost": 0, "level": "info", "published": 50, "retry_scheduled": 0, "role": "outbox_dispatcher", "timestamp": "2026-08-07T12:12:11.620617Z"}
api-1       | {"event": "Context impl PostgresqlImpl.", "level": "info", "request_id": "79cd40af-11f5-44d6-8ff2-ae40a5d81fbf", "timestamp": "2026-08-07T12:12:11.876157Z", "trace_id": "9cd6835e1a947d87dad49cbfdc76b18e"}
api-1       | {"event": "Will assume transactional DDL.", "level": "info", "request_id": "79cd40af-11f5-44d6-8ff2-ae40a5d81fbf", "timestamp": "2026-08-07T12:12:11.876272Z", "trace_id": "9cd6835e1a947d87dad49cbfdc76b18e"}
api-1       | INFO:     127.0.0.1:39168 - "GET /health/ready HTTP/1.1" 200 OK
api-1       | {"duration_ms": 25.212, "event": "http_request_completed", "level": "info", "method": "GET", "outcome": "success", "path": "/health/ready", "request_id": "79cd40af-11f5-44d6-8ff2-ae40a5d81fbf", "status_code": 200, "timestamp": "2026-08-07T12:12:11.885145Z", "trace_id": "9cd6835e1a947d87dad49cbfdc76b18e"}
api-1       | {"claimed": 50, "event": "outbox_dispatch_batch_completed", "lease_lost": 0, "level": "info", "published": 50, "retry_scheduled": 0, "role": "outbox_dispatcher", "timestamp": "2026-08-07T12:12:12.305912Z"}
api-1       | {"claimed": 50, "event": "outbox_dispatch_batch_completed", "lease_lost": 0, "level": "info", "published": 50, "retry_scheduled": 0, "role": "outbox_dispatcher", "timestamp": "2026-08-07T12:12:13.002557Z"}
api-1       | {"claimed": 50, "event": "outbox_dispatch_batch_completed", "lease_lost": 0, "level": "info", "published": 50, "retry_scheduled": 0, "role": "outbox_dispatcher", "timestamp": "2026-08-07T12:12:13.848571Z"}
api-1       | {"claimed": 50, "event": "outbox_dispatch_batch_completed", "lease_lost": 0, "level": "info", "published": 50, "retry_scheduled": 0, "role": "outbox_dispatcher", "timestamp": "2026-08-07T12:12:14.560200Z"}
api-1       | {"claimed": 50, "event": "outbox_dispatch_batch_completed", "lease_lost": 0, "level": "info", "published": 50, "retry_scheduled": 0, "role": "outbox_dispatcher", "timestamp": "2026-08-07T12:12:15.277652Z"}
api-1       | {"claimed": 50, "event": "outbox_dispatch_batch_completed", "lease_lost": 0, "level": "info", "published": 50, "retry_scheduled": 0, "role": "outbox_dispatcher", "timestamp": "2026-08-07T12:12:16.049010Z"}
api-1       | {"claimed": 50, "event": "outbox_dispatch_batch_completed", "lease_lost": 0, "level": "info", "published": 50, "retry_scheduled": 0, "role": "outbox_dispatcher", "timestamp": "2026-08-07T12:12:16.752346Z"}
api-1       | INFO:     172.18.0.1:39352 - "POST /api/v1/runs HTTP/1.1" 202 Accepted
api-1       | {"api_key_prefix": "evk_5237dfcc3619", "duration_ms": 86.945, "event": "http_request_completed", "level": "info", "method": "POST", "outcome": "success", "path": "/api/v1/runs", "request_id": "3d71f3b1-64f4-440d-8d80-bf3b34fe19a1", "status_code": 202, "tenant_id": "ab5af908-be70-4f29-8729-5ed3535f4689", "timestamp": "2026-08-07T12:12:16.854866Z", "trace_id": "2225e9832e5990361ffc5084fa5b8d17"}
api-1       | INFO:     172.18.0.1:39352 - "GET /api/v1/runs/0cbfbfb7-5adb-4ba4-be9d-62ea03d7e627 HTTP/1.1" 200 OK
api-1       | {"api_key_prefix": "evk_5237dfcc3619", "duration_ms": 55.933, "event": "http_request_completed", "level": "info", "method": "GET", "outcome": "success", "path": "/api/v1/runs/0cbfbfb7-5adb-4ba4-be9d-62ea03d7e627", "request_id": "57f1acf5-b0a2-4957-87e0-1c26da3c0e6a", "status_code": 200, "tenant_id": "ab5af908-be70-4f29-8729-5ed3535f4689", "timestamp": "2026-08-07T12:12:16.912436Z", "trace_id": "58ec81e2d340f3784651a2a2d4538c47"}
api-1       | {"event": "Context impl PostgresqlImpl.", "level": "info", "request_id": "ba192af4-a3c8-4155-b7b1-1f4fa32e133a", "timestamp": "2026-08-07T12:12:17.186124Z", "trace_id": "63572613f2b18b214725036024e3a29c"}
api-1       | {"event": "Will assume transactional DDL.", "level": "info", "request_id": "ba192af4-a3c8-4155-b7b1-1f4fa32e133a", "timestamp": "2026-08-07T12:12:17.186265Z", "trace_id": "63572613f2b18b214725036024e3a29c"}
api-1       | INFO:     127.0.0.1:55856 - "GET /health/ready HTTP/1.1" 200 OK
api-1       | {"duration_ms": 24.717, "event": "http_request_completed", "level": "info", "method": "GET", "outcome": "success", "path": "/health/ready", "request_id": "ba192af4-a3c8-4155-b7b1-1f4fa32e133a", "status_code": 200, "timestamp": "2026-08-07T12:12:17.193816Z", "trace_id": "63572613f2b18b214725036024e3a29c"}
api-1       | {"claimed": 50, "event": "outbox_dispatch_batch_completed", "lease_lost": 0, "level": "info", "published": 50, "retry_scheduled": 0, "role": "outbox_dispatcher", "timestamp": "2026-08-07T12:12:17.465579Z"}
api-1       | INFO:     172.18.0.1:39352 - "GET /api/v1/runs/0cbfbfb7-5adb-4ba4-be9d-62ea03d7e627 HTTP/1.1" 200 OK
api-1       | {"api_key_prefix": "evk_5237dfcc3619", "duration_ms": 109.639, "event": "http_request_completed", "level": "info", "method": "GET", "outcome": "success", "path": "/api/v1/runs/0cbfbfb7-5adb-4ba4-be9d-62ea03d7e627", "request_id": "ed677bd5-7b51-4f8c-a14d-a722b8c1d0e0", "status_code": 200, "tenant_id": "ab5af908-be70-4f29-8729-5ed3535f4689", "timestamp": "2026-08-07T12:12:17.524609Z", "trace_id": "72f8108149c7e97813971e1acb4612c0"}
api-1       | {"claimed": 50, "event": "outbox_dispatch_batch_completed", "lease_lost": 0, "level": "info", "published": 50, "retry_scheduled": 0, "role": "outbox_dispatcher", "timestamp": "2026-08-07T12:12:18.159596Z"}
api-1       | INFO:     172.18.0.1:39352 - "GET /api/v1/runs/0cbfbfb7-5adb-4ba4-be9d-62ea03d7e627 HTTP/1.1" 200 OK
api-1       | {"api_key_prefix": "evk_5237dfcc3619", "duration_ms": 174.873, "event": "http_request_completed", "level": "info", "method": "GET", "outcome": "success", "path": "/api/v1/runs/0cbfbfb7-5adb-4ba4-be9d-62ea03d7e627", "request_id": "f3b16bb1-50d8-4b41-9a13-6eee09645022", "status_code": 200, "tenant_id": "ab5af908-be70-4f29-8729-5ed3535f4689", "timestamp": "2026-08-07T12:12:18.225289Z", "trace_id": "187beff58fae58f1f820289e3ee4d592"}
api-1       | {"claimed": 50, "event": "outbox_dispatch_batch_completed", "lease_lost": 0, "level": "info", "published": 50, "retry_scheduled": 0, "role": "outbox_dispatcher", "timestamp": "2026-08-07T12:12:18.862117Z"}
api-1       | INFO:     172.18.0.1:39352 - "GET /api/v1/runs/0cbfbfb7-5adb-4ba4-be9d-62ea03d7e627 HTTP/1.1" 200 OK
api-1       | {"api_key_prefix": "evk_5237dfcc3619", "duration_ms": 182.283, "event": "http_request_completed", "level": "info", "method": "GET", "outcome": "success", "path": "/api/v1/runs/0cbfbfb7-5adb-4ba4-be9d-62ea03d7e627", "request_id": "84b254a6-85c6-415c-b8c3-d089614d658b", "status_code": 200, "tenant_id": "ab5af908-be70-4f29-8729-5ed3535f4689", "timestamp": "2026-08-07T12:12:18.922710Z", "trace_id": "2698717960049c9a3b689f3f4a7d0bed"}
api-1       | {"claimed": 50, "event": "outbox_dispatch_batch_completed", "lease_lost": 0, "level": "info", "published": 50, "retry_scheduled": 0, "role": "outbox_dispatcher", "timestamp": "2026-08-07T12:12:19.589168Z"}
api-1       | INFO:     172.18.0.1:39352 - "GET /api/v1/runs/0cbfbfb7-5adb-4ba4-be9d-62ea03d7e627 HTTP/1.1" 200 OK
api-1       | {"api_key_prefix": "evk_5237dfcc3619", "duration_ms": 168.845, "event": "http_request_completed", "level": "info", "method": "GET", "outcome": "success", "path": "/api/v1/runs/0cbfbfb7-5adb-4ba4-be9d-62ea03d7e627", "request_id": "68082825-b278-4d01-a642-5c73eec15034", "status_code": 200, "tenant_id": "ab5af908-be70-4f29-8729-5ed3535f4689", "timestamp": "2026-08-07T12:12:19.648762Z", "trace_id": "4071a4715de7ef32fe9fa1fdd21afc02"}
api-1       | INFO:     172.18.0.1:39352 - "GET /api/v1/runs/0cbfbfb7-5adb-4ba4-be9d-62ea03d7e627/cases?limit=200&sort=case_id HTTP/1.1" 200 OK
api-1       | {"api_key_prefix": "evk_5237dfcc3619", "duration_ms": 67.892, "event": "http_request_completed", "level": "info", "method": "GET", "outcome": "success", "path": "/api/v1/runs/0cbfbfb7-5adb-4ba4-be9d-62ea03d7e627/cases", "request_id": "a0db9557-b9a3-48af-b0a3-c38e844c1700", "status_code": 200, "tenant_id": "ab5af908-be70-4f29-8729-5ed3535f4689", "timestamp": "2026-08-07T12:12:19.718370Z", "trace_id": "87396f99553d7802e1d825ad01f08303"}
api-1       | {"claimed": 50, "event": "outbox_dispatch_batch_completed", "lease_lost": 0, "level": "info", "published": 50, "retry_scheduled": 0, "role": "outbox_dispatcher", "timestamp": "2026-08-07T12:12:20.285574Z"}
api-1       | INFO:     127.0.0.1:55874 - "GET /metrics HTTP/1.1" 200 OK
api-1       | {"duration_ms": 184.972, "event": "http_request_completed", "level": "info", "method": "GET", "outcome": "success", "path": "/metrics", "request_id": "a7688df2-8571-4281-810d-cd414d4a7f3f", "status_code": 200, "timestamp": "2026-08-07T12:12:20.295544Z", "trace_id": "4993b9c5f32d7deccd1c3cea474f2514"}
api-1       | {"claimed": 8, "event": "outbox_dispatch_batch_completed", "lease_lost": 0, "level": "info", "published": 8, "retry_scheduled": 0, "role": "outbox_dispatcher", "timestamp": "2026-08-07T12:12:20.833136Z"}
api-1       | INFO:     172.18.0.1:39352 - "POST /api/v1/runs HTTP/1.1" 202 Accepted
api-1       | {"api_key_prefix": "evk_5237dfcc3619", "duration_ms": 204.82, "event": "http_request_completed", "level": "info", "method": "POST", "outcome": "success", "path": "/api/v1/runs", "request_id": "17373ad1-0467-4413-b661-5a39b667f884", "status_code": 202, "tenant_id": "ab5af908-be70-4f29-8729-5ed3535f4689", "timestamp": "2026-08-07T12:12:21.113822Z", "trace_id": "8ce6228e2ee35d61113ebb89b1311c1e"}
api-1       | INFO:     172.18.0.1:39352 - "GET /api/v1/runs/f676f694-c3d5-41b6-b35f-5a76663689ea HTTP/1.1" 200 OK
api-1       | {"api_key_prefix": "evk_5237dfcc3619", "duration_ms": 53.27, "event": "http_request_completed", "level": "info", "method": "GET", "outcome": "success", "path": "/api/v1/runs/f676f694-c3d5-41b6-b35f-5a76663689ea", "request_id": "ba86c9f7-55e4-48cc-8744-196f6331ffb2", "status_code": 200, "tenant_id": "ab5af908-be70-4f29-8729-5ed3535f4689", "timestamp": "2026-08-07T12:12:21.168738Z", "trace_id": "ec0eab6325d288e74408d0dca62279f6"}
api-1       | INFO:     172.18.0.1:39352 - "GET /api/v1/runs/f676f694-c3d5-41b6-b35f-5a76663689ea HTTP/1.1" 200 OK
api-1       | {"api_key_prefix": "evk_5237dfcc3619", "duration_ms": 60.412, "event": "http_request_completed", "level": "info", "method": "GET", "outcome": "success", "path": "/api/v1/runs/f676f694-c3d5-41b6-b35f-5a76663689ea", "request_id": "a4c0f13b-4ca5-4cf3-93af-2c68b34a791f", "status_code": 200, "tenant_id": "ab5af908-be70-4f29-8729-5ed3535f4689", "timestamp": "2026-08-07T12:12:21.731749Z", "trace_id": "54665913df967af35d2336f6df46d1ee"}
api-1       | {"claimed": 16, "event": "outbox_dispatch_batch_completed", "lease_lost": 0, "level": "info", "published": 16, "retry_scheduled": 0, "role": "outbox_dispatcher", "timestamp": "2026-08-07T12:12:21.964914Z"}
api-1       | INFO:     172.18.0.1:39352 - "GET /api/v1/runs/f676f694-c3d5-41b6-b35f-5a76663689ea HTTP/1.1" 200 OK
api-1       | {"api_key_prefix": "evk_5237dfcc3619", "duration_ms": 98.872, "event": "http_request_completed", "level": "info", "method": "GET", "outcome": "success", "path": "/api/v1/runs/f676f694-c3d5-41b6-b35f-5a76663689ea", "request_id": "58d2d01f-dc5c-46fa-b671-980414c79a1a", "status_code": 200, "tenant_id": "ab5af908-be70-4f29-8729-5ed3535f4689", "timestamp": "2026-08-07T12:12:22.333947Z", "trace_id": "2be0ab0662e74c1984bb5cf1ba185dd2"}
api-1       | {"claimed": 28, "event": "outbox_dispatch_batch_completed", "lease_lost": 0, "level": "info", "published": 28, "retry_scheduled": 0, "role": "outbox_dispatcher", "timestamp": "2026-08-07T12:12:22.751316Z"}
api-1       | {"event": "Context impl PostgresqlImpl.", "level": "info", "request_id": "36d2cb38-a7c1-4ecd-9294-4d344fa615a6", "timestamp": "2026-08-07T12:12:22.756296Z", "trace_id": "0c27fb356a4612be6d518943d9699b83"}
api-1       | {"event": "Will assume transactional DDL.", "level": "info", "request_id": "36d2cb38-a7c1-4ecd-9294-4d344fa615a6", "timestamp": "2026-08-07T12:12:22.756385Z", "trace_id": "0c27fb356a4612be6d518943d9699b83"}
api-1       | INFO:     127.0.0.1:55886 - "GET /health/ready HTTP/1.1" 200 OK
api-1       | {"duration_ms": 41.437, "event": "http_request_completed", "level": "info", "method": "GET", "outcome": "success", "path": "/health/ready", "request_id": "36d2cb38-a7c1-4ecd-9294-4d344fa615a6", "status_code": 200, "timestamp": "2026-08-07T12:12:22.764625Z", "trace_id": "0c27fb356a4612be6d518943d9699b83"}
api-1       | INFO:     172.18.0.1:39352 - "GET /api/v1/runs/f676f694-c3d5-41b6-b35f-5a76663689ea HTTP/1.1" 200 OK
api-1       | {"api_key_prefix": "evk_5237dfcc3619", "duration_ms": 62.08, "event": "http_request_completed", "level": "info", "method": "GET", "outcome": "success", "path": "/api/v1/runs/f676f694-c3d5-41b6-b35f-5a76663689ea", "request_id": "eab204fc-1a9c-4165-a6e4-cd55f81619de", "status_code": 200, "tenant_id": "ab5af908-be70-4f29-8729-5ed3535f4689", "timestamp": "2026-08-07T12:12:22.898921Z", "trace_id": "8306561572f82eda718dab10158ca058"}
api-1       | {"claimed": 36, "event": "outbox_dispatch_batch_completed", "lease_lost": 0, "level": "info", "published": 36, "retry_scheduled": 0, "role": "outbox_dispatcher", "timestamp": "2026-08-07T12:12:23.396142Z"}
api-1       | INFO:     172.18.0.1:39352 - "GET /api/v1/runs/f676f694-c3d5-41b6-b35f-5a76663689ea HTTP/1.1" 200 OK
api-1       | {"api_key_prefix": "evk_5237dfcc3619", "duration_ms": 106.238, "event": "http_request_completed", "level": "info", "method": "GET", "outcome": "success", "path": "/api/v1/runs/f676f694-c3d5-41b6-b35f-5a76663689ea", "request_id": "093fde48-f0c5-469c-9869-3f53d936618f", "status_code": 200, "tenant_id": "ab5af908-be70-4f29-8729-5ed3535f4689", "timestamp": "2026-08-07T12:12:23.507759Z", "trace_id": "803cf276ce4a59b6417039b620cec27a"}
api-1       | {"claimed": 28, "event": "outbox_dispatch_batch_completed", "lease_lost": 0, "level": "info", "published": 28, "retry_scheduled": 0, "role": "outbox_dispatcher", "timestamp": "2026-08-07T12:12:24.061501Z"}
api-1       | INFO:     172.18.0.1:39352 - "GET /api/v1/runs/f676f694-c3d5-41b6-b35f-5a76663689ea HTTP/1.1" 200 OK
api-1       | {"api_key_prefix": "evk_5237dfcc3619", "duration_ms": 108.57, "event": "http_request_completed", "level": "info", "method": "GET", "outcome": "success", "path": "/api/v1/runs/f676f694-c3d5-41b6-b35f-5a76663689ea", "request_id": "3bc16088-f47c-4361-96d4-2f73b1a5fd15", "status_code": 200, "tenant_id": "ab5af908-be70-4f29-8729-5ed3535f4689", "timestamp": "2026-08-07T12:12:24.122093Z", "trace_id": "f54167c41cd3c7c27d679071c64bfa25"}
api-1       | {"claimed": 30, "event": "outbox_dispatch_batch_completed", "lease_lost": 0, "level": "info", "published": 30, "retry_scheduled": 0, "role": "outbox_dispatcher", "timestamp": "2026-08-07T12:12:24.781747Z"}
api-1       | INFO:     172.18.0.1:39352 - "GET /api/v1/runs/f676f694-c3d5-41b6-b35f-5a76663689ea HTTP/1.1" 200 OK
api-1       | {"api_key_prefix": "evk_5237dfcc3619", "duration_ms": 185.929, "event": "http_request_completed", "level": "info", "method": "GET", "outcome": "success", "path": "/api/v1/runs/f676f694-c3d5-41b6-b35f-5a76663689ea", "request_id": "ee805ebf-b19c-4246-9a5e-0cc1d666e781", "status_code": 200, "tenant_id": "ab5af908-be70-4f29-8729-5ed3535f4689", "timestamp": "2026-08-07T12:12:24.857464Z", "trace_id": "29245b9c31f5e97a935dabdb0d556bca"}
api-1       | {"claimed": 29, "event": "outbox_dispatch_batch_completed", "lease_lost": 0, "level": "info", "published": 29, "retry_scheduled": 0, "role": "outbox_dispatcher", "timestamp": "2026-08-07T12:12:25.470066Z"}
api-1       | INFO:     172.18.0.1:39352 - "GET /api/v1/runs/f676f694-c3d5-41b6-b35f-5a76663689ea HTTP/1.1" 200 OK
api-1       | {"api_key_prefix": "evk_5237dfcc3619", "duration_ms": 152.351, "event": "http_request_completed", "level": "info", "method": "GET", "outcome": "success", "path": "/api/v1/runs/f676f694-c3d5-41b6-b35f-5a76663689ea", "request_id": "8a8e89a6-4202-43f2-aee6-d597f5cac361", "status_code": 200, "tenant_id": "ab5af908-be70-4f29-8729-5ed3535f4689", "timestamp": "2026-08-07T12:12:25.528923Z", "trace_id": "348183f3c8efa49ab43f0f2b7c11ed84"}
api-1       | {"claimed": 29, "event": "outbox_dispatch_batch_completed", "lease_lost": 0, "level": "info", "published": 29, "retry_scheduled": 0, "role": "outbox_dispatcher", "timestamp": "2026-08-07T12:12:26.149781Z"}
api-1       | INFO:     172.18.0.1:39352 - "GET /api/v1/runs/f676f694-c3d5-41b6-b35f-5a76663689ea HTTP/1.1" 200 OK
api-1       | {"api_key_prefix": "evk_5237dfcc3619", "duration_ms": 156.565, "event": "http_request_completed", "level": "info", "method": "GET", "outcome": "success", "path": "/api/v1/runs/f676f694-c3d5-41b6-b35f-5a76663689ea", "request_id": "ce26370d-6737-4107-988c-859cddd3cddb", "status_code": 200, "tenant_id": "ab5af908-be70-4f29-8729-5ed3535f4689", "timestamp": "2026-08-07T12:12:26.211532Z", "trace_id": "5b16baa68e064f88eba8ce6460334d2d"}
api-1       | {"claimed": 30, "event": "outbox_dispatch_batch_completed", "lease_lost": 0, "level": "info", "published": 30, "retry_scheduled": 0, "role": "outbox_dispatcher", "timestamp": "2026-08-07T12:12:26.776976Z"}
api-1       | INFO:     172.18.0.1:39352 - "GET /api/v1/runs/f676f694-c3d5-41b6-b35f-5a76663689ea HTTP/1.1" 200 OK
api-1       | {"api_key_prefix": "evk_5237dfcc3619", "duration_ms": 96.322, "event": "http_request_completed", "level": "info", "method": "GET", "outcome": "success", "path": "/api/v1/runs/f676f694-c3d5-41b6-b35f-5a76663689ea", "request_id": "c501abff-c2b7-4847-a79d-a1a4b4fe4001", "status_code": 200, "tenant_id": "ab5af908-be70-4f29-8729-5ed3535f4689", "timestamp": "2026-08-07T12:12:26.831255Z", "trace_id": "e4d0241f82e6ad60a2b3c45d9655b610"}
api-1       | {"claimed": 30, "event": "outbox_dispatch_batch_completed", "lease_lost": 0, "level": "info", "published": 30, "retry_scheduled": 0, "role": "outbox_dispatcher", "timestamp": "2026-08-07T12:12:27.453230Z"}
api-1       | INFO:     172.18.0.1:39352 - "GET /api/v1/runs/f676f694-c3d5-41b6-b35f-5a76663689ea HTTP/1.1" 200 OK
api-1       | {"api_key_prefix": "evk_5237dfcc3619", "duration_ms": 113.387, "event": "http_request_completed", "level": "info", "method": "GET", "outcome": "success", "path": "/api/v1/runs/f676f694-c3d5-41b6-b35f-5a76663689ea", "request_id": "eb042176-56fb-4169-97ef-ce09eec173c5", "status_code": 200, "tenant_id": "ab5af908-be70-4f29-8729-5ed3535f4689", "timestamp": "2026-08-07T12:12:27.462605Z", "trace_id": "9de48395be718572294f00523eb8d4e5"}
api-1       | {"claimed": 28, "event": "outbox_dispatch_batch_completed", "lease_lost": 0, "level": "info", "published": 28, "retry_scheduled": 0, "role": "outbox_dispatcher", "timestamp": "2026-08-07T12:12:28.233510Z"}
api-1       | {"event": "Context impl PostgresqlImpl.", "level": "info", "request_id": "93bdfdfe-2426-4b2b-82d8-1dbd1b57bfde", "timestamp": "2026-08-07T12:12:28.253156Z", "trace_id": "eb7371e4a5340bb27581ed262c15c6e5"}
api-1       | {"event": "Will assume transactional DDL.", "level": "info", "request_id": "93bdfdfe-2426-4b2b-82d8-1dbd1b57bfde", "timestamp": "2026-08-07T12:12:28.253301Z", "trace_id": "eb7371e4a5340bb27581ed262c15c6e5"}
api-1       | INFO:     127.0.0.1:48174 - "GET /health/ready HTTP/1.1" 200 OK
api-1       | {"duration_ms": 58.302, "event": "http_request_completed", "level": "info", "method": "GET", "outcome": "success", "path": "/health/ready", "request_id": "93bdfdfe-2426-4b2b-82d8-1dbd1b57bfde", "status_code": 200, "timestamp": "2026-08-07T12:12:28.273042Z", "trace_id": "eb7371e4a5340bb27581ed262c15c6e5"}
api-1       | INFO:     172.18.0.1:39352 - "GET /api/v1/runs/f676f694-c3d5-41b6-b35f-5a76663689ea HTTP/1.1" 200 OK
api-1       | {"api_key_prefix": "evk_5237dfcc3619", "duration_ms": 371.919, "event": "http_request_completed", "level": "info", "method": "GET", "outcome": "success", "path": "/api/v1/runs/f676f694-c3d5-41b6-b35f-5a76663689ea", "request_id": "d012680c-fea2-4c42-aef0-378de55c97ec", "status_code": 200, "tenant_id": "ab5af908-be70-4f29-8729-5ed3535f4689", "timestamp": "2026-08-07T12:12:28.343082Z", "trace_id": "c34a6a02441f4c3c5bd175376e2b708d"}
api-1       | {"claimed": 32, "event": "outbox_dispatch_batch_completed", "lease_lost": 0, "level": "info", "published": 32, "retry_scheduled": 0, "role": "outbox_dispatcher", "timestamp": "2026-08-07T12:12:28.870239Z"}
api-1       | INFO:     172.18.0.1:39352 - "GET /api/v1/runs/f676f694-c3d5-41b6-b35f-5a76663689ea HTTP/1.1" 200 OK
api-1       | {"api_key_prefix": "evk_5237dfcc3619", "duration_ms": 84.408, "event": "http_request_completed", "level": "info", "method": "GET", "outcome": "success", "path": "/api/v1/runs/f676f694-c3d5-41b6-b35f-5a76663689ea", "request_id": "22b38e11-2f77-4d18-ab1b-172e191b0e65", "status_code": 200, "tenant_id": "ab5af908-be70-4f29-8729-5ed3535f4689", "timestamp": "2026-08-07T12:12:28.930045Z", "trace_id": "63c7b8128b78d66d2d9e17bdf19d6cb5"}
api-1       | {"claimed": 30, "event": "outbox_dispatch_batch_completed", "lease_lost": 0, "level": "info", "published": 30, "retry_scheduled": 0, "role": "outbox_dispatcher", "timestamp": "2026-08-07T12:12:29.557485Z"}
api-1       | INFO:     172.18.0.1:39352 - "GET /api/v1/runs/f676f694-c3d5-41b6-b35f-5a76663689ea HTTP/1.1" 200 OK
api-1       | {"api_key_prefix": "evk_5237dfcc3619", "duration_ms": 172.2, "event": "http_request_completed", "level": "info", "method": "GET", "outcome": "success", "path": "/api/v1/runs/f676f694-c3d5-41b6-b35f-5a76663689ea", "request_id": "68e6d5ae-69a8-4b90-9ccc-be943a796ed7", "status_code": 200, "tenant_id": "ab5af908-be70-4f29-8729-5ed3535f4689", "timestamp": "2026-08-07T12:12:29.613700Z", "trace_id": "b2ca4318c24a911a08eb30324e05cb2e"}
api-1       | {"claimed": 30, "event": "outbox_dispatch_batch_completed", "lease_lost": 0, "level": "info", "published": 30, "retry_scheduled": 0, "role": "outbox_dispatcher", "timestamp": "2026-08-07T12:12:30.186060Z"}
api-1       | INFO:     172.18.0.1:39352 - "GET /api/v1/runs/f676f694-c3d5-41b6-b35f-5a76663689ea HTTP/1.1" 200 OK
api-1       | {"api_key_prefix": "evk_5237dfcc3619", "duration_ms": 124.978, "event": "http_request_completed", "level": "info", "method": "GET", "outcome": "success", "path": "/api/v1/runs/f676f694-c3d5-41b6-b35f-5a76663689ea", "request_id": "52cae001-45eb-4ec9-9303-b1ba0958ded6", "status_code": 200, "tenant_id": "ab5af908-be70-4f29-8729-5ed3535f4689", "timestamp": "2026-08-07T12:12:30.259071Z", "trace_id": "09a93014c68fba9be29a36cb085df491"}
api-1       | {"claimed": 26, "event": "outbox_dispatch_batch_completed", "lease_lost": 0, "level": "info", "published": 26, "retry_scheduled": 0, "role": "outbox_dispatcher", "timestamp": "2026-08-07T12:12:30.865957Z"}
api-1       | INFO:     172.18.0.1:39352 - "GET /api/v1/runs/f676f694-c3d5-41b6-b35f-5a76663689ea HTTP/1.1" 200 OK
api-1       | {"api_key_prefix": "evk_5237dfcc3619", "duration_ms": 96.781, "event": "http_request_completed", "level": "info", "method": "GET", "outcome": "success", "path": "/api/v1/runs/f676f694-c3d5-41b6-b35f-5a76663689ea", "request_id": "ad7163c7-0634-483e-9897-c05f833684b3", "status_code": 200, "tenant_id": "ab5af908-be70-4f29-8729-5ed3535f4689", "timestamp": "2026-08-07T12:12:30.869199Z", "trace_id": "d2d59606ca56aeb1c1174231d45b1d08"}
api-1       | {"claimed": 32, "event": "outbox_dispatch_batch_completed", "lease_lost": 0, "level": "info", "published": 32, "retry_scheduled": 0, "role": "outbox_dispatcher", "timestamp": "2026-08-07T12:12:31.558117Z"}
api-1       | INFO:     172.18.0.1:39352 - "GET /api/v1/runs/f676f694-c3d5-41b6-b35f-5a76663689ea HTTP/1.1" 200 OK
api-1       | {"api_key_prefix": "evk_5237dfcc3619", "duration_ms": 186.411, "event": "http_request_completed", "level": "info", "method": "GET", "outcome": "success", "path": "/api/v1/runs/f676f694-c3d5-41b6-b35f-5a76663689ea", "request_id": "266b6c32-2c18-4a6d-89e4-03e17570f21a", "status_code": 200, "tenant_id": "ab5af908-be70-4f29-8729-5ed3535f4689", "timestamp": "2026-08-07T12:12:31.560286Z", "trace_id": "06cf7c68f7b94dec290e6c411ca21b71"}
api-1       | {"claimed": 32, "event": "outbox_dispatch_batch_completed", "lease_lost": 0, "level": "info", "published": 32, "retry_scheduled": 0, "role": "outbox_dispatcher", "timestamp": "2026-08-07T12:12:32.253545Z"}
api-1       | INFO:     172.18.0.1:39352 - "GET /api/v1/runs/f676f694-c3d5-41b6-b35f-5a76663689ea HTTP/1.1" 200 OK
api-1       | {"api_key_prefix": "evk_5237dfcc3619", "duration_ms": 198.665, "event": "http_request_completed", "level": "info", "method": "GET", "outcome": "success", "path": "/api/v1/runs/f676f694-c3d5-41b6-b35f-5a76663689ea", "request_id": "e5ff4917-eee9-4c1a-9d9f-880fa8eb1bf3", "status_code": 200, "tenant_id": "ab5af908-be70-4f29-8729-5ed3535f4689", "timestamp": "2026-08-07T12:12:32.262455Z", "trace_id": "2fb23aa9044744cb778f3349d30cab8c"}
api-1       | {"claimed": 32, "event": "outbox_dispatch_batch_completed", "lease_lost": 0, "level": "info", "published": 32, "retry_scheduled": 0, "role": "outbox_dispatcher", "timestamp": "2026-08-07T12:12:32.906727Z"}
api-1       | INFO:     172.18.0.1:39352 - "GET /api/v1/runs/f676f694-c3d5-41b6-b35f-5a76663689ea HTTP/1.1" 200 OK
api-1       | {"api_key_prefix": "evk_5237dfcc3619", "duration_ms": 192.601, "event": "http_request_completed", "level": "info", "method": "GET", "outcome": "success", "path": "/api/v1/runs/f676f694-c3d5-41b6-b35f-5a76663689ea", "request_id": "23aa81b4-345d-48ea-8c45-d10e2ef29f50", "status_code": 200, "tenant_id": "ab5af908-be70-4f29-8729-5ed3535f4689", "timestamp": "2026-08-07T12:12:32.958075Z", "trace_id": "f9e981fcd091ca56bf868cd5863bdd25"}
api-1       | {"claimed": 29, "event": "outbox_dispatch_batch_completed", "lease_lost": 0, "level": "info", "published": 29, "retry_scheduled": 0, "role": "outbox_dispatcher", "timestamp": "2026-08-07T12:12:33.624433Z"}
api-1       | INFO:     172.18.0.1:39352 - "GET /api/v1/runs/f676f694-c3d5-41b6-b35f-5a76663689ea HTTP/1.1" 200 OK
api-1       | {"api_key_prefix": "evk_5237dfcc3619", "duration_ms": 213.553, "event": "http_request_completed", "level": "info", "method": "GET", "outcome": "success", "path": "/api/v1/runs/f676f694-c3d5-41b6-b35f-5a76663689ea", "request_id": "11fcdbc5-5dbf-4d2d-8a35-2ec453399645", "status_code": 200, "tenant_id": "ab5af908-be70-4f29-8729-5ed3535f4689", "timestamp": "2026-08-07T12:12:33.736880Z", "trace_id": "f48b38f5531f17e25c26cd9ce6792213"}
api-1       | {"event": "Context impl PostgresqlImpl.", "level": "info", "request_id": "d965bb5f-0361-4dcb-b5bd-e2fdb6ee460b", "timestamp": "2026-08-07T12:12:33.809756Z", "trace_id": "b8845d32b1238aebcc1ea3e97b9c9a90"}
api-1       | {"event": "Will assume transactional DDL.", "level": "info", "request_id": "d965bb5f-0361-4dcb-b5bd-e2fdb6ee460b", "timestamp": "2026-08-07T12:12:33.809913Z", "trace_id": "b8845d32b1238aebcc1ea3e97b9c9a90"}
api-1       | INFO:     127.0.0.1:48198 - "GET /health/ready HTTP/1.1" 200 OK
api-1       | {"duration_ms": 55.3, "event": "http_request_completed", "level": "info", "method": "GET", "outcome": "success", "path": "/health/ready", "request_id": "d965bb5f-0361-4dcb-b5bd-e2fdb6ee460b", "status_code": 200, "timestamp": "2026-08-07T12:12:33.816459Z", "trace_id": "b8845d32b1238aebcc1ea3e97b9c9a90"}
api-1       | {"claimed": 33, "event": "outbox_dispatch_batch_completed", "lease_lost": 0, "level": "info", "published": 33, "retry_scheduled": 0, "role": "outbox_dispatcher", "timestamp": "2026-08-07T12:12:34.272823Z"}
api-1       | INFO:     172.18.0.1:39352 - "GET /api/v1/runs/f676f694-c3d5-41b6-b35f-5a76663689ea HTTP/1.1" 200 OK
api-1       | {"api_key_prefix": "evk_5237dfcc3619", "duration_ms": 90.723, "event": "http_request_completed", "level": "info", "method": "GET", "outcome": "success", "path": "/api/v1/runs/f676f694-c3d5-41b6-b35f-5a76663689ea", "request_id": "d1b1f5aa-e1fe-4d11-9908-fa850a28fac3", "status_code": 200, "tenant_id": "ab5af908-be70-4f29-8729-5ed3535f4689", "timestamp": "2026-08-07T12:12:34.330348Z", "trace_id": "659fad536048a3ac2031e022c6db84bf"}
api-1       | {"claimed": 30, "event": "outbox_dispatch_batch_completed", "lease_lost": 0, "level": "info", "published": 30, "retry_scheduled": 0, "role": "outbox_dispatcher", "timestamp": "2026-08-07T12:12:34.953467Z"}
api-1       | INFO:     172.18.0.1:39352 - "GET /api/v1/runs/f676f694-c3d5-41b6-b35f-5a76663689ea HTTP/1.1" 200 OK
api-1       | {"api_key_prefix": "evk_5237dfcc3619", "duration_ms": 112.756, "event": "http_request_completed", "level": "info", "method": "GET", "outcome": "success", "path": "/api/v1/runs/f676f694-c3d5-41b6-b35f-5a76663689ea", "request_id": "ede8d04c-b3b8-4afa-8f48-dfd26e3b121d", "status_code": 200, "tenant_id": "ab5af908-be70-4f29-8729-5ed3535f4689", "timestamp": "2026-08-07T12:12:34.962107Z", "trace_id": "15af3a855d3539a39b7211df6482f2f4"}
api-1       | {"claimed": 30, "event": "outbox_dispatch_batch_completed", "lease_lost": 0, "level": "info", "published": 30, "retry_scheduled": 0, "role": "outbox_dispatcher", "timestamp": "2026-08-07T12:12:35.684246Z"}
api-1       | INFO:     172.18.0.1:39352 - "GET /api/v1/runs/f676f694-c3d5-41b6-b35f-5a76663689ea HTTP/1.1" 200 OK
api-1       | {"api_key_prefix": "evk_5237dfcc3619", "duration_ms": 238.795, "event": "http_request_completed", "level": "info", "method": "GET", "outcome": "success", "path": "/api/v1/runs/f676f694-c3d5-41b6-b35f-5a76663689ea", "request_id": "66b33afd-601b-49a9-b761-dd9c3207ab73", "status_code": 200, "tenant_id": "ab5af908-be70-4f29-8729-5ed3535f4689", "timestamp": "2026-08-07T12:12:35.704010Z", "trace_id": "bab508aef2fd17a45f024f615045947c"}
api-1       | {"claimed": 32, "event": "outbox_dispatch_batch_completed", "lease_lost": 0, "level": "info", "published": 32, "retry_scheduled": 0, "role": "outbox_dispatcher", "timestamp": "2026-08-07T12:12:36.455015Z"}
api-1       | INFO:     172.18.0.1:39352 - "GET /api/v1/runs/f676f694-c3d5-41b6-b35f-5a76663689ea HTTP/1.1" 200 OK
api-1       | {"api_key_prefix": "evk_5237dfcc3619", "duration_ms": 210.573, "event": "http_request_completed", "level": "info", "method": "GET", "outcome": "success", "path": "/api/v1/runs/f676f694-c3d5-41b6-b35f-5a76663689ea", "request_id": "fb6bf51b-c4e2-454f-9970-a99b0106ac34", "status_code": 200, "tenant_id": "ab5af908-be70-4f29-8729-5ed3535f4689", "timestamp": "2026-08-07T12:12:36.464323Z", "trace_id": "114405c0d185456dae8108a0933aa543"}
api-1       | {"claimed": 36, "event": "outbox_dispatch_batch_completed", "lease_lost": 0, "level": "info", "published": 36, "retry_scheduled": 0, "role": "outbox_dispatcher", "timestamp": "2026-08-07T12:12:37.154162Z"}
api-1       | INFO:     172.18.0.1:39352 - "GET /api/v1/runs/f676f694-c3d5-41b6-b35f-5a76663689ea HTTP/1.1" 200 OK
api-1       | {"api_key_prefix": "evk_5237dfcc3619", "duration_ms": 196.924, "event": "http_request_completed", "level": "info", "method": "GET", "outcome": "success", "path": "/api/v1/runs/f676f694-c3d5-41b6-b35f-5a76663689ea", "request_id": "85ce3bee-c6db-4ad3-9327-bcf97175878d", "status_code": 200, "tenant_id": "ab5af908-be70-4f29-8729-5ed3535f4689", "timestamp": "2026-08-07T12:12:37.164278Z", "trace_id": "cce2cc2e39ed2b262a6d248bbf80d021"}
api-1       | {"claimed": 34, "event": "outbox_dispatch_batch_completed", "lease_lost": 0, "level": "info", "published": 34, "retry_scheduled": 0, "role": "outbox_dispatcher", "timestamp": "2026-08-07T12:12:37.857384Z"}
api-1       | INFO:     172.18.0.1:39352 - "GET /api/v1/runs/f676f694-c3d5-41b6-b35f-5a76663689ea HTTP/1.1" 200 OK
api-1       | {"api_key_prefix": "evk_5237dfcc3619", "duration_ms": 198.779, "event": "http_request_completed", "level": "info", "method": "GET", "outcome": "success", "path": "/api/v1/runs/f676f694-c3d5-41b6-b35f-5a76663689ea", "request_id": "2c6683d6-8dc9-42ca-a752-2d81a99373e2", "status_code": 200, "tenant_id": "ab5af908-be70-4f29-8729-5ed3535f4689", "timestamp": "2026-08-07T12:12:37.866324Z", "trace_id": "fb6e9652dfb5b69bbe862c41f36b79cf"}
api-1       | {"claimed": 32, "event": "outbox_dispatch_batch_completed", "lease_lost": 0, "level": "info", "published": 32, "retry_scheduled": 0, "role": "outbox_dispatcher", "timestamp": "2026-08-07T12:12:38.558391Z"}
api-1       | INFO:     172.18.0.1:39352 - "GET /api/v1/runs/f676f694-c3d5-41b6-b35f-5a76663689ea HTTP/1.1" 200 OK
api-1       | {"api_key_prefix": "evk_5237dfcc3619", "duration_ms": 206.11, "event": "http_request_completed", "level": "info", "method": "GET", "outcome": "success", "path": "/api/v1/runs/f676f694-c3d5-41b6-b35f-5a76663689ea", "request_id": "322c1481-9e62-419d-85a6-3e4e6949f01e", "status_code": 200, "tenant_id": "ab5af908-be70-4f29-8729-5ed3535f4689", "timestamp": "2026-08-07T12:12:38.575573Z", "trace_id": "f07e270ec5209445037bac90f732b242"}
api-1       | {"claimed": 31, "event": "outbox_dispatch_batch_completed", "lease_lost": 0, "level": "info", "published": 31, "retry_scheduled": 0, "role": "outbox_dispatcher", "timestamp": "2026-08-07T12:12:39.272628Z"}
api-1       | {"event": "Context impl PostgresqlImpl.", "level": "info", "request_id": "084ce1e9-9c3b-4aaa-9b02-d946ffdb2fcc", "timestamp": "2026-08-07T12:12:39.274502Z", "trace_id": "2a12eef3afd9a7125ea0c4743741291f"}
api-1       | {"event": "Will assume transactional DDL.", "level": "info", "request_id": "084ce1e9-9c3b-4aaa-9b02-d946ffdb2fcc", "timestamp": "2026-08-07T12:12:39.274619Z", "trace_id": "2a12eef3afd9a7125ea0c4743741291f"}
api-1       | INFO:     127.0.0.1:35764 - "GET /health/ready HTTP/1.1" 200 OK
api-1       | {"duration_ms": 84.825, "event": "http_request_completed", "level": "info", "method": "GET", "outcome": "success", "path": "/health/ready", "request_id": "084ce1e9-9c3b-4aaa-9b02-d946ffdb2fcc", "status_code": 200, "timestamp": "2026-08-07T12:12:39.292236Z", "trace_id": "2a12eef3afd9a7125ea0c4743741291f"}
api-1       | INFO:     172.18.0.1:39352 - "GET /api/v1/runs/f676f694-c3d5-41b6-b35f-5a76663689ea HTTP/1.1" 200 OK
api-1       | {"api_key_prefix": "evk_5237dfcc3619", "duration_ms": 242.028, "event": "http_request_completed", "level": "info", "method": "GET", "outcome": "success", "path": "/api/v1/runs/f676f694-c3d5-41b6-b35f-5a76663689ea", "request_id": "8f791c65-777f-4b12-a0e9-827d17a98b23", "status_code": 200, "tenant_id": "ab5af908-be70-4f29-8729-5ed3535f4689", "timestamp": "2026-08-07T12:12:39.358699Z", "trace_id": "8383b568da8acc3a3372e1403b17601f"}
api-1       | {"claimed": 33, "event": "outbox_dispatch_batch_completed", "lease_lost": 0, "level": "info", "published": 33, "retry_scheduled": 0, "role": "outbox_dispatcher", "timestamp": "2026-08-07T12:12:39.901585Z"}
api-1       | INFO:     172.18.0.1:39352 - "GET /api/v1/runs/f676f694-c3d5-41b6-b35f-5a76663689ea HTTP/1.1" 200 OK
api-1       | {"api_key_prefix": "evk_5237dfcc3619", "duration_ms": 146.763, "event": "http_request_completed", "level": "info", "method": "GET", "outcome": "success", "path": "/api/v1/runs/f676f694-c3d5-41b6-b35f-5a76663689ea", "request_id": "a7f76788-f308-4ba6-9dfd-3e4a72eaac5d", "status_code": 200, "tenant_id": "ab5af908-be70-4f29-8729-5ed3535f4689", "timestamp": "2026-08-07T12:12:40.010852Z", "trace_id": "4a022699fc842301803e302816f0f9d3"}
api-1       | {"claimed": 28, "event": "outbox_dispatch_batch_completed", "lease_lost": 0, "level": "info", "published": 28, "retry_scheduled": 0, "role": "outbox_dispatcher", "timestamp": "2026-08-07T12:12:40.553929Z"}
api-1       | INFO:     172.18.0.1:39352 - "GET /api/v1/runs/f676f694-c3d5-41b6-b35f-5a76663689ea HTTP/1.1" 200 OK
api-1       | {"api_key_prefix": "evk_5237dfcc3619", "duration_ms": 103.037, "event": "http_request_completed", "level": "info", "method": "GET", "outcome": "success", "path": "/api/v1/runs/f676f694-c3d5-41b6-b35f-5a76663689ea", "request_id": "7b954ca5-ac67-4ffc-bb2d-0f9a8433b869", "status_code": 200, "tenant_id": "ab5af908-be70-4f29-8729-5ed3535f4689", "timestamp": "2026-08-07T12:12:40.617546Z", "trace_id": "558af1f99fd919b57e02593603a3b7d5"}
api-1       | {"claimed": 30, "event": "outbox_dispatch_batch_completed", "lease_lost": 0, "level": "info", "published": 30, "retry_scheduled": 0, "role": "outbox_dispatcher", "timestamp": "2026-08-07T12:12:41.186171Z"}
api-1       | INFO:     172.18.0.1:39352 - "GET /api/v1/runs/f676f694-c3d5-41b6-b35f-5a76663689ea HTTP/1.1" 200 OK
api-1       | {"api_key_prefix": "evk_5237dfcc3619", "duration_ms": 117.532, "event": "http_request_completed", "level": "info", "method": "GET", "outcome": "success", "path": "/api/v1/runs/f676f694-c3d5-41b6-b35f-5a76663689ea", "request_id": "8b0511d2-1f91-4114-9353-c6622dd765ce", "status_code": 200, "tenant_id": "ab5af908-be70-4f29-8729-5ed3535f4689", "timestamp": "2026-08-07T12:12:41.257617Z", "trace_id": "846a89053f43db10485384975269ec11"}
api-1       | {"claimed": 28, "event": "outbox_dispatch_batch_completed", "lease_lost": 0, "level": "info", "published": 28, "retry_scheduled": 0, "role": "outbox_dispatcher", "timestamp": "2026-08-07T12:12:41.804991Z"}
api-1       | INFO:     172.18.0.1:39352 - "GET /api/v1/runs/f676f694-c3d5-41b6-b35f-5a76663689ea HTTP/1.1" 200 OK
api-1       | {"api_key_prefix": "evk_5237dfcc3619", "duration_ms": 148.795, "event": "http_request_completed", "level": "info", "method": "GET", "outcome": "success", "path": "/api/v1/runs/f676f694-c3d5-41b6-b35f-5a76663689ea", "request_id": "068018f3-be6e-4656-9c25-14bcdc203f99", "status_code": 200, "tenant_id": "ab5af908-be70-4f29-8729-5ed3535f4689", "timestamp": "2026-08-07T12:12:41.918233Z", "trace_id": "a2114ae76b8d1ec51664c781794dd567"}
api-1       | {"claimed": 30, "event": "outbox_dispatch_batch_completed", "lease_lost": 0, "level": "info", "published": 30, "retry_scheduled": 0, "role": "outbox_dispatcher", "timestamp": "2026-08-07T12:12:42.455642Z"}
api-1       | INFO:     172.18.0.1:39352 - "GET /api/v1/runs/f676f694-c3d5-41b6-b35f-5a76663689ea HTTP/1.1" 200 OK
api-1       | {"api_key_prefix": "evk_5237dfcc3619", "duration_ms": 95.174, "event": "http_request_completed", "level": "info", "method": "GET", "outcome": "success", "path": "/api/v1/runs/f676f694-c3d5-41b6-b35f-5a76663689ea", "request_id": "ab956e77-4c20-40f7-98c5-059875848c3a", "status_code": 200, "tenant_id": "ab5af908-be70-4f29-8729-5ed3535f4689", "timestamp": "2026-08-07T12:12:42.519143Z", "trace_id": "9ae28b6cc58ed33344fb78af5b6e2f41"}
api-1       | {"claimed": 30, "event": "outbox_dispatch_batch_completed", "lease_lost": 0, "level": "info", "published": 30, "retry_scheduled": 0, "role": "outbox_dispatcher", "timestamp": "2026-08-07T12:12:43.151195Z"}
api-1       | INFO:     172.18.0.1:39352 - "GET /api/v1/runs/f676f694-c3d5-41b6-b35f-5a76663689ea HTTP/1.1" 200 OK
api-1       | {"api_key_prefix": "evk_5237dfcc3619", "duration_ms": 130.643, "event": "http_request_completed", "level": "info", "method": "GET", "outcome": "success", "path": "/api/v1/runs/f676f694-c3d5-41b6-b35f-5a76663689ea", "request_id": "f3dd8310-dfc9-4235-8339-13d18298b01a", "status_code": 200, "tenant_id": "ab5af908-be70-4f29-8729-5ed3535f4689", "timestamp": "2026-08-07T12:12:43.164996Z", "trace_id": "1ca4287e1d4adb1153773f040cffac98"}
api-1       | {"claimed": 30, "event": "outbox_dispatch_batch_completed", "lease_lost": 0, "level": "info", "published": 30, "retry_scheduled": 0, "role": "outbox_dispatcher", "timestamp": "2026-08-07T12:12:43.774510Z"}
api-1       | INFO:     172.18.0.1:39352 - "GET /api/v1/runs/f676f694-c3d5-41b6-b35f-5a76663689ea HTTP/1.1" 200 OK
api-1       | {"api_key_prefix": "evk_5237dfcc3619", "duration_ms": 154.581, "event": "http_request_completed", "level": "info", "method": "GET", "outcome": "success", "path": "/api/v1/runs/f676f694-c3d5-41b6-b35f-5a76663689ea", "request_id": "1359b8bc-8380-4a4e-b6c8-4504b703556d", "status_code": 200, "tenant_id": "ab5af908-be70-4f29-8729-5ed3535f4689", "timestamp": "2026-08-07T12:12:43.837215Z", "trace_id": "0dd3796e4d37f48642366341fe950046"}
api-1       | {"claimed": 31, "event": "outbox_dispatch_batch_completed", "lease_lost": 0, "level": "info", "published": 31, "retry_scheduled": 0, "role": "outbox_dispatcher", "timestamp": "2026-08-07T12:12:44.624670Z"}
api-1       | INFO:     172.18.0.1:39352 - "GET /api/v1/runs/f676f694-c3d5-41b6-b35f-5a76663689ea HTTP/1.1" 200 OK
api-1       | {"api_key_prefix": "evk_5237dfcc3619", "duration_ms": 371.899, "event": "http_request_completed", "level": "info", "method": "GET", "outcome": "success", "path": "/api/v1/runs/f676f694-c3d5-41b6-b35f-5a76663689ea", "request_id": "08053bda-9580-4573-9228-25839ba74de6", "status_code": 200, "tenant_id": "ab5af908-be70-4f29-8729-5ed3535f4689", "timestamp": "2026-08-07T12:12:44.800644Z", "trace_id": "c9c342aa32b76c277916914615f8337c"}
api-1       | {"event": "Context impl PostgresqlImpl.", "level": "info", "request_id": "6b646091-64ad-4802-81e9-0fdf2d93dade", "timestamp": "2026-08-07T12:12:44.867501Z", "trace_id": "7c236b04d0aeafdb6252ad0fa74aca44"}
api-1       | {"event": "Will assume transactional DDL.", "level": "info", "request_id": "6b646091-64ad-4802-81e9-0fdf2d93dade", "timestamp": "2026-08-07T12:12:44.867614Z", "trace_id": "7c236b04d0aeafdb6252ad0fa74aca44"}
api-1       | INFO:     127.0.0.1:35774 - "GET /health/ready HTTP/1.1" 200 OK
api-1       | {"duration_ms": 22.893, "event": "http_request_completed", "level": "info", "method": "GET", "outcome": "success", "path": "/health/ready", "request_id": "6b646091-64ad-4802-81e9-0fdf2d93dade", "status_code": 200, "timestamp": "2026-08-07T12:12:44.874521Z", "trace_id": "7c236b04d0aeafdb6252ad0fa74aca44"}
api-1       | {"claimed": 27, "event": "outbox_dispatch_batch_completed", "lease_lost": 0, "level": "info", "published": 27, "retry_scheduled": 0, "role": "outbox_dispatcher", "timestamp": "2026-08-07T12:12:45.260475Z"}
api-1       | INFO:     172.18.0.1:39352 - "GET /api/v1/runs/f676f694-c3d5-41b6-b35f-5a76663689ea HTTP/1.1" 200 OK
api-1       | {"api_key_prefix": "evk_5237dfcc3619", "duration_ms": 56.464, "event": "http_request_completed", "level": "info", "method": "GET", "outcome": "success", "path": "/api/v1/runs/f676f694-c3d5-41b6-b35f-5a76663689ea", "request_id": "031a381b-108d-4f8b-bb01-e661f1a90e4a", "status_code": 200, "tenant_id": "ab5af908-be70-4f29-8729-5ed3535f4689", "timestamp": "2026-08-07T12:12:45.359712Z", "trace_id": "aaab6826eda1470f4d32fac63fc90ff7"}
api-1       | INFO:     172.18.0.1:39352 - "GET /api/v1/runs/f676f694-c3d5-41b6-b35f-5a76663689ea/cases?limit=200&sort=case_id HTTP/1.1" 200 OK
api-1       | {"api_key_prefix": "evk_5237dfcc3619", "duration_ms": 85.312, "event": "http_request_completed", "level": "info", "method": "GET", "outcome": "success", "path": "/api/v1/runs/f676f694-c3d5-41b6-b35f-5a76663689ea/cases", "request_id": "696ede1c-2bc2-464e-b3cf-e97f3e5b698b", "status_code": 200, "tenant_id": "ab5af908-be70-4f29-8729-5ed3535f4689", "timestamp": "2026-08-07T12:12:45.447110Z", "trace_id": "ce421b9f2eb79ca69cdae229c1940e47"}
api-1       | INFO:     172.18.0.1:39352 - "GET /api/v1/runs/f676f694-c3d5-41b6-b35f-5a76663689ea/cases?limit=200&sort=case_id&cursor=eyJkaXJlY3Rpb24iOiJhc2MiLCJlcnJvcl9jb2RlIjpudWxsLCJqb2JfaWQiOiI4NTNiN2I5ZS05MjljLTQ5MGEtYTE2YS1hZTFmOGRhM2RiZmYiLCJtZXRyaWMiOm51bGwsInNvcnQiOiJjYXNlX2lkIiwic3RhdHVzIjpudWxsLCJ2IjoxLCJ2YWx1ZSI6ImxvYWQtMDE5OSJ9 HTTP/1.1" 200 OK
api-1       | {"api_key_prefix": "evk_5237dfcc3619", "duration_ms": 74.409, "event": "http_request_completed", "level": "info", "method": "GET", "outcome": "success", "path": "/api/v1/runs/f676f694-c3d5-41b6-b35f-5a76663689ea/cases", "request_id": "bef78fe5-8528-41bc-b928-dde2a82ad7be", "status_code": 200, "tenant_id": "ab5af908-be70-4f29-8729-5ed3535f4689", "timestamp": "2026-08-07T12:12:45.524114Z", "trace_id": "ecb0e69c579326ab395520f378123eb4"}
api-1       | INFO:     172.18.0.1:39352 - "GET /api/v1/runs/f676f694-c3d5-41b6-b35f-5a76663689ea/cases?limit=200&sort=case_id&cursor=eyJkaXJlY3Rpb24iOiJhc2MiLCJlcnJvcl9jb2RlIjpudWxsLCJqb2JfaWQiOiIyNTk2OWRjZS1hYmE0LTQ5NzgtODFlYS1hMDgzYmRiMDJmNWEiLCJtZXRyaWMiOm51bGwsInNvcnQiOiJjYXNlX2lkIiwic3RhdHVzIjpudWxsLCJ2IjoxLCJ2YWx1ZSI6ImxvYWQtMDM5OSJ9 HTTP/1.1" 200 OK
api-1       | {"api_key_prefix": "evk_5237dfcc3619", "duration_ms": 65.343, "event": "http_request_completed", "level": "info", "method": "GET", "outcome": "success", "path": "/api/v1/runs/f676f694-c3d5-41b6-b35f-5a76663689ea/cases", "request_id": "74c6508a-6ade-4b28-a9f2-768944811489", "status_code": 200, "tenant_id": "ab5af908-be70-4f29-8729-5ed3535f4689", "timestamp": "2026-08-07T12:12:45.592006Z", "trace_id": "74bde4e59da983154af2ca4fd1a7858d"}
api-1       | INFO:     127.0.0.1:35776 - "GET /metrics HTTP/1.1" 200 OK
api-1       | {"duration_ms": 21.516, "event": "http_request_completed", "level": "info", "method": "GET", "outcome": "success", "path": "/metrics", "request_id": "4a2244b0-9054-4ae2-91e2-4265d8161ec7", "status_code": 200, "timestamp": "2026-08-07T12:12:46.020235Z", "trace_id": "b5723bbad589aff95d288e79ef52788c"}
api-1       | {"event": "Context impl PostgresqlImpl.", "level": "info", "request_id": "8e13e48d-3e55-40a1-bae6-3c642816465b", "timestamp": "2026-08-07T12:12:50.178483Z", "trace_id": "58b41a35152d1f0c0e611068fd4939b1"}
api-1       | {"event": "Will assume transactional DDL.", "level": "info", "request_id": "8e13e48d-3e55-40a1-bae6-3c642816465b", "timestamp": "2026-08-07T12:12:50.178611Z", "trace_id": "58b41a35152d1f0c0e611068fd4939b1"}
api-1       | INFO:     127.0.0.1:33012 - "GET /health/ready HTTP/1.1" 200 OK
api-1       | {"duration_ms": 22.543, "event": "http_request_completed", "level": "info", "method": "GET", "outcome": "success", "path": "/health/ready", "request_id": "8e13e48d-3e55-40a1-bae6-3c642816465b", "status_code": 200, "timestamp": "2026-08-07T12:12:50.186000Z", "trace_id": "58b41a35152d1f0c0e611068fd4939b1"}
api-1       | INFO:     172.18.0.1:59836 - "POST /api/v1/runs HTTP/1.1" 202 Accepted
api-1       | {"api_key_prefix": "evk_5237dfcc3619", "duration_ms": 85.807, "event": "http_request_completed", "level": "info", "method": "POST", "outcome": "success", "path": "/api/v1/runs", "request_id": "6fa3d549-69b1-4ea5-9333-4c73e8da9960", "status_code": 202, "tenant_id": "ab5af908-be70-4f29-8729-5ed3535f4689", "timestamp": "2026-08-07T12:12:50.880811Z", "trace_id": "a1df6269dfee6cbf8f6fc3e2fe05c77c"}
api-1       | INFO:     172.18.0.1:59836 - "GET /api/v1/runs/069023a0-c3ff-47ce-925b-fbe5a3e1ab34 HTTP/1.1" 200 OK
api-1       | {"api_key_prefix": "evk_5237dfcc3619", "duration_ms": 64.361, "event": "http_request_completed", "level": "info", "method": "GET", "outcome": "success", "path": "/api/v1/runs/069023a0-c3ff-47ce-925b-fbe5a3e1ab34", "request_id": "203700a6-4dbb-4a50-8668-6ae82f5d1feb", "status_code": 200, "tenant_id": "ab5af908-be70-4f29-8729-5ed3535f4689", "timestamp": "2026-08-07T12:12:50.947278Z", "trace_id": "4588c924a5464af29dd629b0c8b7f211"}
api-1       | {"claimed": 20, "event": "outbox_dispatch_batch_completed", "lease_lost": 0, "level": "info", "published": 20, "retry_scheduled": 0, "role": "outbox_dispatcher", "timestamp": "2026-08-07T12:12:51.470556Z"}
api-1       | INFO:     172.18.0.1:59836 - "GET /api/v1/runs/069023a0-c3ff-47ce-925b-fbe5a3e1ab34 HTTP/1.1" 200 OK
api-1       | {"api_key_prefix": "evk_5237dfcc3619", "duration_ms": 76.76, "event": "http_request_completed", "level": "info", "method": "GET", "outcome": "success", "path": "/api/v1/runs/069023a0-c3ff-47ce-925b-fbe5a3e1ab34", "request_id": "0b818c5c-c9be-4cb9-9ce3-fbbbe6e43898", "status_code": 200, "tenant_id": "ab5af908-be70-4f29-8729-5ed3535f4689", "timestamp": "2026-08-07T12:12:51.527947Z", "trace_id": "99ee17dac35e27b54c1041d6cc8cb6bc"}
api-1       | {"claimed": 32, "event": "outbox_dispatch_batch_completed", "lease_lost": 0, "level": "info", "published": 32, "retry_scheduled": 0, "role": "outbox_dispatcher", "timestamp": "2026-08-07T12:12:52.156172Z"}
api-1       | INFO:     172.18.0.1:59836 - "GET /api/v1/runs/069023a0-c3ff-47ce-925b-fbe5a3e1ab34 HTTP/1.1" 200 OK
api-1       | {"api_key_prefix": "evk_5237dfcc3619", "duration_ms": 166.388, "event": "http_request_completed", "level": "info", "method": "GET", "outcome": "success", "path": "/api/v1/runs/069023a0-c3ff-47ce-925b-fbe5a3e1ab34", "request_id": "58ac5e7d-32fb-41b5-905a-388ad4cf8074", "status_code": 200, "tenant_id": "ab5af908-be70-4f29-8729-5ed3535f4689", "timestamp": "2026-08-07T12:12:52.220603Z", "trace_id": "84c1e125b891a97fda157e06917f416b"}
api-1       | {"claimed": 50, "event": "outbox_dispatch_batch_completed", "lease_lost": 0, "level": "info", "published": 50, "retry_scheduled": 0, "role": "outbox_dispatcher", "timestamp": "2026-08-07T12:12:52.852992Z"}
api-1       | INFO:     172.18.0.1:59836 - "GET /api/v1/runs/069023a0-c3ff-47ce-925b-fbe5a3e1ab34 HTTP/1.1" 200 OK
api-1       | {"api_key_prefix": "evk_5237dfcc3619", "duration_ms": 181.165, "event": "http_request_completed", "level": "info", "method": "GET", "outcome": "success", "path": "/api/v1/runs/069023a0-c3ff-47ce-925b-fbe5a3e1ab34", "request_id": "748becb3-27bb-45cc-a4d0-7f8af1f6e7ad", "status_code": 200, "tenant_id": "ab5af908-be70-4f29-8729-5ed3535f4689", "timestamp": "2026-08-07T12:12:52.915444Z", "trace_id": "f480d460ec9deea653daabbae04663f7"}
api-1       | {"claimed": 1, "event": "outbox_dispatch_batch_completed", "lease_lost": 0, "level": "info", "published": 1, "retry_scheduled": 0, "role": "outbox_dispatcher", "timestamp": "2026-08-07T12:12:53.364696Z"}
api-1       | INFO:     172.18.0.1:59836 - "GET /api/v1/runs/069023a0-c3ff-47ce-925b-fbe5a3e1ab34 HTTP/1.1" 200 OK
api-1       | {"api_key_prefix": "evk_5237dfcc3619", "duration_ms": 54.394, "event": "http_request_completed", "level": "info", "method": "GET", "outcome": "success", "path": "/api/v1/runs/069023a0-c3ff-47ce-925b-fbe5a3e1ab34", "request_id": "4d80d424-8130-48f6-87b7-8601fa2ce2f0", "status_code": 200, "tenant_id": "ab5af908-be70-4f29-8729-5ed3535f4689", "timestamp": "2026-08-07T12:12:53.472566Z", "trace_id": "c4d27e108a7032f2f5f0873e499237ea"}
api-1       | {"claimed": 3, "event": "outbox_dispatch_batch_completed", "lease_lost": 0, "level": "info", "published": 3, "retry_scheduled": 0, "role": "outbox_dispatcher", "timestamp": "2026-08-07T12:12:53.878037Z"}
api-1       | INFO:     172.18.0.1:59836 - "GET /api/v1/runs/069023a0-c3ff-47ce-925b-fbe5a3e1ab34 HTTP/1.1" 200 OK
api-1       | {"api_key_prefix": "evk_5237dfcc3619", "duration_ms": 59.187, "event": "http_request_completed", "level": "info", "method": "GET", "outcome": "success", "path": "/api/v1/runs/069023a0-c3ff-47ce-925b-fbe5a3e1ab34", "request_id": "b1b608e1-eb7d-487c-a12f-67b84bfbbdf5", "status_code": 200, "tenant_id": "ab5af908-be70-4f29-8729-5ed3535f4689", "timestamp": "2026-08-07T12:12:54.034308Z", "trace_id": "e627326b492bedb589cb590da8cf155e"}
api-1       | INFO:     172.18.0.1:59836 - "GET /api/v1/runs/069023a0-c3ff-47ce-925b-fbe5a3e1ab34/cases?limit=200&sort=case_id HTTP/1.1" 200 OK
api-1       | {"api_key_prefix": "evk_5237dfcc3619", "duration_ms": 59.329, "event": "http_request_completed", "level": "info", "method": "GET", "outcome": "success", "path": "/api/v1/runs/069023a0-c3ff-47ce-925b-fbe5a3e1ab34/cases", "request_id": "ca3c2fa8-ec72-4d84-bb8d-42c7f02c6aab", "status_code": 200, "tenant_id": "ab5af908-be70-4f29-8729-5ed3535f4689", "timestamp": "2026-08-07T12:12:54.095228Z", "trace_id": "ea75b0af9cf68a20daff0e2dc5cff8f5"}
api-1       | INFO:     127.0.0.1:33032 - "GET /metrics HTTP/1.1" 200 OK
api-1       | {"duration_ms": 18.233, "event": "http_request_completed", "level": "info", "method": "GET", "outcome": "success", "path": "/metrics", "request_id": "72c2a116-1c6e-4d3d-ae0f-fbc9ce645a45", "status_code": 200, "timestamp": "2026-08-07T12:12:54.503140Z", "trace_id": "873acaca7c2cd73805f9eeabc39ed828"}
api-1       | {"event": "Context impl PostgresqlImpl.", "level": "info", "request_id": "3168d2e9-ada0-4d81-8969-699c34ec20ab", "timestamp": "2026-08-07T12:12:55.566736Z", "trace_id": "a9ba3ec9250514da1201ff9b83900e6e"}
api-1       | {"event": "Will assume transactional DDL.", "level": "info", "request_id": "3168d2e9-ada0-4d81-8969-699c34ec20ab", "timestamp": "2026-08-07T12:12:55.566874Z", "trace_id": "a9ba3ec9250514da1201ff9b83900e6e"}
api-1       | INFO:     127.0.0.1:33048 - "GET /health/ready HTTP/1.1" 200 OK
api-1       | {"duration_ms": 194.895, "event": "http_request_completed", "level": "info", "method": "GET", "outcome": "success", "path": "/health/ready", "request_id": "3168d2e9-ada0-4d81-8969-699c34ec20ab", "status_code": 200, "timestamp": "2026-08-07T12:12:55.734554Z", "trace_id": "a9ba3ec9250514da1201ff9b83900e6e"}
api-1       | INFO:     172.18.0.1:59836 - "POST /api/v1/runs HTTP/1.1" 202 Accepted
api-1       | {"api_key_prefix": "evk_5237dfcc3619", "duration_ms": 374.776, "event": "http_request_completed", "level": "info", "method": "POST", "outcome": "success", "path": "/api/v1/runs", "request_id": "ca2db932-d935-4c46-a442-89c010759b37", "status_code": 202, "tenant_id": "ab5af908-be70-4f29-8729-5ed3535f4689", "timestamp": "2026-08-07T12:12:55.789018Z", "trace_id": "1b7e9e22abac5c62ab4d5ac3d6f8455b"}
api-1       | INFO:     172.18.0.1:59836 - "GET /api/v1/runs/3fd0b527-9b00-4731-8b52-a30ca7a9c5aa HTTP/1.1" 200 OK
api-1       | {"api_key_prefix": "evk_5237dfcc3619", "duration_ms": 55.598, "event": "http_request_completed", "level": "info", "method": "GET", "outcome": "success", "path": "/api/v1/runs/3fd0b527-9b00-4731-8b52-a30ca7a9c5aa", "request_id": "0ea4936a-1731-4011-9778-0e7ffac3838b", "status_code": 200, "tenant_id": "ab5af908-be70-4f29-8729-5ed3535f4689", "timestamp": "2026-08-07T12:12:55.846651Z", "trace_id": "5429292764cb254eb47baf9578d308c7"}
api-1       | {"claimed": 23, "event": "outbox_dispatch_batch_completed", "lease_lost": 0, "level": "info", "published": 23, "retry_scheduled": 0, "role": "outbox_dispatcher", "timestamp": "2026-08-07T12:12:56.588524Z"}
api-1       | INFO:     172.18.0.1:59836 - "GET /api/v1/runs/3fd0b527-9b00-4731-8b52-a30ca7a9c5aa HTTP/1.1" 200 OK
api-1       | {"api_key_prefix": "evk_5237dfcc3619", "duration_ms": 239.646, "event": "http_request_completed", "level": "info", "method": "GET", "outcome": "success", "path": "/api/v1/runs/3fd0b527-9b00-4731-8b52-a30ca7a9c5aa", "request_id": "5b217f72-d9da-4d86-874f-97a02310e559", "status_code": 200, "tenant_id": "ab5af908-be70-4f29-8729-5ed3535f4689", "timestamp": "2026-08-07T12:12:56.589489Z", "trace_id": "f15247010d0abe3ce643fe319b8a7445"}
api-1       | {"claimed": 50, "event": "outbox_dispatch_batch_completed", "lease_lost": 0, "level": "info", "published": 50, "retry_scheduled": 0, "role": "outbox_dispatcher", "timestamp": "2026-08-07T12:12:57.371854Z"}
api-1       | INFO:     172.18.0.1:59836 - "GET /api/v1/runs/3fd0b527-9b00-4731-8b52-a30ca7a9c5aa HTTP/1.1" 200 OK
api-1       | {"api_key_prefix": "evk_5237dfcc3619", "duration_ms": 288.905, "event": "http_request_completed", "level": "info", "method": "GET", "outcome": "success", "path": "/api/v1/runs/3fd0b527-9b00-4731-8b52-a30ca7a9c5aa", "request_id": "fc95dfc1-5e71-4e4d-ac89-3f9244565b97", "status_code": 200, "tenant_id": "ab5af908-be70-4f29-8729-5ed3535f4689", "timestamp": "2026-08-07T12:12:57.382552Z", "trace_id": "54cff0b7dcc9f73b74eb20e136380110"}
api-1       | {"claimed": 50, "event": "outbox_dispatch_batch_completed", "lease_lost": 0, "level": "info", "published": 50, "retry_scheduled": 0, "role": "outbox_dispatcher", "timestamp": "2026-08-07T12:12:58.157207Z"}
api-1       | INFO:     172.18.0.1:59836 - "GET /api/v1/runs/3fd0b527-9b00-4731-8b52-a30ca7a9c5aa HTTP/1.1" 200 OK
api-1       | {"api_key_prefix": "evk_5237dfcc3619", "duration_ms": 281.614, "event": "http_request_completed", "level": "info", "method": "GET", "outcome": "success", "path": "/api/v1/runs/3fd0b527-9b00-4731-8b52-a30ca7a9c5aa", "request_id": "1d63a31c-29fd-476c-8c0a-90a342ccb3c1", "status_code": 200, "tenant_id": "ab5af908-be70-4f29-8729-5ed3535f4689", "timestamp": "2026-08-07T12:12:58.168378Z", "trace_id": "93d802a0911da920406c074301400bc4"}
api-1       | {"claimed": 50, "event": "outbox_dispatch_batch_completed", "lease_lost": 0, "level": "info", "published": 50, "retry_scheduled": 0, "role": "outbox_dispatcher", "timestamp": "2026-08-07T12:12:58.884097Z"}
api-1       | INFO:     172.18.0.1:59836 - "GET /api/v1/runs/3fd0b527-9b00-4731-8b52-a30ca7a9c5aa HTTP/1.1" 200 OK
api-1       | {"api_key_prefix": "evk_5237dfcc3619", "duration_ms": 225.823, "event": "http_request_completed", "level": "info", "method": "GET", "outcome": "success", "path": "/api/v1/runs/3fd0b527-9b00-4731-8b52-a30ca7a9c5aa", "request_id": "b9f13b0c-3550-4c46-9151-b21fccc2f77d", "status_code": 200, "tenant_id": "ab5af908-be70-4f29-8729-5ed3535f4689", "timestamp": "2026-08-07T12:12:58.897429Z", "trace_id": "7f31e703506b1cbfbf78c9607bacdac7"}
api-1       | {"claimed": 50, "event": "outbox_dispatch_batch_completed", "lease_lost": 0, "level": "info", "published": 50, "retry_scheduled": 0, "role": "outbox_dispatcher", "timestamp": "2026-08-07T12:12:59.669624Z"}
api-1       | INFO:     172.18.0.1:59836 - "GET /api/v1/runs/3fd0b527-9b00-4731-8b52-a30ca7a9c5aa HTTP/1.1" 200 OK
api-1       | {"api_key_prefix": "evk_5237dfcc3619", "duration_ms": 272.397, "event": "http_request_completed", "level": "info", "method": "GET", "outcome": "success", "path": "/api/v1/runs/3fd0b527-9b00-4731-8b52-a30ca7a9c5aa", "request_id": "e3287784-ae97-4e95-baf2-9c16de0680f7", "status_code": 200, "tenant_id": "ab5af908-be70-4f29-8729-5ed3535f4689", "timestamp": "2026-08-07T12:12:59.674627Z", "trace_id": "8fabef42e7d4d98ee5b1cf9cab85fcfe"}
api-1       | {"claimed": 50, "event": "outbox_dispatch_batch_completed", "lease_lost": 0, "level": "info", "published": 50, "retry_scheduled": 0, "role": "outbox_dispatcher", "timestamp": "2026-08-07T12:13:00.398088Z"}
api-1       | INFO:     172.18.0.1:59836 - "GET /api/v1/runs/3fd0b527-9b00-4731-8b52-a30ca7a9c5aa HTTP/1.1" 200 OK
api-1       | {"api_key_prefix": "evk_5237dfcc3619", "duration_ms": 275.466, "event": "http_request_completed", "level": "info", "method": "GET", "outcome": "success", "path": "/api/v1/runs/3fd0b527-9b00-4731-8b52-a30ca7a9c5aa", "request_id": "e620ae07-c816-4f86-99fc-6aaf15392606", "status_code": 200, "tenant_id": "ab5af908-be70-4f29-8729-5ed3535f4689", "timestamp": "2026-08-07T12:13:00.454368Z", "trace_id": "caacbfe03538c51604d3ef16e52942d2"}
api-1       | {"event": "Context impl PostgresqlImpl.", "level": "info", "request_id": "daa397b4-b504-4b74-b329-09e89066b15d", "timestamp": "2026-08-07T12:13:01.313359Z", "trace_id": "f3b38267fa4fb4540b798e7299d79181"}
api-1       | {"event": "Will assume transactional DDL.", "level": "info", "request_id": "daa397b4-b504-4b74-b329-09e89066b15d", "timestamp": "2026-08-07T12:13:01.313509Z", "trace_id": "f3b38267fa4fb4540b798e7299d79181"}
api-1       | {"claimed": 50, "event": "outbox_dispatch_batch_completed", "lease_lost": 0, "level": "info", "published": 50, "retry_scheduled": 0, "role": "outbox_dispatcher", "timestamp": "2026-08-07T12:13:01.328949Z"}
api-1       | INFO:     127.0.0.1:54202 - "GET /health/ready HTTP/1.1" 200 OK
api-1       | {"duration_ms": 72.509, "event": "http_request_completed", "level": "info", "method": "GET", "outcome": "success", "path": "/health/ready", "request_id": "daa397b4-b504-4b74-b329-09e89066b15d", "status_code": 200, "timestamp": "2026-08-07T12:13:01.332449Z", "trace_id": "f3b38267fa4fb4540b798e7299d79181"}
api-1       | INFO:     172.18.0.1:59836 - "GET /api/v1/runs/3fd0b527-9b00-4731-8b52-a30ca7a9c5aa HTTP/1.1" 200 OK
api-1       | {"api_key_prefix": "evk_5237dfcc3619", "duration_ms": 382.64, "event": "http_request_completed", "level": "info", "method": "GET", "outcome": "success", "path": "/api/v1/runs/3fd0b527-9b00-4731-8b52-a30ca7a9c5aa", "request_id": "9f6787c0-1d6a-4a0f-be1a-fd4334fdcd1b", "status_code": 200, "tenant_id": "ab5af908-be70-4f29-8729-5ed3535f4689", "timestamp": "2026-08-07T12:13:01.417084Z", "trace_id": "7bbfd9abd11b5cece545401fbf7475ca"}
api-1       | {"claimed": 50, "event": "outbox_dispatch_batch_completed", "lease_lost": 0, "level": "info", "published": 50, "retry_scheduled": 0, "role": "outbox_dispatcher", "timestamp": "2026-08-07T12:13:02.096753Z"}
api-1       | INFO:     172.18.0.1:59836 - "GET /api/v1/runs/3fd0b527-9b00-4731-8b52-a30ca7a9c5aa HTTP/1.1" 200 OK
api-1       | {"api_key_prefix": "evk_5237dfcc3619", "duration_ms": 204.639, "event": "http_request_completed", "level": "info", "method": "GET", "outcome": "success", "path": "/api/v1/runs/3fd0b527-9b00-4731-8b52-a30ca7a9c5aa", "request_id": "ee96a92e-cdfd-41ad-be22-49965dafcbab", "status_code": 200, "tenant_id": "ab5af908-be70-4f29-8729-5ed3535f4689", "timestamp": "2026-08-07T12:13:02.161455Z", "trace_id": "649d7c9ed0c24f50cddd6169dcf067f2"}
api-1       | {"claimed": 50, "event": "outbox_dispatch_batch_completed", "lease_lost": 0, "level": "info", "published": 50, "retry_scheduled": 0, "role": "outbox_dispatcher", "timestamp": "2026-08-07T12:13:02.789516Z"}
api-1       | INFO:     172.18.0.1:59836 - "GET /api/v1/runs/3fd0b527-9b00-4731-8b52-a30ca7a9c5aa HTTP/1.1" 200 OK
api-1       | {"api_key_prefix": "evk_5237dfcc3619", "duration_ms": 192.543, "event": "http_request_completed", "level": "info", "method": "GET", "outcome": "success", "path": "/api/v1/runs/3fd0b527-9b00-4731-8b52-a30ca7a9c5aa", "request_id": "e48c2315-6c96-4ea4-894d-eb38445bf80b", "status_code": 200, "tenant_id": "ab5af908-be70-4f29-8729-5ed3535f4689", "timestamp": "2026-08-07T12:13:02.868164Z", "trace_id": "805c63f76ac00ac06aa35b64ff136730"}
api-1       | {"claimed": 50, "event": "outbox_dispatch_batch_completed", "lease_lost": 0, "level": "info", "published": 50, "retry_scheduled": 0, "role": "outbox_dispatcher", "timestamp": "2026-08-07T12:13:03.495428Z"}
api-1       | INFO:     172.18.0.1:59836 - "GET /api/v1/runs/3fd0b527-9b00-4731-8b52-a30ca7a9c5aa HTTP/1.1" 200 OK
api-1       | {"api_key_prefix": "evk_5237dfcc3619", "duration_ms": 162.833, "event": "http_request_completed", "level": "info", "method": "GET", "outcome": "success", "path": "/api/v1/runs/3fd0b527-9b00-4731-8b52-a30ca7a9c5aa", "request_id": "d07c38ee-64c0-4ae1-9f02-6b89b560a1db", "status_code": 200, "tenant_id": "ab5af908-be70-4f29-8729-5ed3535f4689", "timestamp": "2026-08-07T12:13:03.552251Z", "trace_id": "b51f0d311d42dd4dbeb117539d966010"}
api-1       | {"claimed": 50, "event": "outbox_dispatch_batch_completed", "lease_lost": 0, "level": "info", "published": 50, "retry_scheduled": 0, "role": "outbox_dispatcher", "timestamp": "2026-08-07T12:13:04.193959Z"}
api-1       | INFO:     172.18.0.1:59836 - "GET /api/v1/runs/3fd0b527-9b00-4731-8b52-a30ca7a9c5aa HTTP/1.1" 200 OK
api-1       | {"api_key_prefix": "evk_5237dfcc3619", "duration_ms": 199.631, "event": "http_request_completed", "level": "info", "method": "GET", "outcome": "success", "path": "/api/v1/runs/3fd0b527-9b00-4731-8b52-a30ca7a9c5aa", "request_id": "ee1aab0a-547a-49cd-8b8d-693661b8577d", "status_code": 200, "tenant_id": "ab5af908-be70-4f29-8729-5ed3535f4689", "timestamp": "2026-08-07T12:13:04.257149Z", "trace_id": "23c809655b02c18123c8bd0015ad67ad"}
api-1       | {"claimed": 50, "event": "outbox_dispatch_batch_completed", "lease_lost": 0, "level": "info", "published": 50, "retry_scheduled": 0, "role": "outbox_dispatcher", "timestamp": "2026-08-07T12:13:04.922623Z"}
api-1       | INFO:     172.18.0.1:59836 - "GET /api/v1/runs/3fd0b527-9b00-4731-8b52-a30ca7a9c5aa HTTP/1.1" 200 OK
api-1       | {"api_key_prefix": "evk_5237dfcc3619", "duration_ms": 195.952, "event": "http_request_completed", "level": "info", "method": "GET", "outcome": "success", "path": "/api/v1/runs/3fd0b527-9b00-4731-8b52-a30ca7a9c5aa", "request_id": "3fe0642d-5a3e-4e9c-935b-e26328d0b4a6", "status_code": 200, "tenant_id": "ab5af908-be70-4f29-8729-5ed3535f4689", "timestamp": "2026-08-07T12:13:04.957577Z", "trace_id": "122572855c117e5d7474a349080c9c38"}
api-1       | {"claimed": 50, "event": "outbox_dispatch_batch_completed", "lease_lost": 0, "level": "info", "published": 50, "retry_scheduled": 0, "role": "outbox_dispatcher", "timestamp": "2026-08-07T12:13:05.652519Z"}
api-1       | INFO:     172.18.0.1:59836 - "GET /api/v1/runs/3fd0b527-9b00-4731-8b52-a30ca7a9c5aa HTTP/1.1" 200 OK
api-1       | {"api_key_prefix": "evk_5237dfcc3619", "duration_ms": 235.962, "event": "http_request_completed", "level": "info", "method": "GET", "outcome": "success", "path": "/api/v1/runs/3fd0b527-9b00-4731-8b52-a30ca7a9c5aa", "request_id": "8966cbb4-6f7b-4656-bbf5-563a94a3ac25", "status_code": 200, "tenant_id": "ab5af908-be70-4f29-8729-5ed3535f4689", "timestamp": "2026-08-07T12:13:05.717704Z", "trace_id": "e50e391f823ad4e3052a822942223913"}
api-1       | {"claimed": 50, "event": "outbox_dispatch_batch_completed", "lease_lost": 0, "level": "info", "published": 50, "retry_scheduled": 0, "role": "outbox_dispatcher", "timestamp": "2026-08-07T12:13:06.375129Z"}
api-1       | INFO:     172.18.0.1:59836 - "GET /api/v1/runs/3fd0b527-9b00-4731-8b52-a30ca7a9c5aa HTTP/1.1" 200 OK
api-1       | {"api_key_prefix": "evk_5237dfcc3619", "duration_ms": 228.455, "event": "http_request_completed", "level": "info", "method": "GET", "outcome": "success", "path": "/api/v1/runs/3fd0b527-9b00-4731-8b52-a30ca7a9c5aa", "request_id": "204dda29-6045-4875-a6d7-b9f214eec47a", "status_code": 200, "tenant_id": "ab5af908-be70-4f29-8729-5ed3535f4689", "timestamp": "2026-08-07T12:13:06.449908Z", "trace_id": "d09e170fbb2dbc143cb2095b39494749"}
api-1       | {"event": "Context impl PostgresqlImpl.", "level": "info", "request_id": "0dccf6d5-e3c2-45df-826e-fc51883f3934", "timestamp": "2026-08-07T12:13:06.751662Z", "trace_id": "8c7888ad6f85c120f3a30feb66861647"}
api-1       | {"event": "Will assume transactional DDL.", "level": "info", "request_id": "0dccf6d5-e3c2-45df-826e-fc51883f3934", "timestamp": "2026-08-07T12:13:06.751877Z", "trace_id": "8c7888ad6f85c120f3a30feb66861647"}
api-1       | INFO:     127.0.0.1:48440 - "GET /health/ready HTTP/1.1" 200 OK
api-1       | {"duration_ms": 34.888, "event": "http_request_completed", "level": "info", "method": "GET", "outcome": "success", "path": "/health/ready", "request_id": "0dccf6d5-e3c2-45df-826e-fc51883f3934", "status_code": 200, "timestamp": "2026-08-07T12:13:06.770124Z", "trace_id": "8c7888ad6f85c120f3a30feb66861647"}
api-1       | {"claimed": 50, "event": "outbox_dispatch_batch_completed", "lease_lost": 0, "level": "info", "published": 50, "retry_scheduled": 0, "role": "outbox_dispatcher", "timestamp": "2026-08-07T12:13:07.104437Z"}
api-1       | INFO:     172.18.0.1:59836 - "GET /api/v1/runs/3fd0b527-9b00-4731-8b52-a30ca7a9c5aa HTTP/1.1" 200 OK
api-1       | {"api_key_prefix": "evk_5237dfcc3619", "duration_ms": 200.47, "event": "http_request_completed", "level": "info", "method": "GET", "outcome": "success", "path": "/api/v1/runs/3fd0b527-9b00-4731-8b52-a30ca7a9c5aa", "request_id": "890ad637-d98e-4e86-a63a-072791d60c48", "status_code": 200, "tenant_id": "ab5af908-be70-4f29-8729-5ed3535f4689", "timestamp": "2026-08-07T12:13:07.154620Z", "trace_id": "2f7f508de065e19296b8ffcd2c1aaee4"}
api-1       | {"claimed": 50, "event": "outbox_dispatch_batch_completed", "lease_lost": 0, "level": "info", "published": 50, "retry_scheduled": 0, "role": "outbox_dispatcher", "timestamp": "2026-08-07T12:13:07.877035Z"}
api-1       | INFO:     172.18.0.1:59836 - "GET /api/v1/runs/3fd0b527-9b00-4731-8b52-a30ca7a9c5aa HTTP/1.1" 200 OK
api-1       | {"api_key_prefix": "evk_5237dfcc3619", "duration_ms": 213.536, "event": "http_request_completed", "level": "info", "method": "GET", "outcome": "success", "path": "/api/v1/runs/3fd0b527-9b00-4731-8b52-a30ca7a9c5aa", "request_id": "0f8eaf45-4c00-4070-8541-eeccb2fd6061", "status_code": 200, "tenant_id": "ab5af908-be70-4f29-8729-5ed3535f4689", "timestamp": "2026-08-07T12:13:07.944620Z", "trace_id": "18f08eaa2678bbe53698e2483572c5e3"}
api-1       | {"claimed": 50, "event": "outbox_dispatch_batch_completed", "lease_lost": 0, "level": "info", "published": 50, "retry_scheduled": 0, "role": "outbox_dispatcher", "timestamp": "2026-08-07T12:13:08.588223Z"}
api-1       | INFO:     172.18.0.1:59836 - "GET /api/v1/runs/3fd0b527-9b00-4731-8b52-a30ca7a9c5aa HTTP/1.1" 200 OK
api-1       | {"api_key_prefix": "evk_5237dfcc3619", "duration_ms": 189.648, "event": "http_request_completed", "level": "info", "method": "GET", "outcome": "success", "path": "/api/v1/runs/3fd0b527-9b00-4731-8b52-a30ca7a9c5aa", "request_id": "0999b2cb-6cba-479b-8dba-102f359dd8ff", "status_code": 200, "tenant_id": "ab5af908-be70-4f29-8729-5ed3535f4689", "timestamp": "2026-08-07T12:13:08.660035Z", "trace_id": "c73340b07a3c2cad4a48e0b089fa9485"}
api-1       | {"claimed": 50, "event": "outbox_dispatch_batch_completed", "lease_lost": 0, "level": "info", "published": 50, "retry_scheduled": 0, "role": "outbox_dispatcher", "timestamp": "2026-08-07T12:13:09.279630Z"}
api-1       | INFO:     172.18.0.1:59836 - "GET /api/v1/runs/3fd0b527-9b00-4731-8b52-a30ca7a9c5aa HTTP/1.1" 200 OK
api-1       | {"api_key_prefix": "evk_5237dfcc3619", "duration_ms": 157.833, "event": "http_request_completed", "level": "info", "method": "GET", "outcome": "success", "path": "/api/v1/runs/3fd0b527-9b00-4731-8b52-a30ca7a9c5aa", "request_id": "bb9c8d3d-f2b2-41cb-8501-1311808e4453", "status_code": 200, "tenant_id": "ab5af908-be70-4f29-8729-5ed3535f4689", "timestamp": "2026-08-07T12:13:09.339945Z", "trace_id": "848c89657312f3cc8e5f12847504d65f"}
api-1       | {"claimed": 50, "event": "outbox_dispatch_batch_completed", "lease_lost": 0, "level": "info", "published": 50, "retry_scheduled": 0, "role": "outbox_dispatcher", "timestamp": "2026-08-07T12:13:09.977453Z"}
api-1       | INFO:     172.18.0.1:59836 - "GET /api/v1/runs/3fd0b527-9b00-4731-8b52-a30ca7a9c5aa HTTP/1.1" 200 OK
api-1       | {"api_key_prefix": "evk_5237dfcc3619", "duration_ms": 192.397, "event": "http_request_completed", "level": "info", "method": "GET", "outcome": "success", "path": "/api/v1/runs/3fd0b527-9b00-4731-8b52-a30ca7a9c5aa", "request_id": "759a3486-a7dc-4811-85c2-5c4f3f191f24", "status_code": 200, "tenant_id": "ab5af908-be70-4f29-8729-5ed3535f4689", "timestamp": "2026-08-07T12:13:10.039306Z", "trace_id": "2d127771603ea293c37184808ac64604"}
api-1       | INFO:     172.18.0.1:59836 - "GET /api/v1/runs/3fd0b527-9b00-4731-8b52-a30ca7a9c5aa/cases?limit=200&sort=case_id HTTP/1.1" 200 OK
api-1       | {"api_key_prefix": "evk_5237dfcc3619", "duration_ms": 77.989, "event": "http_request_completed", "level": "info", "method": "GET", "outcome": "success", "path": "/api/v1/runs/3fd0b527-9b00-4731-8b52-a30ca7a9c5aa/cases", "request_id": "97dee166-5e28-4a3c-9134-725d9e804b9d", "status_code": 200, "tenant_id": "ab5af908-be70-4f29-8729-5ed3535f4689", "timestamp": "2026-08-07T12:13:10.119068Z", "trace_id": "65111df305c094bc92eb9dfd2862ed9c"}
api-1       | INFO:     172.18.0.1:59836 - "GET /api/v1/runs/3fd0b527-9b00-4731-8b52-a30ca7a9c5aa/cases?limit=200&sort=case_id&cursor=eyJkaXJlY3Rpb24iOiJhc2MiLCJlcnJvcl9jb2RlIjpudWxsLCJqb2JfaWQiOiI1YjUzZGY4Mi1jOWViLTRmZGQtYjk0ZS1lOTljOGVkNTE4OGIiLCJtZXRyaWMiOm51bGwsInNvcnQiOiJjYXNlX2lkIiwic3RhdHVzIjpudWxsLCJ2IjoxLCJ2YWx1ZSI6ImxvYWQtMDE5OSJ9 HTTP/1.1" 200 OK
api-1       | {"api_key_prefix": "evk_5237dfcc3619", "duration_ms": 80.453, "event": "http_request_completed", "level": "info", "method": "GET", "outcome": "success", "path": "/api/v1/runs/3fd0b527-9b00-4731-8b52-a30ca7a9c5aa/cases", "request_id": "e41fde92-59c5-4be9-9add-5f112ec9d8c5", "status_code": 200, "tenant_id": "ab5af908-be70-4f29-8729-5ed3535f4689", "timestamp": "2026-08-07T12:13:10.202293Z", "trace_id": "aed9889d1edebb0d1ad80f1f962c1ab8"}
api-1       | INFO:     172.18.0.1:59836 - "GET /api/v1/runs/3fd0b527-9b00-4731-8b52-a30ca7a9c5aa/cases?limit=200&sort=case_id&cursor=eyJkaXJlY3Rpb24iOiJhc2MiLCJlcnJvcl9jb2RlIjpudWxsLCJqb2JfaWQiOiIwM2RjMTllMy1lN2Q4LTRjYzEtOGZmMy00ZDE0ODlkZTFmOTEiLCJtZXRyaWMiOm51bGwsInNvcnQiOiJjYXNlX2lkIiwic3RhdHVzIjpudWxsLCJ2IjoxLCJ2YWx1ZSI6ImxvYWQtMDM5OSJ9 HTTP/1.1" 200 OK
api-1       | {"api_key_prefix": "evk_5237dfcc3619", "duration_ms": 80.158, "event": "http_request_completed", "level": "info", "method": "GET", "outcome": "success", "path": "/api/v1/runs/3fd0b527-9b00-4731-8b52-a30ca7a9c5aa/cases", "request_id": "81853d30-05c9-451a-96df-6c3ae4257733", "status_code": 200, "tenant_id": "ab5af908-be70-4f29-8729-5ed3535f4689", "timestamp": "2026-08-07T12:13:10.286082Z", "trace_id": "fa6519dc95d059348cb4caffe5d7e54a"}
api-1       | {"claimed": 50, "event": "outbox_dispatch_batch_completed", "lease_lost": 0, "level": "info", "published": 50, "retry_scheduled": 0, "role": "outbox_dispatcher", "timestamp": "2026-08-07T12:13:10.813310Z"}
api-1       | INFO:     127.0.0.1:48470 - "GET /metrics HTTP/1.1" 200 OK
api-1       | {"duration_ms": 19.088, "event": "http_request_completed", "level": "info", "method": "GET", "outcome": "success", "path": "/metrics", "request_id": "c0fa54de-7c4e-4a32-9fa7-cd5e919b5320", "status_code": 200, "timestamp": "2026-08-07T12:13:10.864734Z", "trace_id": "80d2ad54961b073ed7b05b171384ad5f"}
api-1       | {"claimed": 50, "event": "outbox_dispatch_batch_completed", "lease_lost": 0, "level": "info", "published": 50, "retry_scheduled": 0, "role": "outbox_dispatcher", "timestamp": "2026-08-07T12:13:11.508916Z"}
api-1       | {"event": "Context impl PostgresqlImpl.", "level": "info", "request_id": "9150ad9d-abf2-431f-aba9-55c1311ee6a5", "timestamp": "2026-08-07T12:13:12.231753Z", "trace_id": "5886bd8ba423364b901a01c510a70a1e"}
api-1       | {"event": "Will assume transactional DDL.", "level": "info", "request_id": "9150ad9d-abf2-431f-aba9-55c1311ee6a5", "timestamp": "2026-08-07T12:13:12.231899Z", "trace_id": "5886bd8ba423364b901a01c510a70a1e"}
api-1       | {"claimed": 29, "event": "outbox_dispatch_batch_completed", "lease_lost": 0, "level": "info", "published": 29, "retry_scheduled": 0, "role": "outbox_dispatcher", "timestamp": "2026-08-07T12:13:12.235678Z"}
api-1       | INFO:     127.0.0.1:48502 - "GET /health/ready HTTP/1.1" 200 OK
api-1       | {"duration_ms": 99.689, "event": "http_request_completed", "level": "info", "method": "GET", "outcome": "success", "path": "/health/ready", "request_id": "9150ad9d-abf2-431f-aba9-55c1311ee6a5", "status_code": 200, "timestamp": "2026-08-07T12:13:12.250716Z", "trace_id": "5886bd8ba423364b901a01c510a70a1e"}
api-1       | INFO:     172.18.0.1:55006 - "POST /api/v1/runs HTTP/1.1" 202 Accepted
api-1       | {"api_key_prefix": "evk_5237dfcc3619", "duration_ms": 515.719, "event": "http_request_completed", "level": "info", "method": "POST", "outcome": "success", "path": "/api/v1/runs", "request_id": "021e6c2f-7991-4541-951d-c40fa2c10860", "status_code": 202, "tenant_id": "ab5af908-be70-4f29-8729-5ed3535f4689", "timestamp": "2026-08-07T12:13:16.907085Z", "trace_id": "96a0e2b502a25376f41c0150a151768d"}
api-1       | INFO:     172.18.0.1:55006 - "GET /api/v1/runs/77a3f487-c1cb-4847-b3cc-6ce8b9c9efeb HTTP/1.1" 200 OK
api-1       | {"api_key_prefix": "evk_5237dfcc3619", "duration_ms": 287.821, "event": "http_request_completed", "level": "info", "method": "GET", "outcome": "success", "path": "/api/v1/runs/77a3f487-c1cb-4847-b3cc-6ce8b9c9efeb", "request_id": "6e5aab76-33ff-401c-ae71-c6c14b1584b0", "status_code": 200, "tenant_id": "ab5af908-be70-4f29-8729-5ed3535f4689", "timestamp": "2026-08-07T12:13:17.197297Z", "trace_id": "e20937b27a8044915404b8e51d98b49f"}
api-1       | {"claimed": 10, "event": "outbox_dispatch_batch_completed", "lease_lost": 0, "level": "info", "published": 10, "retry_scheduled": 0, "role": "outbox_dispatcher", "timestamp": "2026-08-07T12:13:17.857899Z"}
api-1       | INFO:     172.18.0.1:55006 - "GET /api/v1/runs/77a3f487-c1cb-4847-b3cc-6ce8b9c9efeb HTTP/1.1" 200 OK
api-1       | {"api_key_prefix": "evk_5237dfcc3619", "duration_ms": 416.587, "event": "http_request_completed", "level": "info", "method": "GET", "outcome": "success", "path": "/api/v1/runs/77a3f487-c1cb-4847-b3cc-6ce8b9c9efeb", "request_id": "291039fb-f878-4dda-a6bd-72ce926e5da6", "status_code": 200, "tenant_id": "ab5af908-be70-4f29-8729-5ed3535f4689", "timestamp": "2026-08-07T12:13:18.117083Z", "trace_id": "b687835433f948399ca9628c77c579cc"}
api-1       | {"event": "Context impl PostgresqlImpl.", "level": "info", "request_id": "1c2e99d1-6108-412e-9146-a21cc959f274", "timestamp": "2026-08-07T12:13:18.979128Z", "trace_id": "0405b0bbb4992ec1a347c969ccb3f0ec"}
api-1       | {"event": "Will assume transactional DDL.", "level": "info", "request_id": "1c2e99d1-6108-412e-9146-a21cc959f274", "timestamp": "2026-08-07T12:13:18.979381Z", "trace_id": "0405b0bbb4992ec1a347c969ccb3f0ec"}
api-1       | {"claimed": 32, "event": "outbox_dispatch_batch_completed", "lease_lost": 0, "level": "info", "published": 32, "retry_scheduled": 0, "role": "outbox_dispatcher", "timestamp": "2026-08-07T12:13:19.082409Z"}
api-1       | INFO:     127.0.0.1:60500 - "GET /health/ready HTTP/1.1" 200 OK
api-1       | {"duration_ms": 327.618, "event": "http_request_completed", "level": "info", "method": "GET", "outcome": "success", "path": "/health/ready", "request_id": "1c2e99d1-6108-412e-9146-a21cc959f274", "status_code": 200, "timestamp": "2026-08-07T12:13:19.106057Z", "trace_id": "0405b0bbb4992ec1a347c969ccb3f0ec"}
api-1       | INFO:     172.18.0.1:55006 - "GET /api/v1/runs/77a3f487-c1cb-4847-b3cc-6ce8b9c9efeb HTTP/1.1" 200 OK
api-1       | {"api_key_prefix": "evk_5237dfcc3619", "duration_ms": 614.671, "event": "http_request_completed", "level": "info", "method": "GET", "outcome": "success", "path": "/api/v1/runs/77a3f487-c1cb-4847-b3cc-6ce8b9c9efeb", "request_id": "b7dd25f6-d0ad-4400-8f93-9edc50cd50c2", "status_code": 200, "tenant_id": "ab5af908-be70-4f29-8729-5ed3535f4689", "timestamp": "2026-08-07T12:13:19.237065Z", "trace_id": "b159d8a9cc926b5232f4ab97c83afe97"}
api-1       | {"claimed": 50, "event": "outbox_dispatch_batch_completed", "lease_lost": 0, "level": "info", "published": 50, "retry_scheduled": 0, "role": "outbox_dispatcher", "timestamp": "2026-08-07T12:13:19.789631Z"}
api-1       | INFO:     172.18.0.1:55006 - "GET /api/v1/runs/77a3f487-c1cb-4847-b3cc-6ce8b9c9efeb HTTP/1.1" 200 OK
api-1       | {"api_key_prefix": "evk_5237dfcc3619", "duration_ms": 104.774, "event": "http_request_completed", "level": "info", "method": "GET", "outcome": "success", "path": "/api/v1/runs/77a3f487-c1cb-4847-b3cc-6ce8b9c9efeb", "request_id": "73ac5506-a4bc-4f38-8233-192c5eee5036", "status_code": 200, "tenant_id": "ab5af908-be70-4f29-8729-5ed3535f4689", "timestamp": "2026-08-07T12:13:19.844566Z", "trace_id": "5faa358a6d49e9f1a99e784d1518600a"}
api-1       | {"claimed": 11, "event": "outbox_dispatch_batch_completed", "lease_lost": 0, "level": "info", "published": 11, "retry_scheduled": 0, "role": "outbox_dispatcher", "timestamp": "2026-08-07T12:13:20.381570Z"}
api-1       | INFO:     172.18.0.1:55006 - "GET /api/v1/runs/77a3f487-c1cb-4847-b3cc-6ce8b9c9efeb HTTP/1.1" 200 OK
api-1       | {"api_key_prefix": "evk_5237dfcc3619", "duration_ms": 101.928, "event": "http_request_completed", "level": "info", "method": "GET", "outcome": "success", "path": "/api/v1/runs/77a3f487-c1cb-4847-b3cc-6ce8b9c9efeb", "request_id": "49e024a2-b2a7-48ac-a586-ab88d9153a26", "status_code": 200, "tenant_id": "ab5af908-be70-4f29-8729-5ed3535f4689", "timestamp": "2026-08-07T12:13:20.451495Z", "trace_id": "8676e52f7d346df667cc2e51a3b5f3d7"}
api-1       | {"claimed": 3, "event": "outbox_dispatch_batch_completed", "lease_lost": 0, "level": "info", "published": 3, "retry_scheduled": 0, "role": "outbox_dispatcher", "timestamp": "2026-08-07T12:13:20.897540Z"}
api-1       | INFO:     172.18.0.1:55006 - "GET /api/v1/runs/77a3f487-c1cb-4847-b3cc-6ce8b9c9efeb HTTP/1.1" 200 OK
api-1       | {"api_key_prefix": "evk_5237dfcc3619", "duration_ms": 84.646, "event": "http_request_completed", "level": "info", "method": "GET", "outcome": "success", "path": "/api/v1/runs/77a3f487-c1cb-4847-b3cc-6ce8b9c9efeb", "request_id": "bd661824-bc23-4037-8b83-1a6a82736e2d", "status_code": 200, "tenant_id": "ab5af908-be70-4f29-8729-5ed3535f4689", "timestamp": "2026-08-07T12:13:21.038747Z", "trace_id": "45db497deaae544a72249c7ea81f5d71"}
api-1       | INFO:     172.18.0.1:55006 - "GET /api/v1/runs/77a3f487-c1cb-4847-b3cc-6ce8b9c9efeb/cases?limit=200&sort=case_id HTTP/1.1" 200 OK
api-1       | {"api_key_prefix": "evk_5237dfcc3619", "duration_ms": 68.375, "event": "http_request_completed", "level": "info", "method": "GET", "outcome": "success", "path": "/api/v1/runs/77a3f487-c1cb-4847-b3cc-6ce8b9c9efeb/cases", "request_id": "87749d1b-0487-4836-a279-f97778ba7c3f", "status_code": 200, "tenant_id": "ab5af908-be70-4f29-8729-5ed3535f4689", "timestamp": "2026-08-07T12:13:21.108973Z", "trace_id": "5c88866a77387eb34cd3cae62610f502"}
api-1       | INFO:     127.0.0.1:60566 - "GET /metrics HTTP/1.1" 200 OK
api-1       | {"duration_ms": 22.061, "event": "http_request_completed", "level": "info", "method": "GET", "outcome": "success", "path": "/metrics", "request_id": "af2d36d1-85d0-4d30-95aa-7507d95f91a0", "status_code": 200, "timestamp": "2026-08-07T12:13:21.570788Z", "trace_id": "4abf6b7e50d3ad42a2947d13737ff604"}
api-1       | {"event": "Context impl PostgresqlImpl.", "level": "info", "request_id": "80f5c656-8ae1-42e0-ba17-2b61c4bde81b", "timestamp": "2026-08-07T12:13:24.477992Z", "trace_id": "576ea6cb218fe6d649ff3dfc2bc9f82a"}
api-1       | {"event": "Will assume transactional DDL.", "level": "info", "request_id": "80f5c656-8ae1-42e0-ba17-2b61c4bde81b", "timestamp": "2026-08-07T12:13:24.478145Z", "trace_id": "576ea6cb218fe6d649ff3dfc2bc9f82a"}
api-1       | INFO:     127.0.0.1:60578 - "GET /health/ready HTTP/1.1" 200 OK
api-1       | {"duration_ms": 29.553, "event": "http_request_completed", "level": "info", "method": "GET", "outcome": "success", "path": "/health/ready", "request_id": "80f5c656-8ae1-42e0-ba17-2b61c4bde81b", "status_code": 200, "timestamp": "2026-08-07T12:13:24.487672Z", "trace_id": "576ea6cb218fe6d649ff3dfc2bc9f82a"}
api-1       | INFO:     172.18.0.1:55006 - "POST /api/v1/runs HTTP/1.1" 202 Accepted
api-1       | {"api_key_prefix": "evk_5237dfcc3619", "duration_ms": 220.857, "event": "http_request_completed", "level": "info", "method": "POST", "outcome": "success", "path": "/api/v1/runs", "request_id": "0d3d5547-d83d-4a17-b317-da504eef3010", "status_code": 202, "tenant_id": "ab5af908-be70-4f29-8729-5ed3535f4689", "timestamp": "2026-08-07T12:13:24.701045Z", "trace_id": "5033d9423aaba21ea43337b72bb564d1"}
api-1       | INFO:     172.18.0.1:55006 - "GET /api/v1/runs/d656d132-87bb-4c67-a8f3-4626ad1ead2e HTTP/1.1" 200 OK
api-1       | {"api_key_prefix": "evk_5237dfcc3619", "duration_ms": 52.904, "event": "http_request_completed", "level": "info", "method": "GET", "outcome": "success", "path": "/api/v1/runs/d656d132-87bb-4c67-a8f3-4626ad1ead2e", "request_id": "a9497a12-1da9-44a3-b703-5685defab072", "status_code": 200, "tenant_id": "ab5af908-be70-4f29-8729-5ed3535f4689", "timestamp": "2026-08-07T12:13:24.755548Z", "trace_id": "244a36041be0eae3c5d6933bf077531a"}
api-1       | {"claimed": 3, "event": "outbox_dispatch_batch_completed", "lease_lost": 0, "level": "info", "published": 3, "retry_scheduled": 0, "role": "outbox_dispatcher", "timestamp": "2026-08-07T12:13:24.937323Z"}
api-1       | INFO:     172.18.0.1:55006 - "GET /api/v1/runs/d656d132-87bb-4c67-a8f3-4626ad1ead2e HTTP/1.1" 200 OK
api-1       | {"api_key_prefix": "evk_5237dfcc3619", "duration_ms": 107.742, "event": "http_request_completed", "level": "info", "method": "GET", "outcome": "success", "path": "/api/v1/runs/d656d132-87bb-4c67-a8f3-4626ad1ead2e", "request_id": "2f66df40-df08-4519-9930-826c44d0df5b", "status_code": 200, "tenant_id": "ab5af908-be70-4f29-8729-5ed3535f4689", "timestamp": "2026-08-07T12:13:25.365982Z", "trace_id": "4c26f7783fcf9ee0a789384030de361b"}
api-1       | {"claimed": 50, "event": "outbox_dispatch_batch_completed", "lease_lost": 0, "level": "info", "published": 50, "retry_scheduled": 0, "role": "outbox_dispatcher", "timestamp": "2026-08-07T12:13:25.812187Z"}
api-1       | INFO:     172.18.0.1:55006 - "GET /api/v1/runs/d656d132-87bb-4c67-a8f3-4626ad1ead2e HTTP/1.1" 200 OK
api-1       | {"api_key_prefix": "evk_5237dfcc3619", "duration_ms": 193.869, "event": "http_request_completed", "level": "info", "method": "GET", "outcome": "success", "path": "/api/v1/runs/d656d132-87bb-4c67-a8f3-4626ad1ead2e", "request_id": "a01ecb9d-d421-4968-a724-8442e515bce3", "status_code": 200, "tenant_id": "ab5af908-be70-4f29-8729-5ed3535f4689", "timestamp": "2026-08-07T12:13:26.065030Z", "trace_id": "23d5cc77680db846698fc653c1478920"}
api-1       | {"claimed": 50, "event": "outbox_dispatch_batch_completed", "lease_lost": 0, "level": "info", "published": 50, "retry_scheduled": 0, "role": "outbox_dispatcher", "timestamp": "2026-08-07T12:13:26.808865Z"}
api-1       | INFO:     172.18.0.1:55006 - "GET /api/v1/runs/d656d132-87bb-4c67-a8f3-4626ad1ead2e HTTP/1.1" 200 OK
api-1       | {"api_key_prefix": "evk_5237dfcc3619", "duration_ms": 340.506, "event": "http_request_completed", "level": "info", "method": "GET", "outcome": "success", "path": "/api/v1/runs/d656d132-87bb-4c67-a8f3-4626ad1ead2e", "request_id": "d937cf05-2d6c-4977-993c-c306358e1c4f", "status_code": 200, "tenant_id": "ab5af908-be70-4f29-8729-5ed3535f4689", "timestamp": "2026-08-07T12:13:26.909028Z", "trace_id": "88e45df373ebcc61e0f4e00766547977"}
api-1       | {"claimed": 50, "event": "outbox_dispatch_batch_completed", "lease_lost": 0, "level": "info", "published": 50, "retry_scheduled": 0, "role": "outbox_dispatcher", "timestamp": "2026-08-07T12:13:27.657982Z"}
api-1       | INFO:     172.18.0.1:55006 - "GET /api/v1/runs/d656d132-87bb-4c67-a8f3-4626ad1ead2e HTTP/1.1" 200 OK
api-1       | {"api_key_prefix": "evk_5237dfcc3619", "duration_ms": 348.715, "event": "http_request_completed", "level": "info", "method": "GET", "outcome": "success", "path": "/api/v1/runs/d656d132-87bb-4c67-a8f3-4626ad1ead2e", "request_id": "2c95a500-08df-4b02-abdb-a27346318faf", "status_code": 200, "tenant_id": "ab5af908-be70-4f29-8729-5ed3535f4689", "timestamp": "2026-08-07T12:13:27.766573Z", "trace_id": "c2f9896d79ffb93daf81769345ab58bd"}
api-1       | {"claimed": 50, "event": "outbox_dispatch_batch_completed", "lease_lost": 0, "level": "info", "published": 50, "retry_scheduled": 0, "role": "outbox_dispatcher", "timestamp": "2026-08-07T12:13:28.548598Z"}
api-1       | INFO:     172.18.0.1:55006 - "GET /api/v1/runs/d656d132-87bb-4c67-a8f3-4626ad1ead2e HTTP/1.1" 200 OK
api-1       | {"api_key_prefix": "evk_5237dfcc3619", "duration_ms": 394.923, "event": "http_request_completed", "level": "info", "method": "GET", "outcome": "success", "path": "/api/v1/runs/d656d132-87bb-4c67-a8f3-4626ad1ead2e", "request_id": "1fbdaf24-82f3-4ead-9cdf-7a90203ec06c", "status_code": 200, "tenant_id": "ab5af908-be70-4f29-8729-5ed3535f4689", "timestamp": "2026-08-07T12:13:28.692379Z", "trace_id": "1838d3966c4c166ab2d7d19a0bfb01c6"}
api-1       | {"claimed": 50, "event": "outbox_dispatch_batch_completed", "lease_lost": 0, "level": "info", "published": 50, "retry_scheduled": 0, "role": "outbox_dispatcher", "timestamp": "2026-08-07T12:13:29.378144Z"}
api-1       | INFO:     172.18.0.1:55006 - "GET /api/v1/runs/d656d132-87bb-4c67-a8f3-4626ad1ead2e HTTP/1.1" 200 OK
api-1       | {"api_key_prefix": "evk_5237dfcc3619", "duration_ms": 250.67, "event": "http_request_completed", "level": "info", "method": "GET", "outcome": "success", "path": "/api/v1/runs/d656d132-87bb-4c67-a8f3-4626ad1ead2e", "request_id": "348562f5-a787-4044-b465-a28394b39fe6", "status_code": 200, "tenant_id": "ab5af908-be70-4f29-8729-5ed3535f4689", "timestamp": "2026-08-07T12:13:29.476389Z", "trace_id": "8a40e7fb7af577b306b9cca5d293f496"}
api-1       | {"event": "Context impl PostgresqlImpl.", "level": "info", "request_id": "6b773f76-a6ea-4a63-ad90-b34aa791daf1", "timestamp": "2026-08-07T12:13:30.198723Z", "trace_id": "a61fc36afc0ccd28ce2e08ec8e22cb36"}
api-1       | {"event": "Will assume transactional DDL.", "level": "info", "request_id": "6b773f76-a6ea-4a63-ad90-b34aa791daf1", "timestamp": "2026-08-07T12:13:30.199121Z", "trace_id": "a61fc36afc0ccd28ce2e08ec8e22cb36"}
api-1       | {"claimed": 50, "event": "outbox_dispatch_batch_completed", "lease_lost": 0, "level": "info", "published": 50, "retry_scheduled": 0, "role": "outbox_dispatcher", "timestamp": "2026-08-07T12:13:30.206102Z"}
api-1       | INFO:     127.0.0.1:46794 - "GET /health/ready HTTP/1.1" 200 OK
api-1       | {"duration_ms": 266.649, "event": "http_request_completed", "level": "info", "method": "GET", "outcome": "success", "path": "/health/ready", "request_id": "6b773f76-a6ea-4a63-ad90-b34aa791daf1", "status_code": 200, "timestamp": "2026-08-07T12:13:30.285781Z", "trace_id": "a61fc36afc0ccd28ce2e08ec8e22cb36"}
api-1       | INFO:     172.18.0.1:55006 - "GET /api/v1/runs/d656d132-87bb-4c67-a8f3-4626ad1ead2e HTTP/1.1" 200 OK
api-1       | {"api_key_prefix": "evk_5237dfcc3619", "duration_ms": 345.625, "event": "http_request_completed", "level": "info", "method": "GET", "outcome": "success", "path": "/api/v1/runs/d656d132-87bb-4c67-a8f3-4626ad1ead2e", "request_id": "6f16b4a4-2fc6-4433-965b-2a1aad8736d1", "status_code": 200, "tenant_id": "ab5af908-be70-4f29-8729-5ed3535f4689", "timestamp": "2026-08-07T12:13:30.362195Z", "trace_id": "aa632da4dac088cf6ca3d5286aaaee86"}
api-1       | {"claimed": 50, "event": "outbox_dispatch_batch_completed", "lease_lost": 0, "level": "info", "published": 50, "retry_scheduled": 0, "role": "outbox_dispatcher", "timestamp": "2026-08-07T12:13:30.998574Z"}
api-1       | INFO:     172.18.0.1:55006 - "GET /api/v1/runs/d656d132-87bb-4c67-a8f3-4626ad1ead2e HTTP/1.1" 200 OK
api-1       | {"api_key_prefix": "evk_5237dfcc3619", "duration_ms": 198.496, "event": "http_request_completed", "level": "info", "method": "GET", "outcome": "success", "path": "/api/v1/runs/d656d132-87bb-4c67-a8f3-4626ad1ead2e", "request_id": "3225bfab-049b-4f74-8a61-6e6f0409703f", "status_code": 200, "tenant_id": "ab5af908-be70-4f29-8729-5ed3535f4689", "timestamp": "2026-08-07T12:13:31.070254Z", "trace_id": "dd84ac6bd3d7a2166ba1da62b9a41f99"}
api-1       | {"claimed": 50, "event": "outbox_dispatch_batch_completed", "lease_lost": 0, "level": "info", "published": 50, "retry_scheduled": 0, "role": "outbox_dispatcher", "timestamp": "2026-08-07T12:13:31.692532Z"}
api-1       | INFO:     172.18.0.1:55006 - "GET /api/v1/runs/d656d132-87bb-4c67-a8f3-4626ad1ead2e HTTP/1.1" 200 OK
api-1       | {"api_key_prefix": "evk_5237dfcc3619", "duration_ms": 163.976, "event": "http_request_completed", "level": "info", "method": "GET", "outcome": "success", "path": "/api/v1/runs/d656d132-87bb-4c67-a8f3-4626ad1ead2e", "request_id": "5164a186-6c40-445e-930c-05d381c0a04a", "status_code": 200, "tenant_id": "ab5af908-be70-4f29-8729-5ed3535f4689", "timestamp": "2026-08-07T12:13:31.760171Z", "trace_id": "71c0a7b47841b800b4f2004c42824647"}
api-1       | {"claimed": 50, "event": "outbox_dispatch_batch_completed", "lease_lost": 0, "level": "info", "published": 50, "retry_scheduled": 0, "role": "outbox_dispatcher", "timestamp": "2026-08-07T12:13:32.387616Z"}
api-1       | INFO:     172.18.0.1:55006 - "GET /api/v1/runs/d656d132-87bb-4c67-a8f3-4626ad1ead2e HTTP/1.1" 200 OK
api-1       | {"api_key_prefix": "evk_5237dfcc3619", "duration_ms": 151.686, "event": "http_request_completed", "level": "info", "method": "GET", "outcome": "success", "path": "/api/v1/runs/d656d132-87bb-4c67-a8f3-4626ad1ead2e", "request_id": "5ae888f1-9f7b-4e7d-a3ae-7421b467d88c", "status_code": 200, "tenant_id": "ab5af908-be70-4f29-8729-5ed3535f4689", "timestamp": "2026-08-07T12:13:32.442619Z", "trace_id": "264427f02eba6fa00facd524164e81de"}
api-1       | INFO:     172.18.0.1:55006 - "GET /api/v1/runs/d656d132-87bb-4c67-a8f3-4626ad1ead2e/cases?limit=200&sort=case_id HTTP/1.1" 200 OK
api-1       | {"api_key_prefix": "evk_5237dfcc3619", "duration_ms": 147.049, "event": "http_request_completed", "level": "info", "method": "GET", "outcome": "success", "path": "/api/v1/runs/d656d132-87bb-4c67-a8f3-4626ad1ead2e/cases", "request_id": "d20dba7b-752c-439c-bd90-6d8b110a0548", "status_code": 200, "tenant_id": "ab5af908-be70-4f29-8729-5ed3535f4689", "timestamp": "2026-08-07T12:13:32.591494Z", "trace_id": "1b5bc7ecb3b44303d031c90c16b1e820"}
api-1       | INFO:     172.18.0.1:55006 - "GET /api/v1/runs/d656d132-87bb-4c67-a8f3-4626ad1ead2e/cases?limit=200&sort=case_id&cursor=eyJkaXJlY3Rpb24iOiJhc2MiLCJlcnJvcl9jb2RlIjpudWxsLCJqb2JfaWQiOiI5ZDM4OTAxNy02NTdhLTRhNDUtODY5Mi1hNjc3MDlmMjgwMTQiLCJtZXRyaWMiOm51bGwsInNvcnQiOiJjYXNlX2lkIiwic3RhdHVzIjpudWxsLCJ2IjoxLCJ2YWx1ZSI6ImxvYWQtMDE5OSJ9 HTTP/1.1" 200 OK
api-1       | {"api_key_prefix": "evk_5237dfcc3619", "duration_ms": 84.596, "event": "http_request_completed", "level": "info", "method": "GET", "outcome": "success", "path": "/api/v1/runs/d656d132-87bb-4c67-a8f3-4626ad1ead2e/cases", "request_id": "fbdb49ba-ea93-4efd-9ec0-5056a55ad021", "status_code": 200, "tenant_id": "ab5af908-be70-4f29-8729-5ed3535f4689", "timestamp": "2026-08-07T12:13:32.679775Z", "trace_id": "96c0e93c766e0a621e332cbcc05348ac"}
api-1       | INFO:     172.18.0.1:55006 - "GET /api/v1/runs/d656d132-87bb-4c67-a8f3-4626ad1ead2e/cases?limit=200&sort=case_id&cursor=eyJkaXJlY3Rpb24iOiJhc2MiLCJlcnJvcl9jb2RlIjpudWxsLCJqb2JfaWQiOiI1OTY1MjYzZi1kNWRlLTRlMTktODE1ZS0zN2NkMDhlYWI2ZGYiLCJtZXRyaWMiOm51bGwsInNvcnQiOiJjYXNlX2lkIiwic3RhdHVzIjpudWxsLCJ2IjoxLCJ2YWx1ZSI6ImxvYWQtMDM5OSJ9 HTTP/1.1" 200 OK
api-1       | {"api_key_prefix": "evk_5237dfcc3619", "duration_ms": 89.692, "event": "http_request_completed", "level": "info", "method": "GET", "outcome": "success", "path": "/api/v1/runs/d656d132-87bb-4c67-a8f3-4626ad1ead2e/cases", "request_id": "a4fba4e5-3f1c-4c79-b887-f604a42cdc95", "status_code": 200, "tenant_id": "ab5af908-be70-4f29-8729-5ed3535f4689", "timestamp": "2026-08-07T12:13:32.772372Z", "trace_id": "7f57d39d49f22a01ca77dcecc9dba1df"}
api-1       | {"claimed": 50, "event": "outbox_dispatch_batch_completed", "lease_lost": 0, "level": "info", "published": 50, "retry_scheduled": 0, "role": "outbox_dispatcher", "timestamp": "2026-08-07T12:13:33.202939Z"}
api-1       | INFO:     127.0.0.1:46820 - "GET /metrics HTTP/1.1" 200 OK
api-1       | {"duration_ms": 19.066, "event": "http_request_completed", "level": "info", "method": "GET", "outcome": "success", "path": "/metrics", "request_id": "50e5b6c0-1a83-43e3-b57d-70460d45d9ba", "status_code": 200, "timestamp": "2026-08-07T12:13:33.355433Z", "trace_id": "83c7befbdbe9b9b06472e4ad31c59444"}
api-1       | {"claimed": 50, "event": "outbox_dispatch_batch_completed", "lease_lost": 0, "level": "info", "published": 50, "retry_scheduled": 0, "role": "outbox_dispatcher", "timestamp": "2026-08-07T12:13:33.886676Z"}
api-1       | {"claimed": 50, "event": "outbox_dispatch_batch_completed", "lease_lost": 0, "level": "info", "published": 50, "retry_scheduled": 0, "role": "outbox_dispatcher", "timestamp": "2026-08-07T12:13:34.578523Z"}
api-1       | {"claimed": 50, "event": "outbox_dispatch_batch_completed", "lease_lost": 0, "level": "info", "published": 50, "retry_scheduled": 0, "role": "outbox_dispatcher", "timestamp": "2026-08-07T12:13:35.282700Z"}
api-1       | {"event": "Context impl PostgresqlImpl.", "level": "info", "request_id": "f5dd2b70-a996-4c69-8bb3-21ea1996e017", "timestamp": "2026-08-07T12:13:35.634301Z", "trace_id": "ae538209426d1dfa0f0eedf468225682"}
api-1       | {"event": "Will assume transactional DDL.", "level": "info", "request_id": "f5dd2b70-a996-4c69-8bb3-21ea1996e017", "timestamp": "2026-08-07T12:13:35.634451Z", "trace_id": "ae538209426d1dfa0f0eedf468225682"}
api-1       | INFO:     127.0.0.1:46828 - "GET /health/ready HTTP/1.1" 200 OK
api-1       | {"duration_ms": 27.161, "event": "http_request_completed", "level": "info", "method": "GET", "outcome": "success", "path": "/health/ready", "request_id": "f5dd2b70-a996-4c69-8bb3-21ea1996e017", "status_code": 200, "timestamp": "2026-08-07T12:13:35.643444Z", "trace_id": "ae538209426d1dfa0f0eedf468225682"}
api-1       | {"claimed": 50, "event": "outbox_dispatch_batch_completed", "lease_lost": 0, "level": "info", "published": 50, "retry_scheduled": 0, "role": "outbox_dispatcher", "timestamp": "2026-08-07T12:13:35.991032Z"}
api-1       | {"claimed": 50, "event": "outbox_dispatch_batch_completed", "lease_lost": 0, "level": "info", "published": 50, "retry_scheduled": 0, "role": "outbox_dispatcher", "timestamp": "2026-08-07T12:13:36.692060Z"}
api-1       | {"claimed": 50, "event": "outbox_dispatch_batch_completed", "lease_lost": 0, "level": "info", "published": 50, "retry_scheduled": 0, "role": "outbox_dispatcher", "timestamp": "2026-08-07T12:13:37.527212Z"}
api-1       | {"claimed": 50, "event": "outbox_dispatch_batch_completed", "lease_lost": 0, "level": "info", "published": 50, "retry_scheduled": 0, "role": "outbox_dispatcher", "timestamp": "2026-08-07T12:13:38.182499Z"}
api-1       | {"claimed": 50, "event": "outbox_dispatch_batch_completed", "lease_lost": 0, "level": "info", "published": 50, "retry_scheduled": 0, "role": "outbox_dispatcher", "timestamp": "2026-08-07T12:13:38.926765Z"}
api-1       | {"claimed": 50, "event": "outbox_dispatch_batch_completed", "lease_lost": 0, "level": "info", "published": 50, "retry_scheduled": 0, "role": "outbox_dispatcher", "timestamp": "2026-08-07T12:13:39.584465Z"}
api-1       | {"claimed": 50, "event": "outbox_dispatch_batch_completed", "lease_lost": 0, "level": "info", "published": 50, "retry_scheduled": 0, "role": "outbox_dispatcher", "timestamp": "2026-08-07T12:13:40.282319Z"}
api-1       | {"claimed": 49, "event": "outbox_dispatch_batch_completed", "lease_lost": 0, "level": "info", "published": 49, "retry_scheduled": 0, "role": "outbox_dispatcher", "timestamp": "2026-08-07T12:13:41.212666Z"}
api-1       | {"event": "Context impl PostgresqlImpl.", "level": "info", "request_id": "ac97a6bc-c5c7-4f45-b1c9-e02d21156487", "timestamp": "2026-08-07T12:13:41.227229Z", "trace_id": "db587221dd36c5d4a9a6ee9bc303c7ac"}
api-1       | {"event": "Will assume transactional DDL.", "level": "info", "request_id": "ac97a6bc-c5c7-4f45-b1c9-e02d21156487", "timestamp": "2026-08-07T12:13:41.227331Z", "trace_id": "db587221dd36c5d4a9a6ee9bc303c7ac"}
api-1       | INFO:     127.0.0.1:45426 - "GET /health/ready HTTP/1.1" 200 OK
api-1       | {"duration_ms": 29.752, "event": "http_request_completed", "level": "info", "method": "GET", "outcome": "success", "path": "/health/ready", "request_id": "ac97a6bc-c5c7-4f45-b1c9-e02d21156487", "status_code": 200, "timestamp": "2026-08-07T12:13:41.235571Z", "trace_id": "db587221dd36c5d4a9a6ee9bc303c7ac"}
api-1       | INFO:     172.18.0.1:56292 - "POST /api/v1/runs HTTP/1.1" 202 Accepted
api-1       | {"api_key_prefix": "evk_5237dfcc3619", "duration_ms": 89.484, "event": "http_request_completed", "level": "info", "method": "POST", "outcome": "success", "path": "/api/v1/runs", "request_id": "2820a8aa-8b26-4451-96d9-d5fd9a567f32", "status_code": 202, "tenant_id": "ab5af908-be70-4f29-8729-5ed3535f4689", "timestamp": "2026-08-07T12:13:41.717974Z", "trace_id": "938a84859758bb774b089d58f8d1a8e8"}
api-1       | INFO:     172.18.0.1:56292 - "GET /api/v1/runs/fd7252b7-938b-4b9f-9758-507e275171e0 HTTP/1.1" 200 OK
api-1       | {"api_key_prefix": "evk_5237dfcc3619", "duration_ms": 57.012, "event": "http_request_completed", "level": "info", "method": "GET", "outcome": "success", "path": "/api/v1/runs/fd7252b7-938b-4b9f-9758-507e275171e0", "request_id": "71bac240-c0d1-4f9f-a0bb-39eadf9879da", "status_code": 200, "tenant_id": "ab5af908-be70-4f29-8729-5ed3535f4689", "timestamp": "2026-08-07T12:13:41.776932Z", "trace_id": "a21056f6ec8e9c500355257f31f47a7a"}
api-1       | {"claimed": 50, "event": "outbox_dispatch_batch_completed", "lease_lost": 0, "level": "info", "published": 50, "retry_scheduled": 0, "role": "outbox_dispatcher", "timestamp": "2026-08-07T12:13:42.467215Z"}
api-1       | INFO:     172.18.0.1:56292 - "GET /api/v1/runs/fd7252b7-938b-4b9f-9758-507e275171e0 HTTP/1.1" 200 OK
api-1       | {"api_key_prefix": "evk_5237dfcc3619", "duration_ms": 191.818, "event": "http_request_completed", "level": "info", "method": "GET", "outcome": "success", "path": "/api/v1/runs/fd7252b7-938b-4b9f-9758-507e275171e0", "request_id": "1a785d72-5ce5-416c-bbeb-382cfcc7f275", "status_code": 200, "tenant_id": "ab5af908-be70-4f29-8729-5ed3535f4689", "timestamp": "2026-08-07T12:13:42.477195Z", "trace_id": "46aab7d944b3e5424ffdf87bfde2ce5a"}
api-1       | {"claimed": 50, "event": "outbox_dispatch_batch_completed", "lease_lost": 0, "level": "info", "published": 50, "retry_scheduled": 0, "role": "outbox_dispatcher", "timestamp": "2026-08-07T12:13:43.193992Z"}
api-1       | INFO:     172.18.0.1:56292 - "GET /api/v1/runs/fd7252b7-938b-4b9f-9758-507e275171e0 HTTP/1.1" 200 OK
api-1       | {"api_key_prefix": "evk_5237dfcc3619", "duration_ms": 226.098, "event": "http_request_completed", "level": "info", "method": "GET", "outcome": "success", "path": "/api/v1/runs/fd7252b7-938b-4b9f-9758-507e275171e0", "request_id": "85975091-0bbf-4fbc-8da9-403bba3bbc28", "status_code": 200, "tenant_id": "ab5af908-be70-4f29-8729-5ed3535f4689", "timestamp": "2026-08-07T12:13:43.206337Z", "trace_id": "5b71b7668999ac45595d85a2ed42f5dd"}
api-1       | {"claimed": 6, "event": "outbox_dispatch_batch_completed", "lease_lost": 0, "level": "info", "published": 6, "retry_scheduled": 0, "role": "outbox_dispatcher", "timestamp": "2026-08-07T12:13:43.729233Z"}
api-1       | INFO:     172.18.0.1:56292 - "GET /api/v1/runs/fd7252b7-938b-4b9f-9758-507e275171e0 HTTP/1.1" 200 OK
api-1       | {"api_key_prefix": "evk_5237dfcc3619", "duration_ms": 75.455, "event": "http_request_completed", "level": "info", "method": "GET", "outcome": "success", "path": "/api/v1/runs/fd7252b7-938b-4b9f-9758-507e275171e0", "request_id": "20d508fa-e6f0-4223-8ea2-314ed17ecaf0", "status_code": 200, "tenant_id": "ab5af908-be70-4f29-8729-5ed3535f4689", "timestamp": "2026-08-07T12:13:43.786158Z", "trace_id": "11d4a2b853b96bbe964338b50f020f30"}
api-1       | INFO:     172.18.0.1:56292 - "GET /api/v1/runs/fd7252b7-938b-4b9f-9758-507e275171e0/cases?limit=200&sort=case_id HTTP/1.1" 200 OK
api-1       | {"api_key_prefix": "evk_5237dfcc3619", "duration_ms": 65.526, "event": "http_request_completed", "level": "info", "method": "GET", "outcome": "success", "path": "/api/v1/runs/fd7252b7-938b-4b9f-9758-507e275171e0/cases", "request_id": "b5edadda-4923-460e-9d7e-440f8b1dabc5", "status_code": 200, "tenant_id": "ab5af908-be70-4f29-8729-5ed3535f4689", "timestamp": "2026-08-07T12:13:43.853385Z", "trace_id": "dce3f9b296530be4e9795e171a698b7e"}
api-1       | INFO:     127.0.0.1:45446 - "GET /metrics HTTP/1.1" 200 OK
api-1       | {"duration_ms": 18.399, "event": "http_request_completed", "level": "info", "method": "GET", "outcome": "success", "path": "/metrics", "request_id": "938543c1-2130-4b21-b4e6-cc7d5a182dc2", "status_code": 200, "timestamp": "2026-08-07T12:13:44.263708Z", "trace_id": "550d069a376440f9a148fa589f0f588d"}
api-1       | INFO:     172.18.0.1:56292 - "POST /api/v1/runs HTTP/1.1" 202 Accepted
api-1       | {"api_key_prefix": "evk_5237dfcc3619", "duration_ms": 256.812, "event": "http_request_completed", "level": "info", "method": "POST", "outcome": "success", "path": "/api/v1/runs", "request_id": "3186a8e7-2f5a-4227-8db0-cdf217de5948", "status_code": 202, "tenant_id": "ab5af908-be70-4f29-8729-5ed3535f4689", "timestamp": "2026-08-07T12:13:46.013948Z", "trace_id": "745ce950c78b797ebbc305d9d7ba693a"}
api-1       | INFO:     172.18.0.1:56292 - "GET /api/v1/runs/da4c3d40-f3b2-4322-a6ed-fd574ceddcc4 HTTP/1.1" 200 OK
api-1       | {"api_key_prefix": "evk_5237dfcc3619", "duration_ms": 53.502, "event": "http_request_completed", "level": "info", "method": "GET", "outcome": "success", "path": "/api/v1/runs/da4c3d40-f3b2-4322-a6ed-fd574ceddcc4", "request_id": "e17dc961-44f5-4298-96f9-ae49c6be891b", "status_code": 200, "tenant_id": "ab5af908-be70-4f29-8729-5ed3535f4689", "timestamp": "2026-08-07T12:13:46.069147Z", "trace_id": "ed182010abf1dfdc8cbf8a1ca2e84051"}
api-1       | {"event": "Context impl PostgresqlImpl.", "level": "info", "request_id": "3773b235-ea7b-46af-9c75-d2a75b250142", "timestamp": "2026-08-07T12:13:46.552556Z", "trace_id": "e5032b67da34ba441cdcbc7cf8dbd966"}
api-1       | {"event": "Will assume transactional DDL.", "level": "info", "request_id": "3773b235-ea7b-46af-9c75-d2a75b250142", "timestamp": "2026-08-07T12:13:46.552699Z", "trace_id": "e5032b67da34ba441cdcbc7cf8dbd966"}
api-1       | INFO:     127.0.0.1:42206 - "GET /health/ready HTTP/1.1" 200 OK
api-1       | {"duration_ms": 31.544, "event": "http_request_completed", "level": "info", "method": "GET", "outcome": "success", "path": "/health/ready", "request_id": "3773b235-ea7b-46af-9c75-d2a75b250142", "status_code": 200, "timestamp": "2026-08-07T12:13:46.563997Z", "trace_id": "e5032b67da34ba441cdcbc7cf8dbd966"}
api-1       | INFO:     172.18.0.1:56292 - "GET /api/v1/runs/da4c3d40-f3b2-4322-a6ed-fd574ceddcc4 HTTP/1.1" 200 OK
api-1       | {"api_key_prefix": "evk_5237dfcc3619", "duration_ms": 68.721, "event": "http_request_completed", "level": "info", "method": "GET", "outcome": "success", "path": "/api/v1/runs/da4c3d40-f3b2-4322-a6ed-fd574ceddcc4", "request_id": "e91a39a2-98ba-41c8-943f-ff7bed897294", "status_code": 200, "tenant_id": "ab5af908-be70-4f29-8729-5ed3535f4689", "timestamp": "2026-08-07T12:13:46.640765Z", "trace_id": "f7b79626ce03d701bb0d772263e0c404"}
api-1       | {"claimed": 46, "event": "outbox_dispatch_batch_completed", "lease_lost": 0, "level": "info", "published": 46, "retry_scheduled": 0, "role": "outbox_dispatcher", "timestamp": "2026-08-07T12:13:46.995594Z"}
api-1       | INFO:     172.18.0.1:56292 - "GET /api/v1/runs/da4c3d40-f3b2-4322-a6ed-fd574ceddcc4 HTTP/1.1" 200 OK
api-1       | {"api_key_prefix": "evk_5237dfcc3619", "duration_ms": 76.842, "event": "http_request_completed", "level": "info", "method": "GET", "outcome": "success", "path": "/api/v1/runs/da4c3d40-f3b2-4322-a6ed-fd574ceddcc4", "request_id": "38d8d59a-17f4-4eb5-9c06-88b8d72fed0a", "status_code": 200, "tenant_id": "ab5af908-be70-4f29-8729-5ed3535f4689", "timestamp": "2026-08-07T12:13:47.220287Z", "trace_id": "b6af469c1e055a81bbedb87e7de840f0"}
api-1       | {"claimed": 50, "event": "outbox_dispatch_batch_completed", "lease_lost": 0, "level": "info", "published": 50, "retry_scheduled": 0, "role": "outbox_dispatcher", "timestamp": "2026-08-07T12:13:47.774730Z"}
api-1       | INFO:     172.18.0.1:56292 - "GET /api/v1/runs/da4c3d40-f3b2-4322-a6ed-fd574ceddcc4 HTTP/1.1" 200 OK
api-1       | {"api_key_prefix": "evk_5237dfcc3619", "duration_ms": 147.527, "event": "http_request_completed", "level": "info", "method": "GET", "outcome": "success", "path": "/api/v1/runs/da4c3d40-f3b2-4322-a6ed-fd574ceddcc4", "request_id": "3c203122-e212-4e52-b0b5-ba5ba13c956a", "status_code": 200, "tenant_id": "ab5af908-be70-4f29-8729-5ed3535f4689", "timestamp": "2026-08-07T12:13:47.871511Z", "trace_id": "821cfbddba4a8a61e44e2de9354812cb"}
api-1       | {"claimed": 50, "event": "outbox_dispatch_batch_completed", "lease_lost": 0, "level": "info", "published": 50, "retry_scheduled": 0, "role": "outbox_dispatcher", "timestamp": "2026-08-07T12:13:48.497525Z"}
api-1       | INFO:     172.18.0.1:56292 - "GET /api/v1/runs/da4c3d40-f3b2-4322-a6ed-fd574ceddcc4 HTTP/1.1" 200 OK
api-1       | {"api_key_prefix": "evk_5237dfcc3619", "duration_ms": 231.351, "event": "http_request_completed", "level": "info", "method": "GET", "outcome": "success", "path": "/api/v1/runs/da4c3d40-f3b2-4322-a6ed-fd574ceddcc4", "request_id": "8c51ea1c-c36e-4862-8b44-66df04a02697", "status_code": 200, "tenant_id": "ab5af908-be70-4f29-8729-5ed3535f4689", "timestamp": "2026-08-07T12:13:48.624461Z", "trace_id": "ec66a2cac115b06538cec32c4092558e"}
api-1       | {"claimed": 50, "event": "outbox_dispatch_batch_completed", "lease_lost": 0, "level": "info", "published": 50, "retry_scheduled": 0, "role": "outbox_dispatcher", "timestamp": "2026-08-07T12:13:49.384246Z"}
api-1       | INFO:     172.18.0.1:56292 - "GET /api/v1/runs/da4c3d40-f3b2-4322-a6ed-fd574ceddcc4 HTTP/1.1" 200 OK
api-1       | {"api_key_prefix": "evk_5237dfcc3619", "duration_ms": 292.218, "event": "http_request_completed", "level": "info", "method": "GET", "outcome": "success", "path": "/api/v1/runs/da4c3d40-f3b2-4322-a6ed-fd574ceddcc4", "request_id": "bdc716d0-2395-4551-a2b8-7a3f4c6da979", "status_code": 200, "tenant_id": "ab5af908-be70-4f29-8729-5ed3535f4689", "timestamp": "2026-08-07T12:13:49.470015Z", "trace_id": "d54b59216335163a6ff58ca57c8c9526"}
api-1       | {"claimed": 50, "event": "outbox_dispatch_batch_completed", "lease_lost": 0, "level": "info", "published": 50, "retry_scheduled": 0, "role": "outbox_dispatcher", "timestamp": "2026-08-07T12:13:50.153471Z"}
api-1       | INFO:     172.18.0.1:56292 - "GET /api/v1/runs/da4c3d40-f3b2-4322-a6ed-fd574ceddcc4 HTTP/1.1" 200 OK
api-1       | {"api_key_prefix": "evk_5237dfcc3619", "duration_ms": 237.343, "event": "http_request_completed", "level": "info", "method": "GET", "outcome": "success", "path": "/api/v1/runs/da4c3d40-f3b2-4322-a6ed-fd574ceddcc4", "request_id": "cfdf9ec6-e610-4243-944d-38aecf1f033a", "status_code": 200, "tenant_id": "ab5af908-be70-4f29-8729-5ed3535f4689", "timestamp": "2026-08-07T12:13:50.234441Z", "trace_id": "ff6ce51d8e1d4e6fed305b4a384a6b49"}
api-1       | {"claimed": 50, "event": "outbox_dispatch_batch_completed", "lease_lost": 0, "level": "info", "published": 50, "retry_scheduled": 0, "role": "outbox_dispatcher", "timestamp": "2026-08-07T12:13:50.882280Z"}
api-1       | INFO:     172.18.0.1:56292 - "GET /api/v1/runs/da4c3d40-f3b2-4322-a6ed-fd574ceddcc4 HTTP/1.1" 200 OK
api-1       | {"api_key_prefix": "evk_5237dfcc3619", "duration_ms": 190.11, "event": "http_request_completed", "level": "info", "method": "GET", "outcome": "success", "path": "/api/v1/runs/da4c3d40-f3b2-4322-a6ed-fd574ceddcc4", "request_id": "5439eec6-5eeb-48ac-bb18-aa1f09bb661b", "status_code": 200, "tenant_id": "ab5af908-be70-4f29-8729-5ed3535f4689", "timestamp": "2026-08-07T12:13:50.962001Z", "trace_id": "de551eef7cf6421ecdfe87151193d1de"}
api-1       | {"claimed": 50, "event": "outbox_dispatch_batch_completed", "lease_lost": 0, "level": "info", "published": 50, "retry_scheduled": 0, "role": "outbox_dispatcher", "timestamp": "2026-08-07T12:13:51.648018Z"}
api-1       | INFO:     172.18.0.1:56292 - "GET /api/v1/runs/da4c3d40-f3b2-4322-a6ed-fd574ceddcc4 HTTP/1.1" 200 OK
api-1       | {"api_key_prefix": "evk_5237dfcc3619", "duration_ms": 338.033, "event": "http_request_completed", "level": "info", "method": "GET", "outcome": "success", "path": "/api/v1/runs/da4c3d40-f3b2-4322-a6ed-fd574ceddcc4", "request_id": "1b0cade3-cc1e-422b-abee-535d10b5fa89", "status_code": 200, "tenant_id": "ab5af908-be70-4f29-8729-5ed3535f4689", "timestamp": "2026-08-07T12:13:51.803517Z", "trace_id": "1f4370f87ae16804d606332e560e3104"}
api-1       | {"event": "Context impl PostgresqlImpl.", "level": "info", "request_id": "ed7b997b-5c58-4545-a474-58db7dc9e6e0", "timestamp": "2026-08-07T12:13:52.026550Z", "trace_id": "bd8b1458209b16b6b5cf439ef4a7cd18"}
api-1       | {"event": "Will assume transactional DDL.", "level": "info", "request_id": "ed7b997b-5c58-4545-a474-58db7dc9e6e0", "timestamp": "2026-08-07T12:13:52.026676Z", "trace_id": "bd8b1458209b16b6b5cf439ef4a7cd18"}
api-1       | INFO:     127.0.0.1:42258 - "GET /health/ready HTTP/1.1" 200 OK
api-1       | {"duration_ms": 27.697, "event": "http_request_completed", "level": "info", "method": "GET", "outcome": "success", "path": "/health/ready", "request_id": "ed7b997b-5c58-4545-a474-58db7dc9e6e0", "status_code": 200, "timestamp": "2026-08-07T12:13:52.036763Z", "trace_id": "bd8b1458209b16b6b5cf439ef4a7cd18"}
api-1       | {"claimed": 50, "event": "outbox_dispatch_batch_completed", "lease_lost": 0, "level": "info", "published": 50, "retry_scheduled": 0, "role": "outbox_dispatcher", "timestamp": "2026-08-07T12:13:52.392719Z"}
api-1       | INFO:     172.18.0.1:56292 - "GET /api/v1/runs/da4c3d40-f3b2-4322-a6ed-fd574ceddcc4 HTTP/1.1" 200 OK
api-1       | {"api_key_prefix": "evk_5237dfcc3619", "duration_ms": 160.291, "event": "http_request_completed", "level": "info", "method": "GET", "outcome": "success", "path": "/api/v1/runs/da4c3d40-f3b2-4322-a6ed-fd574ceddcc4", "request_id": "318e9377-403e-4b8c-b2ca-76f137157297", "status_code": 200, "tenant_id": "ab5af908-be70-4f29-8729-5ed3535f4689", "timestamp": "2026-08-07T12:13:52.468905Z", "trace_id": "bd46013683691c220014615fee3417d3"}
api-1       | {"claimed": 50, "event": "outbox_dispatch_batch_completed", "lease_lost": 0, "level": "info", "published": 50, "retry_scheduled": 0, "role": "outbox_dispatcher", "timestamp": "2026-08-07T12:13:53.152446Z"}
api-1       | INFO:     172.18.0.1:56292 - "GET /api/v1/runs/da4c3d40-f3b2-4322-a6ed-fd574ceddcc4 HTTP/1.1" 200 OK
api-1       | {"api_key_prefix": "evk_5237dfcc3619", "duration_ms": 195.615, "event": "http_request_completed", "level": "info", "method": "GET", "outcome": "success", "path": "/api/v1/runs/da4c3d40-f3b2-4322-a6ed-fd574ceddcc4", "request_id": "d666eccb-5d69-44bf-883b-0f664446e2f3", "status_code": 200, "tenant_id": "ab5af908-be70-4f29-8729-5ed3535f4689", "timestamp": "2026-08-07T12:13:53.175630Z", "trace_id": "5e4629ec8cdc327d08d2b651c23e2ef2"}
api-1       | {"claimed": 50, "event": "outbox_dispatch_batch_completed", "lease_lost": 0, "level": "info", "published": 50, "retry_scheduled": 0, "role": "outbox_dispatcher", "timestamp": "2026-08-07T12:13:53.910252Z"}
api-1       | INFO:     172.18.0.1:56292 - "GET /api/v1/runs/da4c3d40-f3b2-4322-a6ed-fd574ceddcc4 HTTP/1.1" 200 OK
api-1       | {"api_key_prefix": "evk_5237dfcc3619", "duration_ms": 337.112, "event": "http_request_completed", "level": "info", "method": "GET", "outcome": "success", "path": "/api/v1/runs/da4c3d40-f3b2-4322-a6ed-fd574ceddcc4", "request_id": "1a7a6f95-59dc-4c69-9634-9b7ad0e08799", "status_code": 200, "tenant_id": "ab5af908-be70-4f29-8729-5ed3535f4689", "timestamp": "2026-08-07T12:13:54.027522Z", "trace_id": "b556e88f51c366228f8442b430958827"}
api-1       | {"claimed": 50, "event": "outbox_dispatch_batch_completed", "lease_lost": 0, "level": "info", "published": 50, "retry_scheduled": 0, "role": "outbox_dispatcher", "timestamp": "2026-08-07T12:13:54.586111Z"}
api-1       | INFO:     172.18.0.1:56292 - "GET /api/v1/runs/da4c3d40-f3b2-4322-a6ed-fd574ceddcc4 HTTP/1.1" 200 OK
api-1       | {"api_key_prefix": "evk_5237dfcc3619", "duration_ms": 114.656, "event": "http_request_completed", "level": "info", "method": "GET", "outcome": "success", "path": "/api/v1/runs/da4c3d40-f3b2-4322-a6ed-fd574ceddcc4", "request_id": "2491ddd9-a168-4d13-add1-4411c7667a76", "status_code": 200, "tenant_id": "ab5af908-be70-4f29-8729-5ed3535f4689", "timestamp": "2026-08-07T12:13:54.646237Z", "trace_id": "1922c1263125bb37862283737531f3b4"}
api-1       | {"claimed": 50, "event": "outbox_dispatch_batch_completed", "lease_lost": 0, "level": "info", "published": 50, "retry_scheduled": 0, "role": "outbox_dispatcher", "timestamp": "2026-08-07T12:13:55.298732Z"}
api-1       | INFO:     172.18.0.1:56292 - "GET /api/v1/runs/da4c3d40-f3b2-4322-a6ed-fd574ceddcc4 HTTP/1.1" 200 OK
api-1       | {"api_key_prefix": "evk_5237dfcc3619", "duration_ms": 208.512, "event": "http_request_completed", "level": "info", "method": "GET", "outcome": "success", "path": "/api/v1/runs/da4c3d40-f3b2-4322-a6ed-fd574ceddcc4", "request_id": "9a348635-db01-4da9-ba95-b3d846c321e1", "status_code": 200, "tenant_id": "ab5af908-be70-4f29-8729-5ed3535f4689", "timestamp": "2026-08-07T12:13:55.407063Z", "trace_id": "0bd26a1f75c7eb0b831093ed1b942fa0"}
api-1       | INFO:     172.18.0.1:56292 - "GET /api/v1/runs/da4c3d40-f3b2-4322-a6ed-fd574ceddcc4/cases?limit=200&sort=case_id HTTP/1.1" 200 OK
api-1       | {"api_key_prefix": "evk_5237dfcc3619", "duration_ms": 77.604, "event": "http_request_completed", "level": "info", "method": "GET", "outcome": "success", "path": "/api/v1/runs/da4c3d40-f3b2-4322-a6ed-fd574ceddcc4/cases", "request_id": "55cbfa9e-1fab-47de-a332-0d78298c8d02", "status_code": 200, "tenant_id": "ab5af908-be70-4f29-8729-5ed3535f4689", "timestamp": "2026-08-07T12:13:55.486331Z", "trace_id": "b42d2e7172e9aa0f88e9189e563f4ed8"}
api-1       | INFO:     172.18.0.1:56292 - "GET /api/v1/runs/da4c3d40-f3b2-4322-a6ed-fd574ceddcc4/cases?limit=200&sort=case_id&cursor=eyJkaXJlY3Rpb24iOiJhc2MiLCJlcnJvcl9jb2RlIjpudWxsLCJqb2JfaWQiOiJhN2E1NmZiYy0wNjkwLTQxZWUtYWNhNC0wMWE0MTYzY2I2ZGEiLCJtZXRyaWMiOm51bGwsInNvcnQiOiJjYXNlX2lkIiwic3RhdHVzIjpudWxsLCJ2IjoxLCJ2YWx1ZSI6ImxvYWQtMDE5OSJ9 HTTP/1.1" 200 OK
api-1       | {"api_key_prefix": "evk_5237dfcc3619", "duration_ms": 73.161, "event": "http_request_completed", "level": "info", "method": "GET", "outcome": "success", "path": "/api/v1/runs/da4c3d40-f3b2-4322-a6ed-fd574ceddcc4/cases", "request_id": "86c58dd6-96fc-478f-af97-99de637a83e4", "status_code": 200, "tenant_id": "ab5af908-be70-4f29-8729-5ed3535f4689", "timestamp": "2026-08-07T12:13:55.562135Z", "trace_id": "cad54fa2f9b475c9392674ab7d0e4155"}
api-1       | INFO:     172.18.0.1:56292 - "GET /api/v1/runs/da4c3d40-f3b2-4322-a6ed-fd574ceddcc4/cases?limit=200&sort=case_id&cursor=eyJkaXJlY3Rpb24iOiJhc2MiLCJlcnJvcl9jb2RlIjpudWxsLCJqb2JfaWQiOiI4YjYyYmZjYi1mMDhlLTQ5NWYtOTUzMS1kN2JjZWZlNDIwYzgiLCJtZXRyaWMiOm51bGwsInNvcnQiOiJjYXNlX2lkIiwic3RhdHVzIjpudWxsLCJ2IjoxLCJ2YWx1ZSI6ImxvYWQtMDM5OSJ9 HTTP/1.1" 200 OK
api-1       | {"api_key_prefix": "evk_5237dfcc3619", "duration_ms": 66.954, "event": "http_request_completed", "level": "info", "method": "GET", "outcome": "success", "path": "/api/v1/runs/da4c3d40-f3b2-4322-a6ed-fd574ceddcc4/cases", "request_id": "80d89665-41c2-447a-a277-dbdd0f79e1a1", "status_code": 200, "tenant_id": "ab5af908-be70-4f29-8729-5ed3535f4689", "timestamp": "2026-08-07T12:13:55.631666Z", "trace_id": "48453e5f66c671c0fd8b5bbefe5d9a99"}
api-1       | {"claimed": 50, "event": "outbox_dispatch_batch_completed", "lease_lost": 0, "level": "info", "published": 50, "retry_scheduled": 0, "role": "outbox_dispatcher", "timestamp": "2026-08-07T12:13:56.115906Z"}
api-1       | INFO:     127.0.0.1:56904 - "GET /metrics HTTP/1.1" 200 OK
api-1       | {"duration_ms": 23.397, "event": "http_request_completed", "level": "info", "method": "GET", "outcome": "success", "path": "/metrics", "request_id": "accb3c39-5490-4284-8148-9144754a18cc", "status_code": 200, "timestamp": "2026-08-07T12:13:56.246106Z", "trace_id": "43b325a7167ecce6fdc8f60619f78c51"}
api-1       | {"claimed": 50, "event": "outbox_dispatch_batch_completed", "lease_lost": 0, "level": "info", "published": 50, "retry_scheduled": 0, "role": "outbox_dispatcher", "timestamp": "2026-08-07T12:13:56.791477Z"}
api-1       | {"event": "Context impl PostgresqlImpl.", "level": "info", "request_id": "ad186507-a369-4295-a907-8bb4c02e6ea7", "timestamp": "2026-08-07T12:13:57.560421Z", "trace_id": "063c1261f5c7fe115fee9a86ebb9da65"}
api-1       | {"event": "Will assume transactional DDL.", "level": "info", "request_id": "ad186507-a369-4295-a907-8bb4c02e6ea7", "timestamp": "2026-08-07T12:13:57.560549Z", "trace_id": "063c1261f5c7fe115fee9a86ebb9da65"}
api-1       | {"claimed": 50, "event": "outbox_dispatch_batch_completed", "lease_lost": 0, "level": "info", "published": 50, "retry_scheduled": 0, "role": "outbox_dispatcher", "timestamp": "2026-08-07T12:13:57.575769Z"}
api-1       | INFO:     127.0.0.1:56920 - "GET /health/ready HTTP/1.1" 200 OK
api-1       | {"duration_ms": 118.652, "event": "http_request_completed", "level": "info", "method": "GET", "outcome": "success", "path": "/health/ready", "request_id": "ad186507-a369-4295-a907-8bb4c02e6ea7", "status_code": 200, "timestamp": "2026-08-07T12:13:57.584320Z", "trace_id": "063c1261f5c7fe115fee9a86ebb9da65"}
api-1       | {"claimed": 50, "event": "outbox_dispatch_batch_completed", "lease_lost": 0, "level": "info", "published": 50, "retry_scheduled": 0, "role": "outbox_dispatcher", "timestamp": "2026-08-07T12:13:58.282631Z"}
api-1       | {"claimed": 50, "event": "outbox_dispatch_batch_completed", "lease_lost": 0, "level": "info", "published": 50, "retry_scheduled": 0, "role": "outbox_dispatcher", "timestamp": "2026-08-07T12:13:58.969091Z"}
api-1       | {"claimed": 50, "event": "outbox_dispatch_batch_completed", "lease_lost": 0, "level": "info", "published": 50, "retry_scheduled": 0, "role": "outbox_dispatcher", "timestamp": "2026-08-07T12:13:59.674128Z"}
api-1       | {"claimed": 50, "event": "outbox_dispatch_batch_completed", "lease_lost": 0, "level": "info", "published": 50, "retry_scheduled": 0, "role": "outbox_dispatcher", "timestamp": "2026-08-07T12:14:00.382299Z"}
api-1       | {"claimed": 50, "event": "outbox_dispatch_batch_completed", "lease_lost": 0, "level": "info", "published": 50, "retry_scheduled": 0, "role": "outbox_dispatcher", "timestamp": "2026-08-07T12:14:01.080435Z"}
api-1       | {"claimed": 50, "event": "outbox_dispatch_batch_completed", "lease_lost": 0, "level": "info", "published": 50, "retry_scheduled": 0, "role": "outbox_dispatcher", "timestamp": "2026-08-07T12:14:01.823239Z"}
api-1       | {"claimed": 6, "event": "outbox_dispatch_batch_completed", "lease_lost": 0, "level": "info", "published": 6, "retry_scheduled": 0, "role": "outbox_dispatcher", "timestamp": "2026-08-07T12:14:02.404454Z"}
api-1       | INFO:     172.18.0.1:49626 - "POST /api/v1/runs HTTP/1.1" 202 Accepted
api-1       | {"api_key_prefix": "evk_5237dfcc3619", "duration_ms": 426.678, "event": "http_request_completed", "level": "info", "method": "POST", "outcome": "success", "path": "/api/v1/runs", "request_id": "076c0037-ae3e-4187-8286-428c6b9579d5", "status_code": 202, "tenant_id": "ab5af908-be70-4f29-8729-5ed3535f4689", "timestamp": "2026-08-07T12:14:03.375885Z", "trace_id": "015cbb55262d7a5e8504f9d4de4f45af"}
api-1       | {"event": "Context impl PostgresqlImpl.", "level": "info", "request_id": "8621445b-0b47-4f6d-a9a3-70108b1e7809", "timestamp": "2026-08-07T12:14:03.423604Z", "trace_id": "7c8aec56e589be9f217564aabdcf7c97"}
api-1       | {"event": "Will assume transactional DDL.", "level": "info", "request_id": "8621445b-0b47-4f6d-a9a3-70108b1e7809", "timestamp": "2026-08-07T12:14:03.426946Z", "trace_id": "7c8aec56e589be9f217564aabdcf7c97"}
api-1       | INFO:     127.0.0.1:56962 - "GET /health/ready HTTP/1.1" 200 OK
api-1       | {"duration_ms": 98.645, "event": "http_request_completed", "level": "info", "method": "GET", "outcome": "success", "path": "/health/ready", "request_id": "8621445b-0b47-4f6d-a9a3-70108b1e7809", "status_code": 200, "timestamp": "2026-08-07T12:14:03.452071Z", "trace_id": "7c8aec56e589be9f217564aabdcf7c97"}
api-1       | INFO:     172.18.0.1:49626 - "GET /api/v1/runs/be4cbf17-b2cb-4442-8976-c7cf0dd88d96 HTTP/1.1" 200 OK
api-1       | {"api_key_prefix": "evk_5237dfcc3619", "duration_ms": 202.35, "event": "http_request_completed", "level": "info", "method": "GET", "outcome": "success", "path": "/api/v1/runs/be4cbf17-b2cb-4442-8976-c7cf0dd88d96", "request_id": "b4a72ab9-9707-49e5-8a7a-cbca00fdc44e", "status_code": 200, "tenant_id": "ab5af908-be70-4f29-8729-5ed3535f4689", "timestamp": "2026-08-07T12:14:03.580427Z", "trace_id": "53466674b5cefeeab42d49f5178470ff"}
api-1       | {"claimed": 21, "event": "outbox_dispatch_batch_completed", "lease_lost": 0, "level": "info", "published": 21, "retry_scheduled": 0, "role": "outbox_dispatcher", "timestamp": "2026-08-07T12:14:04.372072Z"}
api-1       | INFO:     172.18.0.1:49626 - "GET /api/v1/runs/be4cbf17-b2cb-4442-8976-c7cf0dd88d96 HTTP/1.1" 200 OK
api-1       | {"api_key_prefix": "evk_5237dfcc3619", "duration_ms": 352.621, "event": "http_request_completed", "level": "info", "method": "GET", "outcome": "success", "path": "/api/v1/runs/be4cbf17-b2cb-4442-8976-c7cf0dd88d96", "request_id": "d87cc066-9f20-4d37-a4c5-26a59f854b2e", "status_code": 200, "tenant_id": "ab5af908-be70-4f29-8729-5ed3535f4689", "timestamp": "2026-08-07T12:14:04.441075Z", "trace_id": "7bbaa9128ef90b0359ef526e97412d18"}
api-1       | {"claimed": 50, "event": "outbox_dispatch_batch_completed", "lease_lost": 0, "level": "info", "published": 50, "retry_scheduled": 0, "role": "outbox_dispatcher", "timestamp": "2026-08-07T12:14:05.151703Z"}
api-1       | INFO:     172.18.0.1:49626 - "GET /api/v1/runs/be4cbf17-b2cb-4442-8976-c7cf0dd88d96 HTTP/1.1" 200 OK
api-1       | {"api_key_prefix": "evk_5237dfcc3619", "duration_ms": 230.986, "event": "http_request_completed", "level": "info", "method": "GET", "outcome": "success", "path": "/api/v1/runs/be4cbf17-b2cb-4442-8976-c7cf0dd88d96", "request_id": "09e898d6-317b-475b-b303-3fdfb4f74ee4", "status_code": 200, "tenant_id": "ab5af908-be70-4f29-8729-5ed3535f4689", "timestamp": "2026-08-07T12:14:05.216103Z", "trace_id": "ae5c731afa54526a6b7ee4d94056b2e3"}
api-1       | INFO:     172.18.0.1:49626 - "GET /api/v1/runs/be4cbf17-b2cb-4442-8976-c7cf0dd88d96/cases?limit=200&sort=case_id HTTP/1.1" 200 OK
api-1       | {"api_key_prefix": "evk_5237dfcc3619", "duration_ms": 72.266, "event": "http_request_completed", "level": "info", "method": "GET", "outcome": "success", "path": "/api/v1/runs/be4cbf17-b2cb-4442-8976-c7cf0dd88d96/cases", "request_id": "6eb67f85-154a-49b4-94a2-5134fd418281", "status_code": 200, "tenant_id": "ab5af908-be70-4f29-8729-5ed3535f4689", "timestamp": "2026-08-07T12:14:05.290040Z", "trace_id": "f63dbfa606432d3956d20fe7c58881e3"}
api-1       | {"claimed": 31, "event": "outbox_dispatch_batch_completed", "lease_lost": 0, "level": "info", "published": 31, "retry_scheduled": 0, "role": "outbox_dispatcher", "timestamp": "2026-08-07T12:14:05.850914Z"}
api-1       | INFO:     127.0.0.1:56988 - "GET /metrics HTTP/1.1" 200 OK
api-1       | {"duration_ms": 143.73, "event": "http_request_completed", "level": "info", "method": "GET", "outcome": "success", "path": "/metrics", "request_id": "bd34a6af-744e-418c-8a34-580a5734f5c9", "status_code": 200, "timestamp": "2026-08-07T12:14:05.859903Z", "trace_id": "728659e048a58845ee831753ca9f3f19"}
api-1       | {"event": "Context impl PostgresqlImpl.", "level": "info", "request_id": "17c551fb-ad44-4857-a65b-b2a5de8b3cc3", "timestamp": "2026-08-07T12:14:08.916393Z", "trace_id": "aeef40df4bc76abe4a8e5edeb8170c20"}
api-1       | {"event": "Will assume transactional DDL.", "level": "info", "request_id": "17c551fb-ad44-4857-a65b-b2a5de8b3cc3", "timestamp": "2026-08-07T12:14:08.916505Z", "trace_id": "aeef40df4bc76abe4a8e5edeb8170c20"}
api-1       | INFO:     127.0.0.1:41246 - "GET /health/ready HTTP/1.1" 200 OK
api-1       | {"duration_ms": 22.423, "event": "http_request_completed", "level": "info", "method": "GET", "outcome": "success", "path": "/health/ready", "request_id": "17c551fb-ad44-4857-a65b-b2a5de8b3cc3", "status_code": 200, "timestamp": "2026-08-07T12:14:08.923680Z", "trace_id": "aeef40df4bc76abe4a8e5edeb8170c20"}
api-1       | INFO:     172.18.0.1:49626 - "POST /api/v1/runs HTTP/1.1" 202 Accepted
api-1       | {"api_key_prefix": "evk_5237dfcc3619", "duration_ms": 266.046, "event": "http_request_completed", "level": "info", "method": "POST", "outcome": "success", "path": "/api/v1/runs", "request_id": "044503fb-26b7-43c3-ab9b-aefe4753e3a2", "status_code": 202, "tenant_id": "ab5af908-be70-4f29-8729-5ed3535f4689", "timestamp": "2026-08-07T12:14:09.300384Z", "trace_id": "804c1434c2cd99ef786064d7a20d212e"}
api-1       | INFO:     172.18.0.1:49626 - "GET /api/v1/runs/5eb165b3-5df6-4739-8869-f120b8e190d6 HTTP/1.1" 200 OK
api-1       | {"api_key_prefix": "evk_5237dfcc3619", "duration_ms": 53.282, "event": "http_request_completed", "level": "info", "method": "GET", "outcome": "success", "path": "/api/v1/runs/5eb165b3-5df6-4739-8869-f120b8e190d6", "request_id": "47fe4516-bfae-4372-a579-b2e60b4fe7fc", "status_code": 200, "tenant_id": "ab5af908-be70-4f29-8729-5ed3535f4689", "timestamp": "2026-08-07T12:14:09.355429Z", "trace_id": "c7ecf341b32573c4963c3e12a7fc8a7b"}
api-1       | {"claimed": 50, "event": "outbox_dispatch_batch_completed", "lease_lost": 0, "level": "info", "published": 50, "retry_scheduled": 0, "role": "outbox_dispatcher", "timestamp": "2026-08-07T12:14:10.251481Z"}
api-1       | INFO:     172.18.0.1:49626 - "GET /api/v1/runs/5eb165b3-5df6-4739-8869-f120b8e190d6 HTTP/1.1" 200 OK
api-1       | {"api_key_prefix": "evk_5237dfcc3619", "duration_ms": 409.843, "event": "http_request_completed", "level": "info", "method": "GET", "outcome": "success", "path": "/api/v1/runs/5eb165b3-5df6-4739-8869-f120b8e190d6", "request_id": "d12ff471-bdef-4509-9b49-4057ba9d1fef", "status_code": 200, "tenant_id": "ab5af908-be70-4f29-8729-5ed3535f4689", "timestamp": "2026-08-07T12:14:10.269266Z", "trace_id": "2f5b98fb6160270ce5ab8f119f002ae8"}
api-1       | {"claimed": 50, "event": "outbox_dispatch_batch_completed", "lease_lost": 0, "level": "info", "published": 50, "retry_scheduled": 0, "role": "outbox_dispatcher", "timestamp": "2026-08-07T12:14:11.092384Z"}
api-1       | INFO:     172.18.0.1:49626 - "GET /api/v1/runs/5eb165b3-5df6-4739-8869-f120b8e190d6 HTTP/1.1" 200 OK
api-1       | {"api_key_prefix": "evk_5237dfcc3619", "duration_ms": 391.592, "event": "http_request_completed", "level": "info", "method": "GET", "outcome": "success", "path": "/api/v1/runs/5eb165b3-5df6-4739-8869-f120b8e190d6", "request_id": "7f7f0e94-0f02-43ab-afec-09e73e78e42a", "status_code": 200, "tenant_id": "ab5af908-be70-4f29-8729-5ed3535f4689", "timestamp": "2026-08-07T12:14:11.167083Z", "trace_id": "8111edc5cf51d4bd8f57c066b9693fe3"}
api-1       | {"claimed": 50, "event": "outbox_dispatch_batch_completed", "lease_lost": 0, "level": "info", "published": 50, "retry_scheduled": 0, "role": "outbox_dispatcher", "timestamp": "2026-08-07T12:14:11.893688Z"}
api-1       | INFO:     172.18.0.1:49626 - "GET /api/v1/runs/5eb165b3-5df6-4739-8869-f120b8e190d6 HTTP/1.1" 200 OK
api-1       | {"api_key_prefix": "evk_5237dfcc3619", "duration_ms": 285.034, "event": "http_request_completed", "level": "info", "method": "GET", "outcome": "success", "path": "/api/v1/runs/5eb165b3-5df6-4739-8869-f120b8e190d6", "request_id": "52cd1719-2a97-49e9-a956-964e1201bf11", "status_code": 200, "tenant_id": "ab5af908-be70-4f29-8729-5ed3535f4689", "timestamp": "2026-08-07T12:14:11.973067Z", "trace_id": "e04cc2ba31f9ddbde20b056a67ce4ea2"}
api-1       | {"claimed": 50, "event": "outbox_dispatch_batch_completed", "lease_lost": 0, "level": "info", "published": 50, "retry_scheduled": 0, "role": "outbox_dispatcher", "timestamp": "2026-08-07T12:14:12.759904Z"}
api-1       | INFO:     172.18.0.1:49626 - "GET /api/v1/runs/5eb165b3-5df6-4739-8869-f120b8e190d6 HTTP/1.1" 200 OK
api-1       | {"api_key_prefix": "evk_5237dfcc3619", "duration_ms": 439.777, "event": "http_request_completed", "level": "info", "method": "GET", "outcome": "success", "path": "/api/v1/runs/5eb165b3-5df6-4739-8869-f120b8e190d6", "request_id": "134ea065-e0cd-448f-a5e1-fa7197a1f808", "status_code": 200, "tenant_id": "ab5af908-be70-4f29-8729-5ed3535f4689", "timestamp": "2026-08-07T12:14:12.948906Z", "trace_id": "3b049c3d49a31c2c866034a39e78a25b"}
api-1       | {"claimed": 50, "event": "outbox_dispatch_batch_completed", "lease_lost": 0, "level": "info", "published": 50, "retry_scheduled": 0, "role": "outbox_dispatcher", "timestamp": "2026-08-07T12:14:13.653795Z"}
api-1       | INFO:     172.18.0.1:49626 - "GET /api/v1/runs/5eb165b3-5df6-4739-8869-f120b8e190d6 HTTP/1.1" 200 OK
api-1       | {"api_key_prefix": "evk_5237dfcc3619", "duration_ms": 296.093, "event": "http_request_completed", "level": "info", "method": "GET", "outcome": "success", "path": "/api/v1/runs/5eb165b3-5df6-4739-8869-f120b8e190d6", "request_id": "e1fdbf43-f6c2-4190-a163-98ba86093ab8", "status_code": 200, "tenant_id": "ab5af908-be70-4f29-8729-5ed3535f4689", "timestamp": "2026-08-07T12:14:13.771628Z", "trace_id": "13954f0715beb36d27b44451c381b082"}
api-1       | {"event": "Context impl PostgresqlImpl.", "level": "info", "request_id": "94f74ad5-7763-4641-9669-c0b8b468fe91", "timestamp": "2026-08-07T12:14:14.575536Z", "trace_id": "89ea12ce81118101d06e82053f1d557e"}
api-1       | {"event": "Will assume transactional DDL.", "level": "info", "request_id": "94f74ad5-7763-4641-9669-c0b8b468fe91", "timestamp": "2026-08-07T12:14:14.575651Z", "trace_id": "89ea12ce81118101d06e82053f1d557e"}
api-1       | {"claimed": 50, "event": "outbox_dispatch_batch_completed", "lease_lost": 0, "level": "info", "published": 50, "retry_scheduled": 0, "role": "outbox_dispatcher", "timestamp": "2026-08-07T12:14:14.580764Z"}
api-1       | INFO:     127.0.0.1:41318 - "GET /health/ready HTTP/1.1" 200 OK
api-1       | {"duration_ms": 69.322, "event": "http_request_completed", "level": "info", "method": "GET", "outcome": "success", "path": "/health/ready", "request_id": "94f74ad5-7763-4641-9669-c0b8b468fe91", "status_code": 200, "timestamp": "2026-08-07T12:14:14.597503Z", "trace_id": "89ea12ce81118101d06e82053f1d557e"}
api-1       | INFO:     172.18.0.1:49626 - "GET /api/v1/runs/5eb165b3-5df6-4739-8869-f120b8e190d6 HTTP/1.1" 200 OK
api-1       | {"api_key_prefix": "evk_5237dfcc3619", "duration_ms": 329.641, "event": "http_request_completed", "level": "info", "method": "GET", "outcome": "success", "path": "/api/v1/runs/5eb165b3-5df6-4739-8869-f120b8e190d6", "request_id": "20404928-4323-47e6-99fa-d754ff1e3774", "status_code": 200, "tenant_id": "ab5af908-be70-4f29-8729-5ed3535f4689", "timestamp": "2026-08-07T12:14:14.668594Z", "trace_id": "88e13739050cbf4cc84bb663a6e90312"}
api-1       | {"claimed": 50, "event": "outbox_dispatch_batch_completed", "lease_lost": 0, "level": "info", "published": 50, "retry_scheduled": 0, "role": "outbox_dispatcher", "timestamp": "2026-08-07T12:14:15.379986Z"}
api-1       | INFO:     172.18.0.1:49626 - "GET /api/v1/runs/5eb165b3-5df6-4739-8869-f120b8e190d6 HTTP/1.1" 200 OK
api-1       | {"api_key_prefix": "evk_5237dfcc3619", "duration_ms": 226.347, "event": "http_request_completed", "level": "info", "method": "GET", "outcome": "success", "path": "/api/v1/runs/5eb165b3-5df6-4739-8869-f120b8e190d6", "request_id": "67b38a4f-291d-4d80-9daf-59cca8977cc6", "status_code": 200, "tenant_id": "ab5af908-be70-4f29-8729-5ed3535f4689", "timestamp": "2026-08-07T12:14:15.440992Z", "trace_id": "2b4f6f1da3c24244767878b37f019aeb"}
api-1       | INFO:     172.18.0.1:49626 - "GET /api/v1/runs/5eb165b3-5df6-4739-8869-f120b8e190d6/cases?limit=200&sort=case_id HTTP/1.1" 200 OK
api-1       | {"api_key_prefix": "evk_5237dfcc3619", "duration_ms": 76.763, "event": "http_request_completed", "level": "info", "method": "GET", "outcome": "success", "path": "/api/v1/runs/5eb165b3-5df6-4739-8869-f120b8e190d6/cases", "request_id": "dc6d6698-630e-455d-9b30-567905e10dfc", "status_code": 200, "tenant_id": "ab5af908-be70-4f29-8729-5ed3535f4689", "timestamp": "2026-08-07T12:14:15.519460Z", "trace_id": "01db4c299bf716673ed61ae021a2331d"}
api-1       | INFO:     172.18.0.1:49626 - "GET /api/v1/runs/5eb165b3-5df6-4739-8869-f120b8e190d6/cases?limit=200&sort=case_id&cursor=eyJkaXJlY3Rpb24iOiJhc2MiLCJlcnJvcl9jb2RlIjpudWxsLCJqb2JfaWQiOiJhNWMxMjJhYS01MWIwLTRjZmItOTljYy0yZTY2ZjlkYTlhMWQiLCJtZXRyaWMiOm51bGwsInNvcnQiOiJjYXNlX2lkIiwic3RhdHVzIjpudWxsLCJ2IjoxLCJ2YWx1ZSI6ImxvYWQtMDE5OSJ9 HTTP/1.1" 200 OK
api-1       | {"api_key_prefix": "evk_5237dfcc3619", "duration_ms": 73.702, "event": "http_request_completed", "level": "info", "method": "GET", "outcome": "success", "path": "/api/v1/runs/5eb165b3-5df6-4739-8869-f120b8e190d6/cases", "request_id": "defcc3cf-e4fe-49e0-97cf-91a2fb5f44f0", "status_code": 200, "tenant_id": "ab5af908-be70-4f29-8729-5ed3535f4689", "timestamp": "2026-08-07T12:14:15.596172Z", "trace_id": "715cf1a97964676efe6eca79525fa76f"}
api-1       | INFO:     172.18.0.1:49626 - "GET /api/v1/runs/5eb165b3-5df6-4739-8869-f120b8e190d6/cases?limit=200&sort=case_id&cursor=eyJkaXJlY3Rpb24iOiJhc2MiLCJlcnJvcl9jb2RlIjpudWxsLCJqb2JfaWQiOiIzY2UwNDY5Yy0xNWI0LTQwNGYtOWY2Ni1hZTlhNTlmMTUyNTkiLCJtZXRyaWMiOm51bGwsInNvcnQiOiJjYXNlX2lkIiwic3RhdHVzIjpudWxsLCJ2IjoxLCJ2YWx1ZSI6ImxvYWQtMDM5OSJ9 HTTP/1.1" 200 OK
api-1       | {"api_key_prefix": "evk_5237dfcc3619", "duration_ms": 75.553, "event": "http_request_completed", "level": "info", "method": "GET", "outcome": "success", "path": "/api/v1/runs/5eb165b3-5df6-4739-8869-f120b8e190d6/cases", "request_id": "3452945d-e82f-4e63-aab3-1d0fb2c8c1a7", "status_code": 200, "tenant_id": "ab5af908-be70-4f29-8729-5ed3535f4689", "timestamp": "2026-08-07T12:14:15.674540Z", "trace_id": "a8329c2b3759351323cd5713e689af8a"}
api-1       | {"claimed": 50, "event": "outbox_dispatch_batch_completed", "lease_lost": 0, "level": "info", "published": 50, "retry_scheduled": 0, "role": "outbox_dispatcher", "timestamp": "2026-08-07T12:14:16.294502Z"}
api-1       | INFO:     127.0.0.1:44058 - "GET /metrics HTTP/1.1" 200 OK
api-1       | {"duration_ms": 134.553, "event": "http_request_completed", "level": "info", "method": "GET", "outcome": "success", "path": "/metrics", "request_id": "2bf0fa8e-387b-41a9-b0df-e5723a9888de", "status_code": 200, "timestamp": "2026-08-07T12:14:16.359207Z", "trace_id": "ab7b8db603d026c244bc568202b2e54a"}
api-1       | {"claimed": 50, "event": "outbox_dispatch_batch_completed", "lease_lost": 0, "level": "info", "published": 50, "retry_scheduled": 0, "role": "outbox_dispatcher", "timestamp": "2026-08-07T12:14:17.079962Z"}
api-1       | {"claimed": 50, "event": "outbox_dispatch_batch_completed", "lease_lost": 0, "level": "info", "published": 50, "retry_scheduled": 0, "role": "outbox_dispatcher", "timestamp": "2026-08-07T12:14:17.773923Z"}
api-1       | {"claimed": 50, "event": "outbox_dispatch_batch_completed", "lease_lost": 0, "level": "info", "published": 50, "retry_scheduled": 0, "role": "outbox_dispatcher", "timestamp": "2026-08-07T12:14:18.502622Z"}
api-1       | {"claimed": 50, "event": "outbox_dispatch_batch_completed", "lease_lost": 0, "level": "info", "published": 50, "retry_scheduled": 0, "role": "outbox_dispatcher", "timestamp": "2026-08-07T12:14:19.281614Z"}
api-1       | {"event": "Context impl PostgresqlImpl.", "level": "info", "request_id": "21c4628a-3dbd-413b-a8d3-0fcace1472d4", "timestamp": "2026-08-07T12:14:20.511970Z", "trace_id": "463a444099fb5f179df3780b97cc265d"}
api-1       | {"event": "Will assume transactional DDL.", "level": "info", "request_id": "21c4628a-3dbd-413b-a8d3-0fcace1472d4", "timestamp": "2026-08-07T12:14:20.512124Z", "trace_id": "463a444099fb5f179df3780b97cc265d"}
api-1       | {"claimed": 50, "event": "outbox_dispatch_batch_completed", "lease_lost": 0, "level": "info", "published": 50, "retry_scheduled": 0, "role": "outbox_dispatcher", "timestamp": "2026-08-07T12:14:20.521050Z"}
api-1       | INFO:     127.0.0.1:44082 - "GET /health/ready HTTP/1.1" 200 OK
api-1       | {"duration_ms": 294.802, "event": "http_request_completed", "level": "info", "method": "GET", "outcome": "success", "path": "/health/ready", "request_id": "21c4628a-3dbd-413b-a8d3-0fcace1472d4", "status_code": 200, "timestamp": "2026-08-07T12:14:20.530317Z", "trace_id": "463a444099fb5f179df3780b97cc265d"}
api-1       | {"claimed": 50, "event": "outbox_dispatch_batch_completed", "lease_lost": 0, "level": "info", "published": 50, "retry_scheduled": 0, "role": "outbox_dispatcher", "timestamp": "2026-08-07T12:14:21.174398Z"}
api-1       | {"claimed": 50, "event": "outbox_dispatch_batch_completed", "lease_lost": 0, "level": "info", "published": 50, "retry_scheduled": 0, "role": "outbox_dispatcher", "timestamp": "2026-08-07T12:14:21.865356Z"}
api-1       | {"claimed": 50, "event": "outbox_dispatch_batch_completed", "lease_lost": 0, "level": "info", "published": 50, "retry_scheduled": 0, "role": "outbox_dispatcher", "timestamp": "2026-08-07T12:14:22.565727Z"}
api-1       | INFO:     172.18.0.1:49378 - "POST /api/v1/runs HTTP/1.1" 202 Accepted
api-1       | {"api_key_prefix": "evk_5237dfcc3619", "duration_ms": 87.828, "event": "http_request_completed", "level": "info", "method": "POST", "outcome": "success", "path": "/api/v1/runs", "request_id": "d8ab6479-4598-4d7b-ade5-93f693ca5f00", "status_code": 202, "tenant_id": "ab5af908-be70-4f29-8729-5ed3535f4689", "timestamp": "2026-08-07T12:14:23.056429Z", "trace_id": "a56ed0ab3a992bd458c05a3f37262b61"}
api-1       | {"claimed": 50, "event": "outbox_dispatch_batch_completed", "lease_lost": 0, "level": "info", "published": 50, "retry_scheduled": 0, "role": "outbox_dispatcher", "timestamp": "2026-08-07T12:14:23.252292Z"}
api-1       | INFO:     172.18.0.1:49378 - "GET /api/v1/runs/e4299d5c-b6f7-4bb8-8d80-00b34bf17b33 HTTP/1.1" 200 OK
api-1       | {"api_key_prefix": "evk_5237dfcc3619", "duration_ms": 204.582, "event": "http_request_completed", "level": "info", "method": "GET", "outcome": "success", "path": "/api/v1/runs/e4299d5c-b6f7-4bb8-8d80-00b34bf17b33", "request_id": "6d09b517-ba16-4d0d-a323-cdb33eaa9a45", "status_code": 200, "tenant_id": "ab5af908-be70-4f29-8729-5ed3535f4689", "timestamp": "2026-08-07T12:14:23.262648Z", "trace_id": "5dbbaed8ea19c610207a51e2a6b366cc"}
api-1       | {"claimed": 50, "event": "outbox_dispatch_batch_completed", "lease_lost": 0, "level": "info", "published": 50, "retry_scheduled": 0, "role": "outbox_dispatcher", "timestamp": "2026-08-07T12:14:23.966533Z"}
api-1       | INFO:     172.18.0.1:49378 - "GET /api/v1/runs/e4299d5c-b6f7-4bb8-8d80-00b34bf17b33 HTTP/1.1" 200 OK
api-1       | {"api_key_prefix": "evk_5237dfcc3619", "duration_ms": 209.533, "event": "http_request_completed", "level": "info", "method": "GET", "outcome": "success", "path": "/api/v1/runs/e4299d5c-b6f7-4bb8-8d80-00b34bf17b33", "request_id": "9d96830c-300e-4d10-a41a-fa4f0b2f9bdb", "status_code": 200, "tenant_id": "ab5af908-be70-4f29-8729-5ed3535f4689", "timestamp": "2026-08-07T12:14:23.974957Z", "trace_id": "10dcad6bb8dd695c387926a2da208b9c"}
api-1       | {"claimed": 50, "event": "outbox_dispatch_batch_completed", "lease_lost": 0, "level": "info", "published": 50, "retry_scheduled": 0, "role": "outbox_dispatcher", "timestamp": "2026-08-07T12:14:24.675695Z"}
api-1       | INFO:     172.18.0.1:49378 - "GET /api/v1/runs/e4299d5c-b6f7-4bb8-8d80-00b34bf17b33 HTTP/1.1" 200 OK
api-1       | {"api_key_prefix": "evk_5237dfcc3619", "duration_ms": 209.965, "event": "http_request_completed", "level": "info", "method": "GET", "outcome": "success", "path": "/api/v1/runs/e4299d5c-b6f7-4bb8-8d80-00b34bf17b33", "request_id": "49073626-df58-4ea8-a4cf-ac82fa42ea64", "status_code": 200, "tenant_id": "ab5af908-be70-4f29-8729-5ed3535f4689", "timestamp": "2026-08-07T12:14:24.687746Z", "trace_id": "d5d14426a375db1caf8f3a0720088fbd"}
api-1       | {"claimed": 50, "event": "outbox_dispatch_batch_completed", "lease_lost": 0, "level": "info", "published": 50, "retry_scheduled": 0, "role": "outbox_dispatcher", "timestamp": "2026-08-07T12:14:25.479821Z"}
api-1       | INFO:     172.18.0.1:49378 - "GET /api/v1/runs/e4299d5c-b6f7-4bb8-8d80-00b34bf17b33 HTTP/1.1" 200 OK
api-1       | {"api_key_prefix": "evk_5237dfcc3619", "duration_ms": 300.867, "event": "http_request_completed", "level": "info", "method": "GET", "outcome": "success", "path": "/api/v1/runs/e4299d5c-b6f7-4bb8-8d80-00b34bf17b33", "request_id": "1706550c-3bcc-4cee-8a60-524f254a7b3e", "status_code": 200, "tenant_id": "ab5af908-be70-4f29-8729-5ed3535f4689", "timestamp": "2026-08-07T12:14:25.491533Z", "trace_id": "ba9c3dd6afa819ed834b7946f4ef3485"}
api-1       | INFO:     172.18.0.1:49378 - "GET /api/v1/runs/e4299d5c-b6f7-4bb8-8d80-00b34bf17b33/cases?limit=200&sort=case_id HTTP/1.1" 200 OK
api-1       | {"api_key_prefix": "evk_5237dfcc3619", "duration_ms": 69.435, "event": "http_request_completed", "level": "info", "method": "GET", "outcome": "success", "path": "/api/v1/runs/e4299d5c-b6f7-4bb8-8d80-00b34bf17b33/cases", "request_id": "46867468-05ad-45f5-adbc-c75d4f7060ef", "status_code": 200, "tenant_id": "ab5af908-be70-4f29-8729-5ed3535f4689", "timestamp": "2026-08-07T12:14:25.562695Z", "trace_id": "78a04f4bed6e3ebf8059e802bcb204e4"}
api-1       | {"event": "Context impl PostgresqlImpl.", "level": "info", "request_id": "14b107e8-4bff-4d04-b5db-2d251f7b3273", "timestamp": "2026-08-07T12:14:26.335577Z", "trace_id": "9c58485dd6adcd4a935da946603c9ef2"}
api-1       | {"event": "Will assume transactional DDL.", "level": "info", "request_id": "14b107e8-4bff-4d04-b5db-2d251f7b3273", "timestamp": "2026-08-07T12:14:26.335722Z", "trace_id": "9c58485dd6adcd4a935da946603c9ef2"}
api-1       | {"claimed": 50, "event": "outbox_dispatch_batch_completed", "lease_lost": 0, "level": "info", "published": 50, "retry_scheduled": 0, "role": "outbox_dispatcher", "timestamp": "2026-08-07T12:14:26.341037Z"}
api-1       | INFO:     127.0.0.1:52116 - "GET /health/ready HTTP/1.1" 200 OK
api-1       | {"duration_ms": 329.918, "event": "http_request_completed", "level": "info", "method": "GET", "outcome": "success", "path": "/health/ready", "request_id": "14b107e8-4bff-4d04-b5db-2d251f7b3273", "status_code": 200, "timestamp": "2026-08-07T12:14:26.347011Z", "trace_id": "9c58485dd6adcd4a935da946603c9ef2"}
api-1       | INFO:     127.0.0.1:52130 - "GET /metrics HTTP/1.1" 200 OK
api-1       | {"duration_ms": 28.242, "event": "http_request_completed", "level": "info", "method": "GET", "outcome": "success", "path": "/metrics", "request_id": "bcf0b71d-f449-4cb2-a1e9-d2cc4cc2031e", "status_code": 200, "timestamp": "2026-08-07T12:14:26.365714Z", "trace_id": "17a94efdb8835a3b21ab7ffe38950933"}
api-1       | {"claimed": 50, "event": "outbox_dispatch_batch_completed", "lease_lost": 0, "level": "info", "published": 50, "retry_scheduled": 0, "role": "outbox_dispatcher", "timestamp": "2026-08-07T12:14:27.058487Z"}
api-1       | INFO:     172.18.0.1:49378 - "POST /api/v1/runs HTTP/1.1" 202 Accepted
api-1       | {"api_key_prefix": "evk_5237dfcc3619", "duration_ms": 221.778, "event": "http_request_completed", "level": "info", "method": "POST", "outcome": "success", "path": "/api/v1/runs", "request_id": "fdbfe9b1-fe4c-45d3-a5cd-2476eb187f1a", "status_code": 202, "tenant_id": "ab5af908-be70-4f29-8729-5ed3535f4689", "timestamp": "2026-08-07T12:14:27.265479Z", "trace_id": "10e7c1dde8f101080a9e7eb82bd4caec"}
api-1       | INFO:     172.18.0.1:49378 - "GET /api/v1/runs/05189e8d-b561-40ec-8cf4-3b0bd8b22a57 HTTP/1.1" 200 OK
api-1       | {"api_key_prefix": "evk_5237dfcc3619", "duration_ms": 56.097, "event": "http_request_completed", "level": "info", "method": "GET", "outcome": "success", "path": "/api/v1/runs/05189e8d-b561-40ec-8cf4-3b0bd8b22a57", "request_id": "61f49704-5ab6-4957-b4c9-ec4cd247c9af", "status_code": 200, "tenant_id": "ab5af908-be70-4f29-8729-5ed3535f4689", "timestamp": "2026-08-07T12:14:27.323228Z", "trace_id": "753dbc03a31eccd170ee8c1170dca375"}
api-1       | {"claimed": 18, "event": "outbox_dispatch_batch_completed", "lease_lost": 0, "level": "info", "published": 18, "retry_scheduled": 0, "role": "outbox_dispatcher", "timestamp": "2026-08-07T12:14:27.664529Z"}
api-1       | INFO:     172.18.0.1:49378 - "GET /api/v1/runs/05189e8d-b561-40ec-8cf4-3b0bd8b22a57 HTTP/1.1" 200 OK
api-1       | {"api_key_prefix": "evk_5237dfcc3619", "duration_ms": 65.465, "event": "http_request_completed", "level": "info", "method": "GET", "outcome": "success", "path": "/api/v1/runs/05189e8d-b561-40ec-8cf4-3b0bd8b22a57", "request_id": "70e30bce-6c27-4905-be43-a1eefd9bd49e", "status_code": 200, "tenant_id": "ab5af908-be70-4f29-8729-5ed3535f4689", "timestamp": "2026-08-07T12:14:27.891473Z", "trace_id": "04f76b876e1c8d93cdfcf37e074f554f"}
api-1       | {"claimed": 26, "event": "outbox_dispatch_batch_completed", "lease_lost": 0, "level": "info", "published": 26, "retry_scheduled": 0, "role": "outbox_dispatcher", "timestamp": "2026-08-07T12:14:28.352691Z"}
api-1       | INFO:     172.18.0.1:49378 - "GET /api/v1/runs/05189e8d-b561-40ec-8cf4-3b0bd8b22a57 HTTP/1.1" 200 OK
api-1       | {"api_key_prefix": "evk_5237dfcc3619", "duration_ms": 55.864, "event": "http_request_completed", "level": "info", "method": "GET", "outcome": "success", "path": "/api/v1/runs/05189e8d-b561-40ec-8cf4-3b0bd8b22a57", "request_id": "c1225a73-c5f2-4ded-93f0-e6e86ebe808b", "status_code": 200, "tenant_id": "ab5af908-be70-4f29-8729-5ed3535f4689", "timestamp": "2026-08-07T12:14:28.449955Z", "trace_id": "0fe4efc0739ecc88c89a686de9f527e3"}
api-1       | {"claimed": 30, "event": "outbox_dispatch_batch_completed", "lease_lost": 0, "level": "info", "published": 30, "retry_scheduled": 0, "role": "outbox_dispatcher", "timestamp": "2026-08-07T12:14:28.979109Z"}
api-1       | INFO:     172.18.0.1:49378 - "GET /api/v1/runs/05189e8d-b561-40ec-8cf4-3b0bd8b22a57 HTTP/1.1" 200 OK
api-1       | {"api_key_prefix": "evk_5237dfcc3619", "duration_ms": 99.733, "event": "http_request_completed", "level": "info", "method": "GET", "outcome": "success", "path": "/api/v1/runs/05189e8d-b561-40ec-8cf4-3b0bd8b22a57", "request_id": "2e9331cb-e6e6-433d-a017-240e5a45490c", "status_code": 200, "tenant_id": "ab5af908-be70-4f29-8729-5ed3535f4689", "timestamp": "2026-08-07T12:14:29.056762Z", "trace_id": "f82c8df85854e33b9ad50f8bcf1c3044"}
api-1       | {"claimed": 28, "event": "outbox_dispatch_batch_completed", "lease_lost": 0, "level": "info", "published": 28, "retry_scheduled": 0, "role": "outbox_dispatcher", "timestamp": "2026-08-07T12:14:29.671717Z"}
api-1       | INFO:     172.18.0.1:49378 - "GET /api/v1/runs/05189e8d-b561-40ec-8cf4-3b0bd8b22a57 HTTP/1.1" 200 OK
api-1       | {"api_key_prefix": "evk_5237dfcc3619", "duration_ms": 173.991, "event": "http_request_completed", "level": "info", "method": "GET", "outcome": "success", "path": "/api/v1/runs/05189e8d-b561-40ec-8cf4-3b0bd8b22a57", "request_id": "6c63e302-f175-407a-8de4-9c526d75940b", "status_code": 200, "tenant_id": "ab5af908-be70-4f29-8729-5ed3535f4689", "timestamp": "2026-08-07T12:14:29.748145Z", "trace_id": "046618389844ef9653c2bab169b2937a"}
api-1       | {"claimed": 32, "event": "outbox_dispatch_batch_completed", "lease_lost": 0, "level": "info", "published": 32, "retry_scheduled": 0, "role": "outbox_dispatcher", "timestamp": "2026-08-07T12:14:30.355661Z"}
api-1       | INFO:     172.18.0.1:49378 - "GET /api/v1/runs/05189e8d-b561-40ec-8cf4-3b0bd8b22a57 HTTP/1.1" 200 OK
api-1       | {"api_key_prefix": "evk_5237dfcc3619", "duration_ms": 100.973, "event": "http_request_completed", "level": "info", "method": "GET", "outcome": "success", "path": "/api/v1/runs/05189e8d-b561-40ec-8cf4-3b0bd8b22a57", "request_id": "fd442bd7-7432-41a5-b4d5-e5180f2a4fe7", "status_code": 200, "tenant_id": "ab5af908-be70-4f29-8729-5ed3535f4689", "timestamp": "2026-08-07T12:14:30.366929Z", "trace_id": "12e93f0a049497fdc47b112df6148b06"}
api-1       | {"claimed": 28, "event": "outbox_dispatch_batch_completed", "lease_lost": 0, "level": "info", "published": 28, "retry_scheduled": 0, "role": "outbox_dispatcher", "timestamp": "2026-08-07T12:14:31.062056Z"}
api-1       | INFO:     172.18.0.1:49378 - "GET /api/v1/runs/05189e8d-b561-40ec-8cf4-3b0bd8b22a57 HTTP/1.1" 200 OK
api-1       | {"api_key_prefix": "evk_5237dfcc3619", "duration_ms": 194.756, "event": "http_request_completed", "level": "info", "method": "GET", "outcome": "success", "path": "/api/v1/runs/05189e8d-b561-40ec-8cf4-3b0bd8b22a57", "request_id": "7aeb65da-582b-4087-abfd-5b6a4f5794ea", "status_code": 200, "tenant_id": "ab5af908-be70-4f29-8729-5ed3535f4689", "timestamp": "2026-08-07T12:14:31.064984Z", "trace_id": "ce8b8d1030f8f34d22a5adde9744a14d"}
api-1       | {"event": "Context impl PostgresqlImpl.", "level": "info", "request_id": "ce0b65e0-aa59-4a89-a7ad-3d2d474d435e", "timestamp": "2026-08-07T12:14:31.864329Z", "trace_id": "4b808603a705848f39ea4d3225ea62f0"}
api-1       | {"event": "Will assume transactional DDL.", "level": "info", "request_id": "ce0b65e0-aa59-4a89-a7ad-3d2d474d435e", "timestamp": "2026-08-07T12:14:31.864508Z", "trace_id": "4b808603a705848f39ea4d3225ea62f0"}
api-1       | {"claimed": 31, "event": "outbox_dispatch_batch_completed", "lease_lost": 0, "level": "info", "published": 31, "retry_scheduled": 0, "role": "outbox_dispatcher", "timestamp": "2026-08-07T12:14:31.872654Z"}
api-1       | INFO:     127.0.0.1:52146 - "GET /health/ready HTTP/1.1" 200 OK
api-1       | {"duration_ms": 63.16, "event": "http_request_completed", "level": "info", "method": "GET", "outcome": "success", "path": "/health/ready", "request_id": "ce0b65e0-aa59-4a89-a7ad-3d2d474d435e", "status_code": 200, "timestamp": "2026-08-07T12:14:31.880981Z", "trace_id": "4b808603a705848f39ea4d3225ea62f0"}
api-1       | INFO:     172.18.0.1:49378 - "GET /api/v1/runs/05189e8d-b561-40ec-8cf4-3b0bd8b22a57 HTTP/1.1" 200 OK
api-1       | {"api_key_prefix": "evk_5237dfcc3619", "duration_ms": 315.52, "event": "http_request_completed", "level": "info", "method": "GET", "outcome": "success", "path": "/api/v1/runs/05189e8d-b561-40ec-8cf4-3b0bd8b22a57", "request_id": "27603fa0-4d0f-42c7-b3ae-7696116444c2", "status_code": 200, "tenant_id": "ab5af908-be70-4f29-8729-5ed3535f4689", "timestamp": "2026-08-07T12:14:31.884617Z", "trace_id": "2c76ca1271ec46269c1a996d39a2f927"}
api-1       | {"claimed": 37, "event": "outbox_dispatch_batch_completed", "lease_lost": 0, "level": "info", "published": 37, "retry_scheduled": 0, "role": "outbox_dispatcher", "timestamp": "2026-08-07T12:14:32.567790Z"}
api-1       | INFO:     172.18.0.1:49378 - "GET /api/v1/runs/05189e8d-b561-40ec-8cf4-3b0bd8b22a57 HTTP/1.1" 200 OK
api-1       | {"api_key_prefix": "evk_5237dfcc3619", "duration_ms": 188.941, "event": "http_request_completed", "level": "info", "method": "GET", "outcome": "success", "path": "/api/v1/runs/05189e8d-b561-40ec-8cf4-3b0bd8b22a57", "request_id": "da44acf5-522e-425c-b64c-a78b6e5ab36d", "status_code": 200, "tenant_id": "ab5af908-be70-4f29-8729-5ed3535f4689", "timestamp": "2026-08-07T12:14:32.577418Z", "trace_id": "a0fc712ca6f7651eeae820bbd9cfb89f"}
api-1       | {"claimed": 30, "event": "outbox_dispatch_batch_completed", "lease_lost": 0, "level": "info", "published": 30, "retry_scheduled": 0, "role": "outbox_dispatcher", "timestamp": "2026-08-07T12:14:33.255168Z"}
api-1       | INFO:     172.18.0.1:49378 - "GET /api/v1/runs/05189e8d-b561-40ec-8cf4-3b0bd8b22a57 HTTP/1.1" 200 OK
api-1       | {"api_key_prefix": "evk_5237dfcc3619", "duration_ms": 186.342, "event": "http_request_completed", "level": "info", "method": "GET", "outcome": "success", "path": "/api/v1/runs/05189e8d-b561-40ec-8cf4-3b0bd8b22a57", "request_id": "4d2a8772-758e-45d0-8b5a-1badb26ef8b7", "status_code": 200, "tenant_id": "ab5af908-be70-4f29-8729-5ed3535f4689", "timestamp": "2026-08-07T12:14:33.266760Z", "trace_id": "61ca03cba128683541221da4c126d2d4"}
api-1       | {"claimed": 32, "event": "outbox_dispatch_batch_completed", "lease_lost": 0, "level": "info", "published": 32, "retry_scheduled": 0, "role": "outbox_dispatcher", "timestamp": "2026-08-07T12:14:33.881274Z"}
api-1       | INFO:     172.18.0.1:49378 - "GET /api/v1/runs/05189e8d-b561-40ec-8cf4-3b0bd8b22a57 HTTP/1.1" 200 OK
api-1       | {"api_key_prefix": "evk_5237dfcc3619", "duration_ms": 169.815, "event": "http_request_completed", "level": "info", "method": "GET", "outcome": "success", "path": "/api/v1/runs/05189e8d-b561-40ec-8cf4-3b0bd8b22a57", "request_id": "b38c6dcb-54a6-4e58-8386-7d3005afb23e", "status_code": 200, "tenant_id": "ab5af908-be70-4f29-8729-5ed3535f4689", "timestamp": "2026-08-07T12:14:33.953726Z", "trace_id": "3e453bad60f5b40b6dd653288f56a8e1"}
api-1       | {"claimed": 26, "event": "outbox_dispatch_batch_completed", "lease_lost": 0, "level": "info", "published": 26, "retry_scheduled": 0, "role": "outbox_dispatcher", "timestamp": "2026-08-07T12:14:34.562019Z"}
api-1       | INFO:     172.18.0.1:49378 - "GET /api/v1/runs/05189e8d-b561-40ec-8cf4-3b0bd8b22a57 HTTP/1.1" 200 OK
api-1       | {"api_key_prefix": "evk_5237dfcc3619", "duration_ms": 131.304, "event": "http_request_completed", "level": "info", "method": "GET", "outcome": "success", "path": "/api/v1/runs/05189e8d-b561-40ec-8cf4-3b0bd8b22a57", "request_id": "75bc7e15-c7f1-4071-99bd-15afb4b40b9c", "status_code": 200, "tenant_id": "ab5af908-be70-4f29-8729-5ed3535f4689", "timestamp": "2026-08-07T12:14:34.618045Z", "trace_id": "b1a48fead84cb691f0ca8efa6eadae20"}
api-1       | {"claimed": 30, "event": "outbox_dispatch_batch_completed", "lease_lost": 0, "level": "info", "published": 30, "retry_scheduled": 0, "role": "outbox_dispatcher", "timestamp": "2026-08-07T12:14:35.188378Z"}
api-1       | INFO:     172.18.0.1:49378 - "GET /api/v1/runs/05189e8d-b561-40ec-8cf4-3b0bd8b22a57 HTTP/1.1" 200 OK
api-1       | {"api_key_prefix": "evk_5237dfcc3619", "duration_ms": 165.854, "event": "http_request_completed", "level": "info", "method": "GET", "outcome": "success", "path": "/api/v1/runs/05189e8d-b561-40ec-8cf4-3b0bd8b22a57", "request_id": "448e9b16-cd97-4282-8545-fcd23d7ac56b", "status_code": 200, "tenant_id": "ab5af908-be70-4f29-8729-5ed3535f4689", "timestamp": "2026-08-07T12:14:35.308474Z", "trace_id": "a9286561946ca83cf3f54a5332bc7f8b"}
api-1       | {"claimed": 26, "event": "outbox_dispatch_batch_completed", "lease_lost": 0, "level": "info", "published": 26, "retry_scheduled": 0, "role": "outbox_dispatcher", "timestamp": "2026-08-07T12:14:35.858462Z"}
api-1       | INFO:     172.18.0.1:49378 - "GET /api/v1/runs/05189e8d-b561-40ec-8cf4-3b0bd8b22a57 HTTP/1.1" 200 OK
api-1       | {"api_key_prefix": "evk_5237dfcc3619", "duration_ms": 107.344, "event": "http_request_completed", "level": "info", "method": "GET", "outcome": "success", "path": "/api/v1/runs/05189e8d-b561-40ec-8cf4-3b0bd8b22a57", "request_id": "1de85c75-b6fa-49be-817e-8150b7498339", "status_code": 200, "tenant_id": "ab5af908-be70-4f29-8729-5ed3535f4689", "timestamp": "2026-08-07T12:14:35.918614Z", "trace_id": "e73f6382acc330f37763c72a76c3c1f4"}
api-1       | {"claimed": 30, "event": "outbox_dispatch_batch_completed", "lease_lost": 0, "level": "info", "published": 30, "retry_scheduled": 0, "role": "outbox_dispatcher", "timestamp": "2026-08-07T12:14:36.552989Z"}
api-1       | INFO:     172.18.0.1:49378 - "GET /api/v1/runs/05189e8d-b561-40ec-8cf4-3b0bd8b22a57 HTTP/1.1" 200 OK
api-1       | {"api_key_prefix": "evk_5237dfcc3619", "duration_ms": 122.31, "event": "http_request_completed", "level": "info", "method": "GET", "outcome": "success", "path": "/api/v1/runs/05189e8d-b561-40ec-8cf4-3b0bd8b22a57", "request_id": "0cee1e8b-364a-4737-a29a-c9c39915c983", "status_code": 200, "tenant_id": "ab5af908-be70-4f29-8729-5ed3535f4689", "timestamp": "2026-08-07T12:14:36.562882Z", "trace_id": "8f4763a3ace4e0c767e0a817a0709464"}
api-1       | {"claimed": 30, "event": "outbox_dispatch_batch_completed", "lease_lost": 0, "level": "info", "published": 30, "retry_scheduled": 0, "role": "outbox_dispatcher", "timestamp": "2026-08-07T12:14:37.360617Z"}
api-1       | INFO:     172.18.0.1:49378 - "GET /api/v1/runs/05189e8d-b561-40ec-8cf4-3b0bd8b22a57 HTTP/1.1" 200 OK
api-1       | {"api_key_prefix": "evk_5237dfcc3619", "duration_ms": 341.599, "event": "http_request_completed", "level": "info", "method": "GET", "outcome": "success", "path": "/api/v1/runs/05189e8d-b561-40ec-8cf4-3b0bd8b22a57", "request_id": "17a9b0af-39c6-4d92-973e-0830edebf6b7", "status_code": 200, "tenant_id": "ab5af908-be70-4f29-8729-5ed3535f4689", "timestamp": "2026-08-07T12:14:37.407386Z", "trace_id": "0b0df0f03c34b54a3a5a1cc8686f7f88"}
api-1       | {"event": "Context impl PostgresqlImpl.", "level": "info", "request_id": "8556e6ec-986a-4b9f-a560-5d11538a472e", "timestamp": "2026-08-07T12:14:37.432227Z", "trace_id": "b82d81e081ab0691d0c3b80c0da56858"}
api-1       | {"event": "Will assume transactional DDL.", "level": "info", "request_id": "8556e6ec-986a-4b9f-a560-5d11538a472e", "timestamp": "2026-08-07T12:14:37.432332Z", "trace_id": "b82d81e081ab0691d0c3b80c0da56858"}
api-1       | INFO:     127.0.0.1:45588 - "GET /health/ready HTTP/1.1" 200 OK
api-1       | {"duration_ms": 21.289, "event": "http_request_completed", "level": "info", "method": "GET", "outcome": "success", "path": "/health/ready", "request_id": "8556e6ec-986a-4b9f-a560-5d11538a472e", "status_code": 200, "timestamp": "2026-08-07T12:14:37.438762Z", "trace_id": "b82d81e081ab0691d0c3b80c0da56858"}
api-1       | {"claimed": 38, "event": "outbox_dispatch_batch_completed", "lease_lost": 0, "level": "info", "published": 38, "retry_scheduled": 0, "role": "outbox_dispatcher", "timestamp": "2026-08-07T12:14:38.103006Z"}
api-1       | INFO:     172.18.0.1:49378 - "GET /api/v1/runs/05189e8d-b561-40ec-8cf4-3b0bd8b22a57 HTTP/1.1" 200 OK
api-1       | {"api_key_prefix": "evk_5237dfcc3619", "duration_ms": 206.774, "event": "http_request_completed", "level": "info", "method": "GET", "outcome": "success", "path": "/api/v1/runs/05189e8d-b561-40ec-8cf4-3b0bd8b22a57", "request_id": "e03afb0f-3a97-47e0-89d0-dd4619e6ff61", "status_code": 200, "tenant_id": "ab5af908-be70-4f29-8729-5ed3535f4689", "timestamp": "2026-08-07T12:14:38.117298Z", "trace_id": "04c4aa86d91d05651f14429ce0eca929"}
api-1       | {"claimed": 32, "event": "outbox_dispatch_batch_completed", "lease_lost": 0, "level": "info", "published": 32, "retry_scheduled": 0, "role": "outbox_dispatcher", "timestamp": "2026-08-07T12:14:38.764730Z"}
api-1       | INFO:     172.18.0.1:49378 - "GET /api/v1/runs/05189e8d-b561-40ec-8cf4-3b0bd8b22a57 HTTP/1.1" 200 OK
api-1       | {"api_key_prefix": "evk_5237dfcc3619", "duration_ms": 187.138, "event": "http_request_completed", "level": "info", "method": "GET", "outcome": "success", "path": "/api/v1/runs/05189e8d-b561-40ec-8cf4-3b0bd8b22a57", "request_id": "f03a9485-42de-44eb-a41f-58b26960c37a", "status_code": 200, "tenant_id": "ab5af908-be70-4f29-8729-5ed3535f4689", "timestamp": "2026-08-07T12:14:38.824440Z", "trace_id": "d56a2daa43e6d1a3c3929949f9f7fd61"}
api-1       | {"claimed": 30, "event": "outbox_dispatch_batch_completed", "lease_lost": 0, "level": "info", "published": 30, "retry_scheduled": 0, "role": "outbox_dispatcher", "timestamp": "2026-08-07T12:14:39.453446Z"}
api-1       | INFO:     172.18.0.1:49378 - "GET /api/v1/runs/05189e8d-b561-40ec-8cf4-3b0bd8b22a57 HTTP/1.1" 200 OK
api-1       | {"api_key_prefix": "evk_5237dfcc3619", "duration_ms": 172.679, "event": "http_request_completed", "level": "info", "method": "GET", "outcome": "success", "path": "/api/v1/runs/05189e8d-b561-40ec-8cf4-3b0bd8b22a57", "request_id": "aa850d43-5dea-4a79-b40a-a9c10d978dd7", "status_code": 200, "tenant_id": "ab5af908-be70-4f29-8729-5ed3535f4689", "timestamp": "2026-08-07T12:14:39.521055Z", "trace_id": "298115f6d9063333ff159c6b625e5be3"}
api-1       | {"claimed": 30, "event": "outbox_dispatch_batch_completed", "lease_lost": 0, "level": "info", "published": 30, "retry_scheduled": 0, "role": "outbox_dispatcher", "timestamp": "2026-08-07T12:14:40.084568Z"}
api-1       | INFO:     172.18.0.1:49378 - "GET /api/v1/runs/05189e8d-b561-40ec-8cf4-3b0bd8b22a57 HTTP/1.1" 200 OK
api-1       | {"api_key_prefix": "evk_5237dfcc3619", "duration_ms": 112.938, "event": "http_request_completed", "level": "info", "method": "GET", "outcome": "success", "path": "/api/v1/runs/05189e8d-b561-40ec-8cf4-3b0bd8b22a57", "request_id": "73232250-bbf5-4175-8c3d-6cdac25012d4", "status_code": 200, "tenant_id": "ab5af908-be70-4f29-8729-5ed3535f4689", "timestamp": "2026-08-07T12:14:40.158018Z", "trace_id": "492daae0be37972f1ce987bd9ef51b40"}
api-1       | {"claimed": 27, "event": "outbox_dispatch_batch_completed", "lease_lost": 0, "level": "info", "published": 27, "retry_scheduled": 0, "role": "outbox_dispatcher", "timestamp": "2026-08-07T12:14:40.779234Z"}
api-1       | INFO:     172.18.0.1:49378 - "GET /api/v1/runs/05189e8d-b561-40ec-8cf4-3b0bd8b22a57 HTTP/1.1" 200 OK
api-1       | {"api_key_prefix": "evk_5237dfcc3619", "duration_ms": 164.85, "event": "http_request_completed", "level": "info", "method": "GET", "outcome": "success", "path": "/api/v1/runs/05189e8d-b561-40ec-8cf4-3b0bd8b22a57", "request_id": "917e7661-b8d4-43a3-9438-a2ff409d1b67", "status_code": 200, "tenant_id": "ab5af908-be70-4f29-8729-5ed3535f4689", "timestamp": "2026-08-07T12:14:40.851825Z", "trace_id": "794029500057f83aa54ab74c34e2e7fe"}
api-1       | {"claimed": 31, "event": "outbox_dispatch_batch_completed", "lease_lost": 0, "level": "info", "published": 31, "retry_scheduled": 0, "role": "outbox_dispatcher", "timestamp": "2026-08-07T12:14:41.460372Z"}
api-1       | INFO:     172.18.0.1:49378 - "GET /api/v1/runs/05189e8d-b561-40ec-8cf4-3b0bd8b22a57 HTTP/1.1" 200 OK
api-1       | {"api_key_prefix": "evk_5237dfcc3619", "duration_ms": 150.493, "event": "http_request_completed", "level": "info", "method": "GET", "outcome": "success", "path": "/api/v1/runs/05189e8d-b561-40ec-8cf4-3b0bd8b22a57", "request_id": "120680d0-b854-4da2-8be3-d3cce813043a", "status_code": 200, "tenant_id": "ab5af908-be70-4f29-8729-5ed3535f4689", "timestamp": "2026-08-07T12:14:41.524850Z", "trace_id": "f7c159ff120d0aef12bffcd1fce0c56f"}
api-1       | {"claimed": 30, "event": "outbox_dispatch_batch_completed", "lease_lost": 0, "level": "info", "published": 30, "retry_scheduled": 0, "role": "outbox_dispatcher", "timestamp": "2026-08-07T12:14:42.151604Z"}
api-1       | INFO:     172.18.0.1:49378 - "GET /api/v1/runs/05189e8d-b561-40ec-8cf4-3b0bd8b22a57 HTTP/1.1" 200 OK
api-1       | {"api_key_prefix": "evk_5237dfcc3619", "duration_ms": 114.709, "event": "http_request_completed", "level": "info", "method": "GET", "outcome": "success", "path": "/api/v1/runs/05189e8d-b561-40ec-8cf4-3b0bd8b22a57", "request_id": "3e97b15e-a0f2-4455-801b-ff5f9d7e282e", "status_code": 200, "tenant_id": "ab5af908-be70-4f29-8729-5ed3535f4689", "timestamp": "2026-08-07T12:14:42.162810Z", "trace_id": "ca30450f98762406f31361a34b12a2a2"}
api-1       | {"event": "Context impl PostgresqlImpl.", "level": "info", "request_id": "603c07c4-326c-4069-b622-fcd5e353c4d5", "timestamp": "2026-08-07T12:14:42.964608Z", "trace_id": "787b4ee790e391085607e7d9a2f227ed"}
api-1       | {"event": "Will assume transactional DDL.", "level": "info", "request_id": "603c07c4-326c-4069-b622-fcd5e353c4d5", "timestamp": "2026-08-07T12:14:42.964725Z", "trace_id": "787b4ee790e391085607e7d9a2f227ed"}
api-1       | {"claimed": 32, "event": "outbox_dispatch_batch_completed", "lease_lost": 0, "level": "info", "published": 32, "retry_scheduled": 0, "role": "outbox_dispatcher", "timestamp": "2026-08-07T12:14:42.973261Z"}
api-1       | INFO:     127.0.0.1:45616 - "GET /health/ready HTTP/1.1" 200 OK
api-1       | {"duration_ms": 57.977, "event": "http_request_completed", "level": "info", "method": "GET", "outcome": "success", "path": "/health/ready", "request_id": "603c07c4-326c-4069-b622-fcd5e353c4d5", "status_code": 200, "timestamp": "2026-08-07T12:14:42.981170Z", "trace_id": "787b4ee790e391085607e7d9a2f227ed"}
api-1       | INFO:     172.18.0.1:49378 - "GET /api/v1/runs/05189e8d-b561-40ec-8cf4-3b0bd8b22a57 HTTP/1.1" 200 OK
api-1       | {"api_key_prefix": "evk_5237dfcc3619", "duration_ms": 320.598, "event": "http_request_completed", "level": "info", "method": "GET", "outcome": "success", "path": "/api/v1/runs/05189e8d-b561-40ec-8cf4-3b0bd8b22a57", "request_id": "418950e0-0fb3-47b2-8dbd-3759f0375ab9", "status_code": 200, "tenant_id": "ab5af908-be70-4f29-8729-5ed3535f4689", "timestamp": "2026-08-07T12:14:42.986058Z", "trace_id": "d780adc5d2eb10ae1a77c71b2ea5d299"}
api-1       | {"claimed": 36, "event": "outbox_dispatch_batch_completed", "lease_lost": 0, "level": "info", "published": 36, "retry_scheduled": 0, "role": "outbox_dispatcher", "timestamp": "2026-08-07T12:14:43.665152Z"}
api-1       | INFO:     172.18.0.1:49378 - "GET /api/v1/runs/05189e8d-b561-40ec-8cf4-3b0bd8b22a57 HTTP/1.1" 200 OK
api-1       | {"api_key_prefix": "evk_5237dfcc3619", "duration_ms": 211.57, "event": "http_request_completed", "level": "info", "method": "GET", "outcome": "success", "path": "/api/v1/runs/05189e8d-b561-40ec-8cf4-3b0bd8b22a57", "request_id": "36ac6bf9-0986-4c8e-af7e-ec83bb690c7a", "status_code": 200, "tenant_id": "ab5af908-be70-4f29-8729-5ed3535f4689", "timestamp": "2026-08-07T12:14:43.718086Z", "trace_id": "8100e7b054a8e4b84514f4933bf42333"}
api-1       | {"claimed": 30, "event": "outbox_dispatch_batch_completed", "lease_lost": 0, "level": "info", "published": 30, "retry_scheduled": 0, "role": "outbox_dispatcher", "timestamp": "2026-08-07T12:14:44.348617Z"}
api-1       | INFO:     172.18.0.1:49378 - "GET /api/v1/runs/05189e8d-b561-40ec-8cf4-3b0bd8b22a57 HTTP/1.1" 200 OK
api-1       | {"api_key_prefix": "evk_5237dfcc3619", "duration_ms": 168.156, "event": "http_request_completed", "level": "info", "method": "GET", "outcome": "success", "path": "/api/v1/runs/05189e8d-b561-40ec-8cf4-3b0bd8b22a57", "request_id": "af8998f8-dd46-48ab-98f1-a7725265c14a", "status_code": 200, "tenant_id": "ab5af908-be70-4f29-8729-5ed3535f4689", "timestamp": "2026-08-07T12:14:44.416255Z", "trace_id": "9b9dd2594304782e047967639c84ce2b"}
api-1       | {"claimed": 31, "event": "outbox_dispatch_batch_completed", "lease_lost": 0, "level": "info", "published": 31, "retry_scheduled": 0, "role": "outbox_dispatcher", "timestamp": "2026-08-07T12:14:44.979955Z"}
api-1       | INFO:     172.18.0.1:49378 - "GET /api/v1/runs/05189e8d-b561-40ec-8cf4-3b0bd8b22a57 HTTP/1.1" 200 OK
api-1       | {"api_key_prefix": "evk_5237dfcc3619", "duration_ms": 97.068, "event": "http_request_completed", "level": "info", "method": "GET", "outcome": "success", "path": "/api/v1/runs/05189e8d-b561-40ec-8cf4-3b0bd8b22a57", "request_id": "d6976298-01ac-4c2c-921e-994616d96b5a", "status_code": 200, "tenant_id": "ab5af908-be70-4f29-8729-5ed3535f4689", "timestamp": "2026-08-07T12:14:45.029156Z", "trace_id": "e8b98af59d49f0f7152cee5facfaced1"}
api-1       | {"claimed": 30, "event": "outbox_dispatch_batch_completed", "lease_lost": 0, "level": "info", "published": 30, "retry_scheduled": 0, "role": "outbox_dispatcher", "timestamp": "2026-08-07T12:14:45.651301Z"}
api-1       | INFO:     172.18.0.1:49378 - "GET /api/v1/runs/05189e8d-b561-40ec-8cf4-3b0bd8b22a57 HTTP/1.1" 200 OK
api-1       | {"api_key_prefix": "evk_5237dfcc3619", "duration_ms": 163.291, "event": "http_request_completed", "level": "info", "method": "GET", "outcome": "success", "path": "/api/v1/runs/05189e8d-b561-40ec-8cf4-3b0bd8b22a57", "request_id": "5cca74fe-05eb-41ba-b543-cada893324de", "status_code": 200, "tenant_id": "ab5af908-be70-4f29-8729-5ed3535f4689", "timestamp": "2026-08-07T12:14:45.712472Z", "trace_id": "861f5c77d2ba4f4d5625bf51390a28ea"}
api-1       | {"claimed": 31, "event": "outbox_dispatch_batch_completed", "lease_lost": 0, "level": "info", "published": 31, "retry_scheduled": 0, "role": "outbox_dispatcher", "timestamp": "2026-08-07T12:14:46.288346Z"}
api-1       | INFO:     172.18.0.1:49378 - "GET /api/v1/runs/05189e8d-b561-40ec-8cf4-3b0bd8b22a57 HTTP/1.1" 200 OK
api-1       | {"api_key_prefix": "evk_5237dfcc3619", "duration_ms": 121.587, "event": "http_request_completed", "level": "info", "method": "GET", "outcome": "success", "path": "/api/v1/runs/05189e8d-b561-40ec-8cf4-3b0bd8b22a57", "request_id": "e6d10c87-f8e6-4994-a8d0-71f4c7b3fcfa", "status_code": 200, "tenant_id": "ab5af908-be70-4f29-8729-5ed3535f4689", "timestamp": "2026-08-07T12:14:46.356103Z", "trace_id": "c27af8d79b9e00f305bdbe582aab99bd"}
api-1       | {"claimed": 29, "event": "outbox_dispatch_batch_completed", "lease_lost": 0, "level": "info", "published": 29, "retry_scheduled": 0, "role": "outbox_dispatcher", "timestamp": "2026-08-07T12:14:46.954631Z"}
api-1       | INFO:     172.18.0.1:49378 - "GET /api/v1/runs/05189e8d-b561-40ec-8cf4-3b0bd8b22a57 HTTP/1.1" 200 OK
api-1       | {"api_key_prefix": "evk_5237dfcc3619", "duration_ms": 101.533, "event": "http_request_completed", "level": "info", "method": "GET", "outcome": "success", "path": "/api/v1/runs/05189e8d-b561-40ec-8cf4-3b0bd8b22a57", "request_id": "b85716df-33a4-477e-9599-b1b921472ca2", "status_code": 200, "tenant_id": "ab5af908-be70-4f29-8729-5ed3535f4689", "timestamp": "2026-08-07T12:14:46.971295Z", "trace_id": "8815f1a3287d8d891d3b923e0f723d1f"}
api-1       | {"claimed": 29, "event": "outbox_dispatch_batch_completed", "lease_lost": 0, "level": "info", "published": 29, "retry_scheduled": 0, "role": "outbox_dispatcher", "timestamp": "2026-08-07T12:14:47.648245Z"}
api-1       | INFO:     172.18.0.1:49378 - "GET /api/v1/runs/05189e8d-b561-40ec-8cf4-3b0bd8b22a57 HTTP/1.1" 200 OK
api-1       | {"api_key_prefix": "evk_5237dfcc3619", "duration_ms": 169.279, "event": "http_request_completed", "level": "info", "method": "GET", "outcome": "success", "path": "/api/v1/runs/05189e8d-b561-40ec-8cf4-3b0bd8b22a57", "request_id": "2fe91693-00bd-43e3-9016-8972393f03e2", "status_code": 200, "tenant_id": "ab5af908-be70-4f29-8729-5ed3535f4689", "timestamp": "2026-08-07T12:14:47.659816Z", "trace_id": "4b405ce59601ac6581ded0ee1febbf30"}
api-1       | {"claimed": 32, "event": "outbox_dispatch_batch_completed", "lease_lost": 0, "level": "info", "published": 32, "retry_scheduled": 0, "role": "outbox_dispatcher", "timestamp": "2026-08-07T12:14:48.440619Z"}
api-1       | INFO:     172.18.0.1:49378 - "GET /api/v1/runs/05189e8d-b561-40ec-8cf4-3b0bd8b22a57 HTTP/1.1" 200 OK
api-1       | {"api_key_prefix": "evk_5237dfcc3619", "duration_ms": 293.235, "event": "http_request_completed", "level": "info", "method": "GET", "outcome": "success", "path": "/api/v1/runs/05189e8d-b561-40ec-8cf4-3b0bd8b22a57", "request_id": "508145a7-158d-4830-8881-55c8b8a91e6d", "status_code": 200, "tenant_id": "ab5af908-be70-4f29-8729-5ed3535f4689", "timestamp": "2026-08-07T12:14:48.456165Z", "trace_id": "4fc7d0b9cc519335a0dc1034f6dccd0c"}
api-1       | {"event": "Context impl PostgresqlImpl.", "level": "info", "request_id": "82cbdc5e-d141-4503-82bf-433d6502c939", "timestamp": "2026-08-07T12:14:48.555778Z", "trace_id": "ade67bf40399a592b560409052f573bb"}
api-1       | {"event": "Will assume transactional DDL.", "level": "info", "request_id": "82cbdc5e-d141-4503-82bf-433d6502c939", "timestamp": "2026-08-07T12:14:48.555946Z", "trace_id": "ade67bf40399a592b560409052f573bb"}
api-1       | INFO:     127.0.0.1:51330 - "GET /health/ready HTTP/1.1" 200 OK
api-1       | {"duration_ms": 22.181, "event": "http_request_completed", "level": "info", "method": "GET", "outcome": "success", "path": "/health/ready", "request_id": "82cbdc5e-d141-4503-82bf-433d6502c939", "status_code": 200, "timestamp": "2026-08-07T12:14:48.562706Z", "trace_id": "ade67bf40399a592b560409052f573bb"}
api-1       | {"claimed": 36, "event": "outbox_dispatch_batch_completed", "lease_lost": 0, "level": "info", "published": 36, "retry_scheduled": 0, "role": "outbox_dispatcher", "timestamp": "2026-08-07T12:14:49.090653Z"}
api-1       | INFO:     172.18.0.1:49378 - "GET /api/v1/runs/05189e8d-b561-40ec-8cf4-3b0bd8b22a57 HTTP/1.1" 200 OK
api-1       | {"api_key_prefix": "evk_5237dfcc3619", "duration_ms": 209.555, "event": "http_request_completed", "level": "info", "method": "GET", "outcome": "success", "path": "/api/v1/runs/05189e8d-b561-40ec-8cf4-3b0bd8b22a57", "request_id": "74a8f25d-b2d8-40a3-a0ba-406c301f05df", "status_code": 200, "tenant_id": "ab5af908-be70-4f29-8729-5ed3535f4689", "timestamp": "2026-08-07T12:14:49.175106Z", "trace_id": "bfc6577fa59ade5ba6017f41aba8d198"}
api-1       | {"claimed": 28, "event": "outbox_dispatch_batch_completed", "lease_lost": 0, "level": "info", "published": 28, "retry_scheduled": 0, "role": "outbox_dispatcher", "timestamp": "2026-08-07T12:14:49.756250Z"}
api-1       | INFO:     172.18.0.1:49378 - "GET /api/v1/runs/05189e8d-b561-40ec-8cf4-3b0bd8b22a57 HTTP/1.1" 200 OK
api-1       | {"api_key_prefix": "evk_5237dfcc3619", "duration_ms": 135.935, "event": "http_request_completed", "level": "info", "method": "GET", "outcome": "success", "path": "/api/v1/runs/05189e8d-b561-40ec-8cf4-3b0bd8b22a57", "request_id": "a109fe02-f0d0-47b9-928d-784def03e486", "status_code": 200, "tenant_id": "ab5af908-be70-4f29-8729-5ed3535f4689", "timestamp": "2026-08-07T12:14:49.819416Z", "trace_id": "3b094e6026cbbb092be989e05841c3eb"}
api-1       | {"claimed": 10, "event": "outbox_dispatch_batch_completed", "lease_lost": 0, "level": "info", "published": 10, "retry_scheduled": 0, "role": "outbox_dispatcher", "timestamp": "2026-08-07T12:14:50.313268Z"}
api-1       | INFO:     172.18.0.1:49378 - "GET /api/v1/runs/05189e8d-b561-40ec-8cf4-3b0bd8b22a57 HTTP/1.1" 200 OK
api-1       | {"api_key_prefix": "evk_5237dfcc3619", "duration_ms": 59.484, "event": "http_request_completed", "level": "info", "method": "GET", "outcome": "success", "path": "/api/v1/runs/05189e8d-b561-40ec-8cf4-3b0bd8b22a57", "request_id": "03bf5d68-5c7d-4b64-b2a3-898116eaa4dc", "status_code": 200, "tenant_id": "ab5af908-be70-4f29-8729-5ed3535f4689", "timestamp": "2026-08-07T12:14:50.381476Z", "trace_id": "df0a0322d86292fd35d126063fb9c102"}
api-1       | INFO:     172.18.0.1:49378 - "GET /api/v1/runs/05189e8d-b561-40ec-8cf4-3b0bd8b22a57/cases?limit=200&sort=case_id HTTP/1.1" 200 OK
api-1       | {"api_key_prefix": "evk_5237dfcc3619", "duration_ms": 72.801, "event": "http_request_completed", "level": "info", "method": "GET", "outcome": "success", "path": "/api/v1/runs/05189e8d-b561-40ec-8cf4-3b0bd8b22a57/cases", "request_id": "3e54aeae-b8f8-497e-8921-ae88057aeb33", "status_code": 200, "tenant_id": "ab5af908-be70-4f29-8729-5ed3535f4689", "timestamp": "2026-08-07T12:14:50.456267Z", "trace_id": "fa5b0a2b7961322ac2efe54b99b9bd3f"}
api-1       | INFO:     172.18.0.1:49378 - "GET /api/v1/runs/05189e8d-b561-40ec-8cf4-3b0bd8b22a57/cases?limit=200&sort=case_id&cursor=eyJkaXJlY3Rpb24iOiJhc2MiLCJlcnJvcl9jb2RlIjpudWxsLCJqb2JfaWQiOiJlZGI1MWJkNS0zODI4LTQ4ZTktOWEyYy05MTEyYzIwZDNlOTEiLCJtZXRyaWMiOm51bGwsInNvcnQiOiJjYXNlX2lkIiwic3RhdHVzIjpudWxsLCJ2IjoxLCJ2YWx1ZSI6ImxvYWQtMDE5OSJ9 HTTP/1.1" 200 OK
api-1       | {"api_key_prefix": "evk_5237dfcc3619", "duration_ms": 70.019, "event": "http_request_completed", "level": "info", "method": "GET", "outcome": "success", "path": "/api/v1/runs/05189e8d-b561-40ec-8cf4-3b0bd8b22a57/cases", "request_id": "3c8c7db7-a131-4826-a39d-07d46c651f9e", "status_code": 200, "tenant_id": "ab5af908-be70-4f29-8729-5ed3535f4689", "timestamp": "2026-08-07T12:14:50.529003Z", "trace_id": "e9640ebdf2cd212536cc7446f35cf553"}
api-1       | INFO:     172.18.0.1:49378 - "GET /api/v1/runs/05189e8d-b561-40ec-8cf4-3b0bd8b22a57/cases?limit=200&sort=case_id&cursor=eyJkaXJlY3Rpb24iOiJhc2MiLCJlcnJvcl9jb2RlIjpudWxsLCJqb2JfaWQiOiJiMDhhOGFmNi05NDBiLTQ3NTgtOTdiMi05MDFjYWJhYmFmZDYiLCJtZXRyaWMiOm51bGwsInNvcnQiOiJjYXNlX2lkIiwic3RhdHVzIjpudWxsLCJ2IjoxLCJ2YWx1ZSI6ImxvYWQtMDM5OSJ9 HTTP/1.1" 200 OK
api-1       | {"api_key_prefix": "evk_5237dfcc3619", "duration_ms": 65.349, "event": "http_request_completed", "level": "info", "method": "GET", "outcome": "success", "path": "/api/v1/runs/05189e8d-b561-40ec-8cf4-3b0bd8b22a57/cases", "request_id": "3b062e9c-b35e-4e6a-939b-2d9b3bdc71f2", "status_code": 200, "tenant_id": "ab5af908-be70-4f29-8729-5ed3535f4689", "timestamp": "2026-08-07T12:14:50.596871Z", "trace_id": "2ac30754d11f6f4ee86d238426e564e6"}
api-1       | INFO:     127.0.0.1:51346 - "GET /metrics HTTP/1.1" 200 OK
api-1       | {"duration_ms": 19.154, "event": "http_request_completed", "level": "info", "method": "GET", "outcome": "success", "path": "/metrics", "request_id": "365d0272-4833-4bbf-a646-7a4a9c233614", "status_code": 200, "timestamp": "2026-08-07T12:14:50.980757Z", "trace_id": "fe1d610e840359036565cd1796b94245"}
api-1       | {"event": "Context impl PostgresqlImpl.", "level": "info", "request_id": "4a2b936a-c491-4470-a3fe-adf07b39da9c", "timestamp": "2026-08-07T12:14:53.934766Z", "trace_id": "4f6b6ec4a68a468d0a48ffee92f06654"}
api-1       | {"event": "Will assume transactional DDL.", "level": "info", "request_id": "4a2b936a-c491-4470-a3fe-adf07b39da9c", "timestamp": "2026-08-07T12:14:53.934922Z", "trace_id": "4f6b6ec4a68a468d0a48ffee92f06654"}
api-1       | INFO:     127.0.0.1:51380 - "GET /health/ready HTTP/1.1" 200 OK
api-1       | {"duration_ms": 21.56, "event": "http_request_completed", "level": "info", "method": "GET", "outcome": "success", "path": "/health/ready", "request_id": "4a2b936a-c491-4470-a3fe-adf07b39da9c", "status_code": 200, "timestamp": "2026-08-07T12:14:53.941456Z", "trace_id": "4f6b6ec4a68a468d0a48ffee92f06654"}
api-1       | INFO:     172.18.0.1:49378 - "POST /api/v1/runs HTTP/1.1" 202 Accepted
api-1       | {"api_key_prefix": "evk_5237dfcc3619", "duration_ms": 126.935, "event": "http_request_completed", "level": "info", "method": "POST", "outcome": "success", "path": "/api/v1/runs", "request_id": "b15adb8e-f446-4e56-acf4-448d701c01fc", "status_code": 202, "tenant_id": "ab5af908-be70-4f29-8729-5ed3535f4689", "timestamp": "2026-08-07T12:14:54.781135Z", "trace_id": "a1b1d8ad41876eac053ebb2ff18c8232"}
api-1       | INFO:     172.18.0.1:49378 - "GET /api/v1/runs/9355cde8-fc83-4b5e-aa0a-7ac5558932e4 HTTP/1.1" 200 OK
api-1       | {"api_key_prefix": "evk_5237dfcc3619", "duration_ms": 82.987, "event": "http_request_completed", "level": "info", "method": "GET", "outcome": "success", "path": "/api/v1/runs/9355cde8-fc83-4b5e-aa0a-7ac5558932e4", "request_id": "7775da79-0aba-4a6c-9a58-f66932ca55b0", "status_code": 200, "tenant_id": "ab5af908-be70-4f29-8729-5ed3535f4689", "timestamp": "2026-08-07T12:14:54.864744Z", "trace_id": "6037adef75774ae09cb692171851b86c"}
api-1       | INFO:     172.18.0.1:49378 - "GET /api/v1/runs/9355cde8-fc83-4b5e-aa0a-7ac5558932e4 HTTP/1.1" 200 OK
api-1       | {"api_key_prefix": "evk_5237dfcc3619", "duration_ms": 305.885, "event": "http_request_completed", "level": "info", "method": "GET", "outcome": "success", "path": "/api/v1/runs/9355cde8-fc83-4b5e-aa0a-7ac5558932e4", "request_id": "9720479f-d212-401e-a3d7-13d2051653e6", "status_code": 200, "tenant_id": "ab5af908-be70-4f29-8729-5ed3535f4689", "timestamp": "2026-08-07T12:14:55.672519Z", "trace_id": "2c9f284b9b34b8761c517b72b21712da"}
api-1       | {"claimed": 22, "event": "outbox_dispatch_batch_completed", "lease_lost": 0, "level": "info", "published": 22, "retry_scheduled": 0, "role": "outbox_dispatcher", "timestamp": "2026-08-07T12:14:55.709268Z"}
api-1       | {"claimed": 46, "event": "outbox_dispatch_batch_completed", "lease_lost": 0, "level": "info", "published": 46, "retry_scheduled": 0, "role": "outbox_dispatcher", "timestamp": "2026-08-07T12:14:56.567198Z"}
api-1       | INFO:     172.18.0.1:49378 - "GET /api/v1/runs/9355cde8-fc83-4b5e-aa0a-7ac5558932e4 HTTP/1.1" 200 OK
api-1       | {"api_key_prefix": "evk_5237dfcc3619", "duration_ms": 394.985, "event": "http_request_completed", "level": "info", "method": "GET", "outcome": "success", "path": "/api/v1/runs/9355cde8-fc83-4b5e-aa0a-7ac5558932e4", "request_id": "e0bed187-f857-4c17-8e2b-82399b62955e", "status_code": 200, "tenant_id": "ab5af908-be70-4f29-8729-5ed3535f4689", "timestamp": "2026-08-07T12:14:56.571447Z", "trace_id": "7f849044dc4320e118f5e66eeb2b7989"}
api-1       | INFO:     172.18.0.1:49378 - "GET /api/v1/runs/9355cde8-fc83-4b5e-aa0a-7ac5558932e4/cases?limit=200&sort=case_id HTTP/1.1" 200 OK
api-1       | {"api_key_prefix": "evk_5237dfcc3619", "duration_ms": 67.393, "event": "http_request_completed", "level": "info", "method": "GET", "outcome": "success", "path": "/api/v1/runs/9355cde8-fc83-4b5e-aa0a-7ac5558932e4/cases", "request_id": "ff6d588c-3d5f-4997-9ee8-009328f36bf3", "status_code": 200, "tenant_id": "ab5af908-be70-4f29-8729-5ed3535f4689", "timestamp": "2026-08-07T12:14:56.642875Z", "trace_id": "fe177db3cb8df8d0a6badd53b5d435b9"}
api-1       | INFO:     127.0.0.1:55000 - "GET /metrics HTTP/1.1" 200 OK
api-1       | {"duration_ms": 20.852, "event": "http_request_completed", "level": "info", "method": "GET", "outcome": "success", "path": "/metrics", "request_id": "a93f145d-ece5-4544-bf08-b415c147f89f", "status_code": 200, "timestamp": "2026-08-07T12:14:57.062519Z", "trace_id": "53abde8d513bd87af704e42d9348a1d5"}
api-1       | {"claimed": 34, "event": "outbox_dispatch_batch_completed", "lease_lost": 0, "level": "info", "published": 34, "retry_scheduled": 0, "role": "outbox_dispatcher", "timestamp": "2026-08-07T12:14:57.251052Z"}
api-1       | INFO:     172.18.0.1:49378 - "POST /api/v1/runs HTTP/1.1" 202 Accepted
api-1       | {"api_key_prefix": "evk_5237dfcc3619", "duration_ms": 205.379, "event": "http_request_completed", "level": "info", "method": "POST", "outcome": "success", "path": "/api/v1/runs", "request_id": "7e600fff-21d8-4801-9790-5d192c21db73", "status_code": 202, "tenant_id": "ab5af908-be70-4f29-8729-5ed3535f4689", "timestamp": "2026-08-07T12:14:58.805754Z", "trace_id": "d2af9664971982aafb2f7a1bc5c44e14"}
api-1       | INFO:     172.18.0.1:49378 - "GET /api/v1/runs/815a11cf-cf17-4edd-a41b-dffbbcb1c97d HTTP/1.1" 200 OK
api-1       | {"api_key_prefix": "evk_5237dfcc3619", "duration_ms": 57.112, "event": "http_request_completed", "level": "info", "method": "GET", "outcome": "success", "path": "/api/v1/runs/815a11cf-cf17-4edd-a41b-dffbbcb1c97d", "request_id": "2e3fa0cc-23e1-4e01-a66b-4bf4805aa4af", "status_code": 200, "tenant_id": "ab5af908-be70-4f29-8729-5ed3535f4689", "timestamp": "2026-08-07T12:14:58.864595Z", "trace_id": "2c000acb998273fe21719eb41476f6c3"}
api-1       | {"event": "Context impl PostgresqlImpl.", "level": "info", "request_id": "e1a7569e-517b-4435-8d47-4ae9115130bf", "timestamp": "2026-08-07T12:14:59.375381Z", "trace_id": "7ae35b5ce84776f9dc6165245458403b"}
api-1       | {"event": "Will assume transactional DDL.", "level": "info", "request_id": "e1a7569e-517b-4435-8d47-4ae9115130bf", "timestamp": "2026-08-07T12:14:59.375530Z", "trace_id": "7ae35b5ce84776f9dc6165245458403b"}
api-1       | INFO:     127.0.0.1:55006 - "GET /health/ready HTTP/1.1" 200 OK
api-1       | {"duration_ms": 155.848, "event": "http_request_completed", "level": "info", "method": "GET", "outcome": "success", "path": "/health/ready", "request_id": "e1a7569e-517b-4435-8d47-4ae9115130bf", "status_code": 200, "timestamp": "2026-08-07T12:14:59.457409Z", "trace_id": "7ae35b5ce84776f9dc6165245458403b"}
api-1       | {"claimed": 32, "event": "outbox_dispatch_batch_completed", "lease_lost": 0, "level": "info", "published": 32, "retry_scheduled": 0, "role": "outbox_dispatcher", "timestamp": "2026-08-07T12:14:59.599543Z"}
api-1       | INFO:     172.18.0.1:49378 - "GET /api/v1/runs/815a11cf-cf17-4edd-a41b-dffbbcb1c97d HTTP/1.1" 200 OK
api-1       | {"api_key_prefix": "evk_5237dfcc3619", "duration_ms": 371.677, "event": "http_request_completed", "level": "info", "method": "GET", "outcome": "success", "path": "/api/v1/runs/815a11cf-cf17-4edd-a41b-dffbbcb1c97d", "request_id": "cc178619-6814-440b-b3f2-ddc368d7e985", "status_code": 200, "tenant_id": "ab5af908-be70-4f29-8729-5ed3535f4689", "timestamp": "2026-08-07T12:14:59.749654Z", "trace_id": "8787fce0a1849aaa7a722875deef17d7"}
api-1       | {"claimed": 50, "event": "outbox_dispatch_batch_completed", "lease_lost": 0, "level": "info", "published": 50, "retry_scheduled": 0, "role": "outbox_dispatcher", "timestamp": "2026-08-07T12:15:00.381857Z"}
api-1       | INFO:     172.18.0.1:49378 - "GET /api/v1/runs/815a11cf-cf17-4edd-a41b-dffbbcb1c97d HTTP/1.1" 200 OK
api-1       | {"api_key_prefix": "evk_5237dfcc3619", "duration_ms": 140.267, "event": "http_request_completed", "level": "info", "method": "GET", "outcome": "success", "path": "/api/v1/runs/815a11cf-cf17-4edd-a41b-dffbbcb1c97d", "request_id": "baa94afc-8341-47c1-8011-83cb758bd877", "status_code": 200, "tenant_id": "ab5af908-be70-4f29-8729-5ed3535f4689", "timestamp": "2026-08-07T12:15:00.394565Z", "trace_id": "5e49c6a5f111f9a68beb8ff8477286f3"}
api-1       | {"claimed": 50, "event": "outbox_dispatch_batch_completed", "lease_lost": 0, "level": "info", "published": 50, "retry_scheduled": 0, "role": "outbox_dispatcher", "timestamp": "2026-08-07T12:15:01.284686Z"}
api-1       | INFO:     172.18.0.1:49378 - "GET /api/v1/runs/815a11cf-cf17-4edd-a41b-dffbbcb1c97d HTTP/1.1" 200 OK
api-1       | {"api_key_prefix": "evk_5237dfcc3619", "duration_ms": 462.308, "event": "http_request_completed", "level": "info", "method": "GET", "outcome": "success", "path": "/api/v1/runs/815a11cf-cf17-4edd-a41b-dffbbcb1c97d", "request_id": "7ab997b5-cf66-4834-9e70-52e81d339072", "status_code": 200, "tenant_id": "ab5af908-be70-4f29-8729-5ed3535f4689", "timestamp": "2026-08-07T12:15:01.360040Z", "trace_id": "27a46cbf04a99485527616114e1b1682"}
api-1       | {"claimed": 50, "event": "outbox_dispatch_batch_completed", "lease_lost": 0, "level": "info", "published": 50, "retry_scheduled": 0, "role": "outbox_dispatcher", "timestamp": "2026-08-07T12:15:02.066932Z"}
api-1       | INFO:     172.18.0.1:49378 - "GET /api/v1/runs/815a11cf-cf17-4edd-a41b-dffbbcb1c97d HTTP/1.1" 200 OK
api-1       | {"api_key_prefix": "evk_5237dfcc3619", "duration_ms": 302.601, "event": "http_request_completed", "level": "info", "method": "GET", "outcome": "success", "path": "/api/v1/runs/815a11cf-cf17-4edd-a41b-dffbbcb1c97d", "request_id": "c5fa6542-8568-417c-ad3c-5bfd4e8fff3a", "status_code": 200, "tenant_id": "ab5af908-be70-4f29-8729-5ed3535f4689", "timestamp": "2026-08-07T12:15:02.172319Z", "trace_id": "ae2d8e88c85382c2f11d30724f81eefb"}
api-1       | {"claimed": 50, "event": "outbox_dispatch_batch_completed", "lease_lost": 0, "level": "info", "published": 50, "retry_scheduled": 0, "role": "outbox_dispatcher", "timestamp": "2026-08-07T12:15:02.798223Z"}
api-1       | INFO:     172.18.0.1:49378 - "GET /api/v1/runs/815a11cf-cf17-4edd-a41b-dffbbcb1c97d HTTP/1.1" 200 OK
api-1       | {"api_key_prefix": "evk_5237dfcc3619", "duration_ms": 239.003, "event": "http_request_completed", "level": "info", "method": "GET", "outcome": "success", "path": "/api/v1/runs/815a11cf-cf17-4edd-a41b-dffbbcb1c97d", "request_id": "8ab22800-e431-45e0-b628-bcf06bdfe528", "status_code": 200, "tenant_id": "ab5af908-be70-4f29-8729-5ed3535f4689", "timestamp": "2026-08-07T12:15:02.927977Z", "trace_id": "debc891c4e17cfb3fa67b66b15763283"}
api-1       | {"claimed": 50, "event": "outbox_dispatch_batch_completed", "lease_lost": 0, "level": "info", "published": 50, "retry_scheduled": 0, "role": "outbox_dispatcher", "timestamp": "2026-08-07T12:15:03.552768Z"}
api-1       | INFO:     172.18.0.1:49378 - "GET /api/v1/runs/815a11cf-cf17-4edd-a41b-dffbbcb1c97d HTTP/1.1" 200 OK
api-1       | {"api_key_prefix": "evk_5237dfcc3619", "duration_ms": 200.535, "event": "http_request_completed", "level": "info", "method": "GET", "outcome": "success", "path": "/api/v1/runs/815a11cf-cf17-4edd-a41b-dffbbcb1c97d", "request_id": "fe5aa2e4-0170-4de6-b6f5-f567270076c2", "status_code": 200, "tenant_id": "ab5af908-be70-4f29-8729-5ed3535f4689", "timestamp": "2026-08-07T12:15:03.633575Z", "trace_id": "7072540e669324345438a5216ece9f67"}
api-1       | {"claimed": 50, "event": "outbox_dispatch_batch_completed", "lease_lost": 0, "level": "info", "published": 50, "retry_scheduled": 0, "role": "outbox_dispatcher", "timestamp": "2026-08-07T12:15:04.312523Z"}
api-1       | INFO:     172.18.0.1:49378 - "GET /api/v1/runs/815a11cf-cf17-4edd-a41b-dffbbcb1c97d HTTP/1.1" 200 OK
api-1       | {"api_key_prefix": "evk_5237dfcc3619", "duration_ms": 291.958, "event": "http_request_completed", "level": "info", "method": "GET", "outcome": "success", "path": "/api/v1/runs/815a11cf-cf17-4edd-a41b-dffbbcb1c97d", "request_id": "1faa6e77-8263-498b-8798-d4d550eda699", "status_code": 200, "tenant_id": "ab5af908-be70-4f29-8729-5ed3535f4689", "timestamp": "2026-08-07T12:15:04.433024Z", "trace_id": "2785cb10ffbbd1420b14393777a33b8c"}
api-1       | {"event": "Context impl PostgresqlImpl.", "level": "info", "request_id": "8774f54c-ca75-4d7b-a86f-f48dacc7c49d", "timestamp": "2026-08-07T12:15:04.912214Z", "trace_id": "d6342e12b71e0c0c92e9af13fb1b90a9"}
api-1       | {"event": "Will assume transactional DDL.", "level": "info", "request_id": "8774f54c-ca75-4d7b-a86f-f48dacc7c49d", "timestamp": "2026-08-07T12:15:04.912344Z", "trace_id": "d6342e12b71e0c0c92e9af13fb1b90a9"}
api-1       | INFO:     127.0.0.1:55030 - "GET /health/ready HTTP/1.1" 200 OK
api-1       | {"duration_ms": 135.888, "event": "http_request_completed", "level": "info", "method": "GET", "outcome": "success", "path": "/health/ready", "request_id": "8774f54c-ca75-4d7b-a86f-f48dacc7c49d", "status_code": 200, "timestamp": "2026-08-07T12:15:05.008544Z", "trace_id": "d6342e12b71e0c0c92e9af13fb1b90a9"}
api-1       | {"claimed": 50, "event": "outbox_dispatch_batch_completed", "lease_lost": 0, "level": "info", "published": 50, "retry_scheduled": 0, "role": "outbox_dispatcher", "timestamp": "2026-08-07T12:15:05.248569Z"}
api-1       | INFO:     172.18.0.1:49378 - "GET /api/v1/runs/815a11cf-cf17-4edd-a41b-dffbbcb1c97d HTTP/1.1" 200 OK
api-1       | {"api_key_prefix": "evk_5237dfcc3619", "duration_ms": 377.023, "event": "http_request_completed", "level": "info", "method": "GET", "outcome": "success", "path": "/api/v1/runs/815a11cf-cf17-4edd-a41b-dffbbcb1c97d", "request_id": "57ad3020-f425-4079-bc8a-da1ca586b58c", "status_code": 200, "tenant_id": "ab5af908-be70-4f29-8729-5ed3535f4689", "timestamp": "2026-08-07T12:15:05.349852Z", "trace_id": "25952cb062261cc3120a3121b3c9661e"}
api-1       | {"claimed": 50, "event": "outbox_dispatch_batch_completed", "lease_lost": 0, "level": "info", "published": 50, "retry_scheduled": 0, "role": "outbox_dispatcher", "timestamp": "2026-08-07T12:15:05.980781Z"}
api-1       | INFO:     172.18.0.1:49378 - "GET /api/v1/runs/815a11cf-cf17-4edd-a41b-dffbbcb1c97d HTTP/1.1" 200 OK
api-1       | {"api_key_prefix": "evk_5237dfcc3619", "duration_ms": 182.528, "event": "http_request_completed", "level": "info", "method": "GET", "outcome": "success", "path": "/api/v1/runs/815a11cf-cf17-4edd-a41b-dffbbcb1c97d", "request_id": "807dfbef-f923-4e37-bc3f-29e395ea5552", "status_code": 200, "tenant_id": "ab5af908-be70-4f29-8729-5ed3535f4689", "timestamp": "2026-08-07T12:15:06.054976Z", "trace_id": "d5049712b1a6deb8700286da301b6d3f"}
api-1       | {"claimed": 50, "event": "outbox_dispatch_batch_completed", "lease_lost": 0, "level": "info", "published": 50, "retry_scheduled": 0, "role": "outbox_dispatcher", "timestamp": "2026-08-07T12:15:06.662502Z"}
api-1       | INFO:     172.18.0.1:49378 - "GET /api/v1/runs/815a11cf-cf17-4edd-a41b-dffbbcb1c97d HTTP/1.1" 200 OK
api-1       | {"api_key_prefix": "evk_5237dfcc3619", "duration_ms": 98.961, "event": "http_request_completed", "level": "info", "method": "GET", "outcome": "success", "path": "/api/v1/runs/815a11cf-cf17-4edd-a41b-dffbbcb1c97d", "request_id": "516debda-fbde-40a0-88fc-6be4ce098458", "status_code": 200, "tenant_id": "ab5af908-be70-4f29-8729-5ed3535f4689", "timestamp": "2026-08-07T12:15:06.671531Z", "trace_id": "088e00aaed3995b53b2d4e700781dc92"}
api-1       | INFO:     172.18.0.1:49378 - "GET /api/v1/runs/815a11cf-cf17-4edd-a41b-dffbbcb1c97d/cases?limit=200&sort=case_id HTTP/1.1" 200 OK
api-1       | {"api_key_prefix": "evk_5237dfcc3619", "duration_ms": 96.643, "event": "http_request_completed", "level": "info", "method": "GET", "outcome": "success", "path": "/api/v1/runs/815a11cf-cf17-4edd-a41b-dffbbcb1c97d/cases", "request_id": "1bcb9fd1-01d7-41cf-b574-1bced1d4776e", "status_code": 200, "tenant_id": "ab5af908-be70-4f29-8729-5ed3535f4689", "timestamp": "2026-08-07T12:15:06.769894Z", "trace_id": "5d8891fde6d27eb256a39bbf763e94d7"}
api-1       | INFO:     172.18.0.1:49378 - "GET /api/v1/runs/815a11cf-cf17-4edd-a41b-dffbbcb1c97d/cases?limit=200&sort=case_id&cursor=eyJkaXJlY3Rpb24iOiJhc2MiLCJlcnJvcl9jb2RlIjpudWxsLCJqb2JfaWQiOiIzY2U4ODRjMC1lYjI5LTQ1YzUtYWUzZi0xZWZjMDY3ZmRlNTciLCJtZXRyaWMiOm51bGwsInNvcnQiOiJjYXNlX2lkIiwic3RhdHVzIjpudWxsLCJ2IjoxLCJ2YWx1ZSI6ImxvYWQtMDE5OSJ9 HTTP/1.1" 200 OK
api-1       | {"api_key_prefix": "evk_5237dfcc3619", "duration_ms": 138.206, "event": "http_request_completed", "level": "info", "method": "GET", "outcome": "success", "path": "/api/v1/runs/815a11cf-cf17-4edd-a41b-dffbbcb1c97d/cases", "request_id": "ac7a8786-67f6-48d6-8bef-75db9b8a424c", "status_code": 200, "tenant_id": "ab5af908-be70-4f29-8729-5ed3535f4689", "timestamp": "2026-08-07T12:15:06.910977Z", "trace_id": "6590e41c74cf70151b45e11a74655b6c"}
api-1       | INFO:     172.18.0.1:49378 - "GET /api/v1/runs/815a11cf-cf17-4edd-a41b-dffbbcb1c97d/cases?limit=200&sort=case_id&cursor=eyJkaXJlY3Rpb24iOiJhc2MiLCJlcnJvcl9jb2RlIjpudWxsLCJqb2JfaWQiOiI1N2U4MmQ2Ni1jZGM2LTQ5ZGUtYTUzYi05NGFhODE2YWEzY2QiLCJtZXRyaWMiOm51bGwsInNvcnQiOiJjYXNlX2lkIiwic3RhdHVzIjpudWxsLCJ2IjoxLCJ2YWx1ZSI6ImxvYWQtMDM5OSJ9 HTTP/1.1" 200 OK
api-1       | {"api_key_prefix": "evk_5237dfcc3619", "duration_ms": 64.971, "event": "http_request_completed", "level": "info", "method": "GET", "outcome": "success", "path": "/api/v1/runs/815a11cf-cf17-4edd-a41b-dffbbcb1c97d/cases", "request_id": "ef930523-b5b8-4377-90b3-0f3bf95566bc", "status_code": 200, "tenant_id": "ab5af908-be70-4f29-8729-5ed3535f4689", "timestamp": "2026-08-07T12:15:06.978500Z", "trace_id": "0b3fa0961fe65b103cea2bb83d3ec42e"}
api-1       | {"claimed": 50, "event": "outbox_dispatch_batch_completed", "lease_lost": 0, "level": "info", "published": 50, "retry_scheduled": 0, "role": "outbox_dispatcher", "timestamp": "2026-08-07T12:15:07.444652Z"}
api-1       | INFO:     127.0.0.1:56914 - "GET /metrics HTTP/1.1" 200 OK
api-1       | {"duration_ms": 19.856, "event": "http_request_completed", "level": "info", "method": "GET", "outcome": "success", "path": "/metrics", "request_id": "2b285d3b-8427-4db3-88e1-946d608bde5e", "status_code": 200, "timestamp": "2026-08-07T12:15:07.543605Z", "trace_id": "436c32509b1ba34b4333e43aaf53da6f"}
api-1       | {"claimed": 50, "event": "outbox_dispatch_batch_completed", "lease_lost": 0, "level": "info", "published": 50, "retry_scheduled": 0, "role": "outbox_dispatcher", "timestamp": "2026-08-07T12:15:08.155444Z"}
api-1       | {"claimed": 50, "event": "outbox_dispatch_batch_completed", "lease_lost": 0, "level": "info", "published": 50, "retry_scheduled": 0, "role": "outbox_dispatcher", "timestamp": "2026-08-07T12:15:08.868697Z"}
api-1       | {"claimed": 50, "event": "outbox_dispatch_batch_completed", "lease_lost": 0, "level": "info", "published": 50, "retry_scheduled": 0, "role": "outbox_dispatcher", "timestamp": "2026-08-07T12:15:09.550408Z"}
api-1       | {"claimed": 50, "event": "outbox_dispatch_batch_completed", "lease_lost": 0, "level": "info", "published": 50, "retry_scheduled": 0, "role": "outbox_dispatcher", "timestamp": "2026-08-07T12:15:10.321770Z"}
api-1       | {"event": "Context impl PostgresqlImpl.", "level": "info", "request_id": "e511c944-a244-4f25-a5b6-accc0d034c8b", "timestamp": "2026-08-07T12:15:10.486262Z", "trace_id": "1ca91e0c8bb31ec2c875a834466867d2"}
api-1       | {"event": "Will assume transactional DDL.", "level": "info", "request_id": "e511c944-a244-4f25-a5b6-accc0d034c8b", "timestamp": "2026-08-07T12:15:10.486377Z", "trace_id": "1ca91e0c8bb31ec2c875a834466867d2"}
api-1       | INFO:     127.0.0.1:56930 - "GET /health/ready HTTP/1.1" 200 OK
api-1       | {"duration_ms": 21.975, "event": "http_request_completed", "level": "info", "method": "GET", "outcome": "success", "path": "/health/ready", "request_id": "e511c944-a244-4f25-a5b6-accc0d034c8b", "status_code": 200, "timestamp": "2026-08-07T12:15:10.493342Z", "trace_id": "1ca91e0c8bb31ec2c875a834466867d2"}
api-1       | {"claimed": 50, "event": "outbox_dispatch_batch_completed", "lease_lost": 0, "level": "info", "published": 50, "retry_scheduled": 0, "role": "outbox_dispatcher", "timestamp": "2026-08-07T12:15:10.989338Z"}
api-1       | {"claimed": 50, "event": "outbox_dispatch_batch_completed", "lease_lost": 0, "level": "info", "published": 50, "retry_scheduled": 0, "role": "outbox_dispatcher", "timestamp": "2026-08-07T12:15:11.686672Z"}
api-1       | {"claimed": 50, "event": "outbox_dispatch_batch_completed", "lease_lost": 0, "level": "info", "published": 50, "retry_scheduled": 0, "role": "outbox_dispatcher", "timestamp": "2026-08-07T12:15:12.452295Z"}
api-1       | INFO:     172.18.0.1:45708 - "POST /api/v1/runs HTTP/1.1" 202 Accepted
api-1       | {"api_key_prefix": "evk_5237dfcc3619", "duration_ms": 251.58, "event": "http_request_completed", "level": "info", "method": "POST", "outcome": "success", "path": "/api/v1/runs", "request_id": "abef0619-38a5-485e-ac51-693688f100b1", "status_code": 202, "tenant_id": "ab5af908-be70-4f29-8729-5ed3535f4689", "timestamp": "2026-08-07T12:15:12.565747Z", "trace_id": "2db4648999f395ea0ee73cd8a86a73e5"}
api-1       | INFO:     172.18.0.1:45708 - "GET /api/v1/runs/a1ef85cc-690e-4264-a9f1-e36053f5c462 HTTP/1.1" 200 OK
api-1       | {"api_key_prefix": "evk_5237dfcc3619", "duration_ms": 67.128, "event": "http_request_completed", "level": "info", "method": "GET", "outcome": "success", "path": "/api/v1/runs/a1ef85cc-690e-4264-a9f1-e36053f5c462", "request_id": "a083ec31-45c5-4dae-a5bf-b0bffbe25850", "status_code": 200, "tenant_id": "ab5af908-be70-4f29-8729-5ed3535f4689", "timestamp": "2026-08-07T12:15:12.634903Z", "trace_id": "2c849af51ccbcc69f4ddb6d41fb74015"}
api-1       | {"claimed": 50, "event": "outbox_dispatch_batch_completed", "lease_lost": 0, "level": "info", "published": 50, "retry_scheduled": 0, "role": "outbox_dispatcher", "timestamp": "2026-08-07T12:15:13.161475Z"}
api-1       | INFO:     172.18.0.1:45708 - "GET /api/v1/runs/a1ef85cc-690e-4264-a9f1-e36053f5c462 HTTP/1.1" 200 OK
api-1       | {"api_key_prefix": "evk_5237dfcc3619", "duration_ms": 93.649, "event": "http_request_completed", "level": "info", "method": "GET", "outcome": "success", "path": "/api/v1/runs/a1ef85cc-690e-4264-a9f1-e36053f5c462", "request_id": "c69140bc-cde5-4692-a6e4-10c3e80d267f", "status_code": 200, "tenant_id": "ab5af908-be70-4f29-8729-5ed3535f4689", "timestamp": "2026-08-07T12:15:13.231427Z", "trace_id": "8bbfb306a1dab40bfbea09a6bf27696e"}
api-1       | {"claimed": 50, "event": "outbox_dispatch_batch_completed", "lease_lost": 0, "level": "info", "published": 50, "retry_scheduled": 0, "role": "outbox_dispatcher", "timestamp": "2026-08-07T12:15:13.852047Z"}
api-1       | INFO:     172.18.0.1:45708 - "GET /api/v1/runs/a1ef85cc-690e-4264-a9f1-e36053f5c462 HTTP/1.1" 200 OK
api-1       | {"api_key_prefix": "evk_5237dfcc3619", "duration_ms": 169.37, "event": "http_request_completed", "level": "info", "method": "GET", "outcome": "success", "path": "/api/v1/runs/a1ef85cc-690e-4264-a9f1-e36053f5c462", "request_id": "deeab30d-1b18-4d1f-933e-6c1b5ff57eae", "status_code": 200, "tenant_id": "ab5af908-be70-4f29-8729-5ed3535f4689", "timestamp": "2026-08-07T12:15:13.910095Z", "trace_id": "fe85828f3c018bafbd8d4e85c5875d33"}
api-1       | INFO:     172.18.0.1:45708 - "GET /api/v1/runs/a1ef85cc-690e-4264-a9f1-e36053f5c462/cases?limit=200&sort=case_id HTTP/1.1" 200 OK
api-1       | {"api_key_prefix": "evk_5237dfcc3619", "duration_ms": 65.931, "event": "http_request_completed", "level": "info", "method": "GET", "outcome": "success", "path": "/api/v1/runs/a1ef85cc-690e-4264-a9f1-e36053f5c462/cases", "request_id": "cd90ad4e-87be-420c-a3a5-ca11c0adabab", "status_code": 200, "tenant_id": "ab5af908-be70-4f29-8729-5ed3535f4689", "timestamp": "2026-08-07T12:15:13.977717Z", "trace_id": "af4e694be0c4859efc59ac52c3f23f4c"}
api-1       | {"claimed": 50, "event": "outbox_dispatch_batch_completed", "lease_lost": 0, "level": "info", "published": 50, "retry_scheduled": 0, "role": "outbox_dispatcher", "timestamp": "2026-08-07T12:15:14.554012Z"}
api-1       | INFO:     127.0.0.1:56954 - "GET /metrics HTTP/1.1" 200 OK
api-1       | {"duration_ms": 150.881, "event": "http_request_completed", "level": "info", "method": "GET", "outcome": "success", "path": "/metrics", "request_id": "cd5bce92-30ac-4e76-91c5-23a9a2ee5de2", "status_code": 200, "timestamp": "2026-08-07T12:15:14.573379Z", "trace_id": "e7ffad96f60ae687373148f366b4489f"}
api-1       | {"claimed": 50, "event": "outbox_dispatch_batch_completed", "lease_lost": 0, "level": "info", "published": 50, "retry_scheduled": 0, "role": "outbox_dispatcher", "timestamp": "2026-08-07T12:15:15.268520Z"}
api-1       | INFO:     172.18.0.1:45708 - "POST /api/v1/runs HTTP/1.1" 202 Accepted
api-1       | {"api_key_prefix": "evk_5237dfcc3619", "duration_ms": 658.74, "event": "http_request_completed", "level": "info", "method": "POST", "outcome": "success", "path": "/api/v1/runs", "request_id": "188a0331-e618-466c-8689-c2c51aea8484", "status_code": 202, "tenant_id": "ab5af908-be70-4f29-8729-5ed3535f4689", "timestamp": "2026-08-07T12:15:16.197506Z", "trace_id": "5ed4af971c14cda70aa5f3e1946699a5"}
api-1       | {"event": "Context impl PostgresqlImpl.", "level": "info", "request_id": "fada2139-f708-4e7e-a1a0-d0d8abd9656e", "timestamp": "2026-08-07T12:15:16.263736Z", "trace_id": "87d6e1df9ece174e2e1c714bf07957a4"}
api-1       | {"event": "Will assume transactional DDL.", "level": "info", "request_id": "fada2139-f708-4e7e-a1a0-d0d8abd9656e", "timestamp": "2026-08-07T12:15:16.264140Z", "trace_id": "87d6e1df9ece174e2e1c714bf07957a4"}
api-1       | INFO:     127.0.0.1:45860 - "GET /health/ready HTTP/1.1" 200 OK
api-1       | {"duration_ms": 173.261, "event": "http_request_completed", "level": "info", "method": "GET", "outcome": "success", "path": "/health/ready", "request_id": "fada2139-f708-4e7e-a1a0-d0d8abd9656e", "status_code": 200, "timestamp": "2026-08-07T12:15:16.283800Z", "trace_id": "87d6e1df9ece174e2e1c714bf07957a4"}
api-1       | {"claimed": 22, "event": "outbox_dispatch_batch_completed", "lease_lost": 0, "level": "info", "published": 22, "retry_scheduled": 0, "role": "outbox_dispatcher", "timestamp": "2026-08-07T12:15:16.360106Z"}
api-1       | INFO:     172.18.0.1:45708 - "GET /api/v1/runs/d01e9c74-f19d-4ba7-ba8e-d2723e76e93e HTTP/1.1" 200 OK
api-1       | {"api_key_prefix": "evk_5237dfcc3619", "duration_ms": 173.804, "event": "http_request_completed", "level": "info", "method": "GET", "outcome": "success", "path": "/api/v1/runs/d01e9c74-f19d-4ba7-ba8e-d2723e76e93e", "request_id": "aac600eb-dbb1-4d55-90dd-cf710436b71f", "status_code": 200, "tenant_id": "ab5af908-be70-4f29-8729-5ed3535f4689", "timestamp": "2026-08-07T12:15:16.373747Z", "trace_id": "5bd87c35588ba2ae1a0dbc1749652582"}
api-1       | {"claimed": 41, "event": "outbox_dispatch_batch_completed", "lease_lost": 0, "level": "info", "published": 41, "retry_scheduled": 0, "role": "outbox_dispatcher", "timestamp": "2026-08-07T12:15:17.078954Z"}
api-1       | INFO:     172.18.0.1:45708 - "GET /api/v1/runs/d01e9c74-f19d-4ba7-ba8e-d2723e76e93e HTTP/1.1" 200 OK
api-1       | {"api_key_prefix": "evk_5237dfcc3619", "duration_ms": 205.946, "event": "http_request_completed", "level": "info", "method": "GET", "outcome": "success", "path": "/api/v1/runs/d01e9c74-f19d-4ba7-ba8e-d2723e76e93e", "request_id": "a6ea07d7-a814-4f3e-a54a-c4ff14af7ea0", "status_code": 200, "tenant_id": "ab5af908-be70-4f29-8729-5ed3535f4689", "timestamp": "2026-08-07T12:15:17.082634Z", "trace_id": "837ecf7191be1ca91f3d805ff3f34b89"}
api-1       | {"claimed": 50, "event": "outbox_dispatch_batch_completed", "lease_lost": 0, "level": "info", "published": 50, "retry_scheduled": 0, "role": "outbox_dispatcher", "timestamp": "2026-08-07T12:15:17.854905Z"}
api-1       | INFO:     172.18.0.1:45708 - "GET /api/v1/runs/d01e9c74-f19d-4ba7-ba8e-d2723e76e93e HTTP/1.1" 200 OK
api-1       | {"api_key_prefix": "evk_5237dfcc3619", "duration_ms": 283.978, "event": "http_request_completed", "level": "info", "method": "GET", "outcome": "success", "path": "/api/v1/runs/d01e9c74-f19d-4ba7-ba8e-d2723e76e93e", "request_id": "700fbe5f-489e-4df9-84a0-942acd5aca83", "status_code": 200, "tenant_id": "ab5af908-be70-4f29-8729-5ed3535f4689", "timestamp": "2026-08-07T12:15:17.869587Z", "trace_id": "b0c4177426b2f652ad8e7ef0dfb5bb39"}
api-1       | {"claimed": 50, "event": "outbox_dispatch_batch_completed", "lease_lost": 0, "level": "info", "published": 50, "retry_scheduled": 0, "role": "outbox_dispatcher", "timestamp": "2026-08-07T12:15:18.572297Z"}
api-1       | INFO:     172.18.0.1:45708 - "GET /api/v1/runs/d01e9c74-f19d-4ba7-ba8e-d2723e76e93e HTTP/1.1" 200 OK
api-1       | {"api_key_prefix": "evk_5237dfcc3619", "duration_ms": 255.314, "event": "http_request_completed", "level": "info", "method": "GET", "outcome": "success", "path": "/api/v1/runs/d01e9c74-f19d-4ba7-ba8e-d2723e76e93e", "request_id": "95058dc3-a22e-424b-acac-3305244a25ee", "status_code": 200, "tenant_id": "ab5af908-be70-4f29-8729-5ed3535f4689", "timestamp": "2026-08-07T12:15:18.643535Z", "trace_id": "9b509f8497939a317567a1e415f9d790"}
api-1       | {"claimed": 50, "event": "outbox_dispatch_batch_completed", "lease_lost": 0, "level": "info", "published": 50, "retry_scheduled": 0, "role": "outbox_dispatcher", "timestamp": "2026-08-07T12:15:19.306990Z"}
api-1       | INFO:     172.18.0.1:45708 - "GET /api/v1/runs/d01e9c74-f19d-4ba7-ba8e-d2723e76e93e HTTP/1.1" 200 OK
api-1       | {"api_key_prefix": "evk_5237dfcc3619", "duration_ms": 186.097, "event": "http_request_completed", "level": "info", "method": "GET", "outcome": "success", "path": "/api/v1/runs/d01e9c74-f19d-4ba7-ba8e-d2723e76e93e", "request_id": "c58e6b2d-12d0-41f1-a103-b416e9bacd25", "status_code": 200, "tenant_id": "ab5af908-be70-4f29-8729-5ed3535f4689", "timestamp": "2026-08-07T12:15:19.355753Z", "trace_id": "7021bb2b2700f73762e57b8a9d237fd2"}
api-1       | {"claimed": 50, "event": "outbox_dispatch_batch_completed", "lease_lost": 0, "level": "info", "published": 50, "retry_scheduled": 0, "role": "outbox_dispatcher", "timestamp": "2026-08-07T12:15:20.051048Z"}
api-1       | INFO:     172.18.0.1:45708 - "GET /api/v1/runs/d01e9c74-f19d-4ba7-ba8e-d2723e76e93e HTTP/1.1" 200 OK
api-1       | {"api_key_prefix": "evk_5237dfcc3619", "duration_ms": 256.492, "event": "http_request_completed", "level": "info", "method": "GET", "outcome": "success", "path": "/api/v1/runs/d01e9c74-f19d-4ba7-ba8e-d2723e76e93e", "request_id": "a2ded621-7d0d-421b-b555-34fd1048a064", "status_code": 200, "tenant_id": "ab5af908-be70-4f29-8729-5ed3535f4689", "timestamp": "2026-08-07T12:15:20.127126Z", "trace_id": "d0f61f93c356b590e2db5b0e9bbf764b"}
api-1       | {"claimed": 50, "event": "outbox_dispatch_batch_completed", "lease_lost": 0, "level": "info", "published": 50, "retry_scheduled": 0, "role": "outbox_dispatcher", "timestamp": "2026-08-07T12:15:20.770231Z"}
api-1       | INFO:     172.18.0.1:45708 - "GET /api/v1/runs/d01e9c74-f19d-4ba7-ba8e-d2723e76e93e HTTP/1.1" 200 OK
api-1       | {"api_key_prefix": "evk_5237dfcc3619", "duration_ms": 177.837, "event": "http_request_completed", "level": "info", "method": "GET", "outcome": "success", "path": "/api/v1/runs/d01e9c74-f19d-4ba7-ba8e-d2723e76e93e", "request_id": "13e9cbbb-ae5f-4a62-8264-c42636ffe5ac", "status_code": 200, "tenant_id": "ab5af908-be70-4f29-8729-5ed3535f4689", "timestamp": "2026-08-07T12:15:20.833856Z", "trace_id": "4e59dbc3f9f00442eabb95afdb9fddb5"}
api-1       | {"claimed": 50, "event": "outbox_dispatch_batch_completed", "lease_lost": 0, "level": "info", "published": 50, "retry_scheduled": 0, "role": "outbox_dispatcher", "timestamp": "2026-08-07T12:15:21.750788Z"}
api-1       | INFO:     172.18.0.1:45708 - "GET /api/v1/runs/d01e9c74-f19d-4ba7-ba8e-d2723e76e93e HTTP/1.1" 200 OK
api-1       | {"api_key_prefix": "evk_5237dfcc3619", "duration_ms": 414.676, "event": "http_request_completed", "level": "info", "method": "GET", "outcome": "success", "path": "/api/v1/runs/d01e9c74-f19d-4ba7-ba8e-d2723e76e93e", "request_id": "5a99c60b-f602-4e81-8aaf-44d3d9c9d325", "status_code": 200, "tenant_id": "ab5af908-be70-4f29-8729-5ed3535f4689", "timestamp": "2026-08-07T12:15:21.915277Z", "trace_id": "74b74591cee9acf0e73407c3fd552963"}
api-1       | {"event": "Context impl PostgresqlImpl.", "level": "info", "request_id": "cf9a2b0b-e8dd-477e-91d0-e0f2557ba3d3", "timestamp": "2026-08-07T12:15:21.937496Z", "trace_id": "8cf40b2d2eaa208c55aa8cc1cd811f44"}
api-1       | {"event": "Will assume transactional DDL.", "level": "info", "request_id": "cf9a2b0b-e8dd-477e-91d0-e0f2557ba3d3", "timestamp": "2026-08-07T12:15:21.937767Z", "trace_id": "8cf40b2d2eaa208c55aa8cc1cd811f44"}
api-1       | INFO:     127.0.0.1:45864 - "GET /health/ready HTTP/1.1" 200 OK
api-1       | {"duration_ms": 26.331, "event": "http_request_completed", "level": "info", "method": "GET", "outcome": "success", "path": "/health/ready", "request_id": "cf9a2b0b-e8dd-477e-91d0-e0f2557ba3d3", "status_code": 200, "timestamp": "2026-08-07T12:15:21.946540Z", "trace_id": "8cf40b2d2eaa208c55aa8cc1cd811f44"}
api-1       | {"claimed": 50, "event": "outbox_dispatch_batch_completed", "lease_lost": 0, "level": "info", "published": 50, "retry_scheduled": 0, "role": "outbox_dispatcher", "timestamp": "2026-08-07T12:15:22.458609Z"}
api-1       | INFO:     172.18.0.1:45708 - "GET /api/v1/runs/d01e9c74-f19d-4ba7-ba8e-d2723e76e93e HTTP/1.1" 200 OK
api-1       | {"api_key_prefix": "evk_5237dfcc3619", "duration_ms": 107.543, "event": "http_request_completed", "level": "info", "method": "GET", "outcome": "success", "path": "/api/v1/runs/d01e9c74-f19d-4ba7-ba8e-d2723e76e93e", "request_id": "f79c76c6-05ce-4045-be36-2c26c9dd95f4", "status_code": 200, "tenant_id": "ab5af908-be70-4f29-8729-5ed3535f4689", "timestamp": "2026-08-07T12:15:22.526077Z", "trace_id": "b2e04096eb7ac1c57335ce4b972e3c68"}
api-1       | {"claimed": 50, "event": "outbox_dispatch_batch_completed", "lease_lost": 0, "level": "info", "published": 50, "retry_scheduled": 0, "role": "outbox_dispatcher", "timestamp": "2026-08-07T12:15:23.185237Z"}
api-1       | INFO:     172.18.0.1:45708 - "GET /api/v1/runs/d01e9c74-f19d-4ba7-ba8e-d2723e76e93e HTTP/1.1" 200 OK
api-1       | {"api_key_prefix": "evk_5237dfcc3619", "duration_ms": 219.276, "event": "http_request_completed", "level": "info", "method": "GET", "outcome": "success", "path": "/api/v1/runs/d01e9c74-f19d-4ba7-ba8e-d2723e76e93e", "request_id": "ff249955-787c-49f4-86a6-d4de7a0a68c0", "status_code": 200, "tenant_id": "ab5af908-be70-4f29-8729-5ed3535f4689", "timestamp": "2026-08-07T12:15:23.257459Z", "trace_id": "91c7dc0e1768efefad37abce73be604b"}
api-1       | {"claimed": 50, "event": "outbox_dispatch_batch_completed", "lease_lost": 0, "level": "info", "published": 50, "retry_scheduled": 0, "role": "outbox_dispatcher", "timestamp": "2026-08-07T12:15:23.882757Z"}
api-1       | INFO:     172.18.0.1:45708 - "GET /api/v1/runs/d01e9c74-f19d-4ba7-ba8e-d2723e76e93e HTTP/1.1" 200 OK
api-1       | {"api_key_prefix": "evk_5237dfcc3619", "duration_ms": 194.532, "event": "http_request_completed", "level": "info", "method": "GET", "outcome": "success", "path": "/api/v1/runs/d01e9c74-f19d-4ba7-ba8e-d2723e76e93e", "request_id": "752b6a84-63e1-42ae-8df9-91d19a2a6452", "status_code": 200, "tenant_id": "ab5af908-be70-4f29-8729-5ed3535f4689", "timestamp": "2026-08-07T12:15:23.956337Z", "trace_id": "5cfedb0a49bb4ccc231b06576c9845fc"}
api-1       | {"claimed": 50, "event": "outbox_dispatch_batch_completed", "lease_lost": 0, "level": "info", "published": 50, "retry_scheduled": 0, "role": "outbox_dispatcher", "timestamp": "2026-08-07T12:15:24.585602Z"}
api-1       | INFO:     172.18.0.1:45708 - "GET /api/v1/runs/d01e9c74-f19d-4ba7-ba8e-d2723e76e93e HTTP/1.1" 200 OK
api-1       | {"api_key_prefix": "evk_5237dfcc3619", "duration_ms": 183.286, "event": "http_request_completed", "level": "info", "method": "GET", "outcome": "success", "path": "/api/v1/runs/d01e9c74-f19d-4ba7-ba8e-d2723e76e93e", "request_id": "e776dbdd-9fdf-4fa8-a11c-462da54ff063", "status_code": 200, "tenant_id": "ab5af908-be70-4f29-8729-5ed3535f4689", "timestamp": "2026-08-07T12:15:24.659586Z", "trace_id": "900f22cddd50997b3a7e98b11b40df5e"}
api-1       | {"claimed": 50, "event": "outbox_dispatch_batch_completed", "lease_lost": 0, "level": "info", "published": 50, "retry_scheduled": 0, "role": "outbox_dispatcher", "timestamp": "2026-08-07T12:15:25.299238Z"}
api-1       | INFO:     172.18.0.1:45708 - "GET /api/v1/runs/d01e9c74-f19d-4ba7-ba8e-d2723e76e93e HTTP/1.1" 200 OK
api-1       | {"api_key_prefix": "evk_5237dfcc3619", "duration_ms": 234.331, "event": "http_request_completed", "level": "info", "method": "GET", "outcome": "success", "path": "/api/v1/runs/d01e9c74-f19d-4ba7-ba8e-d2723e76e93e", "request_id": "988f1e32-373d-417a-9ab7-81680ef1ee21", "status_code": 200, "tenant_id": "ab5af908-be70-4f29-8729-5ed3535f4689", "timestamp": "2026-08-07T12:15:25.410006Z", "trace_id": "4293c89ce6bf01d6a72d4bd4f6ddd701"}
api-1       | {"claimed": 50, "event": "outbox_dispatch_batch_completed", "lease_lost": 0, "level": "info", "published": 50, "retry_scheduled": 0, "role": "outbox_dispatcher", "timestamp": "2026-08-07T12:15:25.994604Z"}
api-1       | INFO:     172.18.0.1:45708 - "GET /api/v1/runs/d01e9c74-f19d-4ba7-ba8e-d2723e76e93e HTTP/1.1" 200 OK
api-1       | {"api_key_prefix": "evk_5237dfcc3619", "duration_ms": 201.097, "event": "http_request_completed", "level": "info", "method": "GET", "outcome": "success", "path": "/api/v1/runs/d01e9c74-f19d-4ba7-ba8e-d2723e76e93e", "request_id": "e8031bc3-229e-4e86-ac54-c23b84f8a99c", "status_code": 200, "tenant_id": "ab5af908-be70-4f29-8729-5ed3535f4689", "timestamp": "2026-08-07T12:15:26.115306Z", "trace_id": "62a11222f1515adeb4f968e3d81585af"}
api-1       | {"claimed": 50, "event": "outbox_dispatch_batch_completed", "lease_lost": 0, "level": "info", "published": 50, "retry_scheduled": 0, "role": "outbox_dispatcher", "timestamp": "2026-08-07T12:15:26.699218Z"}
api-1       | INFO:     172.18.0.1:45708 - "GET /api/v1/runs/d01e9c74-f19d-4ba7-ba8e-d2723e76e93e HTTP/1.1" 200 OK
api-1       | {"api_key_prefix": "evk_5237dfcc3619", "duration_ms": 163.824, "event": "http_request_completed", "level": "info", "method": "GET", "outcome": "success", "path": "/api/v1/runs/d01e9c74-f19d-4ba7-ba8e-d2723e76e93e", "request_id": "052e8167-0a51-4eec-8fc9-2a6a45eda1cc", "status_code": 200, "tenant_id": "ab5af908-be70-4f29-8729-5ed3535f4689", "timestamp": "2026-08-07T12:15:26.783496Z", "trace_id": "f556e8bde7614f3d9fec3e739fffddb2"}
api-1       | {"event": "Context impl PostgresqlImpl.", "level": "info", "request_id": "2e5b820b-e70d-4d90-951f-5685fea019b7", "timestamp": "2026-08-07T12:15:27.577810Z", "trace_id": "eab556bb31296724dddaf2c05d96c9d5"}
api-1       | {"event": "Will assume transactional DDL.", "level": "info", "request_id": "2e5b820b-e70d-4d90-951f-5685fea019b7", "timestamp": "2026-08-07T12:15:27.577950Z", "trace_id": "eab556bb31296724dddaf2c05d96c9d5"}
api-1       | {"claimed": 50, "event": "outbox_dispatch_batch_completed", "lease_lost": 0, "level": "info", "published": 50, "retry_scheduled": 0, "role": "outbox_dispatcher", "timestamp": "2026-08-07T12:15:27.589897Z"}
api-1       | INFO:     127.0.0.1:49628 - "GET /health/ready HTTP/1.1" 200 OK
api-1       | {"duration_ms": 174.38, "event": "http_request_completed", "level": "info", "method": "GET", "outcome": "success", "path": "/health/ready", "request_id": "2e5b820b-e70d-4d90-951f-5685fea019b7", "status_code": 200, "timestamp": "2026-08-07T12:15:27.591946Z", "trace_id": "eab556bb31296724dddaf2c05d96c9d5"}
api-1       | INFO:     172.18.0.1:45708 - "GET /api/v1/runs/d01e9c74-f19d-4ba7-ba8e-d2723e76e93e HTTP/1.1" 200 OK
api-1       | {"api_key_prefix": "evk_5237dfcc3619", "duration_ms": 308.557, "event": "http_request_completed", "level": "info", "method": "GET", "outcome": "success", "path": "/api/v1/runs/d01e9c74-f19d-4ba7-ba8e-d2723e76e93e", "request_id": "13efc1cd-2750-4299-a51a-b1c6c2b209bc", "status_code": 200, "tenant_id": "ab5af908-be70-4f29-8729-5ed3535f4689", "timestamp": "2026-08-07T12:15:27.658604Z", "trace_id": "4e8b402f96664d04471d1ac1deb1e24d"}
api-1       | {"claimed": 50, "event": "outbox_dispatch_batch_completed", "lease_lost": 0, "level": "info", "published": 50, "retry_scheduled": 0, "role": "outbox_dispatcher", "timestamp": "2026-08-07T12:15:28.297686Z"}
api-1       | INFO:     172.18.0.1:45708 - "GET /api/v1/runs/d01e9c74-f19d-4ba7-ba8e-d2723e76e93e HTTP/1.1" 200 OK
api-1       | {"api_key_prefix": "evk_5237dfcc3619", "duration_ms": 188.343, "event": "http_request_completed", "level": "info", "method": "GET", "outcome": "success", "path": "/api/v1/runs/d01e9c74-f19d-4ba7-ba8e-d2723e76e93e", "request_id": "31b77abe-4295-48df-a8d5-c85f18af74c6", "status_code": 200, "tenant_id": "ab5af908-be70-4f29-8729-5ed3535f4689", "timestamp": "2026-08-07T12:15:28.360156Z", "trace_id": "79923409cd581d772826b6b210bab735"}
api-1       | {"claimed": 50, "event": "outbox_dispatch_batch_completed", "lease_lost": 0, "level": "info", "published": 50, "retry_scheduled": 0, "role": "outbox_dispatcher", "timestamp": "2026-08-07T12:15:28.982446Z"}
api-1       | INFO:     172.18.0.1:45708 - "GET /api/v1/runs/d01e9c74-f19d-4ba7-ba8e-d2723e76e93e HTTP/1.1" 200 OK
api-1       | {"api_key_prefix": "evk_5237dfcc3619", "duration_ms": 161.678, "event": "http_request_completed", "level": "info", "method": "GET", "outcome": "success", "path": "/api/v1/runs/d01e9c74-f19d-4ba7-ba8e-d2723e76e93e", "request_id": "57260e0b-443a-40ba-9950-af033e426f8a", "status_code": 200, "tenant_id": "ab5af908-be70-4f29-8729-5ed3535f4689", "timestamp": "2026-08-07T12:15:29.039910Z", "trace_id": "9517a07def0e67f7b3e832ee8a10978d"}
api-1       | INFO:     172.18.0.1:45708 - "GET /api/v1/runs/d01e9c74-f19d-4ba7-ba8e-d2723e76e93e/cases?limit=200&sort=case_id HTTP/1.1" 200 OK
api-1       | {"api_key_prefix": "evk_5237dfcc3619", "duration_ms": 75.536, "event": "http_request_completed", "level": "info", "method": "GET", "outcome": "success", "path": "/api/v1/runs/d01e9c74-f19d-4ba7-ba8e-d2723e76e93e/cases", "request_id": "36d0369a-6b00-4c0d-a424-7e6d91a01843", "status_code": 200, "tenant_id": "ab5af908-be70-4f29-8729-5ed3535f4689", "timestamp": "2026-08-07T12:15:29.117073Z", "trace_id": "8855ae88e0bd081d7e51bfea9c9b732a"}
api-1       | INFO:     172.18.0.1:45708 - "GET /api/v1/runs/d01e9c74-f19d-4ba7-ba8e-d2723e76e93e/cases?limit=200&sort=case_id&cursor=eyJkaXJlY3Rpb24iOiJhc2MiLCJlcnJvcl9jb2RlIjpudWxsLCJqb2JfaWQiOiJmOTg3OTg5NS1iYjA1LTQzMWMtYjcwMy00NGRmYjY2ZTQ4MTYiLCJtZXRyaWMiOm51bGwsInNvcnQiOiJjYXNlX2lkIiwic3RhdHVzIjpudWxsLCJ2IjoxLCJ2YWx1ZSI6ImxvYWQtMDE5OSJ9 HTTP/1.1" 200 OK
api-1       | {"api_key_prefix": "evk_5237dfcc3619", "duration_ms": 74.335, "event": "http_request_completed", "level": "info", "method": "GET", "outcome": "success", "path": "/api/v1/runs/d01e9c74-f19d-4ba7-ba8e-d2723e76e93e/cases", "request_id": "f8576a40-31c2-423a-a646-e682da2babb7", "status_code": 200, "tenant_id": "ab5af908-be70-4f29-8729-5ed3535f4689", "timestamp": "2026-08-07T12:15:29.194131Z", "trace_id": "8e14239a777914c8cb16efc4bcf6b724"}
api-1       | INFO:     172.18.0.1:45708 - "GET /api/v1/runs/d01e9c74-f19d-4ba7-ba8e-d2723e76e93e/cases?limit=200&sort=case_id&cursor=eyJkaXJlY3Rpb24iOiJhc2MiLCJlcnJvcl9jb2RlIjpudWxsLCJqb2JfaWQiOiJiNzE3OTcyMS02ZjA2LTRhMDUtODQyYi1iMTU0ZmVjN2I1YTEiLCJtZXRyaWMiOm51bGwsInNvcnQiOiJjYXNlX2lkIiwic3RhdHVzIjpudWxsLCJ2IjoxLCJ2YWx1ZSI6ImxvYWQtMDM5OSJ9 HTTP/1.1" 200 OK
api-1       | {"api_key_prefix": "evk_5237dfcc3619", "duration_ms": 65.9, "event": "http_request_completed", "level": "info", "method": "GET", "outcome": "success", "path": "/api/v1/runs/d01e9c74-f19d-4ba7-ba8e-d2723e76e93e/cases", "request_id": "a05f6c92-b2f3-4a29-b878-ed8b5e3d44b9", "status_code": 200, "tenant_id": "ab5af908-be70-4f29-8729-5ed3535f4689", "timestamp": "2026-08-07T12:15:29.262592Z", "trace_id": "8edf6656ff7f8001a61721ba6e7c1c28"}
api-1       | {"claimed": 50, "event": "outbox_dispatch_batch_completed", "lease_lost": 0, "level": "info", "published": 50, "retry_scheduled": 0, "role": "outbox_dispatcher", "timestamp": "2026-08-07T12:15:29.747670Z"}
api-1       | INFO:     127.0.0.1:49640 - "GET /metrics HTTP/1.1" 200 OK
api-1       | {"duration_ms": 21.049, "event": "http_request_completed", "level": "info", "method": "GET", "outcome": "success", "path": "/metrics", "request_id": "2e670523-c26b-40e1-aec3-7f5b327cc9ba", "status_code": 200, "timestamp": "2026-08-07T12:15:29.835170Z", "trace_id": "015aa0d9b71e65253bfb453c95cbef1a"}
api-1       | {"claimed": 50, "event": "outbox_dispatch_batch_completed", "lease_lost": 0, "level": "info", "published": 50, "retry_scheduled": 0, "role": "outbox_dispatcher", "timestamp": "2026-08-07T12:15:30.459417Z"}
api-1       | {"claimed": 50, "event": "outbox_dispatch_batch_completed", "lease_lost": 0, "level": "info", "published": 50, "retry_scheduled": 0, "role": "outbox_dispatcher", "timestamp": "2026-08-07T12:15:31.151888Z"}
api-1       | {"claimed": 11, "event": "outbox_dispatch_batch_completed", "lease_lost": 0, "level": "info", "published": 11, "retry_scheduled": 0, "role": "outbox_dispatcher", "timestamp": "2026-08-07T12:15:31.716490Z"}
api-1       | {"event": "Context impl PostgresqlImpl.", "level": "info", "request_id": "89ddce14-3eed-4029-8992-2677f7dfae82", "timestamp": "2026-08-07T12:15:32.897483Z", "trace_id": "11bc7f6abbad35b2939df35ae071a679"}
api-1       | {"event": "Will assume transactional DDL.", "level": "info", "request_id": "89ddce14-3eed-4029-8992-2677f7dfae82", "timestamp": "2026-08-07T12:15:32.897593Z", "trace_id": "11bc7f6abbad35b2939df35ae071a679"}
api-1       | INFO:     127.0.0.1:49648 - "GET /health/ready HTTP/1.1" 200 OK
api-1       | {"duration_ms": 23.17, "event": "http_request_completed", "level": "info", "method": "GET", "outcome": "success", "path": "/health/ready", "request_id": "89ddce14-3eed-4029-8992-2677f7dfae82", "status_code": 200, "timestamp": "2026-08-07T12:15:32.906070Z", "trace_id": "11bc7f6abbad35b2939df35ae071a679"}
