postgres-1  | chmod: /var/run/postgresql: Operation not permitted
postgres-1  | The files belonging to this database system will be owned by user "postgres".
postgres-1  | This user must also own the server process.
postgres-1  | 
postgres-1  | The database cluster will be initialized with locale "en_US.utf8".
postgres-1  | The default database encoding has accordingly been set to "UTF8".
postgres-1  | The default text search configuration will be set to "english".
postgres-1  | 
postgres-1  | Data page checksums are enabled.
postgres-1  | 
postgres-1  | fixing permissions on existing directory /var/lib/postgresql/18/docker ... ok
postgres-1  | creating subdirectories ... ok
postgres-1  | selecting dynamic shared memory implementation ... posix
postgres-1  | selecting default "max_connections" ... 100
postgres-1  | selecting default "shared_buffers" ... 128MB
postgres-1  | selecting default time zone ... UTC
postgres-1  | creating configuration files ... ok
postgres-1  | running bootstrap script ... ok
postgres-1  | sh: locale: not found
postgres-1  | 2026-08-07 12:20:45.589 UTC [23] WARNING:  no usable system locales were found
postgres-1  | performing post-bootstrap initialization ... ok
postgres-1  | syncing data to disk ... ok
postgres-1  | 
postgres-1  | 
postgres-1  | Success. You can now start the database server using:
postgres-1  | 
postgres-1  |     pg_ctl -D /var/lib/postgresql/18/docker -l logfile start
postgres-1  | 
postgres-1  | initdb: warning: enabling "trust" authentication for local connections
postgres-1  | initdb: hint: You can change this by editing pg_hba.conf or using the option -A, or --auth-local and --auth-host, the next time you run initdb.
postgres-1  | waiting for server to start....2026-08-07 12:20:46.162 UTC [29] LOG:  starting PostgreSQL 18.4 on x86_64-pc-linux-musl, compiled by gcc (Alpine 15.2.0) 15.2.0, 64-bit
postgres-1  | 2026-08-07 12:20:46.162 UTC [29] LOG:  listening on Unix socket "/var/run/postgresql/.s.PGSQL.5432"
postgres-1  | 2026-08-07 12:20:46.166 UTC [35] LOG:  database system was shut down at 2026-08-07 12:20:46 UTC
postgres-1  | 2026-08-07 12:20:46.169 UTC [29] LOG:  database system is ready to accept connections
postgres-1  |  done
postgres-1  | server started
postgres-1  | CREATE DATABASE
postgres-1  | 
postgres-1  | 
postgres-1  | /usr/local/bin/docker-entrypoint.sh: ignoring /docker-entrypoint-initdb.d/*
postgres-1  | 
postgres-1  | waiting for server to shut down....2026-08-07 12:20:46.328 UTC [29] LOG:  received fast shutdown request
postgres-1  | 2026-08-07 12:20:46.329 UTC [29] LOG:  aborting any active transactions
postgres-1  | 2026-08-07 12:20:46.331 UTC [29] LOG:  background worker "logical replication launcher" (PID 38) exited with exit code 1
postgres-1  | 2026-08-07 12:20:46.334 UTC [33] LOG:  shutting down
postgres-1  | 2026-08-07 12:20:46.335 UTC [33] LOG:  checkpoint starting: shutdown immediate
postgres-1  | 2026-08-07 12:20:46.352 UTC [33] LOG:  checkpoint complete: wrote 943 buffers (5.8%), wrote 3 SLRU buffers; 0 WAL file(s) added, 0 removed, 0 recycled; write=0.014 s, sync=0.003 s, total=0.018 s; sync files=303, longest=0.001 s, average=0.001 s; distance=4362 kB, estimate=4362 kB; lsn=0/1BA6820, redo lsn=0/1BA6820
postgres-1  | 2026-08-07 12:20:46.371 UTC [29] LOG:  database system is shut down
postgres-1  |  done
postgres-1  | server stopped
postgres-1  | 
postgres-1  | PostgreSQL init process complete; ready for start up.
postgres-1  | 
postgres-1  | 2026-08-07 12:20:46.451 UTC [1] LOG:  starting PostgreSQL 18.4 on x86_64-pc-linux-musl, compiled by gcc (Alpine 15.2.0) 15.2.0, 64-bit
postgres-1  | 2026-08-07 12:20:46.451 UTC [1] LOG:  listening on IPv4 address "0.0.0.0", port 5432
postgres-1  | 2026-08-07 12:20:46.451 UTC [1] LOG:  listening on IPv6 address "::", port 5432
postgres-1  | 2026-08-07 12:20:46.451 UTC [1] LOG:  listening on Unix socket "/var/run/postgresql/.s.PGSQL.5432"
postgres-1  | 2026-08-07 12:20:46.455 UTC [51] LOG:  database system was shut down at 2026-08-07 12:20:46 UTC
postgres-1  | 2026-08-07 12:20:46.459 UTC [1] LOG:  database system is ready to accept connections
postgres-1  | 2026-08-07 12:25:46.556 UTC [49] LOG:  checkpoint starting: time
postgres-1  | 2026-08-07 12:30:16.029 UTC [49] LOG:  checkpoint complete: wrote 3092 buffers (18.9%), wrote 31 SLRU buffers; 0 WAL file(s) added, 0 removed, 4 recycled; write=269.456 s, sync=0.014 s, total=269.474 s; sync files=188, longest=0.003 s, average=0.001 s; distance=57784 kB, estimate=57784 kB; lsn=0/982B3D8, redo lsn=0/5414A30
postgres-1  | 2026-08-07 12:30:46.038 UTC [49] LOG:  checkpoint starting: time
redis-1     | Starting Redis Server
redis-1     | 1:C 07 Aug 2026 12:20:44.602 # WARNING Memory overcommit must be enabled! Without it, a background save or replication may fail under low memory condition. Being disabled, it can also cause failures without low memory condition, see https://github.com/jemalloc/jemalloc/issues/1328. To fix this issue add 'vm.overcommit_memory = 1' to /etc/sysctl.conf and then reboot or run the command 'sysctl vm.overcommit_memory=1' for this to take effect.
redis-1     | 1:M 07 Aug 2026 12:20:44.612 # WARNING: Redis does not require authentication and is not protected by network restrictions. Redis will accept connections from any IP address on any network interface.
worker-1    | {"event": "worker_started", "level": "info", "role": "worker", "timestamp": "2026-08-07T12:20:53.512747Z", "worker_id": "cbc97ac13b9b:1:c81545f9"}
migrate-1   | INFO  [alembic.runtime.migration] Context impl PostgresqlImpl.
migrate-1   | INFO  [alembic.runtime.migration] Will assume transactional DDL.
migrate-1   | INFO  [alembic.runtime.migration] Context impl PostgresqlImpl.
migrate-1   | INFO  [alembic.runtime.migration] Will assume transactional DDL.
migrate-1   | INFO  [alembic.runtime.migration] Context impl PostgresqlImpl.
migrate-1   | INFO  [alembic.runtime.migration] Will assume transactional DDL.
migrate-1   | INFO  [alembic.runtime.migration] Context impl PostgresqlImpl.
migrate-1   | INFO  [alembic.runtime.migration] Will assume transactional DDL.
migrate-1   | INFO  [alembic.runtime.migration] Context impl PostgresqlImpl.
migrate-1   | INFO  [alembic.runtime.migration] Will assume transactional DDL.
migrate-1   | INFO  [alembic.runtime.migration] Context impl PostgresqlImpl.
migrate-1   | INFO  [alembic.runtime.migration] Will assume transactional DDL.
migrate-1   | INFO  [alembic.runtime.migration] Context impl PostgresqlImpl.
migrate-1   | INFO  [alembic.runtime.migration] Will assume transactional DDL.
migrate-1   | INFO  [alembic.runtime.migration] Context impl PostgresqlImpl.
migrate-1   | INFO  [alembic.runtime.migration] Will assume transactional DDL.
migrate-1   | INFO  [alembic.runtime.migration] Context impl PostgresqlImpl.
migrate-1   | INFO  [alembic.runtime.migration] Will assume transactional DDL.
migrate-1   | INFO  [alembic.runtime.migration] Context impl PostgresqlImpl.
migrate-1   | INFO  [alembic.runtime.migration] Will assume transactional DDL.
migrate-1   | INFO  [alembic.runtime.migration] Context impl PostgresqlImpl.
migrate-1   | INFO  [alembic.runtime.migration] Will assume transactional DDL.
migrate-1   | INFO  [alembic.runtime.migration] Context impl PostgresqlImpl.
migrate-1   | INFO  [alembic.runtime.migration] Will assume transactional DDL.
migrate-1   | INFO  [alembic.runtime.migration] Context impl PostgresqlImpl.
migrate-1   | INFO  [alembic.runtime.migration] Will assume transactional DDL.
migrate-1   | INFO  [alembic.runtime.migration] Context impl PostgresqlImpl.
migrate-1   | INFO  [alembic.runtime.migration] Will assume transactional DDL.
migrate-1   | INFO  [alembic.runtime.migration] Context impl PostgresqlImpl.
migrate-1   | INFO  [alembic.runtime.migration] Will assume transactional DDL.
migrate-1   | INFO  [alembic.runtime.migration] Context impl PostgresqlImpl.
migrate-1   | INFO  [alembic.runtime.migration] Will assume transactional DDL.
migrate-1   | INFO  [alembic.runtime.migration] Context impl PostgresqlImpl.
migrate-1   | INFO  [alembic.runtime.migration] Will assume transactional DDL.
migrate-1   | INFO  [alembic.runtime.migration] Context impl PostgresqlImpl.
migrate-1   | INFO  [alembic.runtime.migration] Will assume transactional DDL.
migrate-1   | INFO  [alembic.runtime.migration] Context impl PostgresqlImpl.
migrate-1   | INFO  [alembic.runtime.migration] Will assume transactional DDL.
migrate-1   | INFO  [alembic.runtime.migration] Context impl PostgresqlImpl.
migrate-1   | INFO  [alembic.runtime.migration] Will assume transactional DDL.
migrate-1   | INFO  [alembic.runtime.migration] Context impl PostgresqlImpl.
migrate-1   | INFO  [alembic.runtime.migration] Will assume transactional DDL.
migrate-1   | INFO  [alembic.runtime.migration] Context impl PostgresqlImpl.
migrate-1   | INFO  [alembic.runtime.migration] Will assume transactional DDL.
migrate-1   | INFO  [alembic.runtime.migration] Context impl PostgresqlImpl.
migrate-1   | INFO  [alembic.runtime.migration] Will assume transactional DDL.
migrate-1   | INFO  [alembic.runtime.migration] Context impl PostgresqlImpl.
migrate-1   | INFO  [alembic.runtime.migration] Will assume transactional DDL.
migrate-1   | INFO  [alembic.runtime.migration] Context impl PostgresqlImpl.
migrate-1   | INFO  [alembic.runtime.migration] Will assume transactional DDL.
migrate-1   | INFO  [alembic.runtime.migration] Context impl PostgresqlImpl.
migrate-1   | INFO  [alembic.runtime.migration] Will assume transactional DDL.
migrate-1   | INFO  [alembic.runtime.migration] Context impl PostgresqlImpl.
migrate-1   | INFO  [alembic.runtime.migration] Will assume transactional DDL.
migrate-1   | INFO  [alembic.runtime.migration] Context impl PostgresqlImpl.
migrate-1   | INFO  [alembic.runtime.migration] Will assume transactional DDL.
migrate-1   | INFO  [alembic.runtime.migration] Context impl PostgresqlImpl.
migrate-1   | INFO  [alembic.runtime.migration] Will assume transactional DDL.
migrate-1   | INFO  [alembic.runtime.migration] Context impl PostgresqlImpl.
migrate-1   | INFO  [alembic.runtime.migration] Will assume transactional DDL.
migrate-1   | INFO  [alembic.runtime.migration] Context impl PostgresqlImpl.
migrate-1   | INFO  [alembic.runtime.migration] Will assume transactional DDL.
migrate-1   | INFO  [alembic.runtime.migration] Context impl PostgresqlImpl.
migrate-1   | INFO  [alembic.runtime.migration] Will assume transactional DDL.
api-1       | INFO:     Started server process [1]
api-1       | INFO:     Waiting for application startup.
api-1       | {"environment": "development", "event": "application_started", "level": "info", "timestamp": "2026-08-07T12:20:54.439704Z"}
api-1       | INFO:     Application startup complete.
api-1       | INFO:     Uvicorn running on http://0.0.0.0:8000 (Press CTRL+C to quit)
api-1       | {"event": "Context impl PostgresqlImpl.", "level": "info", "request_id": "a43bd280-4f8a-44d7-9193-85aad7257e17", "timestamp": "2026-08-07T12:20:56.337504Z", "trace_id": "1380f5938a4f5611e9e6cff1dfc98bad"}
api-1       | {"event": "Will assume transactional DDL.", "level": "info", "request_id": "a43bd280-4f8a-44d7-9193-85aad7257e17", "timestamp": "2026-08-07T12:20:56.337751Z", "trace_id": "1380f5938a4f5611e9e6cff1dfc98bad"}
api-1       | INFO:     172.18.0.1:47548 - "GET /health/ready HTTP/1.1" 200 OK
api-1       | {"duration_ms": 28.554, "event": "http_request_completed", "level": "info", "method": "GET", "outcome": "success", "path": "/health/ready", "request_id": "a43bd280-4f8a-44d7-9193-85aad7257e17", "status_code": 200, "timestamp": "2026-08-07T12:20:56.345788Z", "trace_id": "1380f5938a4f5611e9e6cff1dfc98bad"}
api-1       | {"event": "Context impl PostgresqlImpl.", "level": "info", "request_id": "c26c12db-282d-4f04-a982-4d05c7d8c516", "timestamp": "2026-08-07T12:20:57.733242Z", "trace_id": "e6df94886c48367ba8f504e895b930a3"}
api-1       | {"event": "Will assume transactional DDL.", "level": "info", "request_id": "c26c12db-282d-4f04-a982-4d05c7d8c516", "timestamp": "2026-08-07T12:20:57.733375Z", "trace_id": "e6df94886c48367ba8f504e895b930a3"}
api-1       | INFO:     127.0.0.1:50162 - "GET /health/ready HTTP/1.1" 200 OK
api-1       | {"duration_ms": 26.384, "event": "http_request_completed", "level": "info", "method": "GET", "outcome": "success", "path": "/health/ready", "request_id": "c26c12db-282d-4f04-a982-4d05c7d8c516", "status_code": 200, "timestamp": "2026-08-07T12:20:57.742899Z", "trace_id": "e6df94886c48367ba8f504e895b930a3"}
api-1       | {"event": "Context impl PostgresqlImpl.", "level": "info", "request_id": "8e937a8d-e60e-46c9-9026-6de279e56efe", "timestamp": "2026-08-07T12:21:03.178962Z", "trace_id": "796c080a96b0b92649d000d1b12cd614"}
api-1       | {"event": "Will assume transactional DDL.", "level": "info", "request_id": "8e937a8d-e60e-46c9-9026-6de279e56efe", "timestamp": "2026-08-07T12:21:03.179110Z", "trace_id": "796c080a96b0b92649d000d1b12cd614"}
api-1       | INFO:     127.0.0.1:60584 - "GET /health/ready HTTP/1.1" 200 OK
api-1       | {"duration_ms": 22.671, "event": "http_request_completed", "level": "info", "method": "GET", "outcome": "success", "path": "/health/ready", "request_id": "8e937a8d-e60e-46c9-9026-6de279e56efe", "status_code": 200, "timestamp": "2026-08-07T12:21:03.182026Z", "trace_id": "796c080a96b0b92649d000d1b12cd614"}
api-1       | {"event": "Context impl PostgresqlImpl.", "level": "info", "request_id": "3985f783-91fa-481d-97b0-1f984d442657", "timestamp": "2026-08-07T12:21:08.471661Z", "trace_id": "8cd99374a3ef6b46afbd6d33a6331df0"}
api-1       | {"event": "Will assume transactional DDL.", "level": "info", "request_id": "3985f783-91fa-481d-97b0-1f984d442657", "timestamp": "2026-08-07T12:21:08.471820Z", "trace_id": "8cd99374a3ef6b46afbd6d33a6331df0"}
api-1       | INFO:     127.0.0.1:60592 - "GET /health/ready HTTP/1.1" 200 OK
api-1       | {"duration_ms": 18.376, "event": "http_request_completed", "level": "info", "method": "GET", "outcome": "success", "path": "/health/ready", "request_id": "3985f783-91fa-481d-97b0-1f984d442657", "status_code": 200, "timestamp": "2026-08-07T12:21:08.474483Z", "trace_id": "8cd99374a3ef6b46afbd6d33a6331df0"}
api-1       | INFO:     172.18.0.1:52590 - "POST /api/v1/datasets HTTP/1.1" 201 Created
api-1       | {"api_key_prefix": "evk_5ec841b483bb", "duration_ms": 70.498, "event": "http_request_completed", "level": "info", "method": "POST", "outcome": "success", "path": "/api/v1/datasets", "request_id": "89917436-a47e-46f0-b631-60d2faf00eb5", "status_code": 201, "tenant_id": "fdd68433-c86c-470c-8b57-cec8ffc3d389", "timestamp": "2026-08-07T12:21:10.798686Z", "trace_id": "fb26708348e0d8a89238343371048ff6"}
api-1       | INFO:     172.18.0.1:52590 - "POST /api/v1/datasets/0f84fdce-c186-4fad-8772-48bdf65ba225/versions HTTP/1.1" 201 Created
api-1       | {"api_key_prefix": "evk_5ec841b483bb", "duration_ms": 75.401, "event": "http_request_completed", "level": "info", "method": "POST", "outcome": "success", "path": "/api/v1/datasets/0f84fdce-c186-4fad-8772-48bdf65ba225/versions", "request_id": "46e1d942-8af9-4a60-8d51-cf5d99e5fca3", "status_code": 201, "tenant_id": "fdd68433-c86c-470c-8b57-cec8ffc3d389", "timestamp": "2026-08-07T12:21:10.878819Z", "trace_id": "e1c0f5c678b4070b24697e6352750451"}
api-1       | INFO:     172.18.0.1:52590 - "POST /api/v1/datasets HTTP/1.1" 201 Created
api-1       | {"api_key_prefix": "evk_5ec841b483bb", "duration_ms": 48.088, "event": "http_request_completed", "level": "info", "method": "POST", "outcome": "success", "path": "/api/v1/datasets", "request_id": "8f475c66-cdaf-473c-95af-1ae566d61492", "status_code": 201, "tenant_id": "fdd68433-c86c-470c-8b57-cec8ffc3d389", "timestamp": "2026-08-07T12:21:10.929003Z", "trace_id": "a54092fe669c7c9cf05cca7406c99339"}
api-1       | INFO:     172.18.0.1:52590 - "POST /api/v1/datasets/de95a627-fb3d-4585-98f5-d7fa54d7a478/versions HTTP/1.1" 201 Created
api-1       | {"api_key_prefix": "evk_5ec841b483bb", "duration_ms": 62.48, "event": "http_request_completed", "level": "info", "method": "POST", "outcome": "success", "path": "/api/v1/datasets/de95a627-fb3d-4585-98f5-d7fa54d7a478/versions", "request_id": "b163d0d3-2bfa-4199-99bf-710cf1bcd0b0", "status_code": 201, "tenant_id": "fdd68433-c86c-470c-8b57-cec8ffc3d389", "timestamp": "2026-08-07T12:21:10.993426Z", "trace_id": "35b255bdefe573e6678aab978d80117f"}
api-1       | INFO:     172.18.0.1:52590 - "POST /api/v1/runs HTTP/1.1" 202 Accepted
api-1       | {"api_key_prefix": "evk_5ec841b483bb", "duration_ms": 250.28, "event": "http_request_completed", "level": "info", "method": "POST", "outcome": "success", "path": "/api/v1/runs", "request_id": "268211e8-a09d-419c-b986-0547fa432d49", "status_code": 202, "tenant_id": "fdd68433-c86c-470c-8b57-cec8ffc3d389", "timestamp": "2026-08-07T12:21:13.830796Z", "trace_id": "760ca14890b5d16ad012c73e9c19cd35"}
api-1       | INFO:     172.18.0.1:52590 - "GET /api/v1/runs/0ac77390-d7c3-47db-bb77-5d707f65307c HTTP/1.1" 200 OK
api-1       | {"api_key_prefix": "evk_5ec841b483bb", "duration_ms": 126.63, "event": "http_request_completed", "level": "info", "method": "GET", "outcome": "success", "path": "/api/v1/runs/0ac77390-d7c3-47db-bb77-5d707f65307c", "request_id": "b9530372-2afb-447e-be09-f90e9c541086", "status_code": 200, "tenant_id": "fdd68433-c86c-470c-8b57-cec8ffc3d389", "timestamp": "2026-08-07T12:21:13.960125Z", "trace_id": "086290ba6fa37273cff0f188e357c3e7"}
api-1       | {"event": "Context impl PostgresqlImpl.", "level": "info", "request_id": "5aa36d39-79d2-4fb5-b3d7-22c23467c44d", "timestamp": "2026-08-07T12:21:13.981530Z", "trace_id": "aba75ad800e9e5232721414a8a284b2b"}
api-1       | {"event": "Will assume transactional DDL.", "level": "info", "request_id": "5aa36d39-79d2-4fb5-b3d7-22c23467c44d", "timestamp": "2026-08-07T12:21:13.981674Z", "trace_id": "aba75ad800e9e5232721414a8a284b2b"}
api-1       | INFO:     127.0.0.1:53152 - "GET /health/ready HTTP/1.1" 200 OK
api-1       | {"duration_ms": 17.781, "event": "http_request_completed", "level": "info", "method": "GET", "outcome": "success", "path": "/health/ready", "request_id": "5aa36d39-79d2-4fb5-b3d7-22c23467c44d", "status_code": 200, "timestamp": "2026-08-07T12:21:13.984563Z", "trace_id": "aba75ad800e9e5232721414a8a284b2b"}
api-1       | INFO:     172.18.0.1:52590 - "GET /api/v1/runs/0ac77390-d7c3-47db-bb77-5d707f65307c HTTP/1.1" 200 OK
api-1       | {"api_key_prefix": "evk_5ec841b483bb", "duration_ms": 56.503, "event": "http_request_completed", "level": "info", "method": "GET", "outcome": "success", "path": "/api/v1/runs/0ac77390-d7c3-47db-bb77-5d707f65307c", "request_id": "520ccebe-5db9-422f-9f11-b60fb37d998c", "status_code": 200, "tenant_id": "fdd68433-c86c-470c-8b57-cec8ffc3d389", "timestamp": "2026-08-07T12:21:14.518607Z", "trace_id": "4ce7c42db1bc11d95de27eb931c1aeff"}
api-1       | {"claimed": 20, "event": "outbox_dispatch_batch_completed", "lease_lost": 0, "level": "info", "published": 20, "retry_scheduled": 0, "role": "outbox_dispatcher", "timestamp": "2026-08-07T12:21:14.886888Z"}
api-1       | INFO:     172.18.0.1:52590 - "GET /api/v1/runs/0ac77390-d7c3-47db-bb77-5d707f65307c HTTP/1.1" 200 OK
api-1       | {"api_key_prefix": "evk_5ec841b483bb", "duration_ms": 61.285, "event": "http_request_completed", "level": "info", "method": "GET", "outcome": "success", "path": "/api/v1/runs/0ac77390-d7c3-47db-bb77-5d707f65307c", "request_id": "73c72490-7262-4b9b-9ca4-79aab61bccf1", "status_code": 200, "tenant_id": "fdd68433-c86c-470c-8b57-cec8ffc3d389", "timestamp": "2026-08-07T12:21:15.082957Z", "trace_id": "c2804b2b969a9c6c36bba89c428dcfe8"}
api-1       | {"claimed": 49, "event": "outbox_dispatch_batch_completed", "lease_lost": 0, "level": "info", "published": 49, "retry_scheduled": 0, "role": "outbox_dispatcher", "timestamp": "2026-08-07T12:21:15.631310Z"}
api-1       | INFO:     172.18.0.1:52590 - "GET /api/v1/runs/0ac77390-d7c3-47db-bb77-5d707f65307c HTTP/1.1" 200 OK
api-1       | {"api_key_prefix": "evk_5ec841b483bb", "duration_ms": 99.463, "event": "http_request_completed", "level": "info", "method": "GET", "outcome": "success", "path": "/api/v1/runs/0ac77390-d7c3-47db-bb77-5d707f65307c", "request_id": "ac2df517-87ad-4075-912f-d2ee2981384a", "status_code": 200, "tenant_id": "fdd68433-c86c-470c-8b57-cec8ffc3d389", "timestamp": "2026-08-07T12:21:15.689479Z", "trace_id": "96eb129eba9d7b1b5cdd716d434cf5e2"}
api-1       | {"claimed": 32, "event": "outbox_dispatch_batch_completed", "lease_lost": 0, "level": "info", "published": 32, "retry_scheduled": 0, "role": "outbox_dispatcher", "timestamp": "2026-08-07T12:21:16.288817Z"}
api-1       | INFO:     172.18.0.1:52590 - "GET /api/v1/runs/0ac77390-d7c3-47db-bb77-5d707f65307c HTTP/1.1" 200 OK
api-1       | {"api_key_prefix": "evk_5ec841b483bb", "duration_ms": 126.666, "event": "http_request_completed", "level": "info", "method": "GET", "outcome": "success", "path": "/api/v1/runs/0ac77390-d7c3-47db-bb77-5d707f65307c", "request_id": "ae7e2adf-7e34-4c81-bbb4-b8958b0db632", "status_code": 200, "tenant_id": "fdd68433-c86c-470c-8b57-cec8ffc3d389", "timestamp": "2026-08-07T12:21:16.339814Z", "trace_id": "39b8573a7c291398404518d9a73c2321"}
api-1       | {"claimed": 1, "event": "outbox_dispatch_batch_completed", "lease_lost": 0, "level": "info", "published": 1, "retry_scheduled": 0, "role": "outbox_dispatcher", "timestamp": "2026-08-07T12:21:16.798881Z"}
api-1       | INFO:     172.18.0.1:52590 - "GET /api/v1/runs/0ac77390-d7c3-47db-bb77-5d707f65307c HTTP/1.1" 200 OK
api-1       | {"api_key_prefix": "evk_5ec841b483bb", "duration_ms": 51.399, "event": "http_request_completed", "level": "info", "method": "GET", "outcome": "success", "path": "/api/v1/runs/0ac77390-d7c3-47db-bb77-5d707f65307c", "request_id": "28af688e-7c18-41f3-8c81-a576536fdbe9", "status_code": 200, "tenant_id": "fdd68433-c86c-470c-8b57-cec8ffc3d389", "timestamp": "2026-08-07T12:21:16.893443Z", "trace_id": "0ab69296c73e7c64ffa0d1e3d52c772f"}
api-1       | INFO:     172.18.0.1:52590 - "GET /api/v1/runs/0ac77390-d7c3-47db-bb77-5d707f65307c/cases?limit=200&sort=case_id HTTP/1.1" 200 OK
api-1       | {"api_key_prefix": "evk_5ec841b483bb", "duration_ms": 64.166, "event": "http_request_completed", "level": "info", "method": "GET", "outcome": "success", "path": "/api/v1/runs/0ac77390-d7c3-47db-bb77-5d707f65307c/cases", "request_id": "a642978d-4b7e-4ad1-b887-3dbbea770c4e", "status_code": 200, "tenant_id": "fdd68433-c86c-470c-8b57-cec8ffc3d389", "timestamp": "2026-08-07T12:21:16.959303Z", "trace_id": "6f83b3de35e6e343bd574cabe7cb503c"}
api-1       | {"claimed": 4, "event": "outbox_dispatch_batch_completed", "lease_lost": 0, "level": "info", "published": 4, "retry_scheduled": 0, "role": "outbox_dispatcher", "timestamp": "2026-08-07T12:21:17.315222Z"}
api-1       | INFO:     127.0.0.1:53168 - "GET /metrics HTTP/1.1" 200 OK
api-1       | {"duration_ms": 9.73, "event": "http_request_completed", "level": "info", "method": "GET", "outcome": "success", "path": "/metrics", "request_id": "daab1903-6c5e-4bfb-9680-d09a36adc7ba", "status_code": 200, "timestamp": "2026-08-07T12:21:17.368633Z", "trace_id": "f151b9a835e30a9881fa03935445e299"}
api-1       | INFO:     172.18.0.1:52590 - "POST /api/v1/runs HTTP/1.1" 202 Accepted
api-1       | {"api_key_prefix": "evk_5ec841b483bb", "duration_ms": 272.552, "event": "http_request_completed", "level": "info", "method": "POST", "outcome": "success", "path": "/api/v1/runs", "request_id": "aa9dd1a1-70a0-4418-a0a8-011772914f28", "status_code": 202, "tenant_id": "fdd68433-c86c-470c-8b57-cec8ffc3d389", "timestamp": "2026-08-07T12:21:18.505567Z", "trace_id": "16bacac3badb63034772ece37f10cb86"}
api-1       | INFO:     172.18.0.1:52590 - "GET /api/v1/runs/6c72058a-bd17-488d-b41d-4ce31a15f7e3 HTTP/1.1" 200 OK
api-1       | {"api_key_prefix": "evk_5ec841b483bb", "duration_ms": 53.543, "event": "http_request_completed", "level": "info", "method": "GET", "outcome": "success", "path": "/api/v1/runs/6c72058a-bd17-488d-b41d-4ce31a15f7e3", "request_id": "ea59ea91-4c2c-4424-a2ce-d4bd69b06eac", "status_code": 200, "tenant_id": "fdd68433-c86c-470c-8b57-cec8ffc3d389", "timestamp": "2026-08-07T12:21:18.560820Z", "trace_id": "9bef10bd054ef1f2324779bb5e0e3de3"}
api-1       | {"claimed": 4, "event": "outbox_dispatch_batch_completed", "lease_lost": 0, "level": "info", "published": 4, "retry_scheduled": 0, "role": "outbox_dispatcher", "timestamp": "2026-08-07T12:21:18.892156Z"}
api-1       | INFO:     172.18.0.1:52590 - "GET /api/v1/runs/6c72058a-bd17-488d-b41d-4ce31a15f7e3 HTTP/1.1" 200 OK
api-1       | {"api_key_prefix": "evk_5ec841b483bb", "duration_ms": 91.37, "event": "http_request_completed", "level": "info", "method": "GET", "outcome": "success", "path": "/api/v1/runs/6c72058a-bd17-488d-b41d-4ce31a15f7e3", "request_id": "9167302c-59e6-4644-868d-f99d15fdc116", "status_code": 200, "tenant_id": "fdd68433-c86c-470c-8b57-cec8ffc3d389", "timestamp": "2026-08-07T12:21:19.155123Z", "trace_id": "c72b73b792b0ce9ef1b2c1b01f553fd8"}
api-1       | {"event": "Context impl PostgresqlImpl.", "level": "info", "request_id": "cdf8914d-fd41-4408-9ae9-e4b04eabd77c", "timestamp": "2026-08-07T12:21:19.400589Z", "trace_id": "888ef11199cfcfaced64ce5fb7f3e964"}
api-1       | {"event": "Will assume transactional DDL.", "level": "info", "request_id": "cdf8914d-fd41-4408-9ae9-e4b04eabd77c", "timestamp": "2026-08-07T12:21:19.400716Z", "trace_id": "888ef11199cfcfaced64ce5fb7f3e964"}
api-1       | INFO:     127.0.0.1:53190 - "GET /health/ready HTTP/1.1" 200 OK
api-1       | {"duration_ms": 39.746, "event": "http_request_completed", "level": "info", "method": "GET", "outcome": "success", "path": "/health/ready", "request_id": "cdf8914d-fd41-4408-9ae9-e4b04eabd77c", "status_code": 200, "timestamp": "2026-08-07T12:21:19.415961Z", "trace_id": "888ef11199cfcfaced64ce5fb7f3e964"}
api-1       | {"claimed": 47, "event": "outbox_dispatch_batch_completed", "lease_lost": 0, "level": "info", "published": 47, "retry_scheduled": 0, "role": "outbox_dispatcher", "timestamp": "2026-08-07T12:21:19.623654Z"}
api-1       | INFO:     172.18.0.1:52590 - "GET /api/v1/runs/6c72058a-bd17-488d-b41d-4ce31a15f7e3 HTTP/1.1" 200 OK
api-1       | {"api_key_prefix": "evk_5ec841b483bb", "duration_ms": 75.203, "event": "http_request_completed", "level": "info", "method": "GET", "outcome": "success", "path": "/api/v1/runs/6c72058a-bd17-488d-b41d-4ce31a15f7e3", "request_id": "a1eaa450-10f1-435d-b66d-c5af308dec6e", "status_code": 200, "tenant_id": "fdd68433-c86c-470c-8b57-cec8ffc3d389", "timestamp": "2026-08-07T12:21:19.733125Z", "trace_id": "245d4bae0718ffcaa179561b151c68fe"}
api-1       | {"claimed": 50, "event": "outbox_dispatch_batch_completed", "lease_lost": 0, "level": "info", "published": 50, "retry_scheduled": 0, "role": "outbox_dispatcher", "timestamp": "2026-08-07T12:21:20.328056Z"}
api-1       | INFO:     172.18.0.1:52590 - "GET /api/v1/runs/6c72058a-bd17-488d-b41d-4ce31a15f7e3 HTTP/1.1" 200 OK
api-1       | {"api_key_prefix": "evk_5ec841b483bb", "duration_ms": 139.037, "event": "http_request_completed", "level": "info", "method": "GET", "outcome": "success", "path": "/api/v1/runs/6c72058a-bd17-488d-b41d-4ce31a15f7e3", "request_id": "7677e986-aa71-4e93-99ab-d406dc3b045a", "status_code": 200, "tenant_id": "fdd68433-c86c-470c-8b57-cec8ffc3d389", "timestamp": "2026-08-07T12:21:20.383638Z", "trace_id": "4640f4723f6a44a5dd631d7544f3156d"}
api-1       | {"claimed": 50, "event": "outbox_dispatch_batch_completed", "lease_lost": 0, "level": "info", "published": 50, "retry_scheduled": 0, "role": "outbox_dispatcher", "timestamp": "2026-08-07T12:21:21.075278Z"}
api-1       | INFO:     172.18.0.1:52590 - "GET /api/v1/runs/6c72058a-bd17-488d-b41d-4ce31a15f7e3 HTTP/1.1" 200 OK
api-1       | {"api_key_prefix": "evk_5ec841b483bb", "duration_ms": 239.741, "event": "http_request_completed", "level": "info", "method": "GET", "outcome": "success", "path": "/api/v1/runs/6c72058a-bd17-488d-b41d-4ce31a15f7e3", "request_id": "08872072-67ec-473a-96cc-0ad8474b3ad5", "status_code": 200, "tenant_id": "fdd68433-c86c-470c-8b57-cec8ffc3d389", "timestamp": "2026-08-07T12:21:21.141491Z", "trace_id": "092a5dc3cfea21e20c703b61b0f886b6"}
api-1       | {"claimed": 50, "event": "outbox_dispatch_batch_completed", "lease_lost": 0, "level": "info", "published": 50, "retry_scheduled": 0, "role": "outbox_dispatcher", "timestamp": "2026-08-07T12:21:21.828021Z"}
worker-2    | {"event": "worker_started", "level": "info", "role": "worker", "timestamp": "2026-08-07T12:34:10.144622Z", "worker_id": "b7fd1d358e7a:1:f97a00e6"}
reaper-1    | {"event": "reaper_started", "level": "info", "reaper_id": "50cd0c7305fd:1:c0ea55f4", "role": "reaper", "timestamp": "2026-08-07T12:20:53.909051Z"}
api-1       | INFO:     172.18.0.1:52590 - "GET /api/v1/runs/6c72058a-bd17-488d-b41d-4ce31a15f7e3 HTTP/1.1" 200 OK
api-1       | {"api_key_prefix": "evk_5ec841b483bb", "duration_ms": 186.384, "event": "http_request_completed", "level": "info", "method": "GET", "outcome": "success", "path": "/api/v1/runs/6c72058a-bd17-488d-b41d-4ce31a15f7e3", "request_id": "567454ed-7afa-4ed9-8cba-10b28471d86b", "status_code": 200, "tenant_id": "fdd68433-c86c-470c-8b57-cec8ffc3d389", "timestamp": "2026-08-07T12:21:21.835110Z", "trace_id": "7bbb2ec8db8dc24ce8db4da9e661043d"}
api-1       | {"claimed": 50, "event": "outbox_dispatch_batch_completed", "lease_lost": 0, "level": "info", "published": 50, "retry_scheduled": 0, "role": "outbox_dispatcher", "timestamp": "2026-08-07T12:21:22.674910Z"}
api-1       | INFO:     172.18.0.1:52590 - "GET /api/v1/runs/6c72058a-bd17-488d-b41d-4ce31a15f7e3 HTTP/1.1" 200 OK
api-1       | {"api_key_prefix": "evk_5ec841b483bb", "duration_ms": 291.257, "event": "http_request_completed", "level": "info", "method": "GET", "outcome": "success", "path": "/api/v1/runs/6c72058a-bd17-488d-b41d-4ce31a15f7e3", "request_id": "c0c21bd4-623f-4f7d-b7b5-40f7cd2debac", "status_code": 200, "tenant_id": "fdd68433-c86c-470c-8b57-cec8ffc3d389", "timestamp": "2026-08-07T12:21:22.693432Z", "trace_id": "4aea9629706b8597e5adb484eda61d2e"}
api-1       | INFO:     172.18.0.1:52590 - "GET /api/v1/runs/6c72058a-bd17-488d-b41d-4ce31a15f7e3 HTTP/1.1" 200 OK
api-1       | {"api_key_prefix": "evk_5ec841b483bb", "duration_ms": 225.006, "event": "http_request_completed", "level": "info", "method": "GET", "outcome": "success", "path": "/api/v1/runs/6c72058a-bd17-488d-b41d-4ce31a15f7e3", "request_id": "9e40fde9-29d8-4eab-be77-5819177cb287", "status_code": 200, "tenant_id": "fdd68433-c86c-470c-8b57-cec8ffc3d389", "timestamp": "2026-08-07T12:21:23.423290Z", "trace_id": "7ce7d6ec05abd571493b9392ffc117b7"}
api-1       | {"claimed": 50, "event": "outbox_dispatch_batch_completed", "lease_lost": 0, "level": "info", "published": 50, "retry_scheduled": 0, "role": "outbox_dispatcher", "timestamp": "2026-08-07T12:21:23.429336Z"}
api-1       | {"claimed": 50, "event": "outbox_dispatch_batch_completed", "lease_lost": 0, "level": "info", "published": 50, "retry_scheduled": 0, "role": "outbox_dispatcher", "timestamp": "2026-08-07T12:21:24.220658Z"}
api-1       | INFO:     172.18.0.1:52590 - "GET /api/v1/runs/6c72058a-bd17-488d-b41d-4ce31a15f7e3 HTTP/1.1" 200 OK
api-1       | {"api_key_prefix": "evk_5ec841b483bb", "duration_ms": 306.18, "event": "http_request_completed", "level": "info", "method": "GET", "outcome": "success", "path": "/api/v1/runs/6c72058a-bd17-488d-b41d-4ce31a15f7e3", "request_id": "8167d8fe-f416-499e-aa17-16b1cfec3bce", "status_code": 200, "tenant_id": "fdd68433-c86c-470c-8b57-cec8ffc3d389", "timestamp": "2026-08-07T12:21:24.235068Z", "trace_id": "1c0160ab3f0f1a224abc51a58920e004"}
api-1       | {"event": "Context impl PostgresqlImpl.", "level": "info", "request_id": "2a9e7e84-f290-4fd6-bce0-a87316bb51f4", "timestamp": "2026-08-07T12:21:25.027751Z", "trace_id": "f6f330ce5d2c5374f96dc58298050f89"}
api-1       | {"event": "Will assume transactional DDL.", "level": "info", "request_id": "2a9e7e84-f290-4fd6-bce0-a87316bb51f4", "timestamp": "2026-08-07T12:21:25.027994Z", "trace_id": "f6f330ce5d2c5374f96dc58298050f89"}
api-1       | {"claimed": 50, "event": "outbox_dispatch_batch_completed", "lease_lost": 0, "level": "info", "published": 50, "retry_scheduled": 0, "role": "outbox_dispatcher", "timestamp": "2026-08-07T12:21:25.079732Z"}
api-1       | INFO:     127.0.0.1:54736 - "GET /health/ready HTTP/1.1" 200 OK
api-1       | {"duration_ms": 357.591, "event": "http_request_completed", "level": "info", "method": "GET", "outcome": "success", "path": "/health/ready", "request_id": "2a9e7e84-f290-4fd6-bce0-a87316bb51f4", "status_code": 200, "timestamp": "2026-08-07T12:21:25.099672Z", "trace_id": "f6f330ce5d2c5374f96dc58298050f89"}
api-1       | INFO:     172.18.0.1:52590 - "GET /api/v1/runs/6c72058a-bd17-488d-b41d-4ce31a15f7e3 HTTP/1.1" 200 OK
api-1       | {"api_key_prefix": "evk_5ec841b483bb", "duration_ms": 368.16, "event": "http_request_completed", "level": "info", "method": "GET", "outcome": "success", "path": "/api/v1/runs/6c72058a-bd17-488d-b41d-4ce31a15f7e3", "request_id": "ed0e90ca-102d-4ec9-bfab-6b9845259ff8", "status_code": 200, "tenant_id": "fdd68433-c86c-470c-8b57-cec8ffc3d389", "timestamp": "2026-08-07T12:21:25.105942Z", "trace_id": "6c6bab74b18b923d24fa70a48fcc12ce"}
api-1       | {"claimed": 50, "event": "outbox_dispatch_batch_completed", "lease_lost": 0, "level": "info", "published": 50, "retry_scheduled": 0, "role": "outbox_dispatcher", "timestamp": "2026-08-07T12:21:25.813729Z"}
api-1       | INFO:     172.18.0.1:52590 - "GET /api/v1/runs/6c72058a-bd17-488d-b41d-4ce31a15f7e3 HTTP/1.1" 200 OK
api-1       | {"api_key_prefix": "evk_5ec841b483bb", "duration_ms": 219.581, "event": "http_request_completed", "level": "info", "method": "GET", "outcome": "success", "path": "/api/v1/runs/6c72058a-bd17-488d-b41d-4ce31a15f7e3", "request_id": "6d116903-e144-46f5-9848-a2dd1c49af7b", "status_code": 200, "tenant_id": "fdd68433-c86c-470c-8b57-cec8ffc3d389", "timestamp": "2026-08-07T12:21:25.878648Z", "trace_id": "9aa457e9aa529b8e81dafe701452cd30"}
api-1       | {"claimed": 50, "event": "outbox_dispatch_batch_completed", "lease_lost": 0, "level": "info", "published": 50, "retry_scheduled": 0, "role": "outbox_dispatcher", "timestamp": "2026-08-07T12:21:26.515692Z"}
api-1       | INFO:     172.18.0.1:52590 - "GET /api/v1/runs/6c72058a-bd17-488d-b41d-4ce31a15f7e3 HTTP/1.1" 200 OK
api-1       | {"api_key_prefix": "evk_5ec841b483bb", "duration_ms": 198.349, "event": "http_request_completed", "level": "info", "method": "GET", "outcome": "success", "path": "/api/v1/runs/6c72058a-bd17-488d-b41d-4ce31a15f7e3", "request_id": "f0eec399-be5b-4384-9a30-28774da8d862", "status_code": 200, "tenant_id": "fdd68433-c86c-470c-8b57-cec8ffc3d389", "timestamp": "2026-08-07T12:21:26.583548Z", "trace_id": "222f81835b103897c4de3494b8603a49"}
api-1       | {"claimed": 50, "event": "outbox_dispatch_batch_completed", "lease_lost": 0, "level": "info", "published": 50, "retry_scheduled": 0, "role": "outbox_dispatcher", "timestamp": "2026-08-07T12:21:27.228445Z"}
api-1       | INFO:     172.18.0.1:52590 - "GET /api/v1/runs/6c72058a-bd17-488d-b41d-4ce31a15f7e3 HTTP/1.1" 200 OK
api-1       | {"api_key_prefix": "evk_5ec841b483bb", "duration_ms": 193.984, "event": "http_request_completed", "level": "info", "method": "GET", "outcome": "success", "path": "/api/v1/runs/6c72058a-bd17-488d-b41d-4ce31a15f7e3", "request_id": "328aa6a0-cbb0-4eca-86c4-0626f29d3542", "status_code": 200, "tenant_id": "fdd68433-c86c-470c-8b57-cec8ffc3d389", "timestamp": "2026-08-07T12:21:27.285412Z", "trace_id": "03a5a723d7045a89c635b80009001f37"}
api-1       | {"claimed": 50, "event": "outbox_dispatch_batch_completed", "lease_lost": 0, "level": "info", "published": 50, "retry_scheduled": 0, "role": "outbox_dispatcher", "timestamp": "2026-08-07T12:21:28.005651Z"}
api-1       | INFO:     172.18.0.1:52590 - "GET /api/v1/runs/6c72058a-bd17-488d-b41d-4ce31a15f7e3 HTTP/1.1" 200 OK
api-1       | {"api_key_prefix": "evk_5ec841b483bb", "duration_ms": 209.687, "event": "http_request_completed", "level": "info", "method": "GET", "outcome": "success", "path": "/api/v1/runs/6c72058a-bd17-488d-b41d-4ce31a15f7e3", "request_id": "ef4be80c-a268-4681-8e7c-9c360d68cf9f", "status_code": 200, "tenant_id": "fdd68433-c86c-470c-8b57-cec8ffc3d389", "timestamp": "2026-08-07T12:21:28.065931Z", "trace_id": "f7fa52a0df35328e537e499e183507e3"}
api-1       | {"claimed": 50, "event": "outbox_dispatch_batch_completed", "lease_lost": 0, "level": "info", "published": 50, "retry_scheduled": 0, "role": "outbox_dispatcher", "timestamp": "2026-08-07T12:21:28.718580Z"}
api-1       | INFO:     172.18.0.1:52590 - "GET /api/v1/runs/6c72058a-bd17-488d-b41d-4ce31a15f7e3 HTTP/1.1" 200 OK
api-1       | {"api_key_prefix": "evk_5ec841b483bb", "duration_ms": 207.041, "event": "http_request_completed", "level": "info", "method": "GET", "outcome": "success", "path": "/api/v1/runs/6c72058a-bd17-488d-b41d-4ce31a15f7e3", "request_id": "50d461b2-5aa8-4775-ae3f-46e983f86fdb", "status_code": 200, "tenant_id": "fdd68433-c86c-470c-8b57-cec8ffc3d389", "timestamp": "2026-08-07T12:21:28.781445Z", "trace_id": "20ddb044be5e0e7bab00350d6447e474"}
api-1       | {"claimed": 50, "event": "outbox_dispatch_batch_completed", "lease_lost": 0, "level": "info", "published": 50, "retry_scheduled": 0, "role": "outbox_dispatcher", "timestamp": "2026-08-07T12:21:29.436466Z"}
api-1       | INFO:     172.18.0.1:52590 - "GET /api/v1/runs/6c72058a-bd17-488d-b41d-4ce31a15f7e3 HTTP/1.1" 200 OK
api-1       | {"api_key_prefix": "evk_5ec841b483bb", "duration_ms": 208.336, "event": "http_request_completed", "level": "info", "method": "GET", "outcome": "success", "path": "/api/v1/runs/6c72058a-bd17-488d-b41d-4ce31a15f7e3", "request_id": "f2a1dfa5-399e-4001-9764-2bcacabafdd6", "status_code": 200, "tenant_id": "fdd68433-c86c-470c-8b57-cec8ffc3d389", "timestamp": "2026-08-07T12:21:29.494276Z", "trace_id": "4f9874e6ee19f3f2d1c3d9bbbd6e0d58"}
api-1       | {"claimed": 50, "event": "outbox_dispatch_batch_completed", "lease_lost": 0, "level": "info", "published": 50, "retry_scheduled": 0, "role": "outbox_dispatcher", "timestamp": "2026-08-07T12:21:30.191905Z"}
api-1       | INFO:     172.18.0.1:52590 - "GET /api/v1/runs/6c72058a-bd17-488d-b41d-4ce31a15f7e3 HTTP/1.1" 200 OK
api-1       | {"api_key_prefix": "evk_5ec841b483bb", "duration_ms": 269.074, "event": "http_request_completed", "level": "info", "method": "GET", "outcome": "success", "path": "/api/v1/runs/6c72058a-bd17-488d-b41d-4ce31a15f7e3", "request_id": "311816d1-523f-46a0-a161-f36d40247f1f", "status_code": 200, "tenant_id": "fdd68433-c86c-470c-8b57-cec8ffc3d389", "timestamp": "2026-08-07T12:21:30.283286Z", "trace_id": "662242c579475d7152c4a7dbf409397e"}
api-1       | {"event": "Context impl PostgresqlImpl.", "level": "info", "request_id": "3a970516-86dc-4b45-bd35-712073acf5f2", "timestamp": "2026-08-07T12:21:30.505674Z", "trace_id": "1d9fc1f5c9aab0fe0251517e80e27bbd"}
api-1       | {"event": "Will assume transactional DDL.", "level": "info", "request_id": "3a970516-86dc-4b45-bd35-712073acf5f2", "timestamp": "2026-08-07T12:21:30.505876Z", "trace_id": "1d9fc1f5c9aab0fe0251517e80e27bbd"}
api-1       | INFO:     127.0.0.1:39294 - "GET /health/ready HTTP/1.1" 200 OK
api-1       | {"duration_ms": 22.246, "event": "http_request_completed", "level": "info", "method": "GET", "outcome": "success", "path": "/health/ready", "request_id": "3a970516-86dc-4b45-bd35-712073acf5f2", "status_code": 200, "timestamp": "2026-08-07T12:21:30.513028Z", "trace_id": "1d9fc1f5c9aab0fe0251517e80e27bbd"}
api-1       | {"claimed": 50, "event": "outbox_dispatch_batch_completed", "lease_lost": 0, "level": "info", "published": 50, "retry_scheduled": 0, "role": "outbox_dispatcher", "timestamp": "2026-08-07T12:21:30.922721Z"}
api-1       | INFO:     172.18.0.1:52590 - "GET /api/v1/runs/6c72058a-bd17-488d-b41d-4ce31a15f7e3 HTTP/1.1" 200 OK
api-1       | {"api_key_prefix": "evk_5ec841b483bb", "duration_ms": 180.768, "event": "http_request_completed", "level": "info", "method": "GET", "outcome": "success", "path": "/api/v1/runs/6c72058a-bd17-488d-b41d-4ce31a15f7e3", "request_id": "558d3ce7-415a-4914-ae06-70ffd30a389b", "status_code": 200, "tenant_id": "fdd68433-c86c-470c-8b57-cec8ffc3d389", "timestamp": "2026-08-07T12:21:30.981350Z", "trace_id": "70c71d6462769c0c3539197a3863b577"}
api-1       | {"claimed": 50, "event": "outbox_dispatch_batch_completed", "lease_lost": 0, "level": "info", "published": 50, "retry_scheduled": 0, "role": "outbox_dispatcher", "timestamp": "2026-08-07T12:21:31.607397Z"}
api-1       | INFO:     172.18.0.1:52590 - "GET /api/v1/runs/6c72058a-bd17-488d-b41d-4ce31a15f7e3 HTTP/1.1" 200 OK
api-1       | {"api_key_prefix": "evk_5ec841b483bb", "duration_ms": 177.348, "event": "http_request_completed", "level": "info", "method": "GET", "outcome": "success", "path": "/api/v1/runs/6c72058a-bd17-488d-b41d-4ce31a15f7e3", "request_id": "c09709a5-9279-488b-b488-ce6e602b66ea", "status_code": 200, "tenant_id": "fdd68433-c86c-470c-8b57-cec8ffc3d389", "timestamp": "2026-08-07T12:21:31.663246Z", "trace_id": "5c4c2ee805234f2a48c10acfdfc2e1d0"}
api-1       | {"claimed": 50, "event": "outbox_dispatch_batch_completed", "lease_lost": 0, "level": "info", "published": 50, "retry_scheduled": 0, "role": "outbox_dispatcher", "timestamp": "2026-08-07T12:21:32.304451Z"}
api-1       | INFO:     172.18.0.1:52590 - "GET /api/v1/runs/6c72058a-bd17-488d-b41d-4ce31a15f7e3 HTTP/1.1" 200 OK
api-1       | {"api_key_prefix": "evk_5ec841b483bb", "duration_ms": 192.754, "event": "http_request_completed", "level": "info", "method": "GET", "outcome": "success", "path": "/api/v1/runs/6c72058a-bd17-488d-b41d-4ce31a15f7e3", "request_id": "7e14d6f2-c182-4336-8db3-4c3f66cc5f6f", "status_code": 200, "tenant_id": "fdd68433-c86c-470c-8b57-cec8ffc3d389", "timestamp": "2026-08-07T12:21:32.361067Z", "trace_id": "c64f418048292861e24b7fcc4f46bdfd"}
api-1       | INFO:     172.18.0.1:52590 - "GET /api/v1/runs/6c72058a-bd17-488d-b41d-4ce31a15f7e3/cases?limit=200&sort=case_id HTTP/1.1" 200 OK
api-1       | {"api_key_prefix": "evk_5ec841b483bb", "duration_ms": 74.203, "event": "http_request_completed", "level": "info", "method": "GET", "outcome": "success", "path": "/api/v1/runs/6c72058a-bd17-488d-b41d-4ce31a15f7e3/cases", "request_id": "07ae25e3-56dd-425f-b583-59125de48d92", "status_code": 200, "tenant_id": "fdd68433-c86c-470c-8b57-cec8ffc3d389", "timestamp": "2026-08-07T12:21:32.437123Z", "trace_id": "6c6e3710da2cc7cb35c7d75ac15c6782"}
api-1       | INFO:     172.18.0.1:52590 - "GET /api/v1/runs/6c72058a-bd17-488d-b41d-4ce31a15f7e3/cases?limit=200&sort=case_id&cursor=eyJkaXJlY3Rpb24iOiJhc2MiLCJlcnJvcl9jb2RlIjpudWxsLCJqb2JfaWQiOiI1YzY1OTc2My03MTk0LTRhYTItODIxMy02YjlhYzMwMDViZmYiLCJtZXRyaWMiOm51bGwsInNvcnQiOiJjYXNlX2lkIiwic3RhdHVzIjpudWxsLCJ2IjoxLCJ2YWx1ZSI6ImxvYWQtMDE5OSJ9 HTTP/1.1" 200 OK
api-1       | {"api_key_prefix": "evk_5ec841b483bb", "duration_ms": 70.245, "event": "http_request_completed", "level": "info", "method": "GET", "outcome": "success", "path": "/api/v1/runs/6c72058a-bd17-488d-b41d-4ce31a15f7e3/cases", "request_id": "73c4d782-9080-4146-8374-61d95e9bacf7", "status_code": 200, "tenant_id": "fdd68433-c86c-470c-8b57-cec8ffc3d389", "timestamp": "2026-08-07T12:21:32.510741Z", "trace_id": "137681d3b0f651dee2afb91ae40dd396"}
api-1       | INFO:     172.18.0.1:52590 - "GET /api/v1/runs/6c72058a-bd17-488d-b41d-4ce31a15f7e3/cases?limit=200&sort=case_id&cursor=eyJkaXJlY3Rpb24iOiJhc2MiLCJlcnJvcl9jb2RlIjpudWxsLCJqb2JfaWQiOiIwYjcxMmZjZC1kZWZiLTQ5MjEtOTVhMy0wYmY4NGU0ZjI1MDAiLCJtZXRyaWMiOm51bGwsInNvcnQiOiJjYXNlX2lkIiwic3RhdHVzIjpudWxsLCJ2IjoxLCJ2YWx1ZSI6ImxvYWQtMDM5OSJ9 HTTP/1.1" 200 OK
api-1       | {"api_key_prefix": "evk_5ec841b483bb", "duration_ms": 62.169, "event": "http_request_completed", "level": "info", "method": "GET", "outcome": "success", "path": "/api/v1/runs/6c72058a-bd17-488d-b41d-4ce31a15f7e3/cases", "request_id": "7fce0dbb-db8e-41e3-b21d-2bc040cfa84c", "status_code": 200, "tenant_id": "fdd68433-c86c-470c-8b57-cec8ffc3d389", "timestamp": "2026-08-07T12:21:32.575279Z", "trace_id": "9bc8b96cb4a10b3562abf7b086e0d258"}
api-1       | {"claimed": 50, "event": "outbox_dispatch_batch_completed", "lease_lost": 0, "level": "info", "published": 50, "retry_scheduled": 0, "role": "outbox_dispatcher", "timestamp": "2026-08-07T12:21:33.178788Z"}
api-1       | INFO:     127.0.0.1:39310 - "GET /metrics HTTP/1.1" 200 OK
api-1       | {"duration_ms": 112.449, "event": "http_request_completed", "level": "info", "method": "GET", "outcome": "success", "path": "/metrics", "request_id": "f9e580d8-a496-4b5b-a963-7878aae06594", "status_code": 200, "timestamp": "2026-08-07T12:21:33.192895Z", "trace_id": "f1df06a41cfdead85bbb9bc83cec2735"}
api-1       | {"claimed": 50, "event": "outbox_dispatch_batch_completed", "lease_lost": 0, "level": "info", "published": 50, "retry_scheduled": 0, "role": "outbox_dispatcher", "timestamp": "2026-08-07T12:21:33.905559Z"}
api-1       | {"claimed": 50, "event": "outbox_dispatch_batch_completed", "lease_lost": 0, "level": "info", "published": 50, "retry_scheduled": 0, "role": "outbox_dispatcher", "timestamp": "2026-08-07T12:21:34.613007Z"}
api-1       | {"claimed": 1, "event": "outbox_dispatch_batch_completed", "lease_lost": 0, "level": "info", "published": 1, "retry_scheduled": 0, "role": "outbox_dispatcher", "timestamp": "2026-08-07T12:21:35.123152Z"}
api-1       | {"event": "Context impl PostgresqlImpl.", "level": "info", "request_id": "f17db4b1-6ea4-44ae-b3dc-80d08729a21d", "timestamp": "2026-08-07T12:21:35.809788Z", "trace_id": "fd4cfd5deaf0dd7de9074cddd7255ab9"}
api-1       | {"event": "Will assume transactional DDL.", "level": "info", "request_id": "f17db4b1-6ea4-44ae-b3dc-80d08729a21d", "timestamp": "2026-08-07T12:21:35.809977Z", "trace_id": "fd4cfd5deaf0dd7de9074cddd7255ab9"}
api-1       | INFO:     127.0.0.1:39352 - "GET /health/ready HTTP/1.1" 200 OK
api-1       | {"duration_ms": 24.891, "event": "http_request_completed", "level": "info", "method": "GET", "outcome": "success", "path": "/health/ready", "request_id": "f17db4b1-6ea4-44ae-b3dc-80d08729a21d", "status_code": 200, "timestamp": "2026-08-07T12:21:35.817380Z", "trace_id": "fd4cfd5deaf0dd7de9074cddd7255ab9"}
api-1       | INFO:     172.18.0.1:54766 - "POST /api/v1/runs HTTP/1.1" 202 Accepted
api-1       | {"api_key_prefix": "evk_5ec841b483bb", "duration_ms": 87.604, "event": "http_request_completed", "level": "info", "method": "POST", "outcome": "success", "path": "/api/v1/runs", "request_id": "e96a92c8-67f7-4758-bd96-474b172db138", "status_code": 202, "tenant_id": "fdd68433-c86c-470c-8b57-cec8ffc3d389", "timestamp": "2026-08-07T12:21:38.543993Z", "trace_id": "c3f7007892c4e6a4a31b31af46608b1c"}
api-1       | INFO:     172.18.0.1:54766 - "GET /api/v1/runs/570a66b4-87be-49fd-914e-b3f173a7f284 HTTP/1.1" 200 OK
api-1       | {"api_key_prefix": "evk_5ec841b483bb", "duration_ms": 51.127, "event": "http_request_completed", "level": "info", "method": "GET", "outcome": "success", "path": "/api/v1/runs/570a66b4-87be-49fd-914e-b3f173a7f284", "request_id": "b40f2569-21c5-48ab-ae33-9fe5e2b29e38", "status_code": 200, "tenant_id": "fdd68433-c86c-470c-8b57-cec8ffc3d389", "timestamp": "2026-08-07T12:21:38.597170Z", "trace_id": "14c8f73df88fc376b5ed39f689b2ea51"}
api-1       | INFO:     172.18.0.1:54766 - "GET /api/v1/runs/570a66b4-87be-49fd-914e-b3f173a7f284 HTTP/1.1" 200 OK
api-1       | {"api_key_prefix": "evk_5ec841b483bb", "duration_ms": 95.979, "event": "http_request_completed", "level": "info", "method": "GET", "outcome": "success", "path": "/api/v1/runs/570a66b4-87be-49fd-914e-b3f173a7f284", "request_id": "67a3919f-172e-4824-8b7c-36ecf7b8272b", "status_code": 200, "tenant_id": "fdd68433-c86c-470c-8b57-cec8ffc3d389", "timestamp": "2026-08-07T12:21:39.197486Z", "trace_id": "f848373ee9adf5a69f55286abae6d6d9"}
api-1       | {"claimed": 24, "event": "outbox_dispatch_batch_completed", "lease_lost": 0, "level": "info", "published": 24, "retry_scheduled": 0, "role": "outbox_dispatcher", "timestamp": "2026-08-07T12:21:39.408978Z"}
api-1       | INFO:     172.18.0.1:54766 - "GET /api/v1/runs/570a66b4-87be-49fd-914e-b3f173a7f284 HTTP/1.1" 200 OK
api-1       | {"api_key_prefix": "evk_5ec841b483bb", "duration_ms": 79.827, "event": "http_request_completed", "level": "info", "method": "GET", "outcome": "success", "path": "/api/v1/runs/570a66b4-87be-49fd-914e-b3f173a7f284", "request_id": "dd361921-f858-43f4-a0e3-fa693c2ec9e1", "status_code": 200, "tenant_id": "fdd68433-c86c-470c-8b57-cec8ffc3d389", "timestamp": "2026-08-07T12:21:39.782403Z", "trace_id": "365561b6e681bde2c6b9cf513ac6f851"}
api-1       | {"claimed": 50, "event": "outbox_dispatch_batch_completed", "lease_lost": 0, "level": "info", "published": 50, "retry_scheduled": 0, "role": "outbox_dispatcher", "timestamp": "2026-08-07T12:21:40.177604Z"}
api-1       | INFO:     172.18.0.1:54766 - "GET /api/v1/runs/570a66b4-87be-49fd-914e-b3f173a7f284 HTTP/1.1" 200 OK
api-1       | {"api_key_prefix": "evk_5ec841b483bb", "duration_ms": 58.836, "event": "http_request_completed", "level": "info", "method": "GET", "outcome": "success", "path": "/api/v1/runs/570a66b4-87be-49fd-914e-b3f173a7f284", "request_id": "6c56fb12-43e3-4f89-a756-dc51acd8757a", "status_code": 200, "tenant_id": "fdd68433-c86c-470c-8b57-cec8ffc3d389", "timestamp": "2026-08-07T12:21:40.345291Z", "trace_id": "c4ba82cf5da929cd744adf84a9bd19d0"}
api-1       | {"claimed": 32, "event": "outbox_dispatch_batch_completed", "lease_lost": 0, "level": "info", "published": 32, "retry_scheduled": 0, "role": "outbox_dispatcher", "timestamp": "2026-08-07T12:21:40.873582Z"}
api-1       | INFO:     172.18.0.1:54766 - "GET /api/v1/runs/570a66b4-87be-49fd-914e-b3f173a7f284 HTTP/1.1" 200 OK
api-1       | {"api_key_prefix": "evk_5ec841b483bb", "duration_ms": 102.445, "event": "http_request_completed", "level": "info", "method": "GET", "outcome": "success", "path": "/api/v1/runs/570a66b4-87be-49fd-914e-b3f173a7f284", "request_id": "debf7a5c-a6b9-452f-9fa7-4c0e2d51af33", "status_code": 200, "tenant_id": "fdd68433-c86c-470c-8b57-cec8ffc3d389", "timestamp": "2026-08-07T12:21:40.950618Z", "trace_id": "0422a8db9bff048d915bb7e7452b04fa"}
api-1       | INFO:     172.18.0.1:54766 - "GET /api/v1/runs/570a66b4-87be-49fd-914e-b3f173a7f284/cases?limit=200&sort=case_id HTTP/1.1" 200 OK
api-1       | {"api_key_prefix": "evk_5ec841b483bb", "duration_ms": 117.3, "event": "http_request_completed", "level": "info", "method": "GET", "outcome": "success", "path": "/api/v1/runs/570a66b4-87be-49fd-914e-b3f173a7f284/cases", "request_id": "2dcbe4d0-d655-4906-812a-49e8ee78b2e3", "status_code": 200, "tenant_id": "fdd68433-c86c-470c-8b57-cec8ffc3d389", "timestamp": "2026-08-07T12:21:41.069676Z", "trace_id": "08b7408c987b7104c230c8e549e54bd0"}
api-1       | {"event": "Context impl PostgresqlImpl.", "level": "info", "request_id": "234a175b-ff0a-4975-a91c-d6d707f2becc", "timestamp": "2026-08-07T12:21:41.244712Z", "trace_id": "e2e7ef1431d72a2e8a798d641c6c58df"}
api-1       | {"event": "Will assume transactional DDL.", "level": "info", "request_id": "234a175b-ff0a-4975-a91c-d6d707f2becc", "timestamp": "2026-08-07T12:21:41.244877Z", "trace_id": "e2e7ef1431d72a2e8a798d641c6c58df"}
api-1       | INFO:     127.0.0.1:45622 - "GET /health/ready HTTP/1.1" 200 OK
api-1       | {"duration_ms": 24.158, "event": "http_request_completed", "level": "info", "method": "GET", "outcome": "success", "path": "/health/ready", "request_id": "234a175b-ff0a-4975-a91c-d6d707f2becc", "status_code": 200, "timestamp": "2026-08-07T12:21:41.253001Z", "trace_id": "e2e7ef1431d72a2e8a798d641c6c58df"}
api-1       | INFO:     127.0.0.1:45626 - "GET /metrics HTTP/1.1" 200 OK
api-1       | {"duration_ms": 9.23, "event": "http_request_completed", "level": "info", "method": "GET", "outcome": "success", "path": "/metrics", "request_id": "66d7e096-9fdd-4091-a0c3-6a9d682b2ba6", "status_code": 200, "timestamp": "2026-08-07T12:21:41.523728Z", "trace_id": "3f8f65025d30cfda37f15648bc57a4d9"}
api-1       | INFO:     172.18.0.1:54766 - "POST /api/v1/runs HTTP/1.1" 202 Accepted
api-1       | {"api_key_prefix": "evk_5ec841b483bb", "duration_ms": 271.102, "event": "http_request_completed", "level": "info", "method": "POST", "outcome": "success", "path": "/api/v1/runs", "request_id": "cc444671-27e5-4977-94f4-ab16959fa307", "status_code": 202, "tenant_id": "fdd68433-c86c-470c-8b57-cec8ffc3d389", "timestamp": "2026-08-07T12:21:43.235447Z", "trace_id": "205be04833822423fd67444a3a68d9ec"}
api-1       | INFO:     172.18.0.1:54766 - "GET /api/v1/runs/8fa9e044-c1fa-4478-8ae4-8be5fee55b57 HTTP/1.1" 200 OK
api-1       | {"api_key_prefix": "evk_5ec841b483bb", "duration_ms": 52.612, "event": "http_request_completed", "level": "info", "method": "GET", "outcome": "success", "path": "/api/v1/runs/8fa9e044-c1fa-4478-8ae4-8be5fee55b57", "request_id": "e716fb56-fc19-4d2d-a9d3-adeef0bcec33", "status_code": 200, "tenant_id": "fdd68433-c86c-470c-8b57-cec8ffc3d389", "timestamp": "2026-08-07T12:21:43.289759Z", "trace_id": "1be342accc8667e455390f98fa3c56bd"}
api-1       | INFO:     172.18.0.1:54766 - "GET /api/v1/runs/8fa9e044-c1fa-4478-8ae4-8be5fee55b57 HTTP/1.1" 200 OK
api-1       | {"api_key_prefix": "evk_5ec841b483bb", "duration_ms": 62.627, "event": "http_request_completed", "level": "info", "method": "GET", "outcome": "success", "path": "/api/v1/runs/8fa9e044-c1fa-4478-8ae4-8be5fee55b57", "request_id": "13858f43-0743-4ab3-b73f-d7d2cbf4e209", "status_code": 200, "tenant_id": "fdd68433-c86c-470c-8b57-cec8ffc3d389", "timestamp": "2026-08-07T12:21:43.855091Z", "trace_id": "2feb457bdea0389f85b5c7333dacf96b"}
api-1       | {"claimed": 45, "event": "outbox_dispatch_batch_completed", "lease_lost": 0, "level": "info", "published": 45, "retry_scheduled": 0, "role": "outbox_dispatcher", "timestamp": "2026-08-07T12:21:44.183660Z"}
api-1       | INFO:     172.18.0.1:54766 - "GET /api/v1/runs/8fa9e044-c1fa-4478-8ae4-8be5fee55b57 HTTP/1.1" 200 OK
api-1       | {"api_key_prefix": "evk_5ec841b483bb", "duration_ms": 106.05, "event": "http_request_completed", "level": "info", "method": "GET", "outcome": "success", "path": "/api/v1/runs/8fa9e044-c1fa-4478-8ae4-8be5fee55b57", "request_id": "fe442510-7ac3-4290-a2e4-b10df99880a3", "status_code": 200, "tenant_id": "fdd68433-c86c-470c-8b57-cec8ffc3d389", "timestamp": "2026-08-07T12:21:44.464120Z", "trace_id": "27416c1d9b511630eeef175c86210b33"}
api-1       | {"claimed": 50, "event": "outbox_dispatch_batch_completed", "lease_lost": 0, "level": "info", "published": 50, "retry_scheduled": 0, "role": "outbox_dispatcher", "timestamp": "2026-08-07T12:21:45.025420Z"}
api-1       | INFO:     172.18.0.1:54766 - "GET /api/v1/runs/8fa9e044-c1fa-4478-8ae4-8be5fee55b57 HTTP/1.1" 200 OK
api-1       | {"api_key_prefix": "evk_5ec841b483bb", "duration_ms": 124.275, "event": "http_request_completed", "level": "info", "method": "GET", "outcome": "success", "path": "/api/v1/runs/8fa9e044-c1fa-4478-8ae4-8be5fee55b57", "request_id": "53462443-d58b-40fe-bd47-1c9720738741", "status_code": 200, "tenant_id": "fdd68433-c86c-470c-8b57-cec8ffc3d389", "timestamp": "2026-08-07T12:21:45.091437Z", "trace_id": "3875d41f57201a6f6555e89a09b2b6ec"}
api-1       | {"claimed": 50, "event": "outbox_dispatch_batch_completed", "lease_lost": 0, "level": "info", "published": 50, "retry_scheduled": 0, "role": "outbox_dispatcher", "timestamp": "2026-08-07T12:21:45.819262Z"}
api-1       | INFO:     172.18.0.1:54766 - "GET /api/v1/runs/8fa9e044-c1fa-4478-8ae4-8be5fee55b57 HTTP/1.1" 200 OK
api-1       | {"api_key_prefix": "evk_5ec841b483bb", "duration_ms": 284.24, "event": "http_request_completed", "level": "info", "method": "GET", "outcome": "success", "path": "/api/v1/runs/8fa9e044-c1fa-4478-8ae4-8be5fee55b57", "request_id": "02df27b6-2957-4a2d-b65e-03762009a5c6", "status_code": 200, "tenant_id": "fdd68433-c86c-470c-8b57-cec8ffc3d389", "timestamp": "2026-08-07T12:21:45.893658Z", "trace_id": "7b0334789f0ea9491aa321bdd40b3977"}
api-1       | {"event": "Context impl PostgresqlImpl.", "level": "info", "request_id": "a75b579d-aabb-44f4-8a38-6d7a3eca8f33", "timestamp": "2026-08-07T12:21:46.911198Z", "trace_id": "d4189a151f1ed69846833368131d7b5e"}
api-1       | {"event": "Will assume transactional DDL.", "level": "info", "request_id": "a75b579d-aabb-44f4-8a38-6d7a3eca8f33", "timestamp": "2026-08-07T12:21:46.911362Z", "trace_id": "d4189a151f1ed69846833368131d7b5e"}
api-1       | {"claimed": 50, "event": "outbox_dispatch_batch_completed", "lease_lost": 0, "level": "info", "published": 50, "retry_scheduled": 0, "role": "outbox_dispatcher", "timestamp": "2026-08-07T12:21:46.915793Z"}
api-1       | INFO:     127.0.0.1:45654 - "GET /health/ready HTTP/1.1" 200 OK
api-1       | {"duration_ms": 123.709, "event": "http_request_completed", "level": "info", "method": "GET", "outcome": "success", "path": "/health/ready", "request_id": "a75b579d-aabb-44f4-8a38-6d7a3eca8f33", "status_code": 200, "timestamp": "2026-08-07T12:21:46.987121Z", "trace_id": "d4189a151f1ed69846833368131d7b5e"}
api-1       | INFO:     172.18.0.1:54766 - "GET /api/v1/runs/8fa9e044-c1fa-4478-8ae4-8be5fee55b57 HTTP/1.1" 200 OK
api-1       | {"api_key_prefix": "evk_5ec841b483bb", "duration_ms": 535.913, "event": "http_request_completed", "level": "info", "method": "GET", "outcome": "success", "path": "/api/v1/runs/8fa9e044-c1fa-4478-8ae4-8be5fee55b57", "request_id": "8f5844db-7641-4213-b72b-bc8a1c6276dc", "status_code": 200, "tenant_id": "fdd68433-c86c-470c-8b57-cec8ffc3d389", "timestamp": "2026-08-07T12:21:46.996495Z", "trace_id": "e02a7828b4e0a2e059b550d27bcd71f0"}
api-1       | {"claimed": 50, "event": "outbox_dispatch_batch_completed", "lease_lost": 0, "level": "info", "published": 50, "retry_scheduled": 0, "role": "outbox_dispatcher", "timestamp": "2026-08-07T12:21:47.771147Z"}
api-1       | INFO:     172.18.0.1:54766 - "GET /api/v1/runs/8fa9e044-c1fa-4478-8ae4-8be5fee55b57 HTTP/1.1" 200 OK
api-1       | {"api_key_prefix": "evk_5ec841b483bb", "duration_ms": 345.982, "event": "http_request_completed", "level": "info", "method": "GET", "outcome": "success", "path": "/api/v1/runs/8fa9e044-c1fa-4478-8ae4-8be5fee55b57", "request_id": "a0c7d72c-77d1-467e-98a9-8d88b5a5d466", "status_code": 200, "tenant_id": "fdd68433-c86c-470c-8b57-cec8ffc3d389", "timestamp": "2026-08-07T12:21:47.854679Z", "trace_id": "76031a007b617a2cd71aa8fac5efd01f"}
api-1       | {"claimed": 50, "event": "outbox_dispatch_batch_completed", "lease_lost": 0, "level": "info", "published": 50, "retry_scheduled": 0, "role": "outbox_dispatcher", "timestamp": "2026-08-07T12:21:48.538337Z"}
api-1       | INFO:     172.18.0.1:54766 - "GET /api/v1/runs/8fa9e044-c1fa-4478-8ae4-8be5fee55b57 HTTP/1.1" 200 OK
api-1       | {"api_key_prefix": "evk_5ec841b483bb", "duration_ms": 288.253, "event": "http_request_completed", "level": "info", "method": "GET", "outcome": "success", "path": "/api/v1/runs/8fa9e044-c1fa-4478-8ae4-8be5fee55b57", "request_id": "657791fb-fc3b-482d-a9ce-b9417c9a2445", "status_code": 200, "tenant_id": "fdd68433-c86c-470c-8b57-cec8ffc3d389", "timestamp": "2026-08-07T12:21:48.647540Z", "trace_id": "a1b0feb16bda403137c697f1d609e6ed"}
api-1       | {"claimed": 50, "event": "outbox_dispatch_batch_completed", "lease_lost": 0, "level": "info", "published": 50, "retry_scheduled": 0, "role": "outbox_dispatcher", "timestamp": "2026-08-07T12:21:49.396449Z"}
api-1       | INFO:     172.18.0.1:54766 - "GET /api/v1/runs/8fa9e044-c1fa-4478-8ae4-8be5fee55b57 HTTP/1.1" 200 OK
api-1       | {"api_key_prefix": "evk_5ec841b483bb", "duration_ms": 266.126, "event": "http_request_completed", "level": "info", "method": "GET", "outcome": "success", "path": "/api/v1/runs/8fa9e044-c1fa-4478-8ae4-8be5fee55b57", "request_id": "50748fe2-15ba-4cb9-97f9-f953f74e67d2", "status_code": 200, "tenant_id": "fdd68433-c86c-470c-8b57-cec8ffc3d389", "timestamp": "2026-08-07T12:21:49.483488Z", "trace_id": "b1a1ba4e3f4657df36be5e2cc9f90fcc"}
api-1       | {"claimed": 50, "event": "outbox_dispatch_batch_completed", "lease_lost": 0, "level": "info", "published": 50, "retry_scheduled": 0, "role": "outbox_dispatcher", "timestamp": "2026-08-07T12:21:50.181538Z"}
api-1       | INFO:     172.18.0.1:54766 - "GET /api/v1/runs/8fa9e044-c1fa-4478-8ae4-8be5fee55b57 HTTP/1.1" 200 OK
api-1       | {"api_key_prefix": "evk_5ec841b483bb", "duration_ms": 220.033, "event": "http_request_completed", "level": "info", "method": "GET", "outcome": "success", "path": "/api/v1/runs/8fa9e044-c1fa-4478-8ae4-8be5fee55b57", "request_id": "38a01722-40d9-4614-a811-9d502db433f7", "status_code": 200, "tenant_id": "fdd68433-c86c-470c-8b57-cec8ffc3d389", "timestamp": "2026-08-07T12:21:50.207835Z", "trace_id": "628da981dd29dcd5c33cffd45979e710"}
api-1       | {"claimed": 50, "event": "outbox_dispatch_batch_completed", "lease_lost": 0, "level": "info", "published": 50, "retry_scheduled": 0, "role": "outbox_dispatcher", "timestamp": "2026-08-07T12:21:50.995787Z"}
api-1       | INFO:     172.18.0.1:54766 - "GET /api/v1/runs/8fa9e044-c1fa-4478-8ae4-8be5fee55b57 HTTP/1.1" 200 OK
api-1       | {"api_key_prefix": "evk_5ec841b483bb", "duration_ms": 287.485, "event": "http_request_completed", "level": "info", "method": "GET", "outcome": "success", "path": "/api/v1/runs/8fa9e044-c1fa-4478-8ae4-8be5fee55b57", "request_id": "45baa66c-3b26-44a2-a18f-2d6cb673293f", "status_code": 200, "tenant_id": "fdd68433-c86c-470c-8b57-cec8ffc3d389", "timestamp": "2026-08-07T12:21:50.998730Z", "trace_id": "0635f3d8dc49a005713ca3a3e7f5638d"}
api-1       | {"claimed": 50, "event": "outbox_dispatch_batch_completed", "lease_lost": 0, "level": "info", "published": 50, "retry_scheduled": 0, "role": "outbox_dispatcher", "timestamp": "2026-08-07T12:21:51.707122Z"}
api-1       | INFO:     172.18.0.1:54766 - "GET /api/v1/runs/8fa9e044-c1fa-4478-8ae4-8be5fee55b57 HTTP/1.1" 200 OK
api-1       | {"api_key_prefix": "evk_5ec841b483bb", "duration_ms": 213.123, "event": "http_request_completed", "level": "info", "method": "GET", "outcome": "success", "path": "/api/v1/runs/8fa9e044-c1fa-4478-8ae4-8be5fee55b57", "request_id": "f40c85f3-a957-456c-9e4e-4a2c9abc0d02", "status_code": 200, "tenant_id": "fdd68433-c86c-470c-8b57-cec8ffc3d389", "timestamp": "2026-08-07T12:21:51.717080Z", "trace_id": "207fc510e716961b3691d0987f7efaba"}
api-1       | {"event": "Context impl PostgresqlImpl.", "level": "info", "request_id": "89a202cd-4bd3-4f29-b877-40e74cfa8404", "timestamp": "2026-08-07T12:21:52.534915Z", "trace_id": "37464c84180d5328952c41b0b7cc3c59"}
api-1       | {"event": "Will assume transactional DDL.", "level": "info", "request_id": "89a202cd-4bd3-4f29-b877-40e74cfa8404", "timestamp": "2026-08-07T12:21:52.535035Z", "trace_id": "37464c84180d5328952c41b0b7cc3c59"}
api-1       | INFO:     127.0.0.1:47132 - "GET /health/ready HTTP/1.1" 200 OK
api-1       | {"duration_ms": 211.051, "event": "http_request_completed", "level": "info", "method": "GET", "outcome": "success", "path": "/health/ready", "request_id": "89a202cd-4bd3-4f29-b877-40e74cfa8404", "status_code": 200, "timestamp": "2026-08-07T12:21:52.571081Z", "trace_id": "37464c84180d5328952c41b0b7cc3c59"}
api-1       | {"claimed": 50, "event": "outbox_dispatch_batch_completed", "lease_lost": 0, "level": "info", "published": 50, "retry_scheduled": 0, "role": "outbox_dispatcher", "timestamp": "2026-08-07T12:21:52.576329Z"}
api-1       | INFO:     172.18.0.1:54766 - "GET /api/v1/runs/8fa9e044-c1fa-4478-8ae4-8be5fee55b57 HTTP/1.1" 200 OK
api-1       | {"api_key_prefix": "evk_5ec841b483bb", "duration_ms": 371.621, "event": "http_request_completed", "level": "info", "method": "GET", "outcome": "success", "path": "/api/v1/runs/8fa9e044-c1fa-4478-8ae4-8be5fee55b57", "request_id": "c3a76a9d-3a4c-48de-bdb0-d7b9971a70ab", "status_code": 200, "tenant_id": "fdd68433-c86c-470c-8b57-cec8ffc3d389", "timestamp": "2026-08-07T12:21:52.591615Z", "trace_id": "5fb5cc484020e5f6f9e2ad9f911e98a6"}
api-1       | INFO:     172.18.0.1:54766 - "GET /api/v1/runs/8fa9e044-c1fa-4478-8ae4-8be5fee55b57/cases?limit=200&sort=case_id HTTP/1.1" 200 OK
api-1       | {"api_key_prefix": "evk_5ec841b483bb", "duration_ms": 73.717, "event": "http_request_completed", "level": "info", "method": "GET", "outcome": "success", "path": "/api/v1/runs/8fa9e044-c1fa-4478-8ae4-8be5fee55b57/cases", "request_id": "0410a5af-bb10-42a7-a4d0-ff5680aca86d", "status_code": 200, "tenant_id": "fdd68433-c86c-470c-8b57-cec8ffc3d389", "timestamp": "2026-08-07T12:21:52.667893Z", "trace_id": "cbd5e22167393977be83e8ac47f0bae0"}
api-1       | INFO:     172.18.0.1:54766 - "GET /api/v1/runs/8fa9e044-c1fa-4478-8ae4-8be5fee55b57/cases?limit=200&sort=case_id&cursor=eyJkaXJlY3Rpb24iOiJhc2MiLCJlcnJvcl9jb2RlIjpudWxsLCJqb2JfaWQiOiJhOTQ4OGUxMy02MWE5LTQ1ODQtOTAzYS02NTBjZjA3MGVkYzciLCJtZXRyaWMiOm51bGwsInNvcnQiOiJjYXNlX2lkIiwic3RhdHVzIjpudWxsLCJ2IjoxLCJ2YWx1ZSI6ImxvYWQtMDE5OSJ9 HTTP/1.1" 200 OK
api-1       | {"api_key_prefix": "evk_5ec841b483bb", "duration_ms": 71.826, "event": "http_request_completed", "level": "info", "method": "GET", "outcome": "success", "path": "/api/v1/runs/8fa9e044-c1fa-4478-8ae4-8be5fee55b57/cases", "request_id": "522f5675-32d8-4cc2-95ee-d8a81efa9fe9", "status_code": 200, "tenant_id": "fdd68433-c86c-470c-8b57-cec8ffc3d389", "timestamp": "2026-08-07T12:21:52.742244Z", "trace_id": "074febb55df295f161a7bd6ba60bb901"}
api-1       | INFO:     172.18.0.1:54766 - "GET /api/v1/runs/8fa9e044-c1fa-4478-8ae4-8be5fee55b57/cases?limit=200&sort=case_id&cursor=eyJkaXJlY3Rpb24iOiJhc2MiLCJlcnJvcl9jb2RlIjpudWxsLCJqb2JfaWQiOiI3M2ZjN2YxOS0xMmI3LTQ0MTctOGRkYi05ZTk5ZDNkNTZiZDQiLCJtZXRyaWMiOm51bGwsInNvcnQiOiJjYXNlX2lkIiwic3RhdHVzIjpudWxsLCJ2IjoxLCJ2YWx1ZSI6ImxvYWQtMDM5OSJ9 HTTP/1.1" 200 OK
api-1       | {"api_key_prefix": "evk_5ec841b483bb", "duration_ms": 60.114, "event": "http_request_completed", "level": "info", "method": "GET", "outcome": "success", "path": "/api/v1/runs/8fa9e044-c1fa-4478-8ae4-8be5fee55b57/cases", "request_id": "7503780e-e5e2-41f5-85fe-f0b4842ccfbb", "status_code": 200, "tenant_id": "fdd68433-c86c-470c-8b57-cec8ffc3d389", "timestamp": "2026-08-07T12:21:52.804686Z", "trace_id": "8c9e33b241638950d7a6d812f4954dcf"}
api-1       | {"claimed": 50, "event": "outbox_dispatch_batch_completed", "lease_lost": 0, "level": "info", "published": 50, "retry_scheduled": 0, "role": "outbox_dispatcher", "timestamp": "2026-08-07T12:21:53.390616Z"}
api-1       | INFO:     127.0.0.1:47134 - "GET /metrics HTTP/1.1" 200 OK
api-1       | {"duration_ms": 109.996, "event": "http_request_completed", "level": "info", "method": "GET", "outcome": "success", "path": "/metrics", "request_id": "9ddf774a-4594-4654-98d6-1f41e0ea1732", "status_code": 200, "timestamp": "2026-08-07T12:21:53.398643Z", "trace_id": "0cbf770a234b8983cfb7a50576561e5d"}
api-1       | {"claimed": 50, "event": "outbox_dispatch_batch_completed", "lease_lost": 0, "level": "info", "published": 50, "retry_scheduled": 0, "role": "outbox_dispatcher", "timestamp": "2026-08-07T12:21:54.116393Z"}
api-1       | {"claimed": 50, "event": "outbox_dispatch_batch_completed", "lease_lost": 0, "level": "info", "published": 50, "retry_scheduled": 0, "role": "outbox_dispatcher", "timestamp": "2026-08-07T12:21:54.954278Z"}
api-1       | {"claimed": 50, "event": "outbox_dispatch_batch_completed", "lease_lost": 0, "level": "info", "published": 50, "retry_scheduled": 0, "role": "outbox_dispatcher", "timestamp": "2026-08-07T12:21:55.669911Z"}
api-1       | {"claimed": 50, "event": "outbox_dispatch_batch_completed", "lease_lost": 0, "level": "info", "published": 50, "retry_scheduled": 0, "role": "outbox_dispatcher", "timestamp": "2026-08-07T12:21:56.373669Z"}
api-1       | {"claimed": 50, "event": "outbox_dispatch_batch_completed", "lease_lost": 0, "level": "info", "published": 50, "retry_scheduled": 0, "role": "outbox_dispatcher", "timestamp": "2026-08-07T12:21:57.099239Z"}
api-1       | {"claimed": 50, "event": "outbox_dispatch_batch_completed", "lease_lost": 0, "level": "info", "published": 50, "retry_scheduled": 0, "role": "outbox_dispatcher", "timestamp": "2026-08-07T12:21:57.880499Z"}
api-1       | {"event": "Context impl PostgresqlImpl.", "level": "info", "request_id": "028aeda9-a523-41b3-a561-f214a14382cb", "timestamp": "2026-08-07T12:21:58.042484Z", "trace_id": "107f9048def46589cfc2405284f869cd"}
api-1       | {"event": "Will assume transactional DDL.", "level": "info", "request_id": "028aeda9-a523-41b3-a561-f214a14382cb", "timestamp": "2026-08-07T12:21:58.042626Z", "trace_id": "107f9048def46589cfc2405284f869cd"}
api-1       | INFO:     127.0.0.1:47176 - "GET /health/ready HTTP/1.1" 200 OK
api-1       | {"duration_ms": 25.205, "event": "http_request_completed", "level": "info", "method": "GET", "outcome": "success", "path": "/health/ready", "request_id": "028aeda9-a523-41b3-a561-f214a14382cb", "status_code": 200, "timestamp": "2026-08-07T12:21:58.052410Z", "trace_id": "107f9048def46589cfc2405284f869cd"}
api-1       | {"claimed": 50, "event": "outbox_dispatch_batch_completed", "lease_lost": 0, "level": "info", "published": 50, "retry_scheduled": 0, "role": "outbox_dispatcher", "timestamp": "2026-08-07T12:21:58.586715Z"}
api-1       | {"claimed": 50, "event": "outbox_dispatch_batch_completed", "lease_lost": 0, "level": "info", "published": 50, "retry_scheduled": 0, "role": "outbox_dispatcher", "timestamp": "2026-08-07T12:21:59.295554Z"}
api-1       | {"claimed": 50, "event": "outbox_dispatch_batch_completed", "lease_lost": 0, "level": "info", "published": 50, "retry_scheduled": 0, "role": "outbox_dispatcher", "timestamp": "2026-08-07T12:22:00.027769Z"}
api-1       | INFO:     172.18.0.1:43640 - "POST /api/v1/runs HTTP/1.1" 202 Accepted
api-1       | {"api_key_prefix": "evk_5ec841b483bb", "duration_ms": 331.07, "event": "http_request_completed", "level": "info", "method": "POST", "outcome": "success", "path": "/api/v1/runs", "request_id": "d8700df5-6697-4886-be1b-14c28fb99181", "status_code": 202, "tenant_id": "fdd68433-c86c-470c-8b57-cec8ffc3d389", "timestamp": "2026-08-07T12:22:00.088758Z", "trace_id": "da847ed3f740b5097daf1f7e97d6840a"}
api-1       | INFO:     172.18.0.1:43640 - "GET /api/v1/runs/4a2a3b1a-9f9a-4653-b4fc-0278e1f8feb0 HTTP/1.1" 200 OK
api-1       | {"api_key_prefix": "evk_5ec841b483bb", "duration_ms": 55.799, "event": "http_request_completed", "level": "info", "method": "GET", "outcome": "success", "path": "/api/v1/runs/4a2a3b1a-9f9a-4653-b4fc-0278e1f8feb0", "request_id": "13f45947-3899-4ff0-9e84-667ad5ca8afc", "status_code": 200, "tenant_id": "fdd68433-c86c-470c-8b57-cec8ffc3d389", "timestamp": "2026-08-07T12:22:00.146605Z", "trace_id": "dfd70490e850b03c8815b849f6b41e9d"}
api-1       | {"claimed": 7, "event": "outbox_dispatch_batch_completed", "lease_lost": 0, "level": "info", "published": 7, "retry_scheduled": 0, "role": "outbox_dispatcher", "timestamp": "2026-08-07T12:22:00.564519Z"}
api-1       | INFO:     172.18.0.1:43640 - "GET /api/v1/runs/4a2a3b1a-9f9a-4653-b4fc-0278e1f8feb0 HTTP/1.1" 200 OK
api-1       | {"api_key_prefix": "evk_5ec841b483bb", "duration_ms": 59.285, "event": "http_request_completed", "level": "info", "method": "GET", "outcome": "success", "path": "/api/v1/runs/4a2a3b1a-9f9a-4653-b4fc-0278e1f8feb0", "request_id": "ba23ab9d-fc48-4b2f-bcda-6190316cbdc1", "status_code": 200, "tenant_id": "fdd68433-c86c-470c-8b57-cec8ffc3d389", "timestamp": "2026-08-07T12:22:00.708504Z", "trace_id": "3664172d1ed1d0b51e82727612e1148c"}
api-1       | {"claimed": 26, "event": "outbox_dispatch_batch_completed", "lease_lost": 0, "level": "info", "published": 26, "retry_scheduled": 0, "role": "outbox_dispatcher", "timestamp": "2026-08-07T12:22:01.199418Z"}
api-1       | INFO:     172.18.0.1:43640 - "GET /api/v1/runs/4a2a3b1a-9f9a-4653-b4fc-0278e1f8feb0 HTTP/1.1" 200 OK
api-1       | {"api_key_prefix": "evk_5ec841b483bb", "duration_ms": 53.608, "event": "http_request_completed", "level": "info", "method": "GET", "outcome": "success", "path": "/api/v1/runs/4a2a3b1a-9f9a-4653-b4fc-0278e1f8feb0", "request_id": "60495934-1b6a-462e-b6ce-9ec6062a775e", "status_code": 200, "tenant_id": "fdd68433-c86c-470c-8b57-cec8ffc3d389", "timestamp": "2026-08-07T12:22:01.264635Z", "trace_id": "5ddf21352d2f32b8ce9b29d85ba4a7fd"}
api-1       | {"claimed": 32, "event": "outbox_dispatch_batch_completed", "lease_lost": 0, "level": "info", "published": 32, "retry_scheduled": 0, "role": "outbox_dispatcher", "timestamp": "2026-08-07T12:22:01.878246Z"}
api-1       | INFO:     172.18.0.1:43640 - "GET /api/v1/runs/4a2a3b1a-9f9a-4653-b4fc-0278e1f8feb0 HTTP/1.1" 200 OK
api-1       | {"api_key_prefix": "evk_5ec841b483bb", "duration_ms": 145.31, "event": "http_request_completed", "level": "info", "method": "GET", "outcome": "success", "path": "/api/v1/runs/4a2a3b1a-9f9a-4653-b4fc-0278e1f8feb0", "request_id": "d9be5a90-afdf-4b3c-9983-ba764350f64a", "status_code": 200, "tenant_id": "fdd68433-c86c-470c-8b57-cec8ffc3d389", "timestamp": "2026-08-07T12:22:01.933469Z", "trace_id": "8116f3a833bc6735bbda03313badccb1"}
api-1       | {"claimed": 30, "event": "outbox_dispatch_batch_completed", "lease_lost": 0, "level": "info", "published": 30, "retry_scheduled": 0, "role": "outbox_dispatcher", "timestamp": "2026-08-07T12:22:02.517366Z"}
api-1       | INFO:     172.18.0.1:43640 - "GET /api/v1/runs/4a2a3b1a-9f9a-4653-b4fc-0278e1f8feb0 HTTP/1.1" 200 OK
api-1       | {"api_key_prefix": "evk_5ec841b483bb", "duration_ms": 170.511, "event": "http_request_completed", "level": "info", "method": "GET", "outcome": "success", "path": "/api/v1/runs/4a2a3b1a-9f9a-4653-b4fc-0278e1f8feb0", "request_id": "d058a984-1392-4f7a-835b-2bf22a9aa3e8", "status_code": 200, "tenant_id": "fdd68433-c86c-470c-8b57-cec8ffc3d389", "timestamp": "2026-08-07T12:22:02.625600Z", "trace_id": "a193d097017224b2439b6b9f9e8dd5bf"}
api-1       | {"claimed": 15, "event": "outbox_dispatch_batch_completed", "lease_lost": 0, "level": "info", "published": 15, "retry_scheduled": 0, "role": "outbox_dispatcher", "timestamp": "2026-08-07T12:22:03.139514Z"}
api-1       | INFO:     172.18.0.1:43640 - "GET /api/v1/runs/4a2a3b1a-9f9a-4653-b4fc-0278e1f8feb0 HTTP/1.1" 200 OK
api-1       | {"api_key_prefix": "evk_5ec841b483bb", "duration_ms": 117.662, "event": "http_request_completed", "level": "info", "method": "GET", "outcome": "success", "path": "/api/v1/runs/4a2a3b1a-9f9a-4653-b4fc-0278e1f8feb0", "request_id": "5a62e4e4-8415-4760-937d-ac9d7dde3b8f", "status_code": 200, "tenant_id": "fdd68433-c86c-470c-8b57-cec8ffc3d389", "timestamp": "2026-08-07T12:22:03.250457Z", "trace_id": "72977cd9a47437319d51baf9b5bc2c0d"}
api-1       | {"event": "Context impl PostgresqlImpl.", "level": "info", "request_id": "adfcebb4-0a36-426e-addb-ce2035a52ffc", "timestamp": "2026-08-07T12:22:03.438751Z", "trace_id": "5ec0c7429df544084c9ebd5f0b031903"}
api-1       | {"event": "Will assume transactional DDL.", "level": "info", "request_id": "adfcebb4-0a36-426e-addb-ce2035a52ffc", "timestamp": "2026-08-07T12:22:03.438945Z", "trace_id": "5ec0c7429df544084c9ebd5f0b031903"}
api-1       | INFO:     127.0.0.1:58338 - "GET /health/ready HTTP/1.1" 200 OK
api-1       | {"duration_ms": 21.968, "event": "http_request_completed", "level": "info", "method": "GET", "outcome": "success", "path": "/health/ready", "request_id": "adfcebb4-0a36-426e-addb-ce2035a52ffc", "status_code": 200, "timestamp": "2026-08-07T12:22:03.445644Z", "trace_id": "5ec0c7429df544084c9ebd5f0b031903"}
api-1       | {"claimed": 3, "event": "outbox_dispatch_batch_completed", "lease_lost": 0, "level": "info", "published": 3, "retry_scheduled": 0, "role": "outbox_dispatcher", "timestamp": "2026-08-07T12:22:03.653281Z"}
api-1       | INFO:     172.18.0.1:43640 - "GET /api/v1/runs/4a2a3b1a-9f9a-4653-b4fc-0278e1f8feb0 HTTP/1.1" 200 OK
api-1       | {"api_key_prefix": "evk_5ec841b483bb", "duration_ms": 52.508, "event": "http_request_completed", "level": "info", "method": "GET", "outcome": "success", "path": "/api/v1/runs/4a2a3b1a-9f9a-4653-b4fc-0278e1f8feb0", "request_id": "a261713d-d60d-4e3f-93ab-7adb3d83697a", "status_code": 200, "tenant_id": "fdd68433-c86c-470c-8b57-cec8ffc3d389", "timestamp": "2026-08-07T12:22:03.805808Z", "trace_id": "cb187e9ab031d921eb37089e6268a87a"}
api-1       | INFO:     172.18.0.1:43640 - "GET /api/v1/runs/4a2a3b1a-9f9a-4653-b4fc-0278e1f8feb0/cases?limit=200&sort=case_id HTTP/1.1" 200 OK
api-1       | {"api_key_prefix": "evk_5ec841b483bb", "duration_ms": 60.742, "event": "http_request_completed", "level": "info", "method": "GET", "outcome": "success", "path": "/api/v1/runs/4a2a3b1a-9f9a-4653-b4fc-0278e1f8feb0/cases", "request_id": "95ffb788-594f-42a4-9e2d-44a1aad51aff", "status_code": 200, "tenant_id": "fdd68433-c86c-470c-8b57-cec8ffc3d389", "timestamp": "2026-08-07T12:22:03.868216Z", "trace_id": "2bbc15eadd13f8724fc1ce9d4de0f50a"}
api-1       | INFO:     127.0.0.1:58342 - "GET /metrics HTTP/1.1" 200 OK
api-1       | {"duration_ms": 9.616, "event": "http_request_completed", "level": "info", "method": "GET", "outcome": "success", "path": "/metrics", "request_id": "1bf71500-a894-41a7-bc85-9ce621ecc60c", "status_code": 200, "timestamp": "2026-08-07T12:22:04.265775Z", "trace_id": "b7c4488f838ac0acee4c0b0ff0d7988e"}
api-1       | INFO:     172.18.0.1:43640 - "POST /api/v1/runs HTTP/1.1" 202 Accepted
api-1       | {"api_key_prefix": "evk_5ec841b483bb", "duration_ms": 200.569, "event": "http_request_completed", "level": "info", "method": "POST", "outcome": "success", "path": "/api/v1/runs", "request_id": "3f0ad8e4-b816-45dd-a381-9ba1293c5dff", "status_code": 202, "tenant_id": "fdd68433-c86c-470c-8b57-cec8ffc3d389", "timestamp": "2026-08-07T12:22:05.044981Z", "trace_id": "f0eed65a99c8725638e52aee06665653"}
api-1       | INFO:     172.18.0.1:43640 - "GET /api/v1/runs/2c2b951a-6a6f-4522-9310-5e95f5963dea HTTP/1.1" 200 OK
api-1       | {"api_key_prefix": "evk_5ec841b483bb", "duration_ms": 49.436, "event": "http_request_completed", "level": "info", "method": "GET", "outcome": "success", "path": "/api/v1/runs/2c2b951a-6a6f-4522-9310-5e95f5963dea", "request_id": "d4482bef-c5c4-403e-a372-2f9bfdb97f36", "status_code": 200, "tenant_id": "fdd68433-c86c-470c-8b57-cec8ffc3d389", "timestamp": "2026-08-07T12:22:05.096119Z", "trace_id": "c0bd63924a0c60799c2b77ad1dcccee0"}
api-1       | INFO:     172.18.0.1:43640 - "GET /api/v1/runs/2c2b951a-6a6f-4522-9310-5e95f5963dea HTTP/1.1" 200 OK
api-1       | {"api_key_prefix": "evk_5ec841b483bb", "duration_ms": 58.7, "event": "http_request_completed", "level": "info", "method": "GET", "outcome": "success", "path": "/api/v1/runs/2c2b951a-6a6f-4522-9310-5e95f5963dea", "request_id": "e6dd4c46-ee2e-4675-8c94-3a538615b58f", "status_code": 200, "tenant_id": "fdd68433-c86c-470c-8b57-cec8ffc3d389", "timestamp": "2026-08-07T12:22:05.657393Z", "trace_id": "8988f6f41d2de3a943231d0de9ee25e6"}
api-1       | {"claimed": 16, "event": "outbox_dispatch_batch_completed", "lease_lost": 0, "level": "info", "published": 16, "retry_scheduled": 0, "role": "outbox_dispatcher", "timestamp": "2026-08-07T12:22:05.786513Z"}
api-1       | INFO:     172.18.0.1:43640 - "GET /api/v1/runs/2c2b951a-6a6f-4522-9310-5e95f5963dea HTTP/1.1" 200 OK
api-1       | {"api_key_prefix": "evk_5ec841b483bb", "duration_ms": 52.492, "event": "http_request_completed", "level": "info", "method": "GET", "outcome": "success", "path": "/api/v1/runs/2c2b951a-6a6f-4522-9310-5e95f5963dea", "request_id": "026bab9d-2458-486e-9016-25a4272b0929", "status_code": 200, "tenant_id": "fdd68433-c86c-470c-8b57-cec8ffc3d389", "timestamp": "2026-08-07T12:22:06.212607Z", "trace_id": "af61d7a27fabdf15f68e5289236c90c8"}
api-1       | {"claimed": 30, "event": "outbox_dispatch_batch_completed", "lease_lost": 0, "level": "info", "published": 30, "retry_scheduled": 0, "role": "outbox_dispatcher", "timestamp": "2026-08-07T12:22:06.470449Z"}
api-1       | INFO:     172.18.0.1:43640 - "GET /api/v1/runs/2c2b951a-6a6f-4522-9310-5e95f5963dea HTTP/1.1" 200 OK
api-1       | {"api_key_prefix": "evk_5ec841b483bb", "duration_ms": 56.098, "event": "http_request_completed", "level": "info", "method": "GET", "outcome": "success", "path": "/api/v1/runs/2c2b951a-6a6f-4522-9310-5e95f5963dea", "request_id": "edbad4c3-588d-424c-8e66-1f435088d0b0", "status_code": 200, "tenant_id": "fdd68433-c86c-470c-8b57-cec8ffc3d389", "timestamp": "2026-08-07T12:22:06.771488Z", "trace_id": "8b50734d94b77a17b455f7490eba8e5b"}
api-1       | {"claimed": 29, "event": "outbox_dispatch_batch_completed", "lease_lost": 0, "level": "info", "published": 29, "retry_scheduled": 0, "role": "outbox_dispatcher", "timestamp": "2026-08-07T12:22:07.194621Z"}
api-1       | INFO:     172.18.0.1:43640 - "GET /api/v1/runs/2c2b951a-6a6f-4522-9310-5e95f5963dea HTTP/1.1" 200 OK
api-1       | {"api_key_prefix": "evk_5ec841b483bb", "duration_ms": 55.364, "event": "http_request_completed", "level": "info", "method": "GET", "outcome": "success", "path": "/api/v1/runs/2c2b951a-6a6f-4522-9310-5e95f5963dea", "request_id": "bc0eb0df-79d0-46c0-8174-59c1cdbda4b4", "status_code": 200, "tenant_id": "fdd68433-c86c-470c-8b57-cec8ffc3d389", "timestamp": "2026-08-07T12:22:07.329599Z", "trace_id": "8701a70be238ac0c1db3edc4d77f5e15"}
api-1       | {"claimed": 33, "event": "outbox_dispatch_batch_completed", "lease_lost": 0, "level": "info", "published": 33, "retry_scheduled": 0, "role": "outbox_dispatcher", "timestamp": "2026-08-07T12:22:07.879022Z"}
api-1       | INFO:     172.18.0.1:43640 - "GET /api/v1/runs/2c2b951a-6a6f-4522-9310-5e95f5963dea HTTP/1.1" 200 OK
api-1       | {"api_key_prefix": "evk_5ec841b483bb", "duration_ms": 105.684, "event": "http_request_completed", "level": "info", "method": "GET", "outcome": "success", "path": "/api/v1/runs/2c2b951a-6a6f-4522-9310-5e95f5963dea", "request_id": "ee1c2f88-5dd3-4e40-ae90-721bc0697699", "status_code": 200, "tenant_id": "fdd68433-c86c-470c-8b57-cec8ffc3d389", "timestamp": "2026-08-07T12:22:07.937584Z", "trace_id": "9e1480afcd5ce2b762926e049ddb2587"}
api-1       | {"claimed": 30, "event": "outbox_dispatch_batch_completed", "lease_lost": 0, "level": "info", "published": 30, "retry_scheduled": 0, "role": "outbox_dispatcher", "timestamp": "2026-08-07T12:22:08.582195Z"}
api-1       | INFO:     172.18.0.1:43640 - "GET /api/v1/runs/2c2b951a-6a6f-4522-9310-5e95f5963dea HTTP/1.1" 200 OK
api-1       | {"api_key_prefix": "evk_5ec841b483bb", "duration_ms": 200.572, "event": "http_request_completed", "level": "info", "method": "GET", "outcome": "success", "path": "/api/v1/runs/2c2b951a-6a6f-4522-9310-5e95f5963dea", "request_id": "c077e343-232c-4c84-8828-8bd8cd3d7c9d", "status_code": 200, "tenant_id": "fdd68433-c86c-470c-8b57-cec8ffc3d389", "timestamp": "2026-08-07T12:22:08.675768Z", "trace_id": "a6bb647ad2e6c0e1561b1125da3c84e8"}
api-1       | {"event": "Context impl PostgresqlImpl.", "level": "info", "request_id": "cbf92f4d-0e79-4b82-82f5-5b91f510918d", "timestamp": "2026-08-07T12:22:08.891995Z", "trace_id": "6311295e269e549fafa7e8f38a28612b"}
api-1       | {"event": "Will assume transactional DDL.", "level": "info", "request_id": "cbf92f4d-0e79-4b82-82f5-5b91f510918d", "timestamp": "2026-08-07T12:22:08.892111Z", "trace_id": "6311295e269e549fafa7e8f38a28612b"}
api-1       | INFO:     127.0.0.1:58350 - "GET /health/ready HTTP/1.1" 200 OK
api-1       | {"duration_ms": 22.025, "event": "http_request_completed", "level": "info", "method": "GET", "outcome": "success", "path": "/health/ready", "request_id": "cbf92f4d-0e79-4b82-82f5-5b91f510918d", "status_code": 200, "timestamp": "2026-08-07T12:22:08.899200Z", "trace_id": "6311295e269e549fafa7e8f38a28612b"}
api-1       | {"claimed": 30, "event": "outbox_dispatch_batch_completed", "lease_lost": 0, "level": "info", "published": 30, "retry_scheduled": 0, "role": "outbox_dispatcher", "timestamp": "2026-08-07T12:22:09.272909Z"}
api-1       | INFO:     172.18.0.1:43640 - "GET /api/v1/runs/2c2b951a-6a6f-4522-9310-5e95f5963dea HTTP/1.1" 200 OK
api-1       | {"api_key_prefix": "evk_5ec841b483bb", "duration_ms": 99.319, "event": "http_request_completed", "level": "info", "method": "GET", "outcome": "success", "path": "/api/v1/runs/2c2b951a-6a6f-4522-9310-5e95f5963dea", "request_id": "7fac8fe4-a02c-4f24-8f79-d0faba8bf9ef", "status_code": 200, "tenant_id": "fdd68433-c86c-470c-8b57-cec8ffc3d389", "timestamp": "2026-08-07T12:22:09.285818Z", "trace_id": "44a62e93fb162b078be73b4a9a1dbc85"}
api-1       | {"claimed": 30, "event": "outbox_dispatch_batch_completed", "lease_lost": 0, "level": "info", "published": 30, "retry_scheduled": 0, "role": "outbox_dispatcher", "timestamp": "2026-08-07T12:22:09.972613Z"}
api-1       | INFO:     172.18.0.1:43640 - "GET /api/v1/runs/2c2b951a-6a6f-4522-9310-5e95f5963dea HTTP/1.1" 200 OK
api-1       | {"api_key_prefix": "evk_5ec841b483bb", "duration_ms": 228.28, "event": "http_request_completed", "level": "info", "method": "GET", "outcome": "success", "path": "/api/v1/runs/2c2b951a-6a6f-4522-9310-5e95f5963dea", "request_id": "5a751059-296b-449c-b5cf-853fd388a0b5", "status_code": 200, "tenant_id": "fdd68433-c86c-470c-8b57-cec8ffc3d389", "timestamp": "2026-08-07T12:22:10.027137Z", "trace_id": "4e947b74ac773a467b5028605e26eaac"}
api-1       | {"claimed": 32, "event": "outbox_dispatch_batch_completed", "lease_lost": 0, "level": "info", "published": 32, "retry_scheduled": 0, "role": "outbox_dispatcher", "timestamp": "2026-08-07T12:22:10.673299Z"}
api-1       | INFO:     172.18.0.1:43640 - "GET /api/v1/runs/2c2b951a-6a6f-4522-9310-5e95f5963dea HTTP/1.1" 200 OK
api-1       | {"api_key_prefix": "evk_5ec841b483bb", "duration_ms": 198.413, "event": "http_request_completed", "level": "info", "method": "GET", "outcome": "success", "path": "/api/v1/runs/2c2b951a-6a6f-4522-9310-5e95f5963dea", "request_id": "a5fa932d-4dee-4538-8c19-59b1f49fe79d", "status_code": 200, "tenant_id": "fdd68433-c86c-470c-8b57-cec8ffc3d389", "timestamp": "2026-08-07T12:22:10.730925Z", "trace_id": "6d7359efa61e01d12772838c7cd71779"}
api-1       | {"claimed": 30, "event": "outbox_dispatch_batch_completed", "lease_lost": 0, "level": "info", "published": 30, "retry_scheduled": 0, "role": "outbox_dispatcher", "timestamp": "2026-08-07T12:22:11.372336Z"}
api-1       | INFO:     172.18.0.1:43640 - "GET /api/v1/runs/2c2b951a-6a6f-4522-9310-5e95f5963dea HTTP/1.1" 200 OK
api-1       | {"api_key_prefix": "evk_5ec841b483bb", "duration_ms": 171.419, "event": "http_request_completed", "level": "info", "method": "GET", "outcome": "success", "path": "/api/v1/runs/2c2b951a-6a6f-4522-9310-5e95f5963dea", "request_id": "481b91b8-b51c-4cba-97c2-6bf6022c6a3b", "status_code": 200, "tenant_id": "fdd68433-c86c-470c-8b57-cec8ffc3d389", "timestamp": "2026-08-07T12:22:11.428010Z", "trace_id": "a570e754bc2c26e1073b6576377689ac"}
api-1       | {"claimed": 30, "event": "outbox_dispatch_batch_completed", "lease_lost": 0, "level": "info", "published": 30, "retry_scheduled": 0, "role": "outbox_dispatcher", "timestamp": "2026-08-07T12:22:12.073214Z"}
api-1       | INFO:     172.18.0.1:43640 - "GET /api/v1/runs/2c2b951a-6a6f-4522-9310-5e95f5963dea HTTP/1.1" 200 OK
api-1       | {"api_key_prefix": "evk_5ec841b483bb", "duration_ms": 182.316, "event": "http_request_completed", "level": "info", "method": "GET", "outcome": "success", "path": "/api/v1/runs/2c2b951a-6a6f-4522-9310-5e95f5963dea", "request_id": "4ae86c30-66f1-4ad7-9e73-f4c7472aa185", "status_code": 200, "tenant_id": "fdd68433-c86c-470c-8b57-cec8ffc3d389", "timestamp": "2026-08-07T12:22:12.130058Z", "trace_id": "94abf236ba57a6d4bce5238d1050cde8"}
api-1       | {"claimed": 31, "event": "outbox_dispatch_batch_completed", "lease_lost": 0, "level": "info", "published": 31, "retry_scheduled": 0, "role": "outbox_dispatcher", "timestamp": "2026-08-07T12:22:12.771495Z"}
api-1       | INFO:     172.18.0.1:43640 - "GET /api/v1/runs/2c2b951a-6a6f-4522-9310-5e95f5963dea HTTP/1.1" 200 OK
api-1       | {"api_key_prefix": "evk_5ec841b483bb", "duration_ms": 195.683, "event": "http_request_completed", "level": "info", "method": "GET", "outcome": "success", "path": "/api/v1/runs/2c2b951a-6a6f-4522-9310-5e95f5963dea", "request_id": "9f15df45-1a6c-407b-8eb2-c70e69c1d2e5", "status_code": 200, "tenant_id": "fdd68433-c86c-470c-8b57-cec8ffc3d389", "timestamp": "2026-08-07T12:22:12.830365Z", "trace_id": "112dacd7281de3e10eb6793ccfdceb6e"}
api-1       | {"claimed": 31, "event": "outbox_dispatch_batch_completed", "lease_lost": 0, "level": "info", "published": 31, "retry_scheduled": 0, "role": "outbox_dispatcher", "timestamp": "2026-08-07T12:22:13.479732Z"}
api-1       | INFO:     172.18.0.1:43640 - "GET /api/v1/runs/2c2b951a-6a6f-4522-9310-5e95f5963dea HTTP/1.1" 200 OK
api-1       | {"api_key_prefix": "evk_5ec841b483bb", "duration_ms": 185.987, "event": "http_request_completed", "level": "info", "method": "GET", "outcome": "success", "path": "/api/v1/runs/2c2b951a-6a6f-4522-9310-5e95f5963dea", "request_id": "a04c6e62-1387-48ac-aa15-e2fc6c428329", "status_code": 200, "tenant_id": "fdd68433-c86c-470c-8b57-cec8ffc3d389", "timestamp": "2026-08-07T12:22:13.535423Z", "trace_id": "2823c584a7eec5808ca4a41db43b75d7"}
api-1       | {"claimed": 32, "event": "outbox_dispatch_batch_completed", "lease_lost": 0, "level": "info", "published": 32, "retry_scheduled": 0, "role": "outbox_dispatcher", "timestamp": "2026-08-07T12:22:14.258398Z"}
api-1       | INFO:     172.18.0.1:43640 - "GET /api/v1/runs/2c2b951a-6a6f-4522-9310-5e95f5963dea HTTP/1.1" 200 OK
api-1       | {"api_key_prefix": "evk_5ec841b483bb", "duration_ms": 323.076, "event": "http_request_completed", "level": "info", "method": "GET", "outcome": "success", "path": "/api/v1/runs/2c2b951a-6a6f-4522-9310-5e95f5963dea", "request_id": "42cf8e35-3fe7-4ea7-bc2a-5415d33724b7", "status_code": 200, "tenant_id": "fdd68433-c86c-470c-8b57-cec8ffc3d389", "timestamp": "2026-08-07T12:22:14.379288Z", "trace_id": "b971a8e0182c7d97402eb9714bfca80a"}
api-1       | {"event": "Context impl PostgresqlImpl.", "level": "info", "request_id": "73e5ac2c-de33-4d93-9274-866d94c992e0", "timestamp": "2026-08-07T12:22:14.466900Z", "trace_id": "163c06088a6c3cc5e6293fc12f944036"}
api-1       | {"event": "Will assume transactional DDL.", "level": "info", "request_id": "73e5ac2c-de33-4d93-9274-866d94c992e0", "timestamp": "2026-08-07T12:22:14.467029Z", "trace_id": "163c06088a6c3cc5e6293fc12f944036"}
api-1       | INFO:     127.0.0.1:43240 - "GET /health/ready HTTP/1.1" 200 OK
api-1       | {"duration_ms": 27.302, "event": "http_request_completed", "level": "info", "method": "GET", "outcome": "success", "path": "/health/ready", "request_id": "73e5ac2c-de33-4d93-9274-866d94c992e0", "status_code": 200, "timestamp": "2026-08-07T12:22:14.474101Z", "trace_id": "163c06088a6c3cc5e6293fc12f944036"}
api-1       | {"claimed": 36, "event": "outbox_dispatch_batch_completed", "lease_lost": 0, "level": "info", "published": 36, "retry_scheduled": 0, "role": "outbox_dispatcher", "timestamp": "2026-08-07T12:22:14.974914Z"}
api-1       | INFO:     172.18.0.1:43640 - "GET /api/v1/runs/2c2b951a-6a6f-4522-9310-5e95f5963dea HTTP/1.1" 200 OK
api-1       | {"api_key_prefix": "evk_5ec841b483bb", "duration_ms": 152.122, "event": "http_request_completed", "level": "info", "method": "GET", "outcome": "success", "path": "/api/v1/runs/2c2b951a-6a6f-4522-9310-5e95f5963dea", "request_id": "1b203725-fb7b-48ce-9c37-94f7765d85a9", "status_code": 200, "tenant_id": "fdd68433-c86c-470c-8b57-cec8ffc3d389", "timestamp": "2026-08-07T12:22:15.035092Z", "trace_id": "2c085f7c2a2db524d0118aa8d6260b7d"}
api-1       | {"claimed": 32, "event": "outbox_dispatch_batch_completed", "lease_lost": 0, "level": "info", "published": 32, "retry_scheduled": 0, "role": "outbox_dispatcher", "timestamp": "2026-08-07T12:22:15.777754Z"}
api-1       | INFO:     172.18.0.1:43640 - "GET /api/v1/runs/2c2b951a-6a6f-4522-9310-5e95f5963dea HTTP/1.1" 200 OK
api-1       | {"api_key_prefix": "evk_5ec841b483bb", "duration_ms": 285.762, "event": "http_request_completed", "level": "info", "method": "GET", "outcome": "success", "path": "/api/v1/runs/2c2b951a-6a6f-4522-9310-5e95f5963dea", "request_id": "ef73a791-fd1c-4680-b6fb-ac8d347784fb", "status_code": 200, "tenant_id": "fdd68433-c86c-470c-8b57-cec8ffc3d389", "timestamp": "2026-08-07T12:22:15.876302Z", "trace_id": "90feb67c5157eb542b25c98f3bfc7edb"}
api-1       | {"claimed": 30, "event": "outbox_dispatch_batch_completed", "lease_lost": 0, "level": "info", "published": 30, "retry_scheduled": 0, "role": "outbox_dispatcher", "timestamp": "2026-08-07T12:22:16.472585Z"}
api-1       | INFO:     172.18.0.1:43640 - "GET /api/v1/runs/2c2b951a-6a6f-4522-9310-5e95f5963dea HTTP/1.1" 200 OK
api-1       | {"api_key_prefix": "evk_5ec841b483bb", "duration_ms": 142.122, "event": "http_request_completed", "level": "info", "method": "GET", "outcome": "success", "path": "/api/v1/runs/2c2b951a-6a6f-4522-9310-5e95f5963dea", "request_id": "253b71f5-9ec5-4eca-b56e-dd8e03a247ad", "status_code": 200, "tenant_id": "fdd68433-c86c-470c-8b57-cec8ffc3d389", "timestamp": "2026-08-07T12:22:16.522378Z", "trace_id": "aac69b2f59ad73cc5b5b3b7a20f426ea"}
api-1       | {"claimed": 30, "event": "outbox_dispatch_batch_completed", "lease_lost": 0, "level": "info", "published": 30, "retry_scheduled": 0, "role": "outbox_dispatcher", "timestamp": "2026-08-07T12:22:17.170714Z"}
api-1       | INFO:     172.18.0.1:43640 - "GET /api/v1/runs/2c2b951a-6a6f-4522-9310-5e95f5963dea HTTP/1.1" 200 OK
api-1       | {"api_key_prefix": "evk_5ec841b483bb", "duration_ms": 200.95, "event": "http_request_completed", "level": "info", "method": "GET", "outcome": "success", "path": "/api/v1/runs/2c2b951a-6a6f-4522-9310-5e95f5963dea", "request_id": "89ea11cc-3986-423a-a9cd-0a73e159dcca", "status_code": 200, "tenant_id": "fdd68433-c86c-470c-8b57-cec8ffc3d389", "timestamp": "2026-08-07T12:22:17.229229Z", "trace_id": "10507cca476754d905032fc972944c00"}
api-1       | {"claimed": 32, "event": "outbox_dispatch_batch_completed", "lease_lost": 0, "level": "info", "published": 32, "retry_scheduled": 0, "role": "outbox_dispatcher", "timestamp": "2026-08-07T12:22:17.871263Z"}
api-1       | INFO:     172.18.0.1:43640 - "GET /api/v1/runs/2c2b951a-6a6f-4522-9310-5e95f5963dea HTTP/1.1" 200 OK
api-1       | {"api_key_prefix": "evk_5ec841b483bb", "duration_ms": 180.427, "event": "http_request_completed", "level": "info", "method": "GET", "outcome": "success", "path": "/api/v1/runs/2c2b951a-6a6f-4522-9310-5e95f5963dea", "request_id": "bad13149-59d1-406b-90fe-0b63cf322c85", "status_code": 200, "tenant_id": "fdd68433-c86c-470c-8b57-cec8ffc3d389", "timestamp": "2026-08-07T12:22:17.926042Z", "trace_id": "f0143322f75ac440183871ef628b0573"}
api-1       | {"claimed": 30, "event": "outbox_dispatch_batch_completed", "lease_lost": 0, "level": "info", "published": 30, "retry_scheduled": 0, "role": "outbox_dispatcher", "timestamp": "2026-08-07T12:22:18.572785Z"}
api-1       | INFO:     172.18.0.1:43640 - "GET /api/v1/runs/2c2b951a-6a6f-4522-9310-5e95f5963dea HTTP/1.1" 200 OK
api-1       | {"api_key_prefix": "evk_5ec841b483bb", "duration_ms": 200.664, "event": "http_request_completed", "level": "info", "method": "GET", "outcome": "success", "path": "/api/v1/runs/2c2b951a-6a6f-4522-9310-5e95f5963dea", "request_id": "6b9c0fba-6a1e-4dc0-94b1-133334c8aa5c", "status_code": 200, "tenant_id": "fdd68433-c86c-470c-8b57-cec8ffc3d389", "timestamp": "2026-08-07T12:22:18.631666Z", "trace_id": "ceaf015ec84d780de83f57d80e79113f"}
api-1       | {"claimed": 32, "event": "outbox_dispatch_batch_completed", "lease_lost": 0, "level": "info", "published": 32, "retry_scheduled": 0, "role": "outbox_dispatcher", "timestamp": "2026-08-07T12:22:19.274536Z"}
api-1       | INFO:     172.18.0.1:43640 - "GET /api/v1/runs/2c2b951a-6a6f-4522-9310-5e95f5963dea HTTP/1.1" 200 OK
api-1       | {"api_key_prefix": "evk_5ec841b483bb", "duration_ms": 175.432, "event": "http_request_completed", "level": "info", "method": "GET", "outcome": "success", "path": "/api/v1/runs/2c2b951a-6a6f-4522-9310-5e95f5963dea", "request_id": "cabb4fe1-e297-4067-8065-26f5371b5932", "status_code": 200, "tenant_id": "fdd68433-c86c-470c-8b57-cec8ffc3d389", "timestamp": "2026-08-07T12:22:19.337594Z", "trace_id": "ba2dcc786a0c1c1162bffee1460bb300"}
api-1       | {"event": "Context impl PostgresqlImpl.", "level": "info", "request_id": "166a220a-3c2f-4b5b-bfda-b4452701286e", "timestamp": "2026-08-07T12:22:19.976166Z", "trace_id": "9e00c5cdab3cf3fa280db58565d9a330"}
api-1       | {"event": "Will assume transactional DDL.", "level": "info", "request_id": "166a220a-3c2f-4b5b-bfda-b4452701286e", "timestamp": "2026-08-07T12:22:19.976335Z", "trace_id": "9e00c5cdab3cf3fa280db58565d9a330"}
api-1       | {"claimed": 30, "event": "outbox_dispatch_batch_completed", "lease_lost": 0, "level": "info", "published": 30, "retry_scheduled": 0, "role": "outbox_dispatcher", "timestamp": "2026-08-07T12:22:19.982202Z"}
api-1       | INFO:     127.0.0.1:34402 - "GET /health/ready HTTP/1.1" 200 OK
api-1       | {"duration_ms": 142.594, "event": "http_request_completed", "level": "info", "method": "GET", "outcome": "success", "path": "/health/ready", "request_id": "166a220a-3c2f-4b5b-bfda-b4452701286e", "status_code": 200, "timestamp": "2026-08-07T12:22:19.998137Z", "trace_id": "9e00c5cdab3cf3fa280db58565d9a330"}
api-1       | INFO:     172.18.0.1:43640 - "GET /api/v1/runs/2c2b951a-6a6f-4522-9310-5e95f5963dea HTTP/1.1" 200 OK
api-1       | {"api_key_prefix": "evk_5ec841b483bb", "duration_ms": 195.639, "event": "http_request_completed", "level": "info", "method": "GET", "outcome": "success", "path": "/api/v1/runs/2c2b951a-6a6f-4522-9310-5e95f5963dea", "request_id": "285fc193-699b-43e3-98f1-17aaa8606640", "status_code": 200, "tenant_id": "fdd68433-c86c-470c-8b57-cec8ffc3d389", "timestamp": "2026-08-07T12:22:20.047116Z", "trace_id": "da3aa5df35d53ef53708df669f12d4da"}
api-1       | {"claimed": 34, "event": "outbox_dispatch_batch_completed", "lease_lost": 0, "level": "info", "published": 34, "retry_scheduled": 0, "role": "outbox_dispatcher", "timestamp": "2026-08-07T12:22:20.688257Z"}
api-1       | INFO:     172.18.0.1:43640 - "GET /api/v1/runs/2c2b951a-6a6f-4522-9310-5e95f5963dea HTTP/1.1" 200 OK
api-1       | {"api_key_prefix": "evk_5ec841b483bb", "duration_ms": 158.476, "event": "http_request_completed", "level": "info", "method": "GET", "outcome": "success", "path": "/api/v1/runs/2c2b951a-6a6f-4522-9310-5e95f5963dea", "request_id": "de2191c7-3c97-4f18-b193-4b6f14457382", "status_code": 200, "tenant_id": "fdd68433-c86c-470c-8b57-cec8ffc3d389", "timestamp": "2026-08-07T12:22:20.733967Z", "trace_id": "bc6f5f370b819987d488f04af624c3e4"}
api-1       | {"claimed": 31, "event": "outbox_dispatch_batch_completed", "lease_lost": 0, "level": "info", "published": 31, "retry_scheduled": 0, "role": "outbox_dispatcher", "timestamp": "2026-08-07T12:22:21.380968Z"}
api-1       | INFO:     172.18.0.1:43640 - "GET /api/v1/runs/2c2b951a-6a6f-4522-9310-5e95f5963dea HTTP/1.1" 200 OK
api-1       | {"api_key_prefix": "evk_5ec841b483bb", "duration_ms": 153.616, "event": "http_request_completed", "level": "info", "method": "GET", "outcome": "success", "path": "/api/v1/runs/2c2b951a-6a6f-4522-9310-5e95f5963dea", "request_id": "21afe07d-8500-405e-97cb-b573d2c040c2", "status_code": 200, "tenant_id": "fdd68433-c86c-470c-8b57-cec8ffc3d389", "timestamp": "2026-08-07T12:22:21.393025Z", "trace_id": "9c694995e861a89d65f1d986b9cff033"}
api-1       | {"claimed": 31, "event": "outbox_dispatch_batch_completed", "lease_lost": 0, "level": "info", "published": 31, "retry_scheduled": 0, "role": "outbox_dispatcher", "timestamp": "2026-08-07T12:22:22.078373Z"}
api-1       | INFO:     172.18.0.1:43640 - "GET /api/v1/runs/2c2b951a-6a6f-4522-9310-5e95f5963dea HTTP/1.1" 200 OK
api-1       | {"api_key_prefix": "evk_5ec841b483bb", "duration_ms": 196.05, "event": "http_request_completed", "level": "info", "method": "GET", "outcome": "success", "path": "/api/v1/runs/2c2b951a-6a6f-4522-9310-5e95f5963dea", "request_id": "cacca30d-918b-4b3e-9e0b-450ebc75d5aa", "status_code": 200, "tenant_id": "fdd68433-c86c-470c-8b57-cec8ffc3d389", "timestamp": "2026-08-07T12:22:22.091947Z", "trace_id": "4ad861953e93e872ab86b968c1dbc845"}
api-1       | {"claimed": 32, "event": "outbox_dispatch_batch_completed", "lease_lost": 0, "level": "info", "published": 32, "retry_scheduled": 0, "role": "outbox_dispatcher", "timestamp": "2026-08-07T12:22:22.779797Z"}
api-1       | INFO:     172.18.0.1:43640 - "GET /api/v1/runs/2c2b951a-6a6f-4522-9310-5e95f5963dea HTTP/1.1" 200 OK
api-1       | {"api_key_prefix": "evk_5ec841b483bb", "duration_ms": 226.952, "event": "http_request_completed", "level": "info", "method": "GET", "outcome": "success", "path": "/api/v1/runs/2c2b951a-6a6f-4522-9310-5e95f5963dea", "request_id": "815a43e7-1172-421b-a7f8-9edf3c45a27b", "status_code": 200, "tenant_id": "fdd68433-c86c-470c-8b57-cec8ffc3d389", "timestamp": "2026-08-07T12:22:22.832526Z", "trace_id": "5abc9432b5044cda5f38b14e0704aa26"}
api-1       | {"claimed": 30, "event": "outbox_dispatch_batch_completed", "lease_lost": 0, "level": "info", "published": 30, "retry_scheduled": 0, "role": "outbox_dispatcher", "timestamp": "2026-08-07T12:22:23.476908Z"}
api-1       | INFO:     172.18.0.1:43640 - "GET /api/v1/runs/2c2b951a-6a6f-4522-9310-5e95f5963dea HTTP/1.1" 200 OK
api-1       | {"api_key_prefix": "evk_5ec841b483bb", "duration_ms": 149.179, "event": "http_request_completed", "level": "info", "method": "GET", "outcome": "success", "path": "/api/v1/runs/2c2b951a-6a6f-4522-9310-5e95f5963dea", "request_id": "8d37a306-8264-42a0-8137-64abb93f3b55", "status_code": 200, "tenant_id": "fdd68433-c86c-470c-8b57-cec8ffc3d389", "timestamp": "2026-08-07T12:22:23.485868Z", "trace_id": "6e43a73b1aad3cc3ab1987d2e4791011"}
api-1       | {"claimed": 33, "event": "outbox_dispatch_batch_completed", "lease_lost": 0, "level": "info", "published": 33, "retry_scheduled": 0, "role": "outbox_dispatcher", "timestamp": "2026-08-07T12:22:24.174237Z"}
api-1       | INFO:     172.18.0.1:43640 - "GET /api/v1/runs/2c2b951a-6a6f-4522-9310-5e95f5963dea HTTP/1.1" 200 OK
api-1       | {"api_key_prefix": "evk_5ec841b483bb", "duration_ms": 197.849, "event": "http_request_completed", "level": "info", "method": "GET", "outcome": "success", "path": "/api/v1/runs/2c2b951a-6a6f-4522-9310-5e95f5963dea", "request_id": "e1e7fb35-ac7b-44ae-a73e-033a57c2c335", "status_code": 200, "tenant_id": "fdd68433-c86c-470c-8b57-cec8ffc3d389", "timestamp": "2026-08-07T12:22:24.185777Z", "trace_id": "bbff5fdcf22d869e2e7f89704e1bfa89"}
api-1       | {"claimed": 33, "event": "outbox_dispatch_batch_completed", "lease_lost": 0, "level": "info", "published": 33, "retry_scheduled": 0, "role": "outbox_dispatcher", "timestamp": "2026-08-07T12:22:24.882097Z"}
api-1       | INFO:     172.18.0.1:43640 - "GET /api/v1/runs/2c2b951a-6a6f-4522-9310-5e95f5963dea HTTP/1.1" 200 OK
api-1       | {"api_key_prefix": "evk_5ec841b483bb", "duration_ms": 202.012, "event": "http_request_completed", "level": "info", "method": "GET", "outcome": "success", "path": "/api/v1/runs/2c2b951a-6a6f-4522-9310-5e95f5963dea", "request_id": "a8b9e4a4-6498-4a09-9da7-78aae60efbac", "status_code": 200, "tenant_id": "fdd68433-c86c-470c-8b57-cec8ffc3d389", "timestamp": "2026-08-07T12:22:24.890220Z", "trace_id": "a71c3fc1b97f7e3d8678edd636ac93e2"}
api-1       | {"event": "Context impl PostgresqlImpl.", "level": "info", "request_id": "6ab98a4f-512d-43d7-ad6b-61d61f1d26d2", "timestamp": "2026-08-07T12:22:25.307817Z", "trace_id": "c096e06066b154078334a8a84412f180"}
api-1       | {"event": "Will assume transactional DDL.", "level": "info", "request_id": "6ab98a4f-512d-43d7-ad6b-61d61f1d26d2", "timestamp": "2026-08-07T12:22:25.307966Z", "trace_id": "c096e06066b154078334a8a84412f180"}
api-1       | INFO:     127.0.0.1:34406 - "GET /health/ready HTTP/1.1" 200 OK
api-1       | {"duration_ms": 24.042, "event": "http_request_completed", "level": "info", "method": "GET", "outcome": "success", "path": "/health/ready", "request_id": "6ab98a4f-512d-43d7-ad6b-61d61f1d26d2", "status_code": 200, "timestamp": "2026-08-07T12:22:25.314324Z", "trace_id": "c096e06066b154078334a8a84412f180"}
api-1       | {"claimed": 34, "event": "outbox_dispatch_batch_completed", "lease_lost": 0, "level": "info", "published": 34, "retry_scheduled": 0, "role": "outbox_dispatcher", "timestamp": "2026-08-07T12:22:25.638197Z"}
api-1       | INFO:     172.18.0.1:43640 - "GET /api/v1/runs/2c2b951a-6a6f-4522-9310-5e95f5963dea HTTP/1.1" 200 OK
api-1       | {"api_key_prefix": "evk_5ec841b483bb", "duration_ms": 282.375, "event": "http_request_completed", "level": "info", "method": "GET", "outcome": "success", "path": "/api/v1/runs/2c2b951a-6a6f-4522-9310-5e95f5963dea", "request_id": "d60239b8-9395-4d5d-8d53-15b77e493737", "status_code": 200, "tenant_id": "fdd68433-c86c-470c-8b57-cec8ffc3d389", "timestamp": "2026-08-07T12:22:25.675629Z", "trace_id": "782875f53cc05fd5a8852a3698290a50"}
api-1       | {"claimed": 34, "event": "outbox_dispatch_batch_completed", "lease_lost": 0, "level": "info", "published": 34, "retry_scheduled": 0, "role": "outbox_dispatcher", "timestamp": "2026-08-07T12:22:26.304769Z"}
api-1       | INFO:     172.18.0.1:43640 - "GET /api/v1/runs/2c2b951a-6a6f-4522-9310-5e95f5963dea HTTP/1.1" 200 OK
api-1       | {"api_key_prefix": "evk_5ec841b483bb", "duration_ms": 161.964, "event": "http_request_completed", "level": "info", "method": "GET", "outcome": "success", "path": "/api/v1/runs/2c2b951a-6a6f-4522-9310-5e95f5963dea", "request_id": "70f33bc4-7846-4cbe-939a-0f9101ec6af3", "status_code": 200, "tenant_id": "fdd68433-c86c-470c-8b57-cec8ffc3d389", "timestamp": "2026-08-07T12:22:26.360438Z", "trace_id": "d98277a15f78baa2b9acc7a6ea89e249"}
api-1       | {"claimed": 26, "event": "outbox_dispatch_batch_completed", "lease_lost": 0, "level": "info", "published": 26, "retry_scheduled": 0, "role": "outbox_dispatcher", "timestamp": "2026-08-07T12:22:26.981022Z"}
api-1       | INFO:     172.18.0.1:43640 - "GET /api/v1/runs/2c2b951a-6a6f-4522-9310-5e95f5963dea HTTP/1.1" 200 OK
api-1       | {"api_key_prefix": "evk_5ec841b483bb", "duration_ms": 111.805, "event": "http_request_completed", "level": "info", "method": "GET", "outcome": "success", "path": "/api/v1/runs/2c2b951a-6a6f-4522-9310-5e95f5963dea", "request_id": "d49c47a4-ee00-4116-b9be-2f0a150fea2e", "status_code": 200, "tenant_id": "fdd68433-c86c-470c-8b57-cec8ffc3d389", "timestamp": "2026-08-07T12:22:27.007060Z", "trace_id": "468d317798f2ce13a2dcbc625bb419ec"}
api-1       | {"claimed": 30, "event": "outbox_dispatch_batch_completed", "lease_lost": 0, "level": "info", "published": 30, "retry_scheduled": 0, "role": "outbox_dispatcher", "timestamp": "2026-08-07T12:22:27.673473Z"}
api-1       | INFO:     172.18.0.1:43640 - "GET /api/v1/runs/2c2b951a-6a6f-4522-9310-5e95f5963dea HTTP/1.1" 200 OK
api-1       | {"api_key_prefix": "evk_5ec841b483bb", "duration_ms": 204.61, "event": "http_request_completed", "level": "info", "method": "GET", "outcome": "success", "path": "/api/v1/runs/2c2b951a-6a6f-4522-9310-5e95f5963dea", "request_id": "faaf720b-9e8c-42ed-a848-f24ef31b1047", "status_code": 200, "tenant_id": "fdd68433-c86c-470c-8b57-cec8ffc3d389", "timestamp": "2026-08-07T12:22:27.730376Z", "trace_id": "41cf28b5c45bb83657b30fc2a34196b9"}
api-1       | {"claimed": 32, "event": "outbox_dispatch_batch_completed", "lease_lost": 0, "level": "info", "published": 32, "retry_scheduled": 0, "role": "outbox_dispatcher", "timestamp": "2026-08-07T12:22:28.377001Z"}
api-1       | INFO:     172.18.0.1:43640 - "GET /api/v1/runs/2c2b951a-6a6f-4522-9310-5e95f5963dea HTTP/1.1" 200 OK
api-1       | {"api_key_prefix": "evk_5ec841b483bb", "duration_ms": 183.198, "event": "http_request_completed", "level": "info", "method": "GET", "outcome": "success", "path": "/api/v1/runs/2c2b951a-6a6f-4522-9310-5e95f5963dea", "request_id": "93cfcf16-a300-4086-ba67-3828ecec44b0", "status_code": 200, "tenant_id": "fdd68433-c86c-470c-8b57-cec8ffc3d389", "timestamp": "2026-08-07T12:22:28.432377Z", "trace_id": "19526ff94024b7bdb36540115c1aadfa"}
api-1       | {"claimed": 33, "event": "outbox_dispatch_batch_completed", "lease_lost": 0, "level": "info", "published": 33, "retry_scheduled": 0, "role": "outbox_dispatcher", "timestamp": "2026-08-07T12:22:29.071268Z"}
api-1       | INFO:     172.18.0.1:43640 - "GET /api/v1/runs/2c2b951a-6a6f-4522-9310-5e95f5963dea HTTP/1.1" 200 OK
api-1       | {"api_key_prefix": "evk_5ec841b483bb", "duration_ms": 188.57, "event": "http_request_completed", "level": "info", "method": "GET", "outcome": "success", "path": "/api/v1/runs/2c2b951a-6a6f-4522-9310-5e95f5963dea", "request_id": "2cd29089-b15c-43b9-9bb9-c8e74a51b271", "status_code": 200, "tenant_id": "fdd68433-c86c-470c-8b57-cec8ffc3d389", "timestamp": "2026-08-07T12:22:29.126474Z", "trace_id": "5a37282d89039400fa14260ffa3ceff3"}
api-1       | INFO:     172.18.0.1:43640 - "GET /api/v1/runs/2c2b951a-6a6f-4522-9310-5e95f5963dea HTTP/1.1" 200 OK
api-1       | {"api_key_prefix": "evk_5ec841b483bb", "duration_ms": 55.106, "event": "http_request_completed", "level": "info", "method": "GET", "outcome": "success", "path": "/api/v1/runs/2c2b951a-6a6f-4522-9310-5e95f5963dea", "request_id": "2ccf2b9e-ef07-4011-8bcb-ba6c50c00ee4", "status_code": 200, "tenant_id": "fdd68433-c86c-470c-8b57-cec8ffc3d389", "timestamp": "2026-08-07T12:22:29.685861Z", "trace_id": "5685416f62cfaedba55369324f05debe"}
api-1       | {"claimed": 3, "event": "outbox_dispatch_batch_completed", "lease_lost": 0, "level": "info", "published": 3, "retry_scheduled": 0, "role": "outbox_dispatcher", "timestamp": "2026-08-07T12:22:30.094654Z"}
api-1       | INFO:     172.18.0.1:43640 - "GET /api/v1/runs/2c2b951a-6a6f-4522-9310-5e95f5963dea HTTP/1.1" 200 OK
api-1       | {"api_key_prefix": "evk_5ec841b483bb", "duration_ms": 53.705, "event": "http_request_completed", "level": "info", "method": "GET", "outcome": "success", "path": "/api/v1/runs/2c2b951a-6a6f-4522-9310-5e95f5963dea", "request_id": "c04ae92e-49da-451d-9a1b-17361f7f1078", "status_code": 200, "tenant_id": "fdd68433-c86c-470c-8b57-cec8ffc3d389", "timestamp": "2026-08-07T12:22:30.242234Z", "trace_id": "6c67ab2f0c12336ef356edff0e2b597d"}
api-1       | INFO:     172.18.0.1:43640 - "GET /api/v1/runs/2c2b951a-6a6f-4522-9310-5e95f5963dea/cases?limit=200&sort=case_id HTTP/1.1" 200 OK
api-1       | {"api_key_prefix": "evk_5ec841b483bb", "duration_ms": 65.141, "event": "http_request_completed", "level": "info", "method": "GET", "outcome": "success", "path": "/api/v1/runs/2c2b951a-6a6f-4522-9310-5e95f5963dea/cases", "request_id": "67a04cb8-f8b2-4a94-a8ff-09418bace1f8", "status_code": 200, "tenant_id": "fdd68433-c86c-470c-8b57-cec8ffc3d389", "timestamp": "2026-08-07T12:22:30.309053Z", "trace_id": "4f9f9b948fcf58f2954b6650d996e9a6"}
api-1       | INFO:     172.18.0.1:43640 - "GET /api/v1/runs/2c2b951a-6a6f-4522-9310-5e95f5963dea/cases?limit=200&sort=case_id&cursor=eyJkaXJlY3Rpb24iOiJhc2MiLCJlcnJvcl9jb2RlIjpudWxsLCJqb2JfaWQiOiJmZTYzMjQ4Yy0yNDBhLTQ4YWMtYjZmYS1kNDNjYTM3NWViNTAiLCJtZXRyaWMiOm51bGwsInNvcnQiOiJjYXNlX2lkIiwic3RhdHVzIjpudWxsLCJ2IjoxLCJ2YWx1ZSI6ImxvYWQtMDE5OSJ9 HTTP/1.1" 200 OK
api-1       | {"api_key_prefix": "evk_5ec841b483bb", "duration_ms": 117.38, "event": "http_request_completed", "level": "info", "method": "GET", "outcome": "success", "path": "/api/v1/runs/2c2b951a-6a6f-4522-9310-5e95f5963dea/cases", "request_id": "2d085f34-5734-4c26-9151-76c1580d513a", "status_code": 200, "tenant_id": "fdd68433-c86c-470c-8b57-cec8ffc3d389", "timestamp": "2026-08-07T12:22:30.428946Z", "trace_id": "b2c2973d07d8490ba365f34f60523054"}
api-1       | INFO:     172.18.0.1:43640 - "GET /api/v1/runs/2c2b951a-6a6f-4522-9310-5e95f5963dea/cases?limit=200&sort=case_id&cursor=eyJkaXJlY3Rpb24iOiJhc2MiLCJlcnJvcl9jb2RlIjpudWxsLCJqb2JfaWQiOiI1NzQ3ZDQ2OC1jMzRkLTQ4NTYtYjlmYy1jZTRlZTAyZmRmN2UiLCJtZXRyaWMiOm51bGwsInNvcnQiOiJjYXNlX2lkIiwic3RhdHVzIjpudWxsLCJ2IjoxLCJ2YWx1ZSI6ImxvYWQtMDM5OSJ9 HTTP/1.1" 200 OK
api-1       | {"api_key_prefix": "evk_5ec841b483bb", "duration_ms": 113.805, "event": "http_request_completed", "level": "info", "method": "GET", "outcome": "success", "path": "/api/v1/runs/2c2b951a-6a6f-4522-9310-5e95f5963dea/cases", "request_id": "d830734a-02bb-41cc-a698-0b9fe9a648da", "status_code": 200, "tenant_id": "fdd68433-c86c-470c-8b57-cec8ffc3d389", "timestamp": "2026-08-07T12:22:30.546466Z", "trace_id": "1adaccdf9e641687decdd3ec60935c74"}
api-1       | {"event": "Context impl PostgresqlImpl.", "level": "info", "request_id": "9700692e-4d1c-4962-b607-bfb483e682dd", "timestamp": "2026-08-07T12:22:30.833445Z", "trace_id": "0706a1c9c6218b6b1d5956e505fcaa3b"}
api-1       | {"event": "Will assume transactional DDL.", "level": "info", "request_id": "9700692e-4d1c-4962-b607-bfb483e682dd", "timestamp": "2026-08-07T12:22:30.833564Z", "trace_id": "0706a1c9c6218b6b1d5956e505fcaa3b"}
api-1       | INFO:     127.0.0.1:40080 - "GET /health/ready HTTP/1.1" 200 OK
api-1       | {"duration_ms": 72.206, "event": "http_request_completed", "level": "info", "method": "GET", "outcome": "success", "path": "/health/ready", "request_id": "9700692e-4d1c-4962-b607-bfb483e682dd", "status_code": 200, "timestamp": "2026-08-07T12:22:30.840631Z", "trace_id": "0706a1c9c6218b6b1d5956e505fcaa3b"}
api-1       | INFO:     127.0.0.1:40092 - "GET /metrics HTTP/1.1" 200 OK
api-1       | {"duration_ms": 8.159, "event": "http_request_completed", "level": "info", "method": "GET", "outcome": "success", "path": "/metrics", "request_id": "ce67db71-e9d4-4c61-9a90-5e610251c66d", "status_code": 200, "timestamp": "2026-08-07T12:22:31.046689Z", "trace_id": "c6f88f02753b11cc7289593c962ec93c"}
api-1       | {"event": "Context impl PostgresqlImpl.", "level": "info", "request_id": "981f2e97-f93a-4e34-bee9-b2ee46dc65a8", "timestamp": "2026-08-07T12:22:36.673025Z", "trace_id": "feb473ee30987827bea074fa1c7fa487"}
api-1       | {"event": "Will assume transactional DDL.", "level": "info", "request_id": "981f2e97-f93a-4e34-bee9-b2ee46dc65a8", "timestamp": "2026-08-07T12:22:36.673180Z", "trace_id": "feb473ee30987827bea074fa1c7fa487"}
api-1       | INFO:     127.0.0.1:40100 - "GET /health/ready HTTP/1.1" 200 OK
api-1       | {"duration_ms": 64.612, "event": "http_request_completed", "level": "info", "method": "GET", "outcome": "success", "path": "/health/ready", "request_id": "981f2e97-f93a-4e34-bee9-b2ee46dc65a8", "status_code": 200, "timestamp": "2026-08-07T12:22:36.686055Z", "trace_id": "feb473ee30987827bea074fa1c7fa487"}
api-1       | INFO:     172.18.0.1:44360 - "POST /api/v1/runs HTTP/1.1" 202 Accepted
api-1       | {"api_key_prefix": "evk_5ec841b483bb", "duration_ms": 311.068, "event": "http_request_completed", "level": "info", "method": "POST", "outcome": "success", "path": "/api/v1/runs", "request_id": "ba3990d9-b746-43db-b83d-14f0f34d88ce", "status_code": 202, "tenant_id": "fdd68433-c86c-470c-8b57-cec8ffc3d389", "timestamp": "2026-08-07T12:22:37.533210Z", "trace_id": "cbedde06b47c91878dfcdeacac856f54"}
api-1       | INFO:     172.18.0.1:44360 - "GET /api/v1/runs/7928fb26-d757-40af-92c3-29a9f7dc5968 HTTP/1.1" 200 OK
api-1       | {"api_key_prefix": "evk_5ec841b483bb", "duration_ms": 170.612, "event": "http_request_completed", "level": "info", "method": "GET", "outcome": "success", "path": "/api/v1/runs/7928fb26-d757-40af-92c3-29a9f7dc5968", "request_id": "a1ad72ff-60b4-4bd4-a136-6c9c66beeb78", "status_code": 200, "tenant_id": "fdd68433-c86c-470c-8b57-cec8ffc3d389", "timestamp": "2026-08-07T12:22:37.706772Z", "trace_id": "89935e7fc6b8bd79e8c2041485154732"}
api-1       | {"claimed": 5, "event": "outbox_dispatch_batch_completed", "lease_lost": 0, "level": "info", "published": 5, "retry_scheduled": 0, "role": "outbox_dispatcher", "timestamp": "2026-08-07T12:22:38.318564Z"}
api-1       | INFO:     172.18.0.1:44360 - "GET /api/v1/runs/7928fb26-d757-40af-92c3-29a9f7dc5968 HTTP/1.1" 200 OK
api-1       | {"api_key_prefix": "evk_5ec841b483bb", "duration_ms": 231.964, "event": "http_request_completed", "level": "info", "method": "GET", "outcome": "success", "path": "/api/v1/runs/7928fb26-d757-40af-92c3-29a9f7dc5968", "request_id": "7fb72d7f-6585-4a7f-b9b2-abdc7a1bbfcc", "status_code": 200, "tenant_id": "fdd68433-c86c-470c-8b57-cec8ffc3d389", "timestamp": "2026-08-07T12:22:38.441592Z", "trace_id": "69522c86fde7ec75ad72a6c563a6f6d6"}
api-1       | {"claimed": 17, "event": "outbox_dispatch_batch_completed", "lease_lost": 0, "level": "info", "published": 17, "retry_scheduled": 0, "role": "outbox_dispatcher", "timestamp": "2026-08-07T12:22:39.354538Z"}
api-1       | INFO:     172.18.0.1:44360 - "GET /api/v1/runs/7928fb26-d757-40af-92c3-29a9f7dc5968 HTTP/1.1" 200 OK
api-1       | {"api_key_prefix": "evk_5ec841b483bb", "duration_ms": 458.959, "event": "http_request_completed", "level": "info", "method": "GET", "outcome": "success", "path": "/api/v1/runs/7928fb26-d757-40af-92c3-29a9f7dc5968", "request_id": "673cf1ea-8f99-4342-9769-f0a5d6cf580d", "status_code": 200, "tenant_id": "fdd68433-c86c-470c-8b57-cec8ffc3d389", "timestamp": "2026-08-07T12:22:39.403296Z", "trace_id": "7e164105c78ee609d85cb2ee12fe778a"}
api-1       | {"claimed": 24, "event": "outbox_dispatch_batch_completed", "lease_lost": 0, "level": "info", "published": 24, "retry_scheduled": 0, "role": "outbox_dispatcher", "timestamp": "2026-08-07T12:22:40.439932Z"}
api-1       | INFO:     172.18.0.1:44360 - "GET /api/v1/runs/7928fb26-d757-40af-92c3-29a9f7dc5968 HTTP/1.1" 200 OK
api-1       | {"api_key_prefix": "evk_5ec841b483bb", "duration_ms": 547.709, "event": "http_request_completed", "level": "info", "method": "GET", "outcome": "success", "path": "/api/v1/runs/7928fb26-d757-40af-92c3-29a9f7dc5968", "request_id": "b6faf83f-41b8-456a-9a29-9fd1962a7aa4", "status_code": 200, "tenant_id": "fdd68433-c86c-470c-8b57-cec8ffc3d389", "timestamp": "2026-08-07T12:22:40.456656Z", "trace_id": "9ba7d3d8785c5255426973b5a9b6939e"}
api-1       | {"claimed": 50, "event": "outbox_dispatch_batch_completed", "lease_lost": 0, "level": "info", "published": 50, "retry_scheduled": 0, "role": "outbox_dispatcher", "timestamp": "2026-08-07T12:22:41.273252Z"}
api-1       | INFO:     172.18.0.1:44360 - "GET /api/v1/runs/7928fb26-d757-40af-92c3-29a9f7dc5968 HTTP/1.1" 200 OK
api-1       | {"api_key_prefix": "evk_5ec841b483bb", "duration_ms": 339.91, "event": "http_request_completed", "level": "info", "method": "GET", "outcome": "success", "path": "/api/v1/runs/7928fb26-d757-40af-92c3-29a9f7dc5968", "request_id": "410711fa-34bd-433c-898d-a96468ee2f1e", "status_code": 200, "tenant_id": "fdd68433-c86c-470c-8b57-cec8ffc3d389", "timestamp": "2026-08-07T12:22:41.300462Z", "trace_id": "c17e5e3f828714dcf792f9c951a53ac1"}
api-1       | {"claimed": 8, "event": "outbox_dispatch_batch_completed", "lease_lost": 0, "level": "info", "published": 8, "retry_scheduled": 0, "role": "outbox_dispatcher", "timestamp": "2026-08-07T12:22:41.866569Z"}
api-1       | INFO:     172.18.0.1:44360 - "GET /api/v1/runs/7928fb26-d757-40af-92c3-29a9f7dc5968 HTTP/1.1" 200 OK
api-1       | {"api_key_prefix": "evk_5ec841b483bb", "duration_ms": 170.5, "event": "http_request_completed", "level": "info", "method": "GET", "outcome": "success", "path": "/api/v1/runs/7928fb26-d757-40af-92c3-29a9f7dc5968", "request_id": "d5aa4199-2c0f-44b9-bc05-ef479e53a7f1", "status_code": 200, "tenant_id": "fdd68433-c86c-470c-8b57-cec8ffc3d389", "timestamp": "2026-08-07T12:22:41.976195Z", "trace_id": "efa8f2f9488f9b4c557b3f0118e6404c"}
api-1       | INFO:     172.18.0.1:44360 - "GET /api/v1/runs/7928fb26-d757-40af-92c3-29a9f7dc5968/cases?limit=200&sort=case_id HTTP/1.1" 200 OK
api-1       | {"api_key_prefix": "evk_5ec841b483bb", "duration_ms": 179.724, "event": "http_request_completed", "level": "info", "method": "GET", "outcome": "success", "path": "/api/v1/runs/7928fb26-d757-40af-92c3-29a9f7dc5968/cases", "request_id": "108a7bc3-6b55-40b2-8c01-61037ec2d227", "status_code": 200, "tenant_id": "fdd68433-c86c-470c-8b57-cec8ffc3d389", "timestamp": "2026-08-07T12:22:42.158021Z", "trace_id": "b4a323889751302436cc3a89e17d05b3"}
api-1       | {"event": "Context impl PostgresqlImpl.", "level": "info", "request_id": "bb330159-a574-4adb-823e-e2ab911c37de", "timestamp": "2026-08-07T12:22:42.309111Z", "trace_id": "475a46b2c6da6df3cfad2dbf4a3af990"}
api-1       | {"event": "Will assume transactional DDL.", "level": "info", "request_id": "bb330159-a574-4adb-823e-e2ab911c37de", "timestamp": "2026-08-07T12:22:42.309282Z", "trace_id": "475a46b2c6da6df3cfad2dbf4a3af990"}
api-1       | INFO:     127.0.0.1:39424 - "GET /health/ready HTTP/1.1" 200 OK
api-1       | {"duration_ms": 45.009, "event": "http_request_completed", "level": "info", "method": "GET", "outcome": "success", "path": "/health/ready", "request_id": "bb330159-a574-4adb-823e-e2ab911c37de", "status_code": 200, "timestamp": "2026-08-07T12:22:42.320749Z", "trace_id": "475a46b2c6da6df3cfad2dbf4a3af990"}
api-1       | {"claimed": 2, "event": "outbox_dispatch_batch_completed", "lease_lost": 0, "level": "info", "published": 2, "retry_scheduled": 0, "role": "outbox_dispatcher", "timestamp": "2026-08-07T12:22:42.381494Z"}
api-1       | INFO:     127.0.0.1:39448 - "GET /metrics HTTP/1.1" 200 OK
api-1       | {"duration_ms": 9.596, "event": "http_request_completed", "level": "info", "method": "GET", "outcome": "success", "path": "/metrics", "request_id": "9f17edaa-6f7e-498c-84a8-2bdcb7e56344", "status_code": 200, "timestamp": "2026-08-07T12:22:42.611494Z", "trace_id": "8ca5c43f02746893fa0f5f1d91cced60"}
api-1       | INFO:     172.18.0.1:44360 - "POST /api/v1/runs HTTP/1.1" 202 Accepted
api-1       | {"api_key_prefix": "evk_5ec841b483bb", "duration_ms": 255.931, "event": "http_request_completed", "level": "info", "method": "POST", "outcome": "success", "path": "/api/v1/runs", "request_id": "74dfb677-7106-4def-9974-2228906d100f", "status_code": 202, "tenant_id": "fdd68433-c86c-470c-8b57-cec8ffc3d389", "timestamp": "2026-08-07T12:22:45.445503Z", "trace_id": "3c472379c2e5b382eb28af1c9c44ae2a"}
api-1       | INFO:     172.18.0.1:44360 - "GET /api/v1/runs/c148de34-f046-404b-920f-fefd9a604219 HTTP/1.1" 200 OK
api-1       | {"api_key_prefix": "evk_5ec841b483bb", "duration_ms": 51.466, "event": "http_request_completed", "level": "info", "method": "GET", "outcome": "success", "path": "/api/v1/runs/c148de34-f046-404b-920f-fefd9a604219", "request_id": "6fa70c88-0f68-4af5-8584-ef9293b4fb7f", "status_code": 200, "tenant_id": "fdd68433-c86c-470c-8b57-cec8ffc3d389", "timestamp": "2026-08-07T12:22:45.498674Z", "trace_id": "c745d56e04ea3675a222b73d62952f42"}
api-1       | {"claimed": 24, "event": "outbox_dispatch_batch_completed", "lease_lost": 0, "level": "info", "published": 24, "retry_scheduled": 0, "role": "outbox_dispatcher", "timestamp": "2026-08-07T12:22:46.201991Z"}
api-1       | INFO:     172.18.0.1:44360 - "GET /api/v1/runs/c148de34-f046-404b-920f-fefd9a604219 HTTP/1.1" 200 OK
api-1       | {"api_key_prefix": "evk_5ec841b483bb", "duration_ms": 163.022, "event": "http_request_completed", "level": "info", "method": "GET", "outcome": "success", "path": "/api/v1/runs/c148de34-f046-404b-920f-fefd9a604219", "request_id": "bc566b30-a827-4660-8b73-d5e6f403f4b8", "status_code": 200, "tenant_id": "fdd68433-c86c-470c-8b57-cec8ffc3d389", "timestamp": "2026-08-07T12:22:46.216762Z", "trace_id": "a387b0018fd4b8e8a2d6a5db5a600f6d"}
api-1       | {"claimed": 50, "event": "outbox_dispatch_batch_completed", "lease_lost": 0, "level": "info", "published": 50, "retry_scheduled": 0, "role": "outbox_dispatcher", "timestamp": "2026-08-07T12:22:47.484945Z"}
api-1       | INFO:     172.18.0.1:44360 - "GET /api/v1/runs/c148de34-f046-404b-920f-fefd9a604219 HTTP/1.1" 200 OK
api-1       | {"api_key_prefix": "evk_5ec841b483bb", "duration_ms": 822.569, "event": "http_request_completed", "level": "info", "method": "GET", "outcome": "success", "path": "/api/v1/runs/c148de34-f046-404b-920f-fefd9a604219", "request_id": "a76dce7b-fb58-4f81-b359-f400eb8f19a9", "status_code": 200, "tenant_id": "fdd68433-c86c-470c-8b57-cec8ffc3d389", "timestamp": "2026-08-07T12:22:47.542682Z", "trace_id": "cfb3ab2e68fb4f155a903db4807675ae"}
api-1       | {"event": "Context impl PostgresqlImpl.", "level": "info", "request_id": "b09b1e92-2db2-4cc3-b918-416eccecec71", "timestamp": "2026-08-07T12:22:48.601902Z", "trace_id": "ab9c100a7e51f85cf760ffb740355913"}
api-1       | {"event": "Will assume transactional DDL.", "level": "info", "request_id": "b09b1e92-2db2-4cc3-b918-416eccecec71", "timestamp": "2026-08-07T12:22:48.602095Z", "trace_id": "ab9c100a7e51f85cf760ffb740355913"}
api-1       | {"claimed": 50, "event": "outbox_dispatch_batch_completed", "lease_lost": 0, "level": "info", "published": 50, "retry_scheduled": 0, "role": "outbox_dispatcher", "timestamp": "2026-08-07T12:22:48.618720Z"}
api-1       | INFO:     172.18.0.1:44360 - "GET /api/v1/runs/c148de34-f046-404b-920f-fefd9a604219 HTTP/1.1" 200 OK
api-1       | {"api_key_prefix": "evk_5ec841b483bb", "duration_ms": 625.945, "event": "http_request_completed", "level": "info", "method": "GET", "outcome": "success", "path": "/api/v1/runs/c148de34-f046-404b-920f-fefd9a604219", "request_id": "881caedb-52e1-4cfb-9660-4027397d7f6b", "status_code": 200, "tenant_id": "fdd68433-c86c-470c-8b57-cec8ffc3d389", "timestamp": "2026-08-07T12:22:48.675038Z", "trace_id": "8e0216f84a08755434c0efc4ede98b5a"}
api-1       | INFO:     127.0.0.1:39524 - "GET /health/ready HTTP/1.1" 200 OK
api-1       | {"duration_ms": 296.631, "event": "http_request_completed", "level": "info", "method": "GET", "outcome": "success", "path": "/health/ready", "request_id": "b09b1e92-2db2-4cc3-b918-416eccecec71", "status_code": 200, "timestamp": "2026-08-07T12:22:48.682991Z", "trace_id": "ab9c100a7e51f85cf760ffb740355913"}
api-1       | {"claimed": 50, "event": "outbox_dispatch_batch_completed", "lease_lost": 0, "level": "info", "published": 50, "retry_scheduled": 0, "role": "outbox_dispatcher", "timestamp": "2026-08-07T12:22:49.489089Z"}
api-1       | INFO:     172.18.0.1:44360 - "GET /api/v1/runs/c148de34-f046-404b-920f-fefd9a604219 HTTP/1.1" 200 OK
api-1       | {"api_key_prefix": "evk_5ec841b483bb", "duration_ms": 383.75, "event": "http_request_completed", "level": "info", "method": "GET", "outcome": "success", "path": "/api/v1/runs/c148de34-f046-404b-920f-fefd9a604219", "request_id": "e59572dd-e123-4a80-953c-8206bdc1f6b1", "status_code": 200, "tenant_id": "fdd68433-c86c-470c-8b57-cec8ffc3d389", "timestamp": "2026-08-07T12:22:49.589440Z", "trace_id": "473ff1a6c59b27ab3182d54638ee3d39"}
api-1       | {"claimed": 50, "event": "outbox_dispatch_batch_completed", "lease_lost": 0, "level": "info", "published": 50, "retry_scheduled": 0, "role": "outbox_dispatcher", "timestamp": "2026-08-07T12:22:50.311543Z"}
api-1       | INFO:     172.18.0.1:44360 - "GET /api/v1/runs/c148de34-f046-404b-920f-fefd9a604219 HTTP/1.1" 200 OK
api-1       | {"api_key_prefix": "evk_5ec841b483bb", "duration_ms": 287.296, "event": "http_request_completed", "level": "info", "method": "GET", "outcome": "success", "path": "/api/v1/runs/c148de34-f046-404b-920f-fefd9a604219", "request_id": "05fa44d7-2665-4e35-b149-3296ddfb6efc", "status_code": 200, "tenant_id": "fdd68433-c86c-470c-8b57-cec8ffc3d389", "timestamp": "2026-08-07T12:22:50.393632Z", "trace_id": "70b82d199c4bfc5d1430c6c3506921df"}
api-1       | {"claimed": 50, "event": "outbox_dispatch_batch_completed", "lease_lost": 0, "level": "info", "published": 50, "retry_scheduled": 0, "role": "outbox_dispatcher", "timestamp": "2026-08-07T12:22:51.216103Z"}
api-1       | INFO:     172.18.0.1:44360 - "GET /api/v1/runs/c148de34-f046-404b-920f-fefd9a604219 HTTP/1.1" 200 OK
api-1       | {"api_key_prefix": "evk_5ec841b483bb", "duration_ms": 320.413, "event": "http_request_completed", "level": "info", "method": "GET", "outcome": "success", "path": "/api/v1/runs/c148de34-f046-404b-920f-fefd9a604219", "request_id": "abd9a612-edbf-4d7f-ae6d-1ed1e54d43c5", "status_code": 200, "tenant_id": "fdd68433-c86c-470c-8b57-cec8ffc3d389", "timestamp": "2026-08-07T12:22:51.286342Z", "trace_id": "c0129a30d007413751a0dd6bd94999a7"}
api-1       | {"claimed": 50, "event": "outbox_dispatch_batch_completed", "lease_lost": 0, "level": "info", "published": 50, "retry_scheduled": 0, "role": "outbox_dispatcher", "timestamp": "2026-08-07T12:22:52.032744Z"}
api-1       | INFO:     172.18.0.1:44360 - "GET /api/v1/runs/c148de34-f046-404b-920f-fefd9a604219 HTTP/1.1" 200 OK
api-1       | {"api_key_prefix": "evk_5ec841b483bb", "duration_ms": 272.353, "event": "http_request_completed", "level": "info", "method": "GET", "outcome": "success", "path": "/api/v1/runs/c148de34-f046-404b-920f-fefd9a604219", "request_id": "4bfb5047-2ebc-44de-ac6b-947479ad4492", "status_code": 200, "tenant_id": "fdd68433-c86c-470c-8b57-cec8ffc3d389", "timestamp": "2026-08-07T12:22:52.105751Z", "trace_id": "5150e489b41ce6219d5b309fb569bf9d"}
api-1       | {"claimed": 50, "event": "outbox_dispatch_batch_completed", "lease_lost": 0, "level": "info", "published": 50, "retry_scheduled": 0, "role": "outbox_dispatcher", "timestamp": "2026-08-07T12:22:52.721198Z"}
api-1       | INFO:     172.18.0.1:44360 - "GET /api/v1/runs/c148de34-f046-404b-920f-fefd9a604219 HTTP/1.1" 200 OK
api-1       | {"api_key_prefix": "evk_5ec841b483bb", "duration_ms": 141.703, "event": "http_request_completed", "level": "info", "method": "GET", "outcome": "success", "path": "/api/v1/runs/c148de34-f046-404b-920f-fefd9a604219", "request_id": "5ad61df2-8660-4c7d-a1e2-a807c0feb206", "status_code": 200, "tenant_id": "fdd68433-c86c-470c-8b57-cec8ffc3d389", "timestamp": "2026-08-07T12:22:52.779536Z", "trace_id": "88395aeebae1d40fcb975042ac9463ef"}
api-1       | INFO:     172.18.0.1:44360 - "GET /api/v1/runs/c148de34-f046-404b-920f-fefd9a604219/cases?limit=200&sort=case_id HTTP/1.1" 200 OK
api-1       | {"api_key_prefix": "evk_5ec841b483bb", "duration_ms": 85.914, "event": "http_request_completed", "level": "info", "method": "GET", "outcome": "success", "path": "/api/v1/runs/c148de34-f046-404b-920f-fefd9a604219/cases", "request_id": "3b0f5432-47bd-4a8d-94d9-170bb1ef804f", "status_code": 200, "tenant_id": "fdd68433-c86c-470c-8b57-cec8ffc3d389", "timestamp": "2026-08-07T12:22:52.867194Z", "trace_id": "78d5b435c29dae345c861803308f6a08"}
api-1       | INFO:     172.18.0.1:44360 - "GET /api/v1/runs/c148de34-f046-404b-920f-fefd9a604219/cases?limit=200&sort=case_id&cursor=eyJkaXJlY3Rpb24iOiJhc2MiLCJlcnJvcl9jb2RlIjpudWxsLCJqb2JfaWQiOiJhZjQyMGY5YS0yYzczLTQxMTItODljMC00ZDMxODI5NjU3ZTAiLCJtZXRyaWMiOm51bGwsInNvcnQiOiJjYXNlX2lkIiwic3RhdHVzIjpudWxsLCJ2IjoxLCJ2YWx1ZSI6ImxvYWQtMDE5OSJ9 HTTP/1.1" 200 OK
api-1       | {"api_key_prefix": "evk_5ec841b483bb", "duration_ms": 76.824, "event": "http_request_completed", "level": "info", "method": "GET", "outcome": "success", "path": "/api/v1/runs/c148de34-f046-404b-920f-fefd9a604219/cases", "request_id": "c8d33a79-cd1c-4a53-9c91-fb18ad630c1d", "status_code": 200, "tenant_id": "fdd68433-c86c-470c-8b57-cec8ffc3d389", "timestamp": "2026-08-07T12:22:52.947953Z", "trace_id": "4eaf4559f1a38b44653b2c2ce8de34e1"}
api-1       | INFO:     172.18.0.1:44360 - "GET /api/v1/runs/c148de34-f046-404b-920f-fefd9a604219/cases?limit=200&sort=case_id&cursor=eyJkaXJlY3Rpb24iOiJhc2MiLCJlcnJvcl9jb2RlIjpudWxsLCJqb2JfaWQiOiI3ZDNiZTk4YS03ZThmLTRlMWUtODE1OS1jMTFlNDM4YzY3YWMiLCJtZXRyaWMiOm51bGwsInNvcnQiOiJjYXNlX2lkIiwic3RhdHVzIjpudWxsLCJ2IjoxLCJ2YWx1ZSI6ImxvYWQtMDM5OSJ9 HTTP/1.1" 200 OK
api-1       | {"api_key_prefix": "evk_5ec841b483bb", "duration_ms": 62.075, "event": "http_request_completed", "level": "info", "method": "GET", "outcome": "success", "path": "/api/v1/runs/c148de34-f046-404b-920f-fefd9a604219/cases", "request_id": "86c33b89-2049-4b91-80a1-7f3e9df3daf7", "status_code": 200, "tenant_id": "fdd68433-c86c-470c-8b57-cec8ffc3d389", "timestamp": "2026-08-07T12:22:53.012555Z", "trace_id": "2f5bf308950bcf11c89906b42b1d2856"}
api-1       | {"claimed": 50, "event": "outbox_dispatch_batch_completed", "lease_lost": 0, "level": "info", "published": 50, "retry_scheduled": 0, "role": "outbox_dispatcher", "timestamp": "2026-08-07T12:22:53.629983Z"}
api-1       | INFO:     127.0.0.1:37862 - "GET /metrics HTTP/1.1" 200 OK
api-1       | {"duration_ms": 10.051, "event": "http_request_completed", "level": "info", "method": "GET", "outcome": "success", "path": "/metrics", "request_id": "696fd205-228d-4107-80ea-6ce876a6022b", "status_code": 200, "timestamp": "2026-08-07T12:22:53.661892Z", "trace_id": "1302ee850d5a3d6bd9e3058ee84ded1f"}
api-1       | {"event": "Context impl PostgresqlImpl.", "level": "info", "request_id": "63a9f33c-19f5-421a-abe0-b38647dbb7fb", "timestamp": "2026-08-07T12:22:53.992622Z", "trace_id": "00a0ba93eb2e4757b44f16951e919ade"}
api-1       | {"event": "Will assume transactional DDL.", "level": "info", "request_id": "63a9f33c-19f5-421a-abe0-b38647dbb7fb", "timestamp": "2026-08-07T12:22:53.992775Z", "trace_id": "00a0ba93eb2e4757b44f16951e919ade"}
api-1       | INFO:     127.0.0.1:37876 - "GET /health/ready HTTP/1.1" 200 OK
api-1       | {"duration_ms": 29.57, "event": "http_request_completed", "level": "info", "method": "GET", "outcome": "success", "path": "/health/ready", "request_id": "63a9f33c-19f5-421a-abe0-b38647dbb7fb", "status_code": 200, "timestamp": "2026-08-07T12:22:54.002524Z", "trace_id": "00a0ba93eb2e4757b44f16951e919ade"}
api-1       | {"claimed": 50, "event": "outbox_dispatch_batch_completed", "lease_lost": 0, "level": "info", "published": 50, "retry_scheduled": 0, "role": "outbox_dispatcher", "timestamp": "2026-08-07T12:22:54.374067Z"}
api-1       | {"claimed": 50, "event": "outbox_dispatch_batch_completed", "lease_lost": 0, "level": "info", "published": 50, "retry_scheduled": 0, "role": "outbox_dispatcher", "timestamp": "2026-08-07T12:22:55.107569Z"}
api-1       | {"claimed": 50, "event": "outbox_dispatch_batch_completed", "lease_lost": 0, "level": "info", "published": 50, "retry_scheduled": 0, "role": "outbox_dispatcher", "timestamp": "2026-08-07T12:22:55.886584Z"}
api-1       | {"claimed": 50, "event": "outbox_dispatch_batch_completed", "lease_lost": 0, "level": "info", "published": 50, "retry_scheduled": 0, "role": "outbox_dispatcher", "timestamp": "2026-08-07T12:22:56.620774Z"}
api-1       | {"claimed": 50, "event": "outbox_dispatch_batch_completed", "lease_lost": 0, "level": "info", "published": 50, "retry_scheduled": 0, "role": "outbox_dispatcher", "timestamp": "2026-08-07T12:22:57.332633Z"}
api-1       | {"claimed": 50, "event": "outbox_dispatch_batch_completed", "lease_lost": 0, "level": "info", "published": 50, "retry_scheduled": 0, "role": "outbox_dispatcher", "timestamp": "2026-08-07T12:22:58.078277Z"}
api-1       | {"claimed": 50, "event": "outbox_dispatch_batch_completed", "lease_lost": 0, "level": "info", "published": 50, "retry_scheduled": 0, "role": "outbox_dispatcher", "timestamp": "2026-08-07T12:22:58.836196Z"}
api-1       | {"event": "Context impl PostgresqlImpl.", "level": "info", "request_id": "ed847ff5-a5e0-496b-9013-4e2e405d13da", "timestamp": "2026-08-07T12:22:59.307097Z", "trace_id": "34b33bc58591616eab881994e3181bf9"}
api-1       | {"event": "Will assume transactional DDL.", "level": "info", "request_id": "ed847ff5-a5e0-496b-9013-4e2e405d13da", "timestamp": "2026-08-07T12:22:59.307236Z", "trace_id": "34b33bc58591616eab881994e3181bf9"}
api-1       | INFO:     127.0.0.1:37974 - "GET /health/ready HTTP/1.1" 200 OK
api-1       | {"duration_ms": 27.72, "event": "http_request_completed", "level": "info", "method": "GET", "outcome": "success", "path": "/health/ready", "request_id": "ed847ff5-a5e0-496b-9013-4e2e405d13da", "status_code": 200, "timestamp": "2026-08-07T12:22:59.314801Z", "trace_id": "34b33bc58591616eab881994e3181bf9"}
api-1       | {"claimed": 50, "event": "outbox_dispatch_batch_completed", "lease_lost": 0, "level": "info", "published": 50, "retry_scheduled": 0, "role": "outbox_dispatcher", "timestamp": "2026-08-07T12:22:59.531194Z"}
api-1       | {"claimed": 50, "event": "outbox_dispatch_batch_completed", "lease_lost": 0, "level": "info", "published": 50, "retry_scheduled": 0, "role": "outbox_dispatcher", "timestamp": "2026-08-07T12:23:00.274579Z"}
api-1       | {"claimed": 50, "event": "outbox_dispatch_batch_completed", "lease_lost": 0, "level": "info", "published": 50, "retry_scheduled": 0, "role": "outbox_dispatcher", "timestamp": "2026-08-07T12:23:00.998465Z"}
api-1       | {"claimed": 50, "event": "outbox_dispatch_batch_completed", "lease_lost": 0, "level": "info", "published": 50, "retry_scheduled": 0, "role": "outbox_dispatcher", "timestamp": "2026-08-07T12:23:01.803467Z"}
api-1       | INFO:     172.18.0.1:34852 - "POST /api/v1/runs HTTP/1.1" 202 Accepted
api-1       | {"api_key_prefix": "evk_5ec841b483bb", "duration_ms": 101.804, "event": "http_request_completed", "level": "info", "method": "POST", "outcome": "success", "path": "/api/v1/runs", "request_id": "5d1e7816-f377-4bb8-a56d-7352c1458b3d", "status_code": 202, "tenant_id": "fdd68433-c86c-470c-8b57-cec8ffc3d389", "timestamp": "2026-08-07T12:23:01.887381Z", "trace_id": "ee3927b0e607d8bfa2258f6df62d4ba1"}
api-1       | INFO:     172.18.0.1:34852 - "GET /api/v1/runs/de0c5488-3dd4-450a-b5b0-1f163af6e2c0 HTTP/1.1" 200 OK
api-1       | {"api_key_prefix": "evk_5ec841b483bb", "duration_ms": 51.535, "event": "http_request_completed", "level": "info", "method": "GET", "outcome": "success", "path": "/api/v1/runs/de0c5488-3dd4-450a-b5b0-1f163af6e2c0", "request_id": "258d5aab-9662-43f4-a659-aba48eecbaa1", "status_code": 200, "tenant_id": "fdd68433-c86c-470c-8b57-cec8ffc3d389", "timestamp": "2026-08-07T12:23:01.940770Z", "trace_id": "d4db7e1108fdbf7b764cc098ccf33dcd"}
api-1       | {"claimed": 50, "event": "outbox_dispatch_batch_completed", "lease_lost": 0, "level": "info", "published": 50, "retry_scheduled": 0, "role": "outbox_dispatcher", "timestamp": "2026-08-07T12:23:02.608665Z"}
api-1       | INFO:     172.18.0.1:34852 - "GET /api/v1/runs/de0c5488-3dd4-450a-b5b0-1f163af6e2c0 HTTP/1.1" 200 OK
api-1       | {"api_key_prefix": "evk_5ec841b483bb", "duration_ms": 212.006, "event": "http_request_completed", "level": "info", "method": "GET", "outcome": "success", "path": "/api/v1/runs/de0c5488-3dd4-450a-b5b0-1f163af6e2c0", "request_id": "2987b38a-1a47-4af0-94eb-1095f26fd0fa", "status_code": 200, "tenant_id": "fdd68433-c86c-470c-8b57-cec8ffc3d389", "timestamp": "2026-08-07T12:23:02.692931Z", "trace_id": "2df9c16ebe5be9befccc9b1a321073b1"}
api-1       | {"claimed": 50, "event": "outbox_dispatch_batch_completed", "lease_lost": 0, "level": "info", "published": 50, "retry_scheduled": 0, "role": "outbox_dispatcher", "timestamp": "2026-08-07T12:23:03.318404Z"}
api-1       | INFO:     172.18.0.1:34852 - "GET /api/v1/runs/de0c5488-3dd4-450a-b5b0-1f163af6e2c0 HTTP/1.1" 200 OK
api-1       | {"api_key_prefix": "evk_5ec841b483bb", "duration_ms": 138.777, "event": "http_request_completed", "level": "info", "method": "GET", "outcome": "success", "path": "/api/v1/runs/de0c5488-3dd4-450a-b5b0-1f163af6e2c0", "request_id": "86f3d75e-8b59-415c-8cc5-f66188f7d373", "status_code": 200, "tenant_id": "fdd68433-c86c-470c-8b57-cec8ffc3d389", "timestamp": "2026-08-07T12:23:03.350757Z", "trace_id": "8cdfe90708f16ebbfc1338b0ca5492f1"}
api-1       | {"claimed": 50, "event": "outbox_dispatch_batch_completed", "lease_lost": 0, "level": "info", "published": 50, "retry_scheduled": 0, "role": "outbox_dispatcher", "timestamp": "2026-08-07T12:23:03.999484Z"}
api-1       | INFO:     172.18.0.1:34852 - "GET /api/v1/runs/de0c5488-3dd4-450a-b5b0-1f163af6e2c0 HTTP/1.1" 200 OK
api-1       | {"api_key_prefix": "evk_5ec841b483bb", "duration_ms": 169.433, "event": "http_request_completed", "level": "info", "method": "GET", "outcome": "success", "path": "/api/v1/runs/de0c5488-3dd4-450a-b5b0-1f163af6e2c0", "request_id": "408026c6-84d0-4ad2-82fe-26263bf9b4ce", "status_code": 200, "tenant_id": "fdd68433-c86c-470c-8b57-cec8ffc3d389", "timestamp": "2026-08-07T12:23:04.054421Z", "trace_id": "01c96988a2a52f88bfa00a45c9b6c3ab"}
api-1       | INFO:     172.18.0.1:34852 - "GET /api/v1/runs/de0c5488-3dd4-450a-b5b0-1f163af6e2c0/cases?limit=200&sort=case_id HTTP/1.1" 200 OK
api-1       | {"api_key_prefix": "evk_5ec841b483bb", "duration_ms": 62.324, "event": "http_request_completed", "level": "info", "method": "GET", "outcome": "success", "path": "/api/v1/runs/de0c5488-3dd4-450a-b5b0-1f163af6e2c0/cases", "request_id": "59fd75da-f284-4d9a-9ba2-d42a18d0f1ae", "status_code": 200, "tenant_id": "fdd68433-c86c-470c-8b57-cec8ffc3d389", "timestamp": "2026-08-07T12:23:04.118385Z", "trace_id": "aed67972993427cfc7de85b55b06d9ff"}
api-1       | {"claimed": 34, "event": "outbox_dispatch_batch_completed", "lease_lost": 0, "level": "info", "published": 34, "retry_scheduled": 0, "role": "outbox_dispatcher", "timestamp": "2026-08-07T12:23:04.970935Z"}
api-1       | INFO:     127.0.0.1:55034 - "GET /metrics HTTP/1.1" 200 OK
api-1       | {"duration_ms": 103.778, "event": "http_request_completed", "level": "info", "method": "GET", "outcome": "success", "path": "/metrics", "request_id": "65157943-abbf-4c10-876b-45e6591eedcd", "status_code": 200, "timestamp": "2026-08-07T12:23:05.031154Z", "trace_id": "78a34785259d523fd74ede84d9054c1e"}
api-1       | {"event": "Context impl PostgresqlImpl.", "level": "info", "request_id": "c417ed63-c26b-4d57-a80f-6bb416c98a1c", "timestamp": "2026-08-07T12:23:05.065786Z", "trace_id": "6fc5bb086fc3d9aa0decfd678922ae9e"}
api-1       | {"event": "Will assume transactional DDL.", "level": "info", "request_id": "c417ed63-c26b-4d57-a80f-6bb416c98a1c", "timestamp": "2026-08-07T12:23:05.066015Z", "trace_id": "6fc5bb086fc3d9aa0decfd678922ae9e"}
api-1       | INFO:     127.0.0.1:55050 - "GET /health/ready HTTP/1.1" 200 OK
api-1       | {"duration_ms": 31.756, "event": "http_request_completed", "level": "info", "method": "GET", "outcome": "success", "path": "/health/ready", "request_id": "c417ed63-c26b-4d57-a80f-6bb416c98a1c", "status_code": 200, "timestamp": "2026-08-07T12:23:05.077389Z", "trace_id": "6fc5bb086fc3d9aa0decfd678922ae9e"}
api-1       | INFO:     172.18.0.1:34852 - "POST /api/v1/runs HTTP/1.1" 202 Accepted
api-1       | {"api_key_prefix": "evk_5ec841b483bb", "duration_ms": 335.168, "event": "http_request_completed", "level": "info", "method": "POST", "outcome": "success", "path": "/api/v1/runs", "request_id": "da6d7e03-a014-483b-98ca-5f76bbd300d2", "status_code": 202, "tenant_id": "fdd68433-c86c-470c-8b57-cec8ffc3d389", "timestamp": "2026-08-07T12:23:08.047132Z", "trace_id": "04f496fd44099a9f2777de53f2bdc2f1"}
api-1       | INFO:     172.18.0.1:34852 - "GET /api/v1/runs/0005c2bf-8e7d-4bf2-a43e-a69866cdcd97 HTTP/1.1" 200 OK
api-1       | {"api_key_prefix": "evk_5ec841b483bb", "duration_ms": 68.127, "event": "http_request_completed", "level": "info", "method": "GET", "outcome": "success", "path": "/api/v1/runs/0005c2bf-8e7d-4bf2-a43e-a69866cdcd97", "request_id": "dd02c0b8-419c-417a-9122-3ff672ca7525", "status_code": 200, "tenant_id": "fdd68433-c86c-470c-8b57-cec8ffc3d389", "timestamp": "2026-08-07T12:23:08.117132Z", "trace_id": "e8221a15d6af0ee0c282877068af3656"}
api-1       | {"claimed": 38, "event": "outbox_dispatch_batch_completed", "lease_lost": 0, "level": "info", "published": 38, "retry_scheduled": 0, "role": "outbox_dispatcher", "timestamp": "2026-08-07T12:23:08.888303Z"}
api-1       | INFO:     172.18.0.1:34852 - "GET /api/v1/runs/0005c2bf-8e7d-4bf2-a43e-a69866cdcd97 HTTP/1.1" 200 OK
api-1       | {"api_key_prefix": "evk_5ec841b483bb", "duration_ms": 319.347, "event": "http_request_completed", "level": "info", "method": "GET", "outcome": "success", "path": "/api/v1/runs/0005c2bf-8e7d-4bf2-a43e-a69866cdcd97", "request_id": "8018c1a8-cbea-43ae-88b5-357a8d0f139e", "status_code": 200, "tenant_id": "fdd68433-c86c-470c-8b57-cec8ffc3d389", "timestamp": "2026-08-07T12:23:08.973598Z", "trace_id": "2632be9089207309c6352cfed9579bec"}
api-1       | {"claimed": 50, "event": "outbox_dispatch_batch_completed", "lease_lost": 0, "level": "info", "published": 50, "retry_scheduled": 0, "role": "outbox_dispatcher", "timestamp": "2026-08-07T12:23:09.793446Z"}
api-1       | INFO:     172.18.0.1:34852 - "GET /api/v1/runs/0005c2bf-8e7d-4bf2-a43e-a69866cdcd97 HTTP/1.1" 200 OK
api-1       | {"api_key_prefix": "evk_5ec841b483bb", "duration_ms": 323.453, "event": "http_request_completed", "level": "info", "method": "GET", "outcome": "success", "path": "/api/v1/runs/0005c2bf-8e7d-4bf2-a43e-a69866cdcd97", "request_id": "71004e67-38b7-4e32-8ff9-456ce2d2fbbc", "status_code": 200, "tenant_id": "fdd68433-c86c-470c-8b57-cec8ffc3d389", "timestamp": "2026-08-07T12:23:09.882748Z", "trace_id": "8617d5a8c41d257a7a1a995b02e66d02"}
api-1       | {"event": "Context impl PostgresqlImpl.", "level": "info", "request_id": "c67aafad-7a5c-4c6e-afb9-6fde0dbe7075", "timestamp": "2026-08-07T12:23:10.773644Z", "trace_id": "efff2ac4c7509c585c35cad4796dfc1f"}
api-1       | {"event": "Will assume transactional DDL.", "level": "info", "request_id": "c67aafad-7a5c-4c6e-afb9-6fde0dbe7075", "timestamp": "2026-08-07T12:23:10.774117Z", "trace_id": "efff2ac4c7509c585c35cad4796dfc1f"}
api-1       | INFO:     127.0.0.1:51642 - "GET /health/ready HTTP/1.1" 200 OK
api-1       | {"duration_ms": 100.461, "event": "http_request_completed", "level": "info", "method": "GET", "outcome": "success", "path": "/health/ready", "request_id": "c67aafad-7a5c-4c6e-afb9-6fde0dbe7075", "status_code": 200, "timestamp": "2026-08-07T12:23:10.804191Z", "trace_id": "efff2ac4c7509c585c35cad4796dfc1f"}
api-1       | {"claimed": 50, "event": "outbox_dispatch_batch_completed", "lease_lost": 0, "level": "info", "published": 50, "retry_scheduled": 0, "role": "outbox_dispatcher", "timestamp": "2026-08-07T12:23:10.808757Z"}
api-1       | INFO:     172.18.0.1:34852 - "GET /api/v1/runs/0005c2bf-8e7d-4bf2-a43e-a69866cdcd97 HTTP/1.1" 200 OK
api-1       | {"api_key_prefix": "evk_5ec841b483bb", "duration_ms": 420.626, "event": "http_request_completed", "level": "info", "method": "GET", "outcome": "success", "path": "/api/v1/runs/0005c2bf-8e7d-4bf2-a43e-a69866cdcd97", "request_id": "c370336a-d411-4c22-b816-cca82f89c498", "status_code": 200, "tenant_id": "fdd68433-c86c-470c-8b57-cec8ffc3d389", "timestamp": "2026-08-07T12:23:10.890356Z", "trace_id": "fe10d90057a465f659601af714f219e7"}
api-1       | {"claimed": 50, "event": "outbox_dispatch_batch_completed", "lease_lost": 0, "level": "info", "published": 50, "retry_scheduled": 0, "role": "outbox_dispatcher", "timestamp": "2026-08-07T12:23:11.624976Z"}
api-1       | INFO:     172.18.0.1:34852 - "GET /api/v1/runs/0005c2bf-8e7d-4bf2-a43e-a69866cdcd97 HTTP/1.1" 200 OK
api-1       | {"api_key_prefix": "evk_5ec841b483bb", "duration_ms": 358.133, "event": "http_request_completed", "level": "info", "method": "GET", "outcome": "success", "path": "/api/v1/runs/0005c2bf-8e7d-4bf2-a43e-a69866cdcd97", "request_id": "dc76c8e8-e04c-4e9a-b9ff-8b85a8c9ccc3", "status_code": 200, "tenant_id": "fdd68433-c86c-470c-8b57-cec8ffc3d389", "timestamp": "2026-08-07T12:23:11.778447Z", "trace_id": "ee46fdf4e6a0ec2050337e6a0129b77b"}
api-1       | {"claimed": 50, "event": "outbox_dispatch_batch_completed", "lease_lost": 0, "level": "info", "published": 50, "retry_scheduled": 0, "role": "outbox_dispatcher", "timestamp": "2026-08-07T12:23:12.425499Z"}
api-1       | INFO:     172.18.0.1:34852 - "GET /api/v1/runs/0005c2bf-8e7d-4bf2-a43e-a69866cdcd97 HTTP/1.1" 200 OK
api-1       | {"api_key_prefix": "evk_5ec841b483bb", "duration_ms": 218.71, "event": "http_request_completed", "level": "info", "method": "GET", "outcome": "success", "path": "/api/v1/runs/0005c2bf-8e7d-4bf2-a43e-a69866cdcd97", "request_id": "e5ea0866-d14e-41ed-90a2-4230711b31a5", "status_code": 200, "tenant_id": "fdd68433-c86c-470c-8b57-cec8ffc3d389", "timestamp": "2026-08-07T12:23:12.516216Z", "trace_id": "d71d3302586dec631f961defd37a2ce9"}
api-1       | {"claimed": 50, "event": "outbox_dispatch_batch_completed", "lease_lost": 0, "level": "info", "published": 50, "retry_scheduled": 0, "role": "outbox_dispatcher", "timestamp": "2026-08-07T12:23:13.277571Z"}
api-1       | INFO:     172.18.0.1:34852 - "GET /api/v1/runs/0005c2bf-8e7d-4bf2-a43e-a69866cdcd97 HTTP/1.1" 200 OK
api-1       | {"api_key_prefix": "evk_5ec841b483bb", "duration_ms": 320.813, "event": "http_request_completed", "level": "info", "method": "GET", "outcome": "success", "path": "/api/v1/runs/0005c2bf-8e7d-4bf2-a43e-a69866cdcd97", "request_id": "b2adab2f-33b1-43f9-97a8-8db706d8fad3", "status_code": 200, "tenant_id": "fdd68433-c86c-470c-8b57-cec8ffc3d389", "timestamp": "2026-08-07T12:23:13.356933Z", "trace_id": "32b77ba52298101a1bcbc691678352a1"}
api-1       | {"claimed": 50, "event": "outbox_dispatch_batch_completed", "lease_lost": 0, "level": "info", "published": 50, "retry_scheduled": 0, "role": "outbox_dispatcher", "timestamp": "2026-08-07T12:23:14.118324Z"}
api-1       | INFO:     172.18.0.1:34852 - "GET /api/v1/runs/0005c2bf-8e7d-4bf2-a43e-a69866cdcd97 HTTP/1.1" 200 OK
api-1       | {"api_key_prefix": "evk_5ec841b483bb", "duration_ms": 360.802, "event": "http_request_completed", "level": "info", "method": "GET", "outcome": "success", "path": "/api/v1/runs/0005c2bf-8e7d-4bf2-a43e-a69866cdcd97", "request_id": "1fa213d7-6680-498c-95ad-0336a90ded07", "status_code": 200, "tenant_id": "fdd68433-c86c-470c-8b57-cec8ffc3d389", "timestamp": "2026-08-07T12:23:14.245750Z", "trace_id": "63edb3b538b15da038d7726bddfa7c13"}
api-1       | {"claimed": 50, "event": "outbox_dispatch_batch_completed", "lease_lost": 0, "level": "info", "published": 50, "retry_scheduled": 0, "role": "outbox_dispatcher", "timestamp": "2026-08-07T12:23:14.875984Z"}
api-1       | INFO:     172.18.0.1:34852 - "GET /api/v1/runs/0005c2bf-8e7d-4bf2-a43e-a69866cdcd97 HTTP/1.1" 200 OK
api-1       | {"api_key_prefix": "evk_5ec841b483bb", "duration_ms": 158.41, "event": "http_request_completed", "level": "info", "method": "GET", "outcome": "success", "path": "/api/v1/runs/0005c2bf-8e7d-4bf2-a43e-a69866cdcd97", "request_id": "4a2cd582-f61e-4530-b014-bea9966eb112", "status_code": 200, "tenant_id": "fdd68433-c86c-470c-8b57-cec8ffc3d389", "timestamp": "2026-08-07T12:23:14.933042Z", "trace_id": "57d881f5f12492c6ba1e2b58c62cc112"}
api-1       | {"claimed": 50, "event": "outbox_dispatch_batch_completed", "lease_lost": 0, "level": "info", "published": 50, "retry_scheduled": 0, "role": "outbox_dispatcher", "timestamp": "2026-08-07T12:23:15.597780Z"}
api-1       | INFO:     172.18.0.1:34852 - "GET /api/v1/runs/0005c2bf-8e7d-4bf2-a43e-a69866cdcd97 HTTP/1.1" 200 OK
api-1       | {"api_key_prefix": "evk_5ec841b483bb", "duration_ms": 215.679, "event": "http_request_completed", "level": "info", "method": "GET", "outcome": "success", "path": "/api/v1/runs/0005c2bf-8e7d-4bf2-a43e-a69866cdcd97", "request_id": "3ff7d496-5585-4862-93b0-b5ce1bbd59f3", "status_code": 200, "tenant_id": "fdd68433-c86c-470c-8b57-cec8ffc3d389", "timestamp": "2026-08-07T12:23:15.652569Z", "trace_id": "686bd391e4dd6eeca92b7d36a5cb1ca0"}
api-1       | INFO:     172.18.0.1:34852 - "GET /api/v1/runs/0005c2bf-8e7d-4bf2-a43e-a69866cdcd97/cases?limit=200&sort=case_id HTTP/1.1" 200 OK
api-1       | {"api_key_prefix": "evk_5ec841b483bb", "duration_ms": 70.955, "event": "http_request_completed", "level": "info", "method": "GET", "outcome": "success", "path": "/api/v1/runs/0005c2bf-8e7d-4bf2-a43e-a69866cdcd97/cases", "request_id": "463edd7b-8c9c-4875-8969-32aa8c755709", "status_code": 200, "tenant_id": "fdd68433-c86c-470c-8b57-cec8ffc3d389", "timestamp": "2026-08-07T12:23:15.725334Z", "trace_id": "e445777627aa08a408897f47eab6742f"}
api-1       | INFO:     172.18.0.1:34852 - "GET /api/v1/runs/0005c2bf-8e7d-4bf2-a43e-a69866cdcd97/cases?limit=200&sort=case_id&cursor=eyJkaXJlY3Rpb24iOiJhc2MiLCJlcnJvcl9jb2RlIjpudWxsLCJqb2JfaWQiOiIwNzUwYTExNS0wZGM2LTQwZWQtOWZkMi1jZmQ3ZDVhNTQ1NzAiLCJtZXRyaWMiOm51bGwsInNvcnQiOiJjYXNlX2lkIiwic3RhdHVzIjpudWxsLCJ2IjoxLCJ2YWx1ZSI6ImxvYWQtMDE5OSJ9 HTTP/1.1" 200 OK
api-1       | {"api_key_prefix": "evk_5ec841b483bb", "duration_ms": 69.1, "event": "http_request_completed", "level": "info", "method": "GET", "outcome": "success", "path": "/api/v1/runs/0005c2bf-8e7d-4bf2-a43e-a69866cdcd97/cases", "request_id": "49627873-31ec-4973-9e59-25943dc10476", "status_code": 200, "tenant_id": "fdd68433-c86c-470c-8b57-cec8ffc3d389", "timestamp": "2026-08-07T12:23:15.797099Z", "trace_id": "4949527f4b8f935c51530ff12d402368"}
api-1       | INFO:     172.18.0.1:34852 - "GET /api/v1/runs/0005c2bf-8e7d-4bf2-a43e-a69866cdcd97/cases?limit=200&sort=case_id&cursor=eyJkaXJlY3Rpb24iOiJhc2MiLCJlcnJvcl9jb2RlIjpudWxsLCJqb2JfaWQiOiIzMDFmNDFmMy1jYmE1LTQyZTUtYTg2Yy1hMTQyMmI1MWUzMWEiLCJtZXRyaWMiOm51bGwsInNvcnQiOiJjYXNlX2lkIiwic3RhdHVzIjpudWxsLCJ2IjoxLCJ2YWx1ZSI6ImxvYWQtMDM5OSJ9 HTTP/1.1" 200 OK
api-1       | {"api_key_prefix": "evk_5ec841b483bb", "duration_ms": 66.293, "event": "http_request_completed", "level": "info", "method": "GET", "outcome": "success", "path": "/api/v1/runs/0005c2bf-8e7d-4bf2-a43e-a69866cdcd97/cases", "request_id": "f4011b48-1ab7-439e-8602-eb231ce2c403", "status_code": 200, "tenant_id": "fdd68433-c86c-470c-8b57-cec8ffc3d389", "timestamp": "2026-08-07T12:23:15.865804Z", "trace_id": "900a639a85c0aac7e0cc55a87c8b4d6e"}
api-1       | {"event": "Context impl PostgresqlImpl.", "level": "info", "request_id": "b74fbba0-da89-4506-b081-315c1c0a835b", "timestamp": "2026-08-07T12:23:16.572334Z", "trace_id": "0abcaddfd70f84b254f991d99e5b4aa3"}
api-1       | {"event": "Will assume transactional DDL.", "level": "info", "request_id": "b74fbba0-da89-4506-b081-315c1c0a835b", "timestamp": "2026-08-07T12:23:16.572489Z", "trace_id": "0abcaddfd70f84b254f991d99e5b4aa3"}
api-1       | INFO:     127.0.0.1:51654 - "GET /health/ready HTTP/1.1" 200 OK
api-1       | {"duration_ms": 186.26, "event": "http_request_completed", "level": "info", "method": "GET", "outcome": "success", "path": "/health/ready", "request_id": "b74fbba0-da89-4506-b081-315c1c0a835b", "status_code": 200, "timestamp": "2026-08-07T12:23:16.645913Z", "trace_id": "0abcaddfd70f84b254f991d99e5b4aa3"}
api-1       | {"claimed": 50, "event": "outbox_dispatch_batch_completed", "lease_lost": 0, "level": "info", "published": 50, "retry_scheduled": 0, "role": "outbox_dispatcher", "timestamp": "2026-08-07T12:23:16.659738Z"}
api-1       | INFO:     127.0.0.1:51656 - "GET /metrics HTTP/1.1" 200 OK
api-1       | {"duration_ms": 15.194, "event": "http_request_completed", "level": "info", "method": "GET", "outcome": "success", "path": "/metrics", "request_id": "c898a134-02b9-4fbf-b179-bc7d0cc47f61", "status_code": 200, "timestamp": "2026-08-07T12:23:16.776310Z", "trace_id": "8681ca5a7f32e1dacc522f243df26792"}
api-1       | {"claimed": 50, "event": "outbox_dispatch_batch_completed", "lease_lost": 0, "level": "info", "published": 50, "retry_scheduled": 0, "role": "outbox_dispatcher", "timestamp": "2026-08-07T12:23:17.393603Z"}
api-1       | {"claimed": 50, "event": "outbox_dispatch_batch_completed", "lease_lost": 0, "level": "info", "published": 50, "retry_scheduled": 0, "role": "outbox_dispatcher", "timestamp": "2026-08-07T12:23:18.184653Z"}
api-1       | {"claimed": 50, "event": "outbox_dispatch_batch_completed", "lease_lost": 0, "level": "info", "published": 50, "retry_scheduled": 0, "role": "outbox_dispatcher", "timestamp": "2026-08-07T12:23:18.926612Z"}
api-1       | {"claimed": 50, "event": "outbox_dispatch_batch_completed", "lease_lost": 0, "level": "info", "published": 50, "retry_scheduled": 0, "role": "outbox_dispatcher", "timestamp": "2026-08-07T12:23:19.887395Z"}
api-1       | {"claimed": 50, "event": "outbox_dispatch_batch_completed", "lease_lost": 0, "level": "info", "published": 50, "retry_scheduled": 0, "role": "outbox_dispatcher", "timestamp": "2026-08-07T12:23:20.578470Z"}
api-1       | {"claimed": 50, "event": "outbox_dispatch_batch_completed", "lease_lost": 0, "level": "info", "published": 50, "retry_scheduled": 0, "role": "outbox_dispatcher", "timestamp": "2026-08-07T12:23:21.300582Z"}
api-1       | {"event": "Context impl PostgresqlImpl.", "level": "info", "request_id": "002d53c5-9506-4cec-b434-e90b36880766", "timestamp": "2026-08-07T12:23:22.327740Z", "trace_id": "3a5a51a799a9822338a16436e134de09"}
api-1       | {"event": "Will assume transactional DDL.", "level": "info", "request_id": "002d53c5-9506-4cec-b434-e90b36880766", "timestamp": "2026-08-07T12:23:22.327944Z", "trace_id": "3a5a51a799a9822338a16436e134de09"}
api-1       | {"claimed": 50, "event": "outbox_dispatch_batch_completed", "lease_lost": 0, "level": "info", "published": 50, "retry_scheduled": 0, "role": "outbox_dispatcher", "timestamp": "2026-08-07T12:23:22.348865Z"}
api-1       | INFO:     127.0.0.1:56090 - "GET /health/ready HTTP/1.1" 200 OK
api-1       | {"duration_ms": 202.379, "event": "http_request_completed", "level": "info", "method": "GET", "outcome": "success", "path": "/health/ready", "request_id": "002d53c5-9506-4cec-b434-e90b36880766", "status_code": 200, "timestamp": "2026-08-07T12:23:22.369630Z", "trace_id": "3a5a51a799a9822338a16436e134de09"}
api-1       | {"claimed": 50, "event": "outbox_dispatch_batch_completed", "lease_lost": 0, "level": "info", "published": 50, "retry_scheduled": 0, "role": "outbox_dispatcher", "timestamp": "2026-08-07T12:23:23.080650Z"}
api-1       | {"claimed": 50, "event": "outbox_dispatch_batch_completed", "lease_lost": 0, "level": "info", "published": 50, "retry_scheduled": 0, "role": "outbox_dispatcher", "timestamp": "2026-08-07T12:23:23.797759Z"}
api-1       | {"claimed": 50, "event": "outbox_dispatch_batch_completed", "lease_lost": 0, "level": "info", "published": 50, "retry_scheduled": 0, "role": "outbox_dispatcher", "timestamp": "2026-08-07T12:23:24.506606Z"}
api-1       | {"claimed": 50, "event": "outbox_dispatch_batch_completed", "lease_lost": 0, "level": "info", "published": 50, "retry_scheduled": 0, "role": "outbox_dispatcher", "timestamp": "2026-08-07T12:23:25.226783Z"}
api-1       | INFO:     172.18.0.1:51792 - "POST /api/v1/runs HTTP/1.1" 202 Accepted
api-1       | {"api_key_prefix": "evk_5ec841b483bb", "duration_ms": 82.349, "event": "http_request_completed", "level": "info", "method": "POST", "outcome": "success", "path": "/api/v1/runs", "request_id": "a739007f-0326-4001-942a-2ce7da7e37d6", "status_code": 202, "tenant_id": "fdd68433-c86c-470c-8b57-cec8ffc3d389", "timestamp": "2026-08-07T12:23:25.330740Z", "trace_id": "da8b759fb300866255f891c91925c20e"}
api-1       | INFO:     172.18.0.1:51792 - "GET /api/v1/runs/42fce811-c480-4915-a057-8598a851abbc HTTP/1.1" 200 OK
api-1       | {"api_key_prefix": "evk_5ec841b483bb", "duration_ms": 48.661, "event": "http_request_completed", "level": "info", "method": "GET", "outcome": "success", "path": "/api/v1/runs/42fce811-c480-4915-a057-8598a851abbc", "request_id": "ff2a949f-b999-4a32-99c7-228a142212bb", "status_code": 200, "tenant_id": "fdd68433-c86c-470c-8b57-cec8ffc3d389", "timestamp": "2026-08-07T12:23:25.381401Z", "trace_id": "c43c55badb083a8be47da3af082f8277"}
api-1       | {"claimed": 14, "event": "outbox_dispatch_batch_completed", "lease_lost": 0, "level": "info", "published": 14, "retry_scheduled": 0, "role": "outbox_dispatcher", "timestamp": "2026-08-07T12:23:25.890077Z"}
api-1       | INFO:     172.18.0.1:51792 - "GET /api/v1/runs/42fce811-c480-4915-a057-8598a851abbc HTTP/1.1" 200 OK
api-1       | {"api_key_prefix": "evk_5ec841b483bb", "duration_ms": 61.123, "event": "http_request_completed", "level": "info", "method": "GET", "outcome": "success", "path": "/api/v1/runs/42fce811-c480-4915-a057-8598a851abbc", "request_id": "831965a6-4acb-4b56-ba09-35d52e732297", "status_code": 200, "tenant_id": "fdd68433-c86c-470c-8b57-cec8ffc3d389", "timestamp": "2026-08-07T12:23:25.946281Z", "trace_id": "ce0e8db29f65a88c7fbfcbbced590a21"}
api-1       | {"claimed": 32, "event": "outbox_dispatch_batch_completed", "lease_lost": 0, "level": "info", "published": 32, "retry_scheduled": 0, "role": "outbox_dispatcher", "timestamp": "2026-08-07T12:23:26.585659Z"}
api-1       | INFO:     172.18.0.1:51792 - "GET /api/v1/runs/42fce811-c480-4915-a057-8598a851abbc HTTP/1.1" 200 OK
api-1       | {"api_key_prefix": "evk_5ec841b483bb", "duration_ms": 189.737, "event": "http_request_completed", "level": "info", "method": "GET", "outcome": "success", "path": "/api/v1/runs/42fce811-c480-4915-a057-8598a851abbc", "request_id": "3248fa1d-2161-4e60-a4d9-c09076e4dbde", "status_code": 200, "tenant_id": "fdd68433-c86c-470c-8b57-cec8ffc3d389", "timestamp": "2026-08-07T12:23:26.650361Z", "trace_id": "335ab43f6f1593f28b8e336a119cf502"}
api-1       | {"claimed": 32, "event": "outbox_dispatch_batch_completed", "lease_lost": 0, "level": "info", "published": 32, "retry_scheduled": 0, "role": "outbox_dispatcher", "timestamp": "2026-08-07T12:23:27.275035Z"}
api-1       | INFO:     172.18.0.1:51792 - "GET /api/v1/runs/42fce811-c480-4915-a057-8598a851abbc HTTP/1.1" 200 OK
api-1       | {"api_key_prefix": "evk_5ec841b483bb", "duration_ms": 158.553, "event": "http_request_completed", "level": "info", "method": "GET", "outcome": "success", "path": "/api/v1/runs/42fce811-c480-4915-a057-8598a851abbc", "request_id": "f8967b76-fba0-44d9-838d-ce8204deaea5", "status_code": 200, "tenant_id": "fdd68433-c86c-470c-8b57-cec8ffc3d389", "timestamp": "2026-08-07T12:23:27.329019Z", "trace_id": "79350fcb4328576f54278e1c0d9205c4"}
api-1       | {"event": "Context impl PostgresqlImpl.", "level": "info", "request_id": "3a0c6301-fb19-41d2-a387-deafee9dff59", "timestamp": "2026-08-07T12:23:27.701505Z", "trace_id": "831dbb63232fced9a91769336bfbafe6"}
api-1       | {"event": "Will assume transactional DDL.", "level": "info", "request_id": "3a0c6301-fb19-41d2-a387-deafee9dff59", "timestamp": "2026-08-07T12:23:27.701625Z", "trace_id": "831dbb63232fced9a91769336bfbafe6"}
api-1       | INFO:     127.0.0.1:56100 - "GET /health/ready HTTP/1.1" 200 OK
api-1       | {"duration_ms": 23.541, "event": "http_request_completed", "level": "info", "method": "GET", "outcome": "success", "path": "/health/ready", "request_id": "3a0c6301-fb19-41d2-a387-deafee9dff59", "status_code": 200, "timestamp": "2026-08-07T12:23:27.708200Z", "trace_id": "831dbb63232fced9a91769336bfbafe6"}
api-1       | {"claimed": 32, "event": "outbox_dispatch_batch_completed", "lease_lost": 0, "level": "info", "published": 32, "retry_scheduled": 0, "role": "outbox_dispatcher", "timestamp": "2026-08-07T12:23:27.976229Z"}
api-1       | INFO:     172.18.0.1:51792 - "GET /api/v1/runs/42fce811-c480-4915-a057-8598a851abbc HTTP/1.1" 200 OK
api-1       | {"api_key_prefix": "evk_5ec841b483bb", "duration_ms": 182.893, "event": "http_request_completed", "level": "info", "method": "GET", "outcome": "success", "path": "/api/v1/runs/42fce811-c480-4915-a057-8598a851abbc", "request_id": "3f145c2e-a40d-4b71-8002-849dc74d3fe1", "status_code": 200, "tenant_id": "fdd68433-c86c-470c-8b57-cec8ffc3d389", "timestamp": "2026-08-07T12:23:28.027581Z", "trace_id": "82b7bc1a10b4603873d1a1db70705fed"}
api-1       | {"claimed": 5, "event": "outbox_dispatch_batch_completed", "lease_lost": 0, "level": "info", "published": 5, "retry_scheduled": 0, "role": "outbox_dispatcher", "timestamp": "2026-08-07T12:23:28.494519Z"}
api-1       | INFO:     172.18.0.1:51792 - "GET /api/v1/runs/42fce811-c480-4915-a057-8598a851abbc HTTP/1.1" 200 OK
api-1       | {"api_key_prefix": "evk_5ec841b483bb", "duration_ms": 54.672, "event": "http_request_completed", "level": "info", "method": "GET", "outcome": "success", "path": "/api/v1/runs/42fce811-c480-4915-a057-8598a851abbc", "request_id": "5d517862-255a-4390-8134-39d01f02abc8", "status_code": 200, "tenant_id": "fdd68433-c86c-470c-8b57-cec8ffc3d389", "timestamp": "2026-08-07T12:23:28.584935Z", "trace_id": "5fbe35ab8d744d666370b0b91f1f7d11"}
api-1       | {"claimed": 5, "event": "outbox_dispatch_batch_completed", "lease_lost": 0, "level": "info", "published": 5, "retry_scheduled": 0, "role": "outbox_dispatcher", "timestamp": "2026-08-07T12:23:29.012980Z"}
api-1       | INFO:     172.18.0.1:51792 - "GET /api/v1/runs/42fce811-c480-4915-a057-8598a851abbc HTTP/1.1" 200 OK
api-1       | {"api_key_prefix": "evk_5ec841b483bb", "duration_ms": 50.688, "event": "http_request_completed", "level": "info", "method": "GET", "outcome": "success", "path": "/api/v1/runs/42fce811-c480-4915-a057-8598a851abbc", "request_id": "8f73770a-ae1e-4a59-bdcf-011101137c8b", "status_code": 200, "tenant_id": "fdd68433-c86c-470c-8b57-cec8ffc3d389", "timestamp": "2026-08-07T12:23:29.138178Z", "trace_id": "34f742de6382ffcbca978687da575708"}
api-1       | INFO:     172.18.0.1:51792 - "GET /api/v1/runs/42fce811-c480-4915-a057-8598a851abbc/cases?limit=200&sort=case_id HTTP/1.1" 200 OK
api-1       | {"api_key_prefix": "evk_5ec841b483bb", "duration_ms": 59.282, "event": "http_request_completed", "level": "info", "method": "GET", "outcome": "success", "path": "/api/v1/runs/42fce811-c480-4915-a057-8598a851abbc/cases", "request_id": "cc9569fd-af40-4e7f-af2c-118b87608730", "status_code": 200, "tenant_id": "fdd68433-c86c-470c-8b57-cec8ffc3d389", "timestamp": "2026-08-07T12:23:29.199096Z", "trace_id": "40cad1e2841617c809a23290c0824c31"}
api-1       | INFO:     127.0.0.1:38606 - "GET /metrics HTTP/1.1" 200 OK
api-1       | {"duration_ms": 10.247, "event": "http_request_completed", "level": "info", "method": "GET", "outcome": "success", "path": "/metrics", "request_id": "bfcc8acd-7256-4de0-aee2-a1353d3ad446", "status_code": 200, "timestamp": "2026-08-07T12:23:29.590379Z", "trace_id": "b4a491583506d897598d81998b650d93"}
api-1       | INFO:     172.18.0.1:51792 - "POST /api/v1/runs HTTP/1.1" 202 Accepted
api-1       | {"api_key_prefix": "evk_5ec841b483bb", "duration_ms": 257.887, "event": "http_request_completed", "level": "info", "method": "POST", "outcome": "success", "path": "/api/v1/runs", "request_id": "8c2aff8d-b8b3-4b41-98e9-aabe2960e20e", "status_code": 202, "tenant_id": "fdd68433-c86c-470c-8b57-cec8ffc3d389", "timestamp": "2026-08-07T12:23:30.436196Z", "trace_id": "949c8620ca9e081fd486ded8368ca8bf"}
api-1       | INFO:     172.18.0.1:51792 - "GET /api/v1/runs/077df43b-e636-4bcf-8760-ea11833b9ce5 HTTP/1.1" 200 OK
api-1       | {"api_key_prefix": "evk_5ec841b483bb", "duration_ms": 56.366, "event": "http_request_completed", "level": "info", "method": "GET", "outcome": "success", "path": "/api/v1/runs/077df43b-e636-4bcf-8760-ea11833b9ce5", "request_id": "006fe18f-505f-4742-b6d1-abcc3ee35c83", "status_code": 200, "tenant_id": "fdd68433-c86c-470c-8b57-cec8ffc3d389", "timestamp": "2026-08-07T12:23:30.494344Z", "trace_id": "5918c1616c650b07eebb969c8bce2106"}
api-1       | {"claimed": 2, "event": "outbox_dispatch_batch_completed", "lease_lost": 0, "level": "info", "published": 2, "retry_scheduled": 0, "role": "outbox_dispatcher", "timestamp": "2026-08-07T12:23:30.533078Z"}
api-1       | {"claimed": 24, "event": "outbox_dispatch_batch_completed", "lease_lost": 0, "level": "info", "published": 24, "retry_scheduled": 0, "role": "outbox_dispatcher", "timestamp": "2026-08-07T12:23:31.192336Z"}
api-1       | INFO:     172.18.0.1:51792 - "GET /api/v1/runs/077df43b-e636-4bcf-8760-ea11833b9ce5 HTTP/1.1" 200 OK
api-1       | {"api_key_prefix": "evk_5ec841b483bb", "duration_ms": 198.434, "event": "http_request_completed", "level": "info", "method": "GET", "outcome": "success", "path": "/api/v1/runs/077df43b-e636-4bcf-8760-ea11833b9ce5", "request_id": "6e2627a5-f811-43a4-8d1c-f275e73ecae4", "status_code": 200, "tenant_id": "fdd68433-c86c-470c-8b57-cec8ffc3d389", "timestamp": "2026-08-07T12:23:31.195216Z", "trace_id": "26d4d69902a8d5efefbb2f453fa5a88f"}
api-1       | INFO:     172.18.0.1:51792 - "GET /api/v1/runs/077df43b-e636-4bcf-8760-ea11833b9ce5 HTTP/1.1" 200 OK
api-1       | {"api_key_prefix": "evk_5ec841b483bb", "duration_ms": 185.636, "event": "http_request_completed", "level": "info", "method": "GET", "outcome": "success", "path": "/api/v1/runs/077df43b-e636-4bcf-8760-ea11833b9ce5", "request_id": "5f07da7e-5cde-475b-9227-df5e9be0e273", "status_code": 200, "tenant_id": "fdd68433-c86c-470c-8b57-cec8ffc3d389", "timestamp": "2026-08-07T12:23:31.883656Z", "trace_id": "951be4e727c40f7f05a3bd58eda56625"}
api-1       | {"claimed": 30, "event": "outbox_dispatch_batch_completed", "lease_lost": 0, "level": "info", "published": 30, "retry_scheduled": 0, "role": "outbox_dispatcher", "timestamp": "2026-08-07T12:23:31.884186Z"}
api-1       | {"claimed": 30, "event": "outbox_dispatch_batch_completed", "lease_lost": 0, "level": "info", "published": 30, "retry_scheduled": 0, "role": "outbox_dispatcher", "timestamp": "2026-08-07T12:23:32.598585Z"}
api-1       | INFO:     172.18.0.1:51792 - "GET /api/v1/runs/077df43b-e636-4bcf-8760-ea11833b9ce5 HTTP/1.1" 200 OK
api-1       | {"api_key_prefix": "evk_5ec841b483bb", "duration_ms": 225.188, "event": "http_request_completed", "level": "info", "method": "GET", "outcome": "success", "path": "/api/v1/runs/077df43b-e636-4bcf-8760-ea11833b9ce5", "request_id": "c591d6c2-b3fa-49c6-9873-c9f5840f8bf0", "status_code": 200, "tenant_id": "fdd68433-c86c-470c-8b57-cec8ffc3d389", "timestamp": "2026-08-07T12:23:32.611739Z", "trace_id": "19fad656c1b2fb8ecc7dd477d36e9b20"}
api-1       | {"event": "Context impl PostgresqlImpl.", "level": "info", "request_id": "229d5f13-a602-4df9-a545-c797e63fa7ac", "timestamp": "2026-08-07T12:23:33.032344Z", "trace_id": "3fdf5c3a085a33377d7f8520b560f9e2"}
api-1       | {"event": "Will assume transactional DDL.", "level": "info", "request_id": "229d5f13-a602-4df9-a545-c797e63fa7ac", "timestamp": "2026-08-07T12:23:33.032464Z", "trace_id": "3fdf5c3a085a33377d7f8520b560f9e2"}
api-1       | INFO:     127.0.0.1:38640 - "GET /health/ready HTTP/1.1" 200 OK
api-1       | {"duration_ms": 27.575, "event": "http_request_completed", "level": "info", "method": "GET", "outcome": "success", "path": "/health/ready", "request_id": "229d5f13-a602-4df9-a545-c797e63fa7ac", "status_code": 200, "timestamp": "2026-08-07T12:23:33.039100Z", "trace_id": "3fdf5c3a085a33377d7f8520b560f9e2"}
api-1       | {"claimed": 30, "event": "outbox_dispatch_batch_completed", "lease_lost": 0, "level": "info", "published": 30, "retry_scheduled": 0, "role": "outbox_dispatcher", "timestamp": "2026-08-07T12:23:33.307178Z"}
api-1       | INFO:     172.18.0.1:51792 - "GET /api/v1/runs/077df43b-e636-4bcf-8760-ea11833b9ce5 HTTP/1.1" 200 OK
api-1       | {"api_key_prefix": "evk_5ec841b483bb", "duration_ms": 200.703, "event": "http_request_completed", "level": "info", "method": "GET", "outcome": "success", "path": "/api/v1/runs/077df43b-e636-4bcf-8760-ea11833b9ce5", "request_id": "871d6db0-5332-4a3c-82b3-838277e71376", "status_code": 200, "tenant_id": "fdd68433-c86c-470c-8b57-cec8ffc3d389", "timestamp": "2026-08-07T12:23:33.315753Z", "trace_id": "5d0c33b9afdb1ad8e1a1b21b30cfdd15"}
api-1       | {"claimed": 33, "event": "outbox_dispatch_batch_completed", "lease_lost": 0, "level": "info", "published": 33, "retry_scheduled": 0, "role": "outbox_dispatcher", "timestamp": "2026-08-07T12:23:34.069564Z"}
api-1       | INFO:     172.18.0.1:51792 - "GET /api/v1/runs/077df43b-e636-4bcf-8760-ea11833b9ce5 HTTP/1.1" 200 OK
api-1       | {"api_key_prefix": "evk_5ec841b483bb", "duration_ms": 265.408, "event": "http_request_completed", "level": "info", "method": "GET", "outcome": "success", "path": "/api/v1/runs/077df43b-e636-4bcf-8760-ea11833b9ce5", "request_id": "19897595-39e7-4a82-9d46-4231d0760b8a", "status_code": 200, "tenant_id": "fdd68433-c86c-470c-8b57-cec8ffc3d389", "timestamp": "2026-08-07T12:23:34.083701Z", "trace_id": "9243f87d477978762384d37164d1a115"}
api-1       | {"claimed": 33, "event": "outbox_dispatch_batch_completed", "lease_lost": 0, "level": "info", "published": 33, "retry_scheduled": 0, "role": "outbox_dispatcher", "timestamp": "2026-08-07T12:23:34.776040Z"}
api-1       | INFO:     172.18.0.1:51792 - "GET /api/v1/runs/077df43b-e636-4bcf-8760-ea11833b9ce5 HTTP/1.1" 200 OK
api-1       | {"api_key_prefix": "evk_5ec841b483bb", "duration_ms": 200.89, "event": "http_request_completed", "level": "info", "method": "GET", "outcome": "success", "path": "/api/v1/runs/077df43b-e636-4bcf-8760-ea11833b9ce5", "request_id": "43927694-92b2-4900-9ba5-ad60e68877e0", "status_code": 200, "tenant_id": "fdd68433-c86c-470c-8b57-cec8ffc3d389", "timestamp": "2026-08-07T12:23:34.787702Z", "trace_id": "a88341394473b4e09f3b5fb0b41bad02"}
api-1       | {"claimed": 32, "event": "outbox_dispatch_batch_completed", "lease_lost": 0, "level": "info", "published": 32, "retry_scheduled": 0, "role": "outbox_dispatcher", "timestamp": "2026-08-07T12:23:35.490395Z"}
api-1       | INFO:     172.18.0.1:51792 - "GET /api/v1/runs/077df43b-e636-4bcf-8760-ea11833b9ce5 HTTP/1.1" 200 OK
api-1       | {"api_key_prefix": "evk_5ec841b483bb", "duration_ms": 206.844, "event": "http_request_completed", "level": "info", "method": "GET", "outcome": "success", "path": "/api/v1/runs/077df43b-e636-4bcf-8760-ea11833b9ce5", "request_id": "51631c8f-1d37-4ac3-aadf-16227a657c0f", "status_code": 200, "tenant_id": "fdd68433-c86c-470c-8b57-cec8ffc3d389", "timestamp": "2026-08-07T12:23:35.497127Z", "trace_id": "b54199bf4587022f6525a6611bd8a6d2"}
api-1       | {"claimed": 34, "event": "outbox_dispatch_batch_completed", "lease_lost": 0, "level": "info", "published": 34, "retry_scheduled": 0, "role": "outbox_dispatcher", "timestamp": "2026-08-07T12:23:36.198007Z"}
api-1       | INFO:     172.18.0.1:51792 - "GET /api/v1/runs/077df43b-e636-4bcf-8760-ea11833b9ce5 HTTP/1.1" 200 OK
api-1       | {"api_key_prefix": "evk_5ec841b483bb", "duration_ms": 204.815, "event": "http_request_completed", "level": "info", "method": "GET", "outcome": "success", "path": "/api/v1/runs/077df43b-e636-4bcf-8760-ea11833b9ce5", "request_id": "ac8d04ae-797e-4d30-baba-37bfb169343a", "status_code": 200, "tenant_id": "fdd68433-c86c-470c-8b57-cec8ffc3d389", "timestamp": "2026-08-07T12:23:36.205701Z", "trace_id": "38285b60d4d052cb2769759b5539f520"}
api-1       | {"claimed": 32, "event": "outbox_dispatch_batch_completed", "lease_lost": 0, "level": "info", "published": 32, "retry_scheduled": 0, "role": "outbox_dispatcher", "timestamp": "2026-08-07T12:23:36.888925Z"}
api-1       | INFO:     172.18.0.1:51792 - "GET /api/v1/runs/077df43b-e636-4bcf-8760-ea11833b9ce5 HTTP/1.1" 200 OK
api-1       | {"api_key_prefix": "evk_5ec841b483bb", "duration_ms": 186.14, "event": "http_request_completed", "level": "info", "method": "GET", "outcome": "success", "path": "/api/v1/runs/077df43b-e636-4bcf-8760-ea11833b9ce5", "request_id": "9fe4934d-0983-4ff8-a922-51882ae0da32", "status_code": 200, "tenant_id": "fdd68433-c86c-470c-8b57-cec8ffc3d389", "timestamp": "2026-08-07T12:23:36.895437Z", "trace_id": "a5ccfe9ba7d18610c6ae7fc1db657365"}
api-1       | {"claimed": 32, "event": "outbox_dispatch_batch_completed", "lease_lost": 0, "level": "info", "published": 32, "retry_scheduled": 0, "role": "outbox_dispatcher", "timestamp": "2026-08-07T12:23:37.586516Z"}
api-1       | INFO:     172.18.0.1:51792 - "GET /api/v1/runs/077df43b-e636-4bcf-8760-ea11833b9ce5 HTTP/1.1" 200 OK
api-1       | {"api_key_prefix": "evk_5ec841b483bb", "duration_ms": 206.059, "event": "http_request_completed", "level": "info", "method": "GET", "outcome": "success", "path": "/api/v1/runs/077df43b-e636-4bcf-8760-ea11833b9ce5", "request_id": "2315be0a-b9a9-4503-87cc-b2b4e754e501", "status_code": 200, "tenant_id": "fdd68433-c86c-470c-8b57-cec8ffc3d389", "timestamp": "2026-08-07T12:23:37.604620Z", "trace_id": "b7da91c7a0c29153c4c5d84b776730b9"}
api-1       | {"claimed": 32, "event": "outbox_dispatch_batch_completed", "lease_lost": 0, "level": "info", "published": 32, "retry_scheduled": 0, "role": "outbox_dispatcher", "timestamp": "2026-08-07T12:23:38.359097Z"}
api-1       | INFO:     172.18.0.1:51792 - "GET /api/v1/runs/077df43b-e636-4bcf-8760-ea11833b9ce5 HTTP/1.1" 200 OK
api-1       | {"api_key_prefix": "evk_5ec841b483bb", "duration_ms": 352.755, "event": "http_request_completed", "level": "info", "method": "GET", "outcome": "success", "path": "/api/v1/runs/077df43b-e636-4bcf-8760-ea11833b9ce5", "request_id": "8eca62cc-a74b-4450-9864-dae305048ccd", "status_code": 200, "tenant_id": "fdd68433-c86c-470c-8b57-cec8ffc3d389", "timestamp": "2026-08-07T12:23:38.467850Z", "trace_id": "c54309aa4ec4aaaf310897e08835cbad"}
api-1       | {"event": "Context impl PostgresqlImpl.", "level": "info", "request_id": "ae510705-62c7-4240-816d-1fb343d37c41", "timestamp": "2026-08-07T12:23:38.583958Z", "trace_id": "bda7cadd8200fd5239ccf0ef137d2217"}
api-1       | {"event": "Will assume transactional DDL.", "level": "info", "request_id": "ae510705-62c7-4240-816d-1fb343d37c41", "timestamp": "2026-08-07T12:23:38.584076Z", "trace_id": "bda7cadd8200fd5239ccf0ef137d2217"}
api-1       | INFO:     127.0.0.1:38654 - "GET /health/ready HTTP/1.1" 200 OK
api-1       | {"duration_ms": 23.917, "event": "http_request_completed", "level": "info", "method": "GET", "outcome": "success", "path": "/health/ready", "request_id": "ae510705-62c7-4240-816d-1fb343d37c41", "status_code": 200, "timestamp": "2026-08-07T12:23:38.593199Z", "trace_id": "bda7cadd8200fd5239ccf0ef137d2217"}
api-1       | {"claimed": 36, "event": "outbox_dispatch_batch_completed", "lease_lost": 0, "level": "info", "published": 36, "retry_scheduled": 0, "role": "outbox_dispatcher", "timestamp": "2026-08-07T12:23:39.018602Z"}
api-1       | INFO:     172.18.0.1:51792 - "GET /api/v1/runs/077df43b-e636-4bcf-8760-ea11833b9ce5 HTTP/1.1" 200 OK
api-1       | {"api_key_prefix": "evk_5ec841b483bb", "duration_ms": 149.139, "event": "http_request_completed", "level": "info", "method": "GET", "outcome": "success", "path": "/api/v1/runs/077df43b-e636-4bcf-8760-ea11833b9ce5", "request_id": "eaae02eb-3efc-42a5-85aa-da8b7bcea616", "status_code": 200, "tenant_id": "fdd68433-c86c-470c-8b57-cec8ffc3d389", "timestamp": "2026-08-07T12:23:39.124425Z", "trace_id": "2e2f982a516210f185a8485ac0f92435"}
api-1       | {"claimed": 28, "event": "outbox_dispatch_batch_completed", "lease_lost": 0, "level": "info", "published": 28, "retry_scheduled": 0, "role": "outbox_dispatcher", "timestamp": "2026-08-07T12:23:39.688680Z"}
api-1       | INFO:     172.18.0.1:51792 - "GET /api/v1/runs/077df43b-e636-4bcf-8760-ea11833b9ce5 HTTP/1.1" 200 OK
api-1       | {"api_key_prefix": "evk_5ec841b483bb", "duration_ms": 109.191, "event": "http_request_completed", "level": "info", "method": "GET", "outcome": "success", "path": "/api/v1/runs/077df43b-e636-4bcf-8760-ea11833b9ce5", "request_id": "39deb472-54d0-4963-8e51-93a3995bac1b", "status_code": 200, "tenant_id": "fdd68433-c86c-470c-8b57-cec8ffc3d389", "timestamp": "2026-08-07T12:23:39.740502Z", "trace_id": "b02444200d810854f099f799e9320223"}
api-1       | {"claimed": 30, "event": "outbox_dispatch_batch_completed", "lease_lost": 0, "level": "info", "published": 30, "retry_scheduled": 0, "role": "outbox_dispatcher", "timestamp": "2026-08-07T12:23:40.384371Z"}
api-1       | INFO:     172.18.0.1:51792 - "GET /api/v1/runs/077df43b-e636-4bcf-8760-ea11833b9ce5 HTTP/1.1" 200 OK
api-1       | {"api_key_prefix": "evk_5ec841b483bb", "duration_ms": 209.188, "event": "http_request_completed", "level": "info", "method": "GET", "outcome": "success", "path": "/api/v1/runs/077df43b-e636-4bcf-8760-ea11833b9ce5", "request_id": "f8289f7b-a79e-4eaa-acbb-1e99bc32ba08", "status_code": 200, "tenant_id": "fdd68433-c86c-470c-8b57-cec8ffc3d389", "timestamp": "2026-08-07T12:23:40.454086Z", "trace_id": "d75ba7bade73f812ee416e3c5bb01971"}
api-1       | {"claimed": 28, "event": "outbox_dispatch_batch_completed", "lease_lost": 0, "level": "info", "published": 28, "retry_scheduled": 0, "role": "outbox_dispatcher", "timestamp": "2026-08-07T12:23:41.080966Z"}
api-1       | INFO:     172.18.0.1:51792 - "GET /api/v1/runs/077df43b-e636-4bcf-8760-ea11833b9ce5 HTTP/1.1" 200 OK
api-1       | {"api_key_prefix": "evk_5ec841b483bb", "duration_ms": 104.545, "event": "http_request_completed", "level": "info", "method": "GET", "outcome": "success", "path": "/api/v1/runs/077df43b-e636-4bcf-8760-ea11833b9ce5", "request_id": "ae806f05-5a57-4439-ae4c-40c46c941eb6", "status_code": 200, "tenant_id": "fdd68433-c86c-470c-8b57-cec8ffc3d389", "timestamp": "2026-08-07T12:23:41.090638Z", "trace_id": "793d80c9646353a4b35527a400c8bd73"}
api-1       | {"claimed": 30, "event": "outbox_dispatch_batch_completed", "lease_lost": 0, "level": "info", "published": 30, "retry_scheduled": 0, "role": "outbox_dispatcher", "timestamp": "2026-08-07T12:23:41.814415Z"}
api-1       | INFO:     172.18.0.1:51792 - "GET /api/v1/runs/077df43b-e636-4bcf-8760-ea11833b9ce5 HTTP/1.1" 200 OK
api-1       | {"api_key_prefix": "evk_5ec841b483bb", "duration_ms": 279.199, "event": "http_request_completed", "level": "info", "method": "GET", "outcome": "success", "path": "/api/v1/runs/077df43b-e636-4bcf-8760-ea11833b9ce5", "request_id": "8b11f698-9d19-4bf4-b487-af0ceb53148e", "status_code": 200, "tenant_id": "fdd68433-c86c-470c-8b57-cec8ffc3d389", "timestamp": "2026-08-07T12:23:41.873304Z", "trace_id": "5ea9e7ee198026f1b020b8d32ad9e6aa"}
api-1       | {"claimed": 32, "event": "outbox_dispatch_batch_completed", "lease_lost": 0, "level": "info", "published": 32, "retry_scheduled": 0, "role": "outbox_dispatcher", "timestamp": "2026-08-07T12:23:42.495283Z"}
api-1       | INFO:     172.18.0.1:51792 - "GET /api/v1/runs/077df43b-e636-4bcf-8760-ea11833b9ce5 HTTP/1.1" 200 OK
api-1       | {"api_key_prefix": "evk_5ec841b483bb", "duration_ms": 152.507, "event": "http_request_completed", "level": "info", "method": "GET", "outcome": "success", "path": "/api/v1/runs/077df43b-e636-4bcf-8760-ea11833b9ce5", "request_id": "7cf0640f-c579-42e7-a809-d1a2c514a6ce", "status_code": 200, "tenant_id": "fdd68433-c86c-470c-8b57-cec8ffc3d389", "timestamp": "2026-08-07T12:23:42.537658Z", "trace_id": "c841e89c1ec603961a9e062671a5a3de"}
api-1       | {"claimed": 32, "event": "outbox_dispatch_batch_completed", "lease_lost": 0, "level": "info", "published": 32, "retry_scheduled": 0, "role": "outbox_dispatcher", "timestamp": "2026-08-07T12:23:43.178372Z"}
api-1       | INFO:     172.18.0.1:51792 - "GET /api/v1/runs/077df43b-e636-4bcf-8760-ea11833b9ce5 HTTP/1.1" 200 OK
api-1       | {"api_key_prefix": "evk_5ec841b483bb", "duration_ms": 187.085, "event": "http_request_completed", "level": "info", "method": "GET", "outcome": "success", "path": "/api/v1/runs/077df43b-e636-4bcf-8760-ea11833b9ce5", "request_id": "23f6d900-10e0-45ad-93ac-2c319de26483", "status_code": 200, "tenant_id": "fdd68433-c86c-470c-8b57-cec8ffc3d389", "timestamp": "2026-08-07T12:23:43.232353Z", "trace_id": "6ba7ef2a8345c0057ae67432150c2647"}
api-1       | {"claimed": 30, "event": "outbox_dispatch_batch_completed", "lease_lost": 0, "level": "info", "published": 30, "retry_scheduled": 0, "role": "outbox_dispatcher", "timestamp": "2026-08-07T12:23:43.954172Z"}
api-1       | INFO:     172.18.0.1:51792 - "GET /api/v1/runs/077df43b-e636-4bcf-8760-ea11833b9ce5 HTTP/1.1" 200 OK
api-1       | {"api_key_prefix": "evk_5ec841b483bb", "duration_ms": 318.639, "event": "http_request_completed", "level": "info", "method": "GET", "outcome": "success", "path": "/api/v1/runs/077df43b-e636-4bcf-8760-ea11833b9ce5", "request_id": "a7c586be-f0c7-4e10-9406-da39c82f88dd", "status_code": 200, "tenant_id": "fdd68433-c86c-470c-8b57-cec8ffc3d389", "timestamp": "2026-08-07T12:23:44.070782Z", "trace_id": "914e14c0129ce646617754a44c612d25"}
api-1       | {"event": "Context impl PostgresqlImpl.", "level": "info", "request_id": "05f7b975-524a-44d2-98da-6e4361cf9c3b", "timestamp": "2026-08-07T12:23:44.159929Z", "trace_id": "6ff3e61a44eec701e3e55bd76adaefe2"}
api-1       | {"event": "Will assume transactional DDL.", "level": "info", "request_id": "05f7b975-524a-44d2-98da-6e4361cf9c3b", "timestamp": "2026-08-07T12:23:44.160077Z", "trace_id": "6ff3e61a44eec701e3e55bd76adaefe2"}
api-1       | INFO:     127.0.0.1:55334 - "GET /health/ready HTTP/1.1" 200 OK
api-1       | {"duration_ms": 21.686, "event": "http_request_completed", "level": "info", "method": "GET", "outcome": "success", "path": "/health/ready", "request_id": "05f7b975-524a-44d2-98da-6e4361cf9c3b", "status_code": 200, "timestamp": "2026-08-07T12:23:44.166390Z", "trace_id": "6ff3e61a44eec701e3e55bd76adaefe2"}
api-1       | {"claimed": 35, "event": "outbox_dispatch_batch_completed", "lease_lost": 0, "level": "info", "published": 35, "retry_scheduled": 0, "role": "outbox_dispatcher", "timestamp": "2026-08-07T12:23:44.607723Z"}
api-1       | INFO:     172.18.0.1:51792 - "GET /api/v1/runs/077df43b-e636-4bcf-8760-ea11833b9ce5 HTTP/1.1" 200 OK
api-1       | {"api_key_prefix": "evk_5ec841b483bb", "duration_ms": 103.86, "event": "http_request_completed", "level": "info", "method": "GET", "outcome": "success", "path": "/api/v1/runs/077df43b-e636-4bcf-8760-ea11833b9ce5", "request_id": "8986c890-87df-4bfb-8185-3bd592710b73", "status_code": 200, "tenant_id": "fdd68433-c86c-470c-8b57-cec8ffc3d389", "timestamp": "2026-08-07T12:23:44.679712Z", "trace_id": "af4fa0d24f2226c3b3ce53f8f35e04ba"}
api-1       | {"claimed": 30, "event": "outbox_dispatch_batch_completed", "lease_lost": 0, "level": "info", "published": 30, "retry_scheduled": 0, "role": "outbox_dispatcher", "timestamp": "2026-08-07T12:23:45.277911Z"}
api-1       | INFO:     172.18.0.1:51792 - "GET /api/v1/runs/077df43b-e636-4bcf-8760-ea11833b9ce5 HTTP/1.1" 200 OK
api-1       | {"api_key_prefix": "evk_5ec841b483bb", "duration_ms": 133.101, "event": "http_request_completed", "level": "info", "method": "GET", "outcome": "success", "path": "/api/v1/runs/077df43b-e636-4bcf-8760-ea11833b9ce5", "request_id": "95af0b74-72c7-43fa-b188-2f8b10784f50", "status_code": 200, "tenant_id": "fdd68433-c86c-470c-8b57-cec8ffc3d389", "timestamp": "2026-08-07T12:23:45.334350Z", "trace_id": "e66e76a767f36e3bf1295f1c4b0b71f9"}
api-1       | {"claimed": 29, "event": "outbox_dispatch_batch_completed", "lease_lost": 0, "level": "info", "published": 29, "retry_scheduled": 0, "role": "outbox_dispatcher", "timestamp": "2026-08-07T12:23:45.971232Z"}
api-1       | INFO:     172.18.0.1:51792 - "GET /api/v1/runs/077df43b-e636-4bcf-8760-ea11833b9ce5 HTTP/1.1" 200 OK
api-1       | {"api_key_prefix": "evk_5ec841b483bb", "duration_ms": 186.527, "event": "http_request_completed", "level": "info", "method": "GET", "outcome": "success", "path": "/api/v1/runs/077df43b-e636-4bcf-8760-ea11833b9ce5", "request_id": "434024d0-1765-4e8b-be0f-754b7713feee", "status_code": 200, "tenant_id": "fdd68433-c86c-470c-8b57-cec8ffc3d389", "timestamp": "2026-08-07T12:23:46.036965Z", "trace_id": "49f778daa86d5f020e5575dc43e72059"}
api-1       | {"claimed": 32, "event": "outbox_dispatch_batch_completed", "lease_lost": 0, "level": "info", "published": 32, "retry_scheduled": 0, "role": "outbox_dispatcher", "timestamp": "2026-08-07T12:23:46.674344Z"}
api-1       | INFO:     172.18.0.1:51792 - "GET /api/v1/runs/077df43b-e636-4bcf-8760-ea11833b9ce5 HTTP/1.1" 200 OK
api-1       | {"api_key_prefix": "evk_5ec841b483bb", "duration_ms": 169.352, "event": "http_request_completed", "level": "info", "method": "GET", "outcome": "success", "path": "/api/v1/runs/077df43b-e636-4bcf-8760-ea11833b9ce5", "request_id": "4a66f463-947a-4ec9-9b12-b52c1f396f38", "status_code": 200, "tenant_id": "fdd68433-c86c-470c-8b57-cec8ffc3d389", "timestamp": "2026-08-07T12:23:46.727572Z", "trace_id": "ac71fec10730f19b2c5a92f0f8d0fa95"}
api-1       | {"claimed": 30, "event": "outbox_dispatch_batch_completed", "lease_lost": 0, "level": "info", "published": 30, "retry_scheduled": 0, "role": "outbox_dispatcher", "timestamp": "2026-08-07T12:23:47.371796Z"}
api-1       | INFO:     172.18.0.1:51792 - "GET /api/v1/runs/077df43b-e636-4bcf-8760-ea11833b9ce5 HTTP/1.1" 200 OK
api-1       | {"api_key_prefix": "evk_5ec841b483bb", "duration_ms": 176.741, "event": "http_request_completed", "level": "info", "method": "GET", "outcome": "success", "path": "/api/v1/runs/077df43b-e636-4bcf-8760-ea11833b9ce5", "request_id": "e2b66f0c-e021-4a1e-b5fc-79b16e5f92f8", "status_code": 200, "tenant_id": "fdd68433-c86c-470c-8b57-cec8ffc3d389", "timestamp": "2026-08-07T12:23:47.435395Z", "trace_id": "1e45ddce1b8654b8d8d94784d93046a8"}
api-1       | {"claimed": 32, "event": "outbox_dispatch_batch_completed", "lease_lost": 0, "level": "info", "published": 32, "retry_scheduled": 0, "role": "outbox_dispatcher", "timestamp": "2026-08-07T12:23:48.019637Z"}
api-1       | INFO:     172.18.0.1:51792 - "GET /api/v1/runs/077df43b-e636-4bcf-8760-ea11833b9ce5 HTTP/1.1" 200 OK
api-1       | {"api_key_prefix": "evk_5ec841b483bb", "duration_ms": 124.701, "event": "http_request_completed", "level": "info", "method": "GET", "outcome": "success", "path": "/api/v1/runs/077df43b-e636-4bcf-8760-ea11833b9ce5", "request_id": "f81076ed-fdf6-459e-b9ef-b0e76e464a31", "status_code": 200, "tenant_id": "fdd68433-c86c-470c-8b57-cec8ffc3d389", "timestamp": "2026-08-07T12:23:48.085925Z", "trace_id": "668942387bee8d3b5e796a7fe447da3b"}
api-1       | {"claimed": 29, "event": "outbox_dispatch_batch_completed", "lease_lost": 0, "level": "info", "published": 29, "retry_scheduled": 0, "role": "outbox_dispatcher", "timestamp": "2026-08-07T12:23:48.693625Z"}
api-1       | INFO:     172.18.0.1:51792 - "GET /api/v1/runs/077df43b-e636-4bcf-8760-ea11833b9ce5 HTTP/1.1" 200 OK
api-1       | {"api_key_prefix": "evk_5ec841b483bb", "duration_ms": 156.783, "event": "http_request_completed", "level": "info", "method": "GET", "outcome": "success", "path": "/api/v1/runs/077df43b-e636-4bcf-8760-ea11833b9ce5", "request_id": "4a0fc1f2-4a1a-411d-930e-bb04ab626976", "status_code": 200, "tenant_id": "fdd68433-c86c-470c-8b57-cec8ffc3d389", "timestamp": "2026-08-07T12:23:48.761402Z", "trace_id": "d862859455706be7931ee37dc427c516"}
api-1       | {"claimed": 31, "event": "outbox_dispatch_batch_completed", "lease_lost": 0, "level": "info", "published": 31, "retry_scheduled": 0, "role": "outbox_dispatcher", "timestamp": "2026-08-07T12:23:49.449210Z"}
api-1       | INFO:     172.18.0.1:51792 - "GET /api/v1/runs/077df43b-e636-4bcf-8760-ea11833b9ce5 HTTP/1.1" 200 OK
api-1       | {"api_key_prefix": "evk_5ec841b483bb", "duration_ms": 225.397, "event": "http_request_completed", "level": "info", "method": "GET", "outcome": "success", "path": "/api/v1/runs/077df43b-e636-4bcf-8760-ea11833b9ce5", "request_id": "7abb3183-b82c-475b-a3dc-7cdd1b161468", "status_code": 200, "tenant_id": "fdd68433-c86c-470c-8b57-cec8ffc3d389", "timestamp": "2026-08-07T12:23:49.559990Z", "trace_id": "7d85e657b32e8f41ee40884a29bc8925"}
api-1       | {"event": "Context impl PostgresqlImpl.", "level": "info", "request_id": "49ca6af4-309d-4ed5-b230-ee3d07a42a6d", "timestamp": "2026-08-07T12:23:49.674106Z", "trace_id": "a1e525b1da1d412a4ab03b2aae41e9b6"}
api-1       | {"event": "Will assume transactional DDL.", "level": "info", "request_id": "49ca6af4-309d-4ed5-b230-ee3d07a42a6d", "timestamp": "2026-08-07T12:23:49.674235Z", "trace_id": "a1e525b1da1d412a4ab03b2aae41e9b6"}
api-1       | INFO:     127.0.0.1:47708 - "GET /health/ready HTTP/1.1" 200 OK
api-1       | {"duration_ms": 24.896, "event": "http_request_completed", "level": "info", "method": "GET", "outcome": "success", "path": "/health/ready", "request_id": "49ca6af4-309d-4ed5-b230-ee3d07a42a6d", "status_code": 200, "timestamp": "2026-08-07T12:23:49.684068Z", "trace_id": "a1e525b1da1d412a4ab03b2aae41e9b6"}
api-1       | {"claimed": 34, "event": "outbox_dispatch_batch_completed", "lease_lost": 0, "level": "info", "published": 34, "retry_scheduled": 0, "role": "outbox_dispatcher", "timestamp": "2026-08-07T12:23:50.185707Z"}
api-1       | INFO:     172.18.0.1:51792 - "GET /api/v1/runs/077df43b-e636-4bcf-8760-ea11833b9ce5 HTTP/1.1" 200 OK
api-1       | {"api_key_prefix": "evk_5ec841b483bb", "duration_ms": 176.229, "event": "http_request_completed", "level": "info", "method": "GET", "outcome": "success", "path": "/api/v1/runs/077df43b-e636-4bcf-8760-ea11833b9ce5", "request_id": "c81ffe8f-af83-4dd7-891f-f9d679595595", "status_code": 200, "tenant_id": "fdd68433-c86c-470c-8b57-cec8ffc3d389", "timestamp": "2026-08-07T12:23:50.241501Z", "trace_id": "a1db198162c51c4952528c5f98ec2413"}
api-1       | {"claimed": 35, "event": "outbox_dispatch_batch_completed", "lease_lost": 0, "level": "info", "published": 35, "retry_scheduled": 0, "role": "outbox_dispatcher", "timestamp": "2026-08-07T12:23:50.888496Z"}
api-1       | INFO:     172.18.0.1:51792 - "GET /api/v1/runs/077df43b-e636-4bcf-8760-ea11833b9ce5 HTTP/1.1" 200 OK
api-1       | {"api_key_prefix": "evk_5ec841b483bb", "duration_ms": 195.832, "event": "http_request_completed", "level": "info", "method": "GET", "outcome": "success", "path": "/api/v1/runs/077df43b-e636-4bcf-8760-ea11833b9ce5", "request_id": "2d470fa7-3cfb-42db-a6c2-29075d9ea209", "status_code": 200, "tenant_id": "fdd68433-c86c-470c-8b57-cec8ffc3d389", "timestamp": "2026-08-07T12:23:50.947639Z", "trace_id": "34392f78daf83f03ce03471eef22b136"}
api-1       | {"claimed": 29, "event": "outbox_dispatch_batch_completed", "lease_lost": 0, "level": "info", "published": 29, "retry_scheduled": 0, "role": "outbox_dispatcher", "timestamp": "2026-08-07T12:23:51.576733Z"}
api-1       | INFO:     172.18.0.1:51792 - "GET /api/v1/runs/077df43b-e636-4bcf-8760-ea11833b9ce5 HTTP/1.1" 200 OK
api-1       | {"api_key_prefix": "evk_5ec841b483bb", "duration_ms": 157.853, "event": "http_request_completed", "level": "info", "method": "GET", "outcome": "success", "path": "/api/v1/runs/077df43b-e636-4bcf-8760-ea11833b9ce5", "request_id": "35379918-6aa4-489e-bead-34489844e5de", "status_code": 200, "tenant_id": "fdd68433-c86c-470c-8b57-cec8ffc3d389", "timestamp": "2026-08-07T12:23:51.631682Z", "trace_id": "5c6c34ed8f29035b73e6868073cb620c"}
api-1       | {"claimed": 30, "event": "outbox_dispatch_batch_completed", "lease_lost": 0, "level": "info", "published": 30, "retry_scheduled": 0, "role": "outbox_dispatcher", "timestamp": "2026-08-07T12:23:52.220623Z"}
api-1       | INFO:     172.18.0.1:51792 - "GET /api/v1/runs/077df43b-e636-4bcf-8760-ea11833b9ce5 HTTP/1.1" 200 OK
api-1       | {"api_key_prefix": "evk_5ec841b483bb", "duration_ms": 155.703, "event": "http_request_completed", "level": "info", "method": "GET", "outcome": "success", "path": "/api/v1/runs/077df43b-e636-4bcf-8760-ea11833b9ce5", "request_id": "e6b37b1b-3e62-4cc8-a2d8-592153e46eee", "status_code": 200, "tenant_id": "fdd68433-c86c-470c-8b57-cec8ffc3d389", "timestamp": "2026-08-07T12:23:52.292194Z", "trace_id": "a03b2c4be16c1ab87d7c4b5bcf9d139e"}
api-1       | {"claimed": 30, "event": "outbox_dispatch_batch_completed", "lease_lost": 0, "level": "info", "published": 30, "retry_scheduled": 0, "role": "outbox_dispatcher", "timestamp": "2026-08-07T12:23:52.891584Z"}
api-1       | INFO:     172.18.0.1:51792 - "GET /api/v1/runs/077df43b-e636-4bcf-8760-ea11833b9ce5 HTTP/1.1" 200 OK
api-1       | {"api_key_prefix": "evk_5ec841b483bb", "duration_ms": 119.846, "event": "http_request_completed", "level": "info", "method": "GET", "outcome": "success", "path": "/api/v1/runs/077df43b-e636-4bcf-8760-ea11833b9ce5", "request_id": "ab898ba6-4994-4d34-9c93-8af4e55cd2cd", "status_code": 200, "tenant_id": "fdd68433-c86c-470c-8b57-cec8ffc3d389", "timestamp": "2026-08-07T12:23:52.933242Z", "trace_id": "8cbf037670a9d64fae59a83aad2c12e2"}
api-1       | {"claimed": 31, "event": "outbox_dispatch_batch_completed", "lease_lost": 0, "level": "info", "published": 31, "retry_scheduled": 0, "role": "outbox_dispatcher", "timestamp": "2026-08-07T12:23:53.579334Z"}
api-1       | INFO:     172.18.0.1:51792 - "GET /api/v1/runs/077df43b-e636-4bcf-8760-ea11833b9ce5 HTTP/1.1" 200 OK
api-1       | {"api_key_prefix": "evk_5ec841b483bb", "duration_ms": 196.685, "event": "http_request_completed", "level": "info", "method": "GET", "outcome": "success", "path": "/api/v1/runs/077df43b-e636-4bcf-8760-ea11833b9ce5", "request_id": "7a4adbeb-8c08-4aef-bab3-e39a872a6870", "status_code": 200, "tenant_id": "fdd68433-c86c-470c-8b57-cec8ffc3d389", "timestamp": "2026-08-07T12:23:53.637177Z", "trace_id": "5792489d68cdafe4648c5b4495c58d95"}
api-1       | {"claimed": 22, "event": "outbox_dispatch_batch_completed", "lease_lost": 0, "level": "info", "published": 22, "retry_scheduled": 0, "role": "outbox_dispatcher", "timestamp": "2026-08-07T12:23:54.196423Z"}
api-1       | INFO:     172.18.0.1:51792 - "GET /api/v1/runs/077df43b-e636-4bcf-8760-ea11833b9ce5 HTTP/1.1" 200 OK
api-1       | {"api_key_prefix": "evk_5ec841b483bb", "duration_ms": 90.185, "event": "http_request_completed", "level": "info", "method": "GET", "outcome": "success", "path": "/api/v1/runs/077df43b-e636-4bcf-8760-ea11833b9ce5", "request_id": "c4966609-fa21-4655-9333-c1adb2e0feb1", "status_code": 200, "tenant_id": "fdd68433-c86c-470c-8b57-cec8ffc3d389", "timestamp": "2026-08-07T12:23:54.245670Z", "trace_id": "a4d42c292c9c12ec7b3969ac791b14c1"}
api-1       | {"claimed": 3, "event": "outbox_dispatch_batch_completed", "lease_lost": 0, "level": "info", "published": 3, "retry_scheduled": 0, "role": "outbox_dispatcher", "timestamp": "2026-08-07T12:23:54.714780Z"}
api-1       | INFO:     172.18.0.1:51792 - "GET /api/v1/runs/077df43b-e636-4bcf-8760-ea11833b9ce5 HTTP/1.1" 200 OK
api-1       | {"api_key_prefix": "evk_5ec841b483bb", "duration_ms": 93.182, "event": "http_request_completed", "level": "info", "method": "GET", "outcome": "success", "path": "/api/v1/runs/077df43b-e636-4bcf-8760-ea11833b9ce5", "request_id": "a8a25e87-9632-43a5-9dc1-176d33652820", "status_code": 200, "tenant_id": "fdd68433-c86c-470c-8b57-cec8ffc3d389", "timestamp": "2026-08-07T12:23:54.841118Z", "trace_id": "34117036de468e1ddca3fc2e96a170b0"}
api-1       | INFO:     172.18.0.1:51792 - "GET /api/v1/runs/077df43b-e636-4bcf-8760-ea11833b9ce5/cases?limit=200&sort=case_id HTTP/1.1" 200 OK
api-1       | {"api_key_prefix": "evk_5ec841b483bb", "duration_ms": 128.295, "event": "http_request_completed", "level": "info", "method": "GET", "outcome": "success", "path": "/api/v1/runs/077df43b-e636-4bcf-8760-ea11833b9ce5/cases", "request_id": "af07c473-357d-442c-89d9-86a9ba274c0d", "status_code": 200, "tenant_id": "fdd68433-c86c-470c-8b57-cec8ffc3d389", "timestamp": "2026-08-07T12:23:54.971383Z", "trace_id": "98056d7fcd408ae8e62ce7251aa70b8e"}
api-1       | INFO:     172.18.0.1:51792 - "GET /api/v1/runs/077df43b-e636-4bcf-8760-ea11833b9ce5/cases?limit=200&sort=case_id&cursor=eyJkaXJlY3Rpb24iOiJhc2MiLCJlcnJvcl9jb2RlIjpudWxsLCJqb2JfaWQiOiJhZjViNjFlOS1lMTJkLTQzNDMtYWJkNy1hMjM5Y2NhNDA4OWUiLCJtZXRyaWMiOm51bGwsInNvcnQiOiJjYXNlX2lkIiwic3RhdHVzIjpudWxsLCJ2IjoxLCJ2YWx1ZSI6ImxvYWQtMDE5OSJ9 HTTP/1.1" 200 OK
api-1       | {"api_key_prefix": "evk_5ec841b483bb", "duration_ms": 164.66, "event": "http_request_completed", "level": "info", "method": "GET", "outcome": "success", "path": "/api/v1/runs/077df43b-e636-4bcf-8760-ea11833b9ce5/cases", "request_id": "e7ee3ee1-e33b-4b98-8529-a8282b6abf47", "status_code": 200, "tenant_id": "fdd68433-c86c-470c-8b57-cec8ffc3d389", "timestamp": "2026-08-07T12:23:55.138904Z", "trace_id": "23ce4a5b3cdf7c62e0399420b6f60802"}
api-1       | {"event": "Context impl PostgresqlImpl.", "level": "info", "request_id": "c013e771-eb82-4cb8-aff7-b23e3a7b3fa3", "timestamp": "2026-08-07T12:23:55.240390Z", "trace_id": "9e6bbca52dddee8221edc90d9ec9b672"}
api-1       | {"event": "Will assume transactional DDL.", "level": "info", "request_id": "c013e771-eb82-4cb8-aff7-b23e3a7b3fa3", "timestamp": "2026-08-07T12:23:55.240521Z", "trace_id": "9e6bbca52dddee8221edc90d9ec9b672"}
api-1       | INFO:     127.0.0.1:47734 - "GET /health/ready HTTP/1.1" 200 OK
api-1       | {"duration_ms": 75.316, "event": "http_request_completed", "level": "info", "method": "GET", "outcome": "success", "path": "/health/ready", "request_id": "c013e771-eb82-4cb8-aff7-b23e3a7b3fa3", "status_code": 200, "timestamp": "2026-08-07T12:23:55.248596Z", "trace_id": "9e6bbca52dddee8221edc90d9ec9b672"}
api-1       | INFO:     172.18.0.1:51792 - "GET /api/v1/runs/077df43b-e636-4bcf-8760-ea11833b9ce5/cases?limit=200&sort=case_id&cursor=eyJkaXJlY3Rpb24iOiJhc2MiLCJlcnJvcl9jb2RlIjpudWxsLCJqb2JfaWQiOiI2ZWQ0MjY3Zi03Mzk0LTQ5NTItOWFkZS1iZTUxYmFhYTVlOWUiLCJtZXRyaWMiOm51bGwsInNvcnQiOiJjYXNlX2lkIiwic3RhdHVzIjpudWxsLCJ2IjoxLCJ2YWx1ZSI6ImxvYWQtMDM5OSJ9 HTTP/1.1" 200 OK
api-1       | {"api_key_prefix": "evk_5ec841b483bb", "duration_ms": 121.604, "event": "http_request_completed", "level": "info", "method": "GET", "outcome": "success", "path": "/api/v1/runs/077df43b-e636-4bcf-8760-ea11833b9ce5/cases", "request_id": "1743297d-6b72-40b1-bb94-44cd829f297a", "status_code": 200, "tenant_id": "fdd68433-c86c-470c-8b57-cec8ffc3d389", "timestamp": "2026-08-07T12:23:55.263808Z", "trace_id": "a50fd7a6389cee46800128834c09ab0b"}
api-1       | INFO:     127.0.0.1:47742 - "GET /metrics HTTP/1.1" 200 OK
api-1       | {"duration_ms": 9.993, "event": "http_request_completed", "level": "info", "method": "GET", "outcome": "success", "path": "/metrics", "request_id": "a3552053-6f9c-4af4-aed5-76073ccfeedc", "status_code": 200, "timestamp": "2026-08-07T12:23:55.625987Z", "trace_id": "d1eb906bfeb9aebcfa9497440754e761"}
api-1       | {"event": "Context impl PostgresqlImpl.", "level": "info", "request_id": "3ebde878-fa27-4cbb-8b37-69aeb2f5a7e0", "timestamp": "2026-08-07T12:24:00.562712Z", "trace_id": "719d362b2f4c2dd4d3d7f6730cc64370"}
api-1       | {"event": "Will assume transactional DDL.", "level": "info", "request_id": "3ebde878-fa27-4cbb-8b37-69aeb2f5a7e0", "timestamp": "2026-08-07T12:24:00.562892Z", "trace_id": "719d362b2f4c2dd4d3d7f6730cc64370"}
api-1       | INFO:     127.0.0.1:50268 - "GET /health/ready HTTP/1.1" 200 OK
api-1       | {"duration_ms": 23.047, "event": "http_request_completed", "level": "info", "method": "GET", "outcome": "success", "path": "/health/ready", "request_id": "3ebde878-fa27-4cbb-8b37-69aeb2f5a7e0", "status_code": 200, "timestamp": "2026-08-07T12:24:00.566050Z", "trace_id": "719d362b2f4c2dd4d3d7f6730cc64370"}
api-1       | INFO:     172.18.0.1:41518 - "POST /api/v1/runs HTTP/1.1" 202 Accepted
api-1       | {"api_key_prefix": "evk_5ec841b483bb", "duration_ms": 224.159, "event": "http_request_completed", "level": "info", "method": "POST", "outcome": "success", "path": "/api/v1/runs", "request_id": "55eff701-8772-4baa-9e65-da0b28dec731", "status_code": 202, "tenant_id": "fdd68433-c86c-470c-8b57-cec8ffc3d389", "timestamp": "2026-08-07T12:24:01.822108Z", "trace_id": "e325cee3ef22977344e5c5b7460fcbff"}
api-1       | INFO:     172.18.0.1:41518 - "GET /api/v1/runs/d48c5c8c-0900-4401-b99b-67db2ffb0bec HTTP/1.1" 200 OK
api-1       | {"api_key_prefix": "evk_5ec841b483bb", "duration_ms": 131.594, "event": "http_request_completed", "level": "info", "method": "GET", "outcome": "success", "path": "/api/v1/runs/d48c5c8c-0900-4401-b99b-67db2ffb0bec", "request_id": "43042832-6f76-47a9-8f4d-dae8a74ba0b3", "status_code": 200, "tenant_id": "fdd68433-c86c-470c-8b57-cec8ffc3d389", "timestamp": "2026-08-07T12:24:01.955808Z", "trace_id": "d1c314855c624d8a83ede927481d84f4"}
api-1       | {"claimed": 12, "event": "outbox_dispatch_batch_completed", "lease_lost": 0, "level": "info", "published": 12, "retry_scheduled": 0, "role": "outbox_dispatcher", "timestamp": "2026-08-07T12:24:02.527376Z"}
api-1       | INFO:     172.18.0.1:41518 - "GET /api/v1/runs/d48c5c8c-0900-4401-b99b-67db2ffb0bec HTTP/1.1" 200 OK
api-1       | {"api_key_prefix": "evk_5ec841b483bb", "duration_ms": 149.958, "event": "http_request_completed", "level": "info", "method": "GET", "outcome": "success", "path": "/api/v1/runs/d48c5c8c-0900-4401-b99b-67db2ffb0bec", "request_id": "7bec0f02-62e9-4e0e-9f9d-819ab966da73", "status_code": 200, "tenant_id": "fdd68433-c86c-470c-8b57-cec8ffc3d389", "timestamp": "2026-08-07T12:24:02.611960Z", "trace_id": "b0ae385ab74997e52e83ee43d22b8e6b"}
api-1       | {"claimed": 26, "event": "outbox_dispatch_batch_completed", "lease_lost": 0, "level": "info", "published": 26, "retry_scheduled": 0, "role": "outbox_dispatcher", "timestamp": "2026-08-07T12:24:03.329446Z"}
api-1       | INFO:     172.18.0.1:41518 - "GET /api/v1/runs/d48c5c8c-0900-4401-b99b-67db2ffb0bec HTTP/1.1" 200 OK
api-1       | {"api_key_prefix": "evk_5ec841b483bb", "duration_ms": 235.243, "event": "http_request_completed", "level": "info", "method": "GET", "outcome": "success", "path": "/api/v1/runs/d48c5c8c-0900-4401-b99b-67db2ffb0bec", "request_id": "a24dda50-e701-4e39-8a0b-993ed00f53e8", "status_code": 200, "tenant_id": "fdd68433-c86c-470c-8b57-cec8ffc3d389", "timestamp": "2026-08-07T12:24:03.351431Z", "trace_id": "1c02120aaa6e5152fc2bec1beb556378"}
api-1       | {"claimed": 50, "event": "outbox_dispatch_batch_completed", "lease_lost": 0, "level": "info", "published": 50, "retry_scheduled": 0, "role": "outbox_dispatcher", "timestamp": "2026-08-07T12:24:04.011931Z"}
api-1       | INFO:     172.18.0.1:41518 - "GET /api/v1/runs/d48c5c8c-0900-4401-b99b-67db2ffb0bec HTTP/1.1" 200 OK
api-1       | {"api_key_prefix": "evk_5ec841b483bb", "duration_ms": 199.398, "event": "http_request_completed", "level": "info", "method": "GET", "outcome": "success", "path": "/api/v1/runs/d48c5c8c-0900-4401-b99b-67db2ffb0bec", "request_id": "594391cf-d340-488b-9880-a068749ae028", "status_code": 200, "tenant_id": "fdd68433-c86c-470c-8b57-cec8ffc3d389", "timestamp": "2026-08-07T12:24:04.067486Z", "trace_id": "f3ee25b0d0454d3c61248f5c3751d5bb"}
api-1       | {"claimed": 15, "event": "outbox_dispatch_batch_completed", "lease_lost": 0, "level": "info", "published": 15, "retry_scheduled": 0, "role": "outbox_dispatcher", "timestamp": "2026-08-07T12:24:04.674857Z"}
api-1       | INFO:     172.18.0.1:41518 - "GET /api/v1/runs/d48c5c8c-0900-4401-b99b-67db2ffb0bec HTTP/1.1" 200 OK
api-1       | {"api_key_prefix": "evk_5ec841b483bb", "duration_ms": 98.99, "event": "http_request_completed", "level": "info", "method": "GET", "outcome": "success", "path": "/api/v1/runs/d48c5c8c-0900-4401-b99b-67db2ffb0bec", "request_id": "d6df4f5c-9ffe-4c85-aa81-1ca70d393ca2", "status_code": 200, "tenant_id": "fdd68433-c86c-470c-8b57-cec8ffc3d389", "timestamp": "2026-08-07T12:24:04.682025Z", "trace_id": "1623386ec731074ac0f547957f4894af"}
api-1       | INFO:     172.18.0.1:41518 - "GET /api/v1/runs/d48c5c8c-0900-4401-b99b-67db2ffb0bec HTTP/1.1" 200 OK
api-1       | {"api_key_prefix": "evk_5ec841b483bb", "duration_ms": 56.877, "event": "http_request_completed", "level": "info", "method": "GET", "outcome": "success", "path": "/api/v1/runs/d48c5c8c-0900-4401-b99b-67db2ffb0bec", "request_id": "8b54be51-a5cf-4417-ae21-3af92169a423", "status_code": 200, "tenant_id": "fdd68433-c86c-470c-8b57-cec8ffc3d389", "timestamp": "2026-08-07T12:24:05.241434Z", "trace_id": "b240045eeb7060a56762a7148935b6ff"}
api-1       | {"claimed": 3, "event": "outbox_dispatch_batch_completed", "lease_lost": 0, "level": "info", "published": 3, "retry_scheduled": 0, "role": "outbox_dispatcher", "timestamp": "2026-08-07T12:24:05.694267Z"}
api-1       | INFO:     172.18.0.1:41518 - "GET /api/v1/runs/d48c5c8c-0900-4401-b99b-67db2ffb0bec HTTP/1.1" 200 OK
api-1       | {"api_key_prefix": "evk_5ec841b483bb", "duration_ms": 96.892, "event": "http_request_completed", "level": "info", "method": "GET", "outcome": "success", "path": "/api/v1/runs/d48c5c8c-0900-4401-b99b-67db2ffb0bec", "request_id": "7c59bf89-8975-4a25-9418-df5a72543b7e", "status_code": 200, "tenant_id": "fdd68433-c86c-470c-8b57-cec8ffc3d389", "timestamp": "2026-08-07T12:24:05.841070Z", "trace_id": "7ccb0dd6050d1b1a1c78c94bff91972b"}
api-1       | INFO:     172.18.0.1:41518 - "GET /api/v1/runs/d48c5c8c-0900-4401-b99b-67db2ffb0bec/cases?limit=200&sort=case_id HTTP/1.1" 200 OK
api-1       | {"api_key_prefix": "evk_5ec841b483bb", "duration_ms": 115.536, "event": "http_request_completed", "level": "info", "method": "GET", "outcome": "success", "path": "/api/v1/runs/d48c5c8c-0900-4401-b99b-67db2ffb0bec/cases", "request_id": "bf944e0e-f6ad-493e-9fec-56b34c09ce1b", "status_code": 200, "tenant_id": "fdd68433-c86c-470c-8b57-cec8ffc3d389", "timestamp": "2026-08-07T12:24:05.958803Z", "trace_id": "e7257af43f0fa1704eb1af913d7dcf8e"}
api-1       | {"event": "Context impl PostgresqlImpl.", "level": "info", "request_id": "570de032-aacb-4e54-a76b-be535df7b528", "timestamp": "2026-08-07T12:24:05.960308Z", "trace_id": "c180598c77b96367466adc858e2a0cab"}
api-1       | {"event": "Will assume transactional DDL.", "level": "info", "request_id": "570de032-aacb-4e54-a76b-be535df7b528", "timestamp": "2026-08-07T12:24:05.960466Z", "trace_id": "c180598c77b96367466adc858e2a0cab"}
api-1       | INFO:     127.0.0.1:50310 - "GET /health/ready HTTP/1.1" 200 OK
api-1       | {"duration_ms": 32.769, "event": "http_request_completed", "level": "info", "method": "GET", "outcome": "success", "path": "/health/ready", "request_id": "570de032-aacb-4e54-a76b-be535df7b528", "status_code": 200, "timestamp": "2026-08-07T12:24:05.967804Z", "trace_id": "c180598c77b96367466adc858e2a0cab"}
api-1       | INFO:     127.0.0.1:50338 - "GET /metrics HTTP/1.1" 200 OK
api-1       | {"duration_ms": 16.992, "event": "http_request_completed", "level": "info", "method": "GET", "outcome": "success", "path": "/metrics", "request_id": "27af5421-bd6c-4367-a9cb-5c4a74c173b3", "status_code": 200, "timestamp": "2026-08-07T12:24:06.471120Z", "trace_id": "e2a62b55e59156ffee3e88172019e92b"}
api-1       | INFO:     172.18.0.1:41518 - "POST /api/v1/runs HTTP/1.1" 202 Accepted
api-1       | {"api_key_prefix": "evk_5ec841b483bb", "duration_ms": 249.09, "event": "http_request_completed", "level": "info", "method": "POST", "outcome": "success", "path": "/api/v1/runs", "request_id": "b098fddd-3b01-459e-8d96-468c236633a7", "status_code": 202, "tenant_id": "fdd68433-c86c-470c-8b57-cec8ffc3d389", "timestamp": "2026-08-07T12:24:08.226625Z", "trace_id": "a5c93057453f98e8c621421979ecd8a8"}
api-1       | INFO:     172.18.0.1:41518 - "GET /api/v1/runs/ee90b341-47bf-4dc8-85e7-b8725ec67dff HTTP/1.1" 200 OK
api-1       | {"api_key_prefix": "evk_5ec841b483bb", "duration_ms": 57.139, "event": "http_request_completed", "level": "info", "method": "GET", "outcome": "success", "path": "/api/v1/runs/ee90b341-47bf-4dc8-85e7-b8725ec67dff", "request_id": "28ec35f7-b8d6-4566-95b2-1119e48da594", "status_code": 200, "tenant_id": "fdd68433-c86c-470c-8b57-cec8ffc3d389", "timestamp": "2026-08-07T12:24:08.285468Z", "trace_id": "95ca5ccd17d58da39da7905da68c4cdc"}
api-1       | {"claimed": 50, "event": "outbox_dispatch_batch_completed", "lease_lost": 0, "level": "info", "published": 50, "retry_scheduled": 0, "role": "outbox_dispatcher", "timestamp": "2026-08-07T12:24:09.072486Z"}
api-1       | INFO:     172.18.0.1:41518 - "GET /api/v1/runs/ee90b341-47bf-4dc8-85e7-b8725ec67dff HTTP/1.1" 200 OK
api-1       | {"api_key_prefix": "evk_5ec841b483bb", "duration_ms": 284.14, "event": "http_request_completed", "level": "info", "method": "GET", "outcome": "success", "path": "/api/v1/runs/ee90b341-47bf-4dc8-85e7-b8725ec67dff", "request_id": "55762214-0e6c-480d-aecd-b6bdd94506cf", "status_code": 200, "tenant_id": "fdd68433-c86c-470c-8b57-cec8ffc3d389", "timestamp": "2026-08-07T12:24:09.092761Z", "trace_id": "770f615e7a47668f6fc8f0f68579670c"}
api-1       | {"claimed": 50, "event": "outbox_dispatch_batch_completed", "lease_lost": 0, "level": "info", "published": 50, "retry_scheduled": 0, "role": "outbox_dispatcher", "timestamp": "2026-08-07T12:24:09.900400Z"}
api-1       | INFO:     172.18.0.1:41518 - "GET /api/v1/runs/ee90b341-47bf-4dc8-85e7-b8725ec67dff HTTP/1.1" 200 OK
api-1       | {"api_key_prefix": "evk_5ec841b483bb", "duration_ms": 316.01, "event": "http_request_completed", "level": "info", "method": "GET", "outcome": "success", "path": "/api/v1/runs/ee90b341-47bf-4dc8-85e7-b8725ec67dff", "request_id": "814a5141-cfdf-4904-ae00-bbde1007bf4f", "status_code": 200, "tenant_id": "fdd68433-c86c-470c-8b57-cec8ffc3d389", "timestamp": "2026-08-07T12:24:09.911263Z", "trace_id": "87d2bb66f79b8b9d14bf9d28a7eabf6e"}
api-1       | {"claimed": 50, "event": "outbox_dispatch_batch_completed", "lease_lost": 0, "level": "info", "published": 50, "retry_scheduled": 0, "role": "outbox_dispatcher", "timestamp": "2026-08-07T12:24:10.771865Z"}
api-1       | INFO:     172.18.0.1:41518 - "GET /api/v1/runs/ee90b341-47bf-4dc8-85e7-b8725ec67dff HTTP/1.1" 200 OK
api-1       | {"api_key_prefix": "evk_5ec841b483bb", "duration_ms": 367.485, "event": "http_request_completed", "level": "info", "method": "GET", "outcome": "success", "path": "/api/v1/runs/ee90b341-47bf-4dc8-85e7-b8725ec67dff", "request_id": "b5d940ac-0e85-4553-aa5c-e44c3026a1fd", "status_code": 200, "tenant_id": "fdd68433-c86c-470c-8b57-cec8ffc3d389", "timestamp": "2026-08-07T12:24:10.781997Z", "trace_id": "62ee10be2f4c481d25c999b8bda0e389"}
api-1       | {"event": "Context impl PostgresqlImpl.", "level": "info", "request_id": "9456889c-cde0-42c5-81bd-64438bf253a9", "timestamp": "2026-08-07T12:24:11.749571Z", "trace_id": "44b2f456f0688c003ea958fc0df7daad"}
api-1       | {"event": "Will assume transactional DDL.", "level": "info", "request_id": "9456889c-cde0-42c5-81bd-64438bf253a9", "timestamp": "2026-08-07T12:24:11.749736Z", "trace_id": "44b2f456f0688c003ea958fc0df7daad"}
api-1       | {"claimed": 50, "event": "outbox_dispatch_batch_completed", "lease_lost": 0, "level": "info", "published": 50, "retry_scheduled": 0, "role": "outbox_dispatcher", "timestamp": "2026-08-07T12:24:11.807869Z"}
api-1       | INFO:     172.18.0.1:41518 - "GET /api/v1/runs/ee90b341-47bf-4dc8-85e7-b8725ec67dff HTTP/1.1" 200 OK
api-1       | {"api_key_prefix": "evk_5ec841b483bb", "duration_ms": 564.465, "event": "http_request_completed", "level": "info", "method": "GET", "outcome": "success", "path": "/api/v1/runs/ee90b341-47bf-4dc8-85e7-b8725ec67dff", "request_id": "dcd3052d-2f0a-4c0c-b607-cfc5883b74ef", "status_code": 200, "tenant_id": "fdd68433-c86c-470c-8b57-cec8ffc3d389", "timestamp": "2026-08-07T12:24:11.849628Z", "trace_id": "f813ef90c4569f77de8dce2805d8ec3d"}
api-1       | INFO:     127.0.0.1:36008 - "GET /health/ready HTTP/1.1" 200 OK
api-1       | {"duration_ms": 354.997, "event": "http_request_completed", "level": "info", "method": "GET", "outcome": "success", "path": "/health/ready", "request_id": "9456889c-cde0-42c5-81bd-64438bf253a9", "status_code": 200, "timestamp": "2026-08-07T12:24:11.852043Z", "trace_id": "44b2f456f0688c003ea958fc0df7daad"}
api-1       | {"claimed": 50, "event": "outbox_dispatch_batch_completed", "lease_lost": 0, "level": "info", "published": 50, "retry_scheduled": 0, "role": "outbox_dispatcher", "timestamp": "2026-08-07T12:24:12.688042Z"}
api-1       | INFO:     172.18.0.1:41518 - "GET /api/v1/runs/ee90b341-47bf-4dc8-85e7-b8725ec67dff HTTP/1.1" 200 OK
api-1       | {"api_key_prefix": "evk_5ec841b483bb", "duration_ms": 330.415, "event": "http_request_completed", "level": "info", "method": "GET", "outcome": "success", "path": "/api/v1/runs/ee90b341-47bf-4dc8-85e7-b8725ec67dff", "request_id": "863aea1f-f024-4faf-9392-36ed6e31d268", "status_code": 200, "tenant_id": "fdd68433-c86c-470c-8b57-cec8ffc3d389", "timestamp": "2026-08-07T12:24:12.696785Z", "trace_id": "4cbe79664f8536ee41f64ba6f2b8c807"}
api-1       | {"claimed": 50, "event": "outbox_dispatch_batch_completed", "lease_lost": 0, "level": "info", "published": 50, "retry_scheduled": 0, "role": "outbox_dispatcher", "timestamp": "2026-08-07T12:24:13.583574Z"}
api-1       | INFO:     172.18.0.1:41518 - "GET /api/v1/runs/ee90b341-47bf-4dc8-85e7-b8725ec67dff HTTP/1.1" 200 OK
api-1       | {"api_key_prefix": "evk_5ec841b483bb", "duration_ms": 399.857, "event": "http_request_completed", "level": "info", "method": "GET", "outcome": "success", "path": "/api/v1/runs/ee90b341-47bf-4dc8-85e7-b8725ec67dff", "request_id": "cbe9b955-314f-4fc4-87d2-ac98fd4ab39f", "status_code": 200, "tenant_id": "fdd68433-c86c-470c-8b57-cec8ffc3d389", "timestamp": "2026-08-07T12:24:13.600054Z", "trace_id": "4b0940d42e1dad9c630144ce2d1b05d2"}
api-1       | {"claimed": 50, "event": "outbox_dispatch_batch_completed", "lease_lost": 0, "level": "info", "published": 50, "retry_scheduled": 0, "role": "outbox_dispatcher", "timestamp": "2026-08-07T12:24:14.393006Z"}
api-1       | INFO:     172.18.0.1:41518 - "GET /api/v1/runs/ee90b341-47bf-4dc8-85e7-b8725ec67dff HTTP/1.1" 200 OK
api-1       | {"api_key_prefix": "evk_5ec841b483bb", "duration_ms": 295.921, "event": "http_request_completed", "level": "info", "method": "GET", "outcome": "success", "path": "/api/v1/runs/ee90b341-47bf-4dc8-85e7-b8725ec67dff", "request_id": "f84b7610-449c-4cdc-bff3-a24006708989", "status_code": 200, "tenant_id": "fdd68433-c86c-470c-8b57-cec8ffc3d389", "timestamp": "2026-08-07T12:24:14.399541Z", "trace_id": "0421c0f8139f4a19b12605aa60418f40"}
api-1       | {"claimed": 50, "event": "outbox_dispatch_batch_completed", "lease_lost": 0, "level": "info", "published": 50, "retry_scheduled": 0, "role": "outbox_dispatcher", "timestamp": "2026-08-07T12:24:15.274177Z"}
api-1       | INFO:     172.18.0.1:41518 - "GET /api/v1/runs/ee90b341-47bf-4dc8-85e7-b8725ec67dff HTTP/1.1" 200 OK
api-1       | {"api_key_prefix": "evk_5ec841b483bb", "duration_ms": 381.776, "event": "http_request_completed", "level": "info", "method": "GET", "outcome": "success", "path": "/api/v1/runs/ee90b341-47bf-4dc8-85e7-b8725ec67dff", "request_id": "f8e2b9ad-30c0-4d97-9547-95afce7d3fbd", "status_code": 200, "tenant_id": "fdd68433-c86c-470c-8b57-cec8ffc3d389", "timestamp": "2026-08-07T12:24:15.284899Z", "trace_id": "dd208fea6fac944e61b939a3e6cef7c4"}
api-1       | {"claimed": 50, "event": "outbox_dispatch_batch_completed", "lease_lost": 0, "level": "info", "published": 50, "retry_scheduled": 0, "role": "outbox_dispatcher", "timestamp": "2026-08-07T12:24:16.092669Z"}
api-1       | INFO:     172.18.0.1:41518 - "GET /api/v1/runs/ee90b341-47bf-4dc8-85e7-b8725ec67dff HTTP/1.1" 200 OK
api-1       | {"api_key_prefix": "evk_5ec841b483bb", "duration_ms": 320.716, "event": "http_request_completed", "level": "info", "method": "GET", "outcome": "success", "path": "/api/v1/runs/ee90b341-47bf-4dc8-85e7-b8725ec67dff", "request_id": "daaacd27-c651-4b72-ad0c-973ef60c9fbb", "status_code": 200, "tenant_id": "fdd68433-c86c-470c-8b57-cec8ffc3d389", "timestamp": "2026-08-07T12:24:16.111393Z", "trace_id": "095c8947a1b66940e4ea2415da9b2a4f"}
api-1       | {"claimed": 50, "event": "outbox_dispatch_batch_completed", "lease_lost": 0, "level": "info", "published": 50, "retry_scheduled": 0, "role": "outbox_dispatcher", "timestamp": "2026-08-07T12:24:16.799940Z"}
api-1       | INFO:     172.18.0.1:41518 - "GET /api/v1/runs/ee90b341-47bf-4dc8-85e7-b8725ec67dff HTTP/1.1" 200 OK
api-1       | {"api_key_prefix": "evk_5ec841b483bb", "duration_ms": 221.072, "event": "http_request_completed", "level": "info", "method": "GET", "outcome": "success", "path": "/api/v1/runs/ee90b341-47bf-4dc8-85e7-b8725ec67dff", "request_id": "73517a00-3141-4449-b383-5f3c7a098dd3", "status_code": 200, "tenant_id": "fdd68433-c86c-470c-8b57-cec8ffc3d389", "timestamp": "2026-08-07T12:24:16.853103Z", "trace_id": "1e54f5dda8073b2709f6c0ab2878b2d0"}
api-1       | {"event": "Context impl PostgresqlImpl.", "level": "info", "request_id": "70aea71d-4d02-43fc-a61d-93405d90d21e", "timestamp": "2026-08-07T12:24:17.168676Z", "trace_id": "7eb1d092834193419962a2327be7f907"}
api-1       | {"event": "Will assume transactional DDL.", "level": "info", "request_id": "70aea71d-4d02-43fc-a61d-93405d90d21e", "timestamp": "2026-08-07T12:24:17.168801Z", "trace_id": "7eb1d092834193419962a2327be7f907"}
api-1       | INFO:     127.0.0.1:36070 - "GET /health/ready HTTP/1.1" 200 OK
api-1       | {"duration_ms": 21.841, "event": "http_request_completed", "level": "info", "method": "GET", "outcome": "success", "path": "/health/ready", "request_id": "70aea71d-4d02-43fc-a61d-93405d90d21e", "status_code": 200, "timestamp": "2026-08-07T12:24:17.175422Z", "trace_id": "7eb1d092834193419962a2327be7f907"}
api-1       | {"claimed": 50, "event": "outbox_dispatch_batch_completed", "lease_lost": 0, "level": "info", "published": 50, "retry_scheduled": 0, "role": "outbox_dispatcher", "timestamp": "2026-08-07T12:24:17.572260Z"}
api-1       | INFO:     172.18.0.1:41518 - "GET /api/v1/runs/ee90b341-47bf-4dc8-85e7-b8725ec67dff HTTP/1.1" 200 OK
api-1       | {"api_key_prefix": "evk_5ec841b483bb", "duration_ms": 208.414, "event": "http_request_completed", "level": "info", "method": "GET", "outcome": "success", "path": "/api/v1/runs/ee90b341-47bf-4dc8-85e7-b8725ec67dff", "request_id": "aaf928c5-26c8-483c-ad64-4522300fe2dc", "status_code": 200, "tenant_id": "fdd68433-c86c-470c-8b57-cec8ffc3d389", "timestamp": "2026-08-07T12:24:17.582197Z", "trace_id": "5b1ef1e04521778b7d5fac3018ab94eb"}
api-1       | {"claimed": 50, "event": "outbox_dispatch_batch_completed", "lease_lost": 0, "level": "info", "published": 50, "retry_scheduled": 0, "role": "outbox_dispatcher", "timestamp": "2026-08-07T12:24:18.309977Z"}
api-1       | INFO:     172.18.0.1:41518 - "GET /api/v1/runs/ee90b341-47bf-4dc8-85e7-b8725ec67dff HTTP/1.1" 200 OK
api-1       | {"api_key_prefix": "evk_5ec841b483bb", "duration_ms": 231.456, "event": "http_request_completed", "level": "info", "method": "GET", "outcome": "success", "path": "/api/v1/runs/ee90b341-47bf-4dc8-85e7-b8725ec67dff", "request_id": "a4fecdd4-4a64-4a9e-b8fd-51ae594b7ade", "status_code": 200, "tenant_id": "fdd68433-c86c-470c-8b57-cec8ffc3d389", "timestamp": "2026-08-07T12:24:18.316943Z", "trace_id": "2c6907110fee67087344fdbe4a886a26"}
api-1       | INFO:     172.18.0.1:41518 - "GET /api/v1/runs/ee90b341-47bf-4dc8-85e7-b8725ec67dff/cases?limit=200&sort=case_id HTTP/1.1" 200 OK
api-1       | {"api_key_prefix": "evk_5ec841b483bb", "duration_ms": 73.042, "event": "http_request_completed", "level": "info", "method": "GET", "outcome": "success", "path": "/api/v1/runs/ee90b341-47bf-4dc8-85e7-b8725ec67dff/cases", "request_id": "a919e68c-0640-43d4-bc8b-fb4d82d67423", "status_code": 200, "tenant_id": "fdd68433-c86c-470c-8b57-cec8ffc3d389", "timestamp": "2026-08-07T12:24:18.391574Z", "trace_id": "57c1b17e44ae02c67a40b7673f80522c"}
api-1       | INFO:     172.18.0.1:41518 - "GET /api/v1/runs/ee90b341-47bf-4dc8-85e7-b8725ec67dff/cases?limit=200&sort=case_id&cursor=eyJkaXJlY3Rpb24iOiJhc2MiLCJlcnJvcl9jb2RlIjpudWxsLCJqb2JfaWQiOiJkZTljMzIyYy1kMDg3LTQzZjYtYmY3MC1mM2M4YzIyMTUzMjMiLCJtZXRyaWMiOm51bGwsInNvcnQiOiJjYXNlX2lkIiwic3RhdHVzIjpudWxsLCJ2IjoxLCJ2YWx1ZSI6ImxvYWQtMDE5OSJ9 HTTP/1.1" 200 OK
api-1       | {"api_key_prefix": "evk_5ec841b483bb", "duration_ms": 116.946, "event": "http_request_completed", "level": "info", "method": "GET", "outcome": "success", "path": "/api/v1/runs/ee90b341-47bf-4dc8-85e7-b8725ec67dff/cases", "request_id": "7e04708a-0aed-4d56-b3d8-78679fd8fba0", "status_code": 200, "tenant_id": "fdd68433-c86c-470c-8b57-cec8ffc3d389", "timestamp": "2026-08-07T12:24:18.511114Z", "trace_id": "6cdb941c0d4f52abee1a0ef05794941e"}
api-1       | INFO:     172.18.0.1:41518 - "GET /api/v1/runs/ee90b341-47bf-4dc8-85e7-b8725ec67dff/cases?limit=200&sort=case_id&cursor=eyJkaXJlY3Rpb24iOiJhc2MiLCJlcnJvcl9jb2RlIjpudWxsLCJqb2JfaWQiOiJlMjMwZDdjMi0wOGNiLTRmZWItYTZlNC0xZTAzMjg2YzVhMDIiLCJtZXRyaWMiOm51bGwsInNvcnQiOiJjYXNlX2lkIiwic3RhdHVzIjpudWxsLCJ2IjoxLCJ2YWx1ZSI6ImxvYWQtMDM5OSJ9 HTTP/1.1" 200 OK
api-1       | {"api_key_prefix": "evk_5ec841b483bb", "duration_ms": 61.924, "event": "http_request_completed", "level": "info", "method": "GET", "outcome": "success", "path": "/api/v1/runs/ee90b341-47bf-4dc8-85e7-b8725ec67dff/cases", "request_id": "b2ae27c8-431b-42ef-b82a-14e212c12c5f", "status_code": 200, "tenant_id": "fdd68433-c86c-470c-8b57-cec8ffc3d389", "timestamp": "2026-08-07T12:24:18.575532Z", "trace_id": "5129f14ea3b7b0027529786b5adb54c4"}
api-1       | {"claimed": 50, "event": "outbox_dispatch_batch_completed", "lease_lost": 0, "level": "info", "published": 50, "retry_scheduled": 0, "role": "outbox_dispatcher", "timestamp": "2026-08-07T12:24:19.149410Z"}
api-1       | INFO:     127.0.0.1:36084 - "GET /metrics HTTP/1.1" 200 OK
api-1       | {"duration_ms": 74.061, "event": "http_request_completed", "level": "info", "method": "GET", "outcome": "success", "path": "/metrics", "request_id": "eef7c0b4-8a02-40e7-8e09-ea5f915d7ded", "status_code": 200, "timestamp": "2026-08-07T12:24:19.161164Z", "trace_id": "ca94d5cccb9a1500901dd9790e064760"}
api-1       | {"claimed": 50, "event": "outbox_dispatch_batch_completed", "lease_lost": 0, "level": "info", "published": 50, "retry_scheduled": 0, "role": "outbox_dispatcher", "timestamp": "2026-08-07T12:24:19.881668Z"}
api-1       | {"claimed": 50, "event": "outbox_dispatch_batch_completed", "lease_lost": 0, "level": "info", "published": 50, "retry_scheduled": 0, "role": "outbox_dispatcher", "timestamp": "2026-08-07T12:24:20.598792Z"}
api-1       | {"claimed": 50, "event": "outbox_dispatch_batch_completed", "lease_lost": 0, "level": "info", "published": 50, "retry_scheduled": 0, "role": "outbox_dispatcher", "timestamp": "2026-08-07T12:24:21.291033Z"}
api-1       | {"claimed": 50, "event": "outbox_dispatch_batch_completed", "lease_lost": 0, "level": "info", "published": 50, "retry_scheduled": 0, "role": "outbox_dispatcher", "timestamp": "2026-08-07T12:24:22.027682Z"}
api-1       | {"event": "Context impl PostgresqlImpl.", "level": "info", "request_id": "156ca32d-586f-4100-bd27-9f5349cf35ec", "timestamp": "2026-08-07T12:24:22.972950Z", "trace_id": "9023183f1197af5450e34015952bc0f2"}
api-1       | {"event": "Will assume transactional DDL.", "level": "info", "request_id": "156ca32d-586f-4100-bd27-9f5349cf35ec", "timestamp": "2026-08-07T12:24:22.973350Z", "trace_id": "9023183f1197af5450e34015952bc0f2"}
api-1       | {"claimed": 50, "event": "outbox_dispatch_batch_completed", "lease_lost": 0, "level": "info", "published": 50, "retry_scheduled": 0, "role": "outbox_dispatcher", "timestamp": "2026-08-07T12:24:22.987479Z"}
api-1       | INFO:     127.0.0.1:33982 - "GET /health/ready HTTP/1.1" 200 OK
api-1       | {"duration_ms": 83.152, "event": "http_request_completed", "level": "info", "method": "GET", "outcome": "success", "path": "/health/ready", "request_id": "156ca32d-586f-4100-bd27-9f5349cf35ec", "status_code": 200, "timestamp": "2026-08-07T12:24:22.995114Z", "trace_id": "9023183f1197af5450e34015952bc0f2"}
api-1       | {"claimed": 50, "event": "outbox_dispatch_batch_completed", "lease_lost": 0, "level": "info", "published": 50, "retry_scheduled": 0, "role": "outbox_dispatcher", "timestamp": "2026-08-07T12:24:23.689524Z"}
api-1       | {"claimed": 50, "event": "outbox_dispatch_batch_completed", "lease_lost": 0, "level": "info", "published": 50, "retry_scheduled": 0, "role": "outbox_dispatcher", "timestamp": "2026-08-07T12:24:24.478583Z"}
api-1       | {"claimed": 50, "event": "outbox_dispatch_batch_completed", "lease_lost": 0, "level": "info", "published": 50, "retry_scheduled": 0, "role": "outbox_dispatcher", "timestamp": "2026-08-07T12:24:25.207120Z"}
api-1       | INFO:     172.18.0.1:54098 - "POST /api/v1/runs HTTP/1.1" 202 Accepted
api-1       | {"api_key_prefix": "evk_5ec841b483bb", "duration_ms": 84.147, "event": "http_request_completed", "level": "info", "method": "POST", "outcome": "success", "path": "/api/v1/runs", "request_id": "c668ec1a-419f-47d6-8b2a-eda143e4fb2c", "status_code": 202, "tenant_id": "fdd68433-c86c-470c-8b57-cec8ffc3d389", "timestamp": "2026-08-07T12:24:25.437473Z", "trace_id": "6a946fead3c5f24e5d369bca4deee12f"}
api-1       | INFO:     172.18.0.1:54098 - "GET /api/v1/runs/ba8eff47-33cc-4038-a234-824e06f3817b HTTP/1.1" 200 OK
api-1       | {"api_key_prefix": "evk_5ec841b483bb", "duration_ms": 56.277, "event": "http_request_completed", "level": "info", "method": "GET", "outcome": "success", "path": "/api/v1/runs/ba8eff47-33cc-4038-a234-824e06f3817b", "request_id": "4e897ba1-97a1-48fe-815c-894207392088", "status_code": 200, "tenant_id": "fdd68433-c86c-470c-8b57-cec8ffc3d389", "timestamp": "2026-08-07T12:24:25.495950Z", "trace_id": "bf3340e3a34da37e86dfd19fc90326f0"}
api-1       | {"claimed": 29, "event": "outbox_dispatch_batch_completed", "lease_lost": 0, "level": "info", "published": 29, "retry_scheduled": 0, "role": "outbox_dispatcher", "timestamp": "2026-08-07T12:24:25.889606Z"}
api-1       | INFO:     172.18.0.1:54098 - "GET /api/v1/runs/ba8eff47-33cc-4038-a234-824e06f3817b HTTP/1.1" 200 OK
api-1       | {"api_key_prefix": "evk_5ec841b483bb", "duration_ms": 63.283, "event": "http_request_completed", "level": "info", "method": "GET", "outcome": "success", "path": "/api/v1/runs/ba8eff47-33cc-4038-a234-824e06f3817b", "request_id": "30ddd113-99dc-4590-9973-7374a96ae3f3", "status_code": 200, "tenant_id": "fdd68433-c86c-470c-8b57-cec8ffc3d389", "timestamp": "2026-08-07T12:24:26.061948Z", "trace_id": "dcbc6900ed7c48bb9364a99f675bf1b4"}
api-1       | {"claimed": 50, "event": "outbox_dispatch_batch_completed", "lease_lost": 0, "level": "info", "published": 50, "retry_scheduled": 0, "role": "outbox_dispatcher", "timestamp": "2026-08-07T12:24:26.614444Z"}
api-1       | INFO:     172.18.0.1:54098 - "GET /api/v1/runs/ba8eff47-33cc-4038-a234-824e06f3817b HTTP/1.1" 200 OK
api-1       | {"api_key_prefix": "evk_5ec841b483bb", "duration_ms": 104.523, "event": "http_request_completed", "level": "info", "method": "GET", "outcome": "success", "path": "/api/v1/runs/ba8eff47-33cc-4038-a234-824e06f3817b", "request_id": "40126659-81b5-4ba5-834a-a64f46602ebb", "status_code": 200, "tenant_id": "fdd68433-c86c-470c-8b57-cec8ffc3d389", "timestamp": "2026-08-07T12:24:26.669060Z", "trace_id": "d5a166189d2e3fab2fb938fe866eea45"}
api-1       | {"claimed": 29, "event": "outbox_dispatch_batch_completed", "lease_lost": 0, "level": "info", "published": 29, "retry_scheduled": 0, "role": "outbox_dispatcher", "timestamp": "2026-08-07T12:24:27.277704Z"}
api-1       | INFO:     172.18.0.1:54098 - "GET /api/v1/runs/ba8eff47-33cc-4038-a234-824e06f3817b HTTP/1.1" 200 OK
api-1       | {"api_key_prefix": "evk_5ec841b483bb", "duration_ms": 134.725, "event": "http_request_completed", "level": "info", "method": "GET", "outcome": "success", "path": "/api/v1/runs/ba8eff47-33cc-4038-a234-824e06f3817b", "request_id": "3faf5893-2986-41b8-aa70-cea230a674f1", "status_code": 200, "tenant_id": "fdd68433-c86c-470c-8b57-cec8ffc3d389", "timestamp": "2026-08-07T12:24:27.326376Z", "trace_id": "b92698ef6d507c23fe4493c1d5a3ea5a"}
api-1       | INFO:     172.18.0.1:54098 - "GET /api/v1/runs/ba8eff47-33cc-4038-a234-824e06f3817b/cases?limit=200&sort=case_id HTTP/1.1" 200 OK
api-1       | {"api_key_prefix": "evk_5ec841b483bb", "duration_ms": 61.045, "event": "http_request_completed", "level": "info", "method": "GET", "outcome": "success", "path": "/api/v1/runs/ba8eff47-33cc-4038-a234-824e06f3817b/cases", "request_id": "40cac485-d8b1-403f-8e9b-b3bbd4a3aed1", "status_code": 200, "tenant_id": "fdd68433-c86c-470c-8b57-cec8ffc3d389", "timestamp": "2026-08-07T12:24:27.389089Z", "trace_id": "17cf54c2e1a4830dafa4b30d83b8aacd"}
api-1       | INFO:     127.0.0.1:34030 - "GET /metrics HTTP/1.1" 200 OK
api-1       | {"duration_ms": 12.021, "event": "http_request_completed", "level": "info", "method": "GET", "outcome": "success", "path": "/metrics", "request_id": "bd7bb17c-5c9a-4299-b14b-cdaf091c20fa", "status_code": 200, "timestamp": "2026-08-07T12:24:27.786945Z", "trace_id": "a593829126e47004c6aac55ebb681857"}
api-1       | {"event": "Context impl PostgresqlImpl.", "level": "info", "request_id": "2fd79b6c-6be1-40f0-b3d3-c48d85f7b7cd", "timestamp": "2026-08-07T12:24:28.341180Z", "trace_id": "c80114508e66b3e502b23c4e0ecb6655"}
api-1       | {"event": "Will assume transactional DDL.", "level": "info", "request_id": "2fd79b6c-6be1-40f0-b3d3-c48d85f7b7cd", "timestamp": "2026-08-07T12:24:28.341311Z", "trace_id": "c80114508e66b3e502b23c4e0ecb6655"}
api-1       | INFO:     127.0.0.1:34032 - "GET /health/ready HTTP/1.1" 200 OK
api-1       | {"duration_ms": 26.595, "event": "http_request_completed", "level": "info", "method": "GET", "outcome": "success", "path": "/health/ready", "request_id": "2fd79b6c-6be1-40f0-b3d3-c48d85f7b7cd", "status_code": 200, "timestamp": "2026-08-07T12:24:28.351165Z", "trace_id": "c80114508e66b3e502b23c4e0ecb6655"}
api-1       | INFO:     172.18.0.1:54098 - "POST /api/v1/runs HTTP/1.1" 202 Accepted
api-1       | {"api_key_prefix": "evk_5ec841b483bb", "duration_ms": 251.293, "event": "http_request_completed", "level": "info", "method": "POST", "outcome": "success", "path": "/api/v1/runs", "request_id": "a7bf6ad9-7d9a-4544-8083-4cbb6ec0ba41", "status_code": 202, "tenant_id": "fdd68433-c86c-470c-8b57-cec8ffc3d389", "timestamp": "2026-08-07T12:24:28.957122Z", "trace_id": "e9f8828dc69732091f6e1ad281af8996"}
api-1       | INFO:     172.18.0.1:54098 - "GET /api/v1/runs/4de4b11b-35f3-4ae7-a91b-7da827a66b97 HTTP/1.1" 200 OK
api-1       | {"api_key_prefix": "evk_5ec841b483bb", "duration_ms": 49.627, "event": "http_request_completed", "level": "info", "method": "GET", "outcome": "success", "path": "/api/v1/runs/4de4b11b-35f3-4ae7-a91b-7da827a66b97", "request_id": "ac25d66a-d1f6-45f4-8262-6e534ace82ec", "status_code": 200, "tenant_id": "fdd68433-c86c-470c-8b57-cec8ffc3d389", "timestamp": "2026-08-07T12:24:29.008358Z", "trace_id": "ad9604f07be3eefee6d1872c10291542"}
api-1       | {"claimed": 27, "event": "outbox_dispatch_batch_completed", "lease_lost": 0, "level": "info", "published": 27, "retry_scheduled": 0, "role": "outbox_dispatcher", "timestamp": "2026-08-07T12:24:29.589383Z"}
api-1       | INFO:     172.18.0.1:54098 - "GET /api/v1/runs/4de4b11b-35f3-4ae7-a91b-7da827a66b97 HTTP/1.1" 200 OK
api-1       | {"api_key_prefix": "evk_5ec841b483bb", "duration_ms": 132.592, "event": "http_request_completed", "level": "info", "method": "GET", "outcome": "success", "path": "/api/v1/runs/4de4b11b-35f3-4ae7-a91b-7da827a66b97", "request_id": "b0b3725c-6b47-4987-beb8-b6f181ba20f1", "status_code": 200, "tenant_id": "fdd68433-c86c-470c-8b57-cec8ffc3d389", "timestamp": "2026-08-07T12:24:29.644725Z", "trace_id": "309cebcb91ced89fb44c36fd190d6d5f"}
api-1       | {"claimed": 50, "event": "outbox_dispatch_batch_completed", "lease_lost": 0, "level": "info", "published": 50, "retry_scheduled": 0, "role": "outbox_dispatcher", "timestamp": "2026-08-07T12:24:30.315269Z"}
api-1       | INFO:     172.18.0.1:54098 - "GET /api/v1/runs/4de4b11b-35f3-4ae7-a91b-7da827a66b97 HTTP/1.1" 200 OK
api-1       | {"api_key_prefix": "evk_5ec841b483bb", "duration_ms": 211.933, "event": "http_request_completed", "level": "info", "method": "GET", "outcome": "success", "path": "/api/v1/runs/4de4b11b-35f3-4ae7-a91b-7da827a66b97", "request_id": "5e722345-9791-4f33-8503-a2bbf27d3798", "status_code": 200, "tenant_id": "fdd68433-c86c-470c-8b57-cec8ffc3d389", "timestamp": "2026-08-07T12:24:30.376672Z", "trace_id": "a9d861b24f8fda3c4baa30b395f295f7"}
api-1       | {"claimed": 50, "event": "outbox_dispatch_batch_completed", "lease_lost": 0, "level": "info", "published": 50, "retry_scheduled": 0, "role": "outbox_dispatcher", "timestamp": "2026-08-07T12:24:31.076182Z"}
api-1       | INFO:     172.18.0.1:54098 - "GET /api/v1/runs/4de4b11b-35f3-4ae7-a91b-7da827a66b97 HTTP/1.1" 200 OK
api-1       | {"api_key_prefix": "evk_5ec841b483bb", "duration_ms": 232.79, "event": "http_request_completed", "level": "info", "method": "GET", "outcome": "success", "path": "/api/v1/runs/4de4b11b-35f3-4ae7-a91b-7da827a66b97", "request_id": "a9168f81-92e7-49ab-ba9c-9c09503b4709", "status_code": 200, "tenant_id": "fdd68433-c86c-470c-8b57-cec8ffc3d389", "timestamp": "2026-08-07T12:24:31.132351Z", "trace_id": "ba969ab5a33107473d35436f5a15fc0c"}
api-1       | {"claimed": 50, "event": "outbox_dispatch_batch_completed", "lease_lost": 0, "level": "info", "published": 50, "retry_scheduled": 0, "role": "outbox_dispatcher", "timestamp": "2026-08-07T12:24:31.812919Z"}
api-1       | INFO:     172.18.0.1:54098 - "GET /api/v1/runs/4de4b11b-35f3-4ae7-a91b-7da827a66b97 HTTP/1.1" 200 OK
api-1       | {"api_key_prefix": "evk_5ec841b483bb", "duration_ms": 231.704, "event": "http_request_completed", "level": "info", "method": "GET", "outcome": "success", "path": "/api/v1/runs/4de4b11b-35f3-4ae7-a91b-7da827a66b97", "request_id": "d1328c0a-f15a-4688-88b8-5cea98d6425c", "status_code": 200, "tenant_id": "fdd68433-c86c-470c-8b57-cec8ffc3d389", "timestamp": "2026-08-07T12:24:31.884731Z", "trace_id": "33e6dc032aaff9bdf7c7b58382efb17c"}
api-1       | {"claimed": 50, "event": "outbox_dispatch_batch_completed", "lease_lost": 0, "level": "info", "published": 50, "retry_scheduled": 0, "role": "outbox_dispatcher", "timestamp": "2026-08-07T12:24:32.534636Z"}
api-1       | INFO:     172.18.0.1:54098 - "GET /api/v1/runs/4de4b11b-35f3-4ae7-a91b-7da827a66b97 HTTP/1.1" 200 OK
api-1       | {"api_key_prefix": "evk_5ec841b483bb", "duration_ms": 242.289, "event": "http_request_completed", "level": "info", "method": "GET", "outcome": "success", "path": "/api/v1/runs/4de4b11b-35f3-4ae7-a91b-7da827a66b97", "request_id": "82674861-f363-4c9a-90d1-d8856b3b1964", "status_code": 200, "tenant_id": "fdd68433-c86c-470c-8b57-cec8ffc3d389", "timestamp": "2026-08-07T12:24:32.634341Z", "trace_id": "50427aea4d53bcee09157b4a48a9cc97"}
api-1       | {"claimed": 50, "event": "outbox_dispatch_batch_completed", "lease_lost": 0, "level": "info", "published": 50, "retry_scheduled": 0, "role": "outbox_dispatcher", "timestamp": "2026-08-07T12:24:33.330532Z"}
api-1       | INFO:     172.18.0.1:54098 - "GET /api/v1/runs/4de4b11b-35f3-4ae7-a91b-7da827a66b97 HTTP/1.1" 200 OK
api-1       | {"api_key_prefix": "evk_5ec841b483bb", "duration_ms": 296.744, "event": "http_request_completed", "level": "info", "method": "GET", "outcome": "success", "path": "/api/v1/runs/4de4b11b-35f3-4ae7-a91b-7da827a66b97", "request_id": "785d2800-e1be-4064-96a6-142d341b0188", "status_code": 200, "tenant_id": "fdd68433-c86c-470c-8b57-cec8ffc3d389", "timestamp": "2026-08-07T12:24:33.438710Z", "trace_id": "88f4e6883076285facc9e71170a7241e"}
api-1       | {"event": "Context impl PostgresqlImpl.", "level": "info", "request_id": "030b3389-3f27-4860-89ac-2d224bd67cf2", "timestamp": "2026-08-07T12:24:33.751134Z", "trace_id": "12831a72fa758fbc4ab13533119ed879"}
api-1       | {"event": "Will assume transactional DDL.", "level": "info", "request_id": "030b3389-3f27-4860-89ac-2d224bd67cf2", "timestamp": "2026-08-07T12:24:33.751299Z", "trace_id": "12831a72fa758fbc4ab13533119ed879"}
api-1       | INFO:     127.0.0.1:53140 - "GET /health/ready HTTP/1.1" 200 OK
api-1       | {"duration_ms": 27.659, "event": "http_request_completed", "level": "info", "method": "GET", "outcome": "success", "path": "/health/ready", "request_id": "030b3389-3f27-4860-89ac-2d224bd67cf2", "status_code": 200, "timestamp": "2026-08-07T12:24:33.762129Z", "trace_id": "12831a72fa758fbc4ab13533119ed879"}
api-1       | {"claimed": 50, "event": "outbox_dispatch_batch_completed", "lease_lost": 0, "level": "info", "published": 50, "retry_scheduled": 0, "role": "outbox_dispatcher", "timestamp": "2026-08-07T12:24:34.044805Z"}
api-1       | INFO:     172.18.0.1:54098 - "GET /api/v1/runs/4de4b11b-35f3-4ae7-a91b-7da827a66b97 HTTP/1.1" 200 OK
api-1       | {"api_key_prefix": "evk_5ec841b483bb", "duration_ms": 126.669, "event": "http_request_completed", "level": "info", "method": "GET", "outcome": "success", "path": "/api/v1/runs/4de4b11b-35f3-4ae7-a91b-7da827a66b97", "request_id": "2fe19b51-a891-472b-b9e3-e1df1b16a8c2", "status_code": 200, "tenant_id": "fdd68433-c86c-470c-8b57-cec8ffc3d389", "timestamp": "2026-08-07T12:24:34.085512Z", "trace_id": "d98d60352e447746aa8e63751e789a2e"}
api-1       | {"claimed": 50, "event": "outbox_dispatch_batch_completed", "lease_lost": 0, "level": "info", "published": 50, "retry_scheduled": 0, "role": "outbox_dispatcher", "timestamp": "2026-08-07T12:24:34.776629Z"}
api-1       | INFO:     172.18.0.1:54098 - "GET /api/v1/runs/4de4b11b-35f3-4ae7-a91b-7da827a66b97 HTTP/1.1" 200 OK
api-1       | {"api_key_prefix": "evk_5ec841b483bb", "duration_ms": 221.58, "event": "http_request_completed", "level": "info", "method": "GET", "outcome": "success", "path": "/api/v1/runs/4de4b11b-35f3-4ae7-a91b-7da827a66b97", "request_id": "91799d7a-4a6d-4585-8206-b3e8548150f2", "status_code": 200, "tenant_id": "fdd68433-c86c-470c-8b57-cec8ffc3d389", "timestamp": "2026-08-07T12:24:34.840051Z", "trace_id": "caefb52e6bb4da1e800b3947428f2acf"}
api-1       | {"claimed": 50, "event": "outbox_dispatch_batch_completed", "lease_lost": 0, "level": "info", "published": 50, "retry_scheduled": 0, "role": "outbox_dispatcher", "timestamp": "2026-08-07T12:24:35.571670Z"}
api-1       | INFO:     172.18.0.1:54098 - "GET /api/v1/runs/4de4b11b-35f3-4ae7-a91b-7da827a66b97 HTTP/1.1" 200 OK
api-1       | {"api_key_prefix": "evk_5ec841b483bb", "duration_ms": 233.435, "event": "http_request_completed", "level": "info", "method": "GET", "outcome": "success", "path": "/api/v1/runs/4de4b11b-35f3-4ae7-a91b-7da827a66b97", "request_id": "c44379d6-4edc-4785-86ee-ebdc0d0239c1", "status_code": 200, "tenant_id": "fdd68433-c86c-470c-8b57-cec8ffc3d389", "timestamp": "2026-08-07T12:24:35.638193Z", "trace_id": "2fce6698cab408422c40ae8577e6fbfc"}
api-1       | {"claimed": 50, "event": "outbox_dispatch_batch_completed", "lease_lost": 0, "level": "info", "published": 50, "retry_scheduled": 0, "role": "outbox_dispatcher", "timestamp": "2026-08-07T12:24:36.311178Z"}
api-1       | INFO:     172.18.0.1:54098 - "GET /api/v1/runs/4de4b11b-35f3-4ae7-a91b-7da827a66b97 HTTP/1.1" 200 OK
api-1       | {"api_key_prefix": "evk_5ec841b483bb", "duration_ms": 233.524, "event": "http_request_completed", "level": "info", "method": "GET", "outcome": "success", "path": "/api/v1/runs/4de4b11b-35f3-4ae7-a91b-7da827a66b97", "request_id": "4add9dfe-ff4c-4d89-b39b-f54fe4fc6765", "status_code": 200, "tenant_id": "fdd68433-c86c-470c-8b57-cec8ffc3d389", "timestamp": "2026-08-07T12:24:36.378935Z", "trace_id": "c8a8a48a9758731718cb4e4d829c8cce"}
api-1       | {"claimed": 50, "event": "outbox_dispatch_batch_completed", "lease_lost": 0, "level": "info", "published": 50, "retry_scheduled": 0, "role": "outbox_dispatcher", "timestamp": "2026-08-07T12:24:37.027346Z"}
api-1       | INFO:     172.18.0.1:54098 - "GET /api/v1/runs/4de4b11b-35f3-4ae7-a91b-7da827a66b97 HTTP/1.1" 200 OK
api-1       | {"api_key_prefix": "evk_5ec841b483bb", "duration_ms": 202.384, "event": "http_request_completed", "level": "info", "method": "GET", "outcome": "success", "path": "/api/v1/runs/4de4b11b-35f3-4ae7-a91b-7da827a66b97", "request_id": "5903864c-2162-4e27-a8e7-5e65deba3514", "status_code": 200, "tenant_id": "fdd68433-c86c-470c-8b57-cec8ffc3d389", "timestamp": "2026-08-07T12:24:37.087949Z", "trace_id": "2400cfd9a6619b4f03ab16f6af52efaf"}
api-1       | {"claimed": 50, "event": "outbox_dispatch_batch_completed", "lease_lost": 0, "level": "info", "published": 50, "retry_scheduled": 0, "role": "outbox_dispatcher", "timestamp": "2026-08-07T12:24:37.730993Z"}
api-1       | INFO:     172.18.0.1:54098 - "GET /api/v1/runs/4de4b11b-35f3-4ae7-a91b-7da827a66b97 HTTP/1.1" 200 OK
api-1       | {"api_key_prefix": "evk_5ec841b483bb", "duration_ms": 235.348, "event": "http_request_completed", "level": "info", "method": "GET", "outcome": "success", "path": "/api/v1/runs/4de4b11b-35f3-4ae7-a91b-7da827a66b97", "request_id": "f6bbad47-260a-493a-ba23-4fba6fc12328", "status_code": 200, "tenant_id": "fdd68433-c86c-470c-8b57-cec8ffc3d389", "timestamp": "2026-08-07T12:24:37.838349Z", "trace_id": "346a2bb15ba97fa1498cf76bb96d3e76"}
api-1       | {"claimed": 50, "event": "outbox_dispatch_batch_completed", "lease_lost": 0, "level": "info", "published": 50, "retry_scheduled": 0, "role": "outbox_dispatcher", "timestamp": "2026-08-07T12:24:38.438306Z"}
api-1       | INFO:     172.18.0.1:54098 - "GET /api/v1/runs/4de4b11b-35f3-4ae7-a91b-7da827a66b97 HTTP/1.1" 200 OK
api-1       | {"api_key_prefix": "evk_5ec841b483bb", "duration_ms": 180.495, "event": "http_request_completed", "level": "info", "method": "GET", "outcome": "success", "path": "/api/v1/runs/4de4b11b-35f3-4ae7-a91b-7da827a66b97", "request_id": "0762fbbe-4c35-452c-9683-a778e33170cc", "status_code": 200, "tenant_id": "fdd68433-c86c-470c-8b57-cec8ffc3d389", "timestamp": "2026-08-07T12:24:38.535597Z", "trace_id": "435df4540fcd11457a36a5bd20a3d1f0"}
api-1       | {"event": "Context impl PostgresqlImpl.", "level": "info", "request_id": "0394b077-f361-4716-bd81-da09532436ff", "timestamp": "2026-08-07T12:24:39.336148Z", "trace_id": "c68e3aebcdcb47856b87ad53f3ee1b57"}
api-1       | {"event": "Will assume transactional DDL.", "level": "info", "request_id": "0394b077-f361-4716-bd81-da09532436ff", "timestamp": "2026-08-07T12:24:39.336292Z", "trace_id": "c68e3aebcdcb47856b87ad53f3ee1b57"}
api-1       | INFO:     127.0.0.1:53154 - "GET /health/ready HTTP/1.1" 200 OK
api-1       | {"duration_ms": 91.872, "event": "http_request_completed", "level": "info", "method": "GET", "outcome": "success", "path": "/health/ready", "request_id": "0394b077-f361-4716-bd81-da09532436ff", "status_code": 200, "timestamp": "2026-08-07T12:24:39.360113Z", "trace_id": "c68e3aebcdcb47856b87ad53f3ee1b57"}
api-1       | {"claimed": 50, "event": "outbox_dispatch_batch_completed", "lease_lost": 0, "level": "info", "published": 50, "retry_scheduled": 0, "role": "outbox_dispatcher", "timestamp": "2026-08-07T12:24:39.361365Z"}
api-1       | INFO:     172.18.0.1:54098 - "GET /api/v1/runs/4de4b11b-35f3-4ae7-a91b-7da827a66b97 HTTP/1.1" 200 OK
api-1       | {"api_key_prefix": "evk_5ec841b483bb", "duration_ms": 371.992, "event": "http_request_completed", "level": "info", "method": "GET", "outcome": "success", "path": "/api/v1/runs/4de4b11b-35f3-4ae7-a91b-7da827a66b97", "request_id": "b053864c-a27c-4860-a96a-cfb4650e585d", "status_code": 200, "tenant_id": "fdd68433-c86c-470c-8b57-cec8ffc3d389", "timestamp": "2026-08-07T12:24:39.433720Z", "trace_id": "2f75098f0a2626b39dcfeb90ef5c3b59"}
api-1       | {"claimed": 50, "event": "outbox_dispatch_batch_completed", "lease_lost": 0, "level": "info", "published": 50, "retry_scheduled": 0, "role": "outbox_dispatcher", "timestamp": "2026-08-07T12:24:40.118852Z"}
api-1       | INFO:     172.18.0.1:54098 - "GET /api/v1/runs/4de4b11b-35f3-4ae7-a91b-7da827a66b97 HTTP/1.1" 200 OK
api-1       | {"api_key_prefix": "evk_5ec841b483bb", "duration_ms": 225.24, "event": "http_request_completed", "level": "info", "method": "GET", "outcome": "success", "path": "/api/v1/runs/4de4b11b-35f3-4ae7-a91b-7da827a66b97", "request_id": "acff1816-7e44-4b1c-8fa6-f99efb5315f0", "status_code": 200, "tenant_id": "fdd68433-c86c-470c-8b57-cec8ffc3d389", "timestamp": "2026-08-07T12:24:40.180772Z", "trace_id": "55d1989dbcf001b24b14f047db07fab6"}
api-1       | {"claimed": 50, "event": "outbox_dispatch_batch_completed", "lease_lost": 0, "level": "info", "published": 50, "retry_scheduled": 0, "role": "outbox_dispatcher", "timestamp": "2026-08-07T12:24:40.827288Z"}
api-1       | INFO:     172.18.0.1:54098 - "GET /api/v1/runs/4de4b11b-35f3-4ae7-a91b-7da827a66b97 HTTP/1.1" 200 OK
api-1       | {"api_key_prefix": "evk_5ec841b483bb", "duration_ms": 193.783, "event": "http_request_completed", "level": "info", "method": "GET", "outcome": "success", "path": "/api/v1/runs/4de4b11b-35f3-4ae7-a91b-7da827a66b97", "request_id": "11fde4c6-c4e6-4361-8ad1-66d3ecc414dc", "status_code": 200, "tenant_id": "fdd68433-c86c-470c-8b57-cec8ffc3d389", "timestamp": "2026-08-07T12:24:40.884213Z", "trace_id": "ca55e6805202562543d2502730497bb6"}
api-1       | {"claimed": 50, "event": "outbox_dispatch_batch_completed", "lease_lost": 0, "level": "info", "published": 50, "retry_scheduled": 0, "role": "outbox_dispatcher", "timestamp": "2026-08-07T12:24:41.531606Z"}
api-1       | INFO:     172.18.0.1:54098 - "GET /api/v1/runs/4de4b11b-35f3-4ae7-a91b-7da827a66b97 HTTP/1.1" 200 OK
api-1       | {"api_key_prefix": "evk_5ec841b483bb", "duration_ms": 187.616, "event": "http_request_completed", "level": "info", "method": "GET", "outcome": "success", "path": "/api/v1/runs/4de4b11b-35f3-4ae7-a91b-7da827a66b97", "request_id": "e8cf0044-ac68-43f7-9702-0a53971f0244", "status_code": 200, "tenant_id": "fdd68433-c86c-470c-8b57-cec8ffc3d389", "timestamp": "2026-08-07T12:24:41.591945Z", "trace_id": "cb0bfff0d6cca6dd9b89fef2e977f971"}
api-1       | {"claimed": 50, "event": "outbox_dispatch_batch_completed", "lease_lost": 0, "level": "info", "published": 50, "retry_scheduled": 0, "role": "outbox_dispatcher", "timestamp": "2026-08-07T12:24:42.304385Z"}
api-1       | INFO:     172.18.0.1:54098 - "GET /api/v1/runs/4de4b11b-35f3-4ae7-a91b-7da827a66b97 HTTP/1.1" 200 OK
api-1       | {"api_key_prefix": "evk_5ec841b483bb", "duration_ms": 219.278, "event": "http_request_completed", "level": "info", "method": "GET", "outcome": "success", "path": "/api/v1/runs/4de4b11b-35f3-4ae7-a91b-7da827a66b97", "request_id": "9abf8ecd-3cb4-4679-9cae-e69c9ea3896f", "status_code": 200, "tenant_id": "fdd68433-c86c-470c-8b57-cec8ffc3d389", "timestamp": "2026-08-07T12:24:42.360086Z", "trace_id": "8a0f5434dd21199b56e61f63799a079f"}
api-1       | {"claimed": 50, "event": "outbox_dispatch_batch_completed", "lease_lost": 0, "level": "info", "published": 50, "retry_scheduled": 0, "role": "outbox_dispatcher", "timestamp": "2026-08-07T12:24:43.013300Z"}
api-1       | INFO:     172.18.0.1:54098 - "GET /api/v1/runs/4de4b11b-35f3-4ae7-a91b-7da827a66b97 HTTP/1.1" 200 OK
api-1       | {"api_key_prefix": "evk_5ec841b483bb", "duration_ms": 191.317, "event": "http_request_completed", "level": "info", "method": "GET", "outcome": "success", "path": "/api/v1/runs/4de4b11b-35f3-4ae7-a91b-7da827a66b97", "request_id": "3a5822fe-e53e-444b-be40-5ba36a4b859e", "status_code": 200, "tenant_id": "fdd68433-c86c-470c-8b57-cec8ffc3d389", "timestamp": "2026-08-07T12:24:43.066625Z", "trace_id": "ef7f08e670075c6154fb4b0c7a2e2d29"}
api-1       | INFO:     172.18.0.1:54098 - "GET /api/v1/runs/4de4b11b-35f3-4ae7-a91b-7da827a66b97/cases?limit=200&sort=case_id HTTP/1.1" 200 OK
api-1       | {"api_key_prefix": "evk_5ec841b483bb", "duration_ms": 72.01, "event": "http_request_completed", "level": "info", "method": "GET", "outcome": "success", "path": "/api/v1/runs/4de4b11b-35f3-4ae7-a91b-7da827a66b97/cases", "request_id": "2d7d4456-cb8d-411f-8edc-14b691a9eb83", "status_code": 200, "tenant_id": "fdd68433-c86c-470c-8b57-cec8ffc3d389", "timestamp": "2026-08-07T12:24:43.140341Z", "trace_id": "1c7af1cfe12983974122afdc0eec1485"}
api-1       | INFO:     172.18.0.1:54098 - "GET /api/v1/runs/4de4b11b-35f3-4ae7-a91b-7da827a66b97/cases?limit=200&sort=case_id&cursor=eyJkaXJlY3Rpb24iOiJhc2MiLCJlcnJvcl9jb2RlIjpudWxsLCJqb2JfaWQiOiI4NGRmYmI2NC1hZDdjLTRhMDYtYTcyZi0xN2RmODY0NzRiYjMiLCJtZXRyaWMiOm51bGwsInNvcnQiOiJjYXNlX2lkIiwic3RhdHVzIjpudWxsLCJ2IjoxLCJ2YWx1ZSI6ImxvYWQtMDE5OSJ9 HTTP/1.1" 200 OK
api-1       | {"api_key_prefix": "evk_5ec841b483bb", "duration_ms": 77.25, "event": "http_request_completed", "level": "info", "method": "GET", "outcome": "success", "path": "/api/v1/runs/4de4b11b-35f3-4ae7-a91b-7da827a66b97/cases", "request_id": "5416812f-73d7-4bfd-9ff5-73a6cf021950", "status_code": 200, "tenant_id": "fdd68433-c86c-470c-8b57-cec8ffc3d389", "timestamp": "2026-08-07T12:24:43.220224Z", "trace_id": "c2099df44ff3f63007e02fd69e106018"}
api-1       | INFO:     172.18.0.1:54098 - "GET /api/v1/runs/4de4b11b-35f3-4ae7-a91b-7da827a66b97/cases?limit=200&sort=case_id&cursor=eyJkaXJlY3Rpb24iOiJhc2MiLCJlcnJvcl9jb2RlIjpudWxsLCJqb2JfaWQiOiJkMWZkNjk1Ny1kNmNlLTQxNzktOTAwOC0xOTJiYzQ2NzM3YWUiLCJtZXRyaWMiOm51bGwsInNvcnQiOiJjYXNlX2lkIiwic3RhdHVzIjpudWxsLCJ2IjoxLCJ2YWx1ZSI6ImxvYWQtMDM5OSJ9 HTTP/1.1" 200 OK
api-1       | {"api_key_prefix": "evk_5ec841b483bb", "duration_ms": 80.154, "event": "http_request_completed", "level": "info", "method": "GET", "outcome": "success", "path": "/api/v1/runs/4de4b11b-35f3-4ae7-a91b-7da827a66b97/cases", "request_id": "38875312-15b0-4775-928a-8b201e90ce47", "status_code": 200, "tenant_id": "fdd68433-c86c-470c-8b57-cec8ffc3d389", "timestamp": "2026-08-07T12:24:43.303527Z", "trace_id": "a50df1cf14802e0ac0449e2363914d97"}
api-1       | {"claimed": 50, "event": "outbox_dispatch_batch_completed", "lease_lost": 0, "level": "info", "published": 50, "retry_scheduled": 0, "role": "outbox_dispatcher", "timestamp": "2026-08-07T12:24:43.943440Z"}
api-1       | INFO:     127.0.0.1:50854 - "GET /metrics HTTP/1.1" 200 OK
api-1       | {"duration_ms": 18.622, "event": "http_request_completed", "level": "info", "method": "GET", "outcome": "success", "path": "/metrics", "request_id": "1e40f553-5226-430e-a38d-5d23e9bb7b6c", "status_code": 200, "timestamp": "2026-08-07T12:24:43.972916Z", "trace_id": "40eafbb3ba0bfedec82b538ceb93b063"}
api-1       | {"claimed": 50, "event": "outbox_dispatch_batch_completed", "lease_lost": 0, "level": "info", "published": 50, "retry_scheduled": 0, "role": "outbox_dispatcher", "timestamp": "2026-08-07T12:24:44.886690Z"}
api-1       | {"event": "Context impl PostgresqlImpl.", "level": "info", "request_id": "15f3be52-4944-4ba6-bece-b4b2e249e2a5", "timestamp": "2026-08-07T12:24:44.969548Z", "trace_id": "119959969f282c6650c3a003c417c3c3"}
api-1       | {"event": "Will assume transactional DDL.", "level": "info", "request_id": "15f3be52-4944-4ba6-bece-b4b2e249e2a5", "timestamp": "2026-08-07T12:24:44.969683Z", "trace_id": "119959969f282c6650c3a003c417c3c3"}
api-1       | INFO:     127.0.0.1:50880 - "GET /health/ready HTTP/1.1" 200 OK
api-1       | {"duration_ms": 24.15, "event": "http_request_completed", "level": "info", "method": "GET", "outcome": "success", "path": "/health/ready", "request_id": "15f3be52-4944-4ba6-bece-b4b2e249e2a5", "status_code": 200, "timestamp": "2026-08-07T12:24:44.976409Z", "trace_id": "119959969f282c6650c3a003c417c3c3"}
api-1       | {"claimed": 25, "event": "outbox_dispatch_batch_completed", "lease_lost": 0, "level": "info", "published": 25, "retry_scheduled": 0, "role": "outbox_dispatcher", "timestamp": "2026-08-07T12:24:45.505307Z"}
api-1       | INFO:     172.18.0.1:37502 - "POST /api/v1/runs HTTP/1.1" 202 Accepted
api-1       | {"api_key_prefix": "evk_5ec841b483bb", "duration_ms": 116.556, "event": "http_request_completed", "level": "info", "method": "POST", "outcome": "success", "path": "/api/v1/runs", "request_id": "ba09a091-0caa-464d-b2ed-7bbbf1b92fdb", "status_code": 202, "tenant_id": "fdd68433-c86c-470c-8b57-cec8ffc3d389", "timestamp": "2026-08-07T12:24:49.115917Z", "trace_id": "7ac4dbf165aba1cf4be7d75d8f85b352"}
api-1       | INFO:     172.18.0.1:37502 - "GET /api/v1/runs/5002a242-f5eb-47d9-8fa8-d5902cc12cb1 HTTP/1.1" 200 OK
api-1       | {"api_key_prefix": "evk_5ec841b483bb", "duration_ms": 52.968, "event": "http_request_completed", "level": "info", "method": "GET", "outcome": "success", "path": "/api/v1/runs/5002a242-f5eb-47d9-8fa8-d5902cc12cb1", "request_id": "b4a06f72-9ad2-41c6-9ebe-b8b4654ac74e", "status_code": 200, "tenant_id": "fdd68433-c86c-470c-8b57-cec8ffc3d389", "timestamp": "2026-08-07T12:24:49.170804Z", "trace_id": "6898e0ff8e005279ebe0cdc72c492cd6"}
api-1       | {"claimed": 4, "event": "outbox_dispatch_batch_completed", "lease_lost": 0, "level": "info", "published": 4, "retry_scheduled": 0, "role": "outbox_dispatcher", "timestamp": "2026-08-07T12:24:49.568080Z"}
api-1       | INFO:     172.18.0.1:37502 - "GET /api/v1/runs/5002a242-f5eb-47d9-8fa8-d5902cc12cb1 HTTP/1.1" 200 OK
api-1       | {"api_key_prefix": "evk_5ec841b483bb", "duration_ms": 82.318, "event": "http_request_completed", "level": "info", "method": "GET", "outcome": "success", "path": "/api/v1/runs/5002a242-f5eb-47d9-8fa8-d5902cc12cb1", "request_id": "63f5a044-9786-4a64-98ea-c254ff2052b2", "status_code": 200, "tenant_id": "fdd68433-c86c-470c-8b57-cec8ffc3d389", "timestamp": "2026-08-07T12:24:49.755014Z", "trace_id": "3355669e882ada170b8f382c023c750a"}
api-1       | {"claimed": 40, "event": "outbox_dispatch_batch_completed", "lease_lost": 0, "level": "info", "published": 40, "retry_scheduled": 0, "role": "outbox_dispatcher", "timestamp": "2026-08-07T12:24:50.555413Z"}
api-1       | INFO:     172.18.0.1:37502 - "GET /api/v1/runs/5002a242-f5eb-47d9-8fa8-d5902cc12cb1 HTTP/1.1" 200 OK
api-1       | {"api_key_prefix": "evk_5ec841b483bb", "duration_ms": 375.959, "event": "http_request_completed", "level": "info", "method": "GET", "outcome": "success", "path": "/api/v1/runs/5002a242-f5eb-47d9-8fa8-d5902cc12cb1", "request_id": "603f278f-55fe-480f-b1d5-5efac3aca234", "status_code": 200, "tenant_id": "fdd68433-c86c-470c-8b57-cec8ffc3d389", "timestamp": "2026-08-07T12:24:50.663038Z", "trace_id": "b7fc9f27393b5a0c90dfdf34d50fdada"}
api-1       | {"event": "Context impl PostgresqlImpl.", "level": "info", "request_id": "17b5283d-d2ca-42c3-a748-c62be69c5f87", "timestamp": "2026-08-07T12:24:50.700008Z", "trace_id": "95d7da79bed8e3a16ac6bb0f119932f8"}
api-1       | {"event": "Will assume transactional DDL.", "level": "info", "request_id": "17b5283d-d2ca-42c3-a748-c62be69c5f87", "timestamp": "2026-08-07T12:24:50.700182Z", "trace_id": "95d7da79bed8e3a16ac6bb0f119932f8"}
api-1       | INFO:     127.0.0.1:52780 - "GET /health/ready HTTP/1.1" 200 OK
api-1       | {"duration_ms": 30.554, "event": "http_request_completed", "level": "info", "method": "GET", "outcome": "success", "path": "/health/ready", "request_id": "17b5283d-d2ca-42c3-a748-c62be69c5f87", "status_code": 200, "timestamp": "2026-08-07T12:24:50.703130Z", "trace_id": "95d7da79bed8e3a16ac6bb0f119932f8"}
api-1       | {"claimed": 50, "event": "outbox_dispatch_batch_completed", "lease_lost": 0, "level": "info", "published": 50, "retry_scheduled": 0, "role": "outbox_dispatcher", "timestamp": "2026-08-07T12:24:51.315042Z"}
api-1       | INFO:     172.18.0.1:37502 - "GET /api/v1/runs/5002a242-f5eb-47d9-8fa8-d5902cc12cb1 HTTP/1.1" 200 OK
api-1       | {"api_key_prefix": "evk_5ec841b483bb", "duration_ms": 190.646, "event": "http_request_completed", "level": "info", "method": "GET", "outcome": "success", "path": "/api/v1/runs/5002a242-f5eb-47d9-8fa8-d5902cc12cb1", "request_id": "7420f8dc-5366-4881-bb80-f5adb6906014", "status_code": 200, "tenant_id": "fdd68433-c86c-470c-8b57-cec8ffc3d389", "timestamp": "2026-08-07T12:24:51.371881Z", "trace_id": "7dbc043392e69da55b9a487817f5b26a"}
api-1       | {"claimed": 10, "event": "outbox_dispatch_batch_completed", "lease_lost": 0, "level": "info", "published": 10, "retry_scheduled": 0, "role": "outbox_dispatcher", "timestamp": "2026-08-07T12:24:51.879567Z"}
api-1       | INFO:     172.18.0.1:37502 - "GET /api/v1/runs/5002a242-f5eb-47d9-8fa8-d5902cc12cb1 HTTP/1.1" 200 OK
api-1       | {"api_key_prefix": "evk_5ec841b483bb", "duration_ms": 55.288, "event": "http_request_completed", "level": "info", "method": "GET", "outcome": "success", "path": "/api/v1/runs/5002a242-f5eb-47d9-8fa8-d5902cc12cb1", "request_id": "ebe0ff58-9994-4586-8734-6a6d1796485f", "status_code": 200, "tenant_id": "fdd68433-c86c-470c-8b57-cec8ffc3d389", "timestamp": "2026-08-07T12:24:51.931361Z", "trace_id": "c47ce09e0083436a6fbb4a49c4ea3372"}
api-1       | INFO:     172.18.0.1:37502 - "GET /api/v1/runs/5002a242-f5eb-47d9-8fa8-d5902cc12cb1/cases?limit=200&sort=case_id HTTP/1.1" 200 OK
api-1       | {"api_key_prefix": "evk_5ec841b483bb", "duration_ms": 62.489, "event": "http_request_completed", "level": "info", "method": "GET", "outcome": "success", "path": "/api/v1/runs/5002a242-f5eb-47d9-8fa8-d5902cc12cb1/cases", "request_id": "96ff1012-4435-45a7-a831-5f292d7a1ff9", "status_code": 200, "tenant_id": "fdd68433-c86c-470c-8b57-cec8ffc3d389", "timestamp": "2026-08-07T12:24:51.995530Z", "trace_id": "71a95757df8016df38e225ffed52c947"}
api-1       | {"claimed": 2, "event": "outbox_dispatch_batch_completed", "lease_lost": 0, "level": "info", "published": 2, "retry_scheduled": 0, "role": "outbox_dispatcher", "timestamp": "2026-08-07T12:24:52.392419Z"}
api-1       | INFO:     127.0.0.1:52786 - "GET /metrics HTTP/1.1" 200 OK
api-1       | {"duration_ms": 11.551, "event": "http_request_completed", "level": "info", "method": "GET", "outcome": "success", "path": "/metrics", "request_id": "4dc3fa4b-dd8f-45f9-a91b-40698d08862d", "status_code": 200, "timestamp": "2026-08-07T12:24:52.413644Z", "trace_id": "6e5c80100038b55b861d9ab9a594469b"}
api-1       | INFO:     172.18.0.1:37502 - "POST /api/v1/runs HTTP/1.1" 202 Accepted
api-1       | {"api_key_prefix": "evk_5ec841b483bb", "duration_ms": 378.43, "event": "http_request_completed", "level": "info", "method": "POST", "outcome": "success", "path": "/api/v1/runs", "request_id": "9d6f1dfe-9918-4c59-8b2b-4c4886a2f09b", "status_code": 202, "tenant_id": "fdd68433-c86c-470c-8b57-cec8ffc3d389", "timestamp": "2026-08-07T12:24:54.407985Z", "trace_id": "3bd23d8ceb1d273e8724f8a2b7927aff"}
api-1       | INFO:     172.18.0.1:37502 - "GET /api/v1/runs/7f0d234a-5171-4e8b-81af-d1c574c41bed HTTP/1.1" 200 OK
api-1       | {"api_key_prefix": "evk_5ec841b483bb", "duration_ms": 70.415, "event": "http_request_completed", "level": "info", "method": "GET", "outcome": "success", "path": "/api/v1/runs/7f0d234a-5171-4e8b-81af-d1c574c41bed", "request_id": "fca9c2fc-3465-4599-b1b0-d3f1c93bd1ae", "status_code": 200, "tenant_id": "fdd68433-c86c-470c-8b57-cec8ffc3d389", "timestamp": "2026-08-07T12:24:54.480176Z", "trace_id": "dec12c581081d19f02b1708e14e3261a"}
api-1       | {"claimed": 13, "event": "outbox_dispatch_batch_completed", "lease_lost": 0, "level": "info", "published": 13, "retry_scheduled": 0, "role": "outbox_dispatcher", "timestamp": "2026-08-07T12:24:55.087424Z"}
api-1       | INFO:     172.18.0.1:37502 - "GET /api/v1/runs/7f0d234a-5171-4e8b-81af-d1c574c41bed HTTP/1.1" 200 OK
api-1       | {"api_key_prefix": "evk_5ec841b483bb", "duration_ms": 98.443, "event": "http_request_completed", "level": "info", "method": "GET", "outcome": "success", "path": "/api/v1/runs/7f0d234a-5171-4e8b-81af-d1c574c41bed", "request_id": "ee3030a3-87ab-4fb9-ad71-a4bd1ad015ac", "status_code": 200, "tenant_id": "fdd68433-c86c-470c-8b57-cec8ffc3d389", "timestamp": "2026-08-07T12:24:55.098728Z", "trace_id": "da4198caf082e4cab02f61435cc4809a"}
api-1       | {"claimed": 50, "event": "outbox_dispatch_batch_completed", "lease_lost": 0, "level": "info", "published": 50, "retry_scheduled": 0, "role": "outbox_dispatcher", "timestamp": "2026-08-07T12:24:55.982148Z"}
api-1       | INFO:     172.18.0.1:37502 - "GET /api/v1/runs/7f0d234a-5171-4e8b-81af-d1c574c41bed HTTP/1.1" 200 OK
api-1       | {"api_key_prefix": "evk_5ec841b483bb", "duration_ms": 431.47, "event": "http_request_completed", "level": "info", "method": "GET", "outcome": "success", "path": "/api/v1/runs/7f0d234a-5171-4e8b-81af-d1c574c41bed", "request_id": "d9930be2-6365-48ad-890a-8e5755cf0909", "status_code": 200, "tenant_id": "fdd68433-c86c-470c-8b57-cec8ffc3d389", "timestamp": "2026-08-07T12:24:56.032447Z", "trace_id": "f5619573332428fd9aa257813d38d99e"}
api-1       | {"event": "Context impl PostgresqlImpl.", "level": "info", "request_id": "d83a6d56-3d26-4957-8bc7-b16b45fa6844", "timestamp": "2026-08-07T12:24:56.209227Z", "trace_id": "f11b783b7ec648a74d0744cb9250656c"}
api-1       | {"event": "Will assume transactional DDL.", "level": "info", "request_id": "d83a6d56-3d26-4957-8bc7-b16b45fa6844", "timestamp": "2026-08-07T12:24:56.209381Z", "trace_id": "f11b783b7ec648a74d0744cb9250656c"}
api-1       | INFO:     127.0.0.1:52858 - "GET /health/ready HTTP/1.1" 200 OK
api-1       | {"duration_ms": 25.232, "event": "http_request_completed", "level": "info", "method": "GET", "outcome": "success", "path": "/health/ready", "request_id": "d83a6d56-3d26-4957-8bc7-b16b45fa6844", "status_code": 200, "timestamp": "2026-08-07T12:24:56.217334Z", "trace_id": "f11b783b7ec648a74d0744cb9250656c"}
api-1       | {"claimed": 50, "event": "outbox_dispatch_batch_completed", "lease_lost": 0, "level": "info", "published": 50, "retry_scheduled": 0, "role": "outbox_dispatcher", "timestamp": "2026-08-07T12:24:56.794772Z"}
api-1       | INFO:     172.18.0.1:37502 - "GET /api/v1/runs/7f0d234a-5171-4e8b-81af-d1c574c41bed HTTP/1.1" 200 OK
api-1       | {"api_key_prefix": "evk_5ec841b483bb", "duration_ms": 320.283, "event": "http_request_completed", "level": "info", "method": "GET", "outcome": "success", "path": "/api/v1/runs/7f0d234a-5171-4e8b-81af-d1c574c41bed", "request_id": "4d394833-2361-4522-ae47-b33c7e0ae4d5", "status_code": 200, "tenant_id": "fdd68433-c86c-470c-8b57-cec8ffc3d389", "timestamp": "2026-08-07T12:24:56.889083Z", "trace_id": "17e2b76263ba1aa70c99dbf87d55b17b"}
api-1       | {"claimed": 50, "event": "outbox_dispatch_batch_completed", "lease_lost": 0, "level": "info", "published": 50, "retry_scheduled": 0, "role": "outbox_dispatcher", "timestamp": "2026-08-07T12:24:57.674554Z"}
api-1       | INFO:     172.18.0.1:37502 - "GET /api/v1/runs/7f0d234a-5171-4e8b-81af-d1c574c41bed HTTP/1.1" 200 OK
api-1       | {"api_key_prefix": "evk_5ec841b483bb", "duration_ms": 246.939, "event": "http_request_completed", "level": "info", "method": "GET", "outcome": "success", "path": "/api/v1/runs/7f0d234a-5171-4e8b-81af-d1c574c41bed", "request_id": "497673bd-b98b-4d03-8acb-6fef7199d032", "status_code": 200, "tenant_id": "fdd68433-c86c-470c-8b57-cec8ffc3d389", "timestamp": "2026-08-07T12:24:57.702554Z", "trace_id": "27f34a4266ad6383984b4ee5a1fb6598"}
api-1       | {"claimed": 50, "event": "outbox_dispatch_batch_completed", "lease_lost": 0, "level": "info", "published": 50, "retry_scheduled": 0, "role": "outbox_dispatcher", "timestamp": "2026-08-07T12:24:58.476700Z"}
api-1       | INFO:     172.18.0.1:37502 - "GET /api/v1/runs/7f0d234a-5171-4e8b-81af-d1c574c41bed HTTP/1.1" 200 OK
api-1       | {"api_key_prefix": "evk_5ec841b483bb", "duration_ms": 333.705, "event": "http_request_completed", "level": "info", "method": "GET", "outcome": "success", "path": "/api/v1/runs/7f0d234a-5171-4e8b-81af-d1c574c41bed", "request_id": "ce1048fd-4a81-4532-93a1-d0e59676def7", "status_code": 200, "tenant_id": "fdd68433-c86c-470c-8b57-cec8ffc3d389", "timestamp": "2026-08-07T12:24:58.554454Z", "trace_id": "8da005aa5745faa414c2e9a451625055"}
api-1       | {"claimed": 50, "event": "outbox_dispatch_batch_completed", "lease_lost": 0, "level": "info", "published": 50, "retry_scheduled": 0, "role": "outbox_dispatcher", "timestamp": "2026-08-07T12:24:59.301053Z"}
api-1       | INFO:     172.18.0.1:37502 - "GET /api/v1/runs/7f0d234a-5171-4e8b-81af-d1c574c41bed HTTP/1.1" 200 OK
api-1       | {"api_key_prefix": "evk_5ec841b483bb", "duration_ms": 306.635, "event": "http_request_completed", "level": "info", "method": "GET", "outcome": "success", "path": "/api/v1/runs/7f0d234a-5171-4e8b-81af-d1c574c41bed", "request_id": "02d5ce31-c16a-45d8-81fb-d985af6d454b", "status_code": 200, "tenant_id": "fdd68433-c86c-470c-8b57-cec8ffc3d389", "timestamp": "2026-08-07T12:24:59.386492Z", "trace_id": "4b5df1b19d07c89bab5858e1f07e60cc"}
api-1       | {"claimed": 50, "event": "outbox_dispatch_batch_completed", "lease_lost": 0, "level": "info", "published": 50, "retry_scheduled": 0, "role": "outbox_dispatcher", "timestamp": "2026-08-07T12:25:00.110288Z"}
api-1       | INFO:     172.18.0.1:37502 - "GET /api/v1/runs/7f0d234a-5171-4e8b-81af-d1c574c41bed HTTP/1.1" 200 OK
api-1       | {"api_key_prefix": "evk_5ec841b483bb", "duration_ms": 282.165, "event": "http_request_completed", "level": "info", "method": "GET", "outcome": "success", "path": "/api/v1/runs/7f0d234a-5171-4e8b-81af-d1c574c41bed", "request_id": "7916e8a6-a275-458c-8275-73c9f8c3ad9c", "status_code": 200, "tenant_id": "fdd68433-c86c-470c-8b57-cec8ffc3d389", "timestamp": "2026-08-07T12:25:00.190481Z", "trace_id": "90facf37bed23c45cceb1a109f033827"}
api-1       | {"claimed": 50, "event": "outbox_dispatch_batch_completed", "lease_lost": 0, "level": "info", "published": 50, "retry_scheduled": 0, "role": "outbox_dispatcher", "timestamp": "2026-08-07T12:25:00.834120Z"}
api-1       | INFO:     172.18.0.1:37502 - "GET /api/v1/runs/7f0d234a-5171-4e8b-81af-d1c574c41bed HTTP/1.1" 200 OK
api-1       | {"api_key_prefix": "evk_5ec841b483bb", "duration_ms": 244.375, "event": "http_request_completed", "level": "info", "method": "GET", "outcome": "success", "path": "/api/v1/runs/7f0d234a-5171-4e8b-81af-d1c574c41bed", "request_id": "757a56ed-c4ea-481e-844b-a8efc2f922aa", "status_code": 200, "tenant_id": "fdd68433-c86c-470c-8b57-cec8ffc3d389", "timestamp": "2026-08-07T12:25:00.941978Z", "trace_id": "ca96bee5c64253e03a57c55afc29fa2e"}
api-1       | {"claimed": 50, "event": "outbox_dispatch_batch_completed", "lease_lost": 0, "level": "info", "published": 50, "retry_scheduled": 0, "role": "outbox_dispatcher", "timestamp": "2026-08-07T12:25:01.836086Z"}
api-1       | {"event": "Context impl PostgresqlImpl.", "level": "info", "request_id": "256102e3-fcb9-4996-9c7c-5a5b68eb6fd7", "timestamp": "2026-08-07T12:25:01.893873Z", "trace_id": "dca68399e36f6c22ed8ff45b4561ef5e"}
api-1       | {"event": "Will assume transactional DDL.", "level": "info", "request_id": "256102e3-fcb9-4996-9c7c-5a5b68eb6fd7", "timestamp": "2026-08-07T12:25:01.894002Z", "trace_id": "dca68399e36f6c22ed8ff45b4561ef5e"}
api-1       | INFO:     127.0.0.1:34042 - "GET /health/ready HTTP/1.1" 200 OK
api-1       | {"duration_ms": 58.524, "event": "http_request_completed", "level": "info", "method": "GET", "outcome": "success", "path": "/health/ready", "request_id": "256102e3-fcb9-4996-9c7c-5a5b68eb6fd7", "status_code": 200, "timestamp": "2026-08-07T12:25:01.927672Z", "trace_id": "dca68399e36f6c22ed8ff45b4561ef5e"}
api-1       | INFO:     172.18.0.1:37502 - "GET /api/v1/runs/7f0d234a-5171-4e8b-81af-d1c574c41bed HTTP/1.1" 200 OK
api-1       | {"api_key_prefix": "evk_5ec841b483bb", "duration_ms": 476.499, "event": "http_request_completed", "level": "info", "method": "GET", "outcome": "success", "path": "/api/v1/runs/7f0d234a-5171-4e8b-81af-d1c574c41bed", "request_id": "6e2100f2-51a0-4745-95e4-4747c2146169", "status_code": 200, "tenant_id": "fdd68433-c86c-470c-8b57-cec8ffc3d389", "timestamp": "2026-08-07T12:25:01.953205Z", "trace_id": "9ccabcdfda723d00ea5092328b9f25af"}
api-1       | {"claimed": 50, "event": "outbox_dispatch_batch_completed", "lease_lost": 0, "level": "info", "published": 50, "retry_scheduled": 0, "role": "outbox_dispatcher", "timestamp": "2026-08-07T12:25:02.576622Z"}
api-1       | INFO:     172.18.0.1:37502 - "GET /api/v1/runs/7f0d234a-5171-4e8b-81af-d1c574c41bed HTTP/1.1" 200 OK
api-1       | {"api_key_prefix": "evk_5ec841b483bb", "duration_ms": 161.014, "event": "http_request_completed", "level": "info", "method": "GET", "outcome": "success", "path": "/api/v1/runs/7f0d234a-5171-4e8b-81af-d1c574c41bed", "request_id": "c697c18c-ed8a-4916-8fcd-37242e794853", "status_code": 200, "tenant_id": "fdd68433-c86c-470c-8b57-cec8ffc3d389", "timestamp": "2026-08-07T12:25:02.628741Z", "trace_id": "10c25096231a9feb4de584f04419e618"}
api-1       | {"claimed": 50, "event": "outbox_dispatch_batch_completed", "lease_lost": 0, "level": "info", "published": 50, "retry_scheduled": 0, "role": "outbox_dispatcher", "timestamp": "2026-08-07T12:25:03.274262Z"}
api-1       | INFO:     172.18.0.1:37502 - "GET /api/v1/runs/7f0d234a-5171-4e8b-81af-d1c574c41bed HTTP/1.1" 200 OK
api-1       | {"api_key_prefix": "evk_5ec841b483bb", "duration_ms": 193.674, "event": "http_request_completed", "level": "info", "method": "GET", "outcome": "success", "path": "/api/v1/runs/7f0d234a-5171-4e8b-81af-d1c574c41bed", "request_id": "fea6207a-2f9f-4c2c-bb34-9033a2f82fbc", "status_code": 200, "tenant_id": "fdd68433-c86c-470c-8b57-cec8ffc3d389", "timestamp": "2026-08-07T12:25:03.330484Z", "trace_id": "d1d59263bca3d5d11ae6d526c18a46e5"}
api-1       | {"claimed": 50, "event": "outbox_dispatch_batch_completed", "lease_lost": 0, "level": "info", "published": 50, "retry_scheduled": 0, "role": "outbox_dispatcher", "timestamp": "2026-08-07T12:25:04.017788Z"}
api-1       | INFO:     172.18.0.1:37502 - "GET /api/v1/runs/7f0d234a-5171-4e8b-81af-d1c574c41bed HTTP/1.1" 200 OK
api-1       | {"api_key_prefix": "evk_5ec841b483bb", "duration_ms": 189.752, "event": "http_request_completed", "level": "info", "method": "GET", "outcome": "success", "path": "/api/v1/runs/7f0d234a-5171-4e8b-81af-d1c574c41bed", "request_id": "6d7b2544-8a99-4dbd-85c9-fa921974ee44", "status_code": 200, "tenant_id": "fdd68433-c86c-470c-8b57-cec8ffc3d389", "timestamp": "2026-08-07T12:25:04.080731Z", "trace_id": "ed253b536f8ca3ffcecdad42bd70aacd"}
api-1       | INFO:     172.18.0.1:37502 - "GET /api/v1/runs/7f0d234a-5171-4e8b-81af-d1c574c41bed/cases?limit=200&sort=case_id HTTP/1.1" 200 OK
api-1       | {"api_key_prefix": "evk_5ec841b483bb", "duration_ms": 83.105, "event": "http_request_completed", "level": "info", "method": "GET", "outcome": "success", "path": "/api/v1/runs/7f0d234a-5171-4e8b-81af-d1c574c41bed/cases", "request_id": "33f9d865-ea8f-437f-aad4-573170a4d7b6", "status_code": 200, "tenant_id": "fdd68433-c86c-470c-8b57-cec8ffc3d389", "timestamp": "2026-08-07T12:25:04.165548Z", "trace_id": "b42d4ad3aea5cd974b0adc48a6f76d14"}
api-1       | INFO:     172.18.0.1:37502 - "GET /api/v1/runs/7f0d234a-5171-4e8b-81af-d1c574c41bed/cases?limit=200&sort=case_id&cursor=eyJkaXJlY3Rpb24iOiJhc2MiLCJlcnJvcl9jb2RlIjpudWxsLCJqb2JfaWQiOiI3MjdhMDViYy00NmIyLTQ3OWMtODEzYi00ZjAxYWUwM2Q1NmIiLCJtZXRyaWMiOm51bGwsInNvcnQiOiJjYXNlX2lkIiwic3RhdHVzIjpudWxsLCJ2IjoxLCJ2YWx1ZSI6ImxvYWQtMDE5OSJ9 HTTP/1.1" 200 OK
api-1       | {"api_key_prefix": "evk_5ec841b483bb", "duration_ms": 83.118, "event": "http_request_completed", "level": "info", "method": "GET", "outcome": "success", "path": "/api/v1/runs/7f0d234a-5171-4e8b-81af-d1c574c41bed/cases", "request_id": "2073fbb9-aeb7-48e8-a1e1-10d5c6e595c3", "status_code": 200, "tenant_id": "fdd68433-c86c-470c-8b57-cec8ffc3d389", "timestamp": "2026-08-07T12:25:04.250216Z", "trace_id": "fb57d245dca967c6bebb6cae4d82df2c"}
api-1       | INFO:     172.18.0.1:37502 - "GET /api/v1/runs/7f0d234a-5171-4e8b-81af-d1c574c41bed/cases?limit=200&sort=case_id&cursor=eyJkaXJlY3Rpb24iOiJhc2MiLCJlcnJvcl9jb2RlIjpudWxsLCJqb2JfaWQiOiJmM2RkODQxYy01MGEzLTQ2MDYtODI3Ni1mMTk1MjNkMTBkYzEiLCJtZXRyaWMiOm51bGwsInNvcnQiOiJjYXNlX2lkIiwic3RhdHVzIjpudWxsLCJ2IjoxLCJ2YWx1ZSI6ImxvYWQtMDM5OSJ9 HTTP/1.1" 200 OK
api-1       | {"api_key_prefix": "evk_5ec841b483bb", "duration_ms": 62.156, "event": "http_request_completed", "level": "info", "method": "GET", "outcome": "success", "path": "/api/v1/runs/7f0d234a-5171-4e8b-81af-d1c574c41bed/cases", "request_id": "bc7da5ab-4e10-47a8-842a-5347bbab43b5", "status_code": 200, "tenant_id": "fdd68433-c86c-470c-8b57-cec8ffc3d389", "timestamp": "2026-08-07T12:25:04.315156Z", "trace_id": "95afeb31a76edb44977c3ddf6cc8fa4a"}
api-1       | {"claimed": 50, "event": "outbox_dispatch_batch_completed", "lease_lost": 0, "level": "info", "published": 50, "retry_scheduled": 0, "role": "outbox_dispatcher", "timestamp": "2026-08-07T12:25:04.946478Z"}
api-1       | INFO:     127.0.0.1:34064 - "GET /metrics HTTP/1.1" 200 OK
api-1       | {"duration_ms": 12.455, "event": "http_request_completed", "level": "info", "method": "GET", "outcome": "success", "path": "/metrics", "request_id": "f4b2fe82-caba-443b-99dc-a6c0a2e41603", "status_code": 200, "timestamp": "2026-08-07T12:25:04.995899Z", "trace_id": "e1bdbc81c2a95d9047d69883560ec86f"}
api-1       | {"claimed": 50, "event": "outbox_dispatch_batch_completed", "lease_lost": 0, "level": "info", "published": 50, "retry_scheduled": 0, "role": "outbox_dispatcher", "timestamp": "2026-08-07T12:25:05.690596Z"}
api-1       | {"claimed": 50, "event": "outbox_dispatch_batch_completed", "lease_lost": 0, "level": "info", "published": 50, "retry_scheduled": 0, "role": "outbox_dispatcher", "timestamp": "2026-08-07T12:25:06.410107Z"}
api-1       | {"claimed": 50, "event": "outbox_dispatch_batch_completed", "lease_lost": 0, "level": "info", "published": 50, "retry_scheduled": 0, "role": "outbox_dispatcher", "timestamp": "2026-08-07T12:25:07.172669Z"}
api-1       | {"event": "Context impl PostgresqlImpl.", "level": "info", "request_id": "90a6d4ab-02aa-4523-a162-bb490f9b252d", "timestamp": "2026-08-07T12:25:07.378173Z", "trace_id": "e565661f6bbe64dba1b3648c17f83266"}
api-1       | {"event": "Will assume transactional DDL.", "level": "info", "request_id": "90a6d4ab-02aa-4523-a162-bb490f9b252d", "timestamp": "2026-08-07T12:25:07.378301Z", "trace_id": "e565661f6bbe64dba1b3648c17f83266"}
api-1       | INFO:     127.0.0.1:34072 - "GET /health/ready HTTP/1.1" 200 OK
api-1       | {"duration_ms": 21.537, "event": "http_request_completed", "level": "info", "method": "GET", "outcome": "success", "path": "/health/ready", "request_id": "90a6d4ab-02aa-4523-a162-bb490f9b252d", "status_code": 200, "timestamp": "2026-08-07T12:25:07.384727Z", "trace_id": "e565661f6bbe64dba1b3648c17f83266"}
api-1       | {"claimed": 50, "event": "outbox_dispatch_batch_completed", "lease_lost": 0, "level": "info", "published": 50, "retry_scheduled": 0, "role": "outbox_dispatcher", "timestamp": "2026-08-07T12:25:07.879769Z"}
api-1       | {"claimed": 50, "event": "outbox_dispatch_batch_completed", "lease_lost": 0, "level": "info", "published": 50, "retry_scheduled": 0, "role": "outbox_dispatcher", "timestamp": "2026-08-07T12:25:08.609804Z"}
api-1       | {"claimed": 50, "event": "outbox_dispatch_batch_completed", "lease_lost": 0, "level": "info", "published": 50, "retry_scheduled": 0, "role": "outbox_dispatcher", "timestamp": "2026-08-07T12:25:09.309436Z"}
api-1       | {"claimed": 50, "event": "outbox_dispatch_batch_completed", "lease_lost": 0, "level": "info", "published": 50, "retry_scheduled": 0, "role": "outbox_dispatcher", "timestamp": "2026-08-07T12:25:10.050821Z"}
api-1       | {"claimed": 50, "event": "outbox_dispatch_batch_completed", "lease_lost": 0, "level": "info", "published": 50, "retry_scheduled": 0, "role": "outbox_dispatcher", "timestamp": "2026-08-07T12:25:10.816798Z"}
api-1       | {"claimed": 39, "event": "outbox_dispatch_batch_completed", "lease_lost": 0, "level": "info", "published": 39, "retry_scheduled": 0, "role": "outbox_dispatcher", "timestamp": "2026-08-07T12:25:11.803137Z"}
api-1       | INFO:     172.18.0.1:40384 - "POST /api/v1/runs HTTP/1.1" 202 Accepted
api-1       | {"api_key_prefix": "evk_5ec841b483bb", "duration_ms": 421.035, "event": "http_request_completed", "level": "info", "method": "POST", "outcome": "success", "path": "/api/v1/runs", "request_id": "52406be3-502a-4c86-a588-3feb85240a11", "status_code": 202, "tenant_id": "fdd68433-c86c-470c-8b57-cec8ffc3d389", "timestamp": "2026-08-07T12:25:11.924645Z", "trace_id": "e93941d7324eee3001e4ebad379be681"}
api-1       | INFO:     172.18.0.1:40384 - "GET /api/v1/runs/592ac641-dc01-465d-99ae-d411622f2f32 HTTP/1.1" 200 OK
api-1       | {"api_key_prefix": "evk_5ec841b483bb", "duration_ms": 166.245, "event": "http_request_completed", "level": "info", "method": "GET", "outcome": "success", "path": "/api/v1/runs/592ac641-dc01-465d-99ae-d411622f2f32", "request_id": "0c6772ff-aa69-48f3-a93f-e77f16b5b4c5", "status_code": 200, "tenant_id": "fdd68433-c86c-470c-8b57-cec8ffc3d389", "timestamp": "2026-08-07T12:25:12.095369Z", "trace_id": "726d0037d76492c4ab9e696bd6e47675"}
api-1       | {"claimed": 13, "event": "outbox_dispatch_batch_completed", "lease_lost": 0, "level": "info", "published": 13, "retry_scheduled": 0, "role": "outbox_dispatcher", "timestamp": "2026-08-07T12:25:12.782560Z"}
api-1       | INFO:     172.18.0.1:40384 - "GET /api/v1/runs/592ac641-dc01-465d-99ae-d411622f2f32 HTTP/1.1" 200 OK
api-1       | {"api_key_prefix": "evk_5ec841b483bb", "duration_ms": 351.043, "event": "http_request_completed", "level": "info", "method": "GET", "outcome": "success", "path": "/api/v1/runs/592ac641-dc01-465d-99ae-d411622f2f32", "request_id": "bb1ea831-643d-4131-addb-bcfc1c24ee3c", "status_code": 200, "tenant_id": "fdd68433-c86c-470c-8b57-cec8ffc3d389", "timestamp": "2026-08-07T12:25:12.991885Z", "trace_id": "d02f75a859c01f6708d3101015fc0a9d"}
api-1       | {"claimed": 50, "event": "outbox_dispatch_batch_completed", "lease_lost": 0, "level": "info", "published": 50, "retry_scheduled": 0, "role": "outbox_dispatcher", "timestamp": "2026-08-07T12:25:13.764667Z"}
api-1       | {"event": "Context impl PostgresqlImpl.", "level": "info", "request_id": "45049374-7456-4361-80a4-a2053d1a126e", "timestamp": "2026-08-07T12:25:13.774479Z", "trace_id": "b277ec966888bb7412072c9d4b48897a"}
api-1       | {"event": "Will assume transactional DDL.", "level": "info", "request_id": "45049374-7456-4361-80a4-a2053d1a126e", "timestamp": "2026-08-07T12:25:13.775942Z", "trace_id": "b277ec966888bb7412072c9d4b48897a"}
api-1       | INFO:     127.0.0.1:58942 - "GET /health/ready HTTP/1.1" 200 OK
api-1       | {"duration_ms": 112.881, "event": "http_request_completed", "level": "info", "method": "GET", "outcome": "success", "path": "/health/ready", "request_id": "45049374-7456-4361-80a4-a2053d1a126e", "status_code": 200, "timestamp": "2026-08-07T12:25:13.794205Z", "trace_id": "b277ec966888bb7412072c9d4b48897a"}
api-1       | INFO:     172.18.0.1:40384 - "GET /api/v1/runs/592ac641-dc01-465d-99ae-d411622f2f32 HTTP/1.1" 200 OK
api-1       | {"api_key_prefix": "evk_5ec841b483bb", "duration_ms": 343.267, "event": "http_request_completed", "level": "info", "method": "GET", "outcome": "success", "path": "/api/v1/runs/592ac641-dc01-465d-99ae-d411622f2f32", "request_id": "4dfdc5d5-cec3-492a-add4-ef82f40015dd", "status_code": 200, "tenant_id": "fdd68433-c86c-470c-8b57-cec8ffc3d389", "timestamp": "2026-08-07T12:25:13.841948Z", "trace_id": "dca0bfb1d206fbc57c038cf9182b0479"}
api-1       | {"claimed": 40, "event": "outbox_dispatch_batch_completed", "lease_lost": 0, "level": "info", "published": 40, "retry_scheduled": 0, "role": "outbox_dispatcher", "timestamp": "2026-08-07T12:25:14.492279Z"}
api-1       | INFO:     172.18.0.1:40384 - "GET /api/v1/runs/592ac641-dc01-465d-99ae-d411622f2f32 HTTP/1.1" 200 OK
api-1       | {"api_key_prefix": "evk_5ec841b483bb", "duration_ms": 124.055, "event": "http_request_completed", "level": "info", "method": "GET", "outcome": "success", "path": "/api/v1/runs/592ac641-dc01-465d-99ae-d411622f2f32", "request_id": "804c1d19-9a96-4607-8cb4-9d8c4ca1157e", "status_code": 200, "tenant_id": "fdd68433-c86c-470c-8b57-cec8ffc3d389", "timestamp": "2026-08-07T12:25:14.496795Z", "trace_id": "bef11dd805c3d54d39b3cdd8d197f1d8"}
api-1       | {"claimed": 3, "event": "outbox_dispatch_batch_completed", "lease_lost": 0, "level": "info", "published": 3, "retry_scheduled": 0, "role": "outbox_dispatcher", "timestamp": "2026-08-07T12:25:15.018763Z"}
api-1       | INFO:     172.18.0.1:40384 - "GET /api/v1/runs/592ac641-dc01-465d-99ae-d411622f2f32 HTTP/1.1" 200 OK
api-1       | {"api_key_prefix": "evk_5ec841b483bb", "duration_ms": 89.529, "event": "http_request_completed", "level": "info", "method": "GET", "outcome": "success", "path": "/api/v1/runs/592ac641-dc01-465d-99ae-d411622f2f32", "request_id": "018d9271-9f82-4451-891f-29fad023a6b7", "status_code": 200, "tenant_id": "fdd68433-c86c-470c-8b57-cec8ffc3d389", "timestamp": "2026-08-07T12:25:15.092713Z", "trace_id": "abe5b595aa6608c29f7281c43fe2fc81"}
api-1       | INFO:     172.18.0.1:40384 - "GET /api/v1/runs/592ac641-dc01-465d-99ae-d411622f2f32/cases?limit=200&sort=case_id HTTP/1.1" 200 OK
api-1       | {"api_key_prefix": "evk_5ec841b483bb", "duration_ms": 82.346, "event": "http_request_completed", "level": "info", "method": "GET", "outcome": "success", "path": "/api/v1/runs/592ac641-dc01-465d-99ae-d411622f2f32/cases", "request_id": "2ce3c87a-0995-476e-817a-5052982e4453", "status_code": 200, "tenant_id": "fdd68433-c86c-470c-8b57-cec8ffc3d389", "timestamp": "2026-08-07T12:25:15.177120Z", "trace_id": "556880a4f0ad7d17c384f082b095cc93"}
api-1       | INFO:     127.0.0.1:58984 - "GET /metrics HTTP/1.1" 200 OK
api-1       | {"duration_ms": 16.697, "event": "http_request_completed", "level": "info", "method": "GET", "outcome": "success", "path": "/metrics", "request_id": "40ad7c48-83ac-4d1e-9cf0-c363293c5405", "status_code": 200, "timestamp": "2026-08-07T12:25:15.603607Z", "trace_id": "1847875d24dab200f14b90742283d3a0"}
api-1       | INFO:     172.18.0.1:40384 - "POST /api/v1/runs HTTP/1.1" 202 Accepted
api-1       | {"api_key_prefix": "evk_5ec841b483bb", "duration_ms": 271.173, "event": "http_request_completed", "level": "info", "method": "POST", "outcome": "success", "path": "/api/v1/runs", "request_id": "1b9fb9b6-4151-44cb-ab84-09123465f524", "status_code": 202, "tenant_id": "fdd68433-c86c-470c-8b57-cec8ffc3d389", "timestamp": "2026-08-07T12:25:18.718003Z", "trace_id": "f9d05126c6db84a03d36701dbaee37eb"}
api-1       | INFO:     172.18.0.1:40384 - "GET /api/v1/runs/98ca3970-26d9-4534-a10e-ba95109e45e6 HTTP/1.1" 200 OK
api-1       | {"api_key_prefix": "evk_5ec841b483bb", "duration_ms": 49.47, "event": "http_request_completed", "level": "info", "method": "GET", "outcome": "success", "path": "/api/v1/runs/98ca3970-26d9-4534-a10e-ba95109e45e6", "request_id": "d156408d-0feb-49a0-9c33-20286f8ba884", "status_code": 200, "tenant_id": "fdd68433-c86c-470c-8b57-cec8ffc3d389", "timestamp": "2026-08-07T12:25:18.769161Z", "trace_id": "b81adb9053c3e1380159aaae845a96d4"}
api-1       | {"event": "Context impl PostgresqlImpl.", "level": "info", "request_id": "56b4dcde-4009-419d-9fac-eb2a61fc69e7", "timestamp": "2026-08-07T12:25:19.210248Z", "trace_id": "76b8c5f30bce0863e2ce23188ca104b1"}
api-1       | {"event": "Will assume transactional DDL.", "level": "info", "request_id": "56b4dcde-4009-419d-9fac-eb2a61fc69e7", "timestamp": "2026-08-07T12:25:19.211049Z", "trace_id": "76b8c5f30bce0863e2ce23188ca104b1"}
api-1       | INFO:     127.0.0.1:59040 - "GET /health/ready HTTP/1.1" 200 OK
api-1       | {"duration_ms": 116.958, "event": "http_request_completed", "level": "info", "method": "GET", "outcome": "success", "path": "/health/ready", "request_id": "56b4dcde-4009-419d-9fac-eb2a61fc69e7", "status_code": 200, "timestamp": "2026-08-07T12:25:19.289113Z", "trace_id": "76b8c5f30bce0863e2ce23188ca104b1"}
api-1       | INFO:     172.18.0.1:40384 - "GET /api/v1/runs/98ca3970-26d9-4534-a10e-ba95109e45e6 HTTP/1.1" 200 OK
api-1       | {"api_key_prefix": "evk_5ec841b483bb", "duration_ms": 228.429, "event": "http_request_completed", "level": "info", "method": "GET", "outcome": "success", "path": "/api/v1/runs/98ca3970-26d9-4534-a10e-ba95109e45e6", "request_id": "c87c495f-d0ef-4280-8c62-6c9afd9e559d", "status_code": 200, "tenant_id": "fdd68433-c86c-470c-8b57-cec8ffc3d389", "timestamp": "2026-08-07T12:25:19.508895Z", "trace_id": "6748fa67a3e75f3f04ee74757c0d3f9b"}
api-1       | {"claimed": 30, "event": "outbox_dispatch_batch_completed", "lease_lost": 0, "level": "info", "published": 30, "retry_scheduled": 0, "role": "outbox_dispatcher", "timestamp": "2026-08-07T12:25:19.581730Z"}
api-1       | {"claimed": 50, "event": "outbox_dispatch_batch_completed", "lease_lost": 0, "level": "info", "published": 50, "retry_scheduled": 0, "role": "outbox_dispatcher", "timestamp": "2026-08-07T12:25:20.492941Z"}
api-1       | INFO:     172.18.0.1:40384 - "GET /api/v1/runs/98ca3970-26d9-4534-a10e-ba95109e45e6 HTTP/1.1" 200 OK
api-1       | {"api_key_prefix": "evk_5ec841b483bb", "duration_ms": 504.777, "event": "http_request_completed", "level": "info", "method": "GET", "outcome": "success", "path": "/api/v1/runs/98ca3970-26d9-4534-a10e-ba95109e45e6", "request_id": "27175be4-8a04-4a44-b0c6-c28afca39212", "status_code": 200, "tenant_id": "fdd68433-c86c-470c-8b57-cec8ffc3d389", "timestamp": "2026-08-07T12:25:20.516872Z", "trace_id": "03bb21ab16bad603ededa3ffbc92fb66"}
api-1       | {"claimed": 50, "event": "outbox_dispatch_batch_completed", "lease_lost": 0, "level": "info", "published": 50, "retry_scheduled": 0, "role": "outbox_dispatcher", "timestamp": "2026-08-07T12:25:21.509451Z"}
api-1       | INFO:     172.18.0.1:40384 - "GET /api/v1/runs/98ca3970-26d9-4534-a10e-ba95109e45e6 HTTP/1.1" 200 OK
api-1       | {"api_key_prefix": "evk_5ec841b483bb", "duration_ms": 563.709, "event": "http_request_completed", "level": "info", "method": "GET", "outcome": "success", "path": "/api/v1/runs/98ca3970-26d9-4534-a10e-ba95109e45e6", "request_id": "3f519092-e43f-4624-ac0e-964778f25b8b", "status_code": 200, "tenant_id": "fdd68433-c86c-470c-8b57-cec8ffc3d389", "timestamp": "2026-08-07T12:25:21.583077Z", "trace_id": "cc2e208348d21c171ae4113d3b37cc1f"}
api-1       | {"claimed": 50, "event": "outbox_dispatch_batch_completed", "lease_lost": 0, "level": "info", "published": 50, "retry_scheduled": 0, "role": "outbox_dispatcher", "timestamp": "2026-08-07T12:25:22.375443Z"}
api-1       | INFO:     172.18.0.1:40384 - "GET /api/v1/runs/98ca3970-26d9-4534-a10e-ba95109e45e6 HTTP/1.1" 200 OK
api-1       | {"api_key_prefix": "evk_5ec841b483bb", "duration_ms": 338.76, "event": "http_request_completed", "level": "info", "method": "GET", "outcome": "success", "path": "/api/v1/runs/98ca3970-26d9-4534-a10e-ba95109e45e6", "request_id": "40900727-5d66-4c4a-ad38-8327241efd60", "status_code": 200, "tenant_id": "fdd68433-c86c-470c-8b57-cec8ffc3d389", "timestamp": "2026-08-07T12:25:22.474709Z", "trace_id": "57e4853669fe45a4f5d4534d8d37f344"}
api-1       | {"claimed": 50, "event": "outbox_dispatch_batch_completed", "lease_lost": 0, "level": "info", "published": 50, "retry_scheduled": 0, "role": "outbox_dispatcher", "timestamp": "2026-08-07T12:25:23.218173Z"}
api-1       | INFO:     172.18.0.1:40384 - "GET /api/v1/runs/98ca3970-26d9-4534-a10e-ba95109e45e6 HTTP/1.1" 200 OK
api-1       | {"api_key_prefix": "evk_5ec841b483bb", "duration_ms": 305.895, "event": "http_request_completed", "level": "info", "method": "GET", "outcome": "success", "path": "/api/v1/runs/98ca3970-26d9-4534-a10e-ba95109e45e6", "request_id": "e5bb40e9-50ce-45b5-8be3-8c4152b20df6", "status_code": 200, "tenant_id": "fdd68433-c86c-470c-8b57-cec8ffc3d389", "timestamp": "2026-08-07T12:25:23.297625Z", "trace_id": "18068fbe8cd98d9d24ccb7d75da03cd6"}
api-1       | {"claimed": 50, "event": "outbox_dispatch_batch_completed", "lease_lost": 0, "level": "info", "published": 50, "retry_scheduled": 0, "role": "outbox_dispatcher", "timestamp": "2026-08-07T12:25:24.197525Z"}
api-1       | INFO:     172.18.0.1:40384 - "GET /api/v1/runs/98ca3970-26d9-4534-a10e-ba95109e45e6 HTTP/1.1" 200 OK
api-1       | {"api_key_prefix": "evk_5ec841b483bb", "duration_ms": 346.407, "event": "http_request_completed", "level": "info", "method": "GET", "outcome": "success", "path": "/api/v1/runs/98ca3970-26d9-4534-a10e-ba95109e45e6", "request_id": "2e68a446-0b67-4644-a98a-ca42ff97890b", "status_code": 200, "tenant_id": "fdd68433-c86c-470c-8b57-cec8ffc3d389", "timestamp": "2026-08-07T12:25:24.294746Z", "trace_id": "d89e9dee66e882481c5e9b9510a18d75"}
api-1       | {"event": "Context impl PostgresqlImpl.", "level": "info", "request_id": "757ceea0-85a5-4dc3-b332-90815d708afb", "timestamp": "2026-08-07T12:25:25.124953Z", "trace_id": "fa973a5d0caff0550359588e214e94a0"}
api-1       | {"event": "Will assume transactional DDL.", "level": "info", "request_id": "757ceea0-85a5-4dc3-b332-90815d708afb", "timestamp": "2026-08-07T12:25:25.125152Z", "trace_id": "fa973a5d0caff0550359588e214e94a0"}
api-1       | {"claimed": 50, "event": "outbox_dispatch_batch_completed", "lease_lost": 0, "level": "info", "published": 50, "retry_scheduled": 0, "role": "outbox_dispatcher", "timestamp": "2026-08-07T12:25:25.143004Z"}
api-1       | INFO:     127.0.0.1:43528 - "GET /health/ready HTTP/1.1" 200 OK
api-1       | {"duration_ms": 287.012, "event": "http_request_completed", "level": "info", "method": "GET", "outcome": "success", "path": "/health/ready", "request_id": "757ceea0-85a5-4dc3-b332-90815d708afb", "status_code": 200, "timestamp": "2026-08-07T12:25:25.195979Z", "trace_id": "fa973a5d0caff0550359588e214e94a0"}
api-1       | INFO:     172.18.0.1:40384 - "GET /api/v1/runs/98ca3970-26d9-4534-a10e-ba95109e45e6 HTTP/1.1" 200 OK
api-1       | {"api_key_prefix": "evk_5ec841b483bb", "duration_ms": 460.186, "event": "http_request_completed", "level": "info", "method": "GET", "outcome": "success", "path": "/api/v1/runs/98ca3970-26d9-4534-a10e-ba95109e45e6", "request_id": "f87e139f-7812-4d3b-bdff-f9f69b9a4c7b", "status_code": 200, "tenant_id": "fdd68433-c86c-470c-8b57-cec8ffc3d389", "timestamp": "2026-08-07T12:25:25.300002Z", "trace_id": "504d2fc496be23d578614f33e192dd79"}
api-1       | {"claimed": 50, "event": "outbox_dispatch_batch_completed", "lease_lost": 0, "level": "info", "published": 50, "retry_scheduled": 0, "role": "outbox_dispatcher", "timestamp": "2026-08-07T12:25:25.903485Z"}
api-1       | INFO:     172.18.0.1:40384 - "GET /api/v1/runs/98ca3970-26d9-4534-a10e-ba95109e45e6 HTTP/1.1" 200 OK
api-1       | {"api_key_prefix": "evk_5ec841b483bb", "duration_ms": 143.826, "event": "http_request_completed", "level": "info", "method": "GET", "outcome": "success", "path": "/api/v1/runs/98ca3970-26d9-4534-a10e-ba95109e45e6", "request_id": "b8213c5a-2ff6-45f2-bede-03c9108993bf", "status_code": 200, "tenant_id": "fdd68433-c86c-470c-8b57-cec8ffc3d389", "timestamp": "2026-08-07T12:25:25.954637Z", "trace_id": "d9f01caf70c741f8734b6b2246746840"}
api-1       | {"claimed": 50, "event": "outbox_dispatch_batch_completed", "lease_lost": 0, "level": "info", "published": 50, "retry_scheduled": 0, "role": "outbox_dispatcher", "timestamp": "2026-08-07T12:25:26.612423Z"}
api-1       | INFO:     172.18.0.1:40384 - "GET /api/v1/runs/98ca3970-26d9-4534-a10e-ba95109e45e6 HTTP/1.1" 200 OK
api-1       | {"api_key_prefix": "evk_5ec841b483bb", "duration_ms": 203.491, "event": "http_request_completed", "level": "info", "method": "GET", "outcome": "success", "path": "/api/v1/runs/98ca3970-26d9-4534-a10e-ba95109e45e6", "request_id": "6e1900cf-5a80-4699-bddd-fba973d245f1", "status_code": 200, "tenant_id": "fdd68433-c86c-470c-8b57-cec8ffc3d389", "timestamp": "2026-08-07T12:25:26.669823Z", "trace_id": "4582803daf5f62392e63d9f5cd594094"}
api-1       | {"claimed": 50, "event": "outbox_dispatch_batch_completed", "lease_lost": 0, "level": "info", "published": 50, "retry_scheduled": 0, "role": "outbox_dispatcher", "timestamp": "2026-08-07T12:25:27.317509Z"}
api-1       | INFO:     172.18.0.1:40384 - "GET /api/v1/runs/98ca3970-26d9-4534-a10e-ba95109e45e6 HTTP/1.1" 200 OK
api-1       | {"api_key_prefix": "evk_5ec841b483bb", "duration_ms": 190.662, "event": "http_request_completed", "level": "info", "method": "GET", "outcome": "success", "path": "/api/v1/runs/98ca3970-26d9-4534-a10e-ba95109e45e6", "request_id": "7666b5c7-11b4-40b5-804c-2a415a9fe632", "status_code": 200, "tenant_id": "fdd68433-c86c-470c-8b57-cec8ffc3d389", "timestamp": "2026-08-07T12:25:27.373223Z", "trace_id": "ddf5b8412302ed996fc89ff416b697f4"}
api-1       | INFO:     172.18.0.1:40384 - "GET /api/v1/runs/98ca3970-26d9-4534-a10e-ba95109e45e6/cases?limit=200&sort=case_id HTTP/1.1" 200 OK
api-1       | {"api_key_prefix": "evk_5ec841b483bb", "duration_ms": 77.914, "event": "http_request_completed", "level": "info", "method": "GET", "outcome": "success", "path": "/api/v1/runs/98ca3970-26d9-4534-a10e-ba95109e45e6/cases", "request_id": "e4c75cff-4073-49be-a6b5-dcc0314b337f", "status_code": 200, "tenant_id": "fdd68433-c86c-470c-8b57-cec8ffc3d389", "timestamp": "2026-08-07T12:25:27.453208Z", "trace_id": "ed7a8176088ad3b18091abb5d3c5ed1c"}
api-1       | INFO:     172.18.0.1:40384 - "GET /api/v1/runs/98ca3970-26d9-4534-a10e-ba95109e45e6/cases?limit=200&sort=case_id&cursor=eyJkaXJlY3Rpb24iOiJhc2MiLCJlcnJvcl9jb2RlIjpudWxsLCJqb2JfaWQiOiJiMmU1N2I3Mi0xNzNlLTQwNTYtOWNiZC1lZmNlNzQ5ZWQwZDUiLCJtZXRyaWMiOm51bGwsInNvcnQiOiJjYXNlX2lkIiwic3RhdHVzIjpudWxsLCJ2IjoxLCJ2YWx1ZSI6ImxvYWQtMDE5OSJ9 HTTP/1.1" 200 OK
api-1       | {"api_key_prefix": "evk_5ec841b483bb", "duration_ms": 72.547, "event": "http_request_completed", "level": "info", "method": "GET", "outcome": "success", "path": "/api/v1/runs/98ca3970-26d9-4534-a10e-ba95109e45e6/cases", "request_id": "e3c16b43-cf0f-4b32-89d5-e803432a1608", "status_code": 200, "tenant_id": "fdd68433-c86c-470c-8b57-cec8ffc3d389", "timestamp": "2026-08-07T12:25:27.528271Z", "trace_id": "d352bab918759670c49e2b2b4e1a9d15"}
api-1       | INFO:     172.18.0.1:40384 - "GET /api/v1/runs/98ca3970-26d9-4534-a10e-ba95109e45e6/cases?limit=200&sort=case_id&cursor=eyJkaXJlY3Rpb24iOiJhc2MiLCJlcnJvcl9jb2RlIjpudWxsLCJqb2JfaWQiOiIwOTgzMDk0NC03MDMzLTQzZjItYjNiMC1hOGM4YzAwMTlkOGIiLCJtZXRyaWMiOm51bGwsInNvcnQiOiJjYXNlX2lkIiwic3RhdHVzIjpudWxsLCJ2IjoxLCJ2YWx1ZSI6ImxvYWQtMDM5OSJ9 HTTP/1.1" 200 OK
api-1       | {"api_key_prefix": "evk_5ec841b483bb", "duration_ms": 69.026, "event": "http_request_completed", "level": "info", "method": "GET", "outcome": "success", "path": "/api/v1/runs/98ca3970-26d9-4534-a10e-ba95109e45e6/cases", "request_id": "44c38f1a-32e9-4b68-86f0-133ac62b7fbe", "status_code": 200, "tenant_id": "fdd68433-c86c-470c-8b57-cec8ffc3d389", "timestamp": "2026-08-07T12:25:27.599936Z", "trace_id": "5f4210dff66745945c562e228ae47176"}
api-1       | {"claimed": 50, "event": "outbox_dispatch_batch_completed", "lease_lost": 0, "level": "info", "published": 50, "retry_scheduled": 0, "role": "outbox_dispatcher", "timestamp": "2026-08-07T12:25:28.163505Z"}
api-1       | INFO:     127.0.0.1:43558 - "GET /metrics HTTP/1.1" 200 OK
api-1       | {"duration_ms": 13.836, "event": "http_request_completed", "level": "info", "method": "GET", "outcome": "success", "path": "/metrics", "request_id": "acd17774-a0fd-4359-9181-50d27c36f6df", "status_code": 200, "timestamp": "2026-08-07T12:25:28.185814Z", "trace_id": "1bcdf64c9cea58ed59df3fdc9da4eda6"}
api-1       | {"claimed": 50, "event": "outbox_dispatch_batch_completed", "lease_lost": 0, "level": "info", "published": 50, "retry_scheduled": 0, "role": "outbox_dispatcher", "timestamp": "2026-08-07T12:25:28.901285Z"}
api-1       | {"claimed": 50, "event": "outbox_dispatch_batch_completed", "lease_lost": 0, "level": "info", "published": 50, "retry_scheduled": 0, "role": "outbox_dispatcher", "timestamp": "2026-08-07T12:25:29.709304Z"}
api-1       | {"claimed": 50, "event": "outbox_dispatch_batch_completed", "lease_lost": 0, "level": "info", "published": 50, "retry_scheduled": 0, "role": "outbox_dispatcher", "timestamp": "2026-08-07T12:25:30.643968Z"}
api-1       | {"event": "Context impl PostgresqlImpl.", "level": "info", "request_id": "ce225c5f-46c6-4e39-b21b-229588d5586a", "timestamp": "2026-08-07T12:25:30.837923Z", "trace_id": "fdb8709edc37a315b61341cbee7fc66a"}
api-1       | {"event": "Will assume transactional DDL.", "level": "info", "request_id": "ce225c5f-46c6-4e39-b21b-229588d5586a", "timestamp": "2026-08-07T12:25:30.838125Z", "trace_id": "fdb8709edc37a315b61341cbee7fc66a"}
api-1       | INFO:     127.0.0.1:49836 - "GET /health/ready HTTP/1.1" 200 OK
api-1       | {"duration_ms": 52.125, "event": "http_request_completed", "level": "info", "method": "GET", "outcome": "success", "path": "/health/ready", "request_id": "ce225c5f-46c6-4e39-b21b-229588d5586a", "status_code": 200, "timestamp": "2026-08-07T12:25:30.864941Z", "trace_id": "fdb8709edc37a315b61341cbee7fc66a"}
api-1       | {"claimed": 50, "event": "outbox_dispatch_batch_completed", "lease_lost": 0, "level": "info", "published": 50, "retry_scheduled": 0, "role": "outbox_dispatcher", "timestamp": "2026-08-07T12:25:31.377694Z"}
api-1       | {"claimed": 50, "event": "outbox_dispatch_batch_completed", "lease_lost": 0, "level": "info", "published": 50, "retry_scheduled": 0, "role": "outbox_dispatcher", "timestamp": "2026-08-07T12:25:32.123334Z"}
api-1       | {"claimed": 50, "event": "outbox_dispatch_batch_completed", "lease_lost": 0, "level": "info", "published": 50, "retry_scheduled": 0, "role": "outbox_dispatcher", "timestamp": "2026-08-07T12:25:32.873598Z"}
api-1       | {"claimed": 50, "event": "outbox_dispatch_batch_completed", "lease_lost": 0, "level": "info", "published": 50, "retry_scheduled": 0, "role": "outbox_dispatcher", "timestamp": "2026-08-07T12:25:33.676051Z"}
api-1       | {"claimed": 50, "event": "outbox_dispatch_batch_completed", "lease_lost": 0, "level": "info", "published": 50, "retry_scheduled": 0, "role": "outbox_dispatcher", "timestamp": "2026-08-07T12:25:34.383946Z"}
api-1       | {"claimed": 50, "event": "outbox_dispatch_batch_completed", "lease_lost": 0, "level": "info", "published": 50, "retry_scheduled": 0, "role": "outbox_dispatcher", "timestamp": "2026-08-07T12:25:35.110649Z"}
api-1       | {"claimed": 50, "event": "outbox_dispatch_batch_completed", "lease_lost": 0, "level": "info", "published": 50, "retry_scheduled": 0, "role": "outbox_dispatcher", "timestamp": "2026-08-07T12:25:35.983671Z"}
api-1       | INFO:     172.18.0.1:57814 - "POST /api/v1/runs HTTP/1.1" 202 Accepted
api-1       | {"api_key_prefix": "evk_5ec841b483bb", "duration_ms": 303.076, "event": "http_request_completed", "level": "info", "method": "POST", "outcome": "success", "path": "/api/v1/runs", "request_id": "b2fca838-4f55-4525-963f-b4a4651ebbc4", "status_code": 202, "tenant_id": "fdd68433-c86c-470c-8b57-cec8ffc3d389", "timestamp": "2026-08-07T12:25:36.186998Z", "trace_id": "1fdf161064e8dbaf0e3bbcf6d8a4d8c3"}
api-1       | INFO:     172.18.0.1:57814 - "GET /api/v1/runs/4265dbdb-89a5-4e0a-a4c3-c93103099b27 HTTP/1.1" 200 OK
api-1       | {"api_key_prefix": "evk_5ec841b483bb", "duration_ms": 145.955, "event": "http_request_completed", "level": "info", "method": "GET", "outcome": "success", "path": "/api/v1/runs/4265dbdb-89a5-4e0a-a4c3-c93103099b27", "request_id": "0dffef75-8c09-4a00-b208-405cb0808d06", "status_code": 200, "tenant_id": "fdd68433-c86c-470c-8b57-cec8ffc3d389", "timestamp": "2026-08-07T12:25:36.335508Z", "trace_id": "2fbfa2c24e492d1da98576616ab5e08f"}
api-1       | {"event": "Context impl PostgresqlImpl.", "level": "info", "request_id": "72a1cee3-988b-4dc4-9c14-d1d2bebcd583", "timestamp": "2026-08-07T12:25:36.452881Z", "trace_id": "2f10e98816877c881ec544574a3c5629"}
api-1       | {"event": "Will assume transactional DDL.", "level": "info", "request_id": "72a1cee3-988b-4dc4-9c14-d1d2bebcd583", "timestamp": "2026-08-07T12:25:36.453000Z", "trace_id": "2f10e98816877c881ec544574a3c5629"}
api-1       | INFO:     127.0.0.1:49942 - "GET /health/ready HTTP/1.1" 200 OK
api-1       | {"duration_ms": 21.505, "event": "http_request_completed", "level": "info", "method": "GET", "outcome": "success", "path": "/health/ready", "request_id": "72a1cee3-988b-4dc4-9c14-d1d2bebcd583", "status_code": 200, "timestamp": "2026-08-07T12:25:36.459542Z", "trace_id": "2f10e98816877c881ec544574a3c5629"}
api-1       | {"claimed": 39, "event": "outbox_dispatch_batch_completed", "lease_lost": 0, "level": "info", "published": 39, "retry_scheduled": 0, "role": "outbox_dispatcher", "timestamp": "2026-08-07T12:25:36.687956Z"}
api-1       | INFO:     172.18.0.1:57814 - "GET /api/v1/runs/4265dbdb-89a5-4e0a-a4c3-c93103099b27 HTTP/1.1" 200 OK
api-1       | {"api_key_prefix": "evk_5ec841b483bb", "duration_ms": 64.594, "event": "http_request_completed", "level": "info", "method": "GET", "outcome": "success", "path": "/api/v1/runs/4265dbdb-89a5-4e0a-a4c3-c93103099b27", "request_id": "98130704-2f5f-42d5-b3a2-d2f84bfde883", "status_code": 200, "tenant_id": "fdd68433-c86c-470c-8b57-cec8ffc3d389", "timestamp": "2026-08-07T12:25:36.903274Z", "trace_id": "5c36e94a18a20e5408e898cf179215a5"}
api-1       | {"claimed": 50, "event": "outbox_dispatch_batch_completed", "lease_lost": 0, "level": "info", "published": 50, "retry_scheduled": 0, "role": "outbox_dispatcher", "timestamp": "2026-08-07T12:25:37.409919Z"}
api-1       | INFO:     172.18.0.1:57814 - "GET /api/v1/runs/4265dbdb-89a5-4e0a-a4c3-c93103099b27 HTTP/1.1" 200 OK
api-1       | {"api_key_prefix": "evk_5ec841b483bb", "duration_ms": 66.468, "event": "http_request_completed", "level": "info", "method": "GET", "outcome": "success", "path": "/api/v1/runs/4265dbdb-89a5-4e0a-a4c3-c93103099b27", "request_id": "3a606b0a-01a6-4046-b8e0-449e0f77f0fc", "status_code": 200, "tenant_id": "fdd68433-c86c-470c-8b57-cec8ffc3d389", "timestamp": "2026-08-07T12:25:37.473239Z", "trace_id": "4610737317bb248d02eaedda40165c2f"}
api-1       | {"claimed": 34, "event": "outbox_dispatch_batch_completed", "lease_lost": 0, "level": "info", "published": 34, "retry_scheduled": 0, "role": "outbox_dispatcher", "timestamp": "2026-08-07T12:25:38.074617Z"}
api-1       | INFO:     172.18.0.1:57814 - "GET /api/v1/runs/4265dbdb-89a5-4e0a-a4c3-c93103099b27 HTTP/1.1" 200 OK
api-1       | {"api_key_prefix": "evk_5ec841b483bb", "duration_ms": 145.131, "event": "http_request_completed", "level": "info", "method": "GET", "outcome": "success", "path": "/api/v1/runs/4265dbdb-89a5-4e0a-a4c3-c93103099b27", "request_id": "1be9e391-c336-4b0b-b93c-eecf01232585", "status_code": 200, "tenant_id": "fdd68433-c86c-470c-8b57-cec8ffc3d389", "timestamp": "2026-08-07T12:25:38.133235Z", "trace_id": "b8b911c31cc015fbefc9267939696b3c"}
api-1       | {"claimed": 5, "event": "outbox_dispatch_batch_completed", "lease_lost": 0, "level": "info", "published": 5, "retry_scheduled": 0, "role": "outbox_dispatcher", "timestamp": "2026-08-07T12:25:38.591592Z"}
api-1       | INFO:     172.18.0.1:57814 - "GET /api/v1/runs/4265dbdb-89a5-4e0a-a4c3-c93103099b27 HTTP/1.1" 200 OK
api-1       | {"api_key_prefix": "evk_5ec841b483bb", "duration_ms": 56.653, "event": "http_request_completed", "level": "info", "method": "GET", "outcome": "success", "path": "/api/v1/runs/4265dbdb-89a5-4e0a-a4c3-c93103099b27", "request_id": "2645ce2d-d162-470a-a8a8-26a9023d308f", "status_code": 200, "tenant_id": "fdd68433-c86c-470c-8b57-cec8ffc3d389", "timestamp": "2026-08-07T12:25:38.692651Z", "trace_id": "eed5f795733b0d0aa10ba99e3a916b39"}
api-1       | INFO:     172.18.0.1:57814 - "GET /api/v1/runs/4265dbdb-89a5-4e0a-a4c3-c93103099b27/cases?limit=200&sort=case_id HTTP/1.1" 200 OK
api-1       | {"api_key_prefix": "evk_5ec841b483bb", "duration_ms": 60.174, "event": "http_request_completed", "level": "info", "method": "GET", "outcome": "success", "path": "/api/v1/runs/4265dbdb-89a5-4e0a-a4c3-c93103099b27/cases", "request_id": "42672bd9-1ebf-4985-bc7d-209d57b62736", "status_code": 200, "tenant_id": "fdd68433-c86c-470c-8b57-cec8ffc3d389", "timestamp": "2026-08-07T12:25:38.754586Z", "trace_id": "39d885fb529b7a2b4a52e03ad291ff08"}
api-1       | INFO:     127.0.0.1:49952 - "GET /metrics HTTP/1.1" 200 OK
api-1       | {"duration_ms": 12.596, "event": "http_request_completed", "level": "info", "method": "GET", "outcome": "success", "path": "/metrics", "request_id": "d0479a60-b999-4de8-addf-54d9057c4aa4", "status_code": 200, "timestamp": "2026-08-07T12:25:39.157653Z", "trace_id": "6e82a5277d7bfedb4e80c5821cca9460"}
api-1       | INFO:     172.18.0.1:57814 - "POST /api/v1/runs HTTP/1.1" 202 Accepted
api-1       | {"api_key_prefix": "evk_5ec841b483bb", "duration_ms": 266.485, "event": "http_request_completed", "level": "info", "method": "POST", "outcome": "success", "path": "/api/v1/runs", "request_id": "bff58093-e581-4aaa-ae5b-f909c5d9cb41", "status_code": 202, "tenant_id": "fdd68433-c86c-470c-8b57-cec8ffc3d389", "timestamp": "2026-08-07T12:25:40.294126Z", "trace_id": "64f3b3b1df6cd0faa26eb5d6a247c234"}
api-1       | INFO:     172.18.0.1:57814 - "GET /api/v1/runs/044efa9f-43c4-4800-a3a0-59dee75de6fd HTTP/1.1" 200 OK
api-1       | {"api_key_prefix": "evk_5ec841b483bb", "duration_ms": 50.501, "event": "http_request_completed", "level": "info", "method": "GET", "outcome": "success", "path": "/api/v1/runs/044efa9f-43c4-4800-a3a0-59dee75de6fd", "request_id": "a98968e8-adea-4617-a32d-e47d5a2181e7", "status_code": 200, "tenant_id": "fdd68433-c86c-470c-8b57-cec8ffc3d389", "timestamp": "2026-08-07T12:25:40.346507Z", "trace_id": "408fae164cef7ad12550dd91aefa5107"}
api-1       | {"claimed": 13, "event": "outbox_dispatch_batch_completed", "lease_lost": 0, "level": "info", "published": 13, "retry_scheduled": 0, "role": "outbox_dispatcher", "timestamp": "2026-08-07T12:25:40.786376Z"}
api-1       | INFO:     172.18.0.1:57814 - "GET /api/v1/runs/044efa9f-43c4-4800-a3a0-59dee75de6fd HTTP/1.1" 200 OK
api-1       | {"api_key_prefix": "evk_5ec841b483bb", "duration_ms": 54.719, "event": "http_request_completed", "level": "info", "method": "GET", "outcome": "success", "path": "/api/v1/runs/044efa9f-43c4-4800-a3a0-59dee75de6fd", "request_id": "572b4892-2bee-4df6-bf13-3b8a42055d09", "status_code": 200, "tenant_id": "fdd68433-c86c-470c-8b57-cec8ffc3d389", "timestamp": "2026-08-07T12:25:40.903660Z", "trace_id": "abc0f0c2f7084cba0c35c9acc8f7941c"}
api-1       | {"claimed": 50, "event": "outbox_dispatch_batch_completed", "lease_lost": 0, "level": "info", "published": 50, "retry_scheduled": 0, "role": "outbox_dispatcher", "timestamp": "2026-08-07T12:25:41.522512Z"}
api-1       | INFO:     172.18.0.1:57814 - "GET /api/v1/runs/044efa9f-43c4-4800-a3a0-59dee75de6fd HTTP/1.1" 200 OK
api-1       | {"api_key_prefix": "evk_5ec841b483bb", "duration_ms": 218.659, "event": "http_request_completed", "level": "info", "method": "GET", "outcome": "success", "path": "/api/v1/runs/044efa9f-43c4-4800-a3a0-59dee75de6fd", "request_id": "11323051-a5c5-4af5-88aa-c0f2b5daf8ce", "status_code": 200, "tenant_id": "fdd68433-c86c-470c-8b57-cec8ffc3d389", "timestamp": "2026-08-07T12:25:41.628256Z", "trace_id": "f2774619ca66d11208aff708de8b46bf"}
api-1       | {"event": "Context impl PostgresqlImpl.", "level": "info", "request_id": "2f7f9a29-5fc8-4f80-865c-48e3e0294143", "timestamp": "2026-08-07T12:25:41.836399Z", "trace_id": "66370b9ff01d6de91d2ef67579257730"}
api-1       | {"event": "Will assume transactional DDL.", "level": "info", "request_id": "2f7f9a29-5fc8-4f80-865c-48e3e0294143", "timestamp": "2026-08-07T12:25:41.836615Z", "trace_id": "66370b9ff01d6de91d2ef67579257730"}
api-1       | INFO:     127.0.0.1:42396 - "GET /health/ready HTTP/1.1" 200 OK
api-1       | {"duration_ms": 24.511, "event": "http_request_completed", "level": "info", "method": "GET", "outcome": "success", "path": "/health/ready", "request_id": "2f7f9a29-5fc8-4f80-865c-48e3e0294143", "status_code": 200, "timestamp": "2026-08-07T12:25:41.845198Z", "trace_id": "66370b9ff01d6de91d2ef67579257730"}
api-1       | {"claimed": 50, "event": "outbox_dispatch_batch_completed", "lease_lost": 0, "level": "info", "published": 50, "retry_scheduled": 0, "role": "outbox_dispatcher", "timestamp": "2026-08-07T12:25:42.283860Z"}
api-1       | INFO:     172.18.0.1:57814 - "GET /api/v1/runs/044efa9f-43c4-4800-a3a0-59dee75de6fd HTTP/1.1" 200 OK
api-1       | {"api_key_prefix": "evk_5ec841b483bb", "duration_ms": 205.632, "event": "http_request_completed", "level": "info", "method": "GET", "outcome": "success", "path": "/api/v1/runs/044efa9f-43c4-4800-a3a0-59dee75de6fd", "request_id": "b00b6d6e-5594-4d6b-a00f-2c0e54c6ffb7", "status_code": 200, "tenant_id": "fdd68433-c86c-470c-8b57-cec8ffc3d389", "timestamp": "2026-08-07T12:25:42.350598Z", "trace_id": "b27261cc8871d6787a7937256a6599db"}
api-1       | {"claimed": 50, "event": "outbox_dispatch_batch_completed", "lease_lost": 0, "level": "info", "published": 50, "retry_scheduled": 0, "role": "outbox_dispatcher", "timestamp": "2026-08-07T12:25:43.024217Z"}
api-1       | INFO:     172.18.0.1:57814 - "GET /api/v1/runs/044efa9f-43c4-4800-a3a0-59dee75de6fd HTTP/1.1" 200 OK
api-1       | {"api_key_prefix": "evk_5ec841b483bb", "duration_ms": 221.111, "event": "http_request_completed", "level": "info", "method": "GET", "outcome": "success", "path": "/api/v1/runs/044efa9f-43c4-4800-a3a0-59dee75de6fd", "request_id": "df6e5315-d5fe-40a1-9a2b-c879c662b1eb", "status_code": 200, "tenant_id": "fdd68433-c86c-470c-8b57-cec8ffc3d389", "timestamp": "2026-08-07T12:25:43.083596Z", "trace_id": "e7ec038657127a9d497b42132cf34ac5"}
api-1       | {"claimed": 50, "event": "outbox_dispatch_batch_completed", "lease_lost": 0, "level": "info", "published": 50, "retry_scheduled": 0, "role": "outbox_dispatcher", "timestamp": "2026-08-07T12:25:43.812858Z"}
api-1       | INFO:     172.18.0.1:57814 - "GET /api/v1/runs/044efa9f-43c4-4800-a3a0-59dee75de6fd HTTP/1.1" 200 OK
api-1       | {"api_key_prefix": "evk_5ec841b483bb", "duration_ms": 274.094, "event": "http_request_completed", "level": "info", "method": "GET", "outcome": "success", "path": "/api/v1/runs/044efa9f-43c4-4800-a3a0-59dee75de6fd", "request_id": "451d2e14-f1c8-40f8-bd07-96ab82a9e021", "status_code": 200, "tenant_id": "fdd68433-c86c-470c-8b57-cec8ffc3d389", "timestamp": "2026-08-07T12:25:43.885013Z", "trace_id": "14be587d8293d33a774927845472c2bd"}
api-1       | {"claimed": 50, "event": "outbox_dispatch_batch_completed", "lease_lost": 0, "level": "info", "published": 50, "retry_scheduled": 0, "role": "outbox_dispatcher", "timestamp": "2026-08-07T12:25:44.573726Z"}
api-1       | INFO:     172.18.0.1:57814 - "GET /api/v1/runs/044efa9f-43c4-4800-a3a0-59dee75de6fd HTTP/1.1" 200 OK
api-1       | {"api_key_prefix": "evk_5ec841b483bb", "duration_ms": 246.906, "event": "http_request_completed", "level": "info", "method": "GET", "outcome": "success", "path": "/api/v1/runs/044efa9f-43c4-4800-a3a0-59dee75de6fd", "request_id": "d16ed0d5-df52-4420-8cf6-d9241e234070", "status_code": 200, "tenant_id": "fdd68433-c86c-470c-8b57-cec8ffc3d389", "timestamp": "2026-08-07T12:25:44.640736Z", "trace_id": "cc98290ef048d8b2d4278ad137af0582"}
api-1       | {"claimed": 50, "event": "outbox_dispatch_batch_completed", "lease_lost": 0, "level": "info", "published": 50, "retry_scheduled": 0, "role": "outbox_dispatcher", "timestamp": "2026-08-07T12:25:45.317326Z"}
api-1       | INFO:     172.18.0.1:57814 - "GET /api/v1/runs/044efa9f-43c4-4800-a3a0-59dee75de6fd HTTP/1.1" 200 OK
api-1       | {"api_key_prefix": "evk_5ec841b483bb", "duration_ms": 231.49, "event": "http_request_completed", "level": "info", "method": "GET", "outcome": "success", "path": "/api/v1/runs/044efa9f-43c4-4800-a3a0-59dee75de6fd", "request_id": "03127a33-d614-4266-945b-cabc3e93e7ce", "status_code": 200, "tenant_id": "fdd68433-c86c-470c-8b57-cec8ffc3d389", "timestamp": "2026-08-07T12:25:45.382740Z", "trace_id": "3d8d60a7e4b3e6405efd0a61c41b82f1"}
api-1       | {"claimed": 50, "event": "outbox_dispatch_batch_completed", "lease_lost": 0, "level": "info", "published": 50, "retry_scheduled": 0, "role": "outbox_dispatcher", "timestamp": "2026-08-07T12:25:46.026757Z"}
api-1       | INFO:     172.18.0.1:57814 - "GET /api/v1/runs/044efa9f-43c4-4800-a3a0-59dee75de6fd HTTP/1.1" 200 OK
api-1       | {"api_key_prefix": "evk_5ec841b483bb", "duration_ms": 248.737, "event": "http_request_completed", "level": "info", "method": "GET", "outcome": "success", "path": "/api/v1/runs/044efa9f-43c4-4800-a3a0-59dee75de6fd", "request_id": "0a214b89-28ae-40a6-b204-f42141524200", "status_code": 200, "tenant_id": "fdd68433-c86c-470c-8b57-cec8ffc3d389", "timestamp": "2026-08-07T12:25:46.144331Z", "trace_id": "fa971fba202bb82acf7b289d41841bd7"}
api-1       | {"claimed": 50, "event": "outbox_dispatch_batch_completed", "lease_lost": 0, "level": "info", "published": 50, "retry_scheduled": 0, "role": "outbox_dispatcher", "timestamp": "2026-08-07T12:25:46.887934Z"}
api-1       | INFO:     172.18.0.1:57814 - "GET /api/v1/runs/044efa9f-43c4-4800-a3a0-59dee75de6fd HTTP/1.1" 200 OK
api-1       | {"api_key_prefix": "evk_5ec841b483bb", "duration_ms": 262.737, "event": "http_request_completed", "level": "info", "method": "GET", "outcome": "success", "path": "/api/v1/runs/044efa9f-43c4-4800-a3a0-59dee75de6fd", "request_id": "37af4468-c5a0-4824-910a-37d20d21c59a", "status_code": 200, "tenant_id": "fdd68433-c86c-470c-8b57-cec8ffc3d389", "timestamp": "2026-08-07T12:25:46.966578Z", "trace_id": "09a4ed9a0016e04b08f70ae90b32eefc"}
api-1       | {"event": "Context impl PostgresqlImpl.", "level": "info", "request_id": "226e84e5-efee-4529-a5e4-27dfadae66d9", "timestamp": "2026-08-07T12:25:47.266263Z", "trace_id": "6bdc95fa6ee277feea39ab8ab742b11e"}
api-1       | {"event": "Will assume transactional DDL.", "level": "info", "request_id": "226e84e5-efee-4529-a5e4-27dfadae66d9", "timestamp": "2026-08-07T12:25:47.266421Z", "trace_id": "6bdc95fa6ee277feea39ab8ab742b11e"}
api-1       | INFO:     127.0.0.1:42444 - "GET /health/ready HTTP/1.1" 200 OK
api-1       | {"duration_ms": 27.463, "event": "http_request_completed", "level": "info", "method": "GET", "outcome": "success", "path": "/health/ready", "request_id": "226e84e5-efee-4529-a5e4-27dfadae66d9", "status_code": 200, "timestamp": "2026-08-07T12:25:47.275526Z", "trace_id": "6bdc95fa6ee277feea39ab8ab742b11e"}
api-1       | {"claimed": 50, "event": "outbox_dispatch_batch_completed", "lease_lost": 0, "level": "info", "published": 50, "retry_scheduled": 0, "role": "outbox_dispatcher", "timestamp": "2026-08-07T12:25:47.684579Z"}
api-1       | INFO:     172.18.0.1:57814 - "GET /api/v1/runs/044efa9f-43c4-4800-a3a0-59dee75de6fd HTTP/1.1" 200 OK
api-1       | {"api_key_prefix": "evk_5ec841b483bb", "duration_ms": 252.76, "event": "http_request_completed", "level": "info", "method": "GET", "outcome": "success", "path": "/api/v1/runs/044efa9f-43c4-4800-a3a0-59dee75de6fd", "request_id": "9cb7e105-09a6-4738-bae0-aeeaa709dc45", "status_code": 200, "tenant_id": "fdd68433-c86c-470c-8b57-cec8ffc3d389", "timestamp": "2026-08-07T12:25:47.740390Z", "trace_id": "5ad00e895f75b5ca9bf7c3329e118520"}
api-1       | {"claimed": 50, "event": "outbox_dispatch_batch_completed", "lease_lost": 0, "level": "info", "published": 50, "retry_scheduled": 0, "role": "outbox_dispatcher", "timestamp": "2026-08-07T12:25:48.409486Z"}
api-1       | INFO:     172.18.0.1:57814 - "GET /api/v1/runs/044efa9f-43c4-4800-a3a0-59dee75de6fd HTTP/1.1" 200 OK
api-1       | {"api_key_prefix": "evk_5ec841b483bb", "duration_ms": 221.819, "event": "http_request_completed", "level": "info", "method": "GET", "outcome": "success", "path": "/api/v1/runs/044efa9f-43c4-4800-a3a0-59dee75de6fd", "request_id": "40022d79-9630-416c-a94c-a13c6ea420d2", "status_code": 200, "tenant_id": "fdd68433-c86c-470c-8b57-cec8ffc3d389", "timestamp": "2026-08-07T12:25:48.479379Z", "trace_id": "bbd826a1fd10d0970231f4e651b1069b"}
api-1       | {"claimed": 50, "event": "outbox_dispatch_batch_completed", "lease_lost": 0, "level": "info", "published": 50, "retry_scheduled": 0, "role": "outbox_dispatcher", "timestamp": "2026-08-07T12:25:49.169917Z"}
api-1       | INFO:     172.18.0.1:57814 - "GET /api/v1/runs/044efa9f-43c4-4800-a3a0-59dee75de6fd HTTP/1.1" 200 OK
api-1       | {"api_key_prefix": "evk_5ec841b483bb", "duration_ms": 250.869, "event": "http_request_completed", "level": "info", "method": "GET", "outcome": "success", "path": "/api/v1/runs/044efa9f-43c4-4800-a3a0-59dee75de6fd", "request_id": "ac1670ce-444e-4fff-baf4-c020116af354", "status_code": 200, "tenant_id": "fdd68433-c86c-470c-8b57-cec8ffc3d389", "timestamp": "2026-08-07T12:25:49.234179Z", "trace_id": "e9519012ddcbe9abaf91d0c9853548a5"}
api-1       | {"claimed": 50, "event": "outbox_dispatch_batch_completed", "lease_lost": 0, "level": "info", "published": 50, "retry_scheduled": 0, "role": "outbox_dispatcher", "timestamp": "2026-08-07T12:25:49.912204Z"}
api-1       | INFO:     172.18.0.1:57814 - "GET /api/v1/runs/044efa9f-43c4-4800-a3a0-59dee75de6fd HTTP/1.1" 200 OK
api-1       | {"api_key_prefix": "evk_5ec841b483bb", "duration_ms": 229.285, "event": "http_request_completed", "level": "info", "method": "GET", "outcome": "success", "path": "/api/v1/runs/044efa9f-43c4-4800-a3a0-59dee75de6fd", "request_id": "62e49d1d-d30e-4f1d-9b20-a6462e0fc820", "status_code": 200, "tenant_id": "fdd68433-c86c-470c-8b57-cec8ffc3d389", "timestamp": "2026-08-07T12:25:49.974855Z", "trace_id": "b6a4b5432f8ef3aeffab8d91c13a64e9"}
api-1       | {"claimed": 50, "event": "outbox_dispatch_batch_completed", "lease_lost": 0, "level": "info", "published": 50, "retry_scheduled": 0, "role": "outbox_dispatcher", "timestamp": "2026-08-07T12:25:50.626654Z"}
api-1       | INFO:     172.18.0.1:57814 - "GET /api/v1/runs/044efa9f-43c4-4800-a3a0-59dee75de6fd HTTP/1.1" 200 OK
api-1       | {"api_key_prefix": "evk_5ec841b483bb", "duration_ms": 197.455, "event": "http_request_completed", "level": "info", "method": "GET", "outcome": "success", "path": "/api/v1/runs/044efa9f-43c4-4800-a3a0-59dee75de6fd", "request_id": "165d8ad1-ee27-42f1-aacf-daf0c626e262", "status_code": 200, "tenant_id": "fdd68433-c86c-470c-8b57-cec8ffc3d389", "timestamp": "2026-08-07T12:25:50.686273Z", "trace_id": "69139ae33f85f7b06f962cabb86d1e2e"}
api-1       | {"claimed": 50, "event": "outbox_dispatch_batch_completed", "lease_lost": 0, "level": "info", "published": 50, "retry_scheduled": 0, "role": "outbox_dispatcher", "timestamp": "2026-08-07T12:25:51.401492Z"}
api-1       | INFO:     172.18.0.1:57814 - "GET /api/v1/runs/044efa9f-43c4-4800-a3a0-59dee75de6fd HTTP/1.1" 200 OK
api-1       | {"api_key_prefix": "evk_5ec841b483bb", "duration_ms": 240.396, "event": "http_request_completed", "level": "info", "method": "GET", "outcome": "success", "path": "/api/v1/runs/044efa9f-43c4-4800-a3a0-59dee75de6fd", "request_id": "298ea5ea-d6d8-4c40-814d-c35ff7579b1b", "status_code": 200, "tenant_id": "fdd68433-c86c-470c-8b57-cec8ffc3d389", "timestamp": "2026-08-07T12:25:51.463196Z", "trace_id": "d55afe6fe5f43cca1596e788c44a42c5"}
api-1       | {"claimed": 50, "event": "outbox_dispatch_batch_completed", "lease_lost": 0, "level": "info", "published": 50, "retry_scheduled": 0, "role": "outbox_dispatcher", "timestamp": "2026-08-07T12:25:52.119444Z"}
api-1       | INFO:     172.18.0.1:57814 - "GET /api/v1/runs/044efa9f-43c4-4800-a3a0-59dee75de6fd HTTP/1.1" 200 OK
api-1       | {"api_key_prefix": "evk_5ec841b483bb", "duration_ms": 210.361, "event": "http_request_completed", "level": "info", "method": "GET", "outcome": "success", "path": "/api/v1/runs/044efa9f-43c4-4800-a3a0-59dee75de6fd", "request_id": "6920a286-85f3-464a-8916-6258d203af0a", "status_code": 200, "tenant_id": "fdd68433-c86c-470c-8b57-cec8ffc3d389", "timestamp": "2026-08-07T12:25:52.182011Z", "trace_id": "ec9d4210eb938474cf3a1aadf10369cb"}
api-1       | {"event": "Context impl PostgresqlImpl.", "level": "info", "request_id": "a48c0608-a8f3-4690-8af0-4f423798f584", "timestamp": "2026-08-07T12:25:52.598228Z", "trace_id": "6f6b71ffd36a54999ef2a49cd0c7c728"}
api-1       | {"event": "Will assume transactional DDL.", "level": "info", "request_id": "a48c0608-a8f3-4690-8af0-4f423798f584", "timestamp": "2026-08-07T12:25:52.598341Z", "trace_id": "6f6b71ffd36a54999ef2a49cd0c7c728"}
api-1       | INFO:     127.0.0.1:56964 - "GET /health/ready HTTP/1.1" 200 OK
api-1       | {"duration_ms": 29.569, "event": "http_request_completed", "level": "info", "method": "GET", "outcome": "success", "path": "/health/ready", "request_id": "a48c0608-a8f3-4690-8af0-4f423798f584", "status_code": 200, "timestamp": "2026-08-07T12:25:52.606774Z", "trace_id": "6f6b71ffd36a54999ef2a49cd0c7c728"}
api-1       | {"claimed": 50, "event": "outbox_dispatch_batch_completed", "lease_lost": 0, "level": "info", "published": 50, "retry_scheduled": 0, "role": "outbox_dispatcher", "timestamp": "2026-08-07T12:25:52.915983Z"}
api-1       | INFO:     172.18.0.1:57814 - "GET /api/v1/runs/044efa9f-43c4-4800-a3a0-59dee75de6fd HTTP/1.1" 200 OK
api-1       | {"api_key_prefix": "evk_5ec841b483bb", "duration_ms": 233.677, "event": "http_request_completed", "level": "info", "method": "GET", "outcome": "success", "path": "/api/v1/runs/044efa9f-43c4-4800-a3a0-59dee75de6fd", "request_id": "ac032d5d-ddee-47a8-a3db-996e3d8885f9", "status_code": 200, "tenant_id": "fdd68433-c86c-470c-8b57-cec8ffc3d389", "timestamp": "2026-08-07T12:25:52.980611Z", "trace_id": "0c709d6388f07559a6f39cded0515c4d"}
api-1       | {"claimed": 50, "event": "outbox_dispatch_batch_completed", "lease_lost": 0, "level": "info", "published": 50, "retry_scheduled": 0, "role": "outbox_dispatcher", "timestamp": "2026-08-07T12:25:53.591661Z"}
api-1       | INFO:     172.18.0.1:57814 - "GET /api/v1/runs/044efa9f-43c4-4800-a3a0-59dee75de6fd HTTP/1.1" 200 OK
api-1       | {"api_key_prefix": "evk_5ec841b483bb", "duration_ms": 150.6, "event": "http_request_completed", "level": "info", "method": "GET", "outcome": "success", "path": "/api/v1/runs/044efa9f-43c4-4800-a3a0-59dee75de6fd", "request_id": "0d19ffca-4fd8-4be2-82f2-550114f83ee3", "status_code": 200, "tenant_id": "fdd68433-c86c-470c-8b57-cec8ffc3d389", "timestamp": "2026-08-07T12:25:53.653167Z", "trace_id": "064d82e251aa595dbd7474fbabd49f87"}
api-1       | {"claimed": 50, "event": "outbox_dispatch_batch_completed", "lease_lost": 0, "level": "info", "published": 50, "retry_scheduled": 0, "role": "outbox_dispatcher", "timestamp": "2026-08-07T12:25:54.286629Z"}
api-1       | INFO:     172.18.0.1:57814 - "GET /api/v1/runs/044efa9f-43c4-4800-a3a0-59dee75de6fd HTTP/1.1" 200 OK
api-1       | {"api_key_prefix": "evk_5ec841b483bb", "duration_ms": 183.087, "event": "http_request_completed", "level": "info", "method": "GET", "outcome": "success", "path": "/api/v1/runs/044efa9f-43c4-4800-a3a0-59dee75de6fd", "request_id": "158e9ef1-27a7-4adc-b875-e75c7713b7c8", "status_code": 200, "tenant_id": "fdd68433-c86c-470c-8b57-cec8ffc3d389", "timestamp": "2026-08-07T12:25:54.343799Z", "trace_id": "073b818862eccf0183e43235a5ae9c63"}
api-1       | {"claimed": 50, "event": "outbox_dispatch_batch_completed", "lease_lost": 0, "level": "info", "published": 50, "retry_scheduled": 0, "role": "outbox_dispatcher", "timestamp": "2026-08-07T12:25:55.007390Z"}
api-1       | INFO:     172.18.0.1:57814 - "GET /api/v1/runs/044efa9f-43c4-4800-a3a0-59dee75de6fd HTTP/1.1" 200 OK
api-1       | {"api_key_prefix": "evk_5ec841b483bb", "duration_ms": 208.783, "event": "http_request_completed", "level": "info", "method": "GET", "outcome": "success", "path": "/api/v1/runs/044efa9f-43c4-4800-a3a0-59dee75de6fd", "request_id": "2dd6f6f7-91a8-4613-837b-5de097deb35b", "status_code": 200, "tenant_id": "fdd68433-c86c-470c-8b57-cec8ffc3d389", "timestamp": "2026-08-07T12:25:55.062916Z", "trace_id": "b3f33197ec266170c31825f3067a78a0"}
api-1       | INFO:     172.18.0.1:57814 - "GET /api/v1/runs/044efa9f-43c4-4800-a3a0-59dee75de6fd/cases?limit=200&sort=case_id HTTP/1.1" 200 OK
api-1       | {"api_key_prefix": "evk_5ec841b483bb", "duration_ms": 72.76, "event": "http_request_completed", "level": "info", "method": "GET", "outcome": "success", "path": "/api/v1/runs/044efa9f-43c4-4800-a3a0-59dee75de6fd/cases", "request_id": "e0255218-bdd1-45be-a31f-04011a8b4b5d", "status_code": 200, "tenant_id": "fdd68433-c86c-470c-8b57-cec8ffc3d389", "timestamp": "2026-08-07T12:25:55.137394Z", "trace_id": "ce56c094ef4f76c53c82864515acde0e"}
api-1       | INFO:     172.18.0.1:57814 - "GET /api/v1/runs/044efa9f-43c4-4800-a3a0-59dee75de6fd/cases?limit=200&sort=case_id&cursor=eyJkaXJlY3Rpb24iOiJhc2MiLCJlcnJvcl9jb2RlIjpudWxsLCJqb2JfaWQiOiI3ZmJiZjE0NS0wOGIxLTQ1ZDUtYTFjYi1hNTBkZTI2NmZjNzEiLCJtZXRyaWMiOm51bGwsInNvcnQiOiJjYXNlX2lkIiwic3RhdHVzIjpudWxsLCJ2IjoxLCJ2YWx1ZSI6ImxvYWQtMDE5OSJ9 HTTP/1.1" 200 OK
api-1       | {"api_key_prefix": "evk_5ec841b483bb", "duration_ms": 69.11, "event": "http_request_completed", "level": "info", "method": "GET", "outcome": "success", "path": "/api/v1/runs/044efa9f-43c4-4800-a3a0-59dee75de6fd/cases", "request_id": "3dec19cc-d3ec-45dc-b511-31452d989dfb", "status_code": 200, "tenant_id": "fdd68433-c86c-470c-8b57-cec8ffc3d389", "timestamp": "2026-08-07T12:25:55.209300Z", "trace_id": "b91f38f7eab75153e7ec261fe96bef06"}
api-1       | INFO:     172.18.0.1:57814 - "GET /api/v1/runs/044efa9f-43c4-4800-a3a0-59dee75de6fd/cases?limit=200&sort=case_id&cursor=eyJkaXJlY3Rpb24iOiJhc2MiLCJlcnJvcl9jb2RlIjpudWxsLCJqb2JfaWQiOiI1YjBmZmMwYi00ODE2LTRjYzUtOTViNi1jZTdjNDI3YzQzZTMiLCJtZXRyaWMiOm51bGwsInNvcnQiOiJjYXNlX2lkIiwic3RhdHVzIjpudWxsLCJ2IjoxLCJ2YWx1ZSI6ImxvYWQtMDM5OSJ9 HTTP/1.1" 200 OK
api-1       | {"api_key_prefix": "evk_5ec841b483bb", "duration_ms": 62.599, "event": "http_request_completed", "level": "info", "method": "GET", "outcome": "success", "path": "/api/v1/runs/044efa9f-43c4-4800-a3a0-59dee75de6fd/cases", "request_id": "3de02ed0-9b3e-411e-b8f6-0787609690f0", "status_code": 200, "tenant_id": "fdd68433-c86c-470c-8b57-cec8ffc3d389", "timestamp": "2026-08-07T12:25:55.274447Z", "trace_id": "16495e9bf42a8b92377d332e852a147b"}
api-1       | {"claimed": 50, "event": "outbox_dispatch_batch_completed", "lease_lost": 0, "level": "info", "published": 50, "retry_scheduled": 0, "role": "outbox_dispatcher", "timestamp": "2026-08-07T12:25:55.854430Z"}
api-1       | INFO:     127.0.0.1:56978 - "GET /metrics HTTP/1.1" 200 OK
api-1       | {"duration_ms": 34.635, "event": "http_request_completed", "level": "info", "method": "GET", "outcome": "success", "path": "/metrics", "request_id": "4aef5233-35ae-45e3-ac9a-a4e906cf088f", "status_code": 200, "timestamp": "2026-08-07T12:25:55.873761Z", "trace_id": "d39f026421f49ac3a1c11a15976db72d"}
api-1       | {"claimed": 39, "event": "outbox_dispatch_batch_completed", "lease_lost": 0, "level": "info", "published": 39, "retry_scheduled": 0, "role": "outbox_dispatcher", "timestamp": "2026-08-07T12:25:56.571687Z"}
api-1       | {"event": "Context impl PostgresqlImpl.", "level": "info", "request_id": "2809ba01-3f0d-4791-b1cf-7d0029aeb68e", "timestamp": "2026-08-07T12:25:57.920531Z", "trace_id": "37d30c876df0f599ba4a1a762dcff2cf"}
api-1       | {"event": "Will assume transactional DDL.", "level": "info", "request_id": "2809ba01-3f0d-4791-b1cf-7d0029aeb68e", "timestamp": "2026-08-07T12:25:57.920685Z", "trace_id": "37d30c876df0f599ba4a1a762dcff2cf"}
api-1       | INFO:     127.0.0.1:57018 - "GET /health/ready HTTP/1.1" 200 OK
api-1       | {"duration_ms": 27.688, "event": "http_request_completed", "level": "info", "method": "GET", "outcome": "success", "path": "/health/ready", "request_id": "2809ba01-3f0d-4791-b1cf-7d0029aeb68e", "status_code": 200, "timestamp": "2026-08-07T12:25:57.928407Z", "trace_id": "37d30c876df0f599ba4a1a762dcff2cf"}
api-1       | INFO:     172.18.0.1:57814 - "POST /api/v1/runs HTTP/1.1" 202 Accepted
api-1       | {"api_key_prefix": "evk_5ec841b483bb", "duration_ms": 85.5, "event": "http_request_completed", "level": "info", "method": "POST", "outcome": "success", "path": "/api/v1/runs", "request_id": "d4c9cba5-4be6-4fbe-9c08-ab62a16e1468", "status_code": 202, "tenant_id": "fdd68433-c86c-470c-8b57-cec8ffc3d389", "timestamp": "2026-08-07T12:26:00.343184Z", "trace_id": "549f33ba0cd99aa3238f0f0b07d84df5"}
api-1       | INFO:     172.18.0.1:57814 - "GET /api/v1/runs/227e8bce-49d3-4d3b-953e-8fefc915c627 HTTP/1.1" 200 OK
api-1       | {"api_key_prefix": "evk_5ec841b483bb", "duration_ms": 48.494, "event": "http_request_completed", "level": "info", "method": "GET", "outcome": "success", "path": "/api/v1/runs/227e8bce-49d3-4d3b-953e-8fefc915c627", "request_id": "b45caec2-7aab-4e90-9242-b4a746fb18bf", "status_code": 200, "tenant_id": "fdd68433-c86c-470c-8b57-cec8ffc3d389", "timestamp": "2026-08-07T12:26:00.393256Z", "trace_id": "1852f0f20db6d9005895e078f5d32ecb"}
api-1       | {"claimed": 11, "event": "outbox_dispatch_batch_completed", "lease_lost": 0, "level": "info", "published": 11, "retry_scheduled": 0, "role": "outbox_dispatcher", "timestamp": "2026-08-07T12:26:00.680143Z"}
api-1       | INFO:     172.18.0.1:57814 - "GET /api/v1/runs/227e8bce-49d3-4d3b-953e-8fefc915c627 HTTP/1.1" 200 OK
api-1       | {"api_key_prefix": "evk_5ec841b483bb", "duration_ms": 50.898, "event": "http_request_completed", "level": "info", "method": "GET", "outcome": "success", "path": "/api/v1/runs/227e8bce-49d3-4d3b-953e-8fefc915c627", "request_id": "bd518896-1594-4a24-83af-e0081bebc5a9", "status_code": 200, "tenant_id": "fdd68433-c86c-470c-8b57-cec8ffc3d389", "timestamp": "2026-08-07T12:26:00.946608Z", "trace_id": "9882ec71608e56f0669552773075a8f6"}
api-1       | {"claimed": 29, "event": "outbox_dispatch_batch_completed", "lease_lost": 0, "level": "info", "published": 29, "retry_scheduled": 0, "role": "outbox_dispatcher", "timestamp": "2026-08-07T12:26:01.393116Z"}
api-1       | INFO:     172.18.0.1:57814 - "GET /api/v1/runs/227e8bce-49d3-4d3b-953e-8fefc915c627 HTTP/1.1" 200 OK
api-1       | {"api_key_prefix": "evk_5ec841b483bb", "duration_ms": 56.181, "event": "http_request_completed", "level": "info", "method": "GET", "outcome": "success", "path": "/api/v1/runs/227e8bce-49d3-4d3b-953e-8fefc915c627", "request_id": "8b9e7e8c-50e1-4cf4-a00f-0a9f59fb0d92", "status_code": 200, "tenant_id": "fdd68433-c86c-470c-8b57-cec8ffc3d389", "timestamp": "2026-08-07T12:26:01.505322Z", "trace_id": "1c1c8052a55bf7212bdd8a40c73182ea"}
api-1       | {"claimed": 36, "event": "outbox_dispatch_batch_completed", "lease_lost": 0, "level": "info", "published": 36, "retry_scheduled": 0, "role": "outbox_dispatcher", "timestamp": "2026-08-07T12:26:02.083909Z"}
api-1       | INFO:     172.18.0.1:57814 - "GET /api/v1/runs/227e8bce-49d3-4d3b-953e-8fefc915c627 HTTP/1.1" 200 OK
api-1       | {"api_key_prefix": "evk_5ec841b483bb", "duration_ms": 125.312, "event": "http_request_completed", "level": "info", "method": "GET", "outcome": "success", "path": "/api/v1/runs/227e8bce-49d3-4d3b-953e-8fefc915c627", "request_id": "4ae2075a-7245-4bcc-adec-4ac3ae022d52", "status_code": 200, "tenant_id": "fdd68433-c86c-470c-8b57-cec8ffc3d389", "timestamp": "2026-08-07T12:26:02.135250Z", "trace_id": "017e54c9b4ea9e725e90d5498fedb199"}
api-1       | {"claimed": 25, "event": "outbox_dispatch_batch_completed", "lease_lost": 0, "level": "info", "published": 25, "retry_scheduled": 0, "role": "outbox_dispatcher", "timestamp": "2026-08-07T12:26:02.708614Z"}
api-1       | INFO:     172.18.0.1:57814 - "GET /api/v1/runs/227e8bce-49d3-4d3b-953e-8fefc915c627 HTTP/1.1" 200 OK
api-1       | {"api_key_prefix": "evk_5ec841b483bb", "duration_ms": 120.48, "event": "http_request_completed", "level": "info", "method": "GET", "outcome": "success", "path": "/api/v1/runs/227e8bce-49d3-4d3b-953e-8fefc915c627", "request_id": "58273d03-89fa-4b2a-be47-dfedca4b641f", "status_code": 200, "tenant_id": "fdd68433-c86c-470c-8b57-cec8ffc3d389", "timestamp": "2026-08-07T12:26:02.784378Z", "trace_id": "38c97c5be52cbddbef6fe6a1d5aa7801"}
api-1       | {"claimed": 5, "event": "outbox_dispatch_batch_completed", "lease_lost": 0, "level": "info", "published": 5, "retry_scheduled": 0, "role": "outbox_dispatcher", "timestamp": "2026-08-07T12:26:03.243523Z"}
api-1       | {"event": "Context impl PostgresqlImpl.", "level": "info", "request_id": "49969ef4-b086-4b6d-a347-f0d38e4808f1", "timestamp": "2026-08-07T12:26:03.246144Z", "trace_id": "17eb8f40fbbbcf7c319156558ad6ed15"}
api-1       | {"event": "Will assume transactional DDL.", "level": "info", "request_id": "49969ef4-b086-4b6d-a347-f0d38e4808f1", "timestamp": "2026-08-07T12:26:03.246270Z", "trace_id": "17eb8f40fbbbcf7c319156558ad6ed15"}
api-1       | INFO:     127.0.0.1:34164 - "GET /health/ready HTTP/1.1" 200 OK
api-1       | {"duration_ms": 40.636, "event": "http_request_completed", "level": "info", "method": "GET", "outcome": "success", "path": "/health/ready", "request_id": "49969ef4-b086-4b6d-a347-f0d38e4808f1", "status_code": 200, "timestamp": "2026-08-07T12:26:03.252426Z", "trace_id": "17eb8f40fbbbcf7c319156558ad6ed15"}
api-1       | INFO:     172.18.0.1:57814 - "GET /api/v1/runs/227e8bce-49d3-4d3b-953e-8fefc915c627 HTTP/1.1" 200 OK
api-1       | {"api_key_prefix": "evk_5ec841b483bb", "duration_ms": 48.103, "event": "http_request_completed", "level": "info", "method": "GET", "outcome": "success", "path": "/api/v1/runs/227e8bce-49d3-4d3b-953e-8fefc915c627", "request_id": "b0edb066-50b3-48be-8e50-dbe91b2df3b1", "status_code": 200, "tenant_id": "fdd68433-c86c-470c-8b57-cec8ffc3d389", "timestamp": "2026-08-07T12:26:03.335006Z", "trace_id": "0e4f46cd49206edfed617254064039ce"}
api-1       | INFO:     172.18.0.1:57814 - "GET /api/v1/runs/227e8bce-49d3-4d3b-953e-8fefc915c627/cases?limit=200&sort=case_id HTTP/1.1" 200 OK
api-1       | {"api_key_prefix": "evk_5ec841b483bb", "duration_ms": 60.634, "event": "http_request_completed", "level": "info", "method": "GET", "outcome": "success", "path": "/api/v1/runs/227e8bce-49d3-4d3b-953e-8fefc915c627/cases", "request_id": "03a6546f-44ea-441e-aa36-eb72238693c5", "status_code": 200, "tenant_id": "fdd68433-c86c-470c-8b57-cec8ffc3d389", "timestamp": "2026-08-07T12:26:03.397305Z", "trace_id": "8f45fa0be4d2467f10ca65ae73042715"}
api-1       | INFO:     127.0.0.1:34176 - "GET /metrics HTTP/1.1" 200 OK
api-1       | {"duration_ms": 13.226, "event": "http_request_completed", "level": "info", "method": "GET", "outcome": "success", "path": "/metrics", "request_id": "161b4aab-0e29-47e5-876d-280bda464c49", "status_code": 200, "timestamp": "2026-08-07T12:26:03.798326Z", "trace_id": "af0e147cf9e4beef6d98b98e835d95ce"}
api-1       | INFO:     172.18.0.1:57814 - "POST /api/v1/runs HTTP/1.1" 202 Accepted
api-1       | {"api_key_prefix": "evk_5ec841b483bb", "duration_ms": 204.207, "event": "http_request_completed", "level": "info", "method": "POST", "outcome": "success", "path": "/api/v1/runs", "request_id": "362fd3b0-5d6b-4ea6-82c5-15a78bb8829e", "status_code": 202, "tenant_id": "fdd68433-c86c-470c-8b57-cec8ffc3d389", "timestamp": "2026-08-07T12:26:04.585236Z", "trace_id": "b9d795225ff5c597467c02e4f671dd9f"}
api-1       | INFO:     172.18.0.1:57814 - "GET /api/v1/runs/d6887d05-0ab4-45d1-8d85-0b835e7baa35 HTTP/1.1" 200 OK
api-1       | {"api_key_prefix": "evk_5ec841b483bb", "duration_ms": 48.288, "event": "http_request_completed", "level": "info", "method": "GET", "outcome": "success", "path": "/api/v1/runs/d6887d05-0ab4-45d1-8d85-0b835e7baa35", "request_id": "7e58a6ad-1fd7-41d9-a2c0-5735465261e3", "status_code": 200, "tenant_id": "fdd68433-c86c-470c-8b57-cec8ffc3d389", "timestamp": "2026-08-07T12:26:04.635136Z", "trace_id": "1543cc526938385b7d495f677b3f294c"}
api-1       | INFO:     172.18.0.1:57814 - "GET /api/v1/runs/d6887d05-0ab4-45d1-8d85-0b835e7baa35 HTTP/1.1" 200 OK
api-1       | {"api_key_prefix": "evk_5ec841b483bb", "duration_ms": 49.312, "event": "http_request_completed", "level": "info", "method": "GET", "outcome": "success", "path": "/api/v1/runs/d6887d05-0ab4-45d1-8d85-0b835e7baa35", "request_id": "aae17406-094d-4a9a-9f4a-6c527998c24a", "status_code": 200, "tenant_id": "fdd68433-c86c-470c-8b57-cec8ffc3d389", "timestamp": "2026-08-07T12:26:05.187077Z", "trace_id": "5fc74d678fa59c13c802d2a96be057b9"}
api-1       | {"claimed": 10, "event": "outbox_dispatch_batch_completed", "lease_lost": 0, "level": "info", "published": 10, "retry_scheduled": 0, "role": "outbox_dispatcher", "timestamp": "2026-08-07T12:26:05.324402Z"}
api-1       | INFO:     172.18.0.1:57814 - "GET /api/v1/runs/d6887d05-0ab4-45d1-8d85-0b835e7baa35 HTTP/1.1" 200 OK
api-1       | {"api_key_prefix": "evk_5ec841b483bb", "duration_ms": 50.782, "event": "http_request_completed", "level": "info", "method": "GET", "outcome": "success", "path": "/api/v1/runs/d6887d05-0ab4-45d1-8d85-0b835e7baa35", "request_id": "52b40bbd-98e9-4010-8caa-c56c546fe447", "status_code": 200, "tenant_id": "fdd68433-c86c-470c-8b57-cec8ffc3d389", "timestamp": "2026-08-07T12:26:05.740679Z", "trace_id": "c67aedd72bc3825098f7a7e24eb44e19"}
api-1       | {"claimed": 26, "event": "outbox_dispatch_batch_completed", "lease_lost": 0, "level": "info", "published": 26, "retry_scheduled": 0, "role": "outbox_dispatcher", "timestamp": "2026-08-07T12:26:05.987306Z"}
api-1       | INFO:     172.18.0.1:57814 - "GET /api/v1/runs/d6887d05-0ab4-45d1-8d85-0b835e7baa35 HTTP/1.1" 200 OK
api-1       | {"api_key_prefix": "evk_5ec841b483bb", "duration_ms": 57.481, "event": "http_request_completed", "level": "info", "method": "GET", "outcome": "success", "path": "/api/v1/runs/d6887d05-0ab4-45d1-8d85-0b835e7baa35", "request_id": "f6d2e5a4-efd5-4225-9442-37d4a9fa8d38", "status_code": 200, "tenant_id": "fdd68433-c86c-470c-8b57-cec8ffc3d389", "timestamp": "2026-08-07T12:26:06.301150Z", "trace_id": "c551b32e2fe50262a6fb393431d742db"}
api-1       | {"claimed": 28, "event": "outbox_dispatch_batch_completed", "lease_lost": 0, "level": "info", "published": 28, "retry_scheduled": 0, "role": "outbox_dispatcher", "timestamp": "2026-08-07T12:26:06.680741Z"}
api-1       | INFO:     172.18.0.1:57814 - "GET /api/v1/runs/d6887d05-0ab4-45d1-8d85-0b835e7baa35 HTTP/1.1" 200 OK
api-1       | {"api_key_prefix": "evk_5ec841b483bb", "duration_ms": 74.079, "event": "http_request_completed", "level": "info", "method": "GET", "outcome": "success", "path": "/api/v1/runs/d6887d05-0ab4-45d1-8d85-0b835e7baa35", "request_id": "7d6fc82c-6966-4d00-97ee-c46dade9c9e9", "status_code": 200, "tenant_id": "fdd68433-c86c-470c-8b57-cec8ffc3d389", "timestamp": "2026-08-07T12:26:06.878107Z", "trace_id": "61429345082e605920c3ad67cd0302a0"}
api-1       | {"claimed": 24, "event": "outbox_dispatch_batch_completed", "lease_lost": 0, "level": "info", "published": 24, "retry_scheduled": 0, "role": "outbox_dispatcher", "timestamp": "2026-08-07T12:26:07.498928Z"}
api-1       | INFO:     172.18.0.1:57814 - "GET /api/v1/runs/d6887d05-0ab4-45d1-8d85-0b835e7baa35 HTTP/1.1" 200 OK
api-1       | {"api_key_prefix": "evk_5ec841b483bb", "duration_ms": 160.415, "event": "http_request_completed", "level": "info", "method": "GET", "outcome": "success", "path": "/api/v1/runs/d6887d05-0ab4-45d1-8d85-0b835e7baa35", "request_id": "7059051a-74a0-44a0-a35e-a2970c9a17bc", "status_code": 200, "tenant_id": "fdd68433-c86c-470c-8b57-cec8ffc3d389", "timestamp": "2026-08-07T12:26:07.547057Z", "trace_id": "c5171f5ec55bc8ae91c5eed6850cea05"}
api-1       | {"claimed": 32, "event": "outbox_dispatch_batch_completed", "lease_lost": 0, "level": "info", "published": 32, "retry_scheduled": 0, "role": "outbox_dispatcher", "timestamp": "2026-08-07T12:26:08.178609Z"}
api-1       | INFO:     172.18.0.1:57814 - "GET /api/v1/runs/d6887d05-0ab4-45d1-8d85-0b835e7baa35 HTTP/1.1" 200 OK
api-1       | {"api_key_prefix": "evk_5ec841b483bb", "duration_ms": 145.826, "event": "http_request_completed", "level": "info", "method": "GET", "outcome": "success", "path": "/api/v1/runs/d6887d05-0ab4-45d1-8d85-0b835e7baa35", "request_id": "857bc20b-4511-4c08-bc43-abc26aae6df8", "status_code": 200, "tenant_id": "fdd68433-c86c-470c-8b57-cec8ffc3d389", "timestamp": "2026-08-07T12:26:08.198215Z", "trace_id": "dca6c431a400c2ca2f64cfbfb94a1475"}
api-1       | {"event": "Context impl PostgresqlImpl.", "level": "info", "request_id": "e0160cac-2b4c-4482-afd4-ea4cb6e1c182", "timestamp": "2026-08-07T12:26:08.558050Z", "trace_id": "7b393f5fea4378aae762d676a498cd89"}
api-1       | {"event": "Will assume transactional DDL.", "level": "info", "request_id": "e0160cac-2b4c-4482-afd4-ea4cb6e1c182", "timestamp": "2026-08-07T12:26:08.558171Z", "trace_id": "7b393f5fea4378aae762d676a498cd89"}
api-1       | INFO:     127.0.0.1:34210 - "GET /health/ready HTTP/1.1" 200 OK
api-1       | {"duration_ms": 24.096, "event": "http_request_completed", "level": "info", "method": "GET", "outcome": "success", "path": "/health/ready", "request_id": "e0160cac-2b4c-4482-afd4-ea4cb6e1c182", "status_code": 200, "timestamp": "2026-08-07T12:26:08.566747Z", "trace_id": "7b393f5fea4378aae762d676a498cd89"}
api-1       | {"claimed": 28, "event": "outbox_dispatch_batch_completed", "lease_lost": 0, "level": "info", "published": 28, "retry_scheduled": 0, "role": "outbox_dispatcher", "timestamp": "2026-08-07T12:26:08.886968Z"}
api-1       | INFO:     172.18.0.1:57814 - "GET /api/v1/runs/d6887d05-0ab4-45d1-8d85-0b835e7baa35 HTTP/1.1" 200 OK
api-1       | {"api_key_prefix": "evk_5ec841b483bb", "duration_ms": 220.103, "event": "http_request_completed", "level": "info", "method": "GET", "outcome": "success", "path": "/api/v1/runs/d6887d05-0ab4-45d1-8d85-0b835e7baa35", "request_id": "0fb5b202-6a3e-4a95-a752-aa0a0aadeaa3", "status_code": 200, "tenant_id": "fdd68433-c86c-470c-8b57-cec8ffc3d389", "timestamp": "2026-08-07T12:26:08.940112Z", "trace_id": "c681096d11d0fc43d9566739d40df5e0"}
api-1       | {"claimed": 30, "event": "outbox_dispatch_batch_completed", "lease_lost": 0, "level": "info", "published": 30, "retry_scheduled": 0, "role": "outbox_dispatcher", "timestamp": "2026-08-07T12:26:09.572518Z"}
api-1       | INFO:     172.18.0.1:57814 - "GET /api/v1/runs/d6887d05-0ab4-45d1-8d85-0b835e7baa35 HTTP/1.1" 200 OK
api-1       | {"api_key_prefix": "evk_5ec841b483bb", "duration_ms": 172.4, "event": "http_request_completed", "level": "info", "method": "GET", "outcome": "success", "path": "/api/v1/runs/d6887d05-0ab4-45d1-8d85-0b835e7baa35", "request_id": "d580f6b7-ba92-4774-a1b1-4b7c306a6e96", "status_code": 200, "tenant_id": "fdd68433-c86c-470c-8b57-cec8ffc3d389", "timestamp": "2026-08-07T12:26:09.631208Z", "trace_id": "fc619a26266eab4a4c046e5a296c8861"}
api-1       | {"claimed": 29, "event": "outbox_dispatch_batch_completed", "lease_lost": 0, "level": "info", "published": 29, "retry_scheduled": 0, "role": "outbox_dispatcher", "timestamp": "2026-08-07T12:26:10.269955Z"}
api-1       | INFO:     172.18.0.1:57814 - "GET /api/v1/runs/d6887d05-0ab4-45d1-8d85-0b835e7baa35 HTTP/1.1" 200 OK
api-1       | {"api_key_prefix": "evk_5ec841b483bb", "duration_ms": 124.528, "event": "http_request_completed", "level": "info", "method": "GET", "outcome": "success", "path": "/api/v1/runs/d6887d05-0ab4-45d1-8d85-0b835e7baa35", "request_id": "239014f3-1378-40d2-890d-7a6e979f4423", "status_code": 200, "tenant_id": "fdd68433-c86c-470c-8b57-cec8ffc3d389", "timestamp": "2026-08-07T12:26:10.280691Z", "trace_id": "3876263ebbf236be89d6cf968d1befbb"}
api-1       | {"claimed": 30, "event": "outbox_dispatch_batch_completed", "lease_lost": 0, "level": "info", "published": 30, "retry_scheduled": 0, "role": "outbox_dispatcher", "timestamp": "2026-08-07T12:26:10.986921Z"}
api-1       | INFO:     172.18.0.1:57814 - "GET /api/v1/runs/d6887d05-0ab4-45d1-8d85-0b835e7baa35 HTTP/1.1" 200 OK
api-1       | {"api_key_prefix": "evk_5ec841b483bb", "duration_ms": 211.671, "event": "http_request_completed", "level": "info", "method": "GET", "outcome": "success", "path": "/api/v1/runs/d6887d05-0ab4-45d1-8d85-0b835e7baa35", "request_id": "7119d8a8-3ea8-42fd-9254-cf292b44fd3e", "status_code": 200, "tenant_id": "fdd68433-c86c-470c-8b57-cec8ffc3d389", "timestamp": "2026-08-07T12:26:10.995992Z", "trace_id": "e9e5ef8700d38516a0104ff15ebc9e42"}
api-1       | {"claimed": 33, "event": "outbox_dispatch_batch_completed", "lease_lost": 0, "level": "info", "published": 33, "retry_scheduled": 0, "role": "outbox_dispatcher", "timestamp": "2026-08-07T12:26:11.685319Z"}
api-1       | INFO:     172.18.0.1:57814 - "GET /api/v1/runs/d6887d05-0ab4-45d1-8d85-0b835e7baa35 HTTP/1.1" 200 OK
api-1       | {"api_key_prefix": "evk_5ec841b483bb", "duration_ms": 196.909, "event": "http_request_completed", "level": "info", "method": "GET", "outcome": "success", "path": "/api/v1/runs/d6887d05-0ab4-45d1-8d85-0b835e7baa35", "request_id": "f8f9d85d-3ffa-4160-b816-e49792b10d4b", "status_code": 200, "tenant_id": "fdd68433-c86c-470c-8b57-cec8ffc3d389", "timestamp": "2026-08-07T12:26:11.695712Z", "trace_id": "832afbc356ec9c201dbba50be99ef3e7"}
api-1       | {"claimed": 32, "event": "outbox_dispatch_batch_completed", "lease_lost": 0, "level": "info", "published": 32, "retry_scheduled": 0, "role": "outbox_dispatcher", "timestamp": "2026-08-07T12:26:12.383419Z"}
api-1       | INFO:     172.18.0.1:57814 - "GET /api/v1/runs/d6887d05-0ab4-45d1-8d85-0b835e7baa35 HTTP/1.1" 200 OK
api-1       | {"api_key_prefix": "evk_5ec841b483bb", "duration_ms": 187.495, "event": "http_request_completed", "level": "info", "method": "GET", "outcome": "success", "path": "/api/v1/runs/d6887d05-0ab4-45d1-8d85-0b835e7baa35", "request_id": "74e6ebbf-2bb5-4cf1-94b4-a5d95e650549", "status_code": 200, "tenant_id": "fdd68433-c86c-470c-8b57-cec8ffc3d389", "timestamp": "2026-08-07T12:26:12.385912Z", "trace_id": "28e946ee1862398951cc05615dc84fd0"}
api-1       | {"claimed": 32, "event": "outbox_dispatch_batch_completed", "lease_lost": 0, "level": "info", "published": 32, "retry_scheduled": 0, "role": "outbox_dispatcher", "timestamp": "2026-08-07T12:26:13.085075Z"}
api-1       | INFO:     172.18.0.1:57814 - "GET /api/v1/runs/d6887d05-0ab4-45d1-8d85-0b835e7baa35 HTTP/1.1" 200 OK
api-1       | {"api_key_prefix": "evk_5ec841b483bb", "duration_ms": 204.248, "event": "http_request_completed", "level": "info", "method": "GET", "outcome": "success", "path": "/api/v1/runs/d6887d05-0ab4-45d1-8d85-0b835e7baa35", "request_id": "481bdbb0-1a8d-4b46-ac3b-af86f2e55fff", "status_code": 200, "tenant_id": "fdd68433-c86c-470c-8b57-cec8ffc3d389", "timestamp": "2026-08-07T12:26:13.095360Z", "trace_id": "e599f456883373bfd1cbcbbf2c75e71a"}
api-1       | {"claimed": 30, "event": "outbox_dispatch_batch_completed", "lease_lost": 0, "level": "info", "published": 30, "retry_scheduled": 0, "role": "outbox_dispatcher", "timestamp": "2026-08-07T12:26:13.882763Z"}
api-1       | INFO:     172.18.0.1:57814 - "GET /api/v1/runs/d6887d05-0ab4-45d1-8d85-0b835e7baa35 HTTP/1.1" 200 OK
api-1       | {"api_key_prefix": "evk_5ec841b483bb", "duration_ms": 292.807, "event": "http_request_completed", "level": "info", "method": "GET", "outcome": "success", "path": "/api/v1/runs/d6887d05-0ab4-45d1-8d85-0b835e7baa35", "request_id": "6983e3a7-a88a-4844-99f7-667156f9c67a", "status_code": 200, "tenant_id": "fdd68433-c86c-470c-8b57-cec8ffc3d389", "timestamp": "2026-08-07T12:26:13.891202Z", "trace_id": "8934b819fe181d1a610823a718040298"}
api-1       | {"event": "Context impl PostgresqlImpl.", "level": "info", "request_id": "afbbc66a-1803-4a75-8f09-6701c60f7d90", "timestamp": "2026-08-07T12:26:14.117618Z", "trace_id": "b7179b5fa073412dc0caacad35251703"}
api-1       | {"event": "Will assume transactional DDL.", "level": "info", "request_id": "afbbc66a-1803-4a75-8f09-6701c60f7d90", "timestamp": "2026-08-07T12:26:14.117755Z", "trace_id": "b7179b5fa073412dc0caacad35251703"}
api-1       | INFO:     127.0.0.1:40944 - "GET /health/ready HTTP/1.1" 200 OK
api-1       | {"duration_ms": 25.636, "event": "http_request_completed", "level": "info", "method": "GET", "outcome": "success", "path": "/health/ready", "request_id": "afbbc66a-1803-4a75-8f09-6701c60f7d90", "status_code": 200, "timestamp": "2026-08-07T12:26:14.128123Z", "trace_id": "b7179b5fa073412dc0caacad35251703"}
api-1       | {"claimed": 36, "event": "outbox_dispatch_batch_completed", "lease_lost": 0, "level": "info", "published": 36, "retry_scheduled": 0, "role": "outbox_dispatcher", "timestamp": "2026-08-07T12:26:14.607025Z"}
api-1       | INFO:     172.18.0.1:57814 - "GET /api/v1/runs/d6887d05-0ab4-45d1-8d85-0b835e7baa35 HTTP/1.1" 200 OK
api-1       | {"api_key_prefix": "evk_5ec841b483bb", "duration_ms": 218.925, "event": "http_request_completed", "level": "info", "method": "GET", "outcome": "success", "path": "/api/v1/runs/d6887d05-0ab4-45d1-8d85-0b835e7baa35", "request_id": "44f9af56-0a78-4611-a262-89dac416bb3e", "status_code": 200, "tenant_id": "fdd68433-c86c-470c-8b57-cec8ffc3d389", "timestamp": "2026-08-07T12:26:14.616321Z", "trace_id": "c9ef32b84701f49188121a7d14f91560"}
api-1       | {"claimed": 32, "event": "outbox_dispatch_batch_completed", "lease_lost": 0, "level": "info", "published": 32, "retry_scheduled": 0, "role": "outbox_dispatcher", "timestamp": "2026-08-07T12:26:15.303643Z"}
api-1       | INFO:     172.18.0.1:57814 - "GET /api/v1/runs/d6887d05-0ab4-45d1-8d85-0b835e7baa35 HTTP/1.1" 200 OK
api-1       | {"api_key_prefix": "evk_5ec841b483bb", "duration_ms": 188.468, "event": "http_request_completed", "level": "info", "method": "GET", "outcome": "success", "path": "/api/v1/runs/d6887d05-0ab4-45d1-8d85-0b835e7baa35", "request_id": "2fd8c130-36ba-4fe1-a732-c11c1b9aecda", "status_code": 200, "tenant_id": "fdd68433-c86c-470c-8b57-cec8ffc3d389", "timestamp": "2026-08-07T12:26:15.308083Z", "trace_id": "5d0ce6c4af74bde067330b1d08eea516"}
api-1       | {"claimed": 34, "event": "outbox_dispatch_batch_completed", "lease_lost": 0, "level": "info", "published": 34, "retry_scheduled": 0, "role": "outbox_dispatcher", "timestamp": "2026-08-07T12:26:16.006681Z"}
api-1       | INFO:     172.18.0.1:57814 - "GET /api/v1/runs/d6887d05-0ab4-45d1-8d85-0b835e7baa35 HTTP/1.1" 200 OK
api-1       | {"api_key_prefix": "evk_5ec841b483bb", "duration_ms": 200.735, "event": "http_request_completed", "level": "info", "method": "GET", "outcome": "success", "path": "/api/v1/runs/d6887d05-0ab4-45d1-8d85-0b835e7baa35", "request_id": "71866a9e-999c-417a-9640-38371df2a6bb", "status_code": 200, "tenant_id": "fdd68433-c86c-470c-8b57-cec8ffc3d389", "timestamp": "2026-08-07T12:26:16.012671Z", "trace_id": "164616dd51ab24f5f5b73b7ca50d1c72"}
api-1       | INFO:     172.18.0.1:57814 - "GET /api/v1/runs/d6887d05-0ab4-45d1-8d85-0b835e7baa35 HTTP/1.1" 200 OK
api-1       | {"api_key_prefix": "evk_5ec841b483bb", "duration_ms": 294.028, "event": "http_request_completed", "level": "info", "method": "GET", "outcome": "success", "path": "/api/v1/runs/d6887d05-0ab4-45d1-8d85-0b835e7baa35", "request_id": "c25b9dc3-c225-4b77-8546-a988d1c393e2", "status_code": 200, "tenant_id": "fdd68433-c86c-470c-8b57-cec8ffc3d389", "timestamp": "2026-08-07T12:26:16.810660Z", "trace_id": "71732ca1ff337b36d3a4af30d757b707"}
api-1       | {"claimed": 30, "event": "outbox_dispatch_batch_completed", "lease_lost": 0, "level": "info", "published": 30, "retry_scheduled": 0, "role": "outbox_dispatcher", "timestamp": "2026-08-07T12:26:16.811856Z"}
api-1       | {"claimed": 38, "event": "outbox_dispatch_batch_completed", "lease_lost": 0, "level": "info", "published": 38, "retry_scheduled": 0, "role": "outbox_dispatcher", "timestamp": "2026-08-07T12:26:17.585245Z"}
api-1       | INFO:     172.18.0.1:57814 - "GET /api/v1/runs/d6887d05-0ab4-45d1-8d85-0b835e7baa35 HTTP/1.1" 200 OK
api-1       | {"api_key_prefix": "evk_5ec841b483bb", "duration_ms": 277.645, "event": "http_request_completed", "level": "info", "method": "GET", "outcome": "success", "path": "/api/v1/runs/d6887d05-0ab4-45d1-8d85-0b835e7baa35", "request_id": "42e6267f-4ee1-4300-ba98-68c44896f17d", "status_code": 200, "tenant_id": "fdd68433-c86c-470c-8b57-cec8ffc3d389", "timestamp": "2026-08-07T12:26:17.592557Z", "trace_id": "ebb6bacf521643ddb4154fd3ca914f9c"}
api-1       | {"claimed": 32, "event": "outbox_dispatch_batch_completed", "lease_lost": 0, "level": "info", "published": 32, "retry_scheduled": 0, "role": "outbox_dispatcher", "timestamp": "2026-08-07T12:26:18.306133Z"}
api-1       | INFO:     172.18.0.1:57814 - "GET /api/v1/runs/d6887d05-0ab4-45d1-8d85-0b835e7baa35 HTTP/1.1" 200 OK
api-1       | {"api_key_prefix": "evk_5ec841b483bb", "duration_ms": 215.712, "event": "http_request_completed", "level": "info", "method": "GET", "outcome": "success", "path": "/api/v1/runs/d6887d05-0ab4-45d1-8d85-0b835e7baa35", "request_id": "01e6f7e0-005e-42dd-a168-e70914aa7a77", "status_code": 200, "tenant_id": "fdd68433-c86c-470c-8b57-cec8ffc3d389", "timestamp": "2026-08-07T12:26:18.313207Z", "trace_id": "d2693bc0ee714d1618778a84a5b70bb6"}
api-1       | {"claimed": 34, "event": "outbox_dispatch_batch_completed", "lease_lost": 0, "level": "info", "published": 34, "retry_scheduled": 0, "role": "outbox_dispatcher", "timestamp": "2026-08-07T12:26:19.069402Z"}
api-1       | INFO:     172.18.0.1:57814 - "GET /api/v1/runs/d6887d05-0ab4-45d1-8d85-0b835e7baa35 HTTP/1.1" 200 OK
api-1       | {"api_key_prefix": "evk_5ec841b483bb", "duration_ms": 266.471, "event": "http_request_completed", "level": "info", "method": "GET", "outcome": "success", "path": "/api/v1/runs/d6887d05-0ab4-45d1-8d85-0b835e7baa35", "request_id": "0a76dbe1-9333-4611-8bb4-af4fe1f3ac41", "status_code": 200, "tenant_id": "fdd68433-c86c-470c-8b57-cec8ffc3d389", "timestamp": "2026-08-07T12:26:19.082613Z", "trace_id": "f2830762f5a83886807f5806c89a1b81"}
api-1       | {"event": "Context impl PostgresqlImpl.", "level": "info", "request_id": "ea7eecac-2d35-4d50-99aa-11017a7216c8", "timestamp": "2026-08-07T12:26:19.433805Z", "trace_id": "e96da212394da255811e24efd0444e8e"}
api-1       | {"event": "Will assume transactional DDL.", "level": "info", "request_id": "ea7eecac-2d35-4d50-99aa-11017a7216c8", "timestamp": "2026-08-07T12:26:19.433955Z", "trace_id": "e96da212394da255811e24efd0444e8e"}
api-1       | INFO:     127.0.0.1:40974 - "GET /health/ready HTTP/1.1" 200 OK
api-1       | {"duration_ms": 26.76, "event": "http_request_completed", "level": "info", "method": "GET", "outcome": "success", "path": "/health/ready", "request_id": "ea7eecac-2d35-4d50-99aa-11017a7216c8", "status_code": 200, "timestamp": "2026-08-07T12:26:19.440783Z", "trace_id": "e96da212394da255811e24efd0444e8e"}
api-1       | {"claimed": 32, "event": "outbox_dispatch_batch_completed", "lease_lost": 0, "level": "info", "published": 32, "retry_scheduled": 0, "role": "outbox_dispatcher", "timestamp": "2026-08-07T12:26:19.775611Z"}
api-1       | INFO:     172.18.0.1:57814 - "GET /api/v1/runs/d6887d05-0ab4-45d1-8d85-0b835e7baa35 HTTP/1.1" 200 OK
api-1       | {"api_key_prefix": "evk_5ec841b483bb", "duration_ms": 237.528, "event": "http_request_completed", "level": "info", "method": "GET", "outcome": "success", "path": "/api/v1/runs/d6887d05-0ab4-45d1-8d85-0b835e7baa35", "request_id": "ff8210db-539e-488d-bbd9-0d535fa52a5e", "status_code": 200, "tenant_id": "fdd68433-c86c-470c-8b57-cec8ffc3d389", "timestamp": "2026-08-07T12:26:19.829767Z", "trace_id": "d09f1f366f56f8e3400afe40ef23f36f"}
api-1       | {"claimed": 32, "event": "outbox_dispatch_batch_completed", "lease_lost": 0, "level": "info", "published": 32, "retry_scheduled": 0, "role": "outbox_dispatcher", "timestamp": "2026-08-07T12:26:20.470958Z"}
api-1       | INFO:     172.18.0.1:57814 - "GET /api/v1/runs/d6887d05-0ab4-45d1-8d85-0b835e7baa35 HTTP/1.1" 200 OK
api-1       | {"api_key_prefix": "evk_5ec841b483bb", "duration_ms": 150.81, "event": "http_request_completed", "level": "info", "method": "GET", "outcome": "success", "path": "/api/v1/runs/d6887d05-0ab4-45d1-8d85-0b835e7baa35", "request_id": "ef472787-8a64-475a-8382-18a6dd348f9e", "status_code": 200, "tenant_id": "fdd68433-c86c-470c-8b57-cec8ffc3d389", "timestamp": "2026-08-07T12:26:20.484744Z", "trace_id": "a465b1fa823425a1fadd84461e5bb964"}
api-1       | {"claimed": 30, "event": "outbox_dispatch_batch_completed", "lease_lost": 0, "level": "info", "published": 30, "retry_scheduled": 0, "role": "outbox_dispatcher", "timestamp": "2026-08-07T12:26:21.177262Z"}
api-1       | INFO:     172.18.0.1:57814 - "GET /api/v1/runs/d6887d05-0ab4-45d1-8d85-0b835e7baa35 HTTP/1.1" 200 OK
api-1       | {"api_key_prefix": "evk_5ec841b483bb", "duration_ms": 201.894, "event": "http_request_completed", "level": "info", "method": "GET", "outcome": "success", "path": "/api/v1/runs/d6887d05-0ab4-45d1-8d85-0b835e7baa35", "request_id": "6d39e6ba-b4d6-44cc-8454-070ec143bed5", "status_code": 200, "tenant_id": "fdd68433-c86c-470c-8b57-cec8ffc3d389", "timestamp": "2026-08-07T12:26:21.190217Z", "trace_id": "fa1139a22d42ca5491f1786fd44bf588"}
api-1       | {"claimed": 34, "event": "outbox_dispatch_batch_completed", "lease_lost": 0, "level": "info", "published": 34, "retry_scheduled": 0, "role": "outbox_dispatcher", "timestamp": "2026-08-07T12:26:21.879471Z"}
api-1       | INFO:     172.18.0.1:57814 - "GET /api/v1/runs/d6887d05-0ab4-45d1-8d85-0b835e7baa35 HTTP/1.1" 200 OK
api-1       | {"api_key_prefix": "evk_5ec841b483bb", "duration_ms": 242.145, "event": "http_request_completed", "level": "info", "method": "GET", "outcome": "success", "path": "/api/v1/runs/d6887d05-0ab4-45d1-8d85-0b835e7baa35", "request_id": "6aa2c69a-3377-4f29-9ffd-6e838668a195", "status_code": 200, "tenant_id": "fdd68433-c86c-470c-8b57-cec8ffc3d389", "timestamp": "2026-08-07T12:26:21.941742Z", "trace_id": "103804fe77c7e22479f1a848ae960f96"}
api-1       | {"claimed": 32, "event": "outbox_dispatch_batch_completed", "lease_lost": 0, "level": "info", "published": 32, "retry_scheduled": 0, "role": "outbox_dispatcher", "timestamp": "2026-08-07T12:26:22.573786Z"}
api-1       | INFO:     172.18.0.1:57814 - "GET /api/v1/runs/d6887d05-0ab4-45d1-8d85-0b835e7baa35 HTTP/1.1" 200 OK
api-1       | {"api_key_prefix": "evk_5ec841b483bb", "duration_ms": 162.888, "event": "http_request_completed", "level": "info", "method": "GET", "outcome": "success", "path": "/api/v1/runs/d6887d05-0ab4-45d1-8d85-0b835e7baa35", "request_id": "1790c886-225f-4c2c-ae5f-ef34c66aa77e", "status_code": 200, "tenant_id": "fdd68433-c86c-470c-8b57-cec8ffc3d389", "timestamp": "2026-08-07T12:26:22.629406Z", "trace_id": "cb1b743093d579a62fe643fc0c6de58d"}
api-1       | {"claimed": 30, "event": "outbox_dispatch_batch_completed", "lease_lost": 0, "level": "info", "published": 30, "retry_scheduled": 0, "role": "outbox_dispatcher", "timestamp": "2026-08-07T12:26:23.212747Z"}
api-1       | INFO:     172.18.0.1:57814 - "GET /api/v1/runs/d6887d05-0ab4-45d1-8d85-0b835e7baa35 HTTP/1.1" 200 OK
api-1       | {"api_key_prefix": "evk_5ec841b483bb", "duration_ms": 186.468, "event": "http_request_completed", "level": "info", "method": "GET", "outcome": "success", "path": "/api/v1/runs/d6887d05-0ab4-45d1-8d85-0b835e7baa35", "request_id": "43fdcbd6-95eb-4ddb-abeb-5f31d4c4ea63", "status_code": 200, "tenant_id": "fdd68433-c86c-470c-8b57-cec8ffc3d389", "timestamp": "2026-08-07T12:26:23.330880Z", "trace_id": "d841d7622b4a4ceee5c724f47121b67f"}
api-1       | {"claimed": 28, "event": "outbox_dispatch_batch_completed", "lease_lost": 0, "level": "info", "published": 28, "retry_scheduled": 0, "role": "outbox_dispatcher", "timestamp": "2026-08-07T12:26:23.884102Z"}
api-1       | INFO:     172.18.0.1:57814 - "GET /api/v1/runs/d6887d05-0ab4-45d1-8d85-0b835e7baa35 HTTP/1.1" 200 OK
api-1       | {"api_key_prefix": "evk_5ec841b483bb", "duration_ms": 98.026, "event": "http_request_completed", "level": "info", "method": "GET", "outcome": "success", "path": "/api/v1/runs/d6887d05-0ab4-45d1-8d85-0b835e7baa35", "request_id": "0012e7bd-c0fc-409f-b974-5055b32daa06", "status_code": 200, "tenant_id": "fdd68433-c86c-470c-8b57-cec8ffc3d389", "timestamp": "2026-08-07T12:26:23.930982Z", "trace_id": "92752407ffd810016fcb8a32260e2abf"}
api-1       | {"claimed": 30, "event": "outbox_dispatch_batch_completed", "lease_lost": 0, "level": "info", "published": 30, "retry_scheduled": 0, "role": "outbox_dispatcher", "timestamp": "2026-08-07T12:26:24.586276Z"}
api-1       | INFO:     172.18.0.1:57814 - "GET /api/v1/runs/d6887d05-0ab4-45d1-8d85-0b835e7baa35 HTTP/1.1" 200 OK
api-1       | {"api_key_prefix": "evk_5ec841b483bb", "duration_ms": 232.172, "event": "http_request_completed", "level": "info", "method": "GET", "outcome": "success", "path": "/api/v1/runs/d6887d05-0ab4-45d1-8d85-0b835e7baa35", "request_id": "e0d27ad1-31f5-48c4-ae2b-2ad96a0c13e6", "status_code": 200, "tenant_id": "fdd68433-c86c-470c-8b57-cec8ffc3d389", "timestamp": "2026-08-07T12:26:24.668228Z", "trace_id": "b90e526ec23430027489c509d2857406"}
api-1       | {"event": "Context impl PostgresqlImpl.", "level": "info", "request_id": "e326aa50-20c5-41db-8e59-1e4adab575ec", "timestamp": "2026-08-07T12:26:24.883648Z", "trace_id": "c01a9af7f0c97023430bfae169571e0b"}
api-1       | {"event": "Will assume transactional DDL.", "level": "info", "request_id": "e326aa50-20c5-41db-8e59-1e4adab575ec", "timestamp": "2026-08-07T12:26:24.883806Z", "trace_id": "c01a9af7f0c97023430bfae169571e0b"}
api-1       | INFO:     127.0.0.1:42106 - "GET /health/ready HTTP/1.1" 200 OK
api-1       | {"duration_ms": 26.415, "event": "http_request_completed", "level": "info", "method": "GET", "outcome": "success", "path": "/health/ready", "request_id": "e326aa50-20c5-41db-8e59-1e4adab575ec", "status_code": 200, "timestamp": "2026-08-07T12:26:24.892980Z", "trace_id": "c01a9af7f0c97023430bfae169571e0b"}
api-1       | {"claimed": 32, "event": "outbox_dispatch_batch_completed", "lease_lost": 0, "level": "info", "published": 32, "retry_scheduled": 0, "role": "outbox_dispatcher", "timestamp": "2026-08-07T12:26:25.273399Z"}
api-1       | INFO:     172.18.0.1:57814 - "GET /api/v1/runs/d6887d05-0ab4-45d1-8d85-0b835e7baa35 HTTP/1.1" 200 OK
api-1       | {"api_key_prefix": "evk_5ec841b483bb", "duration_ms": 149.763, "event": "http_request_completed", "level": "info", "method": "GET", "outcome": "success", "path": "/api/v1/runs/d6887d05-0ab4-45d1-8d85-0b835e7baa35", "request_id": "95e8dcf9-79e4-4007-b8ac-f1cd63e6f7b7", "status_code": 200, "tenant_id": "fdd68433-c86c-470c-8b57-cec8ffc3d389", "timestamp": "2026-08-07T12:26:25.331499Z", "trace_id": "9d5169af56b95e8b20a203f53ee41b2a"}
api-1       | {"claimed": 30, "event": "outbox_dispatch_batch_completed", "lease_lost": 0, "level": "info", "published": 30, "retry_scheduled": 0, "role": "outbox_dispatcher", "timestamp": "2026-08-07T12:26:25.920181Z"}
api-1       | INFO:     172.18.0.1:57814 - "GET /api/v1/runs/d6887d05-0ab4-45d1-8d85-0b835e7baa35 HTTP/1.1" 200 OK
api-1       | {"api_key_prefix": "evk_5ec841b483bb", "duration_ms": 129.731, "event": "http_request_completed", "level": "info", "method": "GET", "outcome": "success", "path": "/api/v1/runs/d6887d05-0ab4-45d1-8d85-0b835e7baa35", "request_id": "5d3b4e82-fd01-4cbd-a8ee-e87aeda521e2", "status_code": 200, "tenant_id": "fdd68433-c86c-470c-8b57-cec8ffc3d389", "timestamp": "2026-08-07T12:26:25.987117Z", "trace_id": "57207dd9e11721cacaa3d076622ace69"}
api-1       | {"claimed": 30, "event": "outbox_dispatch_batch_completed", "lease_lost": 0, "level": "info", "published": 30, "retry_scheduled": 0, "role": "outbox_dispatcher", "timestamp": "2026-08-07T12:26:26.593496Z"}
api-1       | INFO:     172.18.0.1:57814 - "GET /api/v1/runs/d6887d05-0ab4-45d1-8d85-0b835e7baa35 HTTP/1.1" 200 OK
api-1       | {"api_key_prefix": "evk_5ec841b483bb", "duration_ms": 138.197, "event": "http_request_completed", "level": "info", "method": "GET", "outcome": "success", "path": "/api/v1/runs/d6887d05-0ab4-45d1-8d85-0b835e7baa35", "request_id": "0699d2fa-d753-419d-8ad4-f8f19bb833fa", "status_code": 200, "tenant_id": "fdd68433-c86c-470c-8b57-cec8ffc3d389", "timestamp": "2026-08-07T12:26:26.648240Z", "trace_id": "bb21b8c541b92e5e22612b61e1c811ce"}
api-1       | {"claimed": 30, "event": "outbox_dispatch_batch_completed", "lease_lost": 0, "level": "info", "published": 30, "retry_scheduled": 0, "role": "outbox_dispatcher", "timestamp": "2026-08-07T12:26:27.285552Z"}
api-1       | INFO:     172.18.0.1:57814 - "GET /api/v1/runs/d6887d05-0ab4-45d1-8d85-0b835e7baa35 HTTP/1.1" 200 OK
api-1       | {"api_key_prefix": "evk_5ec841b483bb", "duration_ms": 187.119, "event": "http_request_completed", "level": "info", "method": "GET", "outcome": "success", "path": "/api/v1/runs/d6887d05-0ab4-45d1-8d85-0b835e7baa35", "request_id": "249b6e9c-8c4e-411b-9cd0-6110d03300bb", "status_code": 200, "tenant_id": "fdd68433-c86c-470c-8b57-cec8ffc3d389", "timestamp": "2026-08-07T12:26:27.339494Z", "trace_id": "cf1d39e0d1ae5d8aac30bd3965cfd537"}
api-1       | {"claimed": 32, "event": "outbox_dispatch_batch_completed", "lease_lost": 0, "level": "info", "published": 32, "retry_scheduled": 0, "role": "outbox_dispatcher", "timestamp": "2026-08-07T12:26:28.087084Z"}
api-1       | INFO:     172.18.0.1:57814 - "GET /api/v1/runs/d6887d05-0ab4-45d1-8d85-0b835e7baa35 HTTP/1.1" 200 OK
api-1       | {"api_key_prefix": "evk_5ec841b483bb", "duration_ms": 248.847, "event": "http_request_completed", "level": "info", "method": "GET", "outcome": "success", "path": "/api/v1/runs/d6887d05-0ab4-45d1-8d85-0b835e7baa35", "request_id": "5ca3e05d-c27c-4b5c-960a-4e568091e9f4", "status_code": 200, "tenant_id": "fdd68433-c86c-470c-8b57-cec8ffc3d389", "timestamp": "2026-08-07T12:26:28.096509Z", "trace_id": "d6d83c68611eae20a0828a8a9d7598c0"}
api-1       | {"claimed": 34, "event": "outbox_dispatch_batch_completed", "lease_lost": 0, "level": "info", "published": 34, "retry_scheduled": 0, "role": "outbox_dispatcher", "timestamp": "2026-08-07T12:26:28.793017Z"}
api-1       | INFO:     172.18.0.1:57814 - "GET /api/v1/runs/d6887d05-0ab4-45d1-8d85-0b835e7baa35 HTTP/1.1" 200 OK
api-1       | {"api_key_prefix": "evk_5ec841b483bb", "duration_ms": 200.046, "event": "http_request_completed", "level": "info", "method": "GET", "outcome": "success", "path": "/api/v1/runs/d6887d05-0ab4-45d1-8d85-0b835e7baa35", "request_id": "9b319b2d-cd0e-4432-b749-89ec4e5bba48", "status_code": 200, "tenant_id": "fdd68433-c86c-470c-8b57-cec8ffc3d389", "timestamp": "2026-08-07T12:26:28.800045Z", "trace_id": "1656ff31b1e62ef6b8c00f7cd359a9e9"}
api-1       | {"claimed": 13, "event": "outbox_dispatch_batch_completed", "lease_lost": 0, "level": "info", "published": 13, "retry_scheduled": 0, "role": "outbox_dispatcher", "timestamp": "2026-08-07T12:26:29.390241Z"}
api-1       | INFO:     172.18.0.1:57814 - "GET /api/v1/runs/d6887d05-0ab4-45d1-8d85-0b835e7baa35 HTTP/1.1" 200 OK
api-1       | {"api_key_prefix": "evk_5ec841b483bb", "duration_ms": 128.901, "event": "http_request_completed", "level": "info", "method": "GET", "outcome": "success", "path": "/api/v1/runs/d6887d05-0ab4-45d1-8d85-0b835e7baa35", "request_id": "0dea03cb-8c5f-4a28-9535-25f5939fab09", "status_code": 200, "tenant_id": "fdd68433-c86c-470c-8b57-cec8ffc3d389", "timestamp": "2026-08-07T12:26:29.436531Z", "trace_id": "e6001af4e84c5557fc74eeffdd4cb917"}
api-1       | {"claimed": 1, "event": "outbox_dispatch_batch_completed", "lease_lost": 0, "level": "info", "published": 1, "retry_scheduled": 0, "role": "outbox_dispatcher", "timestamp": "2026-08-07T12:26:29.899509Z"}
api-1       | INFO:     172.18.0.1:57814 - "GET /api/v1/runs/d6887d05-0ab4-45d1-8d85-0b835e7baa35 HTTP/1.1" 200 OK
api-1       | {"api_key_prefix": "evk_5ec841b483bb", "duration_ms": 95.655, "event": "http_request_completed", "level": "info", "method": "GET", "outcome": "success", "path": "/api/v1/runs/d6887d05-0ab4-45d1-8d85-0b835e7baa35", "request_id": "1f0825d3-d596-4d05-a530-8cdbf0c1b8a2", "status_code": 200, "tenant_id": "fdd68433-c86c-470c-8b57-cec8ffc3d389", "timestamp": "2026-08-07T12:26:30.035008Z", "trace_id": "dfb2015a48c4495b30d246811bfd89e6"}
api-1       | INFO:     172.18.0.1:57814 - "GET /api/v1/runs/d6887d05-0ab4-45d1-8d85-0b835e7baa35/cases?limit=200&sort=case_id HTTP/1.1" 200 OK
api-1       | {"api_key_prefix": "evk_5ec841b483bb", "duration_ms": 123.39, "event": "http_request_completed", "level": "info", "method": "GET", "outcome": "success", "path": "/api/v1/runs/d6887d05-0ab4-45d1-8d85-0b835e7baa35/cases", "request_id": "bae0a9b0-08b9-411f-8b40-ea8864f8d6c6", "status_code": 200, "tenant_id": "fdd68433-c86c-470c-8b57-cec8ffc3d389", "timestamp": "2026-08-07T12:26:30.160242Z", "trace_id": "a12552518d7d141a3e04e4cfb1591be5"}
api-1       | INFO:     172.18.0.1:57814 - "GET /api/v1/runs/d6887d05-0ab4-45d1-8d85-0b835e7baa35/cases?limit=200&sort=case_id&cursor=eyJkaXJlY3Rpb24iOiJhc2MiLCJlcnJvcl9jb2RlIjpudWxsLCJqb2JfaWQiOiJkYTRjN2IzMS04NGNiLTQ4ZWItOTQ4Yi1iNDZjN2VlODY2ZjEiLCJtZXRyaWMiOm51bGwsInNvcnQiOiJjYXNlX2lkIiwic3RhdHVzIjpudWxsLCJ2IjoxLCJ2YWx1ZSI6ImxvYWQtMDE5OSJ9 HTTP/1.1" 200 OK
api-1       | {"api_key_prefix": "evk_5ec841b483bb", "duration_ms": 168.388, "event": "http_request_completed", "level": "info", "method": "GET", "outcome": "success", "path": "/api/v1/runs/d6887d05-0ab4-45d1-8d85-0b835e7baa35/cases", "request_id": "d544590f-3009-4c6c-86dc-31826ea84d22", "status_code": 200, "tenant_id": "fdd68433-c86c-470c-8b57-cec8ffc3d389", "timestamp": "2026-08-07T12:26:30.331421Z", "trace_id": "a2c781db8f591a4b3049b85f3ceb54aa"}
api-1       | {"event": "Context impl PostgresqlImpl.", "level": "info", "request_id": "e50741a2-38f2-408c-af7e-543f7ad93a58", "timestamp": "2026-08-07T12:26:30.445696Z", "trace_id": "880de1488b5d1d5bf994834056782181"}
api-1       | {"event": "Will assume transactional DDL.", "level": "info", "request_id": "e50741a2-38f2-408c-af7e-543f7ad93a58", "timestamp": "2026-08-07T12:26:30.445890Z", "trace_id": "880de1488b5d1d5bf994834056782181"}
api-1       | INFO:     172.18.0.1:57814 - "GET /api/v1/runs/d6887d05-0ab4-45d1-8d85-0b835e7baa35/cases?limit=200&sort=case_id&cursor=eyJkaXJlY3Rpb24iOiJhc2MiLCJlcnJvcl9jb2RlIjpudWxsLCJqb2JfaWQiOiI2Y2ZhN2VhMC0yY2EwLTQxMTktOGVhZi0wMzRmODAzZGNjNmMiLCJtZXRyaWMiOm51bGwsInNvcnQiOiJjYXNlX2lkIiwic3RhdHVzIjpudWxsLCJ2IjoxLCJ2YWx1ZSI6ImxvYWQtMDM5OSJ9 HTTP/1.1" 200 OK
api-1       | {"api_key_prefix": "evk_5ec841b483bb", "duration_ms": 122.157, "event": "http_request_completed", "level": "info", "method": "GET", "outcome": "success", "path": "/api/v1/runs/d6887d05-0ab4-45d1-8d85-0b835e7baa35/cases", "request_id": "10a441f1-7463-46f9-8250-ef895b89540f", "status_code": 200, "tenant_id": "fdd68433-c86c-470c-8b57-cec8ffc3d389", "timestamp": "2026-08-07T12:26:30.457065Z", "trace_id": "d0d7ce124b24fa72e37d55559087ab66"}
api-1       | {"claimed": 2, "event": "outbox_dispatch_batch_completed", "lease_lost": 0, "level": "info", "published": 2, "retry_scheduled": 0, "role": "outbox_dispatcher", "timestamp": "2026-08-07T12:26:30.457573Z"}
api-1       | INFO:     127.0.0.1:38526 - "GET /health/ready HTTP/1.1" 200 OK
api-1       | {"duration_ms": 90.349, "event": "http_request_completed", "level": "info", "method": "GET", "outcome": "success", "path": "/health/ready", "request_id": "e50741a2-38f2-408c-af7e-543f7ad93a58", "status_code": 200, "timestamp": "2026-08-07T12:26:30.458309Z", "trace_id": "880de1488b5d1d5bf994834056782181"}
api-1       | INFO:     127.0.0.1:38530 - "GET /metrics HTTP/1.1" 200 OK
api-1       | {"duration_ms": 13.142, "event": "http_request_completed", "level": "info", "method": "GET", "outcome": "success", "path": "/metrics", "request_id": "f1c5ad46-6277-4d81-a650-edcf9711ea74", "status_code": 200, "timestamp": "2026-08-07T12:26:30.827942Z", "trace_id": "fbc1455588b1556b9302cc280f50b64c"}
api-1       | INFO:     172.18.0.1:57814 - "POST /api/v1/runs HTTP/1.1" 202 Accepted
api-1       | {"api_key_prefix": "evk_5ec841b483bb", "duration_ms": 79.804, "event": "http_request_completed", "level": "info", "method": "POST", "outcome": "success", "path": "/api/v1/runs", "request_id": "236756e3-7763-4676-977b-9b28a706a7be", "status_code": 202, "tenant_id": "fdd68433-c86c-470c-8b57-cec8ffc3d389", "timestamp": "2026-08-07T12:26:34.204770Z", "trace_id": "42e43d79a5c7483284ab15a2a9580178"}
api-1       | INFO:     172.18.0.1:57814 - "GET /api/v1/runs/7d9664e3-044d-406a-982d-d9f6a1c2bdf0 HTTP/1.1" 200 OK
api-1       | {"api_key_prefix": "evk_5ec841b483bb", "duration_ms": 55.556, "event": "http_request_completed", "level": "info", "method": "GET", "outcome": "success", "path": "/api/v1/runs/7d9664e3-044d-406a-982d-d9f6a1c2bdf0", "request_id": "edf77fee-9f3b-4528-b315-3cb252c21faa", "status_code": 200, "tenant_id": "fdd68433-c86c-470c-8b57-cec8ffc3d389", "timestamp": "2026-08-07T12:26:34.262072Z", "trace_id": "e02ac119808fcfc8c4879da898cee3e7"}
api-1       | {"claimed": 2, "event": "outbox_dispatch_batch_completed", "lease_lost": 0, "level": "info", "published": 2, "retry_scheduled": 0, "role": "outbox_dispatcher", "timestamp": "2026-08-07T12:26:34.500871Z"}
api-1       | INFO:     172.18.0.1:57814 - "GET /api/v1/runs/7d9664e3-044d-406a-982d-d9f6a1c2bdf0 HTTP/1.1" 200 OK
api-1       | {"api_key_prefix": "evk_5ec841b483bb", "duration_ms": 56.733, "event": "http_request_completed", "level": "info", "method": "GET", "outcome": "success", "path": "/api/v1/runs/7d9664e3-044d-406a-982d-d9f6a1c2bdf0", "request_id": "5dc58788-9921-4d4b-b72d-54bd9424959b", "status_code": 200, "tenant_id": "fdd68433-c86c-470c-8b57-cec8ffc3d389", "timestamp": "2026-08-07T12:26:34.821500Z", "trace_id": "5891fee30010df07115211c8b203661e"}
api-1       | {"claimed": 26, "event": "outbox_dispatch_batch_completed", "lease_lost": 0, "level": "info", "published": 26, "retry_scheduled": 0, "role": "outbox_dispatcher", "timestamp": "2026-08-07T12:26:35.179284Z"}
api-1       | INFO:     172.18.0.1:57814 - "GET /api/v1/runs/7d9664e3-044d-406a-982d-d9f6a1c2bdf0 HTTP/1.1" 200 OK
api-1       | {"api_key_prefix": "evk_5ec841b483bb", "duration_ms": 52.957, "event": "http_request_completed", "level": "info", "method": "GET", "outcome": "success", "path": "/api/v1/runs/7d9664e3-044d-406a-982d-d9f6a1c2bdf0", "request_id": "9ea7fb80-1c26-4999-8658-e91e4a54401f", "status_code": 200, "tenant_id": "fdd68433-c86c-470c-8b57-cec8ffc3d389", "timestamp": "2026-08-07T12:26:35.377360Z", "trace_id": "b81312b5f1806b662280df782dda3f5e"}
api-1       | {"event": "Context impl PostgresqlImpl.", "level": "info", "request_id": "053c39a5-673d-4262-a152-5182405c8402", "timestamp": "2026-08-07T12:26:35.956467Z", "trace_id": "c3d442dec8a05e9edf18ee252b9a6efe"}
api-1       | {"event": "Will assume transactional DDL.", "level": "info", "request_id": "053c39a5-673d-4262-a152-5182405c8402", "timestamp": "2026-08-07T12:26:35.956623Z", "trace_id": "c3d442dec8a05e9edf18ee252b9a6efe"}
api-1       | {"claimed": 32, "event": "outbox_dispatch_batch_completed", "lease_lost": 0, "level": "info", "published": 32, "retry_scheduled": 0, "role": "outbox_dispatcher", "timestamp": "2026-08-07T12:26:35.962555Z"}
api-1       | INFO:     127.0.0.1:38542 - "GET /health/ready HTTP/1.1" 200 OK
api-1       | {"duration_ms": 96.05, "event": "http_request_completed", "level": "info", "method": "GET", "outcome": "success", "path": "/health/ready", "request_id": "053c39a5-673d-4262-a152-5182405c8402", "status_code": 200, "timestamp": "2026-08-07T12:26:35.977252Z", "trace_id": "c3d442dec8a05e9edf18ee252b9a6efe"}
api-1       | INFO:     172.18.0.1:57814 - "GET /api/v1/runs/7d9664e3-044d-406a-982d-d9f6a1c2bdf0 HTTP/1.1" 200 OK
api-1       | {"api_key_prefix": "evk_5ec841b483bb", "duration_ms": 149.961, "event": "http_request_completed", "level": "info", "method": "GET", "outcome": "success", "path": "/api/v1/runs/7d9664e3-044d-406a-982d-d9f6a1c2bdf0", "request_id": "309ddec7-d94f-42c8-a2bf-0a3476c7f564", "status_code": 200, "tenant_id": "fdd68433-c86c-470c-8b57-cec8ffc3d389", "timestamp": "2026-08-07T12:26:36.040202Z", "trace_id": "4d36887997359f72640c597b18032878"}
api-1       | {"claimed": 38, "event": "outbox_dispatch_batch_completed", "lease_lost": 0, "level": "info", "published": 38, "retry_scheduled": 0, "role": "outbox_dispatcher", "timestamp": "2026-08-07T12:26:36.620018Z"}
api-1       | INFO:     172.18.0.1:57814 - "GET /api/v1/runs/7d9664e3-044d-406a-982d-d9f6a1c2bdf0 HTTP/1.1" 200 OK
api-1       | {"api_key_prefix": "evk_5ec841b483bb", "duration_ms": 162.193, "event": "http_request_completed", "level": "info", "method": "GET", "outcome": "success", "path": "/api/v1/runs/7d9664e3-044d-406a-982d-d9f6a1c2bdf0", "request_id": "1a439a37-0947-423d-8c04-c1430010ef06", "status_code": 200, "tenant_id": "fdd68433-c86c-470c-8b57-cec8ffc3d389", "timestamp": "2026-08-07T12:26:36.724864Z", "trace_id": "00d7ac155ac417a16564f1423327750a"}
api-1       | INFO:     172.18.0.1:57814 - "GET /api/v1/runs/7d9664e3-044d-406a-982d-d9f6a1c2bdf0/cases?limit=200&sort=case_id HTTP/1.1" 200 OK
api-1       | {"api_key_prefix": "evk_5ec841b483bb", "duration_ms": 62.902, "event": "http_request_completed", "level": "info", "method": "GET", "outcome": "success", "path": "/api/v1/runs/7d9664e3-044d-406a-982d-d9f6a1c2bdf0/cases", "request_id": "e39c4af3-b438-4226-8844-f4493fb2043e", "status_code": 200, "tenant_id": "fdd68433-c86c-470c-8b57-cec8ffc3d389", "timestamp": "2026-08-07T12:26:36.789396Z", "trace_id": "0dbebdef7ecd996f376f542cd9df87d3"}
api-1       | {"claimed": 4, "event": "outbox_dispatch_batch_completed", "lease_lost": 0, "level": "info", "published": 4, "retry_scheduled": 0, "role": "outbox_dispatcher", "timestamp": "2026-08-07T12:26:37.134344Z"}
api-1       | INFO:     127.0.0.1:38548 - "GET /metrics HTTP/1.1" 200 OK
api-1       | {"duration_ms": 18.577, "event": "http_request_completed", "level": "info", "method": "GET", "outcome": "success", "path": "/metrics", "request_id": "46575f22-efff-48b0-b1af-de416df2e154", "status_code": 200, "timestamp": "2026-08-07T12:26:37.201956Z", "trace_id": "c5984b122e8a4c72df287ce79103a55c"}
api-1       | INFO:     172.18.0.1:57814 - "POST /api/v1/runs HTTP/1.1" 202 Accepted
api-1       | {"api_key_prefix": "evk_5ec841b483bb", "duration_ms": 274.621, "event": "http_request_completed", "level": "info", "method": "POST", "outcome": "success", "path": "/api/v1/runs", "request_id": "030b84b9-62a0-4ea1-832a-e480b194dd6a", "status_code": 202, "tenant_id": "fdd68433-c86c-470c-8b57-cec8ffc3d389", "timestamp": "2026-08-07T12:26:38.271142Z", "trace_id": "69c7a0c62e7aa9808510d35dfacfda48"}
api-1       | INFO:     172.18.0.1:57814 - "GET /api/v1/runs/096d2fd3-835e-4acd-ab88-30d029e99fb1 HTTP/1.1" 200 OK
api-1       | {"api_key_prefix": "evk_5ec841b483bb", "duration_ms": 63.386, "event": "http_request_completed", "level": "info", "method": "GET", "outcome": "success", "path": "/api/v1/runs/096d2fd3-835e-4acd-ab88-30d029e99fb1", "request_id": "d9fd45ec-62c0-4eb4-b0e0-afef94353ec0", "status_code": 200, "tenant_id": "fdd68433-c86c-470c-8b57-cec8ffc3d389", "timestamp": "2026-08-07T12:26:38.336718Z", "trace_id": "f3f8f77dc7400464ca4aeb585ff51530"}
api-1       | {"claimed": 8, "event": "outbox_dispatch_batch_completed", "lease_lost": 0, "level": "info", "published": 8, "retry_scheduled": 0, "role": "outbox_dispatcher", "timestamp": "2026-08-07T12:26:38.767686Z"}
api-1       | INFO:     172.18.0.1:57814 - "GET /api/v1/runs/096d2fd3-835e-4acd-ab88-30d029e99fb1 HTTP/1.1" 200 OK
api-1       | {"api_key_prefix": "evk_5ec841b483bb", "duration_ms": 54.897, "event": "http_request_completed", "level": "info", "method": "GET", "outcome": "success", "path": "/api/v1/runs/096d2fd3-835e-4acd-ab88-30d029e99fb1", "request_id": "0d922316-2a15-4ce1-9c1d-e242fbdbd37c", "status_code": 200, "tenant_id": "fdd68433-c86c-470c-8b57-cec8ffc3d389", "timestamp": "2026-08-07T12:26:38.894334Z", "trace_id": "30b0071fa8bd2e553de56753c1f769e2"}
api-1       | {"claimed": 26, "event": "outbox_dispatch_batch_completed", "lease_lost": 0, "level": "info", "published": 26, "retry_scheduled": 0, "role": "outbox_dispatcher", "timestamp": "2026-08-07T12:26:39.472437Z"}
api-1       | INFO:     172.18.0.1:57814 - "GET /api/v1/runs/096d2fd3-835e-4acd-ab88-30d029e99fb1 HTTP/1.1" 200 OK
api-1       | {"api_key_prefix": "evk_5ec841b483bb", "duration_ms": 73.982, "event": "http_request_completed", "level": "info", "method": "GET", "outcome": "success", "path": "/api/v1/runs/096d2fd3-835e-4acd-ab88-30d029e99fb1", "request_id": "7a5a8234-e06c-492f-919f-d5494d831f49", "status_code": 200, "tenant_id": "fdd68433-c86c-470c-8b57-cec8ffc3d389", "timestamp": "2026-08-07T12:26:39.476213Z", "trace_id": "42a3cc21998b990ac0d66901ef916394"}
api-1       | {"claimed": 32, "event": "outbox_dispatch_batch_completed", "lease_lost": 0, "level": "info", "published": 32, "retry_scheduled": 0, "role": "outbox_dispatcher", "timestamp": "2026-08-07T12:26:40.174935Z"}
api-1       | INFO:     172.18.0.1:57814 - "GET /api/v1/runs/096d2fd3-835e-4acd-ab88-30d029e99fb1 HTTP/1.1" 200 OK
api-1       | {"api_key_prefix": "evk_5ec841b483bb", "duration_ms": 201.383, "event": "http_request_completed", "level": "info", "method": "GET", "outcome": "success", "path": "/api/v1/runs/096d2fd3-835e-4acd-ab88-30d029e99fb1", "request_id": "6da828f8-5227-4955-bdf0-81f57771eff3", "status_code": 200, "tenant_id": "fdd68433-c86c-470c-8b57-cec8ffc3d389", "timestamp": "2026-08-07T12:26:40.181982Z", "trace_id": "d4d5c4059f50a963596f8424f477132d"}
api-1       | {"claimed": 32, "event": "outbox_dispatch_batch_completed", "lease_lost": 0, "level": "info", "published": 32, "retry_scheduled": 0, "role": "outbox_dispatcher", "timestamp": "2026-08-07T12:26:40.895215Z"}
api-1       | INFO:     172.18.0.1:57814 - "GET /api/v1/runs/096d2fd3-835e-4acd-ab88-30d029e99fb1 HTTP/1.1" 200 OK
api-1       | {"api_key_prefix": "evk_5ec841b483bb", "duration_ms": 217.206, "event": "http_request_completed", "level": "info", "method": "GET", "outcome": "success", "path": "/api/v1/runs/096d2fd3-835e-4acd-ab88-30d029e99fb1", "request_id": "329924ac-6099-45b6-a20c-53f3de5f2463", "status_code": 200, "tenant_id": "fdd68433-c86c-470c-8b57-cec8ffc3d389", "timestamp": "2026-08-07T12:26:40.901904Z", "trace_id": "3109688c96abf525ca90d63576304b48"}
api-1       | {"event": "Context impl PostgresqlImpl.", "level": "info", "request_id": "0c4cb1f3-5af4-4634-88c1-a70dee5b7dc0", "timestamp": "2026-08-07T12:26:41.270904Z", "trace_id": "b3d09a64cef6ece2d8ed7b9b18924fa4"}
api-1       | {"event": "Will assume transactional DDL.", "level": "info", "request_id": "0c4cb1f3-5af4-4634-88c1-a70dee5b7dc0", "timestamp": "2026-08-07T12:26:41.271028Z", "trace_id": "b3d09a64cef6ece2d8ed7b9b18924fa4"}
api-1       | INFO:     127.0.0.1:57118 - "GET /health/ready HTTP/1.1" 200 OK
api-1       | {"duration_ms": 22.16, "event": "http_request_completed", "level": "info", "method": "GET", "outcome": "success", "path": "/health/ready", "request_id": "0c4cb1f3-5af4-4634-88c1-a70dee5b7dc0", "status_code": 200, "timestamp": "2026-08-07T12:26:41.277896Z", "trace_id": "b3d09a64cef6ece2d8ed7b9b18924fa4"}
api-1       | INFO:     172.18.0.1:57814 - "GET /api/v1/runs/096d2fd3-835e-4acd-ab88-30d029e99fb1 HTTP/1.1" 200 OK
api-1       | {"api_key_prefix": "evk_5ec841b483bb", "duration_ms": 183.639, "event": "http_request_completed", "level": "info", "method": "GET", "outcome": "success", "path": "/api/v1/runs/096d2fd3-835e-4acd-ab88-30d029e99fb1", "request_id": "6306f3ef-0eed-4c8c-b85f-23ac9a83fb62", "status_code": 200, "tenant_id": "fdd68433-c86c-470c-8b57-cec8ffc3d389", "timestamp": "2026-08-07T12:26:41.588771Z", "trace_id": "5c14b9d11759b93fa13b94a213cd97ed"}
api-1       | {"claimed": 32, "event": "outbox_dispatch_batch_completed", "lease_lost": 0, "level": "info", "published": 32, "retry_scheduled": 0, "role": "outbox_dispatcher", "timestamp": "2026-08-07T12:26:41.589341Z"}
api-1       | INFO:     172.18.0.1:57814 - "GET /api/v1/runs/096d2fd3-835e-4acd-ab88-30d029e99fb1 HTTP/1.1" 200 OK
api-1       | {"api_key_prefix": "evk_5ec841b483bb", "duration_ms": 189.138, "event": "http_request_completed", "level": "info", "method": "GET", "outcome": "success", "path": "/api/v1/runs/096d2fd3-835e-4acd-ab88-30d029e99fb1", "request_id": "73a39fbf-04b1-45e9-a46e-9945d6c80b9e", "status_code": 200, "tenant_id": "fdd68433-c86c-470c-8b57-cec8ffc3d389", "timestamp": "2026-08-07T12:26:42.281112Z", "trace_id": "11de8878a86bf0471e9c84caa4534994"}
api-1       | {"claimed": 32, "event": "outbox_dispatch_batch_completed", "lease_lost": 0, "level": "info", "published": 32, "retry_scheduled": 0, "role": "outbox_dispatcher", "timestamp": "2026-08-07T12:26:42.290983Z"}
api-1       | INFO:     172.18.0.1:57814 - "GET /api/v1/runs/096d2fd3-835e-4acd-ab88-30d029e99fb1 HTTP/1.1" 200 OK
api-1       | {"api_key_prefix": "evk_5ec841b483bb", "duration_ms": 192.498, "event": "http_request_completed", "level": "info", "method": "GET", "outcome": "success", "path": "/api/v1/runs/096d2fd3-835e-4acd-ab88-30d029e99fb1", "request_id": "5c50a6ad-8034-4040-97e7-d36168a9c926", "status_code": 200, "tenant_id": "fdd68433-c86c-470c-8b57-cec8ffc3d389", "timestamp": "2026-08-07T12:26:42.977544Z", "trace_id": "7e8db0189de70b80a73241434ea1e89b"}
api-1       | {"claimed": 32, "event": "outbox_dispatch_batch_completed", "lease_lost": 0, "level": "info", "published": 32, "retry_scheduled": 0, "role": "outbox_dispatcher", "timestamp": "2026-08-07T12:26:42.991808Z"}
api-1       | {"claimed": 32, "event": "outbox_dispatch_batch_completed", "lease_lost": 0, "level": "info", "published": 32, "retry_scheduled": 0, "role": "outbox_dispatcher", "timestamp": "2026-08-07T12:26:43.679582Z"}
api-1       | INFO:     172.18.0.1:57814 - "GET /api/v1/runs/096d2fd3-835e-4acd-ab88-30d029e99fb1 HTTP/1.1" 200 OK
api-1       | {"api_key_prefix": "evk_5ec841b483bb", "duration_ms": 204.255, "event": "http_request_completed", "level": "info", "method": "GET", "outcome": "success", "path": "/api/v1/runs/096d2fd3-835e-4acd-ab88-30d029e99fb1", "request_id": "e17f6b0b-ea6b-4826-af0f-dbc8d1f63269", "status_code": 200, "tenant_id": "fdd68433-c86c-470c-8b57-cec8ffc3d389", "timestamp": "2026-08-07T12:26:43.684549Z", "trace_id": "ae29a989dbe647c39105b0735c6b0946"}
api-1       | {"claimed": 30, "event": "outbox_dispatch_batch_completed", "lease_lost": 0, "level": "info", "published": 30, "retry_scheduled": 0, "role": "outbox_dispatcher", "timestamp": "2026-08-07T12:26:44.390639Z"}
api-1       | INFO:     172.18.0.1:57814 - "GET /api/v1/runs/096d2fd3-835e-4acd-ab88-30d029e99fb1 HTTP/1.1" 200 OK
api-1       | {"api_key_prefix": "evk_5ec841b483bb", "duration_ms": 210.738, "event": "http_request_completed", "level": "info", "method": "GET", "outcome": "success", "path": "/api/v1/runs/096d2fd3-835e-4acd-ab88-30d029e99fb1", "request_id": "afdc9582-6dce-4b58-8890-d069875fa160", "status_code": 200, "tenant_id": "fdd68433-c86c-470c-8b57-cec8ffc3d389", "timestamp": "2026-08-07T12:26:44.398314Z", "trace_id": "95f3368783d665a60b7d0cbf2c16efda"}
api-1       | {"claimed": 28, "event": "outbox_dispatch_batch_completed", "lease_lost": 0, "level": "info", "published": 28, "retry_scheduled": 0, "role": "outbox_dispatcher", "timestamp": "2026-08-07T12:26:45.078488Z"}
api-1       | INFO:     172.18.0.1:57814 - "GET /api/v1/runs/096d2fd3-835e-4acd-ab88-30d029e99fb1 HTTP/1.1" 200 OK
api-1       | {"api_key_prefix": "evk_5ec841b483bb", "duration_ms": 183.966, "event": "http_request_completed", "level": "info", "method": "GET", "outcome": "success", "path": "/api/v1/runs/096d2fd3-835e-4acd-ab88-30d029e99fb1", "request_id": "4fc3e79b-2986-4657-8bce-2d5800e06715", "status_code": 200, "tenant_id": "fdd68433-c86c-470c-8b57-cec8ffc3d389", "timestamp": "2026-08-07T12:26:45.084892Z", "trace_id": "2a73c98ce867aea4e916094d7895a557"}
api-1       | {"claimed": 31, "event": "outbox_dispatch_batch_completed", "lease_lost": 0, "level": "info", "published": 31, "retry_scheduled": 0, "role": "outbox_dispatcher", "timestamp": "2026-08-07T12:26:45.873549Z"}
api-1       | INFO:     172.18.0.1:57814 - "GET /api/v1/runs/096d2fd3-835e-4acd-ab88-30d029e99fb1 HTTP/1.1" 200 OK
api-1       | {"api_key_prefix": "evk_5ec841b483bb", "duration_ms": 291.265, "event": "http_request_completed", "level": "info", "method": "GET", "outcome": "success", "path": "/api/v1/runs/096d2fd3-835e-4acd-ab88-30d029e99fb1", "request_id": "38e48ae8-b6ac-4795-85e5-ff7e4a75e4af", "status_code": 200, "tenant_id": "fdd68433-c86c-470c-8b57-cec8ffc3d389", "timestamp": "2026-08-07T12:26:45.879723Z", "trace_id": "979d35495b7ddf9e5918d1e40fe63dad"}
api-1       | {"claimed": 36, "event": "outbox_dispatch_batch_completed", "lease_lost": 0, "level": "info", "published": 36, "retry_scheduled": 0, "role": "outbox_dispatcher", "timestamp": "2026-08-07T12:26:46.756968Z"}
api-1       | INFO:     172.18.0.1:57814 - "GET /api/v1/runs/096d2fd3-835e-4acd-ab88-30d029e99fb1 HTTP/1.1" 200 OK
api-1       | {"api_key_prefix": "evk_5ec841b483bb", "duration_ms": 379.181, "event": "http_request_completed", "level": "info", "method": "GET", "outcome": "success", "path": "/api/v1/runs/096d2fd3-835e-4acd-ab88-30d029e99fb1", "request_id": "d13d351d-bd1a-4797-8b95-855210fb0c1b", "status_code": 200, "tenant_id": "fdd68433-c86c-470c-8b57-cec8ffc3d389", "timestamp": "2026-08-07T12:26:46.762071Z", "trace_id": "e2306dbba3d332ee50a11885d8f244c3"}
api-1       | {"event": "Context impl PostgresqlImpl.", "level": "info", "request_id": "074670c4-0cd6-4839-b9b9-c991d948a7e8", "timestamp": "2026-08-07T12:26:46.877754Z", "trace_id": "0b5a0c0a4b8205413c908d73b25c6844"}
api-1       | {"event": "Will assume transactional DDL.", "level": "info", "request_id": "074670c4-0cd6-4839-b9b9-c991d948a7e8", "timestamp": "2026-08-07T12:26:46.877926Z", "trace_id": "0b5a0c0a4b8205413c908d73b25c6844"}
api-1       | INFO:     127.0.0.1:57120 - "GET /health/ready HTTP/1.1" 200 OK
api-1       | {"duration_ms": 22.704, "event": "http_request_completed", "level": "info", "method": "GET", "outcome": "success", "path": "/health/ready", "request_id": "074670c4-0cd6-4839-b9b9-c991d948a7e8", "status_code": 200, "timestamp": "2026-08-07T12:26:46.885351Z", "trace_id": "0b5a0c0a4b8205413c908d73b25c6844"}
api-1       | {"claimed": 41, "event": "outbox_dispatch_batch_completed", "lease_lost": 0, "level": "info", "published": 41, "retry_scheduled": 0, "role": "outbox_dispatcher", "timestamp": "2026-08-07T12:26:47.477127Z"}
api-1       | INFO:     172.18.0.1:57814 - "GET /api/v1/runs/096d2fd3-835e-4acd-ab88-30d029e99fb1 HTTP/1.1" 200 OK
api-1       | {"api_key_prefix": "evk_5ec841b483bb", "duration_ms": 221.559, "event": "http_request_completed", "level": "info", "method": "GET", "outcome": "success", "path": "/api/v1/runs/096d2fd3-835e-4acd-ab88-30d029e99fb1", "request_id": "abd45a58-1c7f-4fdf-8ab3-de8c5c50966c", "status_code": 200, "tenant_id": "fdd68433-c86c-470c-8b57-cec8ffc3d389", "timestamp": "2026-08-07T12:26:47.487218Z", "trace_id": "6df752be11bc0ef36701bd9d8a063c63"}
api-1       | {"claimed": 31, "event": "outbox_dispatch_batch_completed", "lease_lost": 0, "level": "info", "published": 31, "retry_scheduled": 0, "role": "outbox_dispatcher", "timestamp": "2026-08-07T12:26:48.178407Z"}
api-1       | INFO:     172.18.0.1:57814 - "GET /api/v1/runs/096d2fd3-835e-4acd-ab88-30d029e99fb1 HTTP/1.1" 200 OK
api-1       | {"api_key_prefix": "evk_5ec841b483bb", "duration_ms": 203.006, "event": "http_request_completed", "level": "info", "method": "GET", "outcome": "success", "path": "/api/v1/runs/096d2fd3-835e-4acd-ab88-30d029e99fb1", "request_id": "8720a2b6-4d11-43f4-929a-814ba447975d", "status_code": 200, "tenant_id": "fdd68433-c86c-470c-8b57-cec8ffc3d389", "timestamp": "2026-08-07T12:26:48.195121Z", "trace_id": "c8bbd4daa26754d5adb510c474f646ae"}
api-1       | {"claimed": 32, "event": "outbox_dispatch_batch_completed", "lease_lost": 0, "level": "info", "published": 32, "retry_scheduled": 0, "role": "outbox_dispatcher", "timestamp": "2026-08-07T12:26:48.883812Z"}
api-1       | INFO:     172.18.0.1:57814 - "GET /api/v1/runs/096d2fd3-835e-4acd-ab88-30d029e99fb1 HTTP/1.1" 200 OK
api-1       | {"api_key_prefix": "evk_5ec841b483bb", "duration_ms": 219.324, "event": "http_request_completed", "level": "info", "method": "GET", "outcome": "success", "path": "/api/v1/runs/096d2fd3-835e-4acd-ab88-30d029e99fb1", "request_id": "d58a91ff-65a7-43db-ac3b-449dcb526f2e", "status_code": 200, "tenant_id": "fdd68433-c86c-470c-8b57-cec8ffc3d389", "timestamp": "2026-08-07T12:26:48.946629Z", "trace_id": "2766ea3ea4bebe504faaaf26b2525e2d"}
api-1       | {"claimed": 29, "event": "outbox_dispatch_batch_completed", "lease_lost": 0, "level": "info", "published": 29, "retry_scheduled": 0, "role": "outbox_dispatcher", "timestamp": "2026-08-07T12:26:49.574296Z"}
api-1       | INFO:     172.18.0.1:57814 - "GET /api/v1/runs/096d2fd3-835e-4acd-ab88-30d029e99fb1 HTTP/1.1" 200 OK
api-1       | {"api_key_prefix": "evk_5ec841b483bb", "duration_ms": 164.916, "event": "http_request_completed", "level": "info", "method": "GET", "outcome": "success", "path": "/api/v1/runs/096d2fd3-835e-4acd-ab88-30d029e99fb1", "request_id": "d2f216d1-ca61-42b0-8cce-f271a25fa10d", "status_code": 200, "tenant_id": "fdd68433-c86c-470c-8b57-cec8ffc3d389", "timestamp": "2026-08-07T12:26:49.631697Z", "trace_id": "8be56bb957cdedec8df6a050b6c7e4a6"}
api-1       | {"claimed": 30, "event": "outbox_dispatch_batch_completed", "lease_lost": 0, "level": "info", "published": 30, "retry_scheduled": 0, "role": "outbox_dispatcher", "timestamp": "2026-08-07T12:26:50.271636Z"}
api-1       | INFO:     172.18.0.1:57814 - "GET /api/v1/runs/096d2fd3-835e-4acd-ab88-30d029e99fb1 HTTP/1.1" 200 OK
api-1       | {"api_key_prefix": "evk_5ec841b483bb", "duration_ms": 174.72, "event": "http_request_completed", "level": "info", "method": "GET", "outcome": "success", "path": "/api/v1/runs/096d2fd3-835e-4acd-ab88-30d029e99fb1", "request_id": "4cbbb566-b78d-4c83-b448-b55dc572615f", "status_code": 200, "tenant_id": "fdd68433-c86c-470c-8b57-cec8ffc3d389", "timestamp": "2026-08-07T12:26:50.329000Z", "trace_id": "827f1390e9246ee1fa2aac751122c68a"}
api-1       | {"claimed": 32, "event": "outbox_dispatch_batch_completed", "lease_lost": 0, "level": "info", "published": 32, "retry_scheduled": 0, "role": "outbox_dispatcher", "timestamp": "2026-08-07T12:26:50.972139Z"}
api-1       | INFO:     172.18.0.1:57814 - "GET /api/v1/runs/096d2fd3-835e-4acd-ab88-30d029e99fb1 HTTP/1.1" 200 OK
api-1       | {"api_key_prefix": "evk_5ec841b483bb", "duration_ms": 200.385, "event": "http_request_completed", "level": "info", "method": "GET", "outcome": "success", "path": "/api/v1/runs/096d2fd3-835e-4acd-ab88-30d029e99fb1", "request_id": "921ad121-c0bb-4c71-b623-60413ff8c5b0", "status_code": 200, "tenant_id": "fdd68433-c86c-470c-8b57-cec8ffc3d389", "timestamp": "2026-08-07T12:26:51.032934Z", "trace_id": "2fa37a5212f188afee194701b8ac1b57"}
api-1       | {"claimed": 30, "event": "outbox_dispatch_batch_completed", "lease_lost": 0, "level": "info", "published": 30, "retry_scheduled": 0, "role": "outbox_dispatcher", "timestamp": "2026-08-07T12:26:51.614242Z"}
api-1       | INFO:     172.18.0.1:57814 - "GET /api/v1/runs/096d2fd3-835e-4acd-ab88-30d029e99fb1 HTTP/1.1" 200 OK
api-1       | {"api_key_prefix": "evk_5ec841b483bb", "duration_ms": 120.594, "event": "http_request_completed", "level": "info", "method": "GET", "outcome": "success", "path": "/api/v1/runs/096d2fd3-835e-4acd-ab88-30d029e99fb1", "request_id": "27c950d1-1884-4ca7-9628-eb178868b4e3", "status_code": 200, "tenant_id": "fdd68433-c86c-470c-8b57-cec8ffc3d389", "timestamp": "2026-08-07T12:26:51.680176Z", "trace_id": "940fc1dc0eb7d7f011d5f6f3c9ff789a"}
api-1       | {"event": "Context impl PostgresqlImpl.", "level": "info", "request_id": "b204384c-7a6e-42ff-8c7a-91ffda832b7d", "timestamp": "2026-08-07T12:26:52.377472Z", "trace_id": "2da80ece0b1f79eb304288b49ab4741a"}
api-1       | {"event": "Will assume transactional DDL.", "level": "info", "request_id": "b204384c-7a6e-42ff-8c7a-91ffda832b7d", "timestamp": "2026-08-07T12:26:52.377765Z", "trace_id": "2da80ece0b1f79eb304288b49ab4741a"}
api-1       | {"claimed": 26, "event": "outbox_dispatch_batch_completed", "lease_lost": 0, "level": "info", "published": 26, "retry_scheduled": 0, "role": "outbox_dispatcher", "timestamp": "2026-08-07T12:26:52.379176Z"}
api-1       | INFO:     127.0.0.1:37494 - "GET /health/ready HTTP/1.1" 200 OK
api-1       | {"duration_ms": 56.138, "event": "http_request_completed", "level": "info", "method": "GET", "outcome": "success", "path": "/health/ready", "request_id": "b204384c-7a6e-42ff-8c7a-91ffda832b7d", "status_code": 200, "timestamp": "2026-08-07T12:26:52.390857Z", "trace_id": "2da80ece0b1f79eb304288b49ab4741a"}
api-1       | INFO:     172.18.0.1:57814 - "GET /api/v1/runs/096d2fd3-835e-4acd-ab88-30d029e99fb1 HTTP/1.1" 200 OK
api-1       | {"api_key_prefix": "evk_5ec841b483bb", "duration_ms": 220.481, "event": "http_request_completed", "level": "info", "method": "GET", "outcome": "success", "path": "/api/v1/runs/096d2fd3-835e-4acd-ab88-30d029e99fb1", "request_id": "20658f02-1728-41e3-a508-be1b39c588b0", "status_code": 200, "tenant_id": "fdd68433-c86c-470c-8b57-cec8ffc3d389", "timestamp": "2026-08-07T12:26:52.456894Z", "trace_id": "b05483575287d97cf4e97c5d659d29f3"}
api-1       | {"claimed": 36, "event": "outbox_dispatch_batch_completed", "lease_lost": 0, "level": "info", "published": 36, "retry_scheduled": 0, "role": "outbox_dispatcher", "timestamp": "2026-08-07T12:26:53.085548Z"}
api-1       | INFO:     172.18.0.1:57814 - "GET /api/v1/runs/096d2fd3-835e-4acd-ab88-30d029e99fb1 HTTP/1.1" 200 OK
api-1       | {"api_key_prefix": "evk_5ec841b483bb", "duration_ms": 166.265, "event": "http_request_completed", "level": "info", "method": "GET", "outcome": "success", "path": "/api/v1/runs/096d2fd3-835e-4acd-ab88-30d029e99fb1", "request_id": "a80e9c55-63b4-4878-bd4d-ccc7f4e0e0c1", "status_code": 200, "tenant_id": "fdd68433-c86c-470c-8b57-cec8ffc3d389", "timestamp": "2026-08-07T12:26:53.143674Z", "trace_id": "0e2a3492ca38535a2d91983da05947b0"}
api-1       | {"claimed": 32, "event": "outbox_dispatch_batch_completed", "lease_lost": 0, "level": "info", "published": 32, "retry_scheduled": 0, "role": "outbox_dispatcher", "timestamp": "2026-08-07T12:26:53.777991Z"}
api-1       | INFO:     172.18.0.1:57814 - "GET /api/v1/runs/096d2fd3-835e-4acd-ab88-30d029e99fb1 HTTP/1.1" 200 OK
api-1       | {"api_key_prefix": "evk_5ec841b483bb", "duration_ms": 177.41, "event": "http_request_completed", "level": "info", "method": "GET", "outcome": "success", "path": "/api/v1/runs/096d2fd3-835e-4acd-ab88-30d029e99fb1", "request_id": "5e5040ae-527c-4db4-8f4e-77398dfb8a4f", "status_code": 200, "tenant_id": "fdd68433-c86c-470c-8b57-cec8ffc3d389", "timestamp": "2026-08-07T12:26:53.835609Z", "trace_id": "f2046b7819c50b35769560022814525b"}
api-1       | {"claimed": 32, "event": "outbox_dispatch_batch_completed", "lease_lost": 0, "level": "info", "published": 32, "retry_scheduled": 0, "role": "outbox_dispatcher", "timestamp": "2026-08-07T12:26:54.476466Z"}
api-1       | INFO:     172.18.0.1:57814 - "GET /api/v1/runs/096d2fd3-835e-4acd-ab88-30d029e99fb1 HTTP/1.1" 200 OK
api-1       | {"api_key_prefix": "evk_5ec841b483bb", "duration_ms": 185.036, "event": "http_request_completed", "level": "info", "method": "GET", "outcome": "success", "path": "/api/v1/runs/096d2fd3-835e-4acd-ab88-30d029e99fb1", "request_id": "3727559d-0f17-48c8-8a89-5920c4609999", "status_code": 200, "tenant_id": "fdd68433-c86c-470c-8b57-cec8ffc3d389", "timestamp": "2026-08-07T12:26:54.541237Z", "trace_id": "65fa01e406cae7e361ebd10c1a2368df"}
api-1       | {"claimed": 32, "event": "outbox_dispatch_batch_completed", "lease_lost": 0, "level": "info", "published": 32, "retry_scheduled": 0, "role": "outbox_dispatcher", "timestamp": "2026-08-07T12:26:55.196516Z"}
api-1       | INFO:     172.18.0.1:57814 - "GET /api/v1/runs/096d2fd3-835e-4acd-ab88-30d029e99fb1 HTTP/1.1" 200 OK
api-1       | {"api_key_prefix": "evk_5ec841b483bb", "duration_ms": 190.864, "event": "http_request_completed", "level": "info", "method": "GET", "outcome": "success", "path": "/api/v1/runs/096d2fd3-835e-4acd-ab88-30d029e99fb1", "request_id": "1c9fa9ab-1ec4-4db9-8aca-904a4c355859", "status_code": 200, "tenant_id": "fdd68433-c86c-470c-8b57-cec8ffc3d389", "timestamp": "2026-08-07T12:26:55.250323Z", "trace_id": "ea4249f05355d98645b515bba39cfbaf"}
api-1       | {"claimed": 35, "event": "outbox_dispatch_batch_completed", "lease_lost": 0, "level": "info", "published": 35, "retry_scheduled": 0, "role": "outbox_dispatcher", "timestamp": "2026-08-07T12:26:55.887737Z"}
api-1       | INFO:     172.18.0.1:57814 - "GET /api/v1/runs/096d2fd3-835e-4acd-ab88-30d029e99fb1 HTTP/1.1" 200 OK
api-1       | {"api_key_prefix": "evk_5ec841b483bb", "duration_ms": 139.863, "event": "http_request_completed", "level": "info", "method": "GET", "outcome": "success", "path": "/api/v1/runs/096d2fd3-835e-4acd-ab88-30d029e99fb1", "request_id": "9d0027c8-e2b1-409a-b0ae-04c38fbb3857", "status_code": 200, "tenant_id": "fdd68433-c86c-470c-8b57-cec8ffc3d389", "timestamp": "2026-08-07T12:26:55.895253Z", "trace_id": "6d56532c6fa7b99c7567876d2b4eb855"}
api-1       | {"claimed": 31, "event": "outbox_dispatch_batch_completed", "lease_lost": 0, "level": "info", "published": 31, "retry_scheduled": 0, "role": "outbox_dispatcher", "timestamp": "2026-08-07T12:26:56.583788Z"}
api-1       | INFO:     172.18.0.1:57814 - "GET /api/v1/runs/096d2fd3-835e-4acd-ab88-30d029e99fb1 HTTP/1.1" 200 OK
api-1       | {"api_key_prefix": "evk_5ec841b483bb", "duration_ms": 190.862, "event": "http_request_completed", "level": "info", "method": "GET", "outcome": "success", "path": "/api/v1/runs/096d2fd3-835e-4acd-ab88-30d029e99fb1", "request_id": "046f9502-78f6-4ba8-9352-06482921bfa9", "status_code": 200, "tenant_id": "fdd68433-c86c-470c-8b57-cec8ffc3d389", "timestamp": "2026-08-07T12:26:56.590037Z", "trace_id": "b0596099cec47246f993acc00c606fd5"}
api-1       | {"claimed": 33, "event": "outbox_dispatch_batch_completed", "lease_lost": 0, "level": "info", "published": 33, "retry_scheduled": 0, "role": "outbox_dispatcher", "timestamp": "2026-08-07T12:26:57.284715Z"}
api-1       | INFO:     172.18.0.1:57814 - "GET /api/v1/runs/096d2fd3-835e-4acd-ab88-30d029e99fb1 HTTP/1.1" 200 OK
api-1       | {"api_key_prefix": "evk_5ec841b483bb", "duration_ms": 202.667, "event": "http_request_completed", "level": "info", "method": "GET", "outcome": "success", "path": "/api/v1/runs/096d2fd3-835e-4acd-ab88-30d029e99fb1", "request_id": "b8c8d67d-bd02-4227-a089-58bcd3efed16", "status_code": 200, "tenant_id": "fdd68433-c86c-470c-8b57-cec8ffc3d389", "timestamp": "2026-08-07T12:26:57.296212Z", "trace_id": "32ce527b406eefa394218fd79e86a757"}
api-1       | {"event": "Context impl PostgresqlImpl.", "level": "info", "request_id": "c29d065b-923a-43cc-95b3-5f8150279e5e", "timestamp": "2026-08-07T12:26:57.712870Z", "trace_id": "acab3e8f1f260bc1125c72b7dd22866e"}
api-1       | {"event": "Will assume transactional DDL.", "level": "info", "request_id": "c29d065b-923a-43cc-95b3-5f8150279e5e", "timestamp": "2026-08-07T12:26:57.713028Z", "trace_id": "acab3e8f1f260bc1125c72b7dd22866e"}
api-1       | INFO:     127.0.0.1:37510 - "GET /health/ready HTTP/1.1" 200 OK
api-1       | {"duration_ms": 23.226, "event": "http_request_completed", "level": "info", "method": "GET", "outcome": "success", "path": "/health/ready", "request_id": "c29d065b-923a-43cc-95b3-5f8150279e5e", "status_code": 200, "timestamp": "2026-08-07T12:26:57.719754Z", "trace_id": "acab3e8f1f260bc1125c72b7dd22866e"}
api-1       | {"claimed": 33, "event": "outbox_dispatch_batch_completed", "lease_lost": 0, "level": "info", "published": 33, "retry_scheduled": 0, "role": "outbox_dispatcher", "timestamp": "2026-08-07T12:26:57.991556Z"}
api-1       | INFO:     172.18.0.1:57814 - "GET /api/v1/runs/096d2fd3-835e-4acd-ab88-30d029e99fb1 HTTP/1.1" 200 OK
api-1       | {"api_key_prefix": "evk_5ec841b483bb", "duration_ms": 194.406, "event": "http_request_completed", "level": "info", "method": "GET", "outcome": "success", "path": "/api/v1/runs/096d2fd3-835e-4acd-ab88-30d029e99fb1", "request_id": "9a47ebe2-0d12-484f-b214-cba9c29cd0ae", "status_code": 200, "tenant_id": "fdd68433-c86c-470c-8b57-cec8ffc3d389", "timestamp": "2026-08-07T12:26:57.993379Z", "trace_id": "3ff89020d590b7040aaa1981cf20e007"}
api-1       | INFO:     172.18.0.1:57814 - "GET /api/v1/runs/096d2fd3-835e-4acd-ab88-30d029e99fb1 HTTP/1.1" 200 OK
api-1       | {"api_key_prefix": "evk_5ec841b483bb", "duration_ms": 197.085, "event": "http_request_completed", "level": "info", "method": "GET", "outcome": "success", "path": "/api/v1/runs/096d2fd3-835e-4acd-ab88-30d029e99fb1", "request_id": "171680cd-06ee-40ec-aeec-1627c7f6e19c", "status_code": 200, "tenant_id": "fdd68433-c86c-470c-8b57-cec8ffc3d389", "timestamp": "2026-08-07T12:26:58.693502Z", "trace_id": "19b2a84cf7c0141d2a9901c1dcfb2867"}
api-1       | {"claimed": 33, "event": "outbox_dispatch_batch_completed", "lease_lost": 0, "level": "info", "published": 33, "retry_scheduled": 0, "role": "outbox_dispatcher", "timestamp": "2026-08-07T12:26:58.694460Z"}
api-1       | {"claimed": 29, "event": "outbox_dispatch_batch_completed", "lease_lost": 0, "level": "info", "published": 29, "retry_scheduled": 0, "role": "outbox_dispatcher", "timestamp": "2026-08-07T12:26:59.401682Z"}
api-1       | INFO:     172.18.0.1:57814 - "GET /api/v1/runs/096d2fd3-835e-4acd-ab88-30d029e99fb1 HTTP/1.1" 200 OK
api-1       | {"api_key_prefix": "evk_5ec841b483bb", "duration_ms": 211.488, "event": "http_request_completed", "level": "info", "method": "GET", "outcome": "success", "path": "/api/v1/runs/096d2fd3-835e-4acd-ab88-30d029e99fb1", "request_id": "f3ebd751-4191-447a-b3ce-12c9e9b7fc18", "status_code": 200, "tenant_id": "fdd68433-c86c-470c-8b57-cec8ffc3d389", "timestamp": "2026-08-07T12:26:59.409793Z", "trace_id": "09ac98ee5bc93b40b702a1fd21157412"}
api-1       | {"claimed": 32, "event": "outbox_dispatch_batch_completed", "lease_lost": 0, "level": "info", "published": 32, "retry_scheduled": 0, "role": "outbox_dispatcher", "timestamp": "2026-08-07T12:27:00.105715Z"}
api-1       | INFO:     172.18.0.1:57814 - "GET /api/v1/runs/096d2fd3-835e-4acd-ab88-30d029e99fb1 HTTP/1.1" 200 OK
api-1       | {"api_key_prefix": "evk_5ec841b483bb", "duration_ms": 209.353, "event": "http_request_completed", "level": "info", "method": "GET", "outcome": "success", "path": "/api/v1/runs/096d2fd3-835e-4acd-ab88-30d029e99fb1", "request_id": "39582173-510b-497d-ae5d-4204195838b9", "status_code": 200, "tenant_id": "fdd68433-c86c-470c-8b57-cec8ffc3d389", "timestamp": "2026-08-07T12:27:00.121668Z", "trace_id": "bf9ba9655ae365a60edfd81ffd42e2db"}
api-1       | {"claimed": 34, "event": "outbox_dispatch_batch_completed", "lease_lost": 0, "level": "info", "published": 34, "retry_scheduled": 0, "role": "outbox_dispatcher", "timestamp": "2026-08-07T12:27:00.785858Z"}
api-1       | INFO:     172.18.0.1:57814 - "GET /api/v1/runs/096d2fd3-835e-4acd-ab88-30d029e99fb1 HTTP/1.1" 200 OK
api-1       | {"api_key_prefix": "evk_5ec841b483bb", "duration_ms": 199.253, "event": "http_request_completed", "level": "info", "method": "GET", "outcome": "success", "path": "/api/v1/runs/096d2fd3-835e-4acd-ab88-30d029e99fb1", "request_id": "6fd78bcd-9356-4776-adb0-e7d704a2e5eb", "status_code": 200, "tenant_id": "fdd68433-c86c-470c-8b57-cec8ffc3d389", "timestamp": "2026-08-07T12:27:00.838667Z", "trace_id": "59672f678a388765faf158f85ffaa674"}
api-1       | INFO:     172.18.0.1:57814 - "GET /api/v1/runs/096d2fd3-835e-4acd-ab88-30d029e99fb1/cases?limit=200&sort=case_id HTTP/1.1" 200 OK
api-1       | {"api_key_prefix": "evk_5ec841b483bb", "duration_ms": 73.669, "event": "http_request_completed", "level": "info", "method": "GET", "outcome": "success", "path": "/api/v1/runs/096d2fd3-835e-4acd-ab88-30d029e99fb1/cases", "request_id": "14b5a25e-c811-415c-bfeb-b49f4366481d", "status_code": 200, "tenant_id": "fdd68433-c86c-470c-8b57-cec8ffc3d389", "timestamp": "2026-08-07T12:27:00.913973Z", "trace_id": "ce19e2968e4fec50281b052ea86e321a"}
api-1       | INFO:     172.18.0.1:57814 - "GET /api/v1/runs/096d2fd3-835e-4acd-ab88-30d029e99fb1/cases?limit=200&sort=case_id&cursor=eyJkaXJlY3Rpb24iOiJhc2MiLCJlcnJvcl9jb2RlIjpudWxsLCJqb2JfaWQiOiIxYzQ5YjE3Yy0xMjgzLTQ0NGUtYTAxMy03MWJhOTBkNzZmYjYiLCJtZXRyaWMiOm51bGwsInNvcnQiOiJjYXNlX2lkIiwic3RhdHVzIjpudWxsLCJ2IjoxLCJ2YWx1ZSI6ImxvYWQtMDE5OSJ9 HTTP/1.1" 200 OK
api-1       | {"api_key_prefix": "evk_5ec841b483bb", "duration_ms": 67.137, "event": "http_request_completed", "level": "info", "method": "GET", "outcome": "success", "path": "/api/v1/runs/096d2fd3-835e-4acd-ab88-30d029e99fb1/cases", "request_id": "a1115bff-9ed1-47c0-9a70-3888530b3185", "status_code": 200, "tenant_id": "fdd68433-c86c-470c-8b57-cec8ffc3d389", "timestamp": "2026-08-07T12:27:00.984053Z", "trace_id": "056f6be505b9fbcc97ed2e13c10bce5d"}
api-1       | INFO:     172.18.0.1:57814 - "GET /api/v1/runs/096d2fd3-835e-4acd-ab88-30d029e99fb1/cases?limit=200&sort=case_id&cursor=eyJkaXJlY3Rpb24iOiJhc2MiLCJlcnJvcl9jb2RlIjpudWxsLCJqb2JfaWQiOiIxYzM2MTIyMy0zNTRjLTRiYzMtYjI1Mi01N2IwZGMwNGFlYzkiLCJtZXRyaWMiOm51bGwsInNvcnQiOiJjYXNlX2lkIiwic3RhdHVzIjpudWxsLCJ2IjoxLCJ2YWx1ZSI6ImxvYWQtMDM5OSJ9 HTTP/1.1" 200 OK
api-1       | {"api_key_prefix": "evk_5ec841b483bb", "duration_ms": 63.169, "event": "http_request_completed", "level": "info", "method": "GET", "outcome": "success", "path": "/api/v1/runs/096d2fd3-835e-4acd-ab88-30d029e99fb1/cases", "request_id": "76b7c23f-6b93-43ac-a46f-4f1f45677793", "status_code": 200, "tenant_id": "fdd68433-c86c-470c-8b57-cec8ffc3d389", "timestamp": "2026-08-07T12:27:01.049907Z", "trace_id": "722a0f755626223b01a4d2acaaacff38"}
api-1       | {"claimed": 8, "event": "outbox_dispatch_batch_completed", "lease_lost": 0, "level": "info", "published": 8, "retry_scheduled": 0, "role": "outbox_dispatcher", "timestamp": "2026-08-07T12:27:01.357743Z"}
api-1       | INFO:     127.0.0.1:50926 - "GET /metrics HTTP/1.1" 200 OK
api-1       | {"duration_ms": 12.735, "event": "http_request_completed", "level": "info", "method": "GET", "outcome": "success", "path": "/metrics", "request_id": "701a63d5-422f-4446-8f19-3271c81c210a", "status_code": 200, "timestamp": "2026-08-07T12:27:01.482446Z", "trace_id": "ee4b4b8339f06478b1b4586f1db7f99d"}
api-1       | {"event": "Context impl PostgresqlImpl.", "level": "info", "request_id": "d0caacaf-1d4b-448a-bc21-e9f0f1fa10cc", "timestamp": "2026-08-07T12:27:03.040928Z", "trace_id": "fdb55b0d242acc4f28ecd0a7569b58e4"}
api-1       | {"event": "Will assume transactional DDL.", "level": "info", "request_id": "d0caacaf-1d4b-448a-bc21-e9f0f1fa10cc", "timestamp": "2026-08-07T12:27:03.041044Z", "trace_id": "fdb55b0d242acc4f28ecd0a7569b58e4"}
api-1       | INFO:     127.0.0.1:50930 - "GET /health/ready HTTP/1.1" 200 OK
api-1       | {"duration_ms": 21.669, "event": "http_request_completed", "level": "info", "method": "GET", "outcome": "success", "path": "/health/ready", "request_id": "d0caacaf-1d4b-448a-bc21-e9f0f1fa10cc", "status_code": 200, "timestamp": "2026-08-07T12:27:03.047624Z", "trace_id": "fdb55b0d242acc4f28ecd0a7569b58e4"}
api-1       | INFO:     172.18.0.1:57814 - "POST /api/v1/runs HTTP/1.1" 202 Accepted
api-1       | {"api_key_prefix": "evk_5ec841b483bb", "duration_ms": 89.639, "event": "http_request_completed", "level": "info", "method": "POST", "outcome": "success", "path": "/api/v1/runs", "request_id": "7e3a2539-a5fa-459f-820c-a8cf8d5fe3d9", "status_code": 202, "tenant_id": "fdd68433-c86c-470c-8b57-cec8ffc3d389", "timestamp": "2026-08-07T12:27:05.364643Z", "trace_id": "84d652fa23c944fcb1af35354d8fe044"}
api-1       | INFO:     172.18.0.1:57814 - "GET /api/v1/runs/6f7f3dc9-9cdf-4a49-821d-a070de77d9c3 HTTP/1.1" 200 OK
api-1       | {"api_key_prefix": "evk_5ec841b483bb", "duration_ms": 62.195, "event": "http_request_completed", "level": "info", "method": "GET", "outcome": "success", "path": "/api/v1/runs/6f7f3dc9-9cdf-4a49-821d-a070de77d9c3", "request_id": "11ce2a1c-8ed6-43ab-b0d1-dcd7470b2bd5", "status_code": 200, "tenant_id": "fdd68433-c86c-470c-8b57-cec8ffc3d389", "timestamp": "2026-08-07T12:27:05.428890Z", "trace_id": "e2f7befed7b8b769ad4dcad78ce7f6c6"}
api-1       | {"claimed": 2, "event": "outbox_dispatch_batch_completed", "lease_lost": 0, "level": "info", "published": 2, "retry_scheduled": 0, "role": "outbox_dispatcher", "timestamp": "2026-08-07T12:27:05.902954Z"}
api-1       | INFO:     172.18.0.1:57814 - "GET /api/v1/runs/6f7f3dc9-9cdf-4a49-821d-a070de77d9c3 HTTP/1.1" 200 OK
api-1       | {"api_key_prefix": "evk_5ec841b483bb", "duration_ms": 66.16, "event": "http_request_completed", "level": "info", "method": "GET", "outcome": "success", "path": "/api/v1/runs/6f7f3dc9-9cdf-4a49-821d-a070de77d9c3", "request_id": "83050718-251e-4fd9-ae2d-79e73ff30167", "status_code": 200, "tenant_id": "fdd68433-c86c-470c-8b57-cec8ffc3d389", "timestamp": "2026-08-07T12:27:05.997958Z", "trace_id": "d1acf73455d9005e5aab168535ed51df"}
api-1       | {"claimed": 26, "event": "outbox_dispatch_batch_completed", "lease_lost": 0, "level": "info", "published": 26, "retry_scheduled": 0, "role": "outbox_dispatcher", "timestamp": "2026-08-07T12:27:06.598802Z"}
api-1       | INFO:     172.18.0.1:57814 - "GET /api/v1/runs/6f7f3dc9-9cdf-4a49-821d-a070de77d9c3 HTTP/1.1" 200 OK
api-1       | {"api_key_prefix": "evk_5ec841b483bb", "duration_ms": 125.358, "event": "http_request_completed", "level": "info", "method": "GET", "outcome": "success", "path": "/api/v1/runs/6f7f3dc9-9cdf-4a49-821d-a070de77d9c3", "request_id": "59846a3e-ff52-469f-8411-9f371323c295", "status_code": 200, "tenant_id": "fdd68433-c86c-470c-8b57-cec8ffc3d389", "timestamp": "2026-08-07T12:27:06.640230Z", "trace_id": "2ada4a7c6ab5cc322d257f3724951d04"}
api-1       | {"claimed": 50, "event": "outbox_dispatch_batch_completed", "lease_lost": 0, "level": "info", "published": 50, "retry_scheduled": 0, "role": "outbox_dispatcher", "timestamp": "2026-08-07T12:27:07.398507Z"}
api-1       | INFO:     172.18.0.1:57814 - "GET /api/v1/runs/6f7f3dc9-9cdf-4a49-821d-a070de77d9c3 HTTP/1.1" 200 OK
api-1       | {"api_key_prefix": "evk_5ec841b483bb", "duration_ms": 220.099, "event": "http_request_completed", "level": "info", "method": "GET", "outcome": "success", "path": "/api/v1/runs/6f7f3dc9-9cdf-4a49-821d-a070de77d9c3", "request_id": "d7494e9d-c762-4e05-b578-2584746712d2", "status_code": 200, "tenant_id": "fdd68433-c86c-470c-8b57-cec8ffc3d389", "timestamp": "2026-08-07T12:27:07.459597Z", "trace_id": "6b0d68c2fde8a53a9a816dc25277cc5e"}
api-1       | INFO:     172.18.0.1:57814 - "GET /api/v1/runs/6f7f3dc9-9cdf-4a49-821d-a070de77d9c3/cases?limit=200&sort=case_id HTTP/1.1" 200 OK
api-1       | {"api_key_prefix": "evk_5ec841b483bb", "duration_ms": 59.864, "event": "http_request_completed", "level": "info", "method": "GET", "outcome": "success", "path": "/api/v1/runs/6f7f3dc9-9cdf-4a49-821d-a070de77d9c3/cases", "request_id": "b313f7c0-90d8-432a-b8dd-de23c6b6b2a6", "status_code": 200, "tenant_id": "fdd68433-c86c-470c-8b57-cec8ffc3d389", "timestamp": "2026-08-07T12:27:07.521164Z", "trace_id": "980e828a135fc333b74c4c861b293778"}
api-1       | INFO:     127.0.0.1:50940 - "GET /metrics HTTP/1.1" 200 OK
api-1       | {"duration_ms": 16.424, "event": "http_request_completed", "level": "info", "method": "GET", "outcome": "success", "path": "/metrics", "request_id": "e4e51cf9-146d-4739-931c-72e6ea933071", "status_code": 200, "timestamp": "2026-08-07T12:27:07.916377Z", "trace_id": "51dc5a76ecbf6793960e71eb7b91590b"}
api-1       | {"claimed": 24, "event": "outbox_dispatch_batch_completed", "lease_lost": 0, "level": "info", "published": 24, "retry_scheduled": 0, "role": "outbox_dispatcher", "timestamp": "2026-08-07T12:27:08.081580Z"}
api-1       | {"event": "Context impl PostgresqlImpl.", "level": "info", "request_id": "c140b71d-0d76-4021-834a-09657039b2c8", "timestamp": "2026-08-07T12:27:08.398155Z", "trace_id": "3e4e17aa515d89628006aa1c2e252c4f"}
api-1       | {"event": "Will assume transactional DDL.", "level": "info", "request_id": "c140b71d-0d76-4021-834a-09657039b2c8", "timestamp": "2026-08-07T12:27:08.398391Z", "trace_id": "3e4e17aa515d89628006aa1c2e252c4f"}
api-1       | INFO:     127.0.0.1:50952 - "GET /health/ready HTTP/1.1" 200 OK
api-1       | {"duration_ms": 35.42, "event": "http_request_completed", "level": "info", "method": "GET", "outcome": "success", "path": "/health/ready", "request_id": "c140b71d-0d76-4021-834a-09657039b2c8", "status_code": 200, "timestamp": "2026-08-07T12:27:08.409085Z", "trace_id": "3e4e17aa515d89628006aa1c2e252c4f"}
api-1       | INFO:     172.18.0.1:57814 - "POST /api/v1/runs HTTP/1.1" 202 Accepted
api-1       | {"api_key_prefix": "evk_5ec841b483bb", "duration_ms": 207.72, "event": "http_request_completed", "level": "info", "method": "POST", "outcome": "success", "path": "/api/v1/runs", "request_id": "f3c4aa17-5cea-4222-82b7-9b55cbb62f34", "status_code": 202, "tenant_id": "fdd68433-c86c-470c-8b57-cec8ffc3d389", "timestamp": "2026-08-07T12:27:09.106387Z", "trace_id": "047848360c720d423d143f72111f3fc6"}
api-1       | INFO:     172.18.0.1:57814 - "GET /api/v1/runs/dedf8f8d-5c94-45f5-a873-2786bef6ef01 HTTP/1.1" 200 OK
api-1       | {"api_key_prefix": "evk_5ec841b483bb", "duration_ms": 52.258, "event": "http_request_completed", "level": "info", "method": "GET", "outcome": "success", "path": "/api/v1/runs/dedf8f8d-5c94-45f5-a873-2786bef6ef01", "request_id": "884484b0-a139-4d96-a8d1-4d9d5e9b47d0", "status_code": 200, "tenant_id": "fdd68433-c86c-470c-8b57-cec8ffc3d389", "timestamp": "2026-08-07T12:27:09.160387Z", "trace_id": "b4a07d9bf31c24e1df31f009bbe183bf"}
api-1       | {"claimed": 13, "event": "outbox_dispatch_batch_completed", "lease_lost": 0, "level": "info", "published": 13, "retry_scheduled": 0, "role": "outbox_dispatcher", "timestamp": "2026-08-07T12:27:09.779117Z"}
api-1       | INFO:     172.18.0.1:57814 - "GET /api/v1/runs/dedf8f8d-5c94-45f5-a873-2786bef6ef01 HTTP/1.1" 200 OK
api-1       | {"api_key_prefix": "evk_5ec841b483bb", "duration_ms": 129.512, "event": "http_request_completed", "level": "info", "method": "GET", "outcome": "success", "path": "/api/v1/runs/dedf8f8d-5c94-45f5-a873-2786bef6ef01", "request_id": "19cab4fc-a1e0-4daf-a0d9-9cbc84d98dec", "status_code": 200, "tenant_id": "fdd68433-c86c-470c-8b57-cec8ffc3d389", "timestamp": "2026-08-07T12:27:09.794006Z", "trace_id": "b0a7197b941f514da813e6f46ca60e72"}
api-1       | {"claimed": 50, "event": "outbox_dispatch_batch_completed", "lease_lost": 0, "level": "info", "published": 50, "retry_scheduled": 0, "role": "outbox_dispatcher", "timestamp": "2026-08-07T12:27:10.520975Z"}
api-1       | INFO:     172.18.0.1:57814 - "GET /api/v1/runs/dedf8f8d-5c94-45f5-a873-2786bef6ef01 HTTP/1.1" 200 OK
api-1       | {"api_key_prefix": "evk_5ec841b483bb", "duration_ms": 277.991, "event": "http_request_completed", "level": "info", "method": "GET", "outcome": "success", "path": "/api/v1/runs/dedf8f8d-5c94-45f5-a873-2786bef6ef01", "request_id": "2eaf99cc-b741-49d9-827d-ac23da4ae1b8", "status_code": 200, "tenant_id": "fdd68433-c86c-470c-8b57-cec8ffc3d389", "timestamp": "2026-08-07T12:27:10.588169Z", "trace_id": "aa5f8f36474820d2a683082ed06ab8cf"}
api-1       | {"claimed": 50, "event": "outbox_dispatch_batch_completed", "lease_lost": 0, "level": "info", "published": 50, "retry_scheduled": 0, "role": "outbox_dispatcher", "timestamp": "2026-08-07T12:27:11.295029Z"}
api-1       | INFO:     172.18.0.1:57814 - "GET /api/v1/runs/dedf8f8d-5c94-45f5-a873-2786bef6ef01 HTTP/1.1" 200 OK
api-1       | {"api_key_prefix": "evk_5ec841b483bb", "duration_ms": 243.395, "event": "http_request_completed", "level": "info", "method": "GET", "outcome": "success", "path": "/api/v1/runs/dedf8f8d-5c94-45f5-a873-2786bef6ef01", "request_id": "621d8c7c-9106-438d-9ef8-4ed25c5bbbc1", "status_code": 200, "tenant_id": "fdd68433-c86c-470c-8b57-cec8ffc3d389", "timestamp": "2026-08-07T12:27:11.362300Z", "trace_id": "0ebb85d4ab6f343539227b39c4f3bb82"}
api-1       | {"claimed": 50, "event": "outbox_dispatch_batch_completed", "lease_lost": 0, "level": "info", "published": 50, "retry_scheduled": 0, "role": "outbox_dispatcher", "timestamp": "2026-08-07T12:27:12.122396Z"}
api-1       | INFO:     172.18.0.1:57814 - "GET /api/v1/runs/dedf8f8d-5c94-45f5-a873-2786bef6ef01 HTTP/1.1" 200 OK
api-1       | {"api_key_prefix": "evk_5ec841b483bb", "duration_ms": 233.226, "event": "http_request_completed", "level": "info", "method": "GET", "outcome": "success", "path": "/api/v1/runs/dedf8f8d-5c94-45f5-a873-2786bef6ef01", "request_id": "62fb5e35-c43a-4eab-b287-293751115e0a", "status_code": 200, "tenant_id": "fdd68433-c86c-470c-8b57-cec8ffc3d389", "timestamp": "2026-08-07T12:27:12.181419Z", "trace_id": "0a90ac35a61c2b4b63df23e5c4af645b"}
api-1       | {"claimed": 50, "event": "outbox_dispatch_batch_completed", "lease_lost": 0, "level": "info", "published": 50, "retry_scheduled": 0, "role": "outbox_dispatcher", "timestamp": "2026-08-07T12:27:12.905248Z"}
api-1       | INFO:     172.18.0.1:57814 - "GET /api/v1/runs/dedf8f8d-5c94-45f5-a873-2786bef6ef01 HTTP/1.1" 200 OK
api-1       | {"api_key_prefix": "evk_5ec841b483bb", "duration_ms": 243.954, "event": "http_request_completed", "level": "info", "method": "GET", "outcome": "success", "path": "/api/v1/runs/dedf8f8d-5c94-45f5-a873-2786bef6ef01", "request_id": "e1db06e7-922e-41f9-8f44-4e6669fbb64e", "status_code": 200, "tenant_id": "fdd68433-c86c-470c-8b57-cec8ffc3d389", "timestamp": "2026-08-07T12:27:12.962191Z", "trace_id": "fb10cb0f3fe8c85b5777ebe07b8a6f23"}
api-1       | {"claimed": 50, "event": "outbox_dispatch_batch_completed", "lease_lost": 0, "level": "info", "published": 50, "retry_scheduled": 0, "role": "outbox_dispatcher", "timestamp": "2026-08-07T12:27:13.776518Z"}
api-1       | INFO:     172.18.0.1:57814 - "GET /api/v1/runs/dedf8f8d-5c94-45f5-a873-2786bef6ef01 HTTP/1.1" 200 OK
api-1       | {"api_key_prefix": "evk_5ec841b483bb", "duration_ms": 406.757, "event": "http_request_completed", "level": "info", "method": "GET", "outcome": "success", "path": "/api/v1/runs/dedf8f8d-5c94-45f5-a873-2786bef6ef01", "request_id": "d8dc3a89-f84b-4bec-9a43-2efe8db507ad", "status_code": 200, "tenant_id": "fdd68433-c86c-470c-8b57-cec8ffc3d389", "timestamp": "2026-08-07T12:27:13.934587Z", "trace_id": "cff6f719de921d8ba9535b465cf95b38"}
api-1       | {"event": "Context impl PostgresqlImpl.", "level": "info", "request_id": "e5bfe87e-76f8-41d3-be4d-c9d8f5bfe289", "timestamp": "2026-08-07T12:27:14.013458Z", "trace_id": "38598425ba12eb5e622b5ac5d1ac56d5"}
api-1       | {"event": "Will assume transactional DDL.", "level": "info", "request_id": "e5bfe87e-76f8-41d3-be4d-c9d8f5bfe289", "timestamp": "2026-08-07T12:27:14.013591Z", "trace_id": "38598425ba12eb5e622b5ac5d1ac56d5"}
api-1       | INFO:     127.0.0.1:39400 - "GET /health/ready HTTP/1.1" 200 OK
api-1       | {"duration_ms": 27.898, "event": "http_request_completed", "level": "info", "method": "GET", "outcome": "success", "path": "/health/ready", "request_id": "e5bfe87e-76f8-41d3-be4d-c9d8f5bfe289", "status_code": 200, "timestamp": "2026-08-07T12:27:14.022809Z", "trace_id": "38598425ba12eb5e622b5ac5d1ac56d5"}
api-1       | {"claimed": 50, "event": "outbox_dispatch_batch_completed", "lease_lost": 0, "level": "info", "published": 50, "retry_scheduled": 0, "role": "outbox_dispatcher", "timestamp": "2026-08-07T12:27:14.503911Z"}
api-1       | INFO:     172.18.0.1:57814 - "GET /api/v1/runs/dedf8f8d-5c94-45f5-a873-2786bef6ef01 HTTP/1.1" 200 OK
api-1       | {"api_key_prefix": "evk_5ec841b483bb", "duration_ms": 133.794, "event": "http_request_completed", "level": "info", "method": "GET", "outcome": "success", "path": "/api/v1/runs/dedf8f8d-5c94-45f5-a873-2786bef6ef01", "request_id": "76d8fb93-fbdd-4561-bf1f-846604c91b9a", "status_code": 200, "tenant_id": "fdd68433-c86c-470c-8b57-cec8ffc3d389", "timestamp": "2026-08-07T12:27:14.572225Z", "trace_id": "3db02717e205338f9bc8d94ba3374729"}
api-1       | {"claimed": 50, "event": "outbox_dispatch_batch_completed", "lease_lost": 0, "level": "info", "published": 50, "retry_scheduled": 0, "role": "outbox_dispatcher", "timestamp": "2026-08-07T12:27:15.271390Z"}
api-1       | INFO:     172.18.0.1:57814 - "GET /api/v1/runs/dedf8f8d-5c94-45f5-a873-2786bef6ef01 HTTP/1.1" 200 OK
api-1       | {"api_key_prefix": "evk_5ec841b483bb", "duration_ms": 265.891, "event": "http_request_completed", "level": "info", "method": "GET", "outcome": "success", "path": "/api/v1/runs/dedf8f8d-5c94-45f5-a873-2786bef6ef01", "request_id": "dc1be9c4-b0c1-4d4c-af46-e6654eb5daf4", "status_code": 200, "tenant_id": "fdd68433-c86c-470c-8b57-cec8ffc3d389", "timestamp": "2026-08-07T12:27:15.342679Z", "trace_id": "3f539a7f16704e6b1d119caedd108edf"}
api-1       | {"claimed": 50, "event": "outbox_dispatch_batch_completed", "lease_lost": 0, "level": "info", "published": 50, "retry_scheduled": 0, "role": "outbox_dispatcher", "timestamp": "2026-08-07T12:27:16.014220Z"}
api-1       | INFO:     172.18.0.1:57814 - "GET /api/v1/runs/dedf8f8d-5c94-45f5-a873-2786bef6ef01 HTTP/1.1" 200 OK
api-1       | {"api_key_prefix": "evk_5ec841b483bb", "duration_ms": 238.461, "event": "http_request_completed", "level": "info", "method": "GET", "outcome": "success", "path": "/api/v1/runs/dedf8f8d-5c94-45f5-a873-2786bef6ef01", "request_id": "feec4afc-f724-4cb0-bee6-c3bde8cc8274", "status_code": 200, "tenant_id": "fdd68433-c86c-470c-8b57-cec8ffc3d389", "timestamp": "2026-08-07T12:27:16.089637Z", "trace_id": "7a28a288dcf5809458681a60004c8d99"}
api-1       | {"claimed": 50, "event": "outbox_dispatch_batch_completed", "lease_lost": 0, "level": "info", "published": 50, "retry_scheduled": 0, "role": "outbox_dispatcher", "timestamp": "2026-08-07T12:27:16.772086Z"}
api-1       | INFO:     172.18.0.1:57814 - "GET /api/v1/runs/dedf8f8d-5c94-45f5-a873-2786bef6ef01 HTTP/1.1" 200 OK
api-1       | {"api_key_prefix": "evk_5ec841b483bb", "duration_ms": 235.841, "event": "http_request_completed", "level": "info", "method": "GET", "outcome": "success", "path": "/api/v1/runs/dedf8f8d-5c94-45f5-a873-2786bef6ef01", "request_id": "971965a5-b296-41e7-96ec-1e056e5a4642", "status_code": 200, "tenant_id": "fdd68433-c86c-470c-8b57-cec8ffc3d389", "timestamp": "2026-08-07T12:27:16.833065Z", "trace_id": "1cfd685ce4980b1950f1602775eab3a6"}
api-1       | {"claimed": 50, "event": "outbox_dispatch_batch_completed", "lease_lost": 0, "level": "info", "published": 50, "retry_scheduled": 0, "role": "outbox_dispatcher", "timestamp": "2026-08-07T12:27:17.509785Z"}
api-1       | INFO:     172.18.0.1:57814 - "GET /api/v1/runs/dedf8f8d-5c94-45f5-a873-2786bef6ef01 HTTP/1.1" 200 OK
api-1       | {"api_key_prefix": "evk_5ec841b483bb", "duration_ms": 222.292, "event": "http_request_completed", "level": "info", "method": "GET", "outcome": "success", "path": "/api/v1/runs/dedf8f8d-5c94-45f5-a873-2786bef6ef01", "request_id": "371261e7-f465-4be2-9720-78d49ec1bd2d", "status_code": 200, "tenant_id": "fdd68433-c86c-470c-8b57-cec8ffc3d389", "timestamp": "2026-08-07T12:27:17.568093Z", "trace_id": "c596e9e4981a63e5bef52b74b1b97215"}
api-1       | {"claimed": 50, "event": "outbox_dispatch_batch_completed", "lease_lost": 0, "level": "info", "published": 50, "retry_scheduled": 0, "role": "outbox_dispatcher", "timestamp": "2026-08-07T12:27:18.270755Z"}
api-1       | INFO:     172.18.0.1:57814 - "GET /api/v1/runs/dedf8f8d-5c94-45f5-a873-2786bef6ef01 HTTP/1.1" 200 OK
api-1       | {"api_key_prefix": "evk_5ec841b483bb", "duration_ms": 203.444, "event": "http_request_completed", "level": "info", "method": "GET", "outcome": "success", "path": "/api/v1/runs/dedf8f8d-5c94-45f5-a873-2786bef6ef01", "request_id": "64e34aa3-5be8-4985-abb4-f6a584288aad", "status_code": 200, "tenant_id": "fdd68433-c86c-470c-8b57-cec8ffc3d389", "timestamp": "2026-08-07T12:27:18.284477Z", "trace_id": "f02c87d449f7979af34caf4a1f7a9eaa"}
api-1       | {"claimed": 50, "event": "outbox_dispatch_batch_completed", "lease_lost": 0, "level": "info", "published": 50, "retry_scheduled": 0, "role": "outbox_dispatcher", "timestamp": "2026-08-07T12:27:19.161476Z"}
api-1       | INFO:     172.18.0.1:57814 - "GET /api/v1/runs/dedf8f8d-5c94-45f5-a873-2786bef6ef01 HTTP/1.1" 200 OK
api-1       | {"api_key_prefix": "evk_5ec841b483bb", "duration_ms": 332.386, "event": "http_request_completed", "level": "info", "method": "GET", "outcome": "success", "path": "/api/v1/runs/dedf8f8d-5c94-45f5-a873-2786bef6ef01", "request_id": "188599ee-0749-48e9-8629-953d708cbbbd", "status_code": 200, "tenant_id": "fdd68433-c86c-470c-8b57-cec8ffc3d389", "timestamp": "2026-08-07T12:27:19.188806Z", "trace_id": "bf3edcbeeeac723178a3220f19fd4ff0"}
api-1       | {"event": "Context impl PostgresqlImpl.", "level": "info", "request_id": "1daf4eee-f3a7-43c2-b2fd-5b71ebc1d02c", "timestamp": "2026-08-07T12:27:19.442734Z", "trace_id": "029f49a83532c831c7af003e0bc7ecc3"}
api-1       | {"event": "Will assume transactional DDL.", "level": "info", "request_id": "1daf4eee-f3a7-43c2-b2fd-5b71ebc1d02c", "timestamp": "2026-08-07T12:27:19.442891Z", "trace_id": "029f49a83532c831c7af003e0bc7ecc3"}
api-1       | INFO:     127.0.0.1:39428 - "GET /health/ready HTTP/1.1" 200 OK
api-1       | {"duration_ms": 24.623, "event": "http_request_completed", "level": "info", "method": "GET", "outcome": "success", "path": "/health/ready", "request_id": "1daf4eee-f3a7-43c2-b2fd-5b71ebc1d02c", "status_code": 200, "timestamp": "2026-08-07T12:27:19.451017Z", "trace_id": "029f49a83532c831c7af003e0bc7ecc3"}
api-1       | {"claimed": 50, "event": "outbox_dispatch_batch_completed", "lease_lost": 0, "level": "info", "published": 50, "retry_scheduled": 0, "role": "outbox_dispatcher", "timestamp": "2026-08-07T12:27:19.919346Z"}
api-1       | INFO:     172.18.0.1:57814 - "GET /api/v1/runs/dedf8f8d-5c94-45f5-a873-2786bef6ef01 HTTP/1.1" 200 OK
api-1       | {"api_key_prefix": "evk_5ec841b483bb", "duration_ms": 259.038, "event": "http_request_completed", "level": "info", "method": "GET", "outcome": "success", "path": "/api/v1/runs/dedf8f8d-5c94-45f5-a873-2786bef6ef01", "request_id": "398f6ccb-5c18-4caf-b392-3e0e4fa1bbda", "status_code": 200, "tenant_id": "fdd68433-c86c-470c-8b57-cec8ffc3d389", "timestamp": "2026-08-07T12:27:19.990009Z", "trace_id": "cb4a10c2ace3a7f570f0ad71535a0f3e"}
api-1       | {"claimed": 50, "event": "outbox_dispatch_batch_completed", "lease_lost": 0, "level": "info", "published": 50, "retry_scheduled": 0, "role": "outbox_dispatcher", "timestamp": "2026-08-07T12:27:20.622085Z"}
api-1       | INFO:     172.18.0.1:57814 - "GET /api/v1/runs/dedf8f8d-5c94-45f5-a873-2786bef6ef01 HTTP/1.1" 200 OK
api-1       | {"api_key_prefix": "evk_5ec841b483bb", "duration_ms": 177.399, "event": "http_request_completed", "level": "info", "method": "GET", "outcome": "success", "path": "/api/v1/runs/dedf8f8d-5c94-45f5-a873-2786bef6ef01", "request_id": "27c57069-243b-491b-9b47-ecd4711e1a19", "status_code": 200, "tenant_id": "fdd68433-c86c-470c-8b57-cec8ffc3d389", "timestamp": "2026-08-07T12:27:20.689955Z", "trace_id": "7ea4c6db74a38495e6a598f7d8126c96"}
api-1       | {"claimed": 50, "event": "outbox_dispatch_batch_completed", "lease_lost": 0, "level": "info", "published": 50, "retry_scheduled": 0, "role": "outbox_dispatcher", "timestamp": "2026-08-07T12:27:21.324456Z"}
api-1       | INFO:     172.18.0.1:57814 - "GET /api/v1/runs/dedf8f8d-5c94-45f5-a873-2786bef6ef01 HTTP/1.1" 200 OK
api-1       | {"api_key_prefix": "evk_5ec841b483bb", "duration_ms": 187.463, "event": "http_request_completed", "level": "info", "method": "GET", "outcome": "success", "path": "/api/v1/runs/dedf8f8d-5c94-45f5-a873-2786bef6ef01", "request_id": "725256dd-2ef0-46c5-b580-996834c67f14", "status_code": 200, "tenant_id": "fdd68433-c86c-470c-8b57-cec8ffc3d389", "timestamp": "2026-08-07T12:27:21.384933Z", "trace_id": "0fa454d38dfed48ee83dd2dde885bbad"}
api-1       | {"claimed": 50, "event": "outbox_dispatch_batch_completed", "lease_lost": 0, "level": "info", "published": 50, "retry_scheduled": 0, "role": "outbox_dispatcher", "timestamp": "2026-08-07T12:27:22.007409Z"}
api-1       | INFO:     172.18.0.1:57814 - "GET /api/v1/runs/dedf8f8d-5c94-45f5-a873-2786bef6ef01 HTTP/1.1" 200 OK
api-1       | {"api_key_prefix": "evk_5ec841b483bb", "duration_ms": 169.793, "event": "http_request_completed", "level": "info", "method": "GET", "outcome": "success", "path": "/api/v1/runs/dedf8f8d-5c94-45f5-a873-2786bef6ef01", "request_id": "9067b1e2-cbed-4cf7-9c80-b15eb53b306b", "status_code": 200, "tenant_id": "fdd68433-c86c-470c-8b57-cec8ffc3d389", "timestamp": "2026-08-07T12:27:22.061443Z", "trace_id": "0edb2126ca0c40f1afe167b8d3f12b02"}
api-1       | INFO:     172.18.0.1:57814 - "GET /api/v1/runs/dedf8f8d-5c94-45f5-a873-2786bef6ef01/cases?limit=200&sort=case_id HTTP/1.1" 200 OK
api-1       | {"api_key_prefix": "evk_5ec841b483bb", "duration_ms": 79.79, "event": "http_request_completed", "level": "info", "method": "GET", "outcome": "success", "path": "/api/v1/runs/dedf8f8d-5c94-45f5-a873-2786bef6ef01/cases", "request_id": "8af77d02-28b8-4c14-9c90-7b3d30e2f7e0", "status_code": 200, "tenant_id": "fdd68433-c86c-470c-8b57-cec8ffc3d389", "timestamp": "2026-08-07T12:27:22.142937Z", "trace_id": "635edd068693b68131a46cbc38b4215e"}
api-1       | INFO:     172.18.0.1:57814 - "GET /api/v1/runs/dedf8f8d-5c94-45f5-a873-2786bef6ef01/cases?limit=200&sort=case_id&cursor=eyJkaXJlY3Rpb24iOiJhc2MiLCJlcnJvcl9jb2RlIjpudWxsLCJqb2JfaWQiOiI5NGJlOTU1ZS00ODMxLTRhNTYtYTk3Mi1kZDJlZGNkNDhlODYiLCJtZXRyaWMiOm51bGwsInNvcnQiOiJjYXNlX2lkIiwic3RhdHVzIjpudWxsLCJ2IjoxLCJ2YWx1ZSI6ImxvYWQtMDE5OSJ9 HTTP/1.1" 200 OK
api-1       | {"api_key_prefix": "evk_5ec841b483bb", "duration_ms": 72.89, "event": "http_request_completed", "level": "info", "method": "GET", "outcome": "success", "path": "/api/v1/runs/dedf8f8d-5c94-45f5-a873-2786bef6ef01/cases", "request_id": "b99e52f9-c403-4b36-8946-23bc3f9b25b6", "status_code": 200, "tenant_id": "fdd68433-c86c-470c-8b57-cec8ffc3d389", "timestamp": "2026-08-07T12:27:22.218543Z", "trace_id": "ae78f6f6f2bc6b935ede06c281de1cad"}
api-1       | INFO:     172.18.0.1:57814 - "GET /api/v1/runs/dedf8f8d-5c94-45f5-a873-2786bef6ef01/cases?limit=200&sort=case_id&cursor=eyJkaXJlY3Rpb24iOiJhc2MiLCJlcnJvcl9jb2RlIjpudWxsLCJqb2JfaWQiOiJjNmE4ODU1My0wYThjLTQ3YWYtODIzMi1mOGNmMTM0ZDIyODIiLCJtZXRyaWMiOm51bGwsInNvcnQiOiJjYXNlX2lkIiwic3RhdHVzIjpudWxsLCJ2IjoxLCJ2YWx1ZSI6ImxvYWQtMDM5OSJ9 HTTP/1.1" 200 OK
api-1       | {"api_key_prefix": "evk_5ec841b483bb", "duration_ms": 62.051, "event": "http_request_completed", "level": "info", "method": "GET", "outcome": "success", "path": "/api/v1/runs/dedf8f8d-5c94-45f5-a873-2786bef6ef01/cases", "request_id": "4e8c5c56-f020-4eda-acd6-b3ddd971c1be", "status_code": 200, "tenant_id": "fdd68433-c86c-470c-8b57-cec8ffc3d389", "timestamp": "2026-08-07T12:27:22.283200Z", "trace_id": "885c16fdebaf94b5755759a2bb56c64e"}
api-1       | {"claimed": 50, "event": "outbox_dispatch_batch_completed", "lease_lost": 0, "level": "info", "published": 50, "retry_scheduled": 0, "role": "outbox_dispatcher", "timestamp": "2026-08-07T12:27:22.861140Z"}
api-1       | INFO:     127.0.0.1:36214 - "GET /metrics HTTP/1.1" 200 OK
api-1       | {"duration_ms": 33.156, "event": "http_request_completed", "level": "info", "method": "GET", "outcome": "success", "path": "/metrics", "request_id": "6384571c-950f-41fb-adad-d024738ae432", "status_code": 200, "timestamp": "2026-08-07T12:27:22.874156Z", "trace_id": "d7c82f52bec081af8f08ecf1244d9c08"}
api-1       | {"claimed": 50, "event": "outbox_dispatch_batch_completed", "lease_lost": 0, "level": "info", "published": 50, "retry_scheduled": 0, "role": "outbox_dispatcher", "timestamp": "2026-08-07T12:27:23.679578Z"}
api-1       | {"claimed": 50, "event": "outbox_dispatch_batch_completed", "lease_lost": 0, "level": "info", "published": 50, "retry_scheduled": 0, "role": "outbox_dispatcher", "timestamp": "2026-08-07T12:27:24.387290Z"}
api-1       | {"event": "Context impl PostgresqlImpl.", "level": "info", "request_id": "f7632788-92f7-4d12-bf05-64f56fb4affb", "timestamp": "2026-08-07T12:27:24.735384Z", "trace_id": "f9676980c7208d920b244f19cb4e22bd"}
api-1       | {"event": "Will assume transactional DDL.", "level": "info", "request_id": "f7632788-92f7-4d12-bf05-64f56fb4affb", "timestamp": "2026-08-07T12:27:24.735539Z", "trace_id": "f9676980c7208d920b244f19cb4e22bd"}
api-1       | INFO:     127.0.0.1:36218 - "GET /health/ready HTTP/1.1" 200 OK
api-1       | {"duration_ms": 22.847, "event": "http_request_completed", "level": "info", "method": "GET", "outcome": "success", "path": "/health/ready", "request_id": "f7632788-92f7-4d12-bf05-64f56fb4affb", "status_code": 200, "timestamp": "2026-08-07T12:27:24.742482Z", "trace_id": "f9676980c7208d920b244f19cb4e22bd"}
api-1       | {"claimed": 39, "event": "outbox_dispatch_batch_completed", "lease_lost": 0, "level": "info", "published": 39, "retry_scheduled": 0, "role": "outbox_dispatcher", "timestamp": "2026-08-07T12:27:25.025900Z"}
api-1       | INFO:     172.18.0.1:59192 - "POST /api/v1/runs HTTP/1.1" 202 Accepted
api-1       | {"api_key_prefix": "evk_5ec841b483bb", "duration_ms": 494.461, "event": "http_request_completed", "level": "info", "method": "POST", "outcome": "success", "path": "/api/v1/runs", "request_id": "9756bf21-16e2-4e0f-a92b-cbaef23a1d17", "status_code": 202, "tenant_id": "fdd68433-c86c-470c-8b57-cec8ffc3d389", "timestamp": "2026-08-07T12:27:30.628301Z", "trace_id": "15939fa9ccfc45aef6f4522de2028507"}
api-1       | INFO:     172.18.0.1:59192 - "GET /api/v1/runs/58909cbf-9ae2-43ed-bc0b-5fb3e3901324 HTTP/1.1" 200 OK
api-1       | {"api_key_prefix": "evk_5ec841b483bb", "duration_ms": 300.566, "event": "http_request_completed", "level": "info", "method": "GET", "outcome": "success", "path": "/api/v1/runs/58909cbf-9ae2-43ed-bc0b-5fb3e3901324", "request_id": "3ee86e02-c2d4-4591-8d71-0d5a2d528afc", "status_code": 200, "tenant_id": "fdd68433-c86c-470c-8b57-cec8ffc3d389", "timestamp": "2026-08-07T12:27:30.931111Z", "trace_id": "9a8b1a2e761f5b7f49699870e2b3136e"}
api-1       | {"event": "Context impl PostgresqlImpl.", "level": "info", "request_id": "a8d13c2c-2514-48ae-9260-220b73b9b929", "timestamp": "2026-08-07T12:27:31.149396Z", "trace_id": "c3d10e0d0ee76f06b3883b8e5f07f730"}
api-1       | {"event": "Will assume transactional DDL.", "level": "info", "request_id": "a8d13c2c-2514-48ae-9260-220b73b9b929", "timestamp": "2026-08-07T12:27:31.149872Z", "trace_id": "c3d10e0d0ee76f06b3883b8e5f07f730"}
api-1       | INFO:     127.0.0.1:40034 - "GET /health/ready HTTP/1.1" 200 OK
api-1       | {"duration_ms": 142.241, "event": "http_request_completed", "level": "info", "method": "GET", "outcome": "success", "path": "/health/ready", "request_id": "a8d13c2c-2514-48ae-9260-220b73b9b929", "status_code": 200, "timestamp": "2026-08-07T12:27:31.260507Z", "trace_id": "c3d10e0d0ee76f06b3883b8e5f07f730"}
api-1       | {"claimed": 8, "event": "outbox_dispatch_batch_completed", "lease_lost": 0, "level": "info", "published": 8, "retry_scheduled": 0, "role": "outbox_dispatcher", "timestamp": "2026-08-07T12:27:31.432539Z"}
api-1       | INFO:     172.18.0.1:59192 - "GET /api/v1/runs/58909cbf-9ae2-43ed-bc0b-5fb3e3901324 HTTP/1.1" 200 OK
api-1       | {"api_key_prefix": "evk_5ec841b483bb", "duration_ms": 223.019, "event": "http_request_completed", "level": "info", "method": "GET", "outcome": "success", "path": "/api/v1/runs/58909cbf-9ae2-43ed-bc0b-5fb3e3901324", "request_id": "3876ea8c-b72a-4bdc-bea1-839f1bf0ac3c", "status_code": 200, "tenant_id": "fdd68433-c86c-470c-8b57-cec8ffc3d389", "timestamp": "2026-08-07T12:27:31.661106Z", "trace_id": "cc50d4c32b2b853c6a37c5925d627f33"}
api-1       | {"claimed": 39, "event": "outbox_dispatch_batch_completed", "lease_lost": 0, "level": "info", "published": 39, "retry_scheduled": 0, "role": "outbox_dispatcher", "timestamp": "2026-08-07T12:27:32.627692Z"}
api-1       | INFO:     172.18.0.1:59192 - "GET /api/v1/runs/58909cbf-9ae2-43ed-bc0b-5fb3e3901324 HTTP/1.1" 200 OK
api-1       | {"api_key_prefix": "evk_5ec841b483bb", "duration_ms": 554.029, "event": "http_request_completed", "level": "info", "method": "GET", "outcome": "success", "path": "/api/v1/runs/58909cbf-9ae2-43ed-bc0b-5fb3e3901324", "request_id": "7493d407-ab79-457a-bf6e-3326cd257cbb", "status_code": 200, "tenant_id": "fdd68433-c86c-470c-8b57-cec8ffc3d389", "timestamp": "2026-08-07T12:27:32.719719Z", "trace_id": "4086dcdc90a59ac85b12ec36fb0a1488"}
api-1       | {"claimed": 50, "event": "outbox_dispatch_batch_completed", "lease_lost": 0, "level": "info", "published": 50, "retry_scheduled": 0, "role": "outbox_dispatcher", "timestamp": "2026-08-07T12:27:33.397562Z"}
api-1       | INFO:     172.18.0.1:59192 - "GET /api/v1/runs/58909cbf-9ae2-43ed-bc0b-5fb3e3901324 HTTP/1.1" 200 OK
api-1       | {"api_key_prefix": "evk_5ec841b483bb", "duration_ms": 231.872, "event": "http_request_completed", "level": "info", "method": "GET", "outcome": "success", "path": "/api/v1/runs/58909cbf-9ae2-43ed-bc0b-5fb3e3901324", "request_id": "3137e864-5c1a-46dc-aa1d-11e435c12614", "status_code": 200, "tenant_id": "fdd68433-c86c-470c-8b57-cec8ffc3d389", "timestamp": "2026-08-07T12:27:33.458251Z", "trace_id": "5c247632039cd11806602f12700b8b75"}
api-1       | INFO:     172.18.0.1:59192 - "GET /api/v1/runs/58909cbf-9ae2-43ed-bc0b-5fb3e3901324/cases?limit=200&sort=case_id HTTP/1.1" 200 OK
api-1       | {"api_key_prefix": "evk_5ec841b483bb", "duration_ms": 61.169, "event": "http_request_completed", "level": "info", "method": "GET", "outcome": "success", "path": "/api/v1/runs/58909cbf-9ae2-43ed-bc0b-5fb3e3901324/cases", "request_id": "3177282b-6b6b-493b-84c7-315e746b2547", "status_code": 200, "tenant_id": "fdd68433-c86c-470c-8b57-cec8ffc3d389", "timestamp": "2026-08-07T12:27:33.520962Z", "trace_id": "6c75ab71b0821603684ad21dfe87fb3b"}
api-1       | {"claimed": 5, "event": "outbox_dispatch_batch_completed", "lease_lost": 0, "level": "info", "published": 5, "retry_scheduled": 0, "role": "outbox_dispatcher", "timestamp": "2026-08-07T12:27:33.941987Z"}
api-1       | INFO:     127.0.0.1:40058 - "GET /metrics HTTP/1.1" 200 OK
api-1       | {"duration_ms": 16.758, "event": "http_request_completed", "level": "info", "method": "GET", "outcome": "success", "path": "/metrics", "request_id": "90d53e6a-03c8-4b4f-983d-006eb084e0cd", "status_code": 200, "timestamp": "2026-08-07T12:27:33.962063Z", "trace_id": "0a8f282970d63244beedb620dda79092"}
api-1       | {"event": "Context impl PostgresqlImpl.", "level": "info", "request_id": "815e7d89-2ffa-4224-8c59-3758923f9d9e", "timestamp": "2026-08-07T12:27:36.732991Z", "trace_id": "9a49d9b0ae52717c232cce9e36ebb4d6"}
api-1       | {"event": "Will assume transactional DDL.", "level": "info", "request_id": "815e7d89-2ffa-4224-8c59-3758923f9d9e", "timestamp": "2026-08-07T12:27:36.733145Z", "trace_id": "9a49d9b0ae52717c232cce9e36ebb4d6"}
api-1       | INFO:     127.0.0.1:40156 - "GET /health/ready HTTP/1.1" 200 OK
api-1       | {"duration_ms": 22.747, "event": "http_request_completed", "level": "info", "method": "GET", "outcome": "success", "path": "/health/ready", "request_id": "815e7d89-2ffa-4224-8c59-3758923f9d9e", "status_code": 200, "timestamp": "2026-08-07T12:27:36.740188Z", "trace_id": "9a49d9b0ae52717c232cce9e36ebb4d6"}
api-1       | INFO:     172.18.0.1:59192 - "POST /api/v1/runs HTTP/1.1" 202 Accepted
api-1       | {"api_key_prefix": "evk_5ec841b483bb", "duration_ms": 277.577, "event": "http_request_completed", "level": "info", "method": "POST", "outcome": "success", "path": "/api/v1/runs", "request_id": "673d26f9-c9e1-4903-8e81-6d3a41135b2f", "status_code": 202, "tenant_id": "fdd68433-c86c-470c-8b57-cec8ffc3d389", "timestamp": "2026-08-07T12:27:37.162905Z", "trace_id": "c1165e5c104b565842b7d5409e7ef0bb"}
api-1       | INFO:     172.18.0.1:59192 - "GET /api/v1/runs/4d075203-c088-477b-9a26-428bef2221c9 HTTP/1.1" 200 OK
api-1       | {"api_key_prefix": "evk_5ec841b483bb", "duration_ms": 48.06, "event": "http_request_completed", "level": "info", "method": "GET", "outcome": "success", "path": "/api/v1/runs/4d075203-c088-477b-9a26-428bef2221c9", "request_id": "b6b5df89-29a9-466a-87cb-7f5bb78addfd", "status_code": 200, "tenant_id": "fdd68433-c86c-470c-8b57-cec8ffc3d389", "timestamp": "2026-08-07T12:27:37.212616Z", "trace_id": "4f1dbc19ed560394735e0dbdc4a7ac0e"}
api-1       | {"claimed": 14, "event": "outbox_dispatch_batch_completed", "lease_lost": 0, "level": "info", "published": 14, "retry_scheduled": 0, "role": "outbox_dispatcher", "timestamp": "2026-08-07T12:27:37.813144Z"}
api-1       | INFO:     172.18.0.1:59192 - "GET /api/v1/runs/4d075203-c088-477b-9a26-428bef2221c9 HTTP/1.1" 200 OK
api-1       | {"api_key_prefix": "evk_5ec841b483bb", "duration_ms": 144.184, "event": "http_request_completed", "level": "info", "method": "GET", "outcome": "success", "path": "/api/v1/runs/4d075203-c088-477b-9a26-428bef2221c9", "request_id": "1e7f69c3-f5ef-4480-999c-2ab301a2177c", "status_code": 200, "tenant_id": "fdd68433-c86c-470c-8b57-cec8ffc3d389", "timestamp": "2026-08-07T12:27:37.876019Z", "trace_id": "747ea1ff004e51611531cf282e49405e"}
api-1       | {"claimed": 50, "event": "outbox_dispatch_batch_completed", "lease_lost": 0, "level": "info", "published": 50, "retry_scheduled": 0, "role": "outbox_dispatcher", "timestamp": "2026-08-07T12:27:38.674313Z"}
api-1       | INFO:     172.18.0.1:59192 - "GET /api/v1/runs/4d075203-c088-477b-9a26-428bef2221c9 HTTP/1.1" 200 OK
api-1       | {"api_key_prefix": "evk_5ec841b483bb", "duration_ms": 334.243, "event": "http_request_completed", "level": "info", "method": "GET", "outcome": "success", "path": "/api/v1/runs/4d075203-c088-477b-9a26-428bef2221c9", "request_id": "0ebd7ea7-cbbf-48f0-8afd-09088cf54442", "status_code": 200, "tenant_id": "fdd68433-c86c-470c-8b57-cec8ffc3d389", "timestamp": "2026-08-07T12:27:38.758960Z", "trace_id": "633f192cb608c4679333375238a68af6"}
api-1       | {"claimed": 50, "event": "outbox_dispatch_batch_completed", "lease_lost": 0, "level": "info", "published": 50, "retry_scheduled": 0, "role": "outbox_dispatcher", "timestamp": "2026-08-07T12:27:39.594407Z"}
api-1       | INFO:     172.18.0.1:59192 - "GET /api/v1/runs/4d075203-c088-477b-9a26-428bef2221c9 HTTP/1.1" 200 OK
api-1       | {"api_key_prefix": "evk_5ec841b483bb", "duration_ms": 462.482, "event": "http_request_completed", "level": "info", "method": "GET", "outcome": "success", "path": "/api/v1/runs/4d075203-c088-477b-9a26-428bef2221c9", "request_id": "6caa5071-1d92-4005-ae36-fedc064dff91", "status_code": 200, "tenant_id": "fdd68433-c86c-470c-8b57-cec8ffc3d389", "timestamp": "2026-08-07T12:27:39.782106Z", "trace_id": "6740adea51c00f14bad53ab74fecba0b"}
api-1       | {"claimed": 50, "event": "outbox_dispatch_batch_completed", "lease_lost": 0, "level": "info", "published": 50, "retry_scheduled": 0, "role": "outbox_dispatcher", "timestamp": "2026-08-07T12:27:40.600360Z"}
api-1       | INFO:     172.18.0.1:59192 - "GET /api/v1/runs/4d075203-c088-477b-9a26-428bef2221c9 HTTP/1.1" 200 OK
api-1       | {"api_key_prefix": "evk_5ec841b483bb", "duration_ms": 513.94, "event": "http_request_completed", "level": "info", "method": "GET", "outcome": "success", "path": "/api/v1/runs/4d075203-c088-477b-9a26-428bef2221c9", "request_id": "0e2db66c-7253-4d78-b780-b4106bdb32af", "status_code": 200, "tenant_id": "fdd68433-c86c-470c-8b57-cec8ffc3d389", "timestamp": "2026-08-07T12:27:40.812432Z", "trace_id": "1ded7aa3b9b6a84b6e541ae0dc3b1430"}
api-1       | {"claimed": 50, "event": "outbox_dispatch_batch_completed", "lease_lost": 0, "level": "info", "published": 50, "retry_scheduled": 0, "role": "outbox_dispatcher", "timestamp": "2026-08-07T12:27:41.474020Z"}
api-1       | INFO:     172.18.0.1:59192 - "GET /api/v1/runs/4d075203-c088-477b-9a26-428bef2221c9 HTTP/1.1" 200 OK
api-1       | {"api_key_prefix": "evk_5ec841b483bb", "duration_ms": 252.774, "event": "http_request_completed", "level": "info", "method": "GET", "outcome": "success", "path": "/api/v1/runs/4d075203-c088-477b-9a26-428bef2221c9", "request_id": "7e8e35a4-59dd-452d-ae14-1394fd11d68e", "status_code": 200, "tenant_id": "fdd68433-c86c-470c-8b57-cec8ffc3d389", "timestamp": "2026-08-07T12:27:41.589337Z", "trace_id": "9a3ccf4450998822a58962034844a3f5"}
api-1       | {"event": "Context impl PostgresqlImpl.", "level": "info", "request_id": "9add3250-cb03-4b60-b695-899cef37d5fb", "timestamp": "2026-08-07T12:27:42.421810Z", "trace_id": "f393136cc8161bc5f12f8f1a7d348731"}
api-1       | {"event": "Will assume transactional DDL.", "level": "info", "request_id": "9add3250-cb03-4b60-b695-899cef37d5fb", "timestamp": "2026-08-07T12:27:42.421966Z", "trace_id": "f393136cc8161bc5f12f8f1a7d348731"}
api-1       | INFO:     127.0.0.1:43010 - "GET /health/ready HTTP/1.1" 200 OK
api-1       | {"duration_ms": 116.186, "event": "http_request_completed", "level": "info", "method": "GET", "outcome": "success", "path": "/health/ready", "request_id": "9add3250-cb03-4b60-b695-899cef37d5fb", "status_code": 200, "timestamp": "2026-08-07T12:27:42.483151Z", "trace_id": "f393136cc8161bc5f12f8f1a7d348731"}
api-1       | {"claimed": 50, "event": "outbox_dispatch_batch_completed", "lease_lost": 0, "level": "info", "published": 50, "retry_scheduled": 0, "role": "outbox_dispatcher", "timestamp": "2026-08-07T12:27:42.492182Z"}
api-1       | INFO:     172.18.0.1:59192 - "GET /api/v1/runs/4d075203-c088-477b-9a26-428bef2221c9 HTTP/1.1" 200 OK
api-1       | {"api_key_prefix": "evk_5ec841b483bb", "duration_ms": 413.555, "event": "http_request_completed", "level": "info", "method": "GET", "outcome": "success", "path": "/api/v1/runs/4d075203-c088-477b-9a26-428bef2221c9", "request_id": "6bafdcc8-9c83-49c6-9b20-3aed024dd161", "status_code": 200, "tenant_id": "fdd68433-c86c-470c-8b57-cec8ffc3d389", "timestamp": "2026-08-07T12:27:42.597527Z", "trace_id": "3e6d8e9622d1e15c363e6f556546e9a2"}
api-1       | {"claimed": 50, "event": "outbox_dispatch_batch_completed", "lease_lost": 0, "level": "info", "published": 50, "retry_scheduled": 0, "role": "outbox_dispatcher", "timestamp": "2026-08-07T12:27:43.293546Z"}
api-1       | INFO:     172.18.0.1:59192 - "GET /api/v1/runs/4d075203-c088-477b-9a26-428bef2221c9 HTTP/1.1" 200 OK
api-1       | {"api_key_prefix": "evk_5ec841b483bb", "duration_ms": 277.637, "event": "http_request_completed", "level": "info", "method": "GET", "outcome": "success", "path": "/api/v1/runs/4d075203-c088-477b-9a26-428bef2221c9", "request_id": "a3b3e4c3-4a49-4d19-9a8f-5cf3ce8770e8", "status_code": 200, "tenant_id": "fdd68433-c86c-470c-8b57-cec8ffc3d389", "timestamp": "2026-08-07T12:27:43.389682Z", "trace_id": "fc14f4d1ff24c40758c2dae9075ba180"}
api-1       | {"claimed": 50, "event": "outbox_dispatch_batch_completed", "lease_lost": 0, "level": "info", "published": 50, "retry_scheduled": 0, "role": "outbox_dispatcher", "timestamp": "2026-08-07T12:27:44.020030Z"}
api-1       | INFO:     172.18.0.1:59192 - "GET /api/v1/runs/4d075203-c088-477b-9a26-428bef2221c9 HTTP/1.1" 200 OK
api-1       | {"api_key_prefix": "evk_5ec841b483bb", "duration_ms": 172.009, "event": "http_request_completed", "level": "info", "method": "GET", "outcome": "success", "path": "/api/v1/runs/4d075203-c088-477b-9a26-428bef2221c9", "request_id": "6af15a2d-76ae-4acc-913a-71c4483da9e6", "status_code": 200, "tenant_id": "fdd68433-c86c-470c-8b57-cec8ffc3d389", "timestamp": "2026-08-07T12:27:44.081441Z", "trace_id": "2bc2b67c412221cbfc5e34781b2ad346"}
api-1       | INFO:     172.18.0.1:59192 - "GET /api/v1/runs/4d075203-c088-477b-9a26-428bef2221c9/cases?limit=200&sort=case_id HTTP/1.1" 200 OK
api-1       | {"api_key_prefix": "evk_5ec841b483bb", "duration_ms": 74.132, "event": "http_request_completed", "level": "info", "method": "GET", "outcome": "success", "path": "/api/v1/runs/4d075203-c088-477b-9a26-428bef2221c9/cases", "request_id": "37ae0968-ec64-4689-ba94-139678955780", "status_code": 200, "tenant_id": "fdd68433-c86c-470c-8b57-cec8ffc3d389", "timestamp": "2026-08-07T12:27:44.157212Z", "trace_id": "d8951ad7a161bbd045c57cef98323966"}
api-1       | INFO:     172.18.0.1:59192 - "GET /api/v1/runs/4d075203-c088-477b-9a26-428bef2221c9/cases?limit=200&sort=case_id&cursor=eyJkaXJlY3Rpb24iOiJhc2MiLCJlcnJvcl9jb2RlIjpudWxsLCJqb2JfaWQiOiI4OWJjMGE1My0xZjMxLTRmMWItYjUzOC1lYzZiMTQxOTAwNjEiLCJtZXRyaWMiOm51bGwsInNvcnQiOiJjYXNlX2lkIiwic3RhdHVzIjpudWxsLCJ2IjoxLCJ2YWx1ZSI6ImxvYWQtMDE5OSJ9 HTTP/1.1" 200 OK
api-1       | {"api_key_prefix": "evk_5ec841b483bb", "duration_ms": 72.319, "event": "http_request_completed", "level": "info", "method": "GET", "outcome": "success", "path": "/api/v1/runs/4d075203-c088-477b-9a26-428bef2221c9/cases", "request_id": "2b385290-0106-4de9-bb47-00fd37e84c9a", "status_code": 200, "tenant_id": "fdd68433-c86c-470c-8b57-cec8ffc3d389", "timestamp": "2026-08-07T12:27:44.232333Z", "trace_id": "a6987f539dc74164fafb7619b7a05ec8"}
api-1       | INFO:     172.18.0.1:59192 - "GET /api/v1/runs/4d075203-c088-477b-9a26-428bef2221c9/cases?limit=200&sort=case_id&cursor=eyJkaXJlY3Rpb24iOiJhc2MiLCJlcnJvcl9jb2RlIjpudWxsLCJqb2JfaWQiOiIzNjExNGMwNi02NDFmLTQ3MzUtODNjZC1lYTlkZjM1MzE0ZjgiLCJtZXRyaWMiOm51bGwsInNvcnQiOiJjYXNlX2lkIiwic3RhdHVzIjpudWxsLCJ2IjoxLCJ2YWx1ZSI6ImxvYWQtMDM5OSJ9 HTTP/1.1" 200 OK
api-1       | {"api_key_prefix": "evk_5ec841b483bb", "duration_ms": 62.559, "event": "http_request_completed", "level": "info", "method": "GET", "outcome": "success", "path": "/api/v1/runs/4d075203-c088-477b-9a26-428bef2221c9/cases", "request_id": "3076f7ff-0f43-48f2-8656-fbf71587ec2b", "status_code": 200, "tenant_id": "fdd68433-c86c-470c-8b57-cec8ffc3d389", "timestamp": "2026-08-07T12:27:44.306639Z", "trace_id": "19d10fc5d0b5c8edaa0d2023c588d317"}
api-1       | {"claimed": 50, "event": "outbox_dispatch_batch_completed", "lease_lost": 0, "level": "info", "published": 50, "retry_scheduled": 0, "role": "outbox_dispatcher", "timestamp": "2026-08-07T12:27:44.869137Z"}
api-1       | INFO:     127.0.0.1:43018 - "GET /metrics HTTP/1.1" 200 OK
api-1       | {"duration_ms": 14.592, "event": "http_request_completed", "level": "info", "method": "GET", "outcome": "success", "path": "/metrics", "request_id": "235d3b4e-78fe-4c8b-96f0-5202e2f7d418", "status_code": 200, "timestamp": "2026-08-07T12:27:44.946023Z", "trace_id": "e679226f298bce9912cb83a26b8562d7"}
api-1       | {"claimed": 50, "event": "outbox_dispatch_batch_completed", "lease_lost": 0, "level": "info", "published": 50, "retry_scheduled": 0, "role": "outbox_dispatcher", "timestamp": "2026-08-07T12:27:45.599914Z"}
api-1       | {"claimed": 50, "event": "outbox_dispatch_batch_completed", "lease_lost": 0, "level": "info", "published": 50, "retry_scheduled": 0, "role": "outbox_dispatcher", "timestamp": "2026-08-07T12:27:46.315162Z"}
api-1       | {"claimed": 50, "event": "outbox_dispatch_batch_completed", "lease_lost": 0, "level": "info", "published": 50, "retry_scheduled": 0, "role": "outbox_dispatcher", "timestamp": "2026-08-07T12:27:47.078596Z"}
api-1       | {"claimed": 50, "event": "outbox_dispatch_batch_completed", "lease_lost": 0, "level": "info", "published": 50, "retry_scheduled": 0, "role": "outbox_dispatcher", "timestamp": "2026-08-07T12:27:47.976531Z"}
api-1       | {"event": "Context impl PostgresqlImpl.", "level": "info", "request_id": "6e9e0c12-cef0-4d08-993c-390ce3397827", "timestamp": "2026-08-07T12:27:48.080731Z", "trace_id": "1dd25503b42f6ee843de59552fe87345"}
api-1       | {"event": "Will assume transactional DDL.", "level": "info", "request_id": "6e9e0c12-cef0-4d08-993c-390ce3397827", "timestamp": "2026-08-07T12:27:48.080891Z", "trace_id": "1dd25503b42f6ee843de59552fe87345"}
api-1       | INFO:     127.0.0.1:43042 - "GET /health/ready HTTP/1.1" 200 OK
api-1       | {"duration_ms": 28.28, "event": "http_request_completed", "level": "info", "method": "GET", "outcome": "success", "path": "/health/ready", "request_id": "6e9e0c12-cef0-4d08-993c-390ce3397827", "status_code": 200, "timestamp": "2026-08-07T12:27:48.090352Z", "trace_id": "1dd25503b42f6ee843de59552fe87345"}
api-1       | {"claimed": 50, "event": "outbox_dispatch_batch_completed", "lease_lost": 0, "level": "info", "published": 50, "retry_scheduled": 0, "role": "outbox_dispatcher", "timestamp": "2026-08-07T12:27:48.845825Z"}
api-1       | {"claimed": 50, "event": "outbox_dispatch_batch_completed", "lease_lost": 0, "level": "info", "published": 50, "retry_scheduled": 0, "role": "outbox_dispatcher", "timestamp": "2026-08-07T12:27:49.583551Z"}
api-1       | {"claimed": 50, "event": "outbox_dispatch_batch_completed", "lease_lost": 0, "level": "info", "published": 50, "retry_scheduled": 0, "role": "outbox_dispatcher", "timestamp": "2026-08-07T12:27:50.330081Z"}
api-1       | {"claimed": 50, "event": "outbox_dispatch_batch_completed", "lease_lost": 0, "level": "info", "published": 50, "retry_scheduled": 0, "role": "outbox_dispatcher", "timestamp": "2026-08-07T12:27:51.044455Z"}
api-1       | INFO:     172.18.0.1:53366 - "POST /api/v1/runs HTTP/1.1" 202 Accepted
api-1       | {"api_key_prefix": "evk_5ec841b483bb", "duration_ms": 85.312, "event": "http_request_completed", "level": "info", "method": "POST", "outcome": "success", "path": "/api/v1/runs", "request_id": "8219b9fe-e28a-476d-8c83-4fa2f592958d", "status_code": 202, "tenant_id": "fdd68433-c86c-470c-8b57-cec8ffc3d389", "timestamp": "2026-08-07T12:27:51.253203Z", "trace_id": "1631b34d56a57734d5c017906fd18bbb"}
api-1       | INFO:     172.18.0.1:53366 - "GET /api/v1/runs/1203d261-a6ba-40b9-83a9-dd2722ad6ed9 HTTP/1.1" 200 OK
api-1       | {"api_key_prefix": "evk_5ec841b483bb", "duration_ms": 56.45, "event": "http_request_completed", "level": "info", "method": "GET", "outcome": "success", "path": "/api/v1/runs/1203d261-a6ba-40b9-83a9-dd2722ad6ed9", "request_id": "d0235d98-c986-4725-8092-de07ed78f749", "status_code": 200, "tenant_id": "fdd68433-c86c-470c-8b57-cec8ffc3d389", "timestamp": "2026-08-07T12:27:51.311773Z", "trace_id": "189cb3410c2b32b8abe80e5c33aeaf8d"}
api-1       | {"claimed": 50, "event": "outbox_dispatch_batch_completed", "lease_lost": 0, "level": "info", "published": 50, "retry_scheduled": 0, "role": "outbox_dispatcher", "timestamp": "2026-08-07T12:27:51.793075Z"}
api-1       | INFO:     172.18.0.1:53366 - "GET /api/v1/runs/1203d261-a6ba-40b9-83a9-dd2722ad6ed9 HTTP/1.1" 200 OK
api-1       | {"api_key_prefix": "evk_5ec841b483bb", "duration_ms": 71.527, "event": "http_request_completed", "level": "info", "method": "GET", "outcome": "success", "path": "/api/v1/runs/1203d261-a6ba-40b9-83a9-dd2722ad6ed9", "request_id": "6fb878a7-dd40-4a62-af02-b90a15700d2a", "status_code": 200, "tenant_id": "fdd68433-c86c-470c-8b57-cec8ffc3d389", "timestamp": "2026-08-07T12:27:51.885501Z", "trace_id": "2591d8f016cd1fc057d71cccebd7b75f"}
api-1       | {"claimed": 50, "event": "outbox_dispatch_batch_completed", "lease_lost": 0, "level": "info", "published": 50, "retry_scheduled": 0, "role": "outbox_dispatcher", "timestamp": "2026-08-07T12:27:52.508588Z"}
api-1       | INFO:     172.18.0.1:53366 - "GET /api/v1/runs/1203d261-a6ba-40b9-83a9-dd2722ad6ed9 HTTP/1.1" 200 OK
api-1       | {"api_key_prefix": "evk_5ec841b483bb", "duration_ms": 156.349, "event": "http_request_completed", "level": "info", "method": "GET", "outcome": "success", "path": "/api/v1/runs/1203d261-a6ba-40b9-83a9-dd2722ad6ed9", "request_id": "cbc0bdcd-efd5-46a8-ac4b-434235c32835", "status_code": 200, "tenant_id": "fdd68433-c86c-470c-8b57-cec8ffc3d389", "timestamp": "2026-08-07T12:27:52.565873Z", "trace_id": "9e27f71dc688575c5d5a959d8bfaaf67"}
api-1       | INFO:     172.18.0.1:53366 - "GET /api/v1/runs/1203d261-a6ba-40b9-83a9-dd2722ad6ed9/cases?limit=200&sort=case_id HTTP/1.1" 200 OK
api-1       | {"api_key_prefix": "evk_5ec841b483bb", "duration_ms": 61.147, "event": "http_request_completed", "level": "info", "method": "GET", "outcome": "success", "path": "/api/v1/runs/1203d261-a6ba-40b9-83a9-dd2722ad6ed9/cases", "request_id": "623da654-a412-4e54-89ea-2ca4bef8fc50", "status_code": 200, "tenant_id": "fdd68433-c86c-470c-8b57-cec8ffc3d389", "timestamp": "2026-08-07T12:27:52.628669Z", "trace_id": "fe0341ac9cd72d728e1f915787bab720"}
api-1       | INFO:     127.0.0.1:50072 - "GET /metrics HTTP/1.1" 200 OK
api-1       | {"duration_ms": 18.415, "event": "http_request_completed", "level": "info", "method": "GET", "outcome": "success", "path": "/metrics", "request_id": "e379f67e-cc8c-44fb-a01f-863391fc8325", "status_code": 200, "timestamp": "2026-08-07T12:27:53.030066Z", "trace_id": "d0e552dddea885491c6862567ace5941"}
api-1       | {"claimed": 50, "event": "outbox_dispatch_batch_completed", "lease_lost": 0, "level": "info", "published": 50, "retry_scheduled": 0, "role": "outbox_dispatcher", "timestamp": "2026-08-07T12:27:53.328467Z"}
api-1       | {"event": "Context impl PostgresqlImpl.", "level": "info", "request_id": "b6a038b3-f3a6-4918-9c16-050e8bfd9f65", "timestamp": "2026-08-07T12:27:53.554294Z", "trace_id": "f30c2c70a41874ecdbd9a777aafb751a"}
api-1       | {"event": "Will assume transactional DDL.", "level": "info", "request_id": "b6a038b3-f3a6-4918-9c16-050e8bfd9f65", "timestamp": "2026-08-07T12:27:53.554447Z", "trace_id": "f30c2c70a41874ecdbd9a777aafb751a"}
api-1       | INFO:     127.0.0.1:50086 - "GET /health/ready HTTP/1.1" 200 OK
api-1       | {"duration_ms": 23.121, "event": "http_request_completed", "level": "info", "method": "GET", "outcome": "success", "path": "/health/ready", "request_id": "b6a038b3-f3a6-4918-9c16-050e8bfd9f65", "status_code": 200, "timestamp": "2026-08-07T12:27:53.561495Z", "trace_id": "f30c2c70a41874ecdbd9a777aafb751a"}
api-1       | {"claimed": 50, "event": "outbox_dispatch_batch_completed", "lease_lost": 0, "level": "info", "published": 50, "retry_scheduled": 0, "role": "outbox_dispatcher", "timestamp": "2026-08-07T12:27:54.139302Z"}
api-1       | {"claimed": 50, "event": "outbox_dispatch_batch_completed", "lease_lost": 0, "level": "info", "published": 50, "retry_scheduled": 0, "role": "outbox_dispatcher", "timestamp": "2026-08-07T12:27:54.898631Z"}
api-1       | INFO:     172.18.0.1:53366 - "POST /api/v1/runs HTTP/1.1" 202 Accepted
api-1       | {"api_key_prefix": "evk_5ec841b483bb", "duration_ms": 381.863, "event": "http_request_completed", "level": "info", "method": "POST", "outcome": "success", "path": "/api/v1/runs", "request_id": "8dd0627e-5d1b-44b1-8c09-b02c5a049021", "status_code": 202, "tenant_id": "fdd68433-c86c-470c-8b57-cec8ffc3d389", "timestamp": "2026-08-07T12:27:55.033374Z", "trace_id": "dce024e2f3da23e6cb2201dbf60e9d53"}
api-1       | INFO:     172.18.0.1:53366 - "GET /api/v1/runs/c5953fd5-a804-4182-bf6a-ad2af489c044 HTTP/1.1" 200 OK
api-1       | {"api_key_prefix": "evk_5ec841b483bb", "duration_ms": 53.264, "event": "http_request_completed", "level": "info", "method": "GET", "outcome": "success", "path": "/api/v1/runs/c5953fd5-a804-4182-bf6a-ad2af489c044", "request_id": "5c6d51db-9c61-4ac9-99c5-cce748acc4c6", "status_code": 200, "tenant_id": "fdd68433-c86c-470c-8b57-cec8ffc3d389", "timestamp": "2026-08-07T12:27:55.088186Z", "trace_id": "b07a43c10f69c06c44311a19913791a1"}
api-1       | {"claimed": 47, "event": "outbox_dispatch_batch_completed", "lease_lost": 0, "level": "info", "published": 47, "retry_scheduled": 0, "role": "outbox_dispatcher", "timestamp": "2026-08-07T12:27:55.683648Z"}
api-1       | INFO:     172.18.0.1:53366 - "GET /api/v1/runs/c5953fd5-a804-4182-bf6a-ad2af489c044 HTTP/1.1" 200 OK
api-1       | {"api_key_prefix": "evk_5ec841b483bb", "duration_ms": 158.105, "event": "http_request_completed", "level": "info", "method": "GET", "outcome": "success", "path": "/api/v1/runs/c5953fd5-a804-4182-bf6a-ad2af489c044", "request_id": "66ed3dc1-98fd-4cd4-9be2-c57eee673fd6", "status_code": 200, "tenant_id": "fdd68433-c86c-470c-8b57-cec8ffc3d389", "timestamp": "2026-08-07T12:27:55.752654Z", "trace_id": "d72b08222ae0e35a70f103d5f6a6c15f"}
api-1       | {"claimed": 50, "event": "outbox_dispatch_batch_completed", "lease_lost": 0, "level": "info", "published": 50, "retry_scheduled": 0, "role": "outbox_dispatcher", "timestamp": "2026-08-07T12:27:56.472856Z"}
api-1       | INFO:     172.18.0.1:53366 - "GET /api/v1/runs/c5953fd5-a804-4182-bf6a-ad2af489c044 HTTP/1.1" 200 OK
api-1       | {"api_key_prefix": "evk_5ec841b483bb", "duration_ms": 287.441, "event": "http_request_completed", "level": "info", "method": "GET", "outcome": "success", "path": "/api/v1/runs/c5953fd5-a804-4182-bf6a-ad2af489c044", "request_id": "ec0e5b27-11f1-40e2-a050-ffcffebd28f2", "status_code": 200, "tenant_id": "fdd68433-c86c-470c-8b57-cec8ffc3d389", "timestamp": "2026-08-07T12:27:56.556193Z", "trace_id": "5dc3c00cc69770e6b97faa72fb7d5f4f"}
api-1       | {"claimed": 50, "event": "outbox_dispatch_batch_completed", "lease_lost": 0, "level": "info", "published": 50, "retry_scheduled": 0, "role": "outbox_dispatcher", "timestamp": "2026-08-07T12:27:57.375671Z"}
api-1       | INFO:     172.18.0.1:53366 - "GET /api/v1/runs/c5953fd5-a804-4182-bf6a-ad2af489c044 HTTP/1.1" 200 OK
api-1       | {"api_key_prefix": "evk_5ec841b483bb", "duration_ms": 330.482, "event": "http_request_completed", "level": "info", "method": "GET", "outcome": "success", "path": "/api/v1/runs/c5953fd5-a804-4182-bf6a-ad2af489c044", "request_id": "96b9156a-5e19-4da1-9407-41d3bea8f28d", "status_code": 200, "tenant_id": "fdd68433-c86c-470c-8b57-cec8ffc3d389", "timestamp": "2026-08-07T12:27:57.482679Z", "trace_id": "58a17660c00053ecf4ca385d7f2bb039"}
api-1       | {"claimed": 50, "event": "outbox_dispatch_batch_completed", "lease_lost": 0, "level": "info", "published": 50, "retry_scheduled": 0, "role": "outbox_dispatcher", "timestamp": "2026-08-07T12:27:58.176280Z"}
api-1       | INFO:     172.18.0.1:53366 - "GET /api/v1/runs/c5953fd5-a804-4182-bf6a-ad2af489c044 HTTP/1.1" 200 OK
api-1       | {"api_key_prefix": "evk_5ec841b483bb", "duration_ms": 228.948, "event": "http_request_completed", "level": "info", "method": "GET", "outcome": "success", "path": "/api/v1/runs/c5953fd5-a804-4182-bf6a-ad2af489c044", "request_id": "dba02020-f18f-4aec-b602-9959a6073659", "status_code": 200, "tenant_id": "fdd68433-c86c-470c-8b57-cec8ffc3d389", "timestamp": "2026-08-07T12:27:58.240956Z", "trace_id": "5eabdaea745d5a336c86a3d5c43689bf"}
api-1       | {"claimed": 50, "event": "outbox_dispatch_batch_completed", "lease_lost": 0, "level": "info", "published": 50, "retry_scheduled": 0, "role": "outbox_dispatcher", "timestamp": "2026-08-07T12:27:59.176238Z"}
api-1       | {"event": "Context impl PostgresqlImpl.", "level": "info", "request_id": "f8bfbefa-8299-4f7a-bed5-67ad5f5f9ff1", "timestamp": "2026-08-07T12:27:59.239024Z", "trace_id": "208d0eff13f638a651acc3ce69f96ea4"}
api-1       | {"event": "Will assume transactional DDL.", "level": "info", "request_id": "f8bfbefa-8299-4f7a-bed5-67ad5f5f9ff1", "timestamp": "2026-08-07T12:27:59.239191Z", "trace_id": "208d0eff13f638a651acc3ce69f96ea4"}
api-1       | INFO:     127.0.0.1:50110 - "GET /health/ready HTTP/1.1" 200 OK
api-1       | {"duration_ms": 58.015, "event": "http_request_completed", "level": "info", "method": "GET", "outcome": "success", "path": "/health/ready", "request_id": "f8bfbefa-8299-4f7a-bed5-67ad5f5f9ff1", "status_code": 200, "timestamp": "2026-08-07T12:27:59.251819Z", "trace_id": "208d0eff13f638a651acc3ce69f96ea4"}
api-1       | INFO:     172.18.0.1:53366 - "GET /api/v1/runs/c5953fd5-a804-4182-bf6a-ad2af489c044 HTTP/1.1" 200 OK
api-1       | {"api_key_prefix": "evk_5ec841b483bb", "duration_ms": 432.989, "event": "http_request_completed", "level": "info", "method": "GET", "outcome": "success", "path": "/api/v1/runs/c5953fd5-a804-4182-bf6a-ad2af489c044", "request_id": "d57b71c1-0ed7-4c7a-aa19-5a8eb8a40609", "status_code": 200, "tenant_id": "fdd68433-c86c-470c-8b57-cec8ffc3d389", "timestamp": "2026-08-07T12:27:59.278001Z", "trace_id": "cc2cb2d02cad396b519ef3ef0752c5fc"}
api-1       | {"claimed": 50, "event": "outbox_dispatch_batch_completed", "lease_lost": 0, "level": "info", "published": 50, "retry_scheduled": 0, "role": "outbox_dispatcher", "timestamp": "2026-08-07T12:27:59.969454Z"}
api-1       | INFO:     172.18.0.1:53366 - "GET /api/v1/runs/c5953fd5-a804-4182-bf6a-ad2af489c044 HTTP/1.1" 200 OK
api-1       | {"api_key_prefix": "evk_5ec841b483bb", "duration_ms": 177.384, "event": "http_request_completed", "level": "info", "method": "GET", "outcome": "success", "path": "/api/v1/runs/c5953fd5-a804-4182-bf6a-ad2af489c044", "request_id": "0b1e2bf6-7e81-4560-87c9-0b91ee234f52", "status_code": 200, "tenant_id": "fdd68433-c86c-470c-8b57-cec8ffc3d389", "timestamp": "2026-08-07T12:27:59.994795Z", "trace_id": "86d1658c0b1a6b88d1a6188b5f8345ab"}
api-1       | {"claimed": 50, "event": "outbox_dispatch_batch_completed", "lease_lost": 0, "level": "info", "published": 50, "retry_scheduled": 0, "role": "outbox_dispatcher", "timestamp": "2026-08-07T12:28:00.806579Z"}
api-1       | INFO:     172.18.0.1:53366 - "GET /api/v1/runs/c5953fd5-a804-4182-bf6a-ad2af489c044 HTTP/1.1" 200 OK
api-1       | {"api_key_prefix": "evk_5ec841b483bb", "duration_ms": 329.018, "event": "http_request_completed", "level": "info", "method": "GET", "outcome": "success", "path": "/api/v1/runs/c5953fd5-a804-4182-bf6a-ad2af489c044", "request_id": "dfb075b3-3857-4a3c-8189-0e9fd73bdea2", "status_code": 200, "tenant_id": "fdd68433-c86c-470c-8b57-cec8ffc3d389", "timestamp": "2026-08-07T12:28:00.826907Z", "trace_id": "4b4d0457f6078fa1d7e85733768360c7"}
api-1       | {"claimed": 50, "event": "outbox_dispatch_batch_completed", "lease_lost": 0, "level": "info", "published": 50, "retry_scheduled": 0, "role": "outbox_dispatcher", "timestamp": "2026-08-07T12:28:01.631342Z"}
api-1       | INFO:     172.18.0.1:53366 - "GET /api/v1/runs/c5953fd5-a804-4182-bf6a-ad2af489c044 HTTP/1.1" 200 OK
api-1       | {"api_key_prefix": "evk_5ec841b483bb", "duration_ms": 343.268, "event": "http_request_completed", "level": "info", "method": "GET", "outcome": "success", "path": "/api/v1/runs/c5953fd5-a804-4182-bf6a-ad2af489c044", "request_id": "feb9bc90-93d6-45bb-a275-f6d2b03a1674", "status_code": 200, "tenant_id": "fdd68433-c86c-470c-8b57-cec8ffc3d389", "timestamp": "2026-08-07T12:28:01.674278Z", "trace_id": "a30061d698e891e789f444f2b1645102"}
api-1       | {"claimed": 50, "event": "outbox_dispatch_batch_completed", "lease_lost": 0, "level": "info", "published": 50, "retry_scheduled": 0, "role": "outbox_dispatcher", "timestamp": "2026-08-07T12:28:02.448778Z"}
api-1       | INFO:     172.18.0.1:53366 - "GET /api/v1/runs/c5953fd5-a804-4182-bf6a-ad2af489c044 HTTP/1.1" 200 OK
api-1       | {"api_key_prefix": "evk_5ec841b483bb", "duration_ms": 346.358, "event": "http_request_completed", "level": "info", "method": "GET", "outcome": "success", "path": "/api/v1/runs/c5953fd5-a804-4182-bf6a-ad2af489c044", "request_id": "638f3e2e-8761-46f9-ae24-7fe6e24e8344", "status_code": 200, "tenant_id": "fdd68433-c86c-470c-8b57-cec8ffc3d389", "timestamp": "2026-08-07T12:28:02.553627Z", "trace_id": "9436b8402e75479c3885a0a78e336246"}
api-1       | {"claimed": 50, "event": "outbox_dispatch_batch_completed", "lease_lost": 0, "level": "info", "published": 50, "retry_scheduled": 0, "role": "outbox_dispatcher", "timestamp": "2026-08-07T12:28:03.137537Z"}
api-1       | INFO:     172.18.0.1:53366 - "GET /api/v1/runs/c5953fd5-a804-4182-bf6a-ad2af489c044 HTTP/1.1" 200 OK
api-1       | {"api_key_prefix": "evk_5ec841b483bb", "duration_ms": 112.125, "event": "http_request_completed", "level": "info", "method": "GET", "outcome": "success", "path": "/api/v1/runs/c5953fd5-a804-4182-bf6a-ad2af489c044", "request_id": "32343fee-eb0e-495f-81a7-c741923ba802", "status_code": 200, "tenant_id": "fdd68433-c86c-470c-8b57-cec8ffc3d389", "timestamp": "2026-08-07T12:28:03.173200Z", "trace_id": "31f5700946a50ec7657647fbb8d3161c"}
api-1       | INFO:     172.18.0.1:53366 - "GET /api/v1/runs/c5953fd5-a804-4182-bf6a-ad2af489c044/cases?limit=200&sort=case_id HTTP/1.1" 200 OK
api-1       | {"api_key_prefix": "evk_5ec841b483bb", "duration_ms": 69.081, "event": "http_request_completed", "level": "info", "method": "GET", "outcome": "success", "path": "/api/v1/runs/c5953fd5-a804-4182-bf6a-ad2af489c044/cases", "request_id": "17425914-d587-414d-8fcb-e7c2cba69bd0", "status_code": 200, "tenant_id": "fdd68433-c86c-470c-8b57-cec8ffc3d389", "timestamp": "2026-08-07T12:28:03.244096Z", "trace_id": "9727f5ce08320ff7f70cd8f60d69596f"}
api-1       | INFO:     172.18.0.1:53366 - "GET /api/v1/runs/c5953fd5-a804-4182-bf6a-ad2af489c044/cases?limit=200&sort=case_id&cursor=eyJkaXJlY3Rpb24iOiJhc2MiLCJlcnJvcl9jb2RlIjpudWxsLCJqb2JfaWQiOiI4Yjg3YzUwNi1hYWJkLTQ0NDktYjc0ZS1hYmVlZjE0MTA5NWQiLCJtZXRyaWMiOm51bGwsInNvcnQiOiJjYXNlX2lkIiwic3RhdHVzIjpudWxsLCJ2IjoxLCJ2YWx1ZSI6ImxvYWQtMDE5OSJ9 HTTP/1.1" 200 OK
api-1       | {"api_key_prefix": "evk_5ec841b483bb", "duration_ms": 122.452, "event": "http_request_completed", "level": "info", "method": "GET", "outcome": "success", "path": "/api/v1/runs/c5953fd5-a804-4182-bf6a-ad2af489c044/cases", "request_id": "91a30708-424d-4190-81ca-117c323b900d", "status_code": 200, "tenant_id": "fdd68433-c86c-470c-8b57-cec8ffc3d389", "timestamp": "2026-08-07T12:28:03.369516Z", "trace_id": "09f0d366996130febf59c0a6d0e76777"}
api-1       | INFO:     172.18.0.1:53366 - "GET /api/v1/runs/c5953fd5-a804-4182-bf6a-ad2af489c044/cases?limit=200&sort=case_id&cursor=eyJkaXJlY3Rpb24iOiJhc2MiLCJlcnJvcl9jb2RlIjpudWxsLCJqb2JfaWQiOiI3YTg3MTg0Ny05ZTUxLTQ2OWUtYTg2MC0wZWVlMWI1MjZjNTYiLCJtZXRyaWMiOm51bGwsInNvcnQiOiJjYXNlX2lkIiwic3RhdHVzIjpudWxsLCJ2IjoxLCJ2YWx1ZSI6ImxvYWQtMDM5OSJ9 HTTP/1.1" 200 OK
api-1       | {"api_key_prefix": "evk_5ec841b483bb", "duration_ms": 61.035, "event": "http_request_completed", "level": "info", "method": "GET", "outcome": "success", "path": "/api/v1/runs/c5953fd5-a804-4182-bf6a-ad2af489c044/cases", "request_id": "4d12f0f9-d9fe-48bf-b524-aeba72dfe70e", "status_code": 200, "tenant_id": "fdd68433-c86c-470c-8b57-cec8ffc3d389", "timestamp": "2026-08-07T12:28:03.433179Z", "trace_id": "c1b0e3660acdd3686cda5c3e07a280ba"}
api-1       | {"claimed": 50, "event": "outbox_dispatch_batch_completed", "lease_lost": 0, "level": "info", "published": 50, "retry_scheduled": 0, "role": "outbox_dispatcher", "timestamp": "2026-08-07T12:28:03.978112Z"}
api-1       | INFO:     127.0.0.1:39196 - "GET /metrics HTTP/1.1" 200 OK
api-1       | {"duration_ms": 15.149, "event": "http_request_completed", "level": "info", "method": "GET", "outcome": "success", "path": "/metrics", "request_id": "dd87e4a0-d630-4945-bac1-f5054bbd10b8", "status_code": 200, "timestamp": "2026-08-07T12:28:04.049293Z", "trace_id": "3b73627fe743a512fb94626b6904d96d"}
api-1       | {"event": "Context impl PostgresqlImpl.", "level": "info", "request_id": "e1c0e2ef-1285-439f-a3dc-2b945e3b379a", "timestamp": "2026-08-07T12:28:04.794115Z", "trace_id": "d624dd0e1ab7f8f8db55b78d35963d0a"}
api-1       | {"event": "Will assume transactional DDL.", "level": "info", "request_id": "e1c0e2ef-1285-439f-a3dc-2b945e3b379a", "timestamp": "2026-08-07T12:28:04.794229Z", "trace_id": "d624dd0e1ab7f8f8db55b78d35963d0a"}
api-1       | INFO:     127.0.0.1:39208 - "GET /health/ready HTTP/1.1" 200 OK
api-1       | {"duration_ms": 95.538, "event": "http_request_completed", "level": "info", "method": "GET", "outcome": "success", "path": "/health/ready", "request_id": "e1c0e2ef-1285-439f-a3dc-2b945e3b379a", "status_code": 200, "timestamp": "2026-08-07T12:28:04.836197Z", "trace_id": "d624dd0e1ab7f8f8db55b78d35963d0a"}
api-1       | {"claimed": 50, "event": "outbox_dispatch_batch_completed", "lease_lost": 0, "level": "info", "published": 50, "retry_scheduled": 0, "role": "outbox_dispatcher", "timestamp": "2026-08-07T12:28:04.837359Z"}
api-1       | {"claimed": 50, "event": "outbox_dispatch_batch_completed", "lease_lost": 0, "level": "info", "published": 50, "retry_scheduled": 0, "role": "outbox_dispatcher", "timestamp": "2026-08-07T12:28:05.573697Z"}
api-1       | {"claimed": 50, "event": "outbox_dispatch_batch_completed", "lease_lost": 0, "level": "info", "published": 50, "retry_scheduled": 0, "role": "outbox_dispatcher", "timestamp": "2026-08-07T12:28:06.276869Z"}
api-1       | {"claimed": 50, "event": "outbox_dispatch_batch_completed", "lease_lost": 0, "level": "info", "published": 50, "retry_scheduled": 0, "role": "outbox_dispatcher", "timestamp": "2026-08-07T12:28:07.086043Z"}
api-1       | {"claimed": 50, "event": "outbox_dispatch_batch_completed", "lease_lost": 0, "level": "info", "published": 50, "retry_scheduled": 0, "role": "outbox_dispatcher", "timestamp": "2026-08-07T12:28:07.849204Z"}
api-1       | INFO:     172.18.0.1:53366 - "POST /api/v1/runs HTTP/1.1" 202 Accepted
api-1       | {"api_key_prefix": "evk_5ec841b483bb", "duration_ms": 83.441, "event": "http_request_completed", "level": "info", "method": "POST", "outcome": "success", "path": "/api/v1/runs", "request_id": "e1eadeff-10dc-478b-92e5-77cdaaae3783", "status_code": 202, "tenant_id": "fdd68433-c86c-470c-8b57-cec8ffc3d389", "timestamp": "2026-08-07T12:28:08.158983Z", "trace_id": "83c8973540ffa4b7de3d005983935523"}
api-1       | INFO:     172.18.0.1:53366 - "GET /api/v1/runs/0340068d-a0ff-4529-858c-f787102ce4b0 HTTP/1.1" 200 OK
api-1       | {"api_key_prefix": "evk_5ec841b483bb", "duration_ms": 56.123, "event": "http_request_completed", "level": "info", "method": "GET", "outcome": "success", "path": "/api/v1/runs/0340068d-a0ff-4529-858c-f787102ce4b0", "request_id": "fad7a562-1b3c-4409-80be-669f77e244a0", "status_code": 200, "tenant_id": "fdd68433-c86c-470c-8b57-cec8ffc3d389", "timestamp": "2026-08-07T12:28:08.216710Z", "trace_id": "5ae7ef5c56c8ef7ec1b075e648354cc2"}
api-1       | {"claimed": 50, "event": "outbox_dispatch_batch_completed", "lease_lost": 0, "level": "info", "published": 50, "retry_scheduled": 0, "role": "outbox_dispatcher", "timestamp": "2026-08-07T12:28:08.701349Z"}
api-1       | INFO:     172.18.0.1:53366 - "GET /api/v1/runs/0340068d-a0ff-4529-858c-f787102ce4b0 HTTP/1.1" 200 OK
api-1       | {"api_key_prefix": "evk_5ec841b483bb", "duration_ms": 72.903, "event": "http_request_completed", "level": "info", "method": "GET", "outcome": "success", "path": "/api/v1/runs/0340068d-a0ff-4529-858c-f787102ce4b0", "request_id": "b790ebd5-1333-41b1-b612-ce9a8f7c8dca", "status_code": 200, "tenant_id": "fdd68433-c86c-470c-8b57-cec8ffc3d389", "timestamp": "2026-08-07T12:28:08.792566Z", "trace_id": "a1e9db96303b7af02e0fc5228119dfa9"}
api-1       | {"claimed": 50, "event": "outbox_dispatch_batch_completed", "lease_lost": 0, "level": "info", "published": 50, "retry_scheduled": 0, "role": "outbox_dispatcher", "timestamp": "2026-08-07T12:28:09.395543Z"}
api-1       | INFO:     172.18.0.1:53366 - "GET /api/v1/runs/0340068d-a0ff-4529-858c-f787102ce4b0 HTTP/1.1" 200 OK
api-1       | {"api_key_prefix": "evk_5ec841b483bb", "duration_ms": 94.589, "event": "http_request_completed", "level": "info", "method": "GET", "outcome": "success", "path": "/api/v1/runs/0340068d-a0ff-4529-858c-f787102ce4b0", "request_id": "647d2227-e0e5-48cc-80bb-af647a4812e7", "status_code": 200, "tenant_id": "fdd68433-c86c-470c-8b57-cec8ffc3d389", "timestamp": "2026-08-07T12:28:09.403054Z", "trace_id": "b06d0cb8b5b65e4c1d1a151b16151eae"}
api-1       | INFO:     172.18.0.1:53366 - "GET /api/v1/runs/0340068d-a0ff-4529-858c-f787102ce4b0/cases?limit=200&sort=case_id HTTP/1.1" 200 OK
api-1       | {"api_key_prefix": "evk_5ec841b483bb", "duration_ms": 80.37, "event": "http_request_completed", "level": "info", "method": "GET", "outcome": "success", "path": "/api/v1/runs/0340068d-a0ff-4529-858c-f787102ce4b0/cases", "request_id": "dd50aaa7-de5d-4028-a833-e5e8fa0fd060", "status_code": 200, "tenant_id": "fdd68433-c86c-470c-8b57-cec8ffc3d389", "timestamp": "2026-08-07T12:28:09.485039Z", "trace_id": "fc5577dd04d1e8a204dc969f9d86a732"}
api-1       | INFO:     127.0.0.1:38758 - "GET /metrics HTTP/1.1" 200 OK
api-1       | {"duration_ms": 20.551, "event": "http_request_completed", "level": "info", "method": "GET", "outcome": "success", "path": "/metrics", "request_id": "786b64e1-54b7-4e4c-a7bc-f55adf73f365", "status_code": 200, "timestamp": "2026-08-07T12:28:09.882900Z", "trace_id": "241d2eb3de8de5e67d7cfc82ff314f00"}
api-1       | {"claimed": 50, "event": "outbox_dispatch_batch_completed", "lease_lost": 0, "level": "info", "published": 50, "retry_scheduled": 0, "role": "outbox_dispatcher", "timestamp": "2026-08-07T12:28:10.279694Z"}
api-1       | {"event": "Context impl PostgresqlImpl.", "level": "info", "request_id": "846cc868-082f-41e8-baf5-d14a52f993fb", "timestamp": "2026-08-07T12:28:10.451548Z", "trace_id": "3c1b8bac18776bdf39da01912e102c8c"}
api-1       | {"event": "Will assume transactional DDL.", "level": "info", "request_id": "846cc868-082f-41e8-baf5-d14a52f993fb", "timestamp": "2026-08-07T12:28:10.451672Z", "trace_id": "3c1b8bac18776bdf39da01912e102c8c"}
api-1       | INFO:     127.0.0.1:38772 - "GET /health/ready HTTP/1.1" 200 OK
api-1       | {"duration_ms": 27.153, "event": "http_request_completed", "level": "info", "method": "GET", "outcome": "success", "path": "/health/ready", "request_id": "846cc868-082f-41e8-baf5-d14a52f993fb", "status_code": 200, "timestamp": "2026-08-07T12:28:10.461399Z", "trace_id": "3c1b8bac18776bdf39da01912e102c8c"}
api-1       | {"claimed": 50, "event": "outbox_dispatch_batch_completed", "lease_lost": 0, "level": "info", "published": 50, "retry_scheduled": 0, "role": "outbox_dispatcher", "timestamp": "2026-08-07T12:28:11.088181Z"}
api-1       | {"claimed": 50, "event": "outbox_dispatch_batch_completed", "lease_lost": 0, "level": "info", "published": 50, "retry_scheduled": 0, "role": "outbox_dispatcher", "timestamp": "2026-08-07T12:28:11.808793Z"}
api-1       | INFO:     172.18.0.1:53366 - "POST /api/v1/runs HTTP/1.1" 202 Accepted
api-1       | {"api_key_prefix": "evk_5ec841b483bb", "duration_ms": 490.888, "event": "http_request_completed", "level": "info", "method": "POST", "outcome": "success", "path": "/api/v1/runs", "request_id": "36506ebd-0785-4239-b7a6-54569341a8db", "status_code": 202, "tenant_id": "fdd68433-c86c-470c-8b57-cec8ffc3d389", "timestamp": "2026-08-07T12:28:12.043950Z", "trace_id": "648d41ed04231e3ece2c68baeed1e2cc"}
api-1       | INFO:     172.18.0.1:53366 - "GET /api/v1/runs/807c0195-10f7-4462-a8b7-1a41433c442e HTTP/1.1" 200 OK
api-1       | {"api_key_prefix": "evk_5ec841b483bb", "duration_ms": 58.444, "event": "http_request_completed", "level": "info", "method": "GET", "outcome": "success", "path": "/api/v1/runs/807c0195-10f7-4462-a8b7-1a41433c442e", "request_id": "d37144d0-0f34-49a9-8b47-af1ba1c595f0", "status_code": 200, "tenant_id": "fdd68433-c86c-470c-8b57-cec8ffc3d389", "timestamp": "2026-08-07T12:28:12.104121Z", "trace_id": "dbb2581f795bb24e85717161ff5ee3c0"}
api-1       | {"claimed": 50, "event": "outbox_dispatch_batch_completed", "lease_lost": 0, "level": "info", "published": 50, "retry_scheduled": 0, "role": "outbox_dispatcher", "timestamp": "2026-08-07T12:28:12.527582Z"}
api-1       | INFO:     172.18.0.1:53366 - "GET /api/v1/runs/807c0195-10f7-4462-a8b7-1a41433c442e HTTP/1.1" 200 OK
api-1       | {"api_key_prefix": "evk_5ec841b483bb", "duration_ms": 74.346, "event": "http_request_completed", "level": "info", "method": "GET", "outcome": "success", "path": "/api/v1/runs/807c0195-10f7-4462-a8b7-1a41433c442e", "request_id": "ea35fb93-d34d-464c-9edb-8203ab0a3005", "status_code": 200, "tenant_id": "fdd68433-c86c-470c-8b57-cec8ffc3d389", "timestamp": "2026-08-07T12:28:12.681404Z", "trace_id": "28a6ab23defea0c3b85c6a8251b7bc2e"}
api-1       | {"claimed": 50, "event": "outbox_dispatch_batch_completed", "lease_lost": 0, "level": "info", "published": 50, "retry_scheduled": 0, "role": "outbox_dispatcher", "timestamp": "2026-08-07T12:28:13.298912Z"}
api-1       | INFO:     172.18.0.1:53366 - "GET /api/v1/runs/807c0195-10f7-4462-a8b7-1a41433c442e HTTP/1.1" 200 OK
api-1       | {"api_key_prefix": "evk_5ec841b483bb", "duration_ms": 192.938, "event": "http_request_completed", "level": "info", "method": "GET", "outcome": "success", "path": "/api/v1/runs/807c0195-10f7-4462-a8b7-1a41433c442e", "request_id": "f013b648-03a6-4a96-8adf-e705a85f52aa", "status_code": 200, "tenant_id": "fdd68433-c86c-470c-8b57-cec8ffc3d389", "timestamp": "2026-08-07T12:28:13.385280Z", "trace_id": "69271d6791c7e9ade554e8d2dce7c3ba"}
api-1       | {"claimed": 50, "event": "outbox_dispatch_batch_completed", "lease_lost": 0, "level": "info", "published": 50, "retry_scheduled": 0, "role": "outbox_dispatcher", "timestamp": "2026-08-07T12:28:14.087492Z"}
api-1       | INFO:     172.18.0.1:53366 - "GET /api/v1/runs/807c0195-10f7-4462-a8b7-1a41433c442e HTTP/1.1" 200 OK
api-1       | {"api_key_prefix": "evk_5ec841b483bb", "duration_ms": 281.662, "event": "http_request_completed", "level": "info", "method": "GET", "outcome": "success", "path": "/api/v1/runs/807c0195-10f7-4462-a8b7-1a41433c442e", "request_id": "bcc75071-ce33-476f-9859-97a216da70de", "status_code": 200, "tenant_id": "fdd68433-c86c-470c-8b57-cec8ffc3d389", "timestamp": "2026-08-07T12:28:14.172187Z", "trace_id": "080b58115c72eaa9d7b64c73ca8610c2"}
api-1       | {"claimed": 50, "event": "outbox_dispatch_batch_completed", "lease_lost": 0, "level": "info", "published": 50, "retry_scheduled": 0, "role": "outbox_dispatcher", "timestamp": "2026-08-07T12:28:14.897284Z"}
api-1       | INFO:     172.18.0.1:53366 - "GET /api/v1/runs/807c0195-10f7-4462-a8b7-1a41433c442e HTTP/1.1" 200 OK
api-1       | {"api_key_prefix": "evk_5ec841b483bb", "duration_ms": 307.455, "event": "http_request_completed", "level": "info", "method": "GET", "outcome": "success", "path": "/api/v1/runs/807c0195-10f7-4462-a8b7-1a41433c442e", "request_id": "f04223ae-ccbe-4dca-aae2-ae6797503461", "status_code": 200, "tenant_id": "fdd68433-c86c-470c-8b57-cec8ffc3d389", "timestamp": "2026-08-07T12:28:14.989756Z", "trace_id": "ef7bd0a6ef908d2169413a5fd0bca9cb"}
api-1       | {"claimed": 50, "event": "outbox_dispatch_batch_completed", "lease_lost": 0, "level": "info", "published": 50, "retry_scheduled": 0, "role": "outbox_dispatcher", "timestamp": "2026-08-07T12:28:15.763934Z"}
api-1       | INFO:     172.18.0.1:53366 - "GET /api/v1/runs/807c0195-10f7-4462-a8b7-1a41433c442e HTTP/1.1" 200 OK
api-1       | {"api_key_prefix": "evk_5ec841b483bb", "duration_ms": 440.101, "event": "http_request_completed", "level": "info", "method": "GET", "outcome": "success", "path": "/api/v1/runs/807c0195-10f7-4462-a8b7-1a41433c442e", "request_id": "b31c9014-7580-4170-8173-7131807307c7", "status_code": 200, "tenant_id": "fdd68433-c86c-470c-8b57-cec8ffc3d389", "timestamp": "2026-08-07T12:28:15.939106Z", "trace_id": "e7091d5cfc37214e567ff00114d6efac"}
api-1       | {"event": "Context impl PostgresqlImpl.", "level": "info", "request_id": "6f3fbd46-5f29-4362-9db7-6ed74b3b3609", "timestamp": "2026-08-07T12:28:16.059852Z", "trace_id": "fdebe09e86bac27583d782e1aeb01936"}
api-1       | {"event": "Will assume transactional DDL.", "level": "info", "request_id": "6f3fbd46-5f29-4362-9db7-6ed74b3b3609", "timestamp": "2026-08-07T12:28:16.060013Z", "trace_id": "fdebe09e86bac27583d782e1aeb01936"}
api-1       | INFO:     127.0.0.1:38836 - "GET /health/ready HTTP/1.1" 200 OK
api-1       | {"duration_ms": 33.995, "event": "http_request_completed", "level": "info", "method": "GET", "outcome": "success", "path": "/health/ready", "request_id": "6f3fbd46-5f29-4362-9db7-6ed74b3b3609", "status_code": 200, "timestamp": "2026-08-07T12:28:16.067074Z", "trace_id": "fdebe09e86bac27583d782e1aeb01936"}
api-1       | {"claimed": 50, "event": "outbox_dispatch_batch_completed", "lease_lost": 0, "level": "info", "published": 50, "retry_scheduled": 0, "role": "outbox_dispatcher", "timestamp": "2026-08-07T12:28:16.512550Z"}
api-1       | INFO:     172.18.0.1:53366 - "GET /api/v1/runs/807c0195-10f7-4462-a8b7-1a41433c442e HTTP/1.1" 200 OK
api-1       | {"api_key_prefix": "evk_5ec841b483bb", "duration_ms": 140.247, "event": "http_request_completed", "level": "info", "method": "GET", "outcome": "success", "path": "/api/v1/runs/807c0195-10f7-4462-a8b7-1a41433c442e", "request_id": "d7729af2-d6d3-4e7e-b9a6-f54324a472dd", "status_code": 200, "tenant_id": "fdd68433-c86c-470c-8b57-cec8ffc3d389", "timestamp": "2026-08-07T12:28:16.583238Z", "trace_id": "3c8d4afcb734f752624b29d2294a0499"}
api-1       | {"claimed": 50, "event": "outbox_dispatch_batch_completed", "lease_lost": 0, "level": "info", "published": 50, "retry_scheduled": 0, "role": "outbox_dispatcher", "timestamp": "2026-08-07T12:28:17.287880Z"}
api-1       | INFO:     172.18.0.1:53366 - "GET /api/v1/runs/807c0195-10f7-4462-a8b7-1a41433c442e HTTP/1.1" 200 OK
api-1       | {"api_key_prefix": "evk_5ec841b483bb", "duration_ms": 283.515, "event": "http_request_completed", "level": "info", "method": "GET", "outcome": "success", "path": "/api/v1/runs/807c0195-10f7-4462-a8b7-1a41433c442e", "request_id": "a93b3446-d896-4797-9a48-085ce5eb0e64", "status_code": 200, "tenant_id": "fdd68433-c86c-470c-8b57-cec8ffc3d389", "timestamp": "2026-08-07T12:28:17.379206Z", "trace_id": "11086dff07119654ea0873f474243a8c"}
api-1       | {"claimed": 50, "event": "outbox_dispatch_batch_completed", "lease_lost": 0, "level": "info", "published": 50, "retry_scheduled": 0, "role": "outbox_dispatcher", "timestamp": "2026-08-07T12:28:18.135610Z"}
api-1       | INFO:     172.18.0.1:53366 - "GET /api/v1/runs/807c0195-10f7-4462-a8b7-1a41433c442e HTTP/1.1" 200 OK
api-1       | {"api_key_prefix": "evk_5ec841b483bb", "duration_ms": 296.461, "event": "http_request_completed", "level": "info", "method": "GET", "outcome": "success", "path": "/api/v1/runs/807c0195-10f7-4462-a8b7-1a41433c442e", "request_id": "0df72bff-2278-45df-bce8-360ec0eac86b", "status_code": 200, "tenant_id": "fdd68433-c86c-470c-8b57-cec8ffc3d389", "timestamp": "2026-08-07T12:28:18.250097Z", "trace_id": "c86e15d4b730eec9aae18b0eb54331be"}
api-1       | {"claimed": 50, "event": "outbox_dispatch_batch_completed", "lease_lost": 0, "level": "info", "published": 50, "retry_scheduled": 0, "role": "outbox_dispatcher", "timestamp": "2026-08-07T12:28:18.905109Z"}
api-1       | INFO:     172.18.0.1:53366 - "GET /api/v1/runs/807c0195-10f7-4462-a8b7-1a41433c442e HTTP/1.1" 200 OK
api-1       | {"api_key_prefix": "evk_5ec841b483bb", "duration_ms": 204.865, "event": "http_request_completed", "level": "info", "method": "GET", "outcome": "success", "path": "/api/v1/runs/807c0195-10f7-4462-a8b7-1a41433c442e", "request_id": "3505faa3-ec0e-49e1-9bcf-7329844514d3", "status_code": 200, "tenant_id": "fdd68433-c86c-470c-8b57-cec8ffc3d389", "timestamp": "2026-08-07T12:28:18.983757Z", "trace_id": "4d8bf49eaa53c5689cba8c1f007a19b8"}
api-1       | {"claimed": 50, "event": "outbox_dispatch_batch_completed", "lease_lost": 0, "level": "info", "published": 50, "retry_scheduled": 0, "role": "outbox_dispatcher", "timestamp": "2026-08-07T12:28:19.675544Z"}
api-1       | INFO:     172.18.0.1:53366 - "GET /api/v1/runs/807c0195-10f7-4462-a8b7-1a41433c442e HTTP/1.1" 200 OK
api-1       | {"api_key_prefix": "evk_5ec841b483bb", "duration_ms": 211.555, "event": "http_request_completed", "level": "info", "method": "GET", "outcome": "success", "path": "/api/v1/runs/807c0195-10f7-4462-a8b7-1a41433c442e", "request_id": "425153fc-8333-4347-98fe-17942832561b", "status_code": 200, "tenant_id": "fdd68433-c86c-470c-8b57-cec8ffc3d389", "timestamp": "2026-08-07T12:28:19.703900Z", "trace_id": "fa6040691d849e3580bbb51f4eec6f1e"}
api-1       | {"claimed": 50, "event": "outbox_dispatch_batch_completed", "lease_lost": 0, "level": "info", "published": 50, "retry_scheduled": 0, "role": "outbox_dispatcher", "timestamp": "2026-08-07T12:28:20.371881Z"}
api-1       | INFO:     172.18.0.1:53366 - "GET /api/v1/runs/807c0195-10f7-4462-a8b7-1a41433c442e HTTP/1.1" 200 OK
api-1       | {"api_key_prefix": "evk_5ec841b483bb", "duration_ms": 190.447, "event": "http_request_completed", "level": "info", "method": "GET", "outcome": "success", "path": "/api/v1/runs/807c0195-10f7-4462-a8b7-1a41433c442e", "request_id": "0e888917-c04a-412c-8ebd-4efe7aabdc92", "status_code": 200, "tenant_id": "fdd68433-c86c-470c-8b57-cec8ffc3d389", "timestamp": "2026-08-07T12:28:20.429680Z", "trace_id": "8b46447609a4f552ffce4c33fe9d3b89"}
api-1       | INFO:     172.18.0.1:53366 - "GET /api/v1/runs/807c0195-10f7-4462-a8b7-1a41433c442e/cases?limit=200&sort=case_id HTTP/1.1" 200 OK
api-1       | {"api_key_prefix": "evk_5ec841b483bb", "duration_ms": 74.12, "event": "http_request_completed", "level": "info", "method": "GET", "outcome": "success", "path": "/api/v1/runs/807c0195-10f7-4462-a8b7-1a41433c442e/cases", "request_id": "d02993b6-ca78-4fdc-a20a-f973644dd986", "status_code": 200, "tenant_id": "fdd68433-c86c-470c-8b57-cec8ffc3d389", "timestamp": "2026-08-07T12:28:20.505783Z", "trace_id": "3f6c5bf66b3996ebdaeb65fe5f598a7a"}
api-1       | INFO:     172.18.0.1:53366 - "GET /api/v1/runs/807c0195-10f7-4462-a8b7-1a41433c442e/cases?limit=200&sort=case_id&cursor=eyJkaXJlY3Rpb24iOiJhc2MiLCJlcnJvcl9jb2RlIjpudWxsLCJqb2JfaWQiOiI0NDYzNjUxNS0yNzM2LTQyYWItODVkNi0zYTMzZTdjMmJiODkiLCJtZXRyaWMiOm51bGwsInNvcnQiOiJjYXNlX2lkIiwic3RhdHVzIjpudWxsLCJ2IjoxLCJ2YWx1ZSI6ImxvYWQtMDE5OSJ9 HTTP/1.1" 200 OK
api-1       | {"api_key_prefix": "evk_5ec841b483bb", "duration_ms": 80.42, "event": "http_request_completed", "level": "info", "method": "GET", "outcome": "success", "path": "/api/v1/runs/807c0195-10f7-4462-a8b7-1a41433c442e/cases", "request_id": "351d5569-f4f9-4f13-a9ba-9eb2493e9fc3", "status_code": 200, "tenant_id": "fdd68433-c86c-470c-8b57-cec8ffc3d389", "timestamp": "2026-08-07T12:28:20.588775Z", "trace_id": "5102e29626caf80c0edad5cda67b9091"}
api-1       | INFO:     172.18.0.1:53366 - "GET /api/v1/runs/807c0195-10f7-4462-a8b7-1a41433c442e/cases?limit=200&sort=case_id&cursor=eyJkaXJlY3Rpb24iOiJhc2MiLCJlcnJvcl9jb2RlIjpudWxsLCJqb2JfaWQiOiIwNWMxYThmYS1lY2EyLTQ4NGEtYWVmMS0xNGJjYjQ5ZGE0MDUiLCJtZXRyaWMiOm51bGwsInNvcnQiOiJjYXNlX2lkIiwic3RhdHVzIjpudWxsLCJ2IjoxLCJ2YWx1ZSI6ImxvYWQtMDM5OSJ9 HTTP/1.1" 200 OK
api-1       | {"api_key_prefix": "evk_5ec841b483bb", "duration_ms": 62.557, "event": "http_request_completed", "level": "info", "method": "GET", "outcome": "success", "path": "/api/v1/runs/807c0195-10f7-4462-a8b7-1a41433c442e/cases", "request_id": "0e03046c-4de6-4988-992c-27e7d14b8098", "status_code": 200, "tenant_id": "fdd68433-c86c-470c-8b57-cec8ffc3d389", "timestamp": "2026-08-07T12:28:20.653758Z", "trace_id": "fe3efcd266f815f776b00a3e7f430a99"}
api-1       | {"claimed": 50, "event": "outbox_dispatch_batch_completed", "lease_lost": 0, "level": "info", "published": 50, "retry_scheduled": 0, "role": "outbox_dispatcher", "timestamp": "2026-08-07T12:28:21.358629Z"}
api-1       | INFO:     127.0.0.1:43556 - "GET /metrics HTTP/1.1" 200 OK
api-1       | {"duration_ms": 33.891, "event": "http_request_completed", "level": "info", "method": "GET", "outcome": "success", "path": "/metrics", "request_id": "7c90208b-fc9b-464f-9a00-d8ced4e28cfc", "status_code": 200, "timestamp": "2026-08-07T12:28:21.374361Z", "trace_id": "06bd5c41501fdf6b9bd2bad3d71e036a"}
api-1       | {"event": "Context impl PostgresqlImpl.", "level": "info", "request_id": "8e598c3a-da05-43f7-937b-d1db72912b7e", "timestamp": "2026-08-07T12:28:21.627594Z", "trace_id": "48ff731244a01ed7f79cbd3e898d6f4f"}
api-1       | {"event": "Will assume transactional DDL.", "level": "info", "request_id": "8e598c3a-da05-43f7-937b-d1db72912b7e", "timestamp": "2026-08-07T12:28:21.627719Z", "trace_id": "48ff731244a01ed7f79cbd3e898d6f4f"}
api-1       | INFO:     127.0.0.1:43570 - "GET /health/ready HTTP/1.1" 200 OK
api-1       | {"duration_ms": 21.714, "event": "http_request_completed", "level": "info", "method": "GET", "outcome": "success", "path": "/health/ready", "request_id": "8e598c3a-da05-43f7-937b-d1db72912b7e", "status_code": 200, "timestamp": "2026-08-07T12:28:21.634428Z", "trace_id": "48ff731244a01ed7f79cbd3e898d6f4f"}
api-1       | {"claimed": 50, "event": "outbox_dispatch_batch_completed", "lease_lost": 0, "level": "info", "published": 50, "retry_scheduled": 0, "role": "outbox_dispatcher", "timestamp": "2026-08-07T12:28:22.090184Z"}
api-1       | {"claimed": 50, "event": "outbox_dispatch_batch_completed", "lease_lost": 0, "level": "info", "published": 50, "retry_scheduled": 0, "role": "outbox_dispatcher", "timestamp": "2026-08-07T12:28:22.897328Z"}
api-1       | {"claimed": 50, "event": "outbox_dispatch_batch_completed", "lease_lost": 0, "level": "info", "published": 50, "retry_scheduled": 0, "role": "outbox_dispatcher", "timestamp": "2026-08-07T12:28:23.610554Z"}
api-1       | {"claimed": 50, "event": "outbox_dispatch_batch_completed", "lease_lost": 0, "level": "info", "published": 50, "retry_scheduled": 0, "role": "outbox_dispatcher", "timestamp": "2026-08-07T12:28:24.305724Z"}
api-1       | {"claimed": 50, "event": "outbox_dispatch_batch_completed", "lease_lost": 0, "level": "info", "published": 50, "retry_scheduled": 0, "role": "outbox_dispatcher", "timestamp": "2026-08-07T12:28:25.007653Z"}
api-1       | {"claimed": 50, "event": "outbox_dispatch_batch_completed", "lease_lost": 0, "level": "info", "published": 50, "retry_scheduled": 0, "role": "outbox_dispatcher", "timestamp": "2026-08-07T12:28:25.771331Z"}
api-1       | {"claimed": 50, "event": "outbox_dispatch_batch_completed", "lease_lost": 0, "level": "info", "published": 50, "retry_scheduled": 0, "role": "outbox_dispatcher", "timestamp": "2026-08-07T12:28:26.499985Z"}
api-1       | {"event": "Context impl PostgresqlImpl.", "level": "info", "request_id": "139c81d9-cffc-4799-a5a5-b62d0481e66b", "timestamp": "2026-08-07T12:28:26.928934Z", "trace_id": "9cb380e7697712e1beefae90cd9e01c4"}
api-1       | {"event": "Will assume transactional DDL.", "level": "info", "request_id": "139c81d9-cffc-4799-a5a5-b62d0481e66b", "timestamp": "2026-08-07T12:28:26.929076Z", "trace_id": "9cb380e7697712e1beefae90cd9e01c4"}
api-1       | INFO:     127.0.0.1:43614 - "GET /health/ready HTTP/1.1" 200 OK
api-1       | {"duration_ms": 28.981, "event": "http_request_completed", "level": "info", "method": "GET", "outcome": "success", "path": "/health/ready", "request_id": "139c81d9-cffc-4799-a5a5-b62d0481e66b", "status_code": 200, "timestamp": "2026-08-07T12:28:26.936642Z", "trace_id": "9cb380e7697712e1beefae90cd9e01c4"}
api-1       | {"claimed": 50, "event": "outbox_dispatch_batch_completed", "lease_lost": 0, "level": "info", "published": 50, "retry_scheduled": 0, "role": "outbox_dispatcher", "timestamp": "2026-08-07T12:28:27.215902Z"}
api-1       | {"claimed": 50, "event": "outbox_dispatch_batch_completed", "lease_lost": 0, "level": "info", "published": 50, "retry_scheduled": 0, "role": "outbox_dispatcher", "timestamp": "2026-08-07T12:28:27.928706Z"}
api-1       | {"claimed": 49, "event": "outbox_dispatch_batch_completed", "lease_lost": 0, "level": "info", "published": 49, "retry_scheduled": 0, "role": "outbox_dispatcher", "timestamp": "2026-08-07T12:28:29.001639Z"}
api-1       | INFO:     172.18.0.1:39854 - "POST /api/v1/runs HTTP/1.1" 202 Accepted
api-1       | {"api_key_prefix": "evk_5ec841b483bb", "duration_ms": 534.093, "event": "http_request_completed", "level": "info", "method": "POST", "outcome": "success", "path": "/api/v1/runs", "request_id": "1103c655-7608-4fa9-a225-3764bd25e698", "status_code": 202, "tenant_id": "fdd68433-c86c-470c-8b57-cec8ffc3d389", "timestamp": "2026-08-07T12:28:29.285203Z", "trace_id": "48ad7dfca7f0129ed8fbb9fa1413fd67"}
api-1       | INFO:     172.18.0.1:39854 - "GET /api/v1/runs/12411bbc-04d2-4af0-b12c-30bd816e8b1a HTTP/1.1" 200 OK
api-1       | {"api_key_prefix": "evk_5ec841b483bb", "duration_ms": 174.524, "event": "http_request_completed", "level": "info", "method": "GET", "outcome": "success", "path": "/api/v1/runs/12411bbc-04d2-4af0-b12c-30bd816e8b1a", "request_id": "8be2b8cd-b0e0-4ba2-a066-a20c6d5398cb", "status_code": 200, "tenant_id": "fdd68433-c86c-470c-8b57-cec8ffc3d389", "timestamp": "2026-08-07T12:28:29.462035Z", "trace_id": "926e6a84ca61cdc6d2df15bc2ffd3b81"}
api-1       | {"claimed": 50, "event": "outbox_dispatch_batch_completed", "lease_lost": 0, "level": "info", "published": 50, "retry_scheduled": 0, "role": "outbox_dispatcher", "timestamp": "2026-08-07T12:28:30.656591Z"}
api-1       | INFO:     172.18.0.1:39854 - "GET /api/v1/runs/12411bbc-04d2-4af0-b12c-30bd816e8b1a HTTP/1.1" 200 OK
api-1       | {"api_key_prefix": "evk_5ec841b483bb", "duration_ms": 777.656, "event": "http_request_completed", "level": "info", "method": "GET", "outcome": "success", "path": "/api/v1/runs/12411bbc-04d2-4af0-b12c-30bd816e8b1a", "request_id": "0779fd37-445c-48ae-9919-2c0a4a9ce0f6", "status_code": 200, "tenant_id": "fdd68433-c86c-470c-8b57-cec8ffc3d389", "timestamp": "2026-08-07T12:28:30.742950Z", "trace_id": "dbbc654258c9943316c4878d10a4b8ed"}
api-1       | INFO:     172.18.0.1:39854 - "GET /api/v1/runs/12411bbc-04d2-4af0-b12c-30bd816e8b1a/cases?limit=200&sort=case_id HTTP/1.1" 200 OK
api-1       | {"api_key_prefix": "evk_5ec841b483bb", "duration_ms": 108.162, "event": "http_request_completed", "level": "info", "method": "GET", "outcome": "success", "path": "/api/v1/runs/12411bbc-04d2-4af0-b12c-30bd816e8b1a/cases", "request_id": "1bd33d66-9b8e-4c9b-9c3d-77199e804b36", "status_code": 200, "tenant_id": "fdd68433-c86c-470c-8b57-cec8ffc3d389", "timestamp": "2026-08-07T12:28:30.852151Z", "trace_id": "6526f875830d3d8eb613628cfe8934a0"}
api-1       | {"claimed": 50, "event": "outbox_dispatch_batch_completed", "lease_lost": 0, "level": "info", "published": 50, "retry_scheduled": 0, "role": "outbox_dispatcher", "timestamp": "2026-08-07T12:28:31.580351Z"}
api-1       | INFO:     127.0.0.1:57494 - "GET /metrics HTTP/1.1" 200 OK
api-1       | {"duration_ms": 15.776, "event": "http_request_completed", "level": "info", "method": "GET", "outcome": "success", "path": "/metrics", "request_id": "6ebaa67e-79ba-4c6a-ab2d-37dbff6fe5aa", "status_code": 200, "timestamp": "2026-08-07T12:28:31.662584Z", "trace_id": "8e5dc958e68be8cf7db9de36d09d440d"}
api-1       | {"claimed": 2, "event": "outbox_dispatch_batch_completed", "lease_lost": 0, "level": "info", "published": 2, "retry_scheduled": 0, "role": "outbox_dispatcher", "timestamp": "2026-08-07T12:28:32.097303Z"}
api-1       | {"event": "Context impl PostgresqlImpl.", "level": "info", "request_id": "cc072a6d-df8b-4f22-b0db-d43ed1e59125", "timestamp": "2026-08-07T12:28:32.346356Z", "trace_id": "7031929340c5087a87e51df909dd4d7a"}
api-1       | {"event": "Will assume transactional DDL.", "level": "info", "request_id": "cc072a6d-df8b-4f22-b0db-d43ed1e59125", "timestamp": "2026-08-07T12:28:32.346467Z", "trace_id": "7031929340c5087a87e51df909dd4d7a"}
api-1       | INFO:     127.0.0.1:57520 - "GET /health/ready HTTP/1.1" 200 OK
api-1       | {"duration_ms": 28.542, "event": "http_request_completed", "level": "info", "method": "GET", "outcome": "success", "path": "/health/ready", "request_id": "cc072a6d-df8b-4f22-b0db-d43ed1e59125", "status_code": 200, "timestamp": "2026-08-07T12:28:32.355819Z", "trace_id": "7031929340c5087a87e51df909dd4d7a"}
api-1       | INFO:     172.18.0.1:39854 - "POST /api/v1/runs HTTP/1.1" 202 Accepted
api-1       | {"api_key_prefix": "evk_5ec841b483bb", "duration_ms": 207.381, "event": "http_request_completed", "level": "info", "method": "POST", "outcome": "success", "path": "/api/v1/runs", "request_id": "b1b70cff-8907-44a3-b5e7-f8250c2ba021", "status_code": 202, "tenant_id": "fdd68433-c86c-470c-8b57-cec8ffc3d389", "timestamp": "2026-08-07T12:28:35.039338Z", "trace_id": "035a5e1f08efef3f89e94ca7ccffc73c"}
api-1       | INFO:     172.18.0.1:39854 - "GET /api/v1/runs/8eccb995-d0b7-4101-b5d9-97e58d9df2a1 HTTP/1.1" 200 OK
api-1       | {"api_key_prefix": "evk_5ec841b483bb", "duration_ms": 50.053, "event": "http_request_completed", "level": "info", "method": "GET", "outcome": "success", "path": "/api/v1/runs/8eccb995-d0b7-4101-b5d9-97e58d9df2a1", "request_id": "10ee08c4-4445-46f1-9110-e7cfb5534f44", "status_code": 200, "tenant_id": "fdd68433-c86c-470c-8b57-cec8ffc3d389", "timestamp": "2026-08-07T12:28:35.091060Z", "trace_id": "a9db1ef1ebe99324038e855ab21e3195"}
api-1       | INFO:     172.18.0.1:39854 - "GET /api/v1/runs/8eccb995-d0b7-4101-b5d9-97e58d9df2a1 HTTP/1.1" 200 OK
api-1       | {"api_key_prefix": "evk_5ec841b483bb", "duration_ms": 92.297, "event": "http_request_completed", "level": "info", "method": "GET", "outcome": "success", "path": "/api/v1/runs/8eccb995-d0b7-4101-b5d9-97e58d9df2a1", "request_id": "ed2345c6-96e2-4480-ab34-ea7dfa244a9d", "status_code": 200, "tenant_id": "fdd68433-c86c-470c-8b57-cec8ffc3d389", "timestamp": "2026-08-07T12:28:35.687578Z", "trace_id": "72a3c12fe32623ca1f735ac06015e2e2"}
api-1       | {"claimed": 50, "event": "outbox_dispatch_batch_completed", "lease_lost": 0, "level": "info", "published": 50, "retry_scheduled": 0, "role": "outbox_dispatcher", "timestamp": "2026-08-07T12:28:36.079563Z"}
api-1       | INFO:     172.18.0.1:39854 - "GET /api/v1/runs/8eccb995-d0b7-4101-b5d9-97e58d9df2a1 HTTP/1.1" 200 OK
api-1       | {"api_key_prefix": "evk_5ec841b483bb", "duration_ms": 82.992, "event": "http_request_completed", "level": "info", "method": "GET", "outcome": "success", "path": "/api/v1/runs/8eccb995-d0b7-4101-b5d9-97e58d9df2a1", "request_id": "776b3c9a-41e0-46aa-af69-57f5b050044f", "status_code": 200, "tenant_id": "fdd68433-c86c-470c-8b57-cec8ffc3d389", "timestamp": "2026-08-07T12:28:36.274981Z", "trace_id": "c496e91043ab63bb8e75eea6a227bf98"}
api-1       | {"claimed": 50, "event": "outbox_dispatch_batch_completed", "lease_lost": 0, "level": "info", "published": 50, "retry_scheduled": 0, "role": "outbox_dispatcher", "timestamp": "2026-08-07T12:28:37.048439Z"}
api-1       | INFO:     172.18.0.1:39854 - "GET /api/v1/runs/8eccb995-d0b7-4101-b5d9-97e58d9df2a1 HTTP/1.1" 200 OK
api-1       | {"api_key_prefix": "evk_5ec841b483bb", "duration_ms": 289.294, "event": "http_request_completed", "level": "info", "method": "GET", "outcome": "success", "path": "/api/v1/runs/8eccb995-d0b7-4101-b5d9-97e58d9df2a1", "request_id": "968e122f-850f-4efb-9796-c05e3802ada6", "status_code": 200, "tenant_id": "fdd68433-c86c-470c-8b57-cec8ffc3d389", "timestamp": "2026-08-07T12:28:37.085410Z", "trace_id": "8c893f8028297ae62a52a58b114ad9fc"}
api-1       | {"claimed": 50, "event": "outbox_dispatch_batch_completed", "lease_lost": 0, "level": "info", "published": 50, "retry_scheduled": 0, "role": "outbox_dispatcher", "timestamp": "2026-08-07T12:28:38.048264Z"}
api-1       | {"event": "Context impl PostgresqlImpl.", "level": "info", "request_id": "886385c5-6b1e-4f65-b75a-fecea7fbc104", "timestamp": "2026-08-07T12:28:38.077102Z", "trace_id": "00ec429de62901b88d9af73d7888c783"}
api-1       | {"event": "Will assume transactional DDL.", "level": "info", "request_id": "886385c5-6b1e-4f65-b75a-fecea7fbc104", "timestamp": "2026-08-07T12:28:38.077264Z", "trace_id": "00ec429de62901b88d9af73d7888c783"}
api-1       | INFO:     127.0.0.1:57586 - "GET /health/ready HTTP/1.1" 200 OK
api-1       | {"duration_ms": 60.51, "event": "http_request_completed", "level": "info", "method": "GET", "outcome": "success", "path": "/health/ready", "request_id": "886385c5-6b1e-4f65-b75a-fecea7fbc104", "status_code": 200, "timestamp": "2026-08-07T12:28:38.104228Z", "trace_id": "00ec429de62901b88d9af73d7888c783"}
api-1       | INFO:     172.18.0.1:39854 - "GET /api/v1/runs/8eccb995-d0b7-4101-b5d9-97e58d9df2a1 HTTP/1.1" 200 OK
api-1       | {"api_key_prefix": "evk_5ec841b483bb", "duration_ms": 553.74, "event": "http_request_completed", "level": "info", "method": "GET", "outcome": "success", "path": "/api/v1/runs/8eccb995-d0b7-4101-b5d9-97e58d9df2a1", "request_id": "b7101f63-9728-4239-a80b-16257f9bae50", "status_code": 200, "tenant_id": "fdd68433-c86c-470c-8b57-cec8ffc3d389", "timestamp": "2026-08-07T12:28:38.192207Z", "trace_id": "4bfffb5b8ed71083df6bdb56bd815f36"}
api-1       | {"claimed": 50, "event": "outbox_dispatch_batch_completed", "lease_lost": 0, "level": "info", "published": 50, "retry_scheduled": 0, "role": "outbox_dispatcher", "timestamp": "2026-08-07T12:28:39.031246Z"}
api-1       | INFO:     172.18.0.1:39854 - "GET /api/v1/runs/8eccb995-d0b7-4101-b5d9-97e58d9df2a1 HTTP/1.1" 200 OK
api-1       | {"api_key_prefix": "evk_5ec841b483bb", "duration_ms": 454.805, "event": "http_request_completed", "level": "info", "method": "GET", "outcome": "success", "path": "/api/v1/runs/8eccb995-d0b7-4101-b5d9-97e58d9df2a1", "request_id": "34529892-7f1e-4335-8cf6-53be0c8b006d", "status_code": 200, "tenant_id": "fdd68433-c86c-470c-8b57-cec8ffc3d389", "timestamp": "2026-08-07T12:28:39.272019Z", "trace_id": "d89d9223fde8e9e580981e84f6e10038"}
api-1       | {"claimed": 50, "event": "outbox_dispatch_batch_completed", "lease_lost": 0, "level": "info", "published": 50, "retry_scheduled": 0, "role": "outbox_dispatcher", "timestamp": "2026-08-07T12:28:39.927097Z"}
api-1       | INFO:     172.18.0.1:39854 - "GET /api/v1/runs/8eccb995-d0b7-4101-b5d9-97e58d9df2a1 HTTP/1.1" 200 OK
api-1       | {"api_key_prefix": "evk_5ec841b483bb", "duration_ms": 232.314, "event": "http_request_completed", "level": "info", "method": "GET", "outcome": "success", "path": "/api/v1/runs/8eccb995-d0b7-4101-b5d9-97e58d9df2a1", "request_id": "43f3f7f4-653d-4c40-bcc6-034b159ef9ee", "status_code": 200, "tenant_id": "fdd68433-c86c-470c-8b57-cec8ffc3d389", "timestamp": "2026-08-07T12:28:40.011589Z", "trace_id": "4b46e8202a60dc47186115cfbaafa436"}
api-1       | {"claimed": 50, "event": "outbox_dispatch_batch_completed", "lease_lost": 0, "level": "info", "published": 50, "retry_scheduled": 0, "role": "outbox_dispatcher", "timestamp": "2026-08-07T12:28:40.777625Z"}
api-1       | INFO:     172.18.0.1:39854 - "GET /api/v1/runs/8eccb995-d0b7-4101-b5d9-97e58d9df2a1 HTTP/1.1" 200 OK
api-1       | {"api_key_prefix": "evk_5ec841b483bb", "duration_ms": 351.698, "event": "http_request_completed", "level": "info", "method": "GET", "outcome": "success", "path": "/api/v1/runs/8eccb995-d0b7-4101-b5d9-97e58d9df2a1", "request_id": "d791c341-bcb9-4a72-9d01-c0ad01cb78e8", "status_code": 200, "tenant_id": "fdd68433-c86c-470c-8b57-cec8ffc3d389", "timestamp": "2026-08-07T12:28:40.899460Z", "trace_id": "27a1e7956906cf2dd44684b307359480"}
api-1       | {"claimed": 50, "event": "outbox_dispatch_batch_completed", "lease_lost": 0, "level": "info", "published": 50, "retry_scheduled": 0, "role": "outbox_dispatcher", "timestamp": "2026-08-07T12:28:41.490663Z"}
api-1       | INFO:     172.18.0.1:39854 - "GET /api/v1/runs/8eccb995-d0b7-4101-b5d9-97e58d9df2a1 HTTP/1.1" 200 OK
api-1       | {"api_key_prefix": "evk_5ec841b483bb", "duration_ms": 141.315, "event": "http_request_completed", "level": "info", "method": "GET", "outcome": "success", "path": "/api/v1/runs/8eccb995-d0b7-4101-b5d9-97e58d9df2a1", "request_id": "68d51c9f-04c8-48bc-ba84-7b459ac8fdc3", "status_code": 200, "tenant_id": "fdd68433-c86c-470c-8b57-cec8ffc3d389", "timestamp": "2026-08-07T12:28:41.546732Z", "trace_id": "c5edabbfb05cf5cb296ef4dbb9c1d17a"}
api-1       | INFO:     172.18.0.1:39854 - "GET /api/v1/runs/8eccb995-d0b7-4101-b5d9-97e58d9df2a1/cases?limit=200&sort=case_id HTTP/1.1" 200 OK
api-1       | {"api_key_prefix": "evk_5ec841b483bb", "duration_ms": 74.876, "event": "http_request_completed", "level": "info", "method": "GET", "outcome": "success", "path": "/api/v1/runs/8eccb995-d0b7-4101-b5d9-97e58d9df2a1/cases", "request_id": "0b5f651b-f0a9-4617-ae0c-deb38f62073c", "status_code": 200, "tenant_id": "fdd68433-c86c-470c-8b57-cec8ffc3d389", "timestamp": "2026-08-07T12:28:41.623349Z", "trace_id": "0c64fd02963e15f40d06a149298746ed"}
api-1       | INFO:     172.18.0.1:39854 - "GET /api/v1/runs/8eccb995-d0b7-4101-b5d9-97e58d9df2a1/cases?limit=200&sort=case_id&cursor=eyJkaXJlY3Rpb24iOiJhc2MiLCJlcnJvcl9jb2RlIjpudWxsLCJqb2JfaWQiOiI5N2Y5MjI4My0xMzE0LTRhYTUtYWU4OS02NjQyZmI0YjQyNmIiLCJtZXRyaWMiOm51bGwsInNvcnQiOiJjYXNlX2lkIiwic3RhdHVzIjpudWxsLCJ2IjoxLCJ2YWx1ZSI6ImxvYWQtMDE5OSJ9 HTTP/1.1" 200 OK
api-1       | {"api_key_prefix": "evk_5ec841b483bb", "duration_ms": 72.072, "event": "http_request_completed", "level": "info", "method": "GET", "outcome": "success", "path": "/api/v1/runs/8eccb995-d0b7-4101-b5d9-97e58d9df2a1/cases", "request_id": "ff523d4e-d4f7-4a43-a833-6c0d699b3d4f", "status_code": 200, "tenant_id": "fdd68433-c86c-470c-8b57-cec8ffc3d389", "timestamp": "2026-08-07T12:28:41.699098Z", "trace_id": "9081adb531a9f3f66c8a75895c80070e"}
api-1       | INFO:     172.18.0.1:39854 - "GET /api/v1/runs/8eccb995-d0b7-4101-b5d9-97e58d9df2a1/cases?limit=200&sort=case_id&cursor=eyJkaXJlY3Rpb24iOiJhc2MiLCJlcnJvcl9jb2RlIjpudWxsLCJqb2JfaWQiOiJiMjQyZDBhMC01ZTI5LTQwYzMtYmE1NC1iN2M3ZDBiNjYyMGIiLCJtZXRyaWMiOm51bGwsInNvcnQiOiJjYXNlX2lkIiwic3RhdHVzIjpudWxsLCJ2IjoxLCJ2YWx1ZSI6ImxvYWQtMDM5OSJ9 HTTP/1.1" 200 OK
api-1       | {"api_key_prefix": "evk_5ec841b483bb", "duration_ms": 73.656, "event": "http_request_completed", "level": "info", "method": "GET", "outcome": "success", "path": "/api/v1/runs/8eccb995-d0b7-4101-b5d9-97e58d9df2a1/cases", "request_id": "d8305eef-3311-49c5-be96-b362438ed25f", "status_code": 200, "tenant_id": "fdd68433-c86c-470c-8b57-cec8ffc3d389", "timestamp": "2026-08-07T12:28:41.775306Z", "trace_id": "aeb247ab7ffabbaa63dfc0485666e65a"}
api-1       | {"claimed": 50, "event": "outbox_dispatch_batch_completed", "lease_lost": 0, "level": "info", "published": 50, "retry_scheduled": 0, "role": "outbox_dispatcher", "timestamp": "2026-08-07T12:28:42.494754Z"}
api-1       | INFO:     127.0.0.1:36272 - "GET /metrics HTTP/1.1" 200 OK
api-1       | {"duration_ms": 84.162, "event": "http_request_completed", "level": "info", "method": "GET", "outcome": "success", "path": "/metrics", "request_id": "7c7e7197-c24c-4598-987a-4675ee727107", "status_code": 200, "timestamp": "2026-08-07T12:28:42.522524Z", "trace_id": "4c07cb1a282d21f1a85f3b39e1281c6e"}
api-1       | {"claimed": 50, "event": "outbox_dispatch_batch_completed", "lease_lost": 0, "level": "info", "published": 50, "retry_scheduled": 0, "role": "outbox_dispatcher", "timestamp": "2026-08-07T12:28:43.251444Z"}
api-1       | {"event": "Context impl PostgresqlImpl.", "level": "info", "request_id": "b27bd797-2aa8-4be9-99d5-4fef85d7e824", "timestamp": "2026-08-07T12:28:43.502141Z", "trace_id": "2f746d342b860c96885f6a1d73e25c77"}
api-1       | {"event": "Will assume transactional DDL.", "level": "info", "request_id": "b27bd797-2aa8-4be9-99d5-4fef85d7e824", "timestamp": "2026-08-07T12:28:43.502305Z", "trace_id": "2f746d342b860c96885f6a1d73e25c77"}
api-1       | INFO:     127.0.0.1:36284 - "GET /health/ready HTTP/1.1" 200 OK
api-1       | {"duration_ms": 28.864, "event": "http_request_completed", "level": "info", "method": "GET", "outcome": "success", "path": "/health/ready", "request_id": "b27bd797-2aa8-4be9-99d5-4fef85d7e824", "status_code": 200, "timestamp": "2026-08-07T12:28:43.509703Z", "trace_id": "2f746d342b860c96885f6a1d73e25c77"}
api-1       | {"claimed": 50, "event": "outbox_dispatch_batch_completed", "lease_lost": 0, "level": "info", "published": 50, "retry_scheduled": 0, "role": "outbox_dispatcher", "timestamp": "2026-08-07T12:28:43.983644Z"}
api-1       | {"claimed": 50, "event": "outbox_dispatch_batch_completed", "lease_lost": 0, "level": "info", "published": 50, "retry_scheduled": 0, "role": "outbox_dispatcher", "timestamp": "2026-08-07T12:28:44.712649Z"}
api-1       | {"claimed": 50, "event": "outbox_dispatch_batch_completed", "lease_lost": 0, "level": "info", "published": 50, "retry_scheduled": 0, "role": "outbox_dispatcher", "timestamp": "2026-08-07T12:28:45.416090Z"}
api-1       | {"claimed": 50, "event": "outbox_dispatch_batch_completed", "lease_lost": 0, "level": "info", "published": 50, "retry_scheduled": 0, "role": "outbox_dispatcher", "timestamp": "2026-08-07T12:28:46.152924Z"}
api-1       | {"claimed": 50, "event": "outbox_dispatch_batch_completed", "lease_lost": 0, "level": "info", "published": 50, "retry_scheduled": 0, "role": "outbox_dispatcher", "timestamp": "2026-08-07T12:28:46.894513Z"}
api-1       | {"claimed": 50, "event": "outbox_dispatch_batch_completed", "lease_lost": 0, "level": "info", "published": 50, "retry_scheduled": 0, "role": "outbox_dispatcher", "timestamp": "2026-08-07T12:28:47.613377Z"}
api-1       | {"claimed": 50, "event": "outbox_dispatch_batch_completed", "lease_lost": 0, "level": "info", "published": 50, "retry_scheduled": 0, "role": "outbox_dispatcher", "timestamp": "2026-08-07T12:28:48.400317Z"}
api-1       | {"event": "Context impl PostgresqlImpl.", "level": "info", "request_id": "c4e954b2-e116-4226-9234-df377debe4ec", "timestamp": "2026-08-07T12:28:48.827236Z", "trace_id": "f8646a7a7411907eec2aef82503aa2f8"}
api-1       | {"event": "Will assume transactional DDL.", "level": "info", "request_id": "c4e954b2-e116-4226-9234-df377debe4ec", "timestamp": "2026-08-07T12:28:48.827378Z", "trace_id": "f8646a7a7411907eec2aef82503aa2f8"}
api-1       | INFO:     127.0.0.1:36310 - "GET /health/ready HTTP/1.1" 200 OK
api-1       | {"duration_ms": 27.64, "event": "http_request_completed", "level": "info", "method": "GET", "outcome": "success", "path": "/health/ready", "request_id": "c4e954b2-e116-4226-9234-df377debe4ec", "status_code": 200, "timestamp": "2026-08-07T12:28:48.835130Z", "trace_id": "f8646a7a7411907eec2aef82503aa2f8"}
api-1       | {"claimed": 50, "event": "outbox_dispatch_batch_completed", "lease_lost": 0, "level": "info", "published": 50, "retry_scheduled": 0, "role": "outbox_dispatcher", "timestamp": "2026-08-07T12:28:49.106924Z"}
api-1       | INFO:     172.18.0.1:59902 - "POST /api/v1/runs HTTP/1.1" 202 Accepted
api-1       | {"api_key_prefix": "evk_5ec841b483bb", "duration_ms": 84.119, "event": "http_request_completed", "level": "info", "method": "POST", "outcome": "success", "path": "/api/v1/runs", "request_id": "7579eaff-9a73-402a-95e5-02e0a1503761", "status_code": 202, "tenant_id": "fdd68433-c86c-470c-8b57-cec8ffc3d389", "timestamp": "2026-08-07T12:28:49.239116Z", "trace_id": "187da447a01146b02f01ea2febeb0283"}
api-1       | INFO:     172.18.0.1:59902 - "GET /api/v1/runs/800679e2-8230-4266-9d54-7a5fd93c654d HTTP/1.1" 200 OK
api-1       | {"api_key_prefix": "evk_5ec841b483bb", "duration_ms": 52.614, "event": "http_request_completed", "level": "info", "method": "GET", "outcome": "success", "path": "/api/v1/runs/800679e2-8230-4266-9d54-7a5fd93c654d", "request_id": "fb9b8a0d-dd5d-4d31-8672-ffaaf06d984b", "status_code": 200, "tenant_id": "fdd68433-c86c-470c-8b57-cec8ffc3d389", "timestamp": "2026-08-07T12:28:49.293391Z", "trace_id": "f1719e66c2ce2069fcf319bfd76aa171"}
api-1       | {"claimed": 50, "event": "outbox_dispatch_batch_completed", "lease_lost": 0, "level": "info", "published": 50, "retry_scheduled": 0, "role": "outbox_dispatcher", "timestamp": "2026-08-07T12:28:49.818050Z"}
api-1       | INFO:     172.18.0.1:59902 - "GET /api/v1/runs/800679e2-8230-4266-9d54-7a5fd93c654d HTTP/1.1" 200 OK
api-1       | {"api_key_prefix": "evk_5ec841b483bb", "duration_ms": 77.339, "event": "http_request_completed", "level": "info", "method": "GET", "outcome": "success", "path": "/api/v1/runs/800679e2-8230-4266-9d54-7a5fd93c654d", "request_id": "f604eb3f-0ec3-432c-a6e0-2cdca230548e", "status_code": 200, "tenant_id": "fdd68433-c86c-470c-8b57-cec8ffc3d389", "timestamp": "2026-08-07T12:28:49.876726Z", "trace_id": "0cca88777160ee48345bd6d53d60c5ef"}
api-1       | {"claimed": 50, "event": "outbox_dispatch_batch_completed", "lease_lost": 0, "level": "info", "published": 50, "retry_scheduled": 0, "role": "outbox_dispatcher", "timestamp": "2026-08-07T12:28:50.516886Z"}
api-1       | INFO:     172.18.0.1:59902 - "GET /api/v1/runs/800679e2-8230-4266-9d54-7a5fd93c654d HTTP/1.1" 200 OK
api-1       | {"api_key_prefix": "evk_5ec841b483bb", "duration_ms": 240.82, "event": "http_request_completed", "level": "info", "method": "GET", "outcome": "success", "path": "/api/v1/runs/800679e2-8230-4266-9d54-7a5fd93c654d", "request_id": "3a3da6bc-30a6-4490-bd48-197f0acc442d", "status_code": 200, "tenant_id": "fdd68433-c86c-470c-8b57-cec8ffc3d389", "timestamp": "2026-08-07T12:28:50.630213Z", "trace_id": "e04654d51aae1ccf51842b6279437718"}
api-1       | {"claimed": 50, "event": "outbox_dispatch_batch_completed", "lease_lost": 0, "level": "info", "published": 50, "retry_scheduled": 0, "role": "outbox_dispatcher", "timestamp": "2026-08-07T12:28:51.211785Z"}
api-1       | INFO:     172.18.0.1:59902 - "GET /api/v1/runs/800679e2-8230-4266-9d54-7a5fd93c654d HTTP/1.1" 200 OK
api-1       | {"api_key_prefix": "evk_5ec841b483bb", "duration_ms": 135.449, "event": "http_request_completed", "level": "info", "method": "GET", "outcome": "success", "path": "/api/v1/runs/800679e2-8230-4266-9d54-7a5fd93c654d", "request_id": "62ffa8eb-e731-466c-84b1-17eb8fc41ff8", "status_code": 200, "tenant_id": "fdd68433-c86c-470c-8b57-cec8ffc3d389", "timestamp": "2026-08-07T12:28:51.271609Z", "trace_id": "1251abc4ceef2869f2b25c153885518d"}
api-1       | INFO:     172.18.0.1:59902 - "GET /api/v1/runs/800679e2-8230-4266-9d54-7a5fd93c654d/cases?limit=200&sort=case_id HTTP/1.1" 200 OK
api-1       | {"api_key_prefix": "evk_5ec841b483bb", "duration_ms": 64.681, "event": "http_request_completed", "level": "info", "method": "GET", "outcome": "success", "path": "/api/v1/runs/800679e2-8230-4266-9d54-7a5fd93c654d/cases", "request_id": "2b7c12c0-013a-411c-b931-aef0109681cc", "status_code": 200, "tenant_id": "fdd68433-c86c-470c-8b57-cec8ffc3d389", "timestamp": "2026-08-07T12:28:51.337863Z", "trace_id": "73efee497bd21463e9a51892cc24ba21"}
api-1       | INFO:     127.0.0.1:50756 - "GET /metrics HTTP/1.1" 200 OK
api-1       | {"duration_ms": 63.1, "event": "http_request_completed", "level": "info", "method": "GET", "outcome": "success", "path": "/metrics", "request_id": "904cc0e4-a6f1-4020-9c4a-15bb56a65290", "status_code": 200, "timestamp": "2026-08-07T12:28:51.784707Z", "trace_id": "fd6ad5a726718899aed7e0bfa2056035"}
api-1       | {"claimed": 50, "event": "outbox_dispatch_batch_completed", "lease_lost": 0, "level": "info", "published": 50, "retry_scheduled": 0, "role": "outbox_dispatcher", "timestamp": "2026-08-07T12:28:51.928662Z"}
api-1       | {"claimed": 50, "event": "outbox_dispatch_batch_completed", "lease_lost": 0, "level": "info", "published": 50, "retry_scheduled": 0, "role": "outbox_dispatcher", "timestamp": "2026-08-07T12:28:52.650739Z"}
api-1       | INFO:     172.18.0.1:59902 - "POST /api/v1/runs HTTP/1.1" 202 Accepted
api-1       | {"api_key_prefix": "evk_5ec841b483bb", "duration_ms": 273.302, "event": "http_request_completed", "level": "info", "method": "POST", "outcome": "success", "path": "/api/v1/runs", "request_id": "f9657e1c-25dc-4556-8332-7ac05789d8a1", "status_code": 202, "tenant_id": "fdd68433-c86c-470c-8b57-cec8ffc3d389", "timestamp": "2026-08-07T12:28:53.047359Z", "trace_id": "2ff952b6d5b57fa7a890b94e2ed74cde"}
api-1       | INFO:     172.18.0.1:59902 - "GET /api/v1/runs/8c7a7a0d-e25e-4f88-b213-f4111b940d7a HTTP/1.1" 200 OK
api-1       | {"api_key_prefix": "evk_5ec841b483bb", "duration_ms": 50.207, "event": "http_request_completed", "level": "info", "method": "GET", "outcome": "success", "path": "/api/v1/runs/8c7a7a0d-e25e-4f88-b213-f4111b940d7a", "request_id": "c116722e-66a6-4191-98a2-aa953d55ba26", "status_code": 200, "tenant_id": "fdd68433-c86c-470c-8b57-cec8ffc3d389", "timestamp": "2026-08-07T12:28:53.099779Z", "trace_id": "62906a41c941e20fea6e6c1092b31e19"}
api-1       | {"claimed": 4, "event": "outbox_dispatch_batch_completed", "lease_lost": 0, "level": "info", "published": 4, "retry_scheduled": 0, "role": "outbox_dispatcher", "timestamp": "2026-08-07T12:28:53.166649Z"}
api-1       | INFO:     172.18.0.1:59902 - "GET /api/v1/runs/8c7a7a0d-e25e-4f88-b213-f4111b940d7a HTTP/1.1" 200 OK
api-1       | {"api_key_prefix": "evk_5ec841b483bb", "duration_ms": 60.046, "event": "http_request_completed", "level": "info", "method": "GET", "outcome": "success", "path": "/api/v1/runs/8c7a7a0d-e25e-4f88-b213-f4111b940d7a", "request_id": "aca373d0-d4b2-4a1a-a028-bdf5eb63f079", "status_code": 200, "tenant_id": "fdd68433-c86c-470c-8b57-cec8ffc3d389", "timestamp": "2026-08-07T12:28:53.662794Z", "trace_id": "78e842665e5385e9ce80f8b17904d0f1"}
api-1       | {"claimed": 41, "event": "outbox_dispatch_batch_completed", "lease_lost": 0, "level": "info", "published": 41, "retry_scheduled": 0, "role": "outbox_dispatcher", "timestamp": "2026-08-07T12:28:53.902725Z"}
api-1       | {"event": "Context impl PostgresqlImpl.", "level": "info", "request_id": "166fbae7-e1f1-4619-af60-f5c0c1c930fa", "timestamp": "2026-08-07T12:28:54.188252Z", "trace_id": "5ee9d6f042951c1822ba105cd5738d49"}
api-1       | {"event": "Will assume transactional DDL.", "level": "info", "request_id": "166fbae7-e1f1-4619-af60-f5c0c1c930fa", "timestamp": "2026-08-07T12:28:54.188413Z", "trace_id": "5ee9d6f042951c1822ba105cd5738d49"}
api-1       | INFO:     127.0.0.1:50776 - "GET /health/ready HTTP/1.1" 200 OK
api-1       | {"duration_ms": 30.873, "event": "http_request_completed", "level": "info", "method": "GET", "outcome": "success", "path": "/health/ready", "request_id": "166fbae7-e1f1-4619-af60-f5c0c1c930fa", "status_code": 200, "timestamp": "2026-08-07T12:28:54.198304Z", "trace_id": "5ee9d6f042951c1822ba105cd5738d49"}
api-1       | INFO:     172.18.0.1:59902 - "GET /api/v1/runs/8c7a7a0d-e25e-4f88-b213-f4111b940d7a HTTP/1.1" 200 OK
api-1       | {"api_key_prefix": "evk_5ec841b483bb", "duration_ms": 105.84, "event": "http_request_completed", "level": "info", "method": "GET", "outcome": "success", "path": "/api/v1/runs/8c7a7a0d-e25e-4f88-b213-f4111b940d7a", "request_id": "27a452cf-f96c-43a7-89e5-df577020598a", "status_code": 200, "tenant_id": "fdd68433-c86c-470c-8b57-cec8ffc3d389", "timestamp": "2026-08-07T12:28:54.271307Z", "trace_id": "b173be6f6b82057d045ea95f827013fb"}
api-1       | {"claimed": 50, "event": "outbox_dispatch_batch_completed", "lease_lost": 0, "level": "info", "published": 50, "retry_scheduled": 0, "role": "outbox_dispatcher", "timestamp": "2026-08-07T12:28:54.691078Z"}
api-1       | INFO:     172.18.0.1:59902 - "GET /api/v1/runs/8c7a7a0d-e25e-4f88-b213-f4111b940d7a HTTP/1.1" 200 OK
api-1       | {"api_key_prefix": "evk_5ec841b483bb", "duration_ms": 67.57, "event": "http_request_completed", "level": "info", "method": "GET", "outcome": "success", "path": "/api/v1/runs/8c7a7a0d-e25e-4f88-b213-f4111b940d7a", "request_id": "e3ec620b-c5ee-4819-b8c4-3473b2cc0a74", "status_code": 200, "tenant_id": "fdd68433-c86c-470c-8b57-cec8ffc3d389", "timestamp": "2026-08-07T12:28:54.841651Z", "trace_id": "ccff3552308d1bf61efac5b1f0810153"}
api-1       | {"claimed": 50, "event": "outbox_dispatch_batch_completed", "lease_lost": 0, "level": "info", "published": 50, "retry_scheduled": 0, "role": "outbox_dispatcher", "timestamp": "2026-08-07T12:28:55.424213Z"}
api-1       | INFO:     172.18.0.1:59902 - "GET /api/v1/runs/8c7a7a0d-e25e-4f88-b213-f4111b940d7a HTTP/1.1" 200 OK
api-1       | {"api_key_prefix": "evk_5ec841b483bb", "duration_ms": 143.415, "event": "http_request_completed", "level": "info", "method": "GET", "outcome": "success", "path": "/api/v1/runs/8c7a7a0d-e25e-4f88-b213-f4111b940d7a", "request_id": "20f8e88c-b08c-4a1f-9bc9-5b5e938961a6", "status_code": 200, "tenant_id": "fdd68433-c86c-470c-8b57-cec8ffc3d389", "timestamp": "2026-08-07T12:28:55.487700Z", "trace_id": "ae5c41b9925c6e5bbd2348afe26b40f8"}
api-1       | {"claimed": 50, "event": "outbox_dispatch_batch_completed", "lease_lost": 0, "level": "info", "published": 50, "retry_scheduled": 0, "role": "outbox_dispatcher", "timestamp": "2026-08-07T12:28:56.171072Z"}
api-1       | INFO:     172.18.0.1:59902 - "GET /api/v1/runs/8c7a7a0d-e25e-4f88-b213-f4111b940d7a HTTP/1.1" 200 OK
api-1       | {"api_key_prefix": "evk_5ec841b483bb", "duration_ms": 243.021, "event": "http_request_completed", "level": "info", "method": "GET", "outcome": "success", "path": "/api/v1/runs/8c7a7a0d-e25e-4f88-b213-f4111b940d7a", "request_id": "3f7e356a-d1cf-4838-b56e-87401ce5583d", "status_code": 200, "tenant_id": "fdd68433-c86c-470c-8b57-cec8ffc3d389", "timestamp": "2026-08-07T12:28:56.237197Z", "trace_id": "347078c6026602631140b884b2feb2e1"}
api-1       | {"claimed": 50, "event": "outbox_dispatch_batch_completed", "lease_lost": 0, "level": "info", "published": 50, "retry_scheduled": 0, "role": "outbox_dispatcher", "timestamp": "2026-08-07T12:28:56.914976Z"}
api-1       | INFO:     172.18.0.1:59902 - "GET /api/v1/runs/8c7a7a0d-e25e-4f88-b213-f4111b940d7a HTTP/1.1" 200 OK
api-1       | {"api_key_prefix": "evk_5ec841b483bb", "duration_ms": 228.871, "event": "http_request_completed", "level": "info", "method": "GET", "outcome": "success", "path": "/api/v1/runs/8c7a7a0d-e25e-4f88-b213-f4111b940d7a", "request_id": "53d6c4e2-bac3-443a-9df0-48550d8ce58f", "status_code": 200, "tenant_id": "fdd68433-c86c-470c-8b57-cec8ffc3d389", "timestamp": "2026-08-07T12:28:56.978599Z", "trace_id": "6eb518b1302107eec5da072014c7e740"}
api-1       | {"claimed": 50, "event": "outbox_dispatch_batch_completed", "lease_lost": 0, "level": "info", "published": 50, "retry_scheduled": 0, "role": "outbox_dispatcher", "timestamp": "2026-08-07T12:28:57.735629Z"}
api-1       | INFO:     172.18.0.1:59902 - "GET /api/v1/runs/8c7a7a0d-e25e-4f88-b213-f4111b940d7a HTTP/1.1" 200 OK
api-1       | {"api_key_prefix": "evk_5ec841b483bb", "duration_ms": 281.27, "event": "http_request_completed", "level": "info", "method": "GET", "outcome": "success", "path": "/api/v1/runs/8c7a7a0d-e25e-4f88-b213-f4111b940d7a", "request_id": "25ce28c1-1f26-40a1-be9f-d5c1d24ac64d", "status_code": 200, "tenant_id": "fdd68433-c86c-470c-8b57-cec8ffc3d389", "timestamp": "2026-08-07T12:28:57.771630Z", "trace_id": "b0f0046e4d3ad87969be31a7ba27b738"}
api-1       | {"claimed": 50, "event": "outbox_dispatch_batch_completed", "lease_lost": 0, "level": "info", "published": 50, "retry_scheduled": 0, "role": "outbox_dispatcher", "timestamp": "2026-08-07T12:28:58.497247Z"}
api-1       | INFO:     172.18.0.1:59902 - "GET /api/v1/runs/8c7a7a0d-e25e-4f88-b213-f4111b940d7a HTTP/1.1" 200 OK
api-1       | {"api_key_prefix": "evk_5ec841b483bb", "duration_ms": 247.359, "event": "http_request_completed", "level": "info", "method": "GET", "outcome": "success", "path": "/api/v1/runs/8c7a7a0d-e25e-4f88-b213-f4111b940d7a", "request_id": "cd59a9fd-d0ea-4375-9f40-39c222cc1c7c", "status_code": 200, "tenant_id": "fdd68433-c86c-470c-8b57-cec8ffc3d389", "timestamp": "2026-08-07T12:28:58.557939Z", "trace_id": "9b311e1a98f41d4f81c78465904e4fed"}
api-1       | {"claimed": 50, "event": "outbox_dispatch_batch_completed", "lease_lost": 0, "level": "info", "published": 50, "retry_scheduled": 0, "role": "outbox_dispatcher", "timestamp": "2026-08-07T12:28:59.279028Z"}
api-1       | INFO:     172.18.0.1:59902 - "GET /api/v1/runs/8c7a7a0d-e25e-4f88-b213-f4111b940d7a HTTP/1.1" 200 OK
api-1       | {"api_key_prefix": "evk_5ec841b483bb", "duration_ms": 289.188, "event": "http_request_completed", "level": "info", "method": "GET", "outcome": "success", "path": "/api/v1/runs/8c7a7a0d-e25e-4f88-b213-f4111b940d7a", "request_id": "4bb0bac5-0633-49f1-855d-574b11e34791", "status_code": 200, "tenant_id": "fdd68433-c86c-470c-8b57-cec8ffc3d389", "timestamp": "2026-08-07T12:28:59.354375Z", "trace_id": "acdd34c7f7b4e23df68a8d0ea5955844"}
api-1       | {"event": "Context impl PostgresqlImpl.", "level": "info", "request_id": "9a33ee90-a5c2-411b-ba24-aa5c80292285", "timestamp": "2026-08-07T12:28:59.622394Z", "trace_id": "3626c145064f4bd8053bfd4c14f74e62"}
api-1       | {"event": "Will assume transactional DDL.", "level": "info", "request_id": "9a33ee90-a5c2-411b-ba24-aa5c80292285", "timestamp": "2026-08-07T12:28:59.622527Z", "trace_id": "3626c145064f4bd8053bfd4c14f74e62"}
api-1       | INFO:     127.0.0.1:35788 - "GET /health/ready HTTP/1.1" 200 OK
api-1       | {"duration_ms": 25.306, "event": "http_request_completed", "level": "info", "method": "GET", "outcome": "success", "path": "/health/ready", "request_id": "9a33ee90-a5c2-411b-ba24-aa5c80292285", "status_code": 200, "timestamp": "2026-08-07T12:28:59.631420Z", "trace_id": "3626c145064f4bd8053bfd4c14f74e62"}
api-1       | {"claimed": 50, "event": "outbox_dispatch_batch_completed", "lease_lost": 0, "level": "info", "published": 50, "retry_scheduled": 0, "role": "outbox_dispatcher", "timestamp": "2026-08-07T12:29:00.008575Z"}
api-1       | INFO:     172.18.0.1:59902 - "GET /api/v1/runs/8c7a7a0d-e25e-4f88-b213-f4111b940d7a HTTP/1.1" 200 OK
api-1       | {"api_key_prefix": "evk_5ec841b483bb", "duration_ms": 220.147, "event": "http_request_completed", "level": "info", "method": "GET", "outcome": "success", "path": "/api/v1/runs/8c7a7a0d-e25e-4f88-b213-f4111b940d7a", "request_id": "2b321f9a-0651-42b0-8797-af888f163a15", "status_code": 200, "tenant_id": "fdd68433-c86c-470c-8b57-cec8ffc3d389", "timestamp": "2026-08-07T12:29:00.080365Z", "trace_id": "f8570e7df7957e791ffaf0c3667998a1"}
api-1       | {"claimed": 50, "event": "outbox_dispatch_batch_completed", "lease_lost": 0, "level": "info", "published": 50, "retry_scheduled": 0, "role": "outbox_dispatcher", "timestamp": "2026-08-07T12:29:00.782904Z"}
api-1       | INFO:     172.18.0.1:59902 - "GET /api/v1/runs/8c7a7a0d-e25e-4f88-b213-f4111b940d7a HTTP/1.1" 200 OK
api-1       | {"api_key_prefix": "evk_5ec841b483bb", "duration_ms": 249.214, "event": "http_request_completed", "level": "info", "method": "GET", "outcome": "success", "path": "/api/v1/runs/8c7a7a0d-e25e-4f88-b213-f4111b940d7a", "request_id": "901df54f-2d34-48f1-b15d-120bd96c5bb2", "status_code": 200, "tenant_id": "fdd68433-c86c-470c-8b57-cec8ffc3d389", "timestamp": "2026-08-07T12:29:00.840630Z", "trace_id": "49760968696f56b89c56cea953928c22"}
api-1       | {"claimed": 50, "event": "outbox_dispatch_batch_completed", "lease_lost": 0, "level": "info", "published": 50, "retry_scheduled": 0, "role": "outbox_dispatcher", "timestamp": "2026-08-07T12:29:01.569809Z"}
api-1       | INFO:     172.18.0.1:59902 - "GET /api/v1/runs/8c7a7a0d-e25e-4f88-b213-f4111b940d7a HTTP/1.1" 200 OK
api-1       | {"api_key_prefix": "evk_5ec841b483bb", "duration_ms": 270.119, "event": "http_request_completed", "level": "info", "method": "GET", "outcome": "success", "path": "/api/v1/runs/8c7a7a0d-e25e-4f88-b213-f4111b940d7a", "request_id": "73fb230f-f2d4-499f-a088-9ed372d02368", "status_code": 200, "tenant_id": "fdd68433-c86c-470c-8b57-cec8ffc3d389", "timestamp": "2026-08-07T12:29:01.635100Z", "trace_id": "6ed48e7e86cfd9245004f7bbcfc87863"}
api-1       | {"claimed": 50, "event": "outbox_dispatch_batch_completed", "lease_lost": 0, "level": "info", "published": 50, "retry_scheduled": 0, "role": "outbox_dispatcher", "timestamp": "2026-08-07T12:29:02.311780Z"}
api-1       | INFO:     172.18.0.1:59902 - "GET /api/v1/runs/8c7a7a0d-e25e-4f88-b213-f4111b940d7a HTTP/1.1" 200 OK
api-1       | {"api_key_prefix": "evk_5ec841b483bb", "duration_ms": 231.218, "event": "http_request_completed", "level": "info", "method": "GET", "outcome": "success", "path": "/api/v1/runs/8c7a7a0d-e25e-4f88-b213-f4111b940d7a", "request_id": "3a27385f-5015-4799-9816-1dbd1bf78ea7", "status_code": 200, "tenant_id": "fdd68433-c86c-470c-8b57-cec8ffc3d389", "timestamp": "2026-08-07T12:29:02.371334Z", "trace_id": "5b8b117465d26546e7b68206ad846d6e"}
api-1       | {"claimed": 50, "event": "outbox_dispatch_batch_completed", "lease_lost": 0, "level": "info", "published": 50, "retry_scheduled": 0, "role": "outbox_dispatcher", "timestamp": "2026-08-07T12:29:03.073533Z"}
api-1       | INFO:     172.18.0.1:59902 - "GET /api/v1/runs/8c7a7a0d-e25e-4f88-b213-f4111b940d7a HTTP/1.1" 200 OK
api-1       | {"api_key_prefix": "evk_5ec841b483bb", "duration_ms": 249.969, "event": "http_request_completed", "level": "info", "method": "GET", "outcome": "success", "path": "/api/v1/runs/8c7a7a0d-e25e-4f88-b213-f4111b940d7a", "request_id": "f4f24caf-2627-40ea-9580-35db3a47ce23", "status_code": 200, "tenant_id": "fdd68433-c86c-470c-8b57-cec8ffc3d389", "timestamp": "2026-08-07T12:29:03.135403Z", "trace_id": "788df0e2e3a1f41fa8e94ad7bc30cc82"}
api-1       | {"claimed": 50, "event": "outbox_dispatch_batch_completed", "lease_lost": 0, "level": "info", "published": 50, "retry_scheduled": 0, "role": "outbox_dispatcher", "timestamp": "2026-08-07T12:29:03.927730Z"}
api-1       | INFO:     172.18.0.1:59902 - "GET /api/v1/runs/8c7a7a0d-e25e-4f88-b213-f4111b940d7a HTTP/1.1" 200 OK
api-1       | {"api_key_prefix": "evk_5ec841b483bb", "duration_ms": 278.953, "event": "http_request_completed", "level": "info", "method": "GET", "outcome": "success", "path": "/api/v1/runs/8c7a7a0d-e25e-4f88-b213-f4111b940d7a", "request_id": "d0f4506f-4857-4ce2-a95e-03c879f931a5", "status_code": 200, "tenant_id": "fdd68433-c86c-470c-8b57-cec8ffc3d389", "timestamp": "2026-08-07T12:29:03.935940Z", "trace_id": "f64e7bb01236c6320791dae2e3c724ba"}
api-1       | {"claimed": 50, "event": "outbox_dispatch_batch_completed", "lease_lost": 0, "level": "info", "published": 50, "retry_scheduled": 0, "role": "outbox_dispatcher", "timestamp": "2026-08-07T12:29:04.730049Z"}
api-1       | INFO:     172.18.0.1:59902 - "GET /api/v1/runs/8c7a7a0d-e25e-4f88-b213-f4111b940d7a HTTP/1.1" 200 OK
api-1       | {"api_key_prefix": "evk_5ec841b483bb", "duration_ms": 308.783, "event": "http_request_completed", "level": "info", "method": "GET", "outcome": "success", "path": "/api/v1/runs/8c7a7a0d-e25e-4f88-b213-f4111b940d7a", "request_id": "289ddb68-bd12-4ac9-9bca-2ee39132753b", "status_code": 200, "tenant_id": "fdd68433-c86c-470c-8b57-cec8ffc3d389", "timestamp": "2026-08-07T12:29:04.751168Z", "trace_id": "1ac70581b336bdcbe6e58cc2b9cb1914"}
api-1       | {"event": "Context impl PostgresqlImpl.", "level": "info", "request_id": "2e67373f-c5ad-4cd1-8b69-01f7757ee8d3", "timestamp": "2026-08-07T12:29:05.021519Z", "trace_id": "86da86e896921c83a7c7fa5e4dc06f5a"}
api-1       | {"event": "Will assume transactional DDL.", "level": "info", "request_id": "2e67373f-c5ad-4cd1-8b69-01f7757ee8d3", "timestamp": "2026-08-07T12:29:05.021815Z", "trace_id": "86da86e896921c83a7c7fa5e4dc06f5a"}
api-1       | INFO:     127.0.0.1:35814 - "GET /health/ready HTTP/1.1" 200 OK
api-1       | {"duration_ms": 38.079, "event": "http_request_completed", "level": "info", "method": "GET", "outcome": "success", "path": "/health/ready", "request_id": "2e67373f-c5ad-4cd1-8b69-01f7757ee8d3", "status_code": 200, "timestamp": "2026-08-07T12:29:05.035769Z", "trace_id": "86da86e896921c83a7c7fa5e4dc06f5a"}
api-1       | {"claimed": 50, "event": "outbox_dispatch_batch_completed", "lease_lost": 0, "level": "info", "published": 50, "retry_scheduled": 0, "role": "outbox_dispatcher", "timestamp": "2026-08-07T12:29:05.427723Z"}
api-1       | INFO:     172.18.0.1:59902 - "GET /api/v1/runs/8c7a7a0d-e25e-4f88-b213-f4111b940d7a HTTP/1.1" 200 OK
api-1       | {"api_key_prefix": "evk_5ec841b483bb", "duration_ms": 239.488, "event": "http_request_completed", "level": "info", "method": "GET", "outcome": "success", "path": "/api/v1/runs/8c7a7a0d-e25e-4f88-b213-f4111b940d7a", "request_id": "1d3c9d76-684c-4e62-8b49-768feed64d56", "status_code": 200, "tenant_id": "fdd68433-c86c-470c-8b57-cec8ffc3d389", "timestamp": "2026-08-07T12:29:05.524781Z", "trace_id": "0d15dc7974434720149e77491185f1bd"}
api-1       | INFO:     172.18.0.1:59902 - "GET /api/v1/runs/8c7a7a0d-e25e-4f88-b213-f4111b940d7a/cases?limit=200&sort=case_id HTTP/1.1" 200 OK
api-1       | {"api_key_prefix": "evk_5ec841b483bb", "duration_ms": 73.813, "event": "http_request_completed", "level": "info", "method": "GET", "outcome": "success", "path": "/api/v1/runs/8c7a7a0d-e25e-4f88-b213-f4111b940d7a/cases", "request_id": "d155e72d-3823-4171-a814-63b46b2930eb", "status_code": 200, "tenant_id": "fdd68433-c86c-470c-8b57-cec8ffc3d389", "timestamp": "2026-08-07T12:29:05.600297Z", "trace_id": "a0b106c1c67276f6b0737cf8b92f8d34"}
api-1       | INFO:     172.18.0.1:59902 - "GET /api/v1/runs/8c7a7a0d-e25e-4f88-b213-f4111b940d7a/cases?limit=200&sort=case_id&cursor=eyJkaXJlY3Rpb24iOiJhc2MiLCJlcnJvcl9jb2RlIjpudWxsLCJqb2JfaWQiOiJkM2M5ZGYzYy1mNTM2LTQyM2QtOWQ0NS0yYWI1Y2RhNDQ5MWYiLCJtZXRyaWMiOm51bGwsInNvcnQiOiJjYXNlX2lkIiwic3RhdHVzIjpudWxsLCJ2IjoxLCJ2YWx1ZSI6ImxvYWQtMDE5OSJ9 HTTP/1.1" 200 OK
api-1       | {"api_key_prefix": "evk_5ec841b483bb", "duration_ms": 70.624, "event": "http_request_completed", "level": "info", "method": "GET", "outcome": "success", "path": "/api/v1/runs/8c7a7a0d-e25e-4f88-b213-f4111b940d7a/cases", "request_id": "64ca6357-d191-4dd0-87f4-6cbaa95726ca", "status_code": 200, "tenant_id": "fdd68433-c86c-470c-8b57-cec8ffc3d389", "timestamp": "2026-08-07T12:29:05.673693Z", "trace_id": "ba353ee31b0ba64a19b57ee552e2ec98"}
api-1       | INFO:     172.18.0.1:59902 - "GET /api/v1/runs/8c7a7a0d-e25e-4f88-b213-f4111b940d7a/cases?limit=200&sort=case_id&cursor=eyJkaXJlY3Rpb24iOiJhc2MiLCJlcnJvcl9jb2RlIjpudWxsLCJqb2JfaWQiOiIyMTgyM2M1Yi1lN2JkLTQ5ZTYtOWY5NC0yYmZkYzA4Zjk0MWUiLCJtZXRyaWMiOm51bGwsInNvcnQiOiJjYXNlX2lkIiwic3RhdHVzIjpudWxsLCJ2IjoxLCJ2YWx1ZSI6ImxvYWQtMDM5OSJ9 HTTP/1.1" 200 OK
api-1       | {"api_key_prefix": "evk_5ec841b483bb", "duration_ms": 61.429, "event": "http_request_completed", "level": "info", "method": "GET", "outcome": "success", "path": "/api/v1/runs/8c7a7a0d-e25e-4f88-b213-f4111b940d7a/cases", "request_id": "6cd44be7-6ee3-43fe-b9fd-8e28535cfbba", "status_code": 200, "tenant_id": "fdd68433-c86c-470c-8b57-cec8ffc3d389", "timestamp": "2026-08-07T12:29:05.737635Z", "trace_id": "b90089cf1f0af1f09ac644d08a847c2e"}
api-1       | {"claimed": 50, "event": "outbox_dispatch_batch_completed", "lease_lost": 0, "level": "info", "published": 50, "retry_scheduled": 0, "role": "outbox_dispatcher", "timestamp": "2026-08-07T12:29:06.276258Z"}
api-1       | INFO:     127.0.0.1:35830 - "GET /metrics HTTP/1.1" 200 OK
api-1       | {"duration_ms": 17.667, "event": "http_request_completed", "level": "info", "method": "GET", "outcome": "success", "path": "/metrics", "request_id": "19b6f863-326b-42be-9f22-90d01c7c28c2", "status_code": 200, "timestamp": "2026-08-07T12:29:06.290636Z", "trace_id": "cfec65522ae1f144af7e8348fd7dd794"}
api-1       | {"claimed": 50, "event": "outbox_dispatch_batch_completed", "lease_lost": 0, "level": "info", "published": 50, "retry_scheduled": 0, "role": "outbox_dispatcher", "timestamp": "2026-08-07T12:29:07.087375Z"}
api-1       | {"claimed": 50, "event": "outbox_dispatch_batch_completed", "lease_lost": 0, "level": "info", "published": 50, "retry_scheduled": 0, "role": "outbox_dispatcher", "timestamp": "2026-08-07T12:29:07.815990Z"}
api-1       | {"claimed": 50, "event": "outbox_dispatch_batch_completed", "lease_lost": 0, "level": "info", "published": 50, "retry_scheduled": 0, "role": "outbox_dispatcher", "timestamp": "2026-08-07T12:29:08.580742Z"}
api-1       | {"claimed": 11, "event": "outbox_dispatch_batch_completed", "lease_lost": 0, "level": "info", "published": 11, "retry_scheduled": 0, "role": "outbox_dispatcher", "timestamp": "2026-08-07T12:29:09.177501Z"}
api-1       | INFO:     172.18.0.1:59902 - "POST /api/v1/runs HTTP/1.1" 202 Accepted
api-1       | {"api_key_prefix": "evk_5ec841b483bb", "duration_ms": 145.365, "event": "http_request_completed", "level": "info", "method": "POST", "outcome": "success", "path": "/api/v1/runs", "request_id": "428e87be-f037-4ba2-a7e3-764eab0ee76a", "status_code": 202, "tenant_id": "fdd68433-c86c-470c-8b57-cec8ffc3d389", "timestamp": "2026-08-07T12:29:10.430563Z", "trace_id": "d5aeb890fa620b44d998af8c512a9e32"}
api-1       | {"event": "Context impl PostgresqlImpl.", "level": "info", "request_id": "f64766a1-4bdc-41a7-9037-495ca4cb9fcd", "timestamp": "2026-08-07T12:29:10.432367Z", "trace_id": "72e549d8e8a22f107bb06a6c1110d9a6"}
api-1       | {"event": "Will assume transactional DDL.", "level": "info", "request_id": "f64766a1-4bdc-41a7-9037-495ca4cb9fcd", "timestamp": "2026-08-07T12:29:10.432467Z", "trace_id": "72e549d8e8a22f107bb06a6c1110d9a6"}
api-1       | INFO:     127.0.0.1:42688 - "GET /health/ready HTTP/1.1" 200 OK
api-1       | {"duration_ms": 74.666, "event": "http_request_completed", "level": "info", "method": "GET", "outcome": "success", "path": "/health/ready", "request_id": "f64766a1-4bdc-41a7-9037-495ca4cb9fcd", "status_code": 200, "timestamp": "2026-08-07T12:29:10.440248Z", "trace_id": "72e549d8e8a22f107bb06a6c1110d9a6"}
api-1       | INFO:     172.18.0.1:59902 - "GET /api/v1/runs/3423d9bd-70a0-42c9-8b97-9c478f11ef92 HTTP/1.1" 200 OK
api-1       | {"api_key_prefix": "evk_5ec841b483bb", "duration_ms": 57.226, "event": "http_request_completed", "level": "info", "method": "GET", "outcome": "success", "path": "/api/v1/runs/3423d9bd-70a0-42c9-8b97-9c478f11ef92", "request_id": "14f3cfee-b8b7-46cc-a591-c53b99322ee4", "status_code": 200, "tenant_id": "fdd68433-c86c-470c-8b57-cec8ffc3d389", "timestamp": "2026-08-07T12:29:10.490154Z", "trace_id": "2092568f8c075649cb43c8780563df75"}
api-1       | {"claimed": 5, "event": "outbox_dispatch_batch_completed", "lease_lost": 0, "level": "info", "published": 5, "retry_scheduled": 0, "role": "outbox_dispatcher", "timestamp": "2026-08-07T12:29:10.711678Z"}
api-1       | INFO:     172.18.0.1:59902 - "GET /api/v1/runs/3423d9bd-70a0-42c9-8b97-9c478f11ef92 HTTP/1.1" 200 OK
api-1       | {"api_key_prefix": "evk_5ec841b483bb", "duration_ms": 52.884, "event": "http_request_completed", "level": "info", "method": "GET", "outcome": "success", "path": "/api/v1/runs/3423d9bd-70a0-42c9-8b97-9c478f11ef92", "request_id": "c2854286-1b68-40d0-b2c5-4d5ef9181d22", "status_code": 200, "tenant_id": "fdd68433-c86c-470c-8b57-cec8ffc3d389", "timestamp": "2026-08-07T12:29:11.045588Z", "trace_id": "1d86b8e88be31d64e7f455a75f473567"}
api-1       | {"claimed": 27, "event": "outbox_dispatch_batch_completed", "lease_lost": 0, "level": "info", "published": 27, "retry_scheduled": 0, "role": "outbox_dispatcher", "timestamp": "2026-08-07T12:29:11.377564Z"}
api-1       | INFO:     172.18.0.1:59902 - "GET /api/v1/runs/3423d9bd-70a0-42c9-8b97-9c478f11ef92 HTTP/1.1" 200 OK
api-1       | {"api_key_prefix": "evk_5ec841b483bb", "duration_ms": 55.845, "event": "http_request_completed", "level": "info", "method": "GET", "outcome": "success", "path": "/api/v1/runs/3423d9bd-70a0-42c9-8b97-9c478f11ef92", "request_id": "dfde989d-aa46-434c-92f6-80d3c4864707", "status_code": 200, "tenant_id": "fdd68433-c86c-470c-8b57-cec8ffc3d389", "timestamp": "2026-08-07T12:29:11.603890Z", "trace_id": "a7b7591cc1b79d945ba455f13bec980e"}
api-1       | {"claimed": 30, "event": "outbox_dispatch_batch_completed", "lease_lost": 0, "level": "info", "published": 30, "retry_scheduled": 0, "role": "outbox_dispatcher", "timestamp": "2026-08-07T12:29:12.074532Z"}
api-1       | INFO:     172.18.0.1:59902 - "GET /api/v1/runs/3423d9bd-70a0-42c9-8b97-9c478f11ef92 HTTP/1.1" 200 OK
api-1       | {"api_key_prefix": "evk_5ec841b483bb", "duration_ms": 52.571, "event": "http_request_completed", "level": "info", "method": "GET", "outcome": "success", "path": "/api/v1/runs/3423d9bd-70a0-42c9-8b97-9c478f11ef92", "request_id": "1cc14e4c-92ac-4274-99ca-25a008a93f88", "status_code": 200, "tenant_id": "fdd68433-c86c-470c-8b57-cec8ffc3d389", "timestamp": "2026-08-07T12:29:12.159069Z", "trace_id": "cff24a993cb628fd6267600a2b59a2c5"}
api-1       | {"claimed": 32, "event": "outbox_dispatch_batch_completed", "lease_lost": 0, "level": "info", "published": 32, "retry_scheduled": 0, "role": "outbox_dispatcher", "timestamp": "2026-08-07T12:29:12.777002Z"}
api-1       | INFO:     172.18.0.1:59902 - "GET /api/v1/runs/3423d9bd-70a0-42c9-8b97-9c478f11ef92 HTTP/1.1" 200 OK
api-1       | {"api_key_prefix": "evk_5ec841b483bb", "duration_ms": 110.579, "event": "http_request_completed", "level": "info", "method": "GET", "outcome": "success", "path": "/api/v1/runs/3423d9bd-70a0-42c9-8b97-9c478f11ef92", "request_id": "c78cd072-f780-412b-891b-378d59276f3d", "status_code": 200, "tenant_id": "fdd68433-c86c-470c-8b57-cec8ffc3d389", "timestamp": "2026-08-07T12:29:12.788181Z", "trace_id": "d3f217208e4e2439dd69dee64c4ace3c"}
api-1       | {"claimed": 8, "event": "outbox_dispatch_batch_completed", "lease_lost": 0, "level": "info", "published": 8, "retry_scheduled": 0, "role": "outbox_dispatcher", "timestamp": "2026-08-07T12:29:13.328746Z"}
api-1       | INFO:     172.18.0.1:59902 - "GET /api/v1/runs/3423d9bd-70a0-42c9-8b97-9c478f11ef92 HTTP/1.1" 200 OK
api-1       | {"api_key_prefix": "evk_5ec841b483bb", "duration_ms": 89.031, "event": "http_request_completed", "level": "info", "method": "GET", "outcome": "success", "path": "/api/v1/runs/3423d9bd-70a0-42c9-8b97-9c478f11ef92", "request_id": "297f7e05-bb90-4021-9429-ecf47aba1ec8", "status_code": 200, "tenant_id": "fdd68433-c86c-470c-8b57-cec8ffc3d389", "timestamp": "2026-08-07T12:29:13.384590Z", "trace_id": "9f7f887e0f8b4e2f7873481b71739d04"}
api-1       | INFO:     172.18.0.1:59902 - "GET /api/v1/runs/3423d9bd-70a0-42c9-8b97-9c478f11ef92/cases?limit=200&sort=case_id HTTP/1.1" 200 OK
api-1       | {"api_key_prefix": "evk_5ec841b483bb", "duration_ms": 61.503, "event": "http_request_completed", "level": "info", "method": "GET", "outcome": "success", "path": "/api/v1/runs/3423d9bd-70a0-42c9-8b97-9c478f11ef92/cases", "request_id": "cb7532f3-569a-4432-aaff-28df3830f157", "status_code": 200, "tenant_id": "fdd68433-c86c-470c-8b57-cec8ffc3d389", "timestamp": "2026-08-07T12:29:13.447755Z", "trace_id": "2cb0719d8b0304ff2db58db5fac6c838"}
api-1       | INFO:     127.0.0.1:42696 - "GET /metrics HTTP/1.1" 200 OK
api-1       | {"duration_ms": 18.605, "event": "http_request_completed", "level": "info", "method": "GET", "outcome": "success", "path": "/metrics", "request_id": "1e6599ed-d84e-4e8a-889a-7675012b6c7c", "status_code": 200, "timestamp": "2026-08-07T12:29:13.866875Z", "trace_id": "3f00c60294be0c137f264c6657e5d0b4"}
api-1       | INFO:     172.18.0.1:59902 - "POST /api/v1/runs HTTP/1.1" 202 Accepted
api-1       | {"api_key_prefix": "evk_5ec841b483bb", "duration_ms": 196.49, "event": "http_request_completed", "level": "info", "method": "POST", "outcome": "success", "path": "/api/v1/runs", "request_id": "7b21281d-ba34-46c4-a689-2b94e0505ca6", "status_code": 202, "tenant_id": "fdd68433-c86c-470c-8b57-cec8ffc3d389", "timestamp": "2026-08-07T12:29:14.696536Z", "trace_id": "c371f4151200ac028bc4d3e0b773a47c"}
api-1       | INFO:     172.18.0.1:59902 - "GET /api/v1/runs/32343250-0ab0-438e-b846-f08426d06dd1 HTTP/1.1" 200 OK
api-1       | {"api_key_prefix": "evk_5ec841b483bb", "duration_ms": 52.883, "event": "http_request_completed", "level": "info", "method": "GET", "outcome": "success", "path": "/api/v1/runs/32343250-0ab0-438e-b846-f08426d06dd1", "request_id": "133820b2-3623-4d9d-a768-2552b45335e8", "status_code": 200, "tenant_id": "fdd68433-c86c-470c-8b57-cec8ffc3d389", "timestamp": "2026-08-07T12:29:14.751139Z", "trace_id": "23c24199aecc58d3ad90f7047df76ce7"}
api-1       | {"claimed": 2, "event": "outbox_dispatch_batch_completed", "lease_lost": 0, "level": "info", "published": 2, "retry_scheduled": 0, "role": "outbox_dispatcher", "timestamp": "2026-08-07T12:29:14.854960Z"}
api-1       | INFO:     172.18.0.1:59902 - "GET /api/v1/runs/32343250-0ab0-438e-b846-f08426d06dd1 HTTP/1.1" 200 OK
api-1       | {"api_key_prefix": "evk_5ec841b483bb", "duration_ms": 56.393, "event": "http_request_completed", "level": "info", "method": "GET", "outcome": "success", "path": "/api/v1/runs/32343250-0ab0-438e-b846-f08426d06dd1", "request_id": "c53f1fa8-596f-4bd9-82ab-0b507b6ca07a", "status_code": 200, "tenant_id": "fdd68433-c86c-470c-8b57-cec8ffc3d389", "timestamp": "2026-08-07T12:29:15.310437Z", "trace_id": "19837f4c414871762353a1d308252c26"}
api-1       | {"claimed": 23, "event": "outbox_dispatch_batch_completed", "lease_lost": 0, "level": "info", "published": 23, "retry_scheduled": 0, "role": "outbox_dispatcher", "timestamp": "2026-08-07T12:29:15.638797Z"}
api-1       | INFO:     172.18.0.1:59902 - "GET /api/v1/runs/32343250-0ab0-438e-b846-f08426d06dd1 HTTP/1.1" 200 OK
api-1       | {"api_key_prefix": "evk_5ec841b483bb", "duration_ms": 114.377, "event": "http_request_completed", "level": "info", "method": "GET", "outcome": "success", "path": "/api/v1/runs/32343250-0ab0-438e-b846-f08426d06dd1", "request_id": "eb9b9bc8-008f-4001-9fe3-cdea15b92132", "status_code": 200, "tenant_id": "fdd68433-c86c-470c-8b57-cec8ffc3d389", "timestamp": "2026-08-07T12:29:15.928192Z", "trace_id": "4b70a7378808456077081c9a5be88638"}
api-1       | {"event": "Context impl PostgresqlImpl.", "level": "info", "request_id": "00e9e757-0d22-45bc-8127-291d6b9a7271", "timestamp": "2026-08-07T12:29:15.933680Z", "trace_id": "d40b28adfd557eca4dd261bf6b07b4e1"}
api-1       | {"event": "Will assume transactional DDL.", "level": "info", "request_id": "00e9e757-0d22-45bc-8127-291d6b9a7271", "timestamp": "2026-08-07T12:29:15.933810Z", "trace_id": "d40b28adfd557eca4dd261bf6b07b4e1"}
api-1       | INFO:     127.0.0.1:42722 - "GET /health/ready HTTP/1.1" 200 OK
api-1       | {"duration_ms": 76.964, "event": "http_request_completed", "level": "info", "method": "GET", "outcome": "success", "path": "/health/ready", "request_id": "00e9e757-0d22-45bc-8127-291d6b9a7271", "status_code": 200, "timestamp": "2026-08-07T12:29:15.940930Z", "trace_id": "d40b28adfd557eca4dd261bf6b07b4e1"}
api-1       | {"claimed": 31, "event": "outbox_dispatch_batch_completed", "lease_lost": 0, "level": "info", "published": 31, "retry_scheduled": 0, "role": "outbox_dispatcher", "timestamp": "2026-08-07T12:29:16.299034Z"}
api-1       | INFO:     172.18.0.1:59902 - "GET /api/v1/runs/32343250-0ab0-438e-b846-f08426d06dd1 HTTP/1.1" 200 OK
api-1       | {"api_key_prefix": "evk_5ec841b483bb", "duration_ms": 62.536, "event": "http_request_completed", "level": "info", "method": "GET", "outcome": "success", "path": "/api/v1/runs/32343250-0ab0-438e-b846-f08426d06dd1", "request_id": "d2a92e86-dfac-4e7d-a9ee-715709543ed3", "status_code": 200, "tenant_id": "fdd68433-c86c-470c-8b57-cec8ffc3d389", "timestamp": "2026-08-07T12:29:16.493329Z", "trace_id": "f79b3e1edcdef4ceacd484be991b7e42"}
api-1       | {"claimed": 29, "event": "outbox_dispatch_batch_completed", "lease_lost": 0, "level": "info", "published": 29, "retry_scheduled": 0, "role": "outbox_dispatcher", "timestamp": "2026-08-07T12:29:16.984619Z"}
api-1       | INFO:     172.18.0.1:59902 - "GET /api/v1/runs/32343250-0ab0-438e-b846-f08426d06dd1 HTTP/1.1" 200 OK
api-1       | {"api_key_prefix": "evk_5ec841b483bb", "duration_ms": 57.068, "event": "http_request_completed", "level": "info", "method": "GET", "outcome": "success", "path": "/api/v1/runs/32343250-0ab0-438e-b846-f08426d06dd1", "request_id": "5ef03ece-a260-4f2f-b503-becfb8d87d2e", "status_code": 200, "tenant_id": "fdd68433-c86c-470c-8b57-cec8ffc3d389", "timestamp": "2026-08-07T12:29:17.052958Z", "trace_id": "d9c4eaa08fe9e755e986b102492be319"}
api-1       | {"claimed": 30, "event": "outbox_dispatch_batch_completed", "lease_lost": 0, "level": "info", "published": 30, "retry_scheduled": 0, "role": "outbox_dispatcher", "timestamp": "2026-08-07T12:29:17.679684Z"}
api-1       | INFO:     172.18.0.1:59902 - "GET /api/v1/runs/32343250-0ab0-438e-b846-f08426d06dd1 HTTP/1.1" 200 OK
api-1       | {"api_key_prefix": "evk_5ec841b483bb", "duration_ms": 160.937, "event": "http_request_completed", "level": "info", "method": "GET", "outcome": "success", "path": "/api/v1/runs/32343250-0ab0-438e-b846-f08426d06dd1", "request_id": "ee5799d9-368c-4e18-ada7-8c2af099c33e", "status_code": 200, "tenant_id": "fdd68433-c86c-470c-8b57-cec8ffc3d389", "timestamp": "2026-08-07T12:29:17.736044Z", "trace_id": "0c732bf13f80ecc6efa29ca62e565966"}
api-1       | {"claimed": 29, "event": "outbox_dispatch_batch_completed", "lease_lost": 0, "level": "info", "published": 29, "retry_scheduled": 0, "role": "outbox_dispatcher", "timestamp": "2026-08-07T12:29:18.375898Z"}
api-1       | INFO:     172.18.0.1:59902 - "GET /api/v1/runs/32343250-0ab0-438e-b846-f08426d06dd1 HTTP/1.1" 200 OK
api-1       | {"api_key_prefix": "evk_5ec841b483bb", "duration_ms": 194.649, "event": "http_request_completed", "level": "info", "method": "GET", "outcome": "success", "path": "/api/v1/runs/32343250-0ab0-438e-b846-f08426d06dd1", "request_id": "c35da250-e0ab-4719-9c7c-b627941958e3", "status_code": 200, "tenant_id": "fdd68433-c86c-470c-8b57-cec8ffc3d389", "timestamp": "2026-08-07T12:29:18.437005Z", "trace_id": "934301fce2fd6a9a48a3dcfd4a31772d"}
api-1       | {"claimed": 30, "event": "outbox_dispatch_batch_completed", "lease_lost": 0, "level": "info", "published": 30, "retry_scheduled": 0, "role": "outbox_dispatcher", "timestamp": "2026-08-07T12:29:19.073167Z"}
api-1       | INFO:     172.18.0.1:59902 - "GET /api/v1/runs/32343250-0ab0-438e-b846-f08426d06dd1 HTTP/1.1" 200 OK
api-1       | {"api_key_prefix": "evk_5ec841b483bb", "duration_ms": 123.407, "event": "http_request_completed", "level": "info", "method": "GET", "outcome": "success", "path": "/api/v1/runs/32343250-0ab0-438e-b846-f08426d06dd1", "request_id": "49b8531a-5a9b-4231-9153-ff4ffd28adf6", "status_code": 200, "tenant_id": "fdd68433-c86c-470c-8b57-cec8ffc3d389", "timestamp": "2026-08-07T12:29:19.081727Z", "trace_id": "9d78513f15c9881463d7e50b2583b6ac"}
api-1       | {"claimed": 28, "event": "outbox_dispatch_batch_completed", "lease_lost": 0, "level": "info", "published": 28, "retry_scheduled": 0, "role": "outbox_dispatcher", "timestamp": "2026-08-07T12:29:19.773546Z"}
api-1       | INFO:     172.18.0.1:59902 - "GET /api/v1/runs/32343250-0ab0-438e-b846-f08426d06dd1 HTTP/1.1" 200 OK
api-1       | {"api_key_prefix": "evk_5ec841b483bb", "duration_ms": 212.966, "event": "http_request_completed", "level": "info", "method": "GET", "outcome": "success", "path": "/api/v1/runs/32343250-0ab0-438e-b846-f08426d06dd1", "request_id": "24b8094b-bdbd-4dc0-b374-562cfe5d1529", "status_code": 200, "tenant_id": "fdd68433-c86c-470c-8b57-cec8ffc3d389", "timestamp": "2026-08-07T12:29:19.797565Z", "trace_id": "4d9268702af543c5abc62dac5c6b2fc3"}
api-1       | {"claimed": 30, "event": "outbox_dispatch_batch_completed", "lease_lost": 0, "level": "info", "published": 30, "retry_scheduled": 0, "role": "outbox_dispatcher", "timestamp": "2026-08-07T12:29:20.474414Z"}
api-1       | INFO:     172.18.0.1:59902 - "GET /api/v1/runs/32343250-0ab0-438e-b846-f08426d06dd1 HTTP/1.1" 200 OK
api-1       | {"api_key_prefix": "evk_5ec841b483bb", "duration_ms": 211.208, "event": "http_request_completed", "level": "info", "method": "GET", "outcome": "success", "path": "/api/v1/runs/32343250-0ab0-438e-b846-f08426d06dd1", "request_id": "b0b49689-1aef-42f3-b82a-c34c457a2fb7", "status_code": 200, "tenant_id": "fdd68433-c86c-470c-8b57-cec8ffc3d389", "timestamp": "2026-08-07T12:29:20.532903Z", "trace_id": "15c61bb7623089834210faf901f31911"}
api-1       | {"claimed": 28, "event": "outbox_dispatch_batch_completed", "lease_lost": 0, "level": "info", "published": 28, "retry_scheduled": 0, "role": "outbox_dispatcher", "timestamp": "2026-08-07T12:29:21.232747Z"}
api-1       | INFO:     172.18.0.1:59902 - "GET /api/v1/runs/32343250-0ab0-438e-b846-f08426d06dd1 HTTP/1.1" 200 OK
api-1       | {"api_key_prefix": "evk_5ec841b483bb", "duration_ms": 293.945, "event": "http_request_completed", "level": "info", "method": "GET", "outcome": "success", "path": "/api/v1/runs/32343250-0ab0-438e-b846-f08426d06dd1", "request_id": "fb8218f8-5b76-4b2c-8610-01fbba0c3212", "status_code": 200, "tenant_id": "fdd68433-c86c-470c-8b57-cec8ffc3d389", "timestamp": "2026-08-07T12:29:21.334458Z", "trace_id": "f7bf0ac984a3bfb52284eae5bcabc2b1"}
api-1       | {"event": "Context impl PostgresqlImpl.", "level": "info", "request_id": "1d7e12ed-3d55-489e-ad40-b4b9f1aa92a2", "timestamp": "2026-08-07T12:29:21.461981Z", "trace_id": "75738f020ad682d41037e8802f868822"}
api-1       | {"event": "Will assume transactional DDL.", "level": "info", "request_id": "1d7e12ed-3d55-489e-ad40-b4b9f1aa92a2", "timestamp": "2026-08-07T12:29:21.462093Z", "trace_id": "75738f020ad682d41037e8802f868822"}
api-1       | INFO:     127.0.0.1:32902 - "GET /health/ready HTTP/1.1" 200 OK
api-1       | {"duration_ms": 26.148, "event": "http_request_completed", "level": "info", "method": "GET", "outcome": "success", "path": "/health/ready", "request_id": "1d7e12ed-3d55-489e-ad40-b4b9f1aa92a2", "status_code": 200, "timestamp": "2026-08-07T12:29:21.469092Z", "trace_id": "75738f020ad682d41037e8802f868822"}
api-1       | {"claimed": 34, "event": "outbox_dispatch_batch_completed", "lease_lost": 0, "level": "info", "published": 34, "retry_scheduled": 0, "role": "outbox_dispatcher", "timestamp": "2026-08-07T12:29:21.910348Z"}
api-1       | INFO:     172.18.0.1:59902 - "GET /api/v1/runs/32343250-0ab0-438e-b846-f08426d06dd1 HTTP/1.1" 200 OK
api-1       | {"api_key_prefix": "evk_5ec841b483bb", "duration_ms": 132.894, "event": "http_request_completed", "level": "info", "method": "GET", "outcome": "success", "path": "/api/v1/runs/32343250-0ab0-438e-b846-f08426d06dd1", "request_id": "a2b60153-274f-4cb0-ad08-78d3e88f0b7d", "status_code": 200, "tenant_id": "fdd68433-c86c-470c-8b57-cec8ffc3d389", "timestamp": "2026-08-07T12:29:21.978185Z", "trace_id": "9023386e7137bb582fff80a45fa3d9a0"}
api-1       | {"claimed": 30, "event": "outbox_dispatch_batch_completed", "lease_lost": 0, "level": "info", "published": 30, "retry_scheduled": 0, "role": "outbox_dispatcher", "timestamp": "2026-08-07T12:29:22.591358Z"}
api-1       | INFO:     172.18.0.1:59902 - "GET /api/v1/runs/32343250-0ab0-438e-b846-f08426d06dd1 HTTP/1.1" 200 OK
api-1       | {"api_key_prefix": "evk_5ec841b483bb", "duration_ms": 138.261, "event": "http_request_completed", "level": "info", "method": "GET", "outcome": "success", "path": "/api/v1/runs/32343250-0ab0-438e-b846-f08426d06dd1", "request_id": "7f6bf61f-5236-4472-8792-861faee6c8c4", "status_code": 200, "tenant_id": "fdd68433-c86c-470c-8b57-cec8ffc3d389", "timestamp": "2026-08-07T12:29:22.640545Z", "trace_id": "72777ee7997ade1603500ae58397eb6e"}
api-1       | {"claimed": 28, "event": "outbox_dispatch_batch_completed", "lease_lost": 0, "level": "info", "published": 28, "retry_scheduled": 0, "role": "outbox_dispatcher", "timestamp": "2026-08-07T12:29:23.282771Z"}
api-1       | INFO:     172.18.0.1:59902 - "GET /api/v1/runs/32343250-0ab0-438e-b846-f08426d06dd1 HTTP/1.1" 200 OK
api-1       | {"api_key_prefix": "evk_5ec841b483bb", "duration_ms": 185.348, "event": "http_request_completed", "level": "info", "method": "GET", "outcome": "success", "path": "/api/v1/runs/32343250-0ab0-438e-b846-f08426d06dd1", "request_id": "298fa155-7b9a-47d6-babb-2b06694bafa2", "status_code": 200, "tenant_id": "fdd68433-c86c-470c-8b57-cec8ffc3d389", "timestamp": "2026-08-07T12:29:23.331086Z", "trace_id": "c6cefb8aa7c6ab4312317e8e519d56cb"}
api-1       | {"claimed": 30, "event": "outbox_dispatch_batch_completed", "lease_lost": 0, "level": "info", "published": 30, "retry_scheduled": 0, "role": "outbox_dispatcher", "timestamp": "2026-08-07T12:29:23.978190Z"}
api-1       | INFO:     172.18.0.1:59902 - "GET /api/v1/runs/32343250-0ab0-438e-b846-f08426d06dd1 HTTP/1.1" 200 OK
api-1       | {"api_key_prefix": "evk_5ec841b483bb", "duration_ms": 209.163, "event": "http_request_completed", "level": "info", "method": "GET", "outcome": "success", "path": "/api/v1/runs/32343250-0ab0-438e-b846-f08426d06dd1", "request_id": "12397ada-8997-4cad-9155-df4134c81e5d", "status_code": 200, "tenant_id": "fdd68433-c86c-470c-8b57-cec8ffc3d389", "timestamp": "2026-08-07T12:29:24.046299Z", "trace_id": "53b5f9dfa09884d6035504fd51bf8be6"}
api-1       | {"claimed": 28, "event": "outbox_dispatch_batch_completed", "lease_lost": 0, "level": "info", "published": 28, "retry_scheduled": 0, "role": "outbox_dispatcher", "timestamp": "2026-08-07T12:29:24.711414Z"}
api-1       | INFO:     172.18.0.1:59902 - "GET /api/v1/runs/32343250-0ab0-438e-b846-f08426d06dd1 HTTP/1.1" 200 OK
api-1       | {"api_key_prefix": "evk_5ec841b483bb", "duration_ms": 173.665, "event": "http_request_completed", "level": "info", "method": "GET", "outcome": "success", "path": "/api/v1/runs/32343250-0ab0-438e-b846-f08426d06dd1", "request_id": "278c229d-f208-4d54-bac7-f0cc031286c2", "status_code": 200, "tenant_id": "fdd68433-c86c-470c-8b57-cec8ffc3d389", "timestamp": "2026-08-07T12:29:24.783474Z", "trace_id": "186004898a528f8fa00585b9deb2f5c0"}
api-1       | {"claimed": 30, "event": "outbox_dispatch_batch_completed", "lease_lost": 0, "level": "info", "published": 30, "retry_scheduled": 0, "role": "outbox_dispatcher", "timestamp": "2026-08-07T12:29:25.384613Z"}
api-1       | INFO:     172.18.0.1:59902 - "GET /api/v1/runs/32343250-0ab0-438e-b846-f08426d06dd1 HTTP/1.1" 200 OK
api-1       | {"api_key_prefix": "evk_5ec841b483bb", "duration_ms": 95.834, "event": "http_request_completed", "level": "info", "method": "GET", "outcome": "success", "path": "/api/v1/runs/32343250-0ab0-438e-b846-f08426d06dd1", "request_id": "15135dc9-6acd-454f-8140-64423d79b7fc", "status_code": 200, "tenant_id": "fdd68433-c86c-470c-8b57-cec8ffc3d389", "timestamp": "2026-08-07T12:29:25.402300Z", "trace_id": "927e0127b07bc71188f5772e2d7dcc15"}
api-1       | {"claimed": 26, "event": "outbox_dispatch_batch_completed", "lease_lost": 0, "level": "info", "published": 26, "retry_scheduled": 0, "role": "outbox_dispatcher", "timestamp": "2026-08-07T12:29:26.071763Z"}
api-1       | INFO:     172.18.0.1:59902 - "GET /api/v1/runs/32343250-0ab0-438e-b846-f08426d06dd1 HTTP/1.1" 200 OK
api-1       | {"api_key_prefix": "evk_5ec841b483bb", "duration_ms": 152.049, "event": "http_request_completed", "level": "info", "method": "GET", "outcome": "success", "path": "/api/v1/runs/32343250-0ab0-438e-b846-f08426d06dd1", "request_id": "971a3ccf-aa78-4984-b291-be3fedf31f0f", "status_code": 200, "tenant_id": "fdd68433-c86c-470c-8b57-cec8ffc3d389", "timestamp": "2026-08-07T12:29:26.079648Z", "trace_id": "5ef09866d847a63f003b70f31f53d140"}
api-1       | {"claimed": 29, "event": "outbox_dispatch_batch_completed", "lease_lost": 0, "level": "info", "published": 29, "retry_scheduled": 0, "role": "outbox_dispatcher", "timestamp": "2026-08-07T12:29:26.959404Z"}
api-1       | INFO:     172.18.0.1:59902 - "GET /api/v1/runs/32343250-0ab0-438e-b846-f08426d06dd1 HTTP/1.1" 200 OK
api-1       | {"api_key_prefix": "evk_5ec841b483bb", "duration_ms": 386.825, "event": "http_request_completed", "level": "info", "method": "GET", "outcome": "success", "path": "/api/v1/runs/32343250-0ab0-438e-b846-f08426d06dd1", "request_id": "ff401a42-e6c2-46df-83a0-9eea14e44692", "status_code": 200, "tenant_id": "fdd68433-c86c-470c-8b57-cec8ffc3d389", "timestamp": "2026-08-07T12:29:26.969321Z", "trace_id": "279e182ef21593c2e0bc10cac4b3a2c5"}
api-1       | {"event": "Context impl PostgresqlImpl.", "level": "info", "request_id": "82688791-2577-44da-9f07-1d51951ca496", "timestamp": "2026-08-07T12:29:27.061221Z", "trace_id": "9589f15480409c8dfd79bff4248ccfb8"}
api-1       | {"event": "Will assume transactional DDL.", "level": "info", "request_id": "82688791-2577-44da-9f07-1d51951ca496", "timestamp": "2026-08-07T12:29:27.061382Z", "trace_id": "9589f15480409c8dfd79bff4248ccfb8"}
api-1       | INFO:     127.0.0.1:32936 - "GET /health/ready HTTP/1.1" 200 OK
api-1       | {"duration_ms": 25.608, "event": "http_request_completed", "level": "info", "method": "GET", "outcome": "success", "path": "/health/ready", "request_id": "82688791-2577-44da-9f07-1d51951ca496", "status_code": 200, "timestamp": "2026-08-07T12:29:27.069185Z", "trace_id": "9589f15480409c8dfd79bff4248ccfb8"}
api-1       | {"claimed": 39, "event": "outbox_dispatch_batch_completed", "lease_lost": 0, "level": "info", "published": 39, "retry_scheduled": 0, "role": "outbox_dispatcher", "timestamp": "2026-08-07T12:29:27.684186Z"}
api-1       | INFO:     172.18.0.1:59902 - "GET /api/v1/runs/32343250-0ab0-438e-b846-f08426d06dd1 HTTP/1.1" 200 OK
api-1       | {"api_key_prefix": "evk_5ec841b483bb", "duration_ms": 225.657, "event": "http_request_completed", "level": "info", "method": "GET", "outcome": "success", "path": "/api/v1/runs/32343250-0ab0-438e-b846-f08426d06dd1", "request_id": "87b9ba9d-1a63-45f9-9819-799509469f25", "status_code": 200, "tenant_id": "fdd68433-c86c-470c-8b57-cec8ffc3d389", "timestamp": "2026-08-07T12:29:27.697997Z", "trace_id": "a0f92ea50d6d3e21bf642f2add397629"}
api-1       | {"claimed": 33, "event": "outbox_dispatch_batch_completed", "lease_lost": 0, "level": "info", "published": 33, "retry_scheduled": 0, "role": "outbox_dispatcher", "timestamp": "2026-08-07T12:29:28.385807Z"}
api-1       | INFO:     172.18.0.1:59902 - "GET /api/v1/runs/32343250-0ab0-438e-b846-f08426d06dd1 HTTP/1.1" 200 OK
api-1       | {"api_key_prefix": "evk_5ec841b483bb", "duration_ms": 195.203, "event": "http_request_completed", "level": "info", "method": "GET", "outcome": "success", "path": "/api/v1/runs/32343250-0ab0-438e-b846-f08426d06dd1", "request_id": "44f23ee7-b98a-4db6-beef-393d7c1bef64", "status_code": 200, "tenant_id": "fdd68433-c86c-470c-8b57-cec8ffc3d389", "timestamp": "2026-08-07T12:29:28.396201Z", "trace_id": "53b03447b9ceb2f06088aa283e270f37"}
api-1       | {"claimed": 33, "event": "outbox_dispatch_batch_completed", "lease_lost": 0, "level": "info", "published": 33, "retry_scheduled": 0, "role": "outbox_dispatcher", "timestamp": "2026-08-07T12:29:29.084669Z"}
api-1       | INFO:     172.18.0.1:59902 - "GET /api/v1/runs/32343250-0ab0-438e-b846-f08426d06dd1 HTTP/1.1" 200 OK
api-1       | {"api_key_prefix": "evk_5ec841b483bb", "duration_ms": 195.345, "event": "http_request_completed", "level": "info", "method": "GET", "outcome": "success", "path": "/api/v1/runs/32343250-0ab0-438e-b846-f08426d06dd1", "request_id": "124369c5-6ffa-4aa5-a02f-81ae6a13b371", "status_code": 200, "tenant_id": "fdd68433-c86c-470c-8b57-cec8ffc3d389", "timestamp": "2026-08-07T12:29:29.094182Z", "trace_id": "9ad2be7e9d30e5288d42f996da97a735"}
api-1       | {"claimed": 30, "event": "outbox_dispatch_batch_completed", "lease_lost": 0, "level": "info", "published": 30, "retry_scheduled": 0, "role": "outbox_dispatcher", "timestamp": "2026-08-07T12:29:29.787117Z"}
api-1       | INFO:     172.18.0.1:59902 - "GET /api/v1/runs/32343250-0ab0-438e-b846-f08426d06dd1 HTTP/1.1" 200 OK
api-1       | {"api_key_prefix": "evk_5ec841b483bb", "duration_ms": 196.166, "event": "http_request_completed", "level": "info", "method": "GET", "outcome": "success", "path": "/api/v1/runs/32343250-0ab0-438e-b846-f08426d06dd1", "request_id": "c3db2173-4d9c-4966-9658-69a7475e098e", "status_code": 200, "tenant_id": "fdd68433-c86c-470c-8b57-cec8ffc3d389", "timestamp": "2026-08-07T12:29:29.794575Z", "trace_id": "931895830415a3dc2730c9c2327aa50a"}
api-1       | {"claimed": 34, "event": "outbox_dispatch_batch_completed", "lease_lost": 0, "level": "info", "published": 34, "retry_scheduled": 0, "role": "outbox_dispatcher", "timestamp": "2026-08-07T12:29:30.487507Z"}
api-1       | INFO:     172.18.0.1:59902 - "GET /api/v1/runs/32343250-0ab0-438e-b846-f08426d06dd1 HTTP/1.1" 200 OK
api-1       | {"api_key_prefix": "evk_5ec841b483bb", "duration_ms": 202.254, "event": "http_request_completed", "level": "info", "method": "GET", "outcome": "success", "path": "/api/v1/runs/32343250-0ab0-438e-b846-f08426d06dd1", "request_id": "c2673758-19af-4bde-8c31-5757057f6d09", "status_code": 200, "tenant_id": "fdd68433-c86c-470c-8b57-cec8ffc3d389", "timestamp": "2026-08-07T12:29:30.500388Z", "trace_id": "8baf590576ba682954b5da8651052d7f"}
api-1       | {"claimed": 32, "event": "outbox_dispatch_batch_completed", "lease_lost": 0, "level": "info", "published": 32, "retry_scheduled": 0, "role": "outbox_dispatcher", "timestamp": "2026-08-07T12:29:31.188858Z"}
api-1       | INFO:     172.18.0.1:59902 - "GET /api/v1/runs/32343250-0ab0-438e-b846-f08426d06dd1 HTTP/1.1" 200 OK
api-1       | {"api_key_prefix": "evk_5ec841b483bb", "duration_ms": 191.08, "event": "http_request_completed", "level": "info", "method": "GET", "outcome": "success", "path": "/api/v1/runs/32343250-0ab0-438e-b846-f08426d06dd1", "request_id": "ee9d9221-16b8-43fc-8e21-1da58408d3c8", "status_code": 200, "tenant_id": "fdd68433-c86c-470c-8b57-cec8ffc3d389", "timestamp": "2026-08-07T12:29:31.194683Z", "trace_id": "3413ff4d23418bf0ee5e329d6ccd7425"}
api-1       | {"claimed": 32, "event": "outbox_dispatch_batch_completed", "lease_lost": 0, "level": "info", "published": 32, "retry_scheduled": 0, "role": "outbox_dispatcher", "timestamp": "2026-08-07T12:29:31.881957Z"}
api-1       | INFO:     172.18.0.1:59902 - "GET /api/v1/runs/32343250-0ab0-438e-b846-f08426d06dd1 HTTP/1.1" 200 OK
api-1       | {"api_key_prefix": "evk_5ec841b483bb", "duration_ms": 192.37, "event": "http_request_completed", "level": "info", "method": "GET", "outcome": "success", "path": "/api/v1/runs/32343250-0ab0-438e-b846-f08426d06dd1", "request_id": "6ed901cb-8ef2-440b-bdfb-3f06f06abd34", "status_code": 200, "tenant_id": "fdd68433-c86c-470c-8b57-cec8ffc3d389", "timestamp": "2026-08-07T12:29:31.890146Z", "trace_id": "d0eb3bcc778801737be3c39bce4e2ad1"}
api-1       | {"event": "Context impl PostgresqlImpl.", "level": "info", "request_id": "50446119-f0ea-4f98-b95e-dfe2a8e9bf6f", "timestamp": "2026-08-07T12:29:32.458662Z", "trace_id": "b3acebd476a107b26dac7f9c6473eabc"}
api-1       | {"event": "Will assume transactional DDL.", "level": "info", "request_id": "50446119-f0ea-4f98-b95e-dfe2a8e9bf6f", "timestamp": "2026-08-07T12:29:32.458809Z", "trace_id": "b3acebd476a107b26dac7f9c6473eabc"}
api-1       | INFO:     127.0.0.1:45886 - "GET /health/ready HTTP/1.1" 200 OK
api-1       | {"duration_ms": 197.071, "event": "http_request_completed", "level": "info", "method": "GET", "outcome": "success", "path": "/health/ready", "request_id": "50446119-f0ea-4f98-b95e-dfe2a8e9bf6f", "status_code": 200, "timestamp": "2026-08-07T12:29:32.575465Z", "trace_id": "b3acebd476a107b26dac7f9c6473eabc"}
api-1       | {"claimed": 31, "event": "outbox_dispatch_batch_completed", "lease_lost": 0, "level": "info", "published": 31, "retry_scheduled": 0, "role": "outbox_dispatcher", "timestamp": "2026-08-07T12:29:32.627243Z"}
api-1       | INFO:     172.18.0.1:59902 - "GET /api/v1/runs/32343250-0ab0-438e-b846-f08426d06dd1 HTTP/1.1" 200 OK
api-1       | {"api_key_prefix": "evk_5ec841b483bb", "duration_ms": 284.466, "event": "http_request_completed", "level": "info", "method": "GET", "outcome": "success", "path": "/api/v1/runs/32343250-0ab0-438e-b846-f08426d06dd1", "request_id": "abd0af2c-b5cc-49aa-bad2-613c86087c58", "status_code": 200, "tenant_id": "fdd68433-c86c-470c-8b57-cec8ffc3d389", "timestamp": "2026-08-07T12:29:32.677668Z", "trace_id": "42df0a9d8a7f24ec3267745e6512f5b3"}
api-1       | {"claimed": 32, "event": "outbox_dispatch_batch_completed", "lease_lost": 0, "level": "info", "published": 32, "retry_scheduled": 0, "role": "outbox_dispatcher", "timestamp": "2026-08-07T12:29:33.306246Z"}
api-1       | INFO:     172.18.0.1:59902 - "GET /api/v1/runs/32343250-0ab0-438e-b846-f08426d06dd1 HTTP/1.1" 200 OK
api-1       | {"api_key_prefix": "evk_5ec841b483bb", "duration_ms": 134.171, "event": "http_request_completed", "level": "info", "method": "GET", "outcome": "success", "path": "/api/v1/runs/32343250-0ab0-438e-b846-f08426d06dd1", "request_id": "d8af4a0d-2328-4723-a651-ed2f1972236d", "status_code": 200, "tenant_id": "fdd68433-c86c-470c-8b57-cec8ffc3d389", "timestamp": "2026-08-07T12:29:33.318112Z", "trace_id": "531f986812cda845db0df133564ec594"}
api-1       | {"claimed": 31, "event": "outbox_dispatch_batch_completed", "lease_lost": 0, "level": "info", "published": 31, "retry_scheduled": 0, "role": "outbox_dispatcher", "timestamp": "2026-08-07T12:29:33.997065Z"}
api-1       | INFO:     172.18.0.1:59902 - "GET /api/v1/runs/32343250-0ab0-438e-b846-f08426d06dd1 HTTP/1.1" 200 OK
api-1       | {"api_key_prefix": "evk_5ec841b483bb", "duration_ms": 182.815, "event": "http_request_completed", "level": "info", "method": "GET", "outcome": "success", "path": "/api/v1/runs/32343250-0ab0-438e-b846-f08426d06dd1", "request_id": "5a5317c3-7556-4489-a8d3-50364ff9b1ac", "status_code": 200, "tenant_id": "fdd68433-c86c-470c-8b57-cec8ffc3d389", "timestamp": "2026-08-07T12:29:34.003961Z", "trace_id": "912cb360c5ad1c2c86dc63b19989f632"}
api-1       | {"claimed": 33, "event": "outbox_dispatch_batch_completed", "lease_lost": 0, "level": "info", "published": 33, "retry_scheduled": 0, "role": "outbox_dispatcher", "timestamp": "2026-08-07T12:29:34.802467Z"}
api-1       | INFO:     172.18.0.1:59902 - "GET /api/v1/runs/32343250-0ab0-438e-b846-f08426d06dd1 HTTP/1.1" 200 OK
api-1       | {"api_key_prefix": "evk_5ec841b483bb", "duration_ms": 305.213, "event": "http_request_completed", "level": "info", "method": "GET", "outcome": "success", "path": "/api/v1/runs/32343250-0ab0-438e-b846-f08426d06dd1", "request_id": "9ac7c20c-fc72-4885-af73-4270b52ad6dd", "status_code": 200, "tenant_id": "fdd68433-c86c-470c-8b57-cec8ffc3d389", "timestamp": "2026-08-07T12:29:34.812370Z", "trace_id": "981d09e6790857f8ddcb8740e35feafb"}
api-1       | {"claimed": 37, "event": "outbox_dispatch_batch_completed", "lease_lost": 0, "level": "info", "published": 37, "retry_scheduled": 0, "role": "outbox_dispatcher", "timestamp": "2026-08-07T12:29:35.512000Z"}
api-1       | INFO:     172.18.0.1:59902 - "GET /api/v1/runs/32343250-0ab0-438e-b846-f08426d06dd1 HTTP/1.1" 200 OK
api-1       | {"api_key_prefix": "evk_5ec841b483bb", "duration_ms": 208.376, "event": "http_request_completed", "level": "info", "method": "GET", "outcome": "success", "path": "/api/v1/runs/32343250-0ab0-438e-b846-f08426d06dd1", "request_id": "63309095-f70b-4fa9-98df-6b114e7f84cc", "status_code": 200, "tenant_id": "fdd68433-c86c-470c-8b57-cec8ffc3d389", "timestamp": "2026-08-07T12:29:35.523798Z", "trace_id": "00413a5a74ac4a7ff1013976860f0169"}
api-1       | {"claimed": 30, "event": "outbox_dispatch_batch_completed", "lease_lost": 0, "level": "info", "published": 30, "retry_scheduled": 0, "role": "outbox_dispatcher", "timestamp": "2026-08-07T12:29:36.197283Z"}
api-1       | INFO:     172.18.0.1:59902 - "GET /api/v1/runs/32343250-0ab0-438e-b846-f08426d06dd1 HTTP/1.1" 200 OK
api-1       | {"api_key_prefix": "evk_5ec841b483bb", "duration_ms": 185.879, "event": "http_request_completed", "level": "info", "method": "GET", "outcome": "success", "path": "/api/v1/runs/32343250-0ab0-438e-b846-f08426d06dd1", "request_id": "2adcbd3a-892e-4d84-a176-62389a374766", "status_code": 200, "tenant_id": "fdd68433-c86c-470c-8b57-cec8ffc3d389", "timestamp": "2026-08-07T12:29:36.214061Z", "trace_id": "08f183e25438d9587029ac3d4fa9e316"}
api-1       | {"claimed": 28, "event": "outbox_dispatch_batch_completed", "lease_lost": 0, "level": "info", "published": 28, "retry_scheduled": 0, "role": "outbox_dispatcher", "timestamp": "2026-08-07T12:29:36.880306Z"}
api-1       | INFO:     172.18.0.1:59902 - "GET /api/v1/runs/32343250-0ab0-438e-b846-f08426d06dd1 HTTP/1.1" 200 OK
api-1       | {"api_key_prefix": "evk_5ec841b483bb", "duration_ms": 201.561, "event": "http_request_completed", "level": "info", "method": "GET", "outcome": "success", "path": "/api/v1/runs/32343250-0ab0-438e-b846-f08426d06dd1", "request_id": "604566bf-3a63-409a-9701-585310200ebd", "status_code": 200, "tenant_id": "fdd68433-c86c-470c-8b57-cec8ffc3d389", "timestamp": "2026-08-07T12:29:36.936389Z", "trace_id": "f59ba3da1b2281e731b3ab86e03e44ba"}
api-1       | {"claimed": 30, "event": "outbox_dispatch_batch_completed", "lease_lost": 0, "level": "info", "published": 30, "retry_scheduled": 0, "role": "outbox_dispatcher", "timestamp": "2026-08-07T12:29:37.573622Z"}
api-1       | INFO:     172.18.0.1:59902 - "GET /api/v1/runs/32343250-0ab0-438e-b846-f08426d06dd1 HTTP/1.1" 200 OK
api-1       | {"api_key_prefix": "evk_5ec841b483bb", "duration_ms": 116.207, "event": "http_request_completed", "level": "info", "method": "GET", "outcome": "success", "path": "/api/v1/runs/32343250-0ab0-438e-b846-f08426d06dd1", "request_id": "998ba98d-8a84-4641-9434-ffc50b219293", "status_code": 200, "tenant_id": "fdd68433-c86c-470c-8b57-cec8ffc3d389", "timestamp": "2026-08-07T12:29:37.589578Z", "trace_id": "aa08df2f57199d3d3b38e37906438043"}
api-1       | {"event": "Context impl PostgresqlImpl.", "level": "info", "request_id": "144f9c62-2286-45b9-9ed6-71632402b33a", "timestamp": "2026-08-07T12:29:37.909970Z", "trace_id": "38f6446d2f4884ced61e1e7d6a5aa626"}
api-1       | {"event": "Will assume transactional DDL.", "level": "info", "request_id": "144f9c62-2286-45b9-9ed6-71632402b33a", "timestamp": "2026-08-07T12:29:37.910094Z", "trace_id": "38f6446d2f4884ced61e1e7d6a5aa626"}
api-1       | INFO:     127.0.0.1:45922 - "GET /health/ready HTTP/1.1" 200 OK
api-1       | {"duration_ms": 21.782, "event": "http_request_completed", "level": "info", "method": "GET", "outcome": "success", "path": "/health/ready", "request_id": "144f9c62-2286-45b9-9ed6-71632402b33a", "status_code": 200, "timestamp": "2026-08-07T12:29:37.916728Z", "trace_id": "38f6446d2f4884ced61e1e7d6a5aa626"}
api-1       | {"claimed": 22, "event": "outbox_dispatch_batch_completed", "lease_lost": 0, "level": "info", "published": 22, "retry_scheduled": 0, "role": "outbox_dispatcher", "timestamp": "2026-08-07T12:29:38.201521Z"}
api-1       | INFO:     172.18.0.1:59902 - "GET /api/v1/runs/32343250-0ab0-438e-b846-f08426d06dd1 HTTP/1.1" 200 OK
api-1       | {"api_key_prefix": "evk_5ec841b483bb", "duration_ms": 166.866, "event": "http_request_completed", "level": "info", "method": "GET", "outcome": "success", "path": "/api/v1/runs/32343250-0ab0-438e-b846-f08426d06dd1", "request_id": "0af8666d-36b1-474a-8f23-fd778a272c37", "status_code": 200, "tenant_id": "fdd68433-c86c-470c-8b57-cec8ffc3d389", "timestamp": "2026-08-07T12:29:38.272270Z", "trace_id": "646d6c32c2f25337ce6f35d5befe07dc"}
api-1       | INFO:     172.18.0.1:59902 - "GET /api/v1/runs/32343250-0ab0-438e-b846-f08426d06dd1/cases?limit=200&sort=case_id HTTP/1.1" 200 OK
api-1       | {"api_key_prefix": "evk_5ec841b483bb", "duration_ms": 72.744, "event": "http_request_completed", "level": "info", "method": "GET", "outcome": "success", "path": "/api/v1/runs/32343250-0ab0-438e-b846-f08426d06dd1/cases", "request_id": "3ac82fe2-9829-4049-9e16-cca4f0a04fb3", "status_code": 200, "tenant_id": "fdd68433-c86c-470c-8b57-cec8ffc3d389", "timestamp": "2026-08-07T12:29:38.346683Z", "trace_id": "70bf9ea5cf5fb06a5d79518a51ba31f7"}
api-1       | INFO:     172.18.0.1:59902 - "GET /api/v1/runs/32343250-0ab0-438e-b846-f08426d06dd1/cases?limit=200&sort=case_id&cursor=eyJkaXJlY3Rpb24iOiJhc2MiLCJlcnJvcl9jb2RlIjpudWxsLCJqb2JfaWQiOiJjYmZlZGE2MC1hM2JiLTQ0OTUtYWNkMi05OGI4OTlmY2ZlM2UiLCJtZXRyaWMiOm51bGwsInNvcnQiOiJjYXNlX2lkIiwic3RhdHVzIjpudWxsLCJ2IjoxLCJ2YWx1ZSI6ImxvYWQtMDE5OSJ9 HTTP/1.1" 200 OK
api-1       | {"api_key_prefix": "evk_5ec841b483bb", "duration_ms": 71.741, "event": "http_request_completed", "level": "info", "method": "GET", "outcome": "success", "path": "/api/v1/runs/32343250-0ab0-438e-b846-f08426d06dd1/cases", "request_id": "a523ee1c-a205-4cf0-9e48-6e27c6d4c25f", "status_code": 200, "tenant_id": "fdd68433-c86c-470c-8b57-cec8ffc3d389", "timestamp": "2026-08-07T12:29:38.421278Z", "trace_id": "e489c06ffa9d7d15d4a376c9af3fb806"}
api-1       | INFO:     172.18.0.1:59902 - "GET /api/v1/runs/32343250-0ab0-438e-b846-f08426d06dd1/cases?limit=200&sort=case_id&cursor=eyJkaXJlY3Rpb24iOiJhc2MiLCJlcnJvcl9jb2RlIjpudWxsLCJqb2JfaWQiOiJmNWRhNjMwZi1iZjZkLTRiYTAtYjA4Ny1iOWEyN2I1MmQ1OGMiLCJtZXRyaWMiOm51bGwsInNvcnQiOiJjYXNlX2lkIiwic3RhdHVzIjpudWxsLCJ2IjoxLCJ2YWx1ZSI6ImxvYWQtMDM5OSJ9 HTTP/1.1" 200 OK
api-1       | {"api_key_prefix": "evk_5ec841b483bb", "duration_ms": 63.311, "event": "http_request_completed", "level": "info", "method": "GET", "outcome": "success", "path": "/api/v1/runs/32343250-0ab0-438e-b846-f08426d06dd1/cases", "request_id": "25e2b28c-2478-480d-bf02-c30999861723", "status_code": 200, "tenant_id": "fdd68433-c86c-470c-8b57-cec8ffc3d389", "timestamp": "2026-08-07T12:29:38.487293Z", "trace_id": "32191afbd5b9b7068223da97d7b78950"}
api-1       | INFO:     127.0.0.1:45932 - "GET /metrics HTTP/1.1" 200 OK
api-1       | {"duration_ms": 16.466, "event": "http_request_completed", "level": "info", "method": "GET", "outcome": "success", "path": "/metrics", "request_id": "e41d68e9-ced1-47d8-bbe6-c256888c163c", "status_code": 200, "timestamp": "2026-08-07T12:29:38.861624Z", "trace_id": "05fd2be6d66ec0d83933ab8ea7410501"}
api-1       | INFO:     172.18.0.1:59902 - "POST /api/v1/runs HTTP/1.1" 202 Accepted
api-1       | {"api_key_prefix": "evk_5ec841b483bb", "duration_ms": 84.852, "event": "http_request_completed", "level": "info", "method": "POST", "outcome": "success", "path": "/api/v1/runs", "request_id": "ab6724ea-0fb8-4e73-8400-39cf5c9602eb", "status_code": 202, "tenant_id": "fdd68433-c86c-470c-8b57-cec8ffc3d389", "timestamp": "2026-08-07T12:29:42.085892Z", "trace_id": "5d41d696e27d3cfd0216ab827331b039"}
api-1       | INFO:     172.18.0.1:59902 - "GET /api/v1/runs/8432a78d-e5c6-44e1-95fa-4a1b76b1a63b HTTP/1.1" 200 OK
api-1       | {"api_key_prefix": "evk_5ec841b483bb", "duration_ms": 70.285, "event": "http_request_completed", "level": "info", "method": "GET", "outcome": "success", "path": "/api/v1/runs/8432a78d-e5c6-44e1-95fa-4a1b76b1a63b", "request_id": "7922b30a-960f-4789-9433-c0d2d0dbcd05", "status_code": 200, "tenant_id": "fdd68433-c86c-470c-8b57-cec8ffc3d389", "timestamp": "2026-08-07T12:29:42.157457Z", "trace_id": "e617ae800c9b2ff4b173420d4c4d49b2"}
api-1       | INFO:     172.18.0.1:59902 - "GET /api/v1/runs/8432a78d-e5c6-44e1-95fa-4a1b76b1a63b HTTP/1.1" 200 OK
api-1       | {"api_key_prefix": "evk_5ec841b483bb", "duration_ms": 55.078, "event": "http_request_completed", "level": "info", "method": "GET", "outcome": "success", "path": "/api/v1/runs/8432a78d-e5c6-44e1-95fa-4a1b76b1a63b", "request_id": "fa5c58e8-04c0-4fed-a317-41fdc1400832", "status_code": 200, "tenant_id": "fdd68433-c86c-470c-8b57-cec8ffc3d389", "timestamp": "2026-08-07T12:29:42.715216Z", "trace_id": "9df802d057dc2ab8e4bdfb2addb1bca2"}
api-1       | {"claimed": 16, "event": "outbox_dispatch_batch_completed", "lease_lost": 0, "level": "info", "published": 16, "retry_scheduled": 0, "role": "outbox_dispatcher", "timestamp": "2026-08-07T12:29:42.891794Z"}
api-1       | {"event": "Context impl PostgresqlImpl.", "level": "info", "request_id": "35c44425-79fd-44d3-b537-8c4b665c6007", "timestamp": "2026-08-07T12:29:43.262813Z", "trace_id": "7e8fb71e4de1e3ebfa2466e034d57d54"}
api-1       | {"event": "Will assume transactional DDL.", "level": "info", "request_id": "35c44425-79fd-44d3-b537-8c4b665c6007", "timestamp": "2026-08-07T12:29:43.263112Z", "trace_id": "7e8fb71e4de1e3ebfa2466e034d57d54"}
api-1       | INFO:     127.0.0.1:46026 - "GET /health/ready HTTP/1.1" 200 OK
api-1       | {"duration_ms": 32.886, "event": "http_request_completed", "level": "info", "method": "GET", "outcome": "success", "path": "/health/ready", "request_id": "35c44425-79fd-44d3-b537-8c4b665c6007", "status_code": 200, "timestamp": "2026-08-07T12:29:43.273792Z", "trace_id": "7e8fb71e4de1e3ebfa2466e034d57d54"}
api-1       | INFO:     172.18.0.1:59902 - "GET /api/v1/runs/8432a78d-e5c6-44e1-95fa-4a1b76b1a63b HTTP/1.1" 200 OK
api-1       | {"api_key_prefix": "evk_5ec841b483bb", "duration_ms": 121.955, "event": "http_request_completed", "level": "info", "method": "GET", "outcome": "success", "path": "/api/v1/runs/8432a78d-e5c6-44e1-95fa-4a1b76b1a63b", "request_id": "a18b36bf-651f-42b9-b617-81474ce0a742", "status_code": 200, "tenant_id": "fdd68433-c86c-470c-8b57-cec8ffc3d389", "timestamp": "2026-08-07T12:29:43.341003Z", "trace_id": "2efd453d520e1c8e1d318c69e4c07bd2"}
api-1       | {"claimed": 31, "event": "outbox_dispatch_batch_completed", "lease_lost": 0, "level": "info", "published": 31, "retry_scheduled": 0, "role": "outbox_dispatcher", "timestamp": "2026-08-07T12:29:43.587578Z"}
api-1       | INFO:     172.18.0.1:59902 - "GET /api/v1/runs/8432a78d-e5c6-44e1-95fa-4a1b76b1a63b HTTP/1.1" 200 OK
api-1       | {"api_key_prefix": "evk_5ec841b483bb", "duration_ms": 63.018, "event": "http_request_completed", "level": "info", "method": "GET", "outcome": "success", "path": "/api/v1/runs/8432a78d-e5c6-44e1-95fa-4a1b76b1a63b", "request_id": "9bdb51ed-65f1-46e6-b699-a2e6ff5481c5", "status_code": 200, "tenant_id": "fdd68433-c86c-470c-8b57-cec8ffc3d389", "timestamp": "2026-08-07T12:29:43.907323Z", "trace_id": "d51bf8511f9b9fdff8a390aa65d3e01e"}
api-1       | {"claimed": 50, "event": "outbox_dispatch_batch_completed", "lease_lost": 0, "level": "info", "published": 50, "retry_scheduled": 0, "role": "outbox_dispatcher", "timestamp": "2026-08-07T12:29:44.282164Z"}
api-1       | INFO:     172.18.0.1:59902 - "GET /api/v1/runs/8432a78d-e5c6-44e1-95fa-4a1b76b1a63b HTTP/1.1" 200 OK
api-1       | {"api_key_prefix": "evk_5ec841b483bb", "duration_ms": 57.198, "event": "http_request_completed", "level": "info", "method": "GET", "outcome": "success", "path": "/api/v1/runs/8432a78d-e5c6-44e1-95fa-4a1b76b1a63b", "request_id": "56b8c6dd-90b5-4356-8168-4ecca14ebac2", "status_code": 200, "tenant_id": "fdd68433-c86c-470c-8b57-cec8ffc3d389", "timestamp": "2026-08-07T12:29:44.467658Z", "trace_id": "e6853eb113e4dadec8bc897617efea4a"}
api-1       | INFO:     172.18.0.1:59902 - "GET /api/v1/runs/8432a78d-e5c6-44e1-95fa-4a1b76b1a63b/cases?limit=200&sort=case_id HTTP/1.1" 200 OK
api-1       | {"api_key_prefix": "evk_5ec841b483bb", "duration_ms": 63.767, "event": "http_request_completed", "level": "info", "method": "GET", "outcome": "success", "path": "/api/v1/runs/8432a78d-e5c6-44e1-95fa-4a1b76b1a63b/cases", "request_id": "21d352bd-4798-424c-8b49-033c18149186", "status_code": 200, "tenant_id": "fdd68433-c86c-470c-8b57-cec8ffc3d389", "timestamp": "2026-08-07T12:29:44.533076Z", "trace_id": "3ee07d450da18ad7b32d66f2ab675ce6"}
api-1       | {"claimed": 5, "event": "outbox_dispatch_batch_completed", "lease_lost": 0, "level": "info", "published": 5, "retry_scheduled": 0, "role": "outbox_dispatcher", "timestamp": "2026-08-07T12:29:44.806324Z"}
api-1       | INFO:     127.0.0.1:46032 - "GET /metrics HTTP/1.1" 200 OK
api-1       | {"duration_ms": 21.318, "event": "http_request_completed", "level": "info", "method": "GET", "outcome": "success", "path": "/metrics", "request_id": "ac5cceb6-8dde-4a82-a693-baacf3b410a1", "status_code": 200, "timestamp": "2026-08-07T12:29:44.990964Z", "trace_id": "d37b874572be07386cf3672d48c6b41e"}
api-1       | INFO:     172.18.0.1:59902 - "POST /api/v1/runs HTTP/1.1" 202 Accepted
api-1       | {"api_key_prefix": "evk_5ec841b483bb", "duration_ms": 289.284, "event": "http_request_completed", "level": "info", "method": "POST", "outcome": "success", "path": "/api/v1/runs", "request_id": "57e60a61-e4c6-4b3b-8750-06849a0dc7a9", "status_code": 202, "tenant_id": "fdd68433-c86c-470c-8b57-cec8ffc3d389", "timestamp": "2026-08-07T12:29:46.156102Z", "trace_id": "5d5516e19ee275d67a9ca0e4b81186f1"}
api-1       | INFO:     172.18.0.1:59902 - "GET /api/v1/runs/c803de87-053d-4f4c-bebd-b2db8b6bf8de HTTP/1.1" 200 OK
api-1       | {"api_key_prefix": "evk_5ec841b483bb", "duration_ms": 49.459, "event": "http_request_completed", "level": "info", "method": "GET", "outcome": "success", "path": "/api/v1/runs/c803de87-053d-4f4c-bebd-b2db8b6bf8de", "request_id": "30d03783-8fc0-42a4-8e32-90960b5c913d", "status_code": 200, "tenant_id": "fdd68433-c86c-470c-8b57-cec8ffc3d389", "timestamp": "2026-08-07T12:29:46.207402Z", "trace_id": "93fbff6ab7cde4c18ce0c4e23f6d294d"}
api-1       | INFO:     172.18.0.1:59902 - "GET /api/v1/runs/c803de87-053d-4f4c-bebd-b2db8b6bf8de HTTP/1.1" 200 OK
api-1       | {"api_key_prefix": "evk_5ec841b483bb", "duration_ms": 56.399, "event": "http_request_completed", "level": "info", "method": "GET", "outcome": "success", "path": "/api/v1/runs/c803de87-053d-4f4c-bebd-b2db8b6bf8de", "request_id": "f578b465-109d-4303-8059-dbca73078272", "status_code": 200, "tenant_id": "fdd68433-c86c-470c-8b57-cec8ffc3d389", "timestamp": "2026-08-07T12:29:46.766818Z", "trace_id": "7b0847a815960236e4f2cdb16603d623"}
api-1       | {"claimed": 23, "event": "outbox_dispatch_batch_completed", "lease_lost": 0, "level": "info", "published": 23, "retry_scheduled": 0, "role": "outbox_dispatcher", "timestamp": "2026-08-07T12:29:47.007953Z"}
api-1       | INFO:     172.18.0.1:59902 - "GET /api/v1/runs/c803de87-053d-4f4c-bebd-b2db8b6bf8de HTTP/1.1" 200 OK
api-1       | {"api_key_prefix": "evk_5ec841b483bb", "duration_ms": 58.344, "event": "http_request_completed", "level": "info", "method": "GET", "outcome": "success", "path": "/api/v1/runs/c803de87-053d-4f4c-bebd-b2db8b6bf8de", "request_id": "1cacdf40-4346-44af-81b2-2c70ce70841d", "status_code": 200, "tenant_id": "fdd68433-c86c-470c-8b57-cec8ffc3d389", "timestamp": "2026-08-07T12:29:47.328008Z", "trace_id": "39d258f79df9b419349a08c01adea600"}
api-1       | {"claimed": 50, "event": "outbox_dispatch_batch_completed", "lease_lost": 0, "level": "info", "published": 50, "retry_scheduled": 0, "role": "outbox_dispatcher", "timestamp": "2026-08-07T12:29:47.771748Z"}
api-1       | INFO:     172.18.0.1:59902 - "GET /api/v1/runs/c803de87-053d-4f4c-bebd-b2db8b6bf8de HTTP/1.1" 200 OK
api-1       | {"api_key_prefix": "evk_5ec841b483bb", "duration_ms": 63.816, "event": "http_request_completed", "level": "info", "method": "GET", "outcome": "success", "path": "/api/v1/runs/c803de87-053d-4f4c-bebd-b2db8b6bf8de", "request_id": "764a5534-1e50-47fc-bf91-8aff21124459", "status_code": 200, "tenant_id": "fdd68433-c86c-470c-8b57-cec8ffc3d389", "timestamp": "2026-08-07T12:29:47.895922Z", "trace_id": "f414f186bb8b1065f4ddb13243ef96f7"}
api-1       | {"claimed": 50, "event": "outbox_dispatch_batch_completed", "lease_lost": 0, "level": "info", "published": 50, "retry_scheduled": 0, "role": "outbox_dispatcher", "timestamp": "2026-08-07T12:29:48.636724Z"}
api-1       | INFO:     172.18.0.1:59902 - "GET /api/v1/runs/c803de87-053d-4f4c-bebd-b2db8b6bf8de HTTP/1.1" 200 OK
api-1       | {"api_key_prefix": "evk_5ec841b483bb", "duration_ms": 314.072, "event": "http_request_completed", "level": "info", "method": "GET", "outcome": "success", "path": "/api/v1/runs/c803de87-053d-4f4c-bebd-b2db8b6bf8de", "request_id": "bce141d7-04cc-4664-85a4-bc31e2bf8c96", "status_code": 200, "tenant_id": "fdd68433-c86c-470c-8b57-cec8ffc3d389", "timestamp": "2026-08-07T12:29:48.758492Z", "trace_id": "3a7fac3ee8fc1566919ea93192297dc0"}
api-1       | {"event": "Context impl PostgresqlImpl.", "level": "info", "request_id": "4f026acb-9efe-4691-8402-8a96fd727045", "timestamp": "2026-08-07T12:29:48.928479Z", "trace_id": "1cbf71ba62f7ec9503b20893a677688e"}
api-1       | {"event": "Will assume transactional DDL.", "level": "info", "request_id": "4f026acb-9efe-4691-8402-8a96fd727045", "timestamp": "2026-08-07T12:29:48.928635Z", "trace_id": "1cbf71ba62f7ec9503b20893a677688e"}
api-1       | INFO:     127.0.0.1:46062 - "GET /health/ready HTTP/1.1" 200 OK
api-1       | {"duration_ms": 29.753, "event": "http_request_completed", "level": "info", "method": "GET", "outcome": "success", "path": "/health/ready", "request_id": "4f026acb-9efe-4691-8402-8a96fd727045", "status_code": 200, "timestamp": "2026-08-07T12:29:48.936289Z", "trace_id": "1cbf71ba62f7ec9503b20893a677688e"}
api-1       | {"claimed": 50, "event": "outbox_dispatch_batch_completed", "lease_lost": 0, "level": "info", "published": 50, "retry_scheduled": 0, "role": "outbox_dispatcher", "timestamp": "2026-08-07T12:29:49.417506Z"}
api-1       | INFO:     172.18.0.1:59902 - "GET /api/v1/runs/c803de87-053d-4f4c-bebd-b2db8b6bf8de HTTP/1.1" 200 OK
api-1       | {"api_key_prefix": "evk_5ec841b483bb", "duration_ms": 199.137, "event": "http_request_completed", "level": "info", "method": "GET", "outcome": "success", "path": "/api/v1/runs/c803de87-053d-4f4c-bebd-b2db8b6bf8de", "request_id": "dda06846-7df5-4039-a145-09817fe32ee6", "status_code": 200, "tenant_id": "fdd68433-c86c-470c-8b57-cec8ffc3d389", "timestamp": "2026-08-07T12:29:49.474852Z", "trace_id": "c4e96e38a0d371aa24cd850a03fde41d"}
api-1       | {"claimed": 50, "event": "outbox_dispatch_batch_completed", "lease_lost": 0, "level": "info", "published": 50, "retry_scheduled": 0, "role": "outbox_dispatcher", "timestamp": "2026-08-07T12:29:50.197621Z"}
api-1       | INFO:     172.18.0.1:59902 - "GET /api/v1/runs/c803de87-053d-4f4c-bebd-b2db8b6bf8de HTTP/1.1" 200 OK
api-1       | {"api_key_prefix": "evk_5ec841b483bb", "duration_ms": 271.159, "event": "http_request_completed", "level": "info", "method": "GET", "outcome": "success", "path": "/api/v1/runs/c803de87-053d-4f4c-bebd-b2db8b6bf8de", "request_id": "33c6ec10-30e3-4324-acbd-c17e0e8da21f", "status_code": 200, "tenant_id": "fdd68433-c86c-470c-8b57-cec8ffc3d389", "timestamp": "2026-08-07T12:29:50.269178Z", "trace_id": "5f2b1cecdc517f6c8a444b8d6797349b"}
api-1       | {"claimed": 50, "event": "outbox_dispatch_batch_completed", "lease_lost": 0, "level": "info", "published": 50, "retry_scheduled": 0, "role": "outbox_dispatcher", "timestamp": "2026-08-07T12:29:51.014088Z"}
api-1       | INFO:     172.18.0.1:59902 - "GET /api/v1/runs/c803de87-053d-4f4c-bebd-b2db8b6bf8de HTTP/1.1" 200 OK
api-1       | {"api_key_prefix": "evk_5ec841b483bb", "duration_ms": 233.487, "event": "http_request_completed", "level": "info", "method": "GET", "outcome": "success", "path": "/api/v1/runs/c803de87-053d-4f4c-bebd-b2db8b6bf8de", "request_id": "882b9fa7-d3a9-4bfd-a1db-44d602308d1d", "status_code": 200, "tenant_id": "fdd68433-c86c-470c-8b57-cec8ffc3d389", "timestamp": "2026-08-07T12:29:51.082241Z", "trace_id": "dbd24634624cb33ff2dc9f30a735ff7b"}
api-1       | {"claimed": 50, "event": "outbox_dispatch_batch_completed", "lease_lost": 0, "level": "info", "published": 50, "retry_scheduled": 0, "role": "outbox_dispatcher", "timestamp": "2026-08-07T12:29:51.773067Z"}
api-1       | INFO:     172.18.0.1:59902 - "GET /api/v1/runs/c803de87-053d-4f4c-bebd-b2db8b6bf8de HTTP/1.1" 200 OK
api-1       | {"api_key_prefix": "evk_5ec841b483bb", "duration_ms": 257.1, "event": "http_request_completed", "level": "info", "method": "GET", "outcome": "success", "path": "/api/v1/runs/c803de87-053d-4f4c-bebd-b2db8b6bf8de", "request_id": "9b78f867-a709-4b9e-8e3e-40d5682f5b66", "status_code": 200, "tenant_id": "fdd68433-c86c-470c-8b57-cec8ffc3d389", "timestamp": "2026-08-07T12:29:51.844148Z", "trace_id": "e7a0a9f257579b8b377fa2efdc47b886"}
api-1       | {"claimed": 50, "event": "outbox_dispatch_batch_completed", "lease_lost": 0, "level": "info", "published": 50, "retry_scheduled": 0, "role": "outbox_dispatcher", "timestamp": "2026-08-07T12:29:52.527752Z"}
api-1       | INFO:     172.18.0.1:59902 - "GET /api/v1/runs/c803de87-053d-4f4c-bebd-b2db8b6bf8de HTTP/1.1" 200 OK
api-1       | {"api_key_prefix": "evk_5ec841b483bb", "duration_ms": 280.344, "event": "http_request_completed", "level": "info", "method": "GET", "outcome": "success", "path": "/api/v1/runs/c803de87-053d-4f4c-bebd-b2db8b6bf8de", "request_id": "a995b35c-b24f-4bf5-aeb4-5e2db7d170a2", "status_code": 200, "tenant_id": "fdd68433-c86c-470c-8b57-cec8ffc3d389", "timestamp": "2026-08-07T12:29:52.645595Z", "trace_id": "50b2c7cbbf99bc2cdb5dacc7a12021eb"}
api-1       | {"claimed": 50, "event": "outbox_dispatch_batch_completed", "lease_lost": 0, "level": "info", "published": 50, "retry_scheduled": 0, "role": "outbox_dispatcher", "timestamp": "2026-08-07T12:29:53.275674Z"}
api-1       | INFO:     172.18.0.1:59902 - "GET /api/v1/runs/c803de87-053d-4f4c-bebd-b2db8b6bf8de HTTP/1.1" 200 OK
api-1       | {"api_key_prefix": "evk_5ec841b483bb", "duration_ms": 143.328, "event": "http_request_completed", "level": "info", "method": "GET", "outcome": "success", "path": "/api/v1/runs/c803de87-053d-4f4c-bebd-b2db8b6bf8de", "request_id": "c3405874-3579-4764-95bc-01ecedbcc4c0", "status_code": 200, "tenant_id": "fdd68433-c86c-470c-8b57-cec8ffc3d389", "timestamp": "2026-08-07T12:29:53.301074Z", "trace_id": "97a408f8c10483978f959ec37e31d7c8"}
api-1       | {"claimed": 50, "event": "outbox_dispatch_batch_completed", "lease_lost": 0, "level": "info", "published": 50, "retry_scheduled": 0, "role": "outbox_dispatcher", "timestamp": "2026-08-07T12:29:54.017494Z"}
api-1       | INFO:     172.18.0.1:59902 - "GET /api/v1/runs/c803de87-053d-4f4c-bebd-b2db8b6bf8de HTTP/1.1" 200 OK
api-1       | {"api_key_prefix": "evk_5ec841b483bb", "duration_ms": 311.483, "event": "http_request_completed", "level": "info", "method": "GET", "outcome": "success", "path": "/api/v1/runs/c803de87-053d-4f4c-bebd-b2db8b6bf8de", "request_id": "8faeaf23-4a73-4528-9765-6cc2a3141816", "status_code": 200, "tenant_id": "fdd68433-c86c-470c-8b57-cec8ffc3d389", "timestamp": "2026-08-07T12:29:54.150004Z", "trace_id": "f4658bd2e479d8c800186704f1fd661e"}
api-1       | {"event": "Context impl PostgresqlImpl.", "level": "info", "request_id": "f859f3a0-a113-46c9-8a11-ac451ffe9db0", "timestamp": "2026-08-07T12:29:54.367600Z", "trace_id": "11b13cbf5aa8affa248a4420dae3fe71"}
api-1       | {"event": "Will assume transactional DDL.", "level": "info", "request_id": "f859f3a0-a113-46c9-8a11-ac451ffe9db0", "timestamp": "2026-08-07T12:29:54.367715Z", "trace_id": "11b13cbf5aa8affa248a4420dae3fe71"}
api-1       | INFO:     127.0.0.1:43848 - "GET /health/ready HTTP/1.1" 200 OK
api-1       | {"duration_ms": 28.422, "event": "http_request_completed", "level": "info", "method": "GET", "outcome": "success", "path": "/health/ready", "request_id": "f859f3a0-a113-46c9-8a11-ac451ffe9db0", "status_code": 200, "timestamp": "2026-08-07T12:29:54.374727Z", "trace_id": "11b13cbf5aa8affa248a4420dae3fe71"}
api-1       | {"claimed": 50, "event": "outbox_dispatch_batch_completed", "lease_lost": 0, "level": "info", "published": 50, "retry_scheduled": 0, "role": "outbox_dispatcher", "timestamp": "2026-08-07T12:29:54.772091Z"}
api-1       | INFO:     172.18.0.1:59902 - "GET /api/v1/runs/c803de87-053d-4f4c-bebd-b2db8b6bf8de HTTP/1.1" 200 OK
api-1       | {"api_key_prefix": "evk_5ec841b483bb", "duration_ms": 180.064, "event": "http_request_completed", "level": "info", "method": "GET", "outcome": "success", "path": "/api/v1/runs/c803de87-053d-4f4c-bebd-b2db8b6bf8de", "request_id": "1442ec80-620f-4895-8162-9223e1893819", "status_code": 200, "tenant_id": "fdd68433-c86c-470c-8b57-cec8ffc3d389", "timestamp": "2026-08-07T12:29:54.840735Z", "trace_id": "3ff866c361b87a1a55363f0b3e3896b1"}
api-1       | {"claimed": 50, "event": "outbox_dispatch_batch_completed", "lease_lost": 0, "level": "info", "published": 50, "retry_scheduled": 0, "role": "outbox_dispatcher", "timestamp": "2026-08-07T12:29:55.515651Z"}
api-1       | INFO:     172.18.0.1:59902 - "GET /api/v1/runs/c803de87-053d-4f4c-bebd-b2db8b6bf8de HTTP/1.1" 200 OK
api-1       | {"api_key_prefix": "evk_5ec841b483bb", "duration_ms": 237.247, "event": "http_request_completed", "level": "info", "method": "GET", "outcome": "success", "path": "/api/v1/runs/c803de87-053d-4f4c-bebd-b2db8b6bf8de", "request_id": "3779e887-c8f6-4f93-9bc9-3c54bc1e7087", "status_code": 200, "tenant_id": "fdd68433-c86c-470c-8b57-cec8ffc3d389", "timestamp": "2026-08-07T12:29:55.587046Z", "trace_id": "ce004e23da670655d54dc6c773e37f6c"}
api-1       | {"claimed": 50, "event": "outbox_dispatch_batch_completed", "lease_lost": 0, "level": "info", "published": 50, "retry_scheduled": 0, "role": "outbox_dispatcher", "timestamp": "2026-08-07T12:29:56.273465Z"}
api-1       | INFO:     172.18.0.1:59902 - "GET /api/v1/runs/c803de87-053d-4f4c-bebd-b2db8b6bf8de HTTP/1.1" 200 OK
api-1       | {"api_key_prefix": "evk_5ec841b483bb", "duration_ms": 239.559, "event": "http_request_completed", "level": "info", "method": "GET", "outcome": "success", "path": "/api/v1/runs/c803de87-053d-4f4c-bebd-b2db8b6bf8de", "request_id": "f806a2a7-2d33-45f5-a9ee-6c359fc1341a", "status_code": 200, "tenant_id": "fdd68433-c86c-470c-8b57-cec8ffc3d389", "timestamp": "2026-08-07T12:29:56.335235Z", "trace_id": "6d2d280f064ac9f1b983aed4d62d0c1a"}
api-1       | {"claimed": 50, "event": "outbox_dispatch_batch_completed", "lease_lost": 0, "level": "info", "published": 50, "retry_scheduled": 0, "role": "outbox_dispatcher", "timestamp": "2026-08-07T12:29:57.133362Z"}
api-1       | INFO:     172.18.0.1:59902 - "GET /api/v1/runs/c803de87-053d-4f4c-bebd-b2db8b6bf8de HTTP/1.1" 200 OK
api-1       | {"api_key_prefix": "evk_5ec841b483bb", "duration_ms": 259.762, "event": "http_request_completed", "level": "info", "method": "GET", "outcome": "success", "path": "/api/v1/runs/c803de87-053d-4f4c-bebd-b2db8b6bf8de", "request_id": "d017f05c-b377-4482-84bb-50940ef8c226", "status_code": 200, "tenant_id": "fdd68433-c86c-470c-8b57-cec8ffc3d389", "timestamp": "2026-08-07T12:29:57.206466Z", "trace_id": "68656762b8308cd0b164b2cc53a4c6c1"}
api-1       | {"claimed": 50, "event": "outbox_dispatch_batch_completed", "lease_lost": 0, "level": "info", "published": 50, "retry_scheduled": 0, "role": "outbox_dispatcher", "timestamp": "2026-08-07T12:29:57.882343Z"}
api-1       | INFO:     172.18.0.1:59902 - "GET /api/v1/runs/c803de87-053d-4f4c-bebd-b2db8b6bf8de HTTP/1.1" 200 OK
api-1       | {"api_key_prefix": "evk_5ec841b483bb", "duration_ms": 225.465, "event": "http_request_completed", "level": "info", "method": "GET", "outcome": "success", "path": "/api/v1/runs/c803de87-053d-4f4c-bebd-b2db8b6bf8de", "request_id": "167faa75-4827-4dd8-aad2-36fdc6648802", "status_code": 200, "tenant_id": "fdd68433-c86c-470c-8b57-cec8ffc3d389", "timestamp": "2026-08-07T12:29:57.936396Z", "trace_id": "372f6842601d796995d142bacee6f188"}
api-1       | {"claimed": 50, "event": "outbox_dispatch_batch_completed", "lease_lost": 0, "level": "info", "published": 50, "retry_scheduled": 0, "role": "outbox_dispatcher", "timestamp": "2026-08-07T12:29:58.622001Z"}
api-1       | INFO:     172.18.0.1:59902 - "GET /api/v1/runs/c803de87-053d-4f4c-bebd-b2db8b6bf8de HTTP/1.1" 200 OK
api-1       | {"api_key_prefix": "evk_5ec841b483bb", "duration_ms": 232.563, "event": "http_request_completed", "level": "info", "method": "GET", "outcome": "success", "path": "/api/v1/runs/c803de87-053d-4f4c-bebd-b2db8b6bf8de", "request_id": "bbd72e29-6415-41e6-9a4a-0b0a887ed502", "status_code": 200, "tenant_id": "fdd68433-c86c-470c-8b57-cec8ffc3d389", "timestamp": "2026-08-07T12:29:58.687807Z", "trace_id": "8401afb4657f4fedcb0097c580406450"}
api-1       | {"claimed": 50, "event": "outbox_dispatch_batch_completed", "lease_lost": 0, "level": "info", "published": 50, "retry_scheduled": 0, "role": "outbox_dispatcher", "timestamp": "2026-08-07T12:29:59.313674Z"}
api-1       | INFO:     172.18.0.1:59902 - "GET /api/v1/runs/c803de87-053d-4f4c-bebd-b2db8b6bf8de HTTP/1.1" 200 OK
api-1       | {"api_key_prefix": "evk_5ec841b483bb", "duration_ms": 174.817, "event": "http_request_completed", "level": "info", "method": "GET", "outcome": "success", "path": "/api/v1/runs/c803de87-053d-4f4c-bebd-b2db8b6bf8de", "request_id": "8bd6dc29-3c42-4761-9f91-467eb8b4d3f2", "status_code": 200, "tenant_id": "fdd68433-c86c-470c-8b57-cec8ffc3d389", "timestamp": "2026-08-07T12:29:59.368262Z", "trace_id": "e45578424fb2a36c5e4f53593b10b9cb"}
api-1       | INFO:     172.18.0.1:59902 - "GET /api/v1/runs/c803de87-053d-4f4c-bebd-b2db8b6bf8de/cases?limit=200&sort=case_id HTTP/1.1" 200 OK
api-1       | {"api_key_prefix": "evk_5ec841b483bb", "duration_ms": 85.035, "event": "http_request_completed", "level": "info", "method": "GET", "outcome": "success", "path": "/api/v1/runs/c803de87-053d-4f4c-bebd-b2db8b6bf8de/cases", "request_id": "11966425-93be-4069-887e-a9604abf1c65", "status_code": 200, "tenant_id": "fdd68433-c86c-470c-8b57-cec8ffc3d389", "timestamp": "2026-08-07T12:29:59.454985Z", "trace_id": "35956c9741e76e3c956a08311172625b"}
api-1       | INFO:     172.18.0.1:59902 - "GET /api/v1/runs/c803de87-053d-4f4c-bebd-b2db8b6bf8de/cases?limit=200&sort=case_id&cursor=eyJkaXJlY3Rpb24iOiJhc2MiLCJlcnJvcl9jb2RlIjpudWxsLCJqb2JfaWQiOiJiNDA0NGYyOC04YmRjLTQ2MzItYWJlYS0yMDI5M2Q1YTIxMTUiLCJtZXRyaWMiOm51bGwsInNvcnQiOiJjYXNlX2lkIiwic3RhdHVzIjpudWxsLCJ2IjoxLCJ2YWx1ZSI6ImxvYWQtMDE5OSJ9 HTTP/1.1" 200 OK
api-1       | {"api_key_prefix": "evk_5ec841b483bb", "duration_ms": 182.868, "event": "http_request_completed", "level": "info", "method": "GET", "outcome": "success", "path": "/api/v1/runs/c803de87-053d-4f4c-bebd-b2db8b6bf8de/cases", "request_id": "6e7475ab-be4b-49bf-83dd-2ded2753992e", "status_code": 200, "tenant_id": "fdd68433-c86c-470c-8b57-cec8ffc3d389", "timestamp": "2026-08-07T12:29:59.641712Z", "trace_id": "debae94facc36610ed007baf7e3695bd"}
api-1       | INFO:     172.18.0.1:59902 - "GET /api/v1/runs/c803de87-053d-4f4c-bebd-b2db8b6bf8de/cases?limit=200&sort=case_id&cursor=eyJkaXJlY3Rpb24iOiJhc2MiLCJlcnJvcl9jb2RlIjpudWxsLCJqb2JfaWQiOiI2YmZkZTg2OS1kZmZiLTQ2ZGItOTU2Zi05MGQzMjYzYzM3OGIiLCJtZXRyaWMiOm51bGwsInNvcnQiOiJjYXNlX2lkIiwic3RhdHVzIjpudWxsLCJ2IjoxLCJ2YWx1ZSI6ImxvYWQtMDM5OSJ9 HTTP/1.1" 200 OK
api-1       | {"api_key_prefix": "evk_5ec841b483bb", "duration_ms": 118.639, "event": "http_request_completed", "level": "info", "method": "GET", "outcome": "success", "path": "/api/v1/runs/c803de87-053d-4f4c-bebd-b2db8b6bf8de/cases", "request_id": "4818dbe6-a632-4eac-9590-4d01749026fe", "status_code": 200, "tenant_id": "fdd68433-c86c-470c-8b57-cec8ffc3d389", "timestamp": "2026-08-07T12:29:59.763707Z", "trace_id": "ea8ddc2254e9e5302ab27f6057e9e590"}
api-1       | {"event": "Context impl PostgresqlImpl.", "level": "info", "request_id": "60bc1dd2-0742-4015-ba27-3addbc992550", "timestamp": "2026-08-07T12:30:00.067087Z", "trace_id": "164e262b0d9d596d44547ece6ef5cd88"}
api-1       | {"event": "Will assume transactional DDL.", "level": "info", "request_id": "60bc1dd2-0742-4015-ba27-3addbc992550", "timestamp": "2026-08-07T12:30:00.067285Z", "trace_id": "164e262b0d9d596d44547ece6ef5cd88"}
api-1       | {"claimed": 50, "event": "outbox_dispatch_batch_completed", "lease_lost": 0, "level": "info", "published": 50, "retry_scheduled": 0, "role": "outbox_dispatcher", "timestamp": "2026-08-07T12:30:00.339107Z"}
api-1       | INFO:     127.0.0.1:55662 - "GET /health/ready HTTP/1.1" 200 OK
api-1       | {"duration_ms": 381.189, "event": "http_request_completed", "level": "info", "method": "GET", "outcome": "success", "path": "/health/ready", "request_id": "60bc1dd2-0742-4015-ba27-3addbc992550", "status_code": 200, "timestamp": "2026-08-07T12:30:00.340771Z", "trace_id": "164e262b0d9d596d44547ece6ef5cd88"}
api-1       | INFO:     127.0.0.1:55664 - "GET /metrics HTTP/1.1" 200 OK
api-1       | {"duration_ms": 17.494, "event": "http_request_completed", "level": "info", "method": "GET", "outcome": "success", "path": "/metrics", "request_id": "16f76460-4516-4a37-acd8-7c1e23159634", "status_code": 200, "timestamp": "2026-08-07T12:30:00.513613Z", "trace_id": "eb1d69d0bf057c3634d7490c9d564e1a"}
api-1       | {"claimed": 50, "event": "outbox_dispatch_batch_completed", "lease_lost": 0, "level": "info", "published": 50, "retry_scheduled": 0, "role": "outbox_dispatcher", "timestamp": "2026-08-07T12:30:01.040885Z"}
api-1       | {"claimed": 50, "event": "outbox_dispatch_batch_completed", "lease_lost": 0, "level": "info", "published": 50, "retry_scheduled": 0, "role": "outbox_dispatcher", "timestamp": "2026-08-07T12:30:01.813140Z"}
api-1       | {"claimed": 29, "event": "outbox_dispatch_batch_completed", "lease_lost": 0, "level": "info", "published": 29, "retry_scheduled": 0, "role": "outbox_dispatcher", "timestamp": "2026-08-07T12:30:02.475744Z"}
api-1       | {"event": "Context impl PostgresqlImpl.", "level": "info", "request_id": "b05db9d6-260b-4df1-bf4e-d2064db30a02", "timestamp": "2026-08-07T12:30:05.723713Z", "trace_id": "6a068d3e50bef6d82d89fb2cb3ea9564"}
api-1       | {"event": "Will assume transactional DDL.", "level": "info", "request_id": "b05db9d6-260b-4df1-bf4e-d2064db30a02", "timestamp": "2026-08-07T12:30:05.723872Z", "trace_id": "6a068d3e50bef6d82d89fb2cb3ea9564"}
api-1       | INFO:     127.0.0.1:55690 - "GET /health/ready HTTP/1.1" 200 OK
api-1       | {"duration_ms": 27.715, "event": "http_request_completed", "level": "info", "method": "GET", "outcome": "success", "path": "/health/ready", "request_id": "b05db9d6-260b-4df1-bf4e-d2064db30a02", "status_code": 200, "timestamp": "2026-08-07T12:30:05.730551Z", "trace_id": "6a068d3e50bef6d82d89fb2cb3ea9564"}
api-1       | INFO:     172.18.0.1:56478 - "POST /api/v1/runs HTTP/1.1" 202 Accepted
api-1       | {"api_key_prefix": "evk_5ec841b483bb", "duration_ms": 90.085, "event": "http_request_completed", "level": "info", "method": "POST", "outcome": "success", "path": "/api/v1/runs", "request_id": "c839a32f-9ea7-4f39-832e-a0f1ef816587", "status_code": 202, "tenant_id": "fdd68433-c86c-470c-8b57-cec8ffc3d389", "timestamp": "2026-08-07T12:30:06.180570Z", "trace_id": "35985392f55ae4745d5b56dd0e71aeb9"}
api-1       | INFO:     172.18.0.1:56478 - "GET /api/v1/runs/99fc5d2e-da16-4bdc-b1da-9cd1e6c2241a HTTP/1.1" 200 OK
api-1       | {"api_key_prefix": "evk_5ec841b483bb", "duration_ms": 52.87, "event": "http_request_completed", "level": "info", "method": "GET", "outcome": "success", "path": "/api/v1/runs/99fc5d2e-da16-4bdc-b1da-9cd1e6c2241a", "request_id": "3fec7efe-2c48-49b6-95d3-f091eb4a9cdf", "status_code": 200, "tenant_id": "fdd68433-c86c-470c-8b57-cec8ffc3d389", "timestamp": "2026-08-07T12:30:06.235547Z", "trace_id": "9825b131c7a0f244fe479714ecfdc9ee"}
api-1       | INFO:     172.18.0.1:56478 - "GET /api/v1/runs/99fc5d2e-da16-4bdc-b1da-9cd1e6c2241a HTTP/1.1" 200 OK
api-1       | {"api_key_prefix": "evk_5ec841b483bb", "duration_ms": 117.026, "event": "http_request_completed", "level": "info", "method": "GET", "outcome": "success", "path": "/api/v1/runs/99fc5d2e-da16-4bdc-b1da-9cd1e6c2241a", "request_id": "3d3a2a10-1291-4bca-a8ba-59fc75cd4dc0", "status_code": 200, "tenant_id": "fdd68433-c86c-470c-8b57-cec8ffc3d389", "timestamp": "2026-08-07T12:30:06.856758Z", "trace_id": "3b74582b87babff250b0c04dfc0a959d"}
api-1       | {"claimed": 26, "event": "outbox_dispatch_batch_completed", "lease_lost": 0, "level": "info", "published": 26, "retry_scheduled": 0, "role": "outbox_dispatcher", "timestamp": "2026-08-07T12:30:07.377922Z"}
api-1       | INFO:     172.18.0.1:56478 - "GET /api/v1/runs/99fc5d2e-da16-4bdc-b1da-9cd1e6c2241a HTTP/1.1" 200 OK
api-1       | {"api_key_prefix": "evk_5ec841b483bb", "duration_ms": 144.996, "event": "http_request_completed", "level": "info", "method": "GET", "outcome": "success", "path": "/api/v1/runs/99fc5d2e-da16-4bdc-b1da-9cd1e6c2241a", "request_id": "234a254e-e458-4d69-892d-8c218acffe82", "status_code": 200, "tenant_id": "fdd68433-c86c-470c-8b57-cec8ffc3d389", "timestamp": "2026-08-07T12:30:07.505063Z", "trace_id": "09f7e734b694abf7495b2a18495cfd76"}
api-1       | {"claimed": 50, "event": "outbox_dispatch_batch_completed", "lease_lost": 0, "level": "info", "published": 50, "retry_scheduled": 0, "role": "outbox_dispatcher", "timestamp": "2026-08-07T12:30:08.173674Z"}
api-1       | INFO:     172.18.0.1:56478 - "GET /api/v1/runs/99fc5d2e-da16-4bdc-b1da-9cd1e6c2241a HTTP/1.1" 200 OK
api-1       | {"api_key_prefix": "evk_5ec841b483bb", "duration_ms": 157.097, "event": "http_request_completed", "level": "info", "method": "GET", "outcome": "success", "path": "/api/v1/runs/99fc5d2e-da16-4bdc-b1da-9cd1e6c2241a", "request_id": "47ecd688-2c34-4177-8471-8ad0defbfb40", "status_code": 200, "tenant_id": "fdd68433-c86c-470c-8b57-cec8ffc3d389", "timestamp": "2026-08-07T12:30:08.186924Z", "trace_id": "52eab5f1af84fe19ef4113b09c75d5ae"}
api-1       | INFO:     172.18.0.1:56478 - "GET /api/v1/runs/99fc5d2e-da16-4bdc-b1da-9cd1e6c2241a/cases?limit=200&sort=case_id HTTP/1.1" 200 OK
api-1       | {"api_key_prefix": "evk_5ec841b483bb", "duration_ms": 63.986, "event": "http_request_completed", "level": "info", "method": "GET", "outcome": "success", "path": "/api/v1/runs/99fc5d2e-da16-4bdc-b1da-9cd1e6c2241a/cases", "request_id": "b2862e98-3d45-4e9d-9b37-539b4f54df85", "status_code": 200, "tenant_id": "fdd68433-c86c-470c-8b57-cec8ffc3d389", "timestamp": "2026-08-07T12:30:08.252537Z", "trace_id": "0faa392c41fdebcd3719d4ac44b7ec1d"}
api-1       | INFO:     127.0.0.1:55724 - "GET /metrics HTTP/1.1" 200 OK
api-1       | {"duration_ms": 17.037, "event": "http_request_completed", "level": "info", "method": "GET", "outcome": "success", "path": "/metrics", "request_id": "e450c5cc-d35b-4297-a060-8712ea21dc8c", "status_code": 200, "timestamp": "2026-08-07T12:30:08.655996Z", "trace_id": "9e34befb3626008dca17340eb31b63c3"}
api-1       | {"claimed": 26, "event": "outbox_dispatch_batch_completed", "lease_lost": 0, "level": "info", "published": 26, "retry_scheduled": 0, "role": "outbox_dispatcher", "timestamp": "2026-08-07T12:30:08.875766Z"}
api-1       | INFO:     172.18.0.1:56478 - "POST /api/v1/runs HTTP/1.1" 202 Accepted
api-1       | {"api_key_prefix": "evk_5ec841b483bb", "duration_ms": 224.059, "event": "http_request_completed", "level": "info", "method": "POST", "outcome": "success", "path": "/api/v1/runs", "request_id": "ef1c7124-5ea7-4ecd-89e5-fea07a974d09", "status_code": 202, "tenant_id": "fdd68433-c86c-470c-8b57-cec8ffc3d389", "timestamp": "2026-08-07T12:30:10.390883Z", "trace_id": "eea8d1136052958398c619a9960f5ea5"}
api-1       | INFO:     172.18.0.1:56478 - "GET /api/v1/runs/7ad61dd1-c961-4922-bc97-e9c7043f81b2 HTTP/1.1" 200 OK
api-1       | {"api_key_prefix": "evk_5ec841b483bb", "duration_ms": 52.165, "event": "http_request_completed", "level": "info", "method": "GET", "outcome": "success", "path": "/api/v1/runs/7ad61dd1-c961-4922-bc97-e9c7043f81b2", "request_id": "5cf90e38-71eb-4e52-9eb8-f6b3d07e3165", "status_code": 200, "tenant_id": "fdd68433-c86c-470c-8b57-cec8ffc3d389", "timestamp": "2026-08-07T12:30:10.444786Z", "trace_id": "dca5d1ca13d7dedc79ed0aa4261138d4"}
api-1       | {"event": "Context impl PostgresqlImpl.", "level": "info", "request_id": "c6d60da1-3be0-4cd6-aeb5-719507d3e2eb", "timestamp": "2026-08-07T12:30:11.581300Z", "trace_id": "57410714251f0f43992a695365e3249c"}
api-1       | {"event": "Will assume transactional DDL.", "level": "info", "request_id": "c6d60da1-3be0-4cd6-aeb5-719507d3e2eb", "timestamp": "2026-08-07T12:30:11.581456Z", "trace_id": "57410714251f0f43992a695365e3249c"}
api-1       | {"claimed": 48, "event": "outbox_dispatch_batch_completed", "lease_lost": 0, "level": "info", "published": 48, "retry_scheduled": 0, "role": "outbox_dispatcher", "timestamp": "2026-08-07T12:30:11.589707Z"}
api-1       | INFO:     127.0.0.1:34554 - "GET /health/ready HTTP/1.1" 200 OK
api-1       | {"duration_ms": 150.438, "event": "http_request_completed", "level": "info", "method": "GET", "outcome": "success", "path": "/health/ready", "request_id": "c6d60da1-3be0-4cd6-aeb5-719507d3e2eb", "status_code": 200, "timestamp": "2026-08-07T12:30:11.605177Z", "trace_id": "57410714251f0f43992a695365e3249c"}
api-1       | INFO:     172.18.0.1:56478 - "GET /api/v1/runs/7ad61dd1-c961-4922-bc97-e9c7043f81b2 HTTP/1.1" 200 OK
api-1       | {"api_key_prefix": "evk_5ec841b483bb", "duration_ms": 387.54, "event": "http_request_completed", "level": "info", "method": "GET", "outcome": "success", "path": "/api/v1/runs/7ad61dd1-c961-4922-bc97-e9c7043f81b2", "request_id": "eecbcb96-711b-4c56-b3cf-628af7fc9851", "status_code": 200, "tenant_id": "fdd68433-c86c-470c-8b57-cec8ffc3d389", "timestamp": "2026-08-07T12:30:11.674982Z", "trace_id": "a01e3563d22d4d6cb12f2c556933a6d0"}
api-1       | {"claimed": 50, "event": "outbox_dispatch_batch_completed", "lease_lost": 0, "level": "info", "published": 50, "retry_scheduled": 0, "role": "outbox_dispatcher", "timestamp": "2026-08-07T12:30:12.429665Z"}
api-1       | INFO:     172.18.0.1:56478 - "GET /api/v1/runs/7ad61dd1-c961-4922-bc97-e9c7043f81b2 HTTP/1.1" 200 OK
api-1       | {"api_key_prefix": "evk_5ec841b483bb", "duration_ms": 296.713, "event": "http_request_completed", "level": "info", "method": "GET", "outcome": "success", "path": "/api/v1/runs/7ad61dd1-c961-4922-bc97-e9c7043f81b2", "request_id": "765e9df7-8a90-485b-b882-2075a8e06ec2", "status_code": 200, "tenant_id": "fdd68433-c86c-470c-8b57-cec8ffc3d389", "timestamp": "2026-08-07T12:30:12.486065Z", "trace_id": "4082fbe4cd4de8f870bc1af747a1e0e6"}
api-1       | {"claimed": 50, "event": "outbox_dispatch_batch_completed", "lease_lost": 0, "level": "info", "published": 50, "retry_scheduled": 0, "role": "outbox_dispatcher", "timestamp": "2026-08-07T12:30:13.217320Z"}
api-1       | INFO:     172.18.0.1:56478 - "GET /api/v1/runs/7ad61dd1-c961-4922-bc97-e9c7043f81b2 HTTP/1.1" 200 OK
api-1       | {"api_key_prefix": "evk_5ec841b483bb", "duration_ms": 283.842, "event": "http_request_completed", "level": "info", "method": "GET", "outcome": "success", "path": "/api/v1/runs/7ad61dd1-c961-4922-bc97-e9c7043f81b2", "request_id": "5e62e7d5-8b13-4cea-82c8-564154e6d4f2", "status_code": 200, "tenant_id": "fdd68433-c86c-470c-8b57-cec8ffc3d389", "timestamp": "2026-08-07T12:30:13.296409Z", "trace_id": "d382f30b20d0144efcc798712f2be2ba"}
api-1       | {"claimed": 50, "event": "outbox_dispatch_batch_completed", "lease_lost": 0, "level": "info", "published": 50, "retry_scheduled": 0, "role": "outbox_dispatcher", "timestamp": "2026-08-07T12:30:14.020306Z"}
api-1       | INFO:     172.18.0.1:56478 - "GET /api/v1/runs/7ad61dd1-c961-4922-bc97-e9c7043f81b2 HTTP/1.1" 200 OK
api-1       | {"api_key_prefix": "evk_5ec841b483bb", "duration_ms": 293.326, "event": "http_request_completed", "level": "info", "method": "GET", "outcome": "success", "path": "/api/v1/runs/7ad61dd1-c961-4922-bc97-e9c7043f81b2", "request_id": "ecf49777-1354-4b89-8c67-1f7cfa7606e0", "status_code": 200, "tenant_id": "fdd68433-c86c-470c-8b57-cec8ffc3d389", "timestamp": "2026-08-07T12:30:14.099789Z", "trace_id": "222f1fdf6ba14ae938cde45f1ba44459"}
api-1       | {"claimed": 50, "event": "outbox_dispatch_batch_completed", "lease_lost": 0, "level": "info", "published": 50, "retry_scheduled": 0, "role": "outbox_dispatcher", "timestamp": "2026-08-07T12:30:14.817780Z"}
api-1       | INFO:     172.18.0.1:56478 - "GET /api/v1/runs/7ad61dd1-c961-4922-bc97-e9c7043f81b2 HTTP/1.1" 200 OK
api-1       | {"api_key_prefix": "evk_5ec841b483bb", "duration_ms": 277.282, "event": "http_request_completed", "level": "info", "method": "GET", "outcome": "success", "path": "/api/v1/runs/7ad61dd1-c961-4922-bc97-e9c7043f81b2", "request_id": "02998ea3-bdb0-45c9-a185-ac74991fdd2e", "status_code": 200, "tenant_id": "fdd68433-c86c-470c-8b57-cec8ffc3d389", "timestamp": "2026-08-07T12:30:14.887544Z", "trace_id": "932cc9b8fdfe2986ff0fe5d309e0834c"}
api-1       | {"claimed": 50, "event": "outbox_dispatch_batch_completed", "lease_lost": 0, "level": "info", "published": 50, "retry_scheduled": 0, "role": "outbox_dispatcher", "timestamp": "2026-08-07T12:30:15.604754Z"}
api-1       | INFO:     172.18.0.1:56478 - "GET /api/v1/runs/7ad61dd1-c961-4922-bc97-e9c7043f81b2 HTTP/1.1" 200 OK
api-1       | {"api_key_prefix": "evk_5ec841b483bb", "duration_ms": 274.163, "event": "http_request_completed", "level": "info", "method": "GET", "outcome": "success", "path": "/api/v1/runs/7ad61dd1-c961-4922-bc97-e9c7043f81b2", "request_id": "54236d98-9a2b-461e-b7bb-f30a9675007a", "status_code": 200, "tenant_id": "fdd68433-c86c-470c-8b57-cec8ffc3d389", "timestamp": "2026-08-07T12:30:15.683757Z", "trace_id": "466cb522ba3677a88378fc90a4e77b47"}
api-1       | {"claimed": 50, "event": "outbox_dispatch_batch_completed", "lease_lost": 0, "level": "info", "published": 50, "retry_scheduled": 0, "role": "outbox_dispatcher", "timestamp": "2026-08-07T12:30:16.399788Z"}
api-1       | INFO:     172.18.0.1:56478 - "GET /api/v1/runs/7ad61dd1-c961-4922-bc97-e9c7043f81b2 HTTP/1.1" 200 OK
api-1       | {"api_key_prefix": "evk_5ec841b483bb", "duration_ms": 226.727, "event": "http_request_completed", "level": "info", "method": "GET", "outcome": "success", "path": "/api/v1/runs/7ad61dd1-c961-4922-bc97-e9c7043f81b2", "request_id": "d0299f80-d4dc-4c11-835e-b9861726cb0b", "status_code": 200, "tenant_id": "fdd68433-c86c-470c-8b57-cec8ffc3d389", "timestamp": "2026-08-07T12:30:16.415022Z", "trace_id": "eea01c495526508db286fd971547e9ae"}
api-1       | {"event": "Context impl PostgresqlImpl.", "level": "info", "request_id": "09826155-fdb9-4d15-8007-25fa2684dd04", "timestamp": "2026-08-07T12:30:17.409944Z", "trace_id": "9e1d4401216c7118a1d12639a16cb93c"}
api-1       | {"event": "Will assume transactional DDL.", "level": "info", "request_id": "09826155-fdb9-4d15-8007-25fa2684dd04", "timestamp": "2026-08-07T12:30:17.410324Z", "trace_id": "9e1d4401216c7118a1d12639a16cb93c"}
api-1       | {"claimed": 50, "event": "outbox_dispatch_batch_completed", "lease_lost": 0, "level": "info", "published": 50, "retry_scheduled": 0, "role": "outbox_dispatcher", "timestamp": "2026-08-07T12:30:17.423562Z"}
api-1       | INFO:     127.0.0.1:34588 - "GET /health/ready HTTP/1.1" 200 OK
api-1       | {"duration_ms": 221.709, "event": "http_request_completed", "level": "info", "method": "GET", "outcome": "success", "path": "/health/ready", "request_id": "09826155-fdb9-4d15-8007-25fa2684dd04", "status_code": 200, "timestamp": "2026-08-07T12:30:17.477909Z", "trace_id": "9e1d4401216c7118a1d12639a16cb93c"}
api-1       | INFO:     172.18.0.1:56478 - "GET /api/v1/runs/7ad61dd1-c961-4922-bc97-e9c7043f81b2 HTTP/1.1" 200 OK
api-1       | {"api_key_prefix": "evk_5ec841b483bb", "duration_ms": 551.153, "event": "http_request_completed", "level": "info", "method": "GET", "outcome": "success", "path": "/api/v1/runs/7ad61dd1-c961-4922-bc97-e9c7043f81b2", "request_id": "e6408835-acca-4881-8b03-7ee8ab08d109", "status_code": 200, "tenant_id": "fdd68433-c86c-470c-8b57-cec8ffc3d389", "timestamp": "2026-08-07T12:30:17.482553Z", "trace_id": "824b35fedd9a4ba8abeadc8d81aba3a7"}
api-1       | {"claimed": 50, "event": "outbox_dispatch_batch_completed", "lease_lost": 0, "level": "info", "published": 50, "retry_scheduled": 0, "role": "outbox_dispatcher", "timestamp": "2026-08-07T12:30:18.312436Z"}
api-1       | INFO:     172.18.0.1:56478 - "GET /api/v1/runs/7ad61dd1-c961-4922-bc97-e9c7043f81b2 HTTP/1.1" 200 OK
api-1       | {"api_key_prefix": "evk_5ec841b483bb", "duration_ms": 269.017, "event": "http_request_completed", "level": "info", "method": "GET", "outcome": "success", "path": "/api/v1/runs/7ad61dd1-c961-4922-bc97-e9c7043f81b2", "request_id": "44156df9-a398-4783-8574-3324f9ef548d", "status_code": 200, "tenant_id": "fdd68433-c86c-470c-8b57-cec8ffc3d389", "timestamp": "2026-08-07T12:30:18.380595Z", "trace_id": "9607bfcd14b3f0992a63f8f8ab32810e"}
api-1       | {"claimed": 50, "event": "outbox_dispatch_batch_completed", "lease_lost": 0, "level": "info", "published": 50, "retry_scheduled": 0, "role": "outbox_dispatcher", "timestamp": "2026-08-07T12:30:19.013874Z"}
api-1       | INFO:     172.18.0.1:56478 - "GET /api/v1/runs/7ad61dd1-c961-4922-bc97-e9c7043f81b2 HTTP/1.1" 200 OK
api-1       | {"api_key_prefix": "evk_5ec841b483bb", "duration_ms": 183.111, "event": "http_request_completed", "level": "info", "method": "GET", "outcome": "success", "path": "/api/v1/runs/7ad61dd1-c961-4922-bc97-e9c7043f81b2", "request_id": "5f6f03b3-be6e-4e71-b549-80de356b8f1b", "status_code": 200, "tenant_id": "fdd68433-c86c-470c-8b57-cec8ffc3d389", "timestamp": "2026-08-07T12:30:19.068576Z", "trace_id": "5b3f54dc7e7e7e01897c86275b6f76ee"}
api-1       | INFO:     172.18.0.1:56478 - "GET /api/v1/runs/7ad61dd1-c961-4922-bc97-e9c7043f81b2/cases?limit=200&sort=case_id HTTP/1.1" 200 OK
api-1       | {"api_key_prefix": "evk_5ec841b483bb", "duration_ms": 72.476, "event": "http_request_completed", "level": "info", "method": "GET", "outcome": "success", "path": "/api/v1/runs/7ad61dd1-c961-4922-bc97-e9c7043f81b2/cases", "request_id": "4370cfab-1299-469e-a45a-cbe325cd348d", "status_code": 200, "tenant_id": "fdd68433-c86c-470c-8b57-cec8ffc3d389", "timestamp": "2026-08-07T12:30:19.142856Z", "trace_id": "ea97422f8a8b1867aca71d8b664cd981"}
api-1       | INFO:     172.18.0.1:56478 - "GET /api/v1/runs/7ad61dd1-c961-4922-bc97-e9c7043f81b2/cases?limit=200&sort=case_id&cursor=eyJkaXJlY3Rpb24iOiJhc2MiLCJlcnJvcl9jb2RlIjpudWxsLCJqb2JfaWQiOiI1NjVhODRiZi0yNmI2LTQ4NDMtYTJiMS00OWY0MDAwMDYwYWMiLCJtZXRyaWMiOm51bGwsInNvcnQiOiJjYXNlX2lkIiwic3RhdHVzIjpudWxsLCJ2IjoxLCJ2YWx1ZSI6ImxvYWQtMDE5OSJ9 HTTP/1.1" 200 OK
api-1       | {"api_key_prefix": "evk_5ec841b483bb", "duration_ms": 73.201, "event": "http_request_completed", "level": "info", "method": "GET", "outcome": "success", "path": "/api/v1/runs/7ad61dd1-c961-4922-bc97-e9c7043f81b2/cases", "request_id": "042235ea-640d-4c71-92b8-d630b2307b7b", "status_code": 200, "tenant_id": "fdd68433-c86c-470c-8b57-cec8ffc3d389", "timestamp": "2026-08-07T12:30:19.219000Z", "trace_id": "7b988c33ec85ef9a3c79867bdd4ccc4d"}
api-1       | INFO:     172.18.0.1:56478 - "GET /api/v1/runs/7ad61dd1-c961-4922-bc97-e9c7043f81b2/cases?limit=200&sort=case_id&cursor=eyJkaXJlY3Rpb24iOiJhc2MiLCJlcnJvcl9jb2RlIjpudWxsLCJqb2JfaWQiOiI0YzNhYjlkMy0zODlkLTQyYzktYWM2Yi04ZGFkOTM2ODU3OTgiLCJtZXRyaWMiOm51bGwsInNvcnQiOiJjYXNlX2lkIiwic3RhdHVzIjpudWxsLCJ2IjoxLCJ2YWx1ZSI6ImxvYWQtMDM5OSJ9 HTTP/1.1" 200 OK
api-1       | {"api_key_prefix": "evk_5ec841b483bb", "duration_ms": 64.124, "event": "http_request_completed", "level": "info", "method": "GET", "outcome": "success", "path": "/api/v1/runs/7ad61dd1-c961-4922-bc97-e9c7043f81b2/cases", "request_id": "f774f0eb-af57-4a2c-ad1d-5ddb14009e1a", "status_code": 200, "tenant_id": "fdd68433-c86c-470c-8b57-cec8ffc3d389", "timestamp": "2026-08-07T12:30:19.285597Z", "trace_id": "7fce980391cdd16722d6ba13e65cad1d"}
api-1       | {"claimed": 50, "event": "outbox_dispatch_batch_completed", "lease_lost": 0, "level": "info", "published": 50, "retry_scheduled": 0, "role": "outbox_dispatcher", "timestamp": "2026-08-07T12:30:19.877697Z"}
api-1       | INFO:     127.0.0.1:39608 - "GET /metrics HTTP/1.1" 200 OK
api-1       | {"duration_ms": 26.336, "event": "http_request_completed", "level": "info", "method": "GET", "outcome": "success", "path": "/metrics", "request_id": "647731b7-c9f3-4d58-9fe1-02d170c5a03d", "status_code": 200, "timestamp": "2026-08-07T12:30:19.896144Z", "trace_id": "6db3e3f39d157936beb28b256f1b8459"}
api-1       | {"claimed": 50, "event": "outbox_dispatch_batch_completed", "lease_lost": 0, "level": "info", "published": 50, "retry_scheduled": 0, "role": "outbox_dispatcher", "timestamp": "2026-08-07T12:30:20.606547Z"}
api-1       | {"claimed": 50, "event": "outbox_dispatch_batch_completed", "lease_lost": 0, "level": "info", "published": 50, "retry_scheduled": 0, "role": "outbox_dispatcher", "timestamp": "2026-08-07T12:30:21.322490Z"}
api-1       | {"claimed": 50, "event": "outbox_dispatch_batch_completed", "lease_lost": 0, "level": "info", "published": 50, "retry_scheduled": 0, "role": "outbox_dispatcher", "timestamp": "2026-08-07T12:30:22.009050Z"}
api-1       | {"claimed": 50, "event": "outbox_dispatch_batch_completed", "lease_lost": 0, "level": "info", "published": 50, "retry_scheduled": 0, "role": "outbox_dispatcher", "timestamp": "2026-08-07T12:30:22.829952Z"}
api-1       | {"event": "Context impl PostgresqlImpl.", "level": "info", "request_id": "5f9572ab-a583-45be-a3e8-69c95c9e84b2", "timestamp": "2026-08-07T12:30:22.956528Z", "trace_id": "7243c0250ea7bdff3535eab453ab33c1"}
api-1       | {"event": "Will assume transactional DDL.", "level": "info", "request_id": "5f9572ab-a583-45be-a3e8-69c95c9e84b2", "timestamp": "2026-08-07T12:30:22.956643Z", "trace_id": "7243c0250ea7bdff3535eab453ab33c1"}
api-1       | INFO:     127.0.0.1:39624 - "GET /health/ready HTTP/1.1" 200 OK
api-1       | {"duration_ms": 74.621, "event": "http_request_completed", "level": "info", "method": "GET", "outcome": "success", "path": "/health/ready", "request_id": "5f9572ab-a583-45be-a3e8-69c95c9e84b2", "status_code": 200, "timestamp": "2026-08-07T12:30:23.016097Z", "trace_id": "7243c0250ea7bdff3535eab453ab33c1"}
api-1       | {"claimed": 50, "event": "outbox_dispatch_batch_completed", "lease_lost": 0, "level": "info", "published": 50, "retry_scheduled": 0, "role": "outbox_dispatcher", "timestamp": "2026-08-07T12:30:23.510814Z"}
api-1       | {"claimed": 50, "event": "outbox_dispatch_batch_completed", "lease_lost": 0, "level": "info", "published": 50, "retry_scheduled": 0, "role": "outbox_dispatcher", "timestamp": "2026-08-07T12:30:24.219366Z"}
api-1       | {"claimed": 50, "event": "outbox_dispatch_batch_completed", "lease_lost": 0, "level": "info", "published": 50, "retry_scheduled": 0, "role": "outbox_dispatcher", "timestamp": "2026-08-07T12:30:24.942735Z"}
api-1       | {"claimed": 50, "event": "outbox_dispatch_batch_completed", "lease_lost": 0, "level": "info", "published": 50, "retry_scheduled": 0, "role": "outbox_dispatcher", "timestamp": "2026-08-07T12:30:25.683068Z"}
api-1       | {"claimed": 50, "event": "outbox_dispatch_batch_completed", "lease_lost": 0, "level": "info", "published": 50, "retry_scheduled": 0, "role": "outbox_dispatcher", "timestamp": "2026-08-07T12:30:26.412378Z"}
api-1       | {"claimed": 4, "event": "outbox_dispatch_batch_completed", "lease_lost": 0, "level": "info", "published": 4, "retry_scheduled": 0, "role": "outbox_dispatcher", "timestamp": "2026-08-07T12:30:26.940824Z"}
api-1       | INFO:     172.18.0.1:39476 - "POST /api/v1/runs HTTP/1.1" 202 Accepted
api-1       | {"api_key_prefix": "evk_5ec841b483bb", "duration_ms": 84.903, "event": "http_request_completed", "level": "info", "method": "POST", "outcome": "success", "path": "/api/v1/runs", "request_id": "21fcf689-c848-4743-9450-a4cede46380a", "status_code": 202, "tenant_id": "fdd68433-c86c-470c-8b57-cec8ffc3d389", "timestamp": "2026-08-07T12:30:27.262076Z", "trace_id": "4a8df04d581cf181b609bbb9b8ad2b32"}
api-1       | INFO:     172.18.0.1:39476 - "GET /api/v1/runs/b0d399ed-9600-4d9b-9f25-73bf38c4b88e HTTP/1.1" 200 OK
api-1       | {"api_key_prefix": "evk_5ec841b483bb", "duration_ms": 51.626, "event": "http_request_completed", "level": "info", "method": "GET", "outcome": "success", "path": "/api/v1/runs/b0d399ed-9600-4d9b-9f25-73bf38c4b88e", "request_id": "a0644326-b581-4098-9fa2-9cce3e6c6249", "status_code": 200, "tenant_id": "fdd68433-c86c-470c-8b57-cec8ffc3d389", "timestamp": "2026-08-07T12:30:27.315282Z", "trace_id": "b5b167c51f8b388e1c460e321da0883d"}
api-1       | {"claimed": 10, "event": "outbox_dispatch_batch_completed", "lease_lost": 0, "level": "info", "published": 10, "retry_scheduled": 0, "role": "outbox_dispatcher", "timestamp": "2026-08-07T12:30:27.514379Z"}
api-1       | INFO:     172.18.0.1:39476 - "GET /api/v1/runs/b0d399ed-9600-4d9b-9f25-73bf38c4b88e HTTP/1.1" 200 OK
api-1       | {"api_key_prefix": "evk_5ec841b483bb", "duration_ms": 54.618, "event": "http_request_completed", "level": "info", "method": "GET", "outcome": "success", "path": "/api/v1/runs/b0d399ed-9600-4d9b-9f25-73bf38c4b88e", "request_id": "c72aade7-a01a-42a4-b15b-348e0adac70b", "status_code": 200, "tenant_id": "fdd68433-c86c-470c-8b57-cec8ffc3d389", "timestamp": "2026-08-07T12:30:27.872580Z", "trace_id": "8da657ebcb132e30f6df09845c5faa99"}
api-1       | {"claimed": 26, "event": "outbox_dispatch_batch_completed", "lease_lost": 0, "level": "info", "published": 26, "retry_scheduled": 0, "role": "outbox_dispatcher", "timestamp": "2026-08-07T12:30:28.238359Z"}
api-1       | INFO:     172.18.0.1:39476 - "GET /api/v1/runs/b0d399ed-9600-4d9b-9f25-73bf38c4b88e HTTP/1.1" 200 OK
api-1       | {"api_key_prefix": "evk_5ec841b483bb", "duration_ms": 103.532, "event": "http_request_completed", "level": "info", "method": "GET", "outcome": "success", "path": "/api/v1/runs/b0d399ed-9600-4d9b-9f25-73bf38c4b88e", "request_id": "31d08103-e47c-428c-b1ad-e78245dc57ee", "status_code": 200, "tenant_id": "fdd68433-c86c-470c-8b57-cec8ffc3d389", "timestamp": "2026-08-07T12:30:28.479700Z", "trace_id": "a6d9c8007f51070636543f95f1b8b24c"}
api-1       | {"event": "Context impl PostgresqlImpl.", "level": "info", "request_id": "454e640a-e87f-4119-b163-dc0b9eb5de06", "timestamp": "2026-08-07T12:30:28.531360Z", "trace_id": "10bc7edfbb8c8046360cb171f81aa169"}
api-1       | {"event": "Will assume transactional DDL.", "level": "info", "request_id": "454e640a-e87f-4119-b163-dc0b9eb5de06", "timestamp": "2026-08-07T12:30:28.531500Z", "trace_id": "10bc7edfbb8c8046360cb171f81aa169"}
api-1       | INFO:     127.0.0.1:39658 - "GET /health/ready HTTP/1.1" 200 OK
api-1       | {"duration_ms": 68.668, "event": "http_request_completed", "level": "info", "method": "GET", "outcome": "success", "path": "/health/ready", "request_id": "454e640a-e87f-4119-b163-dc0b9eb5de06", "status_code": 200, "timestamp": "2026-08-07T12:30:28.541411Z", "trace_id": "10bc7edfbb8c8046360cb171f81aa169"}
api-1       | {"claimed": 28, "event": "outbox_dispatch_batch_completed", "lease_lost": 0, "level": "info", "published": 28, "retry_scheduled": 0, "role": "outbox_dispatcher", "timestamp": "2026-08-07T12:30:28.892707Z"}
api-1       | INFO:     172.18.0.1:39476 - "GET /api/v1/runs/b0d399ed-9600-4d9b-9f25-73bf38c4b88e HTTP/1.1" 200 OK
api-1       | {"api_key_prefix": "evk_5ec841b483bb", "duration_ms": 60.792, "event": "http_request_completed", "level": "info", "method": "GET", "outcome": "success", "path": "/api/v1/runs/b0d399ed-9600-4d9b-9f25-73bf38c4b88e", "request_id": "39b43d70-50bf-4645-9d6d-49e13b765c8f", "status_code": 200, "tenant_id": "fdd68433-c86c-470c-8b57-cec8ffc3d389", "timestamp": "2026-08-07T12:30:29.042753Z", "trace_id": "4639b61a1be2b9e755ce3c5cd36fe48b"}
api-1       | {"claimed": 32, "event": "outbox_dispatch_batch_completed", "lease_lost": 0, "level": "info", "published": 32, "retry_scheduled": 0, "role": "outbox_dispatcher", "timestamp": "2026-08-07T12:30:29.577763Z"}
api-1       | INFO:     172.18.0.1:39476 - "GET /api/v1/runs/b0d399ed-9600-4d9b-9f25-73bf38c4b88e HTTP/1.1" 200 OK
api-1       | {"api_key_prefix": "evk_5ec841b483bb", "duration_ms": 89.139, "event": "http_request_completed", "level": "info", "method": "GET", "outcome": "success", "path": "/api/v1/runs/b0d399ed-9600-4d9b-9f25-73bf38c4b88e", "request_id": "b30d5201-7dcc-495e-9c9a-b538691368e3", "status_code": 200, "tenant_id": "fdd68433-c86c-470c-8b57-cec8ffc3d389", "timestamp": "2026-08-07T12:30:29.634540Z", "trace_id": "a4f146c87ccb105b66dbb582e3fafd8b"}
api-1       | INFO:     172.18.0.1:39476 - "GET /api/v1/runs/b0d399ed-9600-4d9b-9f25-73bf38c4b88e/cases?limit=200&sort=case_id HTTP/1.1" 200 OK
api-1       | {"api_key_prefix": "evk_5ec841b483bb", "duration_ms": 60.507, "event": "http_request_completed", "level": "info", "method": "GET", "outcome": "success", "path": "/api/v1/runs/b0d399ed-9600-4d9b-9f25-73bf38c4b88e/cases", "request_id": "fc8078d9-9343-4cbd-ac47-77f86250f969", "status_code": 200, "tenant_id": "fdd68433-c86c-470c-8b57-cec8ffc3d389", "timestamp": "2026-08-07T12:30:29.696714Z", "trace_id": "7a0d3d719428c3beed170bf168ba8674"}
api-1       | INFO:     127.0.0.1:45822 - "GET /metrics HTTP/1.1" 200 OK
api-1       | {"duration_ms": 25.285, "event": "http_request_completed", "level": "info", "method": "GET", "outcome": "success", "path": "/metrics", "request_id": "66e38bbd-dbda-417f-85df-879f211fe6f6", "status_code": 200, "timestamp": "2026-08-07T12:30:30.100638Z", "trace_id": "359eb2bddfa30bf14a289796cfc5093e"}
api-1       | {"claimed": 6, "event": "outbox_dispatch_batch_completed", "lease_lost": 0, "level": "info", "published": 6, "retry_scheduled": 0, "role": "outbox_dispatcher", "timestamp": "2026-08-07T12:30:30.127021Z"}
api-1       | INFO:     172.18.0.1:39476 - "POST /api/v1/runs HTTP/1.1" 202 Accepted
api-1       | {"api_key_prefix": "evk_5ec841b483bb", "duration_ms": 254.975, "event": "http_request_completed", "level": "info", "method": "POST", "outcome": "success", "path": "/api/v1/runs", "request_id": "d4c931b9-b018-45ac-97a7-3c5063ccb09d", "status_code": 202, "tenant_id": "fdd68433-c86c-470c-8b57-cec8ffc3d389", "timestamp": "2026-08-07T12:30:30.957527Z", "trace_id": "e05d48e64ce207fa02719ec8e1c5e100"}
api-1       | INFO:     172.18.0.1:39476 - "GET /api/v1/runs/89a4f699-4cd4-4801-b6f2-59a3d7f3235f HTTP/1.1" 200 OK
api-1       | {"api_key_prefix": "evk_5ec841b483bb", "duration_ms": 48.276, "event": "http_request_completed", "level": "info", "method": "GET", "outcome": "success", "path": "/api/v1/runs/89a4f699-4cd4-4801-b6f2-59a3d7f3235f", "request_id": "14fae18f-fe76-4fbe-a379-816e26c556a9", "status_code": 200, "tenant_id": "fdd68433-c86c-470c-8b57-cec8ffc3d389", "timestamp": "2026-08-07T12:30:31.007463Z", "trace_id": "4d0c9bdda042b9d05f5500531117bbef"}
api-1       | {"claimed": 7, "event": "outbox_dispatch_batch_completed", "lease_lost": 0, "level": "info", "published": 7, "retry_scheduled": 0, "role": "outbox_dispatcher", "timestamp": "2026-08-07T12:30:31.171156Z"}
api-1       | INFO:     172.18.0.1:39476 - "GET /api/v1/runs/89a4f699-4cd4-4801-b6f2-59a3d7f3235f HTTP/1.1" 200 OK
api-1       | {"api_key_prefix": "evk_5ec841b483bb", "duration_ms": 51.556, "event": "http_request_completed", "level": "info", "method": "GET", "outcome": "success", "path": "/api/v1/runs/89a4f699-4cd4-4801-b6f2-59a3d7f3235f", "request_id": "d271b3f1-ba91-4d2a-af5d-b5289fa3047f", "status_code": 200, "tenant_id": "fdd68433-c86c-470c-8b57-cec8ffc3d389", "timestamp": "2026-08-07T12:30:31.561628Z", "trace_id": "b48277075e1ffbd565d96f1e51a5767d"}
api-1       | {"claimed": 27, "event": "outbox_dispatch_batch_completed", "lease_lost": 0, "level": "info", "published": 27, "retry_scheduled": 0, "role": "outbox_dispatcher", "timestamp": "2026-08-07T12:30:31.807884Z"}
api-1       | INFO:     172.18.0.1:39476 - "GET /api/v1/runs/89a4f699-4cd4-4801-b6f2-59a3d7f3235f HTTP/1.1" 200 OK
api-1       | {"api_key_prefix": "evk_5ec841b483bb", "duration_ms": 52.325, "event": "http_request_completed", "level": "info", "method": "GET", "outcome": "success", "path": "/api/v1/runs/89a4f699-4cd4-4801-b6f2-59a3d7f3235f", "request_id": "1791960e-7294-4422-a57b-edfa285edbfa", "status_code": 200, "tenant_id": "fdd68433-c86c-470c-8b57-cec8ffc3d389", "timestamp": "2026-08-07T12:30:32.116377Z", "trace_id": "c67f604d50e9ea373c0afaff2738df62"}
api-1       | {"claimed": 26, "event": "outbox_dispatch_batch_completed", "lease_lost": 0, "level": "info", "published": 26, "retry_scheduled": 0, "role": "outbox_dispatcher", "timestamp": "2026-08-07T12:30:32.478441Z"}
api-1       | INFO:     172.18.0.1:39476 - "GET /api/v1/runs/89a4f699-4cd4-4801-b6f2-59a3d7f3235f HTTP/1.1" 200 OK
api-1       | {"api_key_prefix": "evk_5ec841b483bb", "duration_ms": 54.797, "event": "http_request_completed", "level": "info", "method": "GET", "outcome": "success", "path": "/api/v1/runs/89a4f699-4cd4-4801-b6f2-59a3d7f3235f", "request_id": "d1ddb6f5-cab2-4d3d-8957-3422df8a32e5", "status_code": 200, "tenant_id": "fdd68433-c86c-470c-8b57-cec8ffc3d389", "timestamp": "2026-08-07T12:30:32.673777Z", "trace_id": "32cdf658f6f25a32dcc88e581db2e4ac"}
api-1       | {"claimed": 28, "event": "outbox_dispatch_batch_completed", "lease_lost": 0, "level": "info", "published": 28, "retry_scheduled": 0, "role": "outbox_dispatcher", "timestamp": "2026-08-07T12:30:33.179785Z"}
api-1       | INFO:     172.18.0.1:39476 - "GET /api/v1/runs/89a4f699-4cd4-4801-b6f2-59a3d7f3235f HTTP/1.1" 200 OK
api-1       | {"api_key_prefix": "evk_5ec841b483bb", "duration_ms": 59.096, "event": "http_request_completed", "level": "info", "method": "GET", "outcome": "success", "path": "/api/v1/runs/89a4f699-4cd4-4801-b6f2-59a3d7f3235f", "request_id": "641212a4-7b19-44cd-9a2c-ef8468562d25", "status_code": 200, "tenant_id": "fdd68433-c86c-470c-8b57-cec8ffc3d389", "timestamp": "2026-08-07T12:30:33.237663Z", "trace_id": "fff8246d951686e1553a3260c3c8afc3"}
api-1       | {"claimed": 31, "event": "outbox_dispatch_batch_completed", "lease_lost": 0, "level": "info", "published": 31, "retry_scheduled": 0, "role": "outbox_dispatcher", "timestamp": "2026-08-07T12:30:34.027305Z"}
api-1       | {"event": "Context impl PostgresqlImpl.", "level": "info", "request_id": "1e574227-30a9-4850-bcd0-e5cadc7aaae3", "timestamp": "2026-08-07T12:30:34.074634Z", "trace_id": "4f44c7840e7104126102fcd54dc6a00b"}
api-1       | {"event": "Will assume transactional DDL.", "level": "info", "request_id": "1e574227-30a9-4850-bcd0-e5cadc7aaae3", "timestamp": "2026-08-07T12:30:34.074774Z", "trace_id": "4f44c7840e7104126102fcd54dc6a00b"}
api-1       | INFO:     172.18.0.1:39476 - "GET /api/v1/runs/89a4f699-4cd4-4801-b6f2-59a3d7f3235f HTTP/1.1" 200 OK
api-1       | {"api_key_prefix": "evk_5ec841b483bb", "duration_ms": 323.03, "event": "http_request_completed", "level": "info", "method": "GET", "outcome": "success", "path": "/api/v1/runs/89a4f699-4cd4-4801-b6f2-59a3d7f3235f", "request_id": "6d90d832-5aa3-4c85-bf08-10c49b1b7424", "status_code": 200, "tenant_id": "fdd68433-c86c-470c-8b57-cec8ffc3d389", "timestamp": "2026-08-07T12:30:34.083022Z", "trace_id": "5644ac28e8073485a77a06c85d0f786a"}
api-1       | INFO:     127.0.0.1:45838 - "GET /health/ready HTTP/1.1" 200 OK
api-1       | {"duration_ms": 31.338, "event": "http_request_completed", "level": "info", "method": "GET", "outcome": "success", "path": "/health/ready", "request_id": "1e574227-30a9-4850-bcd0-e5cadc7aaae3", "status_code": 200, "timestamp": "2026-08-07T12:30:34.083638Z", "trace_id": "4f44c7840e7104126102fcd54dc6a00b"}
api-1       | {"claimed": 39, "event": "outbox_dispatch_batch_completed", "lease_lost": 0, "level": "info", "published": 39, "retry_scheduled": 0, "role": "outbox_dispatcher", "timestamp": "2026-08-07T12:30:34.705993Z"}
api-1       | INFO:     172.18.0.1:39476 - "GET /api/v1/runs/89a4f699-4cd4-4801-b6f2-59a3d7f3235f HTTP/1.1" 200 OK
api-1       | {"api_key_prefix": "evk_5ec841b483bb", "duration_ms": 171.926, "event": "http_request_completed", "level": "info", "method": "GET", "outcome": "success", "path": "/api/v1/runs/89a4f699-4cd4-4801-b6f2-59a3d7f3235f", "request_id": "559d2a78-1925-4212-99c9-49339772f7e2", "status_code": 200, "tenant_id": "fdd68433-c86c-470c-8b57-cec8ffc3d389", "timestamp": "2026-08-07T12:30:34.760715Z", "trace_id": "55f3073081f72bfa9ffea73193874b13"}
api-1       | {"claimed": 31, "event": "outbox_dispatch_batch_completed", "lease_lost": 0, "level": "info", "published": 31, "retry_scheduled": 0, "role": "outbox_dispatcher", "timestamp": "2026-08-07T12:30:35.385996Z"}
api-1       | INFO:     172.18.0.1:39476 - "GET /api/v1/runs/89a4f699-4cd4-4801-b6f2-59a3d7f3235f HTTP/1.1" 200 OK
api-1       | {"api_key_prefix": "evk_5ec841b483bb", "duration_ms": 178.17, "event": "http_request_completed", "level": "info", "method": "GET", "outcome": "success", "path": "/api/v1/runs/89a4f699-4cd4-4801-b6f2-59a3d7f3235f", "request_id": "b2cfc427-e2c5-472c-84d3-386c0785bb2c", "status_code": 200, "tenant_id": "fdd68433-c86c-470c-8b57-cec8ffc3d389", "timestamp": "2026-08-07T12:30:35.443512Z", "trace_id": "d6e8a89478e21b6bfba50a710fc259bd"}
api-1       | {"claimed": 31, "event": "outbox_dispatch_batch_completed", "lease_lost": 0, "level": "info", "published": 31, "retry_scheduled": 0, "role": "outbox_dispatcher", "timestamp": "2026-08-07T12:30:36.179113Z"}
api-1       | INFO:     172.18.0.1:39476 - "GET /api/v1/runs/89a4f699-4cd4-4801-b6f2-59a3d7f3235f HTTP/1.1" 200 OK
api-1       | {"api_key_prefix": "evk_5ec841b483bb", "duration_ms": 233.303, "event": "http_request_completed", "level": "info", "method": "GET", "outcome": "success", "path": "/api/v1/runs/89a4f699-4cd4-4801-b6f2-59a3d7f3235f", "request_id": "10c0ba2b-05b5-4c5b-a544-76f2e0fa5600", "status_code": 200, "tenant_id": "fdd68433-c86c-470c-8b57-cec8ffc3d389", "timestamp": "2026-08-07T12:30:36.189404Z", "trace_id": "a4a09b027530876b1775f26ff08056b1"}
api-1       | {"claimed": 34, "event": "outbox_dispatch_batch_completed", "lease_lost": 0, "level": "info", "published": 34, "retry_scheduled": 0, "role": "outbox_dispatcher", "timestamp": "2026-08-07T12:30:36.892432Z"}
api-1       | INFO:     172.18.0.1:39476 - "GET /api/v1/runs/89a4f699-4cd4-4801-b6f2-59a3d7f3235f HTTP/1.1" 200 OK
api-1       | {"api_key_prefix": "evk_5ec841b483bb", "duration_ms": 213.061, "event": "http_request_completed", "level": "info", "method": "GET", "outcome": "success", "path": "/api/v1/runs/89a4f699-4cd4-4801-b6f2-59a3d7f3235f", "request_id": "a02f1201-c7d5-4b62-9132-283789ba88c0", "status_code": 200, "tenant_id": "fdd68433-c86c-470c-8b57-cec8ffc3d389", "timestamp": "2026-08-07T12:30:36.906008Z", "trace_id": "a93b4c9fe7711793dfe6c60aedaafcb8"}
api-1       | {"claimed": 34, "event": "outbox_dispatch_batch_completed", "lease_lost": 0, "level": "info", "published": 34, "retry_scheduled": 0, "role": "outbox_dispatcher", "timestamp": "2026-08-07T12:30:37.586471Z"}
api-1       | INFO:     172.18.0.1:39476 - "GET /api/v1/runs/89a4f699-4cd4-4801-b6f2-59a3d7f3235f HTTP/1.1" 200 OK
api-1       | {"api_key_prefix": "evk_5ec841b483bb", "duration_ms": 248.926, "event": "http_request_completed", "level": "info", "method": "GET", "outcome": "success", "path": "/api/v1/runs/89a4f699-4cd4-4801-b6f2-59a3d7f3235f", "request_id": "9098d570-bd11-4e5e-bd64-28047d8d121c", "status_code": 200, "tenant_id": "fdd68433-c86c-470c-8b57-cec8ffc3d389", "timestamp": "2026-08-07T12:30:37.677566Z", "trace_id": "16a7d500646b013027c86438e04d309a"}
api-1       | {"claimed": 27, "event": "outbox_dispatch_batch_completed", "lease_lost": 0, "level": "info", "published": 27, "retry_scheduled": 0, "role": "outbox_dispatcher", "timestamp": "2026-08-07T12:30:38.279464Z"}
api-1       | INFO:     172.18.0.1:39476 - "GET /api/v1/runs/89a4f699-4cd4-4801-b6f2-59a3d7f3235f HTTP/1.1" 200 OK
api-1       | {"api_key_prefix": "evk_5ec841b483bb", "duration_ms": 146.403, "event": "http_request_completed", "level": "info", "method": "GET", "outcome": "success", "path": "/api/v1/runs/89a4f699-4cd4-4801-b6f2-59a3d7f3235f", "request_id": "4fbabee4-d6a3-4a77-a2a0-adb8aa4d6243", "status_code": 200, "tenant_id": "fdd68433-c86c-470c-8b57-cec8ffc3d389", "timestamp": "2026-08-07T12:30:38.333949Z", "trace_id": "9141125eaa18e4ff36ae8ebe54a5acf8"}
api-1       | {"claimed": 29, "event": "outbox_dispatch_batch_completed", "lease_lost": 0, "level": "info", "published": 29, "retry_scheduled": 0, "role": "outbox_dispatcher", "timestamp": "2026-08-07T12:30:38.984357Z"}
api-1       | INFO:     172.18.0.1:39476 - "GET /api/v1/runs/89a4f699-4cd4-4801-b6f2-59a3d7f3235f HTTP/1.1" 200 OK
api-1       | {"api_key_prefix": "evk_5ec841b483bb", "duration_ms": 203.35, "event": "http_request_completed", "level": "info", "method": "GET", "outcome": "success", "path": "/api/v1/runs/89a4f699-4cd4-4801-b6f2-59a3d7f3235f", "request_id": "46dd499a-6ae5-4a5c-9cc6-080a8644906b", "status_code": 200, "tenant_id": "fdd68433-c86c-470c-8b57-cec8ffc3d389", "timestamp": "2026-08-07T12:30:39.042980Z", "trace_id": "23254af298b8706030c2327c7158cb81"}
api-1       | {"event": "Context impl PostgresqlImpl.", "level": "info", "request_id": "586b5904-33b9-42f8-afcc-cd3c8b66455e", "timestamp": "2026-08-07T12:30:39.430226Z", "trace_id": "35a65ba745b4dd9eb2428b474450fba8"}
api-1       | {"event": "Will assume transactional DDL.", "level": "info", "request_id": "586b5904-33b9-42f8-afcc-cd3c8b66455e", "timestamp": "2026-08-07T12:30:39.430361Z", "trace_id": "35a65ba745b4dd9eb2428b474450fba8"}
api-1       | INFO:     127.0.0.1:45878 - "GET /health/ready HTTP/1.1" 200 OK
api-1       | {"duration_ms": 22.839, "event": "http_request_completed", "level": "info", "method": "GET", "outcome": "success", "path": "/health/ready", "request_id": "586b5904-33b9-42f8-afcc-cd3c8b66455e", "status_code": 200, "timestamp": "2026-08-07T12:30:39.437389Z", "trace_id": "35a65ba745b4dd9eb2428b474450fba8"}
api-1       | {"claimed": 26, "event": "outbox_dispatch_batch_completed", "lease_lost": 0, "level": "info", "published": 26, "retry_scheduled": 0, "role": "outbox_dispatcher", "timestamp": "2026-08-07T12:30:39.678430Z"}
api-1       | INFO:     172.18.0.1:39476 - "GET /api/v1/runs/89a4f699-4cd4-4801-b6f2-59a3d7f3235f HTTP/1.1" 200 OK
api-1       | {"api_key_prefix": "evk_5ec841b483bb", "duration_ms": 124.699, "event": "http_request_completed", "level": "info", "method": "GET", "outcome": "success", "path": "/api/v1/runs/89a4f699-4cd4-4801-b6f2-59a3d7f3235f", "request_id": "8c91ef6f-b304-4af1-a75d-c53770068701", "status_code": 200, "tenant_id": "fdd68433-c86c-470c-8b57-cec8ffc3d389", "timestamp": "2026-08-07T12:30:39.687030Z", "trace_id": "7714dca3a4cd00321d3a0fb7c62586a4"}
api-1       | {"claimed": 31, "event": "outbox_dispatch_batch_completed", "lease_lost": 0, "level": "info", "published": 31, "retry_scheduled": 0, "role": "outbox_dispatcher", "timestamp": "2026-08-07T12:30:40.378935Z"}
api-1       | INFO:     172.18.0.1:39476 - "GET /api/v1/runs/89a4f699-4cd4-4801-b6f2-59a3d7f3235f HTTP/1.1" 200 OK
api-1       | {"api_key_prefix": "evk_5ec841b483bb", "duration_ms": 192.482, "event": "http_request_completed", "level": "info", "method": "GET", "outcome": "success", "path": "/api/v1/runs/89a4f699-4cd4-4801-b6f2-59a3d7f3235f", "request_id": "808b9e77-cf54-4165-8a72-516158ff5765", "status_code": 200, "tenant_id": "fdd68433-c86c-470c-8b57-cec8ffc3d389", "timestamp": "2026-08-07T12:30:40.381704Z", "trace_id": "3c5044263e4e9f8506ed985a4a688599"}
api-1       | {"claimed": 31, "event": "outbox_dispatch_batch_completed", "lease_lost": 0, "level": "info", "published": 31, "retry_scheduled": 0, "role": "outbox_dispatcher", "timestamp": "2026-08-07T12:30:41.079761Z"}
api-1       | INFO:     172.18.0.1:39476 - "GET /api/v1/runs/89a4f699-4cd4-4801-b6f2-59a3d7f3235f HTTP/1.1" 200 OK
api-1       | {"api_key_prefix": "evk_5ec841b483bb", "duration_ms": 204.507, "event": "http_request_completed", "level": "info", "method": "GET", "outcome": "success", "path": "/api/v1/runs/89a4f699-4cd4-4801-b6f2-59a3d7f3235f", "request_id": "ad4ab949-cb7b-4574-a01c-e6b6f9a6bd3f", "status_code": 200, "tenant_id": "fdd68433-c86c-470c-8b57-cec8ffc3d389", "timestamp": "2026-08-07T12:30:41.091550Z", "trace_id": "7f368530a7e72bcac5ed4025090d8fee"}
api-1       | {"claimed": 30, "event": "outbox_dispatch_batch_completed", "lease_lost": 0, "level": "info", "published": 30, "retry_scheduled": 0, "role": "outbox_dispatcher", "timestamp": "2026-08-07T12:30:41.810652Z"}
api-1       | INFO:     172.18.0.1:39476 - "GET /api/v1/runs/89a4f699-4cd4-4801-b6f2-59a3d7f3235f HTTP/1.1" 200 OK
api-1       | {"api_key_prefix": "evk_5ec841b483bb", "duration_ms": 217.345, "event": "http_request_completed", "level": "info", "method": "GET", "outcome": "success", "path": "/api/v1/runs/89a4f699-4cd4-4801-b6f2-59a3d7f3235f", "request_id": "3a1c6dda-f19f-4b48-bba8-63c7db276e72", "status_code": 200, "tenant_id": "fdd68433-c86c-470c-8b57-cec8ffc3d389", "timestamp": "2026-08-07T12:30:41.811965Z", "trace_id": "ea96c034a56e67f12d862d81807d6100"}
api-1       | {"claimed": 32, "event": "outbox_dispatch_batch_completed", "lease_lost": 0, "level": "info", "published": 32, "retry_scheduled": 0, "role": "outbox_dispatcher", "timestamp": "2026-08-07T12:30:42.512044Z"}
api-1       | INFO:     172.18.0.1:39476 - "GET /api/v1/runs/89a4f699-4cd4-4801-b6f2-59a3d7f3235f HTTP/1.1" 200 OK
api-1       | {"api_key_prefix": "evk_5ec841b483bb", "duration_ms": 264.369, "event": "http_request_completed", "level": "info", "method": "GET", "outcome": "success", "path": "/api/v1/runs/89a4f699-4cd4-4801-b6f2-59a3d7f3235f", "request_id": "94158f8f-7c1d-4c71-8bc1-daeadccfdde7", "status_code": 200, "tenant_id": "fdd68433-c86c-470c-8b57-cec8ffc3d389", "timestamp": "2026-08-07T12:30:42.579286Z", "trace_id": "b2e760a438fd5951a772d15062cfb345"}
api-1       | {"claimed": 30, "event": "outbox_dispatch_batch_completed", "lease_lost": 0, "level": "info", "published": 30, "retry_scheduled": 0, "role": "outbox_dispatcher", "timestamp": "2026-08-07T12:30:43.178634Z"}
api-1       | INFO:     172.18.0.1:39476 - "GET /api/v1/runs/89a4f699-4cd4-4801-b6f2-59a3d7f3235f HTTP/1.1" 200 OK
api-1       | {"api_key_prefix": "evk_5ec841b483bb", "duration_ms": 132.847, "event": "http_request_completed", "level": "info", "method": "GET", "outcome": "success", "path": "/api/v1/runs/89a4f699-4cd4-4801-b6f2-59a3d7f3235f", "request_id": "a5708495-c9e2-40af-affc-bebb52118e46", "status_code": 200, "tenant_id": "fdd68433-c86c-470c-8b57-cec8ffc3d389", "timestamp": "2026-08-07T12:30:43.237489Z", "trace_id": "363140108763f29d435bb322f50d6f16"}
api-1       | {"claimed": 31, "event": "outbox_dispatch_batch_completed", "lease_lost": 0, "level": "info", "published": 31, "retry_scheduled": 0, "role": "outbox_dispatcher", "timestamp": "2026-08-07T12:30:43.871637Z"}
api-1       | INFO:     172.18.0.1:39476 - "GET /api/v1/runs/89a4f699-4cd4-4801-b6f2-59a3d7f3235f HTTP/1.1" 200 OK
api-1       | {"api_key_prefix": "evk_5ec841b483bb", "duration_ms": 173.027, "event": "http_request_completed", "level": "info", "method": "GET", "outcome": "success", "path": "/api/v1/runs/89a4f699-4cd4-4801-b6f2-59a3d7f3235f", "request_id": "474da137-4afe-46a1-915d-221d4d1bb949", "status_code": 200, "tenant_id": "fdd68433-c86c-470c-8b57-cec8ffc3d389", "timestamp": "2026-08-07T12:30:43.927083Z", "trace_id": "333c35385cd1b20b322cc277c1717fd4"}
api-1       | {"claimed": 31, "event": "outbox_dispatch_batch_completed", "lease_lost": 0, "level": "info", "published": 31, "retry_scheduled": 0, "role": "outbox_dispatcher", "timestamp": "2026-08-07T12:30:44.580066Z"}
api-1       | INFO:     172.18.0.1:39476 - "GET /api/v1/runs/89a4f699-4cd4-4801-b6f2-59a3d7f3235f HTTP/1.1" 200 OK
api-1       | {"api_key_prefix": "evk_5ec841b483bb", "duration_ms": 207.6, "event": "http_request_completed", "level": "info", "method": "GET", "outcome": "success", "path": "/api/v1/runs/89a4f699-4cd4-4801-b6f2-59a3d7f3235f", "request_id": "f09a4fac-e3ed-4f4a-9742-dc6e95973cd3", "status_code": 200, "tenant_id": "fdd68433-c86c-470c-8b57-cec8ffc3d389", "timestamp": "2026-08-07T12:30:44.672363Z", "trace_id": "37edfeb46652daae7d23bd93dc5d97b9"}
api-1       | {"event": "Context impl PostgresqlImpl.", "level": "info", "request_id": "b875bfe0-a603-424a-90d4-875fd23438cd", "timestamp": "2026-08-07T12:30:44.878347Z", "trace_id": "e3581a74de4f5117710a8ab56799209c"}
api-1       | {"event": "Will assume transactional DDL.", "level": "info", "request_id": "b875bfe0-a603-424a-90d4-875fd23438cd", "timestamp": "2026-08-07T12:30:44.878464Z", "trace_id": "e3581a74de4f5117710a8ab56799209c"}
api-1       | INFO:     127.0.0.1:55522 - "GET /health/ready HTTP/1.1" 200 OK
api-1       | {"duration_ms": 96.596, "event": "http_request_completed", "level": "info", "method": "GET", "outcome": "success", "path": "/health/ready", "request_id": "b875bfe0-a603-424a-90d4-875fd23438cd", "status_code": 200, "timestamp": "2026-08-07T12:30:44.960103Z", "trace_id": "e3581a74de4f5117710a8ab56799209c"}
api-1       | {"claimed": 30, "event": "outbox_dispatch_batch_completed", "lease_lost": 0, "level": "info", "published": 30, "retry_scheduled": 0, "role": "outbox_dispatcher", "timestamp": "2026-08-07T12:30:45.276960Z"}
api-1       | INFO:     172.18.0.1:39476 - "GET /api/v1/runs/89a4f699-4cd4-4801-b6f2-59a3d7f3235f HTTP/1.1" 200 OK
api-1       | {"api_key_prefix": "evk_5ec841b483bb", "duration_ms": 147.618, "event": "http_request_completed", "level": "info", "method": "GET", "outcome": "success", "path": "/api/v1/runs/89a4f699-4cd4-4801-b6f2-59a3d7f3235f", "request_id": "e074dfc0-8930-4ce2-8757-5b77d565ace3", "status_code": 200, "tenant_id": "fdd68433-c86c-470c-8b57-cec8ffc3d389", "timestamp": "2026-08-07T12:30:45.331445Z", "trace_id": "f1f205cadd3fb64b636b8a27e994b0f3"}
api-1       | {"claimed": 30, "event": "outbox_dispatch_batch_completed", "lease_lost": 0, "level": "info", "published": 30, "retry_scheduled": 0, "role": "outbox_dispatcher", "timestamp": "2026-08-07T12:30:45.973779Z"}
api-1       | INFO:     172.18.0.1:39476 - "GET /api/v1/runs/89a4f699-4cd4-4801-b6f2-59a3d7f3235f HTTP/1.1" 200 OK
api-1       | {"api_key_prefix": "evk_5ec841b483bb", "duration_ms": 179.486, "event": "http_request_completed", "level": "info", "method": "GET", "outcome": "success", "path": "/api/v1/runs/89a4f699-4cd4-4801-b6f2-59a3d7f3235f", "request_id": "fa57d5ae-44bb-4e05-af32-0b5b9b87e1bd", "status_code": 200, "tenant_id": "fdd68433-c86c-470c-8b57-cec8ffc3d389", "timestamp": "2026-08-07T12:30:46.037041Z", "trace_id": "bf5bf3675bdc79f90dcd777a9dcae657"}
api-1       | {"claimed": 30, "event": "outbox_dispatch_batch_completed", "lease_lost": 0, "level": "info", "published": 30, "retry_scheduled": 0, "role": "outbox_dispatcher", "timestamp": "2026-08-07T12:30:46.672320Z"}
api-1       | INFO:     172.18.0.1:39476 - "GET /api/v1/runs/89a4f699-4cd4-4801-b6f2-59a3d7f3235f HTTP/1.1" 200 OK
api-1       | {"api_key_prefix": "evk_5ec841b483bb", "duration_ms": 183.501, "event": "http_request_completed", "level": "info", "method": "GET", "outcome": "success", "path": "/api/v1/runs/89a4f699-4cd4-4801-b6f2-59a3d7f3235f", "request_id": "b2d70368-d03c-4898-9878-c80c93c69a1b", "status_code": 200, "tenant_id": "fdd68433-c86c-470c-8b57-cec8ffc3d389", "timestamp": "2026-08-07T12:30:46.742702Z", "trace_id": "5b702a9ea4c8d9ef9413204d7df31f8e"}
api-1       | {"claimed": 30, "event": "outbox_dispatch_batch_completed", "lease_lost": 0, "level": "info", "published": 30, "retry_scheduled": 0, "role": "outbox_dispatcher", "timestamp": "2026-08-07T12:30:47.370108Z"}
api-1       | INFO:     172.18.0.1:39476 - "GET /api/v1/runs/89a4f699-4cd4-4801-b6f2-59a3d7f3235f HTTP/1.1" 200 OK
api-1       | {"api_key_prefix": "evk_5ec841b483bb", "duration_ms": 117.762, "event": "http_request_completed", "level": "info", "method": "GET", "outcome": "success", "path": "/api/v1/runs/89a4f699-4cd4-4801-b6f2-59a3d7f3235f", "request_id": "53100518-97a0-4b70-a635-11c8b720c521", "status_code": 200, "tenant_id": "fdd68433-c86c-470c-8b57-cec8ffc3d389", "timestamp": "2026-08-07T12:30:47.387030Z", "trace_id": "e9a2dc98649a9f0af70d89987d7141fd"}
api-1       | {"claimed": 32, "event": "outbox_dispatch_batch_completed", "lease_lost": 0, "level": "info", "published": 32, "retry_scheduled": 0, "role": "outbox_dispatcher", "timestamp": "2026-08-07T12:30:48.079239Z"}
api-1       | INFO:     172.18.0.1:39476 - "GET /api/v1/runs/89a4f699-4cd4-4801-b6f2-59a3d7f3235f HTTP/1.1" 200 OK
api-1       | {"api_key_prefix": "evk_5ec841b483bb", "duration_ms": 243.608, "event": "http_request_completed", "level": "info", "method": "GET", "outcome": "success", "path": "/api/v1/runs/89a4f699-4cd4-4801-b6f2-59a3d7f3235f", "request_id": "65266903-e8c8-4505-95a9-113c418d0c8d", "status_code": 200, "tenant_id": "fdd68433-c86c-470c-8b57-cec8ffc3d389", "timestamp": "2026-08-07T12:30:48.144598Z", "trace_id": "f886938c3a81379782301b870e65002d"}
api-1       | {"claimed": 31, "event": "outbox_dispatch_batch_completed", "lease_lost": 0, "level": "info", "published": 31, "retry_scheduled": 0, "role": "outbox_dispatcher", "timestamp": "2026-08-07T12:30:48.775714Z"}
api-1       | INFO:     172.18.0.1:39476 - "GET /api/v1/runs/89a4f699-4cd4-4801-b6f2-59a3d7f3235f HTTP/1.1" 200 OK
api-1       | {"api_key_prefix": "evk_5ec841b483bb", "duration_ms": 166.301, "event": "http_request_completed", "level": "info", "method": "GET", "outcome": "success", "path": "/api/v1/runs/89a4f699-4cd4-4801-b6f2-59a3d7f3235f", "request_id": "9ebe828e-fd51-4269-83a9-ea1dd5efae98", "status_code": 200, "tenant_id": "fdd68433-c86c-470c-8b57-cec8ffc3d389", "timestamp": "2026-08-07T12:30:48.834675Z", "trace_id": "27606d991ade1fe427dd6931e866e3c0"}
api-1       | {"claimed": 29, "event": "outbox_dispatch_batch_completed", "lease_lost": 0, "level": "info", "published": 29, "retry_scheduled": 0, "role": "outbox_dispatcher", "timestamp": "2026-08-07T12:30:49.476058Z"}
api-1       | INFO:     172.18.0.1:39476 - "GET /api/v1/runs/89a4f699-4cd4-4801-b6f2-59a3d7f3235f HTTP/1.1" 200 OK
api-1       | {"api_key_prefix": "evk_5ec841b483bb", "duration_ms": 183.154, "event": "http_request_completed", "level": "info", "method": "GET", "outcome": "success", "path": "/api/v1/runs/89a4f699-4cd4-4801-b6f2-59a3d7f3235f", "request_id": "80663c08-3e1f-41d6-a897-8b2c721baeaa", "status_code": 200, "tenant_id": "fdd68433-c86c-470c-8b57-cec8ffc3d389", "timestamp": "2026-08-07T12:30:49.537265Z", "trace_id": "676f4f599cab168abe4f021e380f4eee"}
api-1       | {"claimed": 30, "event": "outbox_dispatch_batch_completed", "lease_lost": 0, "level": "info", "published": 30, "retry_scheduled": 0, "role": "outbox_dispatcher", "timestamp": "2026-08-07T12:30:50.246610Z"}
api-1       | INFO:     172.18.0.1:39476 - "GET /api/v1/runs/89a4f699-4cd4-4801-b6f2-59a3d7f3235f HTTP/1.1" 200 OK
api-1       | {"api_key_prefix": "evk_5ec841b483bb", "duration_ms": 317.016, "event": "http_request_completed", "level": "info", "method": "GET", "outcome": "success", "path": "/api/v1/runs/89a4f699-4cd4-4801-b6f2-59a3d7f3235f", "request_id": "a88266a7-031c-4272-9602-fdf4acc8314a", "status_code": 200, "tenant_id": "fdd68433-c86c-470c-8b57-cec8ffc3d389", "timestamp": "2026-08-07T12:30:50.360156Z", "trace_id": "ff51ee769e35d3b6914bbe4d22ff6071"}
api-1       | {"event": "Context impl PostgresqlImpl.", "level": "info", "request_id": "f18174da-5a75-4732-a06d-da4c8212034a", "timestamp": "2026-08-07T12:30:50.480722Z", "trace_id": "40daf7a4d79919217b5dbb40538df87a"}
api-1       | {"event": "Will assume transactional DDL.", "level": "info", "request_id": "f18174da-5a75-4732-a06d-da4c8212034a", "timestamp": "2026-08-07T12:30:50.480898Z", "trace_id": "40daf7a4d79919217b5dbb40538df87a"}
api-1       | INFO:     127.0.0.1:39142 - "GET /health/ready HTTP/1.1" 200 OK
api-1       | {"duration_ms": 24.347, "event": "http_request_completed", "level": "info", "method": "GET", "outcome": "success", "path": "/health/ready", "request_id": "f18174da-5a75-4732-a06d-da4c8212034a", "status_code": 200, "timestamp": "2026-08-07T12:30:50.489488Z", "trace_id": "40daf7a4d79919217b5dbb40538df87a"}
api-1       | {"claimed": 36, "event": "outbox_dispatch_batch_completed", "lease_lost": 0, "level": "info", "published": 36, "retry_scheduled": 0, "role": "outbox_dispatcher", "timestamp": "2026-08-07T12:30:50.908248Z"}
api-1       | INFO:     172.18.0.1:39476 - "GET /api/v1/runs/89a4f699-4cd4-4801-b6f2-59a3d7f3235f HTTP/1.1" 200 OK
api-1       | {"api_key_prefix": "evk_5ec841b483bb", "duration_ms": 104.139, "event": "http_request_completed", "level": "info", "method": "GET", "outcome": "success", "path": "/api/v1/runs/89a4f699-4cd4-4801-b6f2-59a3d7f3235f", "request_id": "fcb2aaec-06aa-45fb-b0ba-14757b859732", "status_code": 200, "tenant_id": "fdd68433-c86c-470c-8b57-cec8ffc3d389", "timestamp": "2026-08-07T12:30:50.969263Z", "trace_id": "34e65c0956c02f03582c924f4886406d"}
api-1       | {"claimed": 30, "event": "outbox_dispatch_batch_completed", "lease_lost": 0, "level": "info", "published": 30, "retry_scheduled": 0, "role": "outbox_dispatcher", "timestamp": "2026-08-07T12:30:51.594614Z"}
api-1       | INFO:     172.18.0.1:39476 - "GET /api/v1/runs/89a4f699-4cd4-4801-b6f2-59a3d7f3235f HTTP/1.1" 200 OK
api-1       | {"api_key_prefix": "evk_5ec841b483bb", "duration_ms": 103.937, "event": "http_request_completed", "level": "info", "method": "GET", "outcome": "success", "path": "/api/v1/runs/89a4f699-4cd4-4801-b6f2-59a3d7f3235f", "request_id": "3e956576-0edb-4f42-82d9-d3f1a80c9193", "status_code": 200, "tenant_id": "fdd68433-c86c-470c-8b57-cec8ffc3d389", "timestamp": "2026-08-07T12:30:51.600723Z", "trace_id": "de93dd71dda85c0b2fdd24fb04ea3872"}
api-1       | {"claimed": 32, "event": "outbox_dispatch_batch_completed", "lease_lost": 0, "level": "info", "published": 32, "retry_scheduled": 0, "role": "outbox_dispatcher", "timestamp": "2026-08-07T12:30:52.286495Z"}
api-1       | INFO:     172.18.0.1:39476 - "GET /api/v1/runs/89a4f699-4cd4-4801-b6f2-59a3d7f3235f HTTP/1.1" 200 OK
api-1       | {"api_key_prefix": "evk_5ec841b483bb", "duration_ms": 194.273, "event": "http_request_completed", "level": "info", "method": "GET", "outcome": "success", "path": "/api/v1/runs/89a4f699-4cd4-4801-b6f2-59a3d7f3235f", "request_id": "3907459a-f355-4d20-8b29-5d464e6f4a8a", "status_code": 200, "tenant_id": "fdd68433-c86c-470c-8b57-cec8ffc3d389", "timestamp": "2026-08-07T12:30:52.298500Z", "trace_id": "012ebcb105fa96a017710e890329b2a6"}
api-1       | {"claimed": 32, "event": "outbox_dispatch_batch_completed", "lease_lost": 0, "level": "info", "published": 32, "retry_scheduled": 0, "role": "outbox_dispatcher", "timestamp": "2026-08-07T12:30:52.994455Z"}
api-1       | INFO:     172.18.0.1:39476 - "GET /api/v1/runs/89a4f699-4cd4-4801-b6f2-59a3d7f3235f HTTP/1.1" 200 OK
api-1       | {"api_key_prefix": "evk_5ec841b483bb", "duration_ms": 204.248, "event": "http_request_completed", "level": "info", "method": "GET", "outcome": "success", "path": "/api/v1/runs/89a4f699-4cd4-4801-b6f2-59a3d7f3235f", "request_id": "b27084a5-1b65-4fa3-9b6a-4b76f44393f2", "status_code": 200, "tenant_id": "fdd68433-c86c-470c-8b57-cec8ffc3d389", "timestamp": "2026-08-07T12:30:53.005620Z", "trace_id": "1da4d22b6895b1cec0251ec89a9cafa1"}
api-1       | {"claimed": 34, "event": "outbox_dispatch_batch_completed", "lease_lost": 0, "level": "info", "published": 34, "retry_scheduled": 0, "role": "outbox_dispatcher", "timestamp": "2026-08-07T12:30:53.788286Z"}
api-1       | INFO:     172.18.0.1:39476 - "GET /api/v1/runs/89a4f699-4cd4-4801-b6f2-59a3d7f3235f HTTP/1.1" 200 OK
api-1       | {"api_key_prefix": "evk_5ec841b483bb", "duration_ms": 294.454, "event": "http_request_completed", "level": "info", "method": "GET", "outcome": "success", "path": "/api/v1/runs/89a4f699-4cd4-4801-b6f2-59a3d7f3235f", "request_id": "8e3bab61-35bd-449d-8ca2-7015e2125f0d", "status_code": 200, "tenant_id": "fdd68433-c86c-470c-8b57-cec8ffc3d389", "timestamp": "2026-08-07T12:30:53.802808Z", "trace_id": "3e3bba4652d5d9855a31af209834b72c"}
api-1       | INFO:     172.18.0.1:39476 - "GET /api/v1/runs/89a4f699-4cd4-4801-b6f2-59a3d7f3235f/cases?limit=200&sort=case_id HTTP/1.1" 200 OK
api-1       | {"api_key_prefix": "evk_5ec841b483bb", "duration_ms": 73.779, "event": "http_request_completed", "level": "info", "method": "GET", "outcome": "success", "path": "/api/v1/runs/89a4f699-4cd4-4801-b6f2-59a3d7f3235f/cases", "request_id": "571eb142-f8ce-460c-87e3-84cb46b34484", "status_code": 200, "tenant_id": "fdd68433-c86c-470c-8b57-cec8ffc3d389", "timestamp": "2026-08-07T12:30:53.878722Z", "trace_id": "adeb2eaa50a15210ff5699244f929517"}
api-1       | INFO:     172.18.0.1:39476 - "GET /api/v1/runs/89a4f699-4cd4-4801-b6f2-59a3d7f3235f/cases?limit=200&sort=case_id&cursor=eyJkaXJlY3Rpb24iOiJhc2MiLCJlcnJvcl9jb2RlIjpudWxsLCJqb2JfaWQiOiI3M2RkNzhmNy1hOTM4LTQzOTEtYjBhOS0xNGQ2YzE4NTg4OGEiLCJtZXRyaWMiOm51bGwsInNvcnQiOiJjYXNlX2lkIiwic3RhdHVzIjpudWxsLCJ2IjoxLCJ2YWx1ZSI6ImxvYWQtMDE5OSJ9 HTTP/1.1" 200 OK
api-1       | {"api_key_prefix": "evk_5ec841b483bb", "duration_ms": 73.198, "event": "http_request_completed", "level": "info", "method": "GET", "outcome": "success", "path": "/api/v1/runs/89a4f699-4cd4-4801-b6f2-59a3d7f3235f/cases", "request_id": "e31189c2-d1ff-432b-8f20-5b2d227bc2aa", "status_code": 200, "tenant_id": "fdd68433-c86c-470c-8b57-cec8ffc3d389", "timestamp": "2026-08-07T12:30:53.954518Z", "trace_id": "702d18a8f07e3a9d2c2d89ee422eaafe"}
api-1       | INFO:     172.18.0.1:39476 - "GET /api/v1/runs/89a4f699-4cd4-4801-b6f2-59a3d7f3235f/cases?limit=200&sort=case_id&cursor=eyJkaXJlY3Rpb24iOiJhc2MiLCJlcnJvcl9jb2RlIjpudWxsLCJqb2JfaWQiOiI5MWQyZTcwMC1iNTJkLTQ4MTktYjRjOS1lYjJlOWM4MWE2MzkiLCJtZXRyaWMiOm51bGwsInNvcnQiOiJjYXNlX2lkIiwic3RhdHVzIjpudWxsLCJ2IjoxLCJ2YWx1ZSI6ImxvYWQtMDM5OSJ9 HTTP/1.1" 200 OK
api-1       | {"api_key_prefix": "evk_5ec841b483bb", "duration_ms": 63.468, "event": "http_request_completed", "level": "info", "method": "GET", "outcome": "success", "path": "/api/v1/runs/89a4f699-4cd4-4801-b6f2-59a3d7f3235f/cases", "request_id": "0a1c36ca-a6dc-4b43-bbea-0e0fc6507305", "status_code": 200, "tenant_id": "fdd68433-c86c-470c-8b57-cec8ffc3d389", "timestamp": "2026-08-07T12:30:54.020811Z", "trace_id": "7faa03485c0d4709b3e8e89e83cf42f7"}
api-1       | {"claimed": 10, "event": "outbox_dispatch_batch_completed", "lease_lost": 0, "level": "info", "published": 10, "retry_scheduled": 0, "role": "outbox_dispatcher", "timestamp": "2026-08-07T12:30:54.377035Z"}
api-1       | INFO:     127.0.0.1:39148 - "GET /metrics HTTP/1.1" 200 OK
api-1       | {"duration_ms": 16.828, "event": "http_request_completed", "level": "info", "method": "GET", "outcome": "success", "path": "/metrics", "request_id": "a3dc6bd5-8be9-4483-b078-d9b0a2174a7b", "status_code": 200, "timestamp": "2026-08-07T12:30:54.468883Z", "trace_id": "e5ce85ef2d9a415ef8d89093c7bd9f3e"}
api-1       | {"event": "Context impl PostgresqlImpl.", "level": "info", "request_id": "249466e1-7684-4eae-9dc9-ef6d43d49984", "timestamp": "2026-08-07T12:30:55.810346Z", "trace_id": "5788ce08e2546e2087e2f4bb5e819991"}
api-1       | {"event": "Will assume transactional DDL.", "level": "info", "request_id": "249466e1-7684-4eae-9dc9-ef6d43d49984", "timestamp": "2026-08-07T12:30:55.810480Z", "trace_id": "5788ce08e2546e2087e2f4bb5e819991"}
api-1       | INFO:     127.0.0.1:39150 - "GET /health/ready HTTP/1.1" 200 OK
api-1       | {"duration_ms": 21.959, "event": "http_request_completed", "level": "info", "method": "GET", "outcome": "success", "path": "/health/ready", "request_id": "249466e1-7684-4eae-9dc9-ef6d43d49984", "status_code": 200, "timestamp": "2026-08-07T12:30:55.817219Z", "trace_id": "5788ce08e2546e2087e2f4bb5e819991"}
api-1       | INFO:     172.18.0.1:42154 - "POST /api/v1/runs HTTP/1.1" 202 Accepted
api-1       | {"api_key_prefix": "evk_5ec841b483bb", "duration_ms": 265.548, "event": "http_request_completed", "level": "info", "method": "POST", "outcome": "success", "path": "/api/v1/runs", "request_id": "9985710a-091a-4c90-8105-df6147c881ed", "status_code": 202, "tenant_id": "fdd68433-c86c-470c-8b57-cec8ffc3d389", "timestamp": "2026-08-07T12:30:59.421981Z", "trace_id": "1dcce747a63e8b1bfa756a245fd44144"}
api-1       | INFO:     172.18.0.1:42154 - "GET /api/v1/runs/6b89b141-82e9-4076-96f3-31609feb7a69 HTTP/1.1" 200 OK
api-1       | {"api_key_prefix": "evk_5ec841b483bb", "duration_ms": 183.238, "event": "http_request_completed", "level": "info", "method": "GET", "outcome": "success", "path": "/api/v1/runs/6b89b141-82e9-4076-96f3-31609feb7a69", "request_id": "82c9e395-c90b-443a-a02f-570abb3d8fdf", "status_code": 200, "tenant_id": "fdd68433-c86c-470c-8b57-cec8ffc3d389", "timestamp": "2026-08-07T12:30:59.605889Z", "trace_id": "c86e46ac382d4b86506adf2da92e8133"}
api-1       | {"claimed": 3, "event": "outbox_dispatch_batch_completed", "lease_lost": 0, "level": "info", "published": 3, "retry_scheduled": 0, "role": "outbox_dispatcher", "timestamp": "2026-08-07T12:30:59.970555Z"}
api-1       | INFO:     172.18.0.1:42154 - "GET /api/v1/runs/6b89b141-82e9-4076-96f3-31609feb7a69 HTTP/1.1" 200 OK
api-1       | {"api_key_prefix": "evk_5ec841b483bb", "duration_ms": 214.703, "event": "http_request_completed", "level": "info", "method": "GET", "outcome": "success", "path": "/api/v1/runs/6b89b141-82e9-4076-96f3-31609feb7a69", "request_id": "d71c7724-f460-4c6f-92c5-13d037e09abe", "status_code": 200, "tenant_id": "fdd68433-c86c-470c-8b57-cec8ffc3d389", "timestamp": "2026-08-07T12:31:00.326109Z", "trace_id": "2c5683b2aec6e6577345345560d0f82d"}
api-1       | {"claimed": 7, "event": "outbox_dispatch_batch_completed", "lease_lost": 0, "level": "info", "published": 7, "retry_scheduled": 0, "role": "outbox_dispatcher", "timestamp": "2026-08-07T12:31:00.655744Z"}
api-1       | INFO:     172.18.0.1:42154 - "GET /api/v1/runs/6b89b141-82e9-4076-96f3-31609feb7a69 HTTP/1.1" 200 OK
api-1       | {"api_key_prefix": "evk_5ec841b483bb", "duration_ms": 249.073, "event": "http_request_completed", "level": "info", "method": "GET", "outcome": "success", "path": "/api/v1/runs/6b89b141-82e9-4076-96f3-31609feb7a69", "request_id": "6a0b6bf6-898e-4fa6-b910-499093c6bd8b", "status_code": 200, "tenant_id": "fdd68433-c86c-470c-8b57-cec8ffc3d389", "timestamp": "2026-08-07T12:31:01.081587Z", "trace_id": "08cbcbfcbaee9648586ac118517da835"}
api-1       | {"claimed": 13, "event": "outbox_dispatch_batch_completed", "lease_lost": 0, "level": "info", "published": 13, "retry_scheduled": 0, "role": "outbox_dispatcher", "timestamp": "2026-08-07T12:31:01.804742Z"}
api-1       | INFO:     172.18.0.1:42154 - "GET /api/v1/runs/6b89b141-82e9-4076-96f3-31609feb7a69 HTTP/1.1" 200 OK
api-1       | {"api_key_prefix": "evk_5ec841b483bb", "duration_ms": 431.409, "event": "http_request_completed", "level": "info", "method": "GET", "outcome": "success", "path": "/api/v1/runs/6b89b141-82e9-4076-96f3-31609feb7a69", "request_id": "ce5045fa-c5d3-4e2f-b85a-c1ae82aa0878", "status_code": 200, "tenant_id": "fdd68433-c86c-470c-8b57-cec8ffc3d389", "timestamp": "2026-08-07T12:31:02.033044Z", "trace_id": "f59fa48b67382f595ebe21939a1cebea"}
api-1       | {"event": "Context impl PostgresqlImpl.", "level": "info", "request_id": "9ef79ce7-d3c0-49b3-b04a-da7172019429", "timestamp": "2026-08-07T12:31:02.377065Z", "trace_id": "a82c0cd44baf69f0038676949e7a47fb"}
api-1       | {"event": "Will assume transactional DDL.", "level": "info", "request_id": "9ef79ce7-d3c0-49b3-b04a-da7172019429", "timestamp": "2026-08-07T12:31:02.378951Z", "trace_id": "a82c0cd44baf69f0038676949e7a47fb"}
api-1       | INFO:     127.0.0.1:59804 - "GET /health/ready HTTP/1.1" 200 OK
api-1       | {"duration_ms": 229.812, "event": "http_request_completed", "level": "info", "method": "GET", "outcome": "success", "path": "/health/ready", "request_id": "9ef79ce7-d3c0-49b3-b04a-da7172019429", "status_code": 200, "timestamp": "2026-08-07T12:31:02.551115Z", "trace_id": "a82c0cd44baf69f0038676949e7a47fb"}
api-1       | {"claimed": 45, "event": "outbox_dispatch_batch_completed", "lease_lost": 0, "level": "info", "published": 45, "retry_scheduled": 0, "role": "outbox_dispatcher", "timestamp": "2026-08-07T12:31:02.856549Z"}
api-1       | INFO:     172.18.0.1:42154 - "GET /api/v1/runs/6b89b141-82e9-4076-96f3-31609feb7a69 HTTP/1.1" 200 OK
api-1       | {"api_key_prefix": "evk_5ec841b483bb", "duration_ms": 392.8, "event": "http_request_completed", "level": "info", "method": "GET", "outcome": "success", "path": "/api/v1/runs/6b89b141-82e9-4076-96f3-31609feb7a69", "request_id": "de500c80-58e6-480f-89b0-4452bfcfff63", "status_code": 200, "tenant_id": "fdd68433-c86c-470c-8b57-cec8ffc3d389", "timestamp": "2026-08-07T12:31:02.931589Z", "trace_id": "943e978e5a33a5f65ce05515c6ab427c"}
api-1       | INFO:     172.18.0.1:42154 - "GET /api/v1/runs/6b89b141-82e9-4076-96f3-31609feb7a69/cases?limit=200&sort=case_id HTTP/1.1" 200 OK
api-1       | {"api_key_prefix": "evk_5ec841b483bb", "duration_ms": 101.712, "event": "http_request_completed", "level": "info", "method": "GET", "outcome": "success", "path": "/api/v1/runs/6b89b141-82e9-4076-96f3-31609feb7a69/cases", "request_id": "b74a2cbd-0025-44b9-9b86-22bdee295c42", "status_code": 200, "tenant_id": "fdd68433-c86c-470c-8b57-cec8ffc3d389", "timestamp": "2026-08-07T12:31:03.037012Z", "trace_id": "a4d0f2fc4c09aa0d23b3b0ae2d218b89"}
api-1       | {"claimed": 34, "event": "outbox_dispatch_batch_completed", "lease_lost": 0, "level": "info", "published": 34, "retry_scheduled": 0, "role": "outbox_dispatcher", "timestamp": "2026-08-07T12:31:03.693785Z"}
api-1       | INFO:     127.0.0.1:59848 - "GET /metrics HTTP/1.1" 200 OK
api-1       | {"duration_ms": 40.193, "event": "http_request_completed", "level": "info", "method": "GET", "outcome": "success", "path": "/metrics", "request_id": "7c62b0e3-d4ce-4ba6-bc9a-bab8b53c2151", "status_code": 200, "timestamp": "2026-08-07T12:31:03.940353Z", "trace_id": "ccd4a7a2cca675e090bbff98b79c01af"}
api-1       | INFO:     172.18.0.1:42154 - "POST /api/v1/runs HTTP/1.1" 202 Accepted
api-1       | {"api_key_prefix": "evk_5ec841b483bb", "duration_ms": 349.052, "event": "http_request_completed", "level": "info", "method": "POST", "outcome": "success", "path": "/api/v1/runs", "request_id": "1f7bfb59-beff-4004-8dff-b5a22caaa382", "status_code": 202, "tenant_id": "fdd68433-c86c-470c-8b57-cec8ffc3d389", "timestamp": "2026-08-07T12:31:07.001821Z", "trace_id": "6186d15ed263d97ed64a0ca5dad14d0c"}
api-1       | INFO:     172.18.0.1:42154 - "GET /api/v1/runs/d91ed323-9e49-4c40-871f-008c2cc6276b HTTP/1.1" 200 OK
api-1       | {"api_key_prefix": "evk_5ec841b483bb", "duration_ms": 77.499, "event": "http_request_completed", "level": "info", "method": "GET", "outcome": "success", "path": "/api/v1/runs/d91ed323-9e49-4c40-871f-008c2cc6276b", "request_id": "db959596-0e5d-4441-918b-3ef21267b899", "status_code": 200, "tenant_id": "fdd68433-c86c-470c-8b57-cec8ffc3d389", "timestamp": "2026-08-07T12:31:07.081022Z", "trace_id": "3b2aac2797f8e872d3cab23ff5c206cb"}
api-1       | {"claimed": 8, "event": "outbox_dispatch_batch_completed", "lease_lost": 0, "level": "info", "published": 8, "retry_scheduled": 0, "role": "outbox_dispatcher", "timestamp": "2026-08-07T12:31:07.381202Z"}
api-1       | INFO:     172.18.0.1:42154 - "GET /api/v1/runs/d91ed323-9e49-4c40-871f-008c2cc6276b HTTP/1.1" 200 OK
api-1       | {"api_key_prefix": "evk_5ec841b483bb", "duration_ms": 115.837, "event": "http_request_completed", "level": "info", "method": "GET", "outcome": "success", "path": "/api/v1/runs/d91ed323-9e49-4c40-871f-008c2cc6276b", "request_id": "b98a07cd-1048-4aa6-a320-ebba0b360ee7", "status_code": 200, "tenant_id": "fdd68433-c86c-470c-8b57-cec8ffc3d389", "timestamp": "2026-08-07T12:31:07.700628Z", "trace_id": "584da14013855fe5ad6165a0953c1c37"}
api-1       | {"event": "Context impl PostgresqlImpl.", "level": "info", "request_id": "26c66d31-7285-4ebd-8b4b-620de663757b", "timestamp": "2026-08-07T12:31:08.399455Z", "trace_id": "ab3f71464c74ae7b8023be7aa8ac74ab"}
api-1       | {"event": "Will assume transactional DDL.", "level": "info", "request_id": "26c66d31-7285-4ebd-8b4b-620de663757b", "timestamp": "2026-08-07T12:31:08.399665Z", "trace_id": "ab3f71464c74ae7b8023be7aa8ac74ab"}
api-1       | {"claimed": 50, "event": "outbox_dispatch_batch_completed", "lease_lost": 0, "level": "info", "published": 50, "retry_scheduled": 0, "role": "outbox_dispatcher", "timestamp": "2026-08-07T12:31:08.418392Z"}
api-1       | INFO:     127.0.0.1:59892 - "GET /health/ready HTTP/1.1" 200 OK
api-1       | {"duration_ms": 460.274, "event": "http_request_completed", "level": "info", "method": "GET", "outcome": "success", "path": "/health/ready", "request_id": "26c66d31-7285-4ebd-8b4b-620de663757b", "status_code": 200, "timestamp": "2026-08-07T12:31:08.531752Z", "trace_id": "ab3f71464c74ae7b8023be7aa8ac74ab"}
api-1       | INFO:     172.18.0.1:42154 - "GET /api/v1/runs/d91ed323-9e49-4c40-871f-008c2cc6276b HTTP/1.1" 200 OK
api-1       | {"api_key_prefix": "evk_5ec841b483bb", "duration_ms": 319.662, "event": "http_request_completed", "level": "info", "method": "GET", "outcome": "success", "path": "/api/v1/runs/d91ed323-9e49-4c40-871f-008c2cc6276b", "request_id": "4b808eb8-09f1-40c0-a0c0-7dbfe53cfd8b", "status_code": 200, "tenant_id": "fdd68433-c86c-470c-8b57-cec8ffc3d389", "timestamp": "2026-08-07T12:31:08.541151Z", "trace_id": "18b44e0700337d5ab1acecf49bef0d6f"}
api-1       | {"claimed": 50, "event": "outbox_dispatch_batch_completed", "lease_lost": 0, "level": "info", "published": 50, "retry_scheduled": 0, "role": "outbox_dispatcher", "timestamp": "2026-08-07T12:31:09.537044Z"}
api-1       | INFO:     172.18.0.1:42154 - "GET /api/v1/runs/d91ed323-9e49-4c40-871f-008c2cc6276b HTTP/1.1" 200 OK
api-1       | {"api_key_prefix": "evk_5ec841b483bb", "duration_ms": 579.927, "event": "http_request_completed", "level": "info", "method": "GET", "outcome": "success", "path": "/api/v1/runs/d91ed323-9e49-4c40-871f-008c2cc6276b", "request_id": "7d4a1808-9678-40ee-b6a1-7675c0ee4a9a", "status_code": 200, "tenant_id": "fdd68433-c86c-470c-8b57-cec8ffc3d389", "timestamp": "2026-08-07T12:31:09.701405Z", "trace_id": "cd2603ae2559789118dec050591da436"}
api-1       | {"claimed": 50, "event": "outbox_dispatch_batch_completed", "lease_lost": 0, "level": "info", "published": 50, "retry_scheduled": 0, "role": "outbox_dispatcher", "timestamp": "2026-08-07T12:31:10.419606Z"}
api-1       | INFO:     172.18.0.1:42154 - "GET /api/v1/runs/d91ed323-9e49-4c40-871f-008c2cc6276b HTTP/1.1" 200 OK
api-1       | {"api_key_prefix": "evk_5ec841b483bb", "duration_ms": 270.805, "event": "http_request_completed", "level": "info", "method": "GET", "outcome": "success", "path": "/api/v1/runs/d91ed323-9e49-4c40-871f-008c2cc6276b", "request_id": "c4290030-04d9-447d-b86e-c0c6d83f5c0f", "status_code": 200, "tenant_id": "fdd68433-c86c-470c-8b57-cec8ffc3d389", "timestamp": "2026-08-07T12:31:10.499167Z", "trace_id": "860c60789f146db4b111011057f4ccf3"}
api-1       | {"claimed": 50, "event": "outbox_dispatch_batch_completed", "lease_lost": 0, "level": "info", "published": 50, "retry_scheduled": 0, "role": "outbox_dispatcher", "timestamp": "2026-08-07T12:31:11.369609Z"}
api-1       | INFO:     172.18.0.1:42154 - "GET /api/v1/runs/d91ed323-9e49-4c40-871f-008c2cc6276b HTTP/1.1" 200 OK
api-1       | {"api_key_prefix": "evk_5ec841b483bb", "duration_ms": 417.749, "event": "http_request_completed", "level": "info", "method": "GET", "outcome": "success", "path": "/api/v1/runs/d91ed323-9e49-4c40-871f-008c2cc6276b", "request_id": "1b42ff55-3ecc-4ab8-9d62-6fe3b86537fc", "status_code": 200, "tenant_id": "fdd68433-c86c-470c-8b57-cec8ffc3d389", "timestamp": "2026-08-07T12:31:11.480926Z", "trace_id": "e62760cced2af36f793d24a97e3b16c4"}
api-1       | {"claimed": 50, "event": "outbox_dispatch_batch_completed", "lease_lost": 0, "level": "info", "published": 50, "retry_scheduled": 0, "role": "outbox_dispatcher", "timestamp": "2026-08-07T12:31:12.219382Z"}
api-1       | INFO:     172.18.0.1:42154 - "GET /api/v1/runs/d91ed323-9e49-4c40-871f-008c2cc6276b HTTP/1.1" 200 OK
api-1       | {"api_key_prefix": "evk_5ec841b483bb", "duration_ms": 383.168, "event": "http_request_completed", "level": "info", "method": "GET", "outcome": "success", "path": "/api/v1/runs/d91ed323-9e49-4c40-871f-008c2cc6276b", "request_id": "b02ad360-e765-4498-8cad-c3b0403bd78c", "status_code": 200, "tenant_id": "fdd68433-c86c-470c-8b57-cec8ffc3d389", "timestamp": "2026-08-07T12:31:12.371345Z", "trace_id": "e02597bbb77d4f259c4e6a5802ca9b6a"}
api-1       | {"claimed": 50, "event": "outbox_dispatch_batch_completed", "lease_lost": 0, "level": "info", "published": 50, "retry_scheduled": 0, "role": "outbox_dispatcher", "timestamp": "2026-08-07T12:31:13.091255Z"}
api-1       | INFO:     172.18.0.1:42154 - "GET /api/v1/runs/d91ed323-9e49-4c40-871f-008c2cc6276b HTTP/1.1" 200 OK
api-1       | {"api_key_prefix": "evk_5ec841b483bb", "duration_ms": 279.37, "event": "http_request_completed", "level": "info", "method": "GET", "outcome": "success", "path": "/api/v1/runs/d91ed323-9e49-4c40-871f-008c2cc6276b", "request_id": "5c28a6c8-4ab9-4fe1-ba5a-aafdf510dafe", "status_code": 200, "tenant_id": "fdd68433-c86c-470c-8b57-cec8ffc3d389", "timestamp": "2026-08-07T12:31:13.187647Z", "trace_id": "673c8a7a9c09b30cd5975658dea94858"}
api-1       | {"event": "Context impl PostgresqlImpl.", "level": "info", "request_id": "6584710a-66c6-4909-8d7a-48beb3521657", "timestamp": "2026-08-07T12:31:14.365412Z", "trace_id": "4887c9d07c0ab8caff18ba968027cde2"}
api-1       | {"event": "Will assume transactional DDL.", "level": "info", "request_id": "6584710a-66c6-4909-8d7a-48beb3521657", "timestamp": "2026-08-07T12:31:14.365580Z", "trace_id": "4887c9d07c0ab8caff18ba968027cde2"}
api-1       | {"claimed": 50, "event": "outbox_dispatch_batch_completed", "lease_lost": 0, "level": "info", "published": 50, "retry_scheduled": 0, "role": "outbox_dispatcher", "timestamp": "2026-08-07T12:31:14.367221Z"}
api-1       | INFO:     127.0.0.1:56916 - "GET /health/ready HTTP/1.1" 200 OK
api-1       | {"duration_ms": 82.703, "event": "http_request_completed", "level": "info", "method": "GET", "outcome": "success", "path": "/health/ready", "request_id": "6584710a-66c6-4909-8d7a-48beb3521657", "status_code": 200, "timestamp": "2026-08-07T12:31:14.379762Z", "trace_id": "4887c9d07c0ab8caff18ba968027cde2"}
api-1       | INFO:     172.18.0.1:42154 - "GET /api/v1/runs/d91ed323-9e49-4c40-871f-008c2cc6276b HTTP/1.1" 200 OK
api-1       | {"api_key_prefix": "evk_5ec841b483bb", "duration_ms": 456.288, "event": "http_request_completed", "level": "info", "method": "GET", "outcome": "success", "path": "/api/v1/runs/d91ed323-9e49-4c40-871f-008c2cc6276b", "request_id": "41826dea-73e2-46b8-a4ca-8937f00df038", "status_code": 200, "tenant_id": "fdd68433-c86c-470c-8b57-cec8ffc3d389", "timestamp": "2026-08-07T12:31:14.444952Z", "trace_id": "0d5cc3283dfd88c4fc76f518bce9a94f"}
api-1       | INFO:     172.18.0.1:42154 - "GET /api/v1/runs/d91ed323-9e49-4c40-871f-008c2cc6276b/cases?limit=200&sort=case_id HTTP/1.1" 200 OK
api-1       | {"api_key_prefix": "evk_5ec841b483bb", "duration_ms": 72.826, "event": "http_request_completed", "level": "info", "method": "GET", "outcome": "success", "path": "/api/v1/runs/d91ed323-9e49-4c40-871f-008c2cc6276b/cases", "request_id": "a5497d19-9dbf-4640-a0bb-4643ad67ebba", "status_code": 200, "tenant_id": "fdd68433-c86c-470c-8b57-cec8ffc3d389", "timestamp": "2026-08-07T12:31:14.519468Z", "trace_id": "462bc28d270f765cef6e404376323fc2"}
api-1       | INFO:     172.18.0.1:42154 - "GET /api/v1/runs/d91ed323-9e49-4c40-871f-008c2cc6276b/cases?limit=200&sort=case_id&cursor=eyJkaXJlY3Rpb24iOiJhc2MiLCJlcnJvcl9jb2RlIjpudWxsLCJqb2JfaWQiOiJhNTNlOTVmZS02YzA2LTQ4MTgtODg1Mi03ZWJjMTg2NmE1M2IiLCJtZXRyaWMiOm51bGwsInNvcnQiOiJjYXNlX2lkIiwic3RhdHVzIjpudWxsLCJ2IjoxLCJ2YWx1ZSI6ImxvYWQtMDE5OSJ9 HTTP/1.1" 200 OK
api-1       | {"api_key_prefix": "evk_5ec841b483bb", "duration_ms": 71.203, "event": "http_request_completed", "level": "info", "method": "GET", "outcome": "success", "path": "/api/v1/runs/d91ed323-9e49-4c40-871f-008c2cc6276b/cases", "request_id": "55503bcd-eadd-4dc0-9abd-612389981463", "status_code": 200, "tenant_id": "fdd68433-c86c-470c-8b57-cec8ffc3d389", "timestamp": "2026-08-07T12:31:14.593499Z", "trace_id": "bbcbab5acd991d34767ffc90a44e2d2f"}
api-1       | INFO:     172.18.0.1:42154 - "GET /api/v1/runs/d91ed323-9e49-4c40-871f-008c2cc6276b/cases?limit=200&sort=case_id&cursor=eyJkaXJlY3Rpb24iOiJhc2MiLCJlcnJvcl9jb2RlIjpudWxsLCJqb2JfaWQiOiI4ZTg5ODQ5OC0zMDVmLTRkNmUtYTI3OS00OWUxNDdlNWRmZTciLCJtZXRyaWMiOm51bGwsInNvcnQiOiJjYXNlX2lkIiwic3RhdHVzIjpudWxsLCJ2IjoxLCJ2YWx1ZSI6ImxvYWQtMDM5OSJ9 HTTP/1.1" 200 OK
api-1       | {"api_key_prefix": "evk_5ec841b483bb", "duration_ms": 62.177, "event": "http_request_completed", "level": "info", "method": "GET", "outcome": "success", "path": "/api/v1/runs/d91ed323-9e49-4c40-871f-008c2cc6276b/cases", "request_id": "6c8af990-8cfe-47be-acd6-9fd91cc0de7d", "status_code": 200, "tenant_id": "fdd68433-c86c-470c-8b57-cec8ffc3d389", "timestamp": "2026-08-07T12:31:14.658216Z", "trace_id": "00af8ddb178e02b5af287eef55e63c98"}
api-1       | {"claimed": 50, "event": "outbox_dispatch_batch_completed", "lease_lost": 0, "level": "info", "published": 50, "retry_scheduled": 0, "role": "outbox_dispatcher", "timestamp": "2026-08-07T12:31:15.232312Z"}
api-1       | INFO:     127.0.0.1:56918 - "GET /metrics HTTP/1.1" 200 OK
api-1       | {"duration_ms": 18.599, "event": "http_request_completed", "level": "info", "method": "GET", "outcome": "success", "path": "/metrics", "request_id": "a6dde7c6-36da-4f7c-aa7e-cf4c6dbaa088", "status_code": 200, "timestamp": "2026-08-07T12:31:15.255978Z", "trace_id": "e85541a8d50ccd2046c8c491658d1502"}
api-1       | {"claimed": 50, "event": "outbox_dispatch_batch_completed", "lease_lost": 0, "level": "info", "published": 50, "retry_scheduled": 0, "role": "outbox_dispatcher", "timestamp": "2026-08-07T12:31:15.952315Z"}
api-1       | {"claimed": 50, "event": "outbox_dispatch_batch_completed", "lease_lost": 0, "level": "info", "published": 50, "retry_scheduled": 0, "role": "outbox_dispatcher", "timestamp": "2026-08-07T12:31:16.702647Z"}
api-1       | {"claimed": 50, "event": "outbox_dispatch_batch_completed", "lease_lost": 0, "level": "info", "published": 50, "retry_scheduled": 0, "role": "outbox_dispatcher", "timestamp": "2026-08-07T12:31:17.433090Z"}
api-1       | {"claimed": 50, "event": "outbox_dispatch_batch_completed", "lease_lost": 0, "level": "info", "published": 50, "retry_scheduled": 0, "role": "outbox_dispatcher", "timestamp": "2026-08-07T12:31:18.199179Z"}
api-1       | {"claimed": 50, "event": "outbox_dispatch_batch_completed", "lease_lost": 0, "level": "info", "published": 50, "retry_scheduled": 0, "role": "outbox_dispatcher", "timestamp": "2026-08-07T12:31:18.905221Z"}
api-1       | {"claimed": 50, "event": "outbox_dispatch_batch_completed", "lease_lost": 0, "level": "info", "published": 50, "retry_scheduled": 0, "role": "outbox_dispatcher", "timestamp": "2026-08-07T12:31:20.054553Z"}
api-1       | {"event": "Context impl PostgresqlImpl.", "level": "info", "request_id": "3c643b5c-847e-4c1f-8c00-a23940361ced", "timestamp": "2026-08-07T12:31:20.140728Z", "trace_id": "42a260562300ca714025b60097680abd"}
api-1       | {"event": "Will assume transactional DDL.", "level": "info", "request_id": "3c643b5c-847e-4c1f-8c00-a23940361ced", "timestamp": "2026-08-07T12:31:20.140913Z", "trace_id": "42a260562300ca714025b60097680abd"}
api-1       | INFO:     127.0.0.1:37190 - "GET /health/ready HTTP/1.1" 200 OK
api-1       | {"duration_ms": 35.267, "event": "http_request_completed", "level": "info", "method": "GET", "outcome": "success", "path": "/health/ready", "request_id": "3c643b5c-847e-4c1f-8c00-a23940361ced", "status_code": 200, "timestamp": "2026-08-07T12:31:20.153003Z", "trace_id": "42a260562300ca714025b60097680abd"}
api-1       | {"claimed": 50, "event": "outbox_dispatch_batch_completed", "lease_lost": 0, "level": "info", "published": 50, "retry_scheduled": 0, "role": "outbox_dispatcher", "timestamp": "2026-08-07T12:31:20.733741Z"}
api-1       | {"claimed": 50, "event": "outbox_dispatch_batch_completed", "lease_lost": 0, "level": "info", "published": 50, "retry_scheduled": 0, "role": "outbox_dispatcher", "timestamp": "2026-08-07T12:31:21.730122Z"}
api-1       | {"claimed": 50, "event": "outbox_dispatch_batch_completed", "lease_lost": 0, "level": "info", "published": 50, "retry_scheduled": 0, "role": "outbox_dispatcher", "timestamp": "2026-08-07T12:31:22.409612Z"}
api-1       | {"claimed": 50, "event": "outbox_dispatch_batch_completed", "lease_lost": 0, "level": "info", "published": 50, "retry_scheduled": 0, "role": "outbox_dispatcher", "timestamp": "2026-08-07T12:31:23.118097Z"}
api-1       | {"claimed": 50, "event": "outbox_dispatch_batch_completed", "lease_lost": 0, "level": "info", "published": 50, "retry_scheduled": 0, "role": "outbox_dispatcher", "timestamp": "2026-08-07T12:31:23.822565Z"}
api-1       | {"claimed": 44, "event": "outbox_dispatch_batch_completed", "lease_lost": 0, "level": "info", "published": 44, "retry_scheduled": 0, "role": "outbox_dispatcher", "timestamp": "2026-08-07T12:31:24.515081Z"}
api-1       | INFO:     172.18.0.1:50704 - "POST /api/v1/runs HTTP/1.1" 202 Accepted
api-1       | {"api_key_prefix": "evk_5ec841b483bb", "duration_ms": 285.994, "event": "http_request_completed", "level": "info", "method": "POST", "outcome": "success", "path": "/api/v1/runs", "request_id": "0c1b817d-a727-4b40-a458-094cffd61b50", "status_code": 202, "tenant_id": "fdd68433-c86c-470c-8b57-cec8ffc3d389", "timestamp": "2026-08-07T12:31:24.599131Z", "trace_id": "9f915961fb076510dea5c0f01f10ae83"}
api-1       | INFO:     172.18.0.1:50704 - "GET /api/v1/runs/3ebb53b0-141f-4cf7-8826-56c59b475aaa HTTP/1.1" 200 OK
api-1       | {"api_key_prefix": "evk_5ec841b483bb", "duration_ms": 52.804, "event": "http_request_completed", "level": "info", "method": "GET", "outcome": "success", "path": "/api/v1/runs/3ebb53b0-141f-4cf7-8826-56c59b475aaa", "request_id": "6cf70df1-306b-4509-b13f-18a25db6f322", "status_code": 200, "tenant_id": "fdd68433-c86c-470c-8b57-cec8ffc3d389", "timestamp": "2026-08-07T12:31:24.653814Z", "trace_id": "5aab8151bf6be9c4b30a28611397cc74"}
api-1       | {"claimed": 6, "event": "outbox_dispatch_batch_completed", "lease_lost": 0, "level": "info", "published": 6, "retry_scheduled": 0, "role": "outbox_dispatcher", "timestamp": "2026-08-07T12:31:25.048178Z"}
api-1       | INFO:     172.18.0.1:50704 - "GET /api/v1/runs/3ebb53b0-141f-4cf7-8826-56c59b475aaa HTTP/1.1" 200 OK
api-1       | {"api_key_prefix": "evk_5ec841b483bb", "duration_ms": 69.151, "event": "http_request_completed", "level": "info", "method": "GET", "outcome": "success", "path": "/api/v1/runs/3ebb53b0-141f-4cf7-8826-56c59b475aaa", "request_id": "f314e9df-9965-47a7-b48c-d3c56d803b75", "status_code": 200, "tenant_id": "fdd68433-c86c-470c-8b57-cec8ffc3d389", "timestamp": "2026-08-07T12:31:25.225097Z", "trace_id": "9a0d640226c9eb955640d5aeae7bc613"}
api-1       | {"event": "Context impl PostgresqlImpl.", "level": "info", "request_id": "a65675c9-e02c-40d2-9262-9bc895560869", "timestamp": "2026-08-07T12:31:25.464713Z", "trace_id": "0fb39c77b9cbbb973ac22c458f576f0b"}
api-1       | {"event": "Will assume transactional DDL.", "level": "info", "request_id": "a65675c9-e02c-40d2-9262-9bc895560869", "timestamp": "2026-08-07T12:31:25.464866Z", "trace_id": "0fb39c77b9cbbb973ac22c458f576f0b"}
api-1       | INFO:     127.0.0.1:37252 - "GET /health/ready HTTP/1.1" 200 OK
api-1       | {"duration_ms": 21.861, "event": "http_request_completed", "level": "info", "method": "GET", "outcome": "success", "path": "/health/ready", "request_id": "a65675c9-e02c-40d2-9262-9bc895560869", "status_code": 200, "timestamp": "2026-08-07T12:31:25.471661Z", "trace_id": "0fb39c77b9cbbb973ac22c458f576f0b"}
api-1       | {"claimed": 26, "event": "outbox_dispatch_batch_completed", "lease_lost": 0, "level": "info", "published": 26, "retry_scheduled": 0, "role": "outbox_dispatcher", "timestamp": "2026-08-07T12:31:25.687655Z"}
api-1       | INFO:     172.18.0.1:50704 - "GET /api/v1/runs/3ebb53b0-141f-4cf7-8826-56c59b475aaa HTTP/1.1" 200 OK
api-1       | {"api_key_prefix": "evk_5ec841b483bb", "duration_ms": 56.651, "event": "http_request_completed", "level": "info", "method": "GET", "outcome": "success", "path": "/api/v1/runs/3ebb53b0-141f-4cf7-8826-56c59b475aaa", "request_id": "8edea1b8-98c4-45e1-9f96-9351ae904552", "status_code": 200, "tenant_id": "fdd68433-c86c-470c-8b57-cec8ffc3d389", "timestamp": "2026-08-07T12:31:25.784605Z", "trace_id": "92500d8dd73e01850cb7b994144de7b6"}
api-1       | {"claimed": 32, "event": "outbox_dispatch_batch_completed", "lease_lost": 0, "level": "info", "published": 32, "retry_scheduled": 0, "role": "outbox_dispatcher", "timestamp": "2026-08-07T12:31:26.470333Z"}
api-1       | INFO:     172.18.0.1:50704 - "GET /api/v1/runs/3ebb53b0-141f-4cf7-8826-56c59b475aaa HTTP/1.1" 200 OK
api-1       | {"api_key_prefix": "evk_5ec841b483bb", "duration_ms": 223.587, "event": "http_request_completed", "level": "info", "method": "GET", "outcome": "success", "path": "/api/v1/runs/3ebb53b0-141f-4cf7-8826-56c59b475aaa", "request_id": "aa53f310-6f65-4a23-b2de-c5afd6086f8c", "status_code": 200, "tenant_id": "fdd68433-c86c-470c-8b57-cec8ffc3d389", "timestamp": "2026-08-07T12:31:26.529937Z", "trace_id": "204667fc1abeef90b6462d0bd97ce55c"}
api-1       | {"claimed": 36, "event": "outbox_dispatch_batch_completed", "lease_lost": 0, "level": "info", "published": 36, "retry_scheduled": 0, "role": "outbox_dispatcher", "timestamp": "2026-08-07T12:31:27.124033Z"}
api-1       | INFO:     172.18.0.1:50704 - "GET /api/v1/runs/3ebb53b0-141f-4cf7-8826-56c59b475aaa HTTP/1.1" 200 OK
api-1       | {"api_key_prefix": "evk_5ec841b483bb", "duration_ms": 131.062, "event": "http_request_completed", "level": "info", "method": "GET", "outcome": "success", "path": "/api/v1/runs/3ebb53b0-141f-4cf7-8826-56c59b475aaa", "request_id": "7a43d680-5f51-421d-acc7-b62f2aaaaf3e", "status_code": 200, "tenant_id": "fdd68433-c86c-470c-8b57-cec8ffc3d389", "timestamp": "2026-08-07T12:31:27.182255Z", "trace_id": "da97cb8b944ec5d5b5a3d2952817e2ba"}
api-1       | {"claimed": 6, "event": "outbox_dispatch_batch_completed", "lease_lost": 0, "level": "info", "published": 6, "retry_scheduled": 0, "role": "outbox_dispatcher", "timestamp": "2026-08-07T12:31:27.655743Z"}
api-1       | INFO:     172.18.0.1:50704 - "GET /api/v1/runs/3ebb53b0-141f-4cf7-8826-56c59b475aaa HTTP/1.1" 200 OK
api-1       | {"api_key_prefix": "evk_5ec841b483bb", "duration_ms": 56.483, "event": "http_request_completed", "level": "info", "method": "GET", "outcome": "success", "path": "/api/v1/runs/3ebb53b0-141f-4cf7-8826-56c59b475aaa", "request_id": "2f17e055-eed2-45af-97f7-9286e1da7059", "status_code": 200, "tenant_id": "fdd68433-c86c-470c-8b57-cec8ffc3d389", "timestamp": "2026-08-07T12:31:27.741280Z", "trace_id": "2b2c9b2dd60478713a42145fa3d36783"}
api-1       | INFO:     172.18.0.1:50704 - "GET /api/v1/runs/3ebb53b0-141f-4cf7-8826-56c59b475aaa/cases?limit=200&sort=case_id HTTP/1.1" 200 OK
api-1       | {"api_key_prefix": "evk_5ec841b483bb", "duration_ms": 63.502, "event": "http_request_completed", "level": "info", "method": "GET", "outcome": "success", "path": "/api/v1/runs/3ebb53b0-141f-4cf7-8826-56c59b475aaa/cases", "request_id": "b31951c2-d5ca-467a-9c24-a439074ec8ef", "status_code": 200, "tenant_id": "fdd68433-c86c-470c-8b57-cec8ffc3d389", "timestamp": "2026-08-07T12:31:27.806512Z", "trace_id": "9b3cffcedb28c295af611f72f9d6dc29"}
api-1       | INFO:     127.0.0.1:37280 - "GET /metrics HTTP/1.1" 200 OK
api-1       | {"duration_ms": 18.757, "event": "http_request_completed", "level": "info", "method": "GET", "outcome": "success", "path": "/metrics", "request_id": "1ed4918c-067e-45cd-9e75-4a45219b6daf", "status_code": 200, "timestamp": "2026-08-07T12:31:28.234608Z", "trace_id": "d1da3b7cbbcf312d4ecc47ad7443bd0a"}
api-1       | INFO:     172.18.0.1:50704 - "POST /api/v1/runs HTTP/1.1" 202 Accepted
api-1       | {"api_key_prefix": "evk_5ec841b483bb", "duration_ms": 210.813, "event": "http_request_completed", "level": "info", "method": "POST", "outcome": "success", "path": "/api/v1/runs", "request_id": "f55b95bb-f911-4a84-b4d2-2a3a1c502aba", "status_code": 202, "tenant_id": "fdd68433-c86c-470c-8b57-cec8ffc3d389", "timestamp": "2026-08-07T12:31:29.050671Z", "trace_id": "5ab531d9ef9defbfbab0d3e0bfd0084e"}
api-1       | INFO:     172.18.0.1:50704 - "GET /api/v1/runs/e02be248-2a86-4c0c-acb8-dec478b69121 HTTP/1.1" 200 OK
api-1       | {"api_key_prefix": "evk_5ec841b483bb", "duration_ms": 48.896, "event": "http_request_completed", "level": "info", "method": "GET", "outcome": "success", "path": "/api/v1/runs/e02be248-2a86-4c0c-acb8-dec478b69121", "request_id": "c9370db2-ff47-4517-8b48-b04a08e1ebdc", "status_code": 200, "tenant_id": "fdd68433-c86c-470c-8b57-cec8ffc3d389", "timestamp": "2026-08-07T12:31:29.101230Z", "trace_id": "26c8f2c50e827df546011cc8b61aeec6"}
api-1       | {"claimed": 4, "event": "outbox_dispatch_batch_completed", "lease_lost": 0, "level": "info", "published": 4, "retry_scheduled": 0, "role": "outbox_dispatcher", "timestamp": "2026-08-07T12:31:29.184560Z"}
api-1       | INFO:     172.18.0.1:50704 - "GET /api/v1/runs/e02be248-2a86-4c0c-acb8-dec478b69121 HTTP/1.1" 200 OK
api-1       | {"api_key_prefix": "evk_5ec841b483bb", "duration_ms": 51.24, "event": "http_request_completed", "level": "info", "method": "GET", "outcome": "success", "path": "/api/v1/runs/e02be248-2a86-4c0c-acb8-dec478b69121", "request_id": "02c4b0df-ff79-4b4a-b2f2-dbfc15d87c76", "status_code": 200, "tenant_id": "fdd68433-c86c-470c-8b57-cec8ffc3d389", "timestamp": "2026-08-07T12:31:29.655194Z", "trace_id": "988f4ecf447ed46d62b2d4c006754bf6"}
api-1       | {"claimed": 24, "event": "outbox_dispatch_batch_completed", "lease_lost": 0, "level": "info", "published": 24, "retry_scheduled": 0, "role": "outbox_dispatcher", "timestamp": "2026-08-07T12:31:29.874499Z"}
api-1       | INFO:     172.18.0.1:50704 - "GET /api/v1/runs/e02be248-2a86-4c0c-acb8-dec478b69121 HTTP/1.1" 200 OK
api-1       | {"api_key_prefix": "evk_5ec841b483bb", "duration_ms": 55.975, "event": "http_request_completed", "level": "info", "method": "GET", "outcome": "success", "path": "/api/v1/runs/e02be248-2a86-4c0c-acb8-dec478b69121", "request_id": "6366a06e-e171-445e-8e75-055adec5c149", "status_code": 200, "tenant_id": "fdd68433-c86c-470c-8b57-cec8ffc3d389", "timestamp": "2026-08-07T12:31:30.214037Z", "trace_id": "3c5a6388d54e5e60dd1f640afe814928"}
api-1       | {"claimed": 30, "event": "outbox_dispatch_batch_completed", "lease_lost": 0, "level": "info", "published": 30, "retry_scheduled": 0, "role": "outbox_dispatcher", "timestamp": "2026-08-07T12:31:30.576363Z"}
api-1       | INFO:     172.18.0.1:50704 - "GET /api/v1/runs/e02be248-2a86-4c0c-acb8-dec478b69121 HTTP/1.1" 200 OK
api-1       | {"api_key_prefix": "evk_5ec841b483bb", "duration_ms": 115.418, "event": "http_request_completed", "level": "info", "method": "GET", "outcome": "success", "path": "/api/v1/runs/e02be248-2a86-4c0c-acb8-dec478b69121", "request_id": "ec166203-71b4-4c8e-816e-34f95877423c", "status_code": 200, "tenant_id": "fdd68433-c86c-470c-8b57-cec8ffc3d389", "timestamp": "2026-08-07T12:31:30.832371Z", "trace_id": "0c08923e3b8d66f330096d1325bbeaca"}
api-1       | {"event": "Context impl PostgresqlImpl.", "level": "info", "request_id": "ded88d58-1092-4ad8-8a80-03170cf277fb", "timestamp": "2026-08-07T12:31:30.848893Z", "trace_id": "ba9e6ff62e99e89ad394f0f8a0550cad"}
api-1       | {"event": "Will assume transactional DDL.", "level": "info", "request_id": "ded88d58-1092-4ad8-8a80-03170cf277fb", "timestamp": "2026-08-07T12:31:30.849010Z", "trace_id": "ba9e6ff62e99e89ad394f0f8a0550cad"}
api-1       | INFO:     127.0.0.1:39846 - "GET /health/ready HTTP/1.1" 200 OK
api-1       | {"duration_ms": 22.694, "event": "http_request_completed", "level": "info", "method": "GET", "outcome": "success", "path": "/health/ready", "request_id": "ded88d58-1092-4ad8-8a80-03170cf277fb", "status_code": 200, "timestamp": "2026-08-07T12:31:30.855717Z", "trace_id": "ba9e6ff62e99e89ad394f0f8a0550cad"}
api-1       | {"claimed": 28, "event": "outbox_dispatch_batch_completed", "lease_lost": 0, "level": "info", "published": 28, "retry_scheduled": 0, "role": "outbox_dispatcher", "timestamp": "2026-08-07T12:31:31.274771Z"}
api-1       | INFO:     172.18.0.1:50704 - "GET /api/v1/runs/e02be248-2a86-4c0c-acb8-dec478b69121 HTTP/1.1" 200 OK
api-1       | {"api_key_prefix": "evk_5ec841b483bb", "duration_ms": 59.069, "event": "http_request_completed", "level": "info", "method": "GET", "outcome": "success", "path": "/api/v1/runs/e02be248-2a86-4c0c-acb8-dec478b69121", "request_id": "1181404e-c790-494c-ac8e-818ad4d5d42c", "status_code": 200, "tenant_id": "fdd68433-c86c-470c-8b57-cec8ffc3d389", "timestamp": "2026-08-07T12:31:31.394243Z", "trace_id": "72b0214329ddef86f79716c640261a6e"}
api-1       | {"claimed": 29, "event": "outbox_dispatch_batch_completed", "lease_lost": 0, "level": "info", "published": 29, "retry_scheduled": 0, "role": "outbox_dispatcher", "timestamp": "2026-08-07T12:31:31.976753Z"}
api-1       | INFO:     172.18.0.1:50704 - "GET /api/v1/runs/e02be248-2a86-4c0c-acb8-dec478b69121 HTTP/1.1" 200 OK
api-1       | {"api_key_prefix": "evk_5ec841b483bb", "duration_ms": 131.929, "event": "http_request_completed", "level": "info", "method": "GET", "outcome": "success", "path": "/api/v1/runs/e02be248-2a86-4c0c-acb8-dec478b69121", "request_id": "fc18d3e4-f9ad-47ab-b9d5-e95cc839cfa0", "status_code": 200, "tenant_id": "fdd68433-c86c-470c-8b57-cec8ffc3d389", "timestamp": "2026-08-07T12:31:32.038223Z", "trace_id": "70690db76fbf202403a31161db7b2130"}
api-1       | {"claimed": 27, "event": "outbox_dispatch_batch_completed", "lease_lost": 0, "level": "info", "published": 27, "retry_scheduled": 0, "role": "outbox_dispatcher", "timestamp": "2026-08-07T12:31:32.776452Z"}
api-1       | INFO:     172.18.0.1:50704 - "GET /api/v1/runs/e02be248-2a86-4c0c-acb8-dec478b69121 HTTP/1.1" 200 OK
api-1       | {"api_key_prefix": "evk_5ec841b483bb", "duration_ms": 208.95, "event": "http_request_completed", "level": "info", "method": "GET", "outcome": "success", "path": "/api/v1/runs/e02be248-2a86-4c0c-acb8-dec478b69121", "request_id": "34c7a756-aea7-47fb-a042-09a782b14b78", "status_code": 200, "tenant_id": "fdd68433-c86c-470c-8b57-cec8ffc3d389", "timestamp": "2026-08-07T12:31:32.824586Z", "trace_id": "56e3cb97e0ca67170a49a401d0e550e5"}
api-1       | {"claimed": 34, "event": "outbox_dispatch_batch_completed", "lease_lost": 0, "level": "info", "published": 34, "retry_scheduled": 0, "role": "outbox_dispatcher", "timestamp": "2026-08-07T12:31:33.494044Z"}
api-1       | INFO:     172.18.0.1:50704 - "GET /api/v1/runs/e02be248-2a86-4c0c-acb8-dec478b69121 HTTP/1.1" 200 OK
api-1       | {"api_key_prefix": "evk_5ec841b483bb", "duration_ms": 167.393, "event": "http_request_completed", "level": "info", "method": "GET", "outcome": "success", "path": "/api/v1/runs/e02be248-2a86-4c0c-acb8-dec478b69121", "request_id": "b33fd0ce-ebd7-479b-87e7-52fe58ca2785", "status_code": 200, "tenant_id": "fdd68433-c86c-470c-8b57-cec8ffc3d389", "timestamp": "2026-08-07T12:31:33.496871Z", "trace_id": "404e3b5d4b1f110e39252abe7233087f"}
api-1       | {"claimed": 30, "event": "outbox_dispatch_batch_completed", "lease_lost": 0, "level": "info", "published": 30, "retry_scheduled": 0, "role": "outbox_dispatcher", "timestamp": "2026-08-07T12:31:34.180805Z"}
api-1       | INFO:     172.18.0.1:50704 - "GET /api/v1/runs/e02be248-2a86-4c0c-acb8-dec478b69121 HTTP/1.1" 200 OK
api-1       | {"api_key_prefix": "evk_5ec841b483bb", "duration_ms": 194.282, "event": "http_request_completed", "level": "info", "method": "GET", "outcome": "success", "path": "/api/v1/runs/e02be248-2a86-4c0c-acb8-dec478b69121", "request_id": "ea7f2d62-81c4-4322-a2c9-b1b33de97d22", "status_code": 200, "tenant_id": "fdd68433-c86c-470c-8b57-cec8ffc3d389", "timestamp": "2026-08-07T12:31:34.194719Z", "trace_id": "6db35078ab0d4c48ff9be3b51adc1604"}
api-1       | {"claimed": 30, "event": "outbox_dispatch_batch_completed", "lease_lost": 0, "level": "info", "published": 30, "retry_scheduled": 0, "role": "outbox_dispatcher", "timestamp": "2026-08-07T12:31:34.876539Z"}
api-1       | INFO:     172.18.0.1:50704 - "GET /api/v1/runs/e02be248-2a86-4c0c-acb8-dec478b69121 HTTP/1.1" 200 OK
api-1       | {"api_key_prefix": "evk_5ec841b483bb", "duration_ms": 224.677, "event": "http_request_completed", "level": "info", "method": "GET", "outcome": "success", "path": "/api/v1/runs/e02be248-2a86-4c0c-acb8-dec478b69121", "request_id": "ec6c5778-2f83-4ffc-90a7-3070b269b5eb", "status_code": 200, "tenant_id": "fdd68433-c86c-470c-8b57-cec8ffc3d389", "timestamp": "2026-08-07T12:31:34.928196Z", "trace_id": "9c8597b218cec5f25e06525006db5363"}
api-1       | {"claimed": 30, "event": "outbox_dispatch_batch_completed", "lease_lost": 0, "level": "info", "published": 30, "retry_scheduled": 0, "role": "outbox_dispatcher", "timestamp": "2026-08-07T12:31:35.572947Z"}
api-1       | INFO:     172.18.0.1:50704 - "GET /api/v1/runs/e02be248-2a86-4c0c-acb8-dec478b69121 HTTP/1.1" 200 OK
api-1       | {"api_key_prefix": "evk_5ec841b483bb", "duration_ms": 129.948, "event": "http_request_completed", "level": "info", "method": "GET", "outcome": "success", "path": "/api/v1/runs/e02be248-2a86-4c0c-acb8-dec478b69121", "request_id": "71e39d01-3e76-4e54-858f-209ec493fcbe", "status_code": 200, "tenant_id": "fdd68433-c86c-470c-8b57-cec8ffc3d389", "timestamp": "2026-08-07T12:31:35.584236Z", "trace_id": "a90df271b8b81a582bac36e5c586b424"}
api-1       | {"event": "Context impl PostgresqlImpl.", "level": "info", "request_id": "53135731-1478-4f3c-8e96-99bbc696ca6c", "timestamp": "2026-08-07T12:31:36.410817Z", "trace_id": "d63f5248829f1ba16f2d07400fbe9a8c"}
api-1       | {"event": "Will assume transactional DDL.", "level": "info", "request_id": "53135731-1478-4f3c-8e96-99bbc696ca6c", "timestamp": "2026-08-07T12:31:36.411019Z", "trace_id": "d63f5248829f1ba16f2d07400fbe9a8c"}
api-1       | {"claimed": 30, "event": "outbox_dispatch_batch_completed", "lease_lost": 0, "level": "info", "published": 30, "retry_scheduled": 0, "role": "outbox_dispatcher", "timestamp": "2026-08-07T12:31:36.427982Z"}
api-1       | INFO:     127.0.0.1:39854 - "GET /health/ready HTTP/1.1" 200 OK
api-1       | {"duration_ms": 66.85, "event": "http_request_completed", "level": "info", "method": "GET", "outcome": "success", "path": "/health/ready", "request_id": "53135731-1478-4f3c-8e96-99bbc696ca6c", "status_code": 200, "timestamp": "2026-08-07T12:31:36.434368Z", "trace_id": "d63f5248829f1ba16f2d07400fbe9a8c"}
api-1       | INFO:     172.18.0.1:50704 - "GET /api/v1/runs/e02be248-2a86-4c0c-acb8-dec478b69121 HTTP/1.1" 200 OK
api-1       | {"api_key_prefix": "evk_5ec841b483bb", "duration_ms": 348.249, "event": "http_request_completed", "level": "info", "method": "GET", "outcome": "success", "path": "/api/v1/runs/e02be248-2a86-4c0c-acb8-dec478b69121", "request_id": "e013ea2b-4d31-4e9e-b2d4-18cf883930c2", "status_code": 200, "tenant_id": "fdd68433-c86c-470c-8b57-cec8ffc3d389", "timestamp": "2026-08-07T12:31:36.435691Z", "trace_id": "997c49dce06826a763a686ee1424c4b8"}
api-1       | {"claimed": 38, "event": "outbox_dispatch_batch_completed", "lease_lost": 0, "level": "info", "published": 38, "retry_scheduled": 0, "role": "outbox_dispatcher", "timestamp": "2026-08-07T12:31:37.177210Z"}
api-1       | INFO:     172.18.0.1:50704 - "GET /api/v1/runs/e02be248-2a86-4c0c-acb8-dec478b69121 HTTP/1.1" 200 OK
api-1       | {"api_key_prefix": "evk_5ec841b483bb", "duration_ms": 249.073, "event": "http_request_completed", "level": "info", "method": "GET", "outcome": "success", "path": "/api/v1/runs/e02be248-2a86-4c0c-acb8-dec478b69121", "request_id": "8e001fbd-c98c-42f6-85f8-511441b40d64", "status_code": 200, "tenant_id": "fdd68433-c86c-470c-8b57-cec8ffc3d389", "timestamp": "2026-08-07T12:31:37.188429Z", "trace_id": "342b547e51466c794018a6f0a0a1f6fb"}
api-1       | {"claimed": 34, "event": "outbox_dispatch_batch_completed", "lease_lost": 0, "level": "info", "published": 34, "retry_scheduled": 0, "role": "outbox_dispatcher", "timestamp": "2026-08-07T12:31:37.888784Z"}
api-1       | INFO:     172.18.0.1:50704 - "GET /api/v1/runs/e02be248-2a86-4c0c-acb8-dec478b69121 HTTP/1.1" 200 OK
api-1       | {"api_key_prefix": "evk_5ec841b483bb", "duration_ms": 201.979, "event": "http_request_completed", "level": "info", "method": "GET", "outcome": "success", "path": "/api/v1/runs/e02be248-2a86-4c0c-acb8-dec478b69121", "request_id": "649ed129-54cd-437f-825c-973a8fbc2a62", "status_code": 200, "tenant_id": "fdd68433-c86c-470c-8b57-cec8ffc3d389", "timestamp": "2026-08-07T12:31:37.893065Z", "trace_id": "6b34f7d6eddfb95d7a28e4a4945356dd"}
api-1       | {"claimed": 32, "event": "outbox_dispatch_batch_completed", "lease_lost": 0, "level": "info", "published": 32, "retry_scheduled": 0, "role": "outbox_dispatcher", "timestamp": "2026-08-07T12:31:38.606879Z"}
api-1       | INFO:     172.18.0.1:50704 - "GET /api/v1/runs/e02be248-2a86-4c0c-acb8-dec478b69121 HTTP/1.1" 200 OK
api-1       | {"api_key_prefix": "evk_5ec841b483bb", "duration_ms": 272.83, "event": "http_request_completed", "level": "info", "method": "GET", "outcome": "success", "path": "/api/v1/runs/e02be248-2a86-4c0c-acb8-dec478b69121", "request_id": "6059719e-0415-4ea6-8c8f-4a0a9435928e", "status_code": 200, "tenant_id": "fdd68433-c86c-470c-8b57-cec8ffc3d389", "timestamp": "2026-08-07T12:31:38.670930Z", "trace_id": "230ce6a1e4704a3d7e5f7d5587a27ed9"}
api-1       | {"claimed": 28, "event": "outbox_dispatch_batch_completed", "lease_lost": 0, "level": "info", "published": 28, "retry_scheduled": 0, "role": "outbox_dispatcher", "timestamp": "2026-08-07T12:31:39.292247Z"}
api-1       | INFO:     172.18.0.1:50704 - "GET /api/v1/runs/e02be248-2a86-4c0c-acb8-dec478b69121 HTTP/1.1" 200 OK
api-1       | {"api_key_prefix": "evk_5ec841b483bb", "duration_ms": 110.425, "event": "http_request_completed", "level": "info", "method": "GET", "outcome": "success", "path": "/api/v1/runs/e02be248-2a86-4c0c-acb8-dec478b69121", "request_id": "ff3ac0cf-1960-47a1-ba08-bb543b7fd0fd", "status_code": 200, "tenant_id": "fdd68433-c86c-470c-8b57-cec8ffc3d389", "timestamp": "2026-08-07T12:31:39.300088Z", "trace_id": "8b4e932d89c01e999bf6115e2be8cf69"}
api-1       | {"claimed": 33, "event": "outbox_dispatch_batch_completed", "lease_lost": 0, "level": "info", "published": 33, "retry_scheduled": 0, "role": "outbox_dispatcher", "timestamp": "2026-08-07T12:31:39.998055Z"}
api-1       | INFO:     172.18.0.1:50704 - "GET /api/v1/runs/e02be248-2a86-4c0c-acb8-dec478b69121 HTTP/1.1" 200 OK
api-1       | {"api_key_prefix": "evk_5ec841b483bb", "duration_ms": 200.692, "event": "http_request_completed", "level": "info", "method": "GET", "outcome": "success", "path": "/api/v1/runs/e02be248-2a86-4c0c-acb8-dec478b69121", "request_id": "11dab5e2-431d-4972-bb2d-0f4b07d1bacf", "status_code": 200, "tenant_id": "fdd68433-c86c-470c-8b57-cec8ffc3d389", "timestamp": "2026-08-07T12:31:40.003889Z", "trace_id": "bad5385292d47316f3903be037f8394f"}
api-1       | {"claimed": 33, "event": "outbox_dispatch_batch_completed", "lease_lost": 0, "level": "info", "published": 33, "retry_scheduled": 0, "role": "outbox_dispatcher", "timestamp": "2026-08-07T12:31:40.699427Z"}
api-1       | INFO:     172.18.0.1:50704 - "GET /api/v1/runs/e02be248-2a86-4c0c-acb8-dec478b69121 HTTP/1.1" 200 OK
api-1       | {"api_key_prefix": "evk_5ec841b483bb", "duration_ms": 196.014, "event": "http_request_completed", "level": "info", "method": "GET", "outcome": "success", "path": "/api/v1/runs/e02be248-2a86-4c0c-acb8-dec478b69121", "request_id": "14d8b775-4583-4844-ac1f-3c546859e017", "status_code": 200, "tenant_id": "fdd68433-c86c-470c-8b57-cec8ffc3d389", "timestamp": "2026-08-07T12:31:40.702982Z", "trace_id": "8a953afa967d322aa2876d0572702699"}
api-1       | {"claimed": 32, "event": "outbox_dispatch_batch_completed", "lease_lost": 0, "level": "info", "published": 32, "retry_scheduled": 0, "role": "outbox_dispatcher", "timestamp": "2026-08-07T12:31:41.391567Z"}
api-1       | INFO:     172.18.0.1:50704 - "GET /api/v1/runs/e02be248-2a86-4c0c-acb8-dec478b69121 HTTP/1.1" 200 OK
api-1       | {"api_key_prefix": "evk_5ec841b483bb", "duration_ms": 190.158, "event": "http_request_completed", "level": "info", "method": "GET", "outcome": "success", "path": "/api/v1/runs/e02be248-2a86-4c0c-acb8-dec478b69121", "request_id": "99bc04fe-ea77-4f4d-8c4b-9fc3fe038ff0", "status_code": 200, "tenant_id": "fdd68433-c86c-470c-8b57-cec8ffc3d389", "timestamp": "2026-08-07T12:31:41.397463Z", "trace_id": "3575088d304d4f4bc2fcf2d9ed040de2"}
api-1       | {"event": "Context impl PostgresqlImpl.", "level": "info", "request_id": "6a51f8e3-32ef-48f8-af6a-58e4b00e10f5", "timestamp": "2026-08-07T12:31:41.744244Z", "trace_id": "7139a768442b8a93b33b014c91b023f5"}
api-1       | {"event": "Will assume transactional DDL.", "level": "info", "request_id": "6a51f8e3-32ef-48f8-af6a-58e4b00e10f5", "timestamp": "2026-08-07T12:31:41.744374Z", "trace_id": "7139a768442b8a93b33b014c91b023f5"}
api-1       | INFO:     127.0.0.1:49574 - "GET /health/ready HTTP/1.1" 200 OK
api-1       | {"duration_ms": 22.341, "event": "http_request_completed", "level": "info", "method": "GET", "outcome": "success", "path": "/health/ready", "request_id": "6a51f8e3-32ef-48f8-af6a-58e4b00e10f5", "status_code": 200, "timestamp": "2026-08-07T12:31:41.751333Z", "trace_id": "7139a768442b8a93b33b014c91b023f5"}
api-1       | {"claimed": 32, "event": "outbox_dispatch_batch_completed", "lease_lost": 0, "level": "info", "published": 32, "retry_scheduled": 0, "role": "outbox_dispatcher", "timestamp": "2026-08-07T12:31:42.082626Z"}
api-1       | INFO:     172.18.0.1:50704 - "GET /api/v1/runs/e02be248-2a86-4c0c-acb8-dec478b69121 HTTP/1.1" 200 OK
api-1       | {"api_key_prefix": "evk_5ec841b483bb", "duration_ms": 196.389, "event": "http_request_completed", "level": "info", "method": "GET", "outcome": "success", "path": "/api/v1/runs/e02be248-2a86-4c0c-acb8-dec478b69121", "request_id": "09ac3097-0d2b-4933-981a-489e349060da", "status_code": 200, "tenant_id": "fdd68433-c86c-470c-8b57-cec8ffc3d389", "timestamp": "2026-08-07T12:31:42.096447Z", "trace_id": "65cea4b9e872d5e7068ac3ba1669a049"}
api-1       | {"claimed": 30, "event": "outbox_dispatch_batch_completed", "lease_lost": 0, "level": "info", "published": 30, "retry_scheduled": 0, "role": "outbox_dispatcher", "timestamp": "2026-08-07T12:31:42.875685Z"}
api-1       | INFO:     172.18.0.1:50704 - "GET /api/v1/runs/e02be248-2a86-4c0c-acb8-dec478b69121 HTTP/1.1" 200 OK
api-1       | {"api_key_prefix": "evk_5ec841b483bb", "duration_ms": 329.047, "event": "http_request_completed", "level": "info", "method": "GET", "outcome": "success", "path": "/api/v1/runs/e02be248-2a86-4c0c-acb8-dec478b69121", "request_id": "7dabe861-dc9b-41de-ae6a-a26f0a753427", "status_code": 200, "tenant_id": "fdd68433-c86c-470c-8b57-cec8ffc3d389", "timestamp": "2026-08-07T12:31:42.934636Z", "trace_id": "833c82ff6b428bbeee54690c43e0a756"}
api-1       | {"claimed": 31, "event": "outbox_dispatch_batch_completed", "lease_lost": 0, "level": "info", "published": 31, "retry_scheduled": 0, "role": "outbox_dispatcher", "timestamp": "2026-08-07T12:31:43.570234Z"}
api-1       | INFO:     172.18.0.1:50704 - "GET /api/v1/runs/e02be248-2a86-4c0c-acb8-dec478b69121 HTTP/1.1" 200 OK
api-1       | {"api_key_prefix": "evk_5ec841b483bb", "duration_ms": 147.429, "event": "http_request_completed", "level": "info", "method": "GET", "outcome": "success", "path": "/api/v1/runs/e02be248-2a86-4c0c-acb8-dec478b69121", "request_id": "bb194f15-b239-4049-8a7d-e8f1bf423c53", "status_code": 200, "tenant_id": "fdd68433-c86c-470c-8b57-cec8ffc3d389", "timestamp": "2026-08-07T12:31:43.593648Z", "trace_id": "e5da47421e1d023de9e28efac0997876"}
api-1       | {"claimed": 29, "event": "outbox_dispatch_batch_completed", "lease_lost": 0, "level": "info", "published": 29, "retry_scheduled": 0, "role": "outbox_dispatcher", "timestamp": "2026-08-07T12:31:44.272491Z"}
api-1       | INFO:     172.18.0.1:50704 - "GET /api/v1/runs/e02be248-2a86-4c0c-acb8-dec478b69121 HTTP/1.1" 200 OK
api-1       | {"api_key_prefix": "evk_5ec841b483bb", "duration_ms": 174.14, "event": "http_request_completed", "level": "info", "method": "GET", "outcome": "success", "path": "/api/v1/runs/e02be248-2a86-4c0c-acb8-dec478b69121", "request_id": "31234140-eab6-446a-a83e-4ef106a9f8ec", "status_code": 200, "tenant_id": "fdd68433-c86c-470c-8b57-cec8ffc3d389", "timestamp": "2026-08-07T12:31:44.286612Z", "trace_id": "847b51cada9ac49f189a1752a48f24f7"}
api-1       | {"claimed": 30, "event": "outbox_dispatch_batch_completed", "lease_lost": 0, "level": "info", "published": 30, "retry_scheduled": 0, "role": "outbox_dispatcher", "timestamp": "2026-08-07T12:31:44.975716Z"}
api-1       | INFO:     172.18.0.1:50704 - "GET /api/v1/runs/e02be248-2a86-4c0c-acb8-dec478b69121 HTTP/1.1" 200 OK
api-1       | {"api_key_prefix": "evk_5ec841b483bb", "duration_ms": 197.162, "event": "http_request_completed", "level": "info", "method": "GET", "outcome": "success", "path": "/api/v1/runs/e02be248-2a86-4c0c-acb8-dec478b69121", "request_id": "2ba672eb-6f8a-4b68-adf3-4003c71147a8", "status_code": 200, "tenant_id": "fdd68433-c86c-470c-8b57-cec8ffc3d389", "timestamp": "2026-08-07T12:31:44.986470Z", "trace_id": "90265d0587ea05b74a0cc34b5254b99b"}
api-1       | {"claimed": 32, "event": "outbox_dispatch_batch_completed", "lease_lost": 0, "level": "info", "published": 32, "retry_scheduled": 0, "role": "outbox_dispatcher", "timestamp": "2026-08-07T12:31:45.673979Z"}
api-1       | INFO:     172.18.0.1:50704 - "GET /api/v1/runs/e02be248-2a86-4c0c-acb8-dec478b69121 HTTP/1.1" 200 OK
api-1       | {"api_key_prefix": "evk_5ec841b483bb", "duration_ms": 196.389, "event": "http_request_completed", "level": "info", "method": "GET", "outcome": "success", "path": "/api/v1/runs/e02be248-2a86-4c0c-acb8-dec478b69121", "request_id": "9814c105-3ff6-470c-914f-405e4ceb7bf4", "status_code": 200, "tenant_id": "fdd68433-c86c-470c-8b57-cec8ffc3d389", "timestamp": "2026-08-07T12:31:45.685709Z", "trace_id": "93d792fdb5124f811458859636b79cea"}
api-1       | {"claimed": 32, "event": "outbox_dispatch_batch_completed", "lease_lost": 0, "level": "info", "published": 32, "retry_scheduled": 0, "role": "outbox_dispatcher", "timestamp": "2026-08-07T12:31:46.389680Z"}
api-1       | INFO:     172.18.0.1:50704 - "GET /api/v1/runs/e02be248-2a86-4c0c-acb8-dec478b69121 HTTP/1.1" 200 OK
api-1       | {"api_key_prefix": "evk_5ec841b483bb", "duration_ms": 210.456, "event": "http_request_completed", "level": "info", "method": "GET", "outcome": "success", "path": "/api/v1/runs/e02be248-2a86-4c0c-acb8-dec478b69121", "request_id": "2b4eeec1-e560-4c8a-b72f-d87667fb833f", "status_code": 200, "tenant_id": "fdd68433-c86c-470c-8b57-cec8ffc3d389", "timestamp": "2026-08-07T12:31:46.398919Z", "trace_id": "818503734e0eaca46497a5733e0c36e1"}
api-1       | {"claimed": 34, "event": "outbox_dispatch_batch_completed", "lease_lost": 0, "level": "info", "published": 34, "retry_scheduled": 0, "role": "outbox_dispatcher", "timestamp": "2026-08-07T12:31:47.271248Z"}
api-1       | INFO:     172.18.0.1:50704 - "GET /api/v1/runs/e02be248-2a86-4c0c-acb8-dec478b69121 HTTP/1.1" 200 OK
api-1       | {"api_key_prefix": "evk_5ec841b483bb", "duration_ms": 426.066, "event": "http_request_completed", "level": "info", "method": "GET", "outcome": "success", "path": "/api/v1/runs/e02be248-2a86-4c0c-acb8-dec478b69121", "request_id": "7277f7fb-9220-4e0f-b6fa-983590025ce0", "status_code": 200, "tenant_id": "fdd68433-c86c-470c-8b57-cec8ffc3d389", "timestamp": "2026-08-07T12:31:47.327242Z", "trace_id": "73ba9c8918039aaf7f72d7f105273c11"}
api-1       | {"event": "Context impl PostgresqlImpl.", "level": "info", "request_id": "c36ec1c9-8b05-4f4d-a5fa-c34b09ab96c3", "timestamp": "2026-08-07T12:31:47.350181Z", "trace_id": "46908e587b4b02ab80a55ba97fb895c2"}
api-1       | {"event": "Will assume transactional DDL.", "level": "info", "request_id": "c36ec1c9-8b05-4f4d-a5fa-c34b09ab96c3", "timestamp": "2026-08-07T12:31:47.350293Z", "trace_id": "46908e587b4b02ab80a55ba97fb895c2"}
api-1       | INFO:     127.0.0.1:49602 - "GET /health/ready HTTP/1.1" 200 OK
api-1       | {"duration_ms": 31.193, "event": "http_request_completed", "level": "info", "method": "GET", "outcome": "success", "path": "/health/ready", "request_id": "c36ec1c9-8b05-4f4d-a5fa-c34b09ab96c3", "status_code": 200, "timestamp": "2026-08-07T12:31:47.360993Z", "trace_id": "46908e587b4b02ab80a55ba97fb895c2"}
api-1       | {"claimed": 39, "event": "outbox_dispatch_batch_completed", "lease_lost": 0, "level": "info", "published": 39, "retry_scheduled": 0, "role": "outbox_dispatcher", "timestamp": "2026-08-07T12:31:47.974529Z"}
api-1       | INFO:     172.18.0.1:50704 - "GET /api/v1/runs/e02be248-2a86-4c0c-acb8-dec478b69121 HTTP/1.1" 200 OK
api-1       | {"api_key_prefix": "evk_5ec841b483bb", "duration_ms": 201.71, "event": "http_request_completed", "level": "info", "method": "GET", "outcome": "success", "path": "/api/v1/runs/e02be248-2a86-4c0c-acb8-dec478b69121", "request_id": "2ac99d2b-c1cd-4638-a4dd-dca516955732", "status_code": 200, "tenant_id": "fdd68433-c86c-470c-8b57-cec8ffc3d389", "timestamp": "2026-08-07T12:31:48.036721Z", "trace_id": "63fff49876f1dc9220b65cbbd1d9841a"}
api-1       | {"claimed": 31, "event": "outbox_dispatch_batch_completed", "lease_lost": 0, "level": "info", "published": 31, "retry_scheduled": 0, "role": "outbox_dispatcher", "timestamp": "2026-08-07T12:31:48.675909Z"}
api-1       | INFO:     172.18.0.1:50704 - "GET /api/v1/runs/e02be248-2a86-4c0c-acb8-dec478b69121 HTTP/1.1" 200 OK
api-1       | {"api_key_prefix": "evk_5ec841b483bb", "duration_ms": 149.67, "event": "http_request_completed", "level": "info", "method": "GET", "outcome": "success", "path": "/api/v1/runs/e02be248-2a86-4c0c-acb8-dec478b69121", "request_id": "9880bc84-848b-41aa-98a2-acb40d7b1768", "status_code": 200, "tenant_id": "fdd68433-c86c-470c-8b57-cec8ffc3d389", "timestamp": "2026-08-07T12:31:48.704258Z", "trace_id": "37ec0cf03c5d699cc6aa2e8209f87c1e"}
api-1       | {"claimed": 30, "event": "outbox_dispatch_batch_completed", "lease_lost": 0, "level": "info", "published": 30, "retry_scheduled": 0, "role": "outbox_dispatcher", "timestamp": "2026-08-07T12:31:49.369495Z"}
api-1       | INFO:     172.18.0.1:50704 - "GET /api/v1/runs/e02be248-2a86-4c0c-acb8-dec478b69121 HTTP/1.1" 200 OK
api-1       | {"api_key_prefix": "evk_5ec841b483bb", "duration_ms": 207.472, "event": "http_request_completed", "level": "info", "method": "GET", "outcome": "success", "path": "/api/v1/runs/e02be248-2a86-4c0c-acb8-dec478b69121", "request_id": "2be442c7-c2bb-4248-95cf-d25abe7d9eb3", "status_code": 200, "tenant_id": "fdd68433-c86c-470c-8b57-cec8ffc3d389", "timestamp": "2026-08-07T12:31:49.428724Z", "trace_id": "e7a8bf7a4a96ad969d4bc90d391af885"}
api-1       | {"claimed": 31, "event": "outbox_dispatch_batch_completed", "lease_lost": 0, "level": "info", "published": 31, "retry_scheduled": 0, "role": "outbox_dispatcher", "timestamp": "2026-08-07T12:31:50.071264Z"}
api-1       | INFO:     172.18.0.1:50704 - "GET /api/v1/runs/e02be248-2a86-4c0c-acb8-dec478b69121 HTTP/1.1" 200 OK
api-1       | {"api_key_prefix": "evk_5ec841b483bb", "duration_ms": 179.253, "event": "http_request_completed", "level": "info", "method": "GET", "outcome": "success", "path": "/api/v1/runs/e02be248-2a86-4c0c-acb8-dec478b69121", "request_id": "41958158-3240-4699-8a15-3a5efc27f630", "status_code": 200, "tenant_id": "fdd68433-c86c-470c-8b57-cec8ffc3d389", "timestamp": "2026-08-07T12:31:50.131203Z", "trace_id": "fcbf5d27c97b26ef3e28d41af454aca6"}
api-1       | {"claimed": 30, "event": "outbox_dispatch_batch_completed", "lease_lost": 0, "level": "info", "published": 30, "retry_scheduled": 0, "role": "outbox_dispatcher", "timestamp": "2026-08-07T12:31:50.777070Z"}
api-1       | INFO:     172.18.0.1:50704 - "GET /api/v1/runs/e02be248-2a86-4c0c-acb8-dec478b69121 HTTP/1.1" 200 OK
api-1       | {"api_key_prefix": "evk_5ec841b483bb", "duration_ms": 167.163, "event": "http_request_completed", "level": "info", "method": "GET", "outcome": "success", "path": "/api/v1/runs/e02be248-2a86-4c0c-acb8-dec478b69121", "request_id": "5ea3fcb0-ca4d-4244-911d-600685ac0c2e", "status_code": 200, "tenant_id": "fdd68433-c86c-470c-8b57-cec8ffc3d389", "timestamp": "2026-08-07T12:31:50.827136Z", "trace_id": "bb0dee81eb53164b11b928927f1eeb85"}
api-1       | {"claimed": 30, "event": "outbox_dispatch_batch_completed", "lease_lost": 0, "level": "info", "published": 30, "retry_scheduled": 0, "role": "outbox_dispatcher", "timestamp": "2026-08-07T12:31:51.414494Z"}
api-1       | INFO:     172.18.0.1:50704 - "GET /api/v1/runs/e02be248-2a86-4c0c-acb8-dec478b69121 HTTP/1.1" 200 OK
api-1       | {"api_key_prefix": "evk_5ec841b483bb", "duration_ms": 197.584, "event": "http_request_completed", "level": "info", "method": "GET", "outcome": "success", "path": "/api/v1/runs/e02be248-2a86-4c0c-acb8-dec478b69121", "request_id": "76884dcc-6bd5-45c4-b7b1-ff22aa66f83d", "status_code": 200, "tenant_id": "fdd68433-c86c-470c-8b57-cec8ffc3d389", "timestamp": "2026-08-07T12:31:51.530555Z", "trace_id": "5ce41002cae8299eb35671801a2984a2"}
api-1       | {"claimed": 27, "event": "outbox_dispatch_batch_completed", "lease_lost": 0, "level": "info", "published": 27, "retry_scheduled": 0, "role": "outbox_dispatcher", "timestamp": "2026-08-07T12:31:52.073904Z"}
api-1       | INFO:     172.18.0.1:50704 - "GET /api/v1/runs/e02be248-2a86-4c0c-acb8-dec478b69121 HTTP/1.1" 200 OK
api-1       | {"api_key_prefix": "evk_5ec841b483bb", "duration_ms": 96.721, "event": "http_request_completed", "level": "info", "method": "GET", "outcome": "success", "path": "/api/v1/runs/e02be248-2a86-4c0c-acb8-dec478b69121", "request_id": "13c2baf1-a901-4475-9fbd-252da9333bc6", "status_code": 200, "tenant_id": "fdd68433-c86c-470c-8b57-cec8ffc3d389", "timestamp": "2026-08-07T12:31:52.134190Z", "trace_id": "2dab941a6ef977afd6d9236db43d9900"}
api-1       | {"event": "Context impl PostgresqlImpl.", "level": "info", "request_id": "ce7d6b3d-9daf-4aa4-b985-9a7d04ee0f87", "timestamp": "2026-08-07T12:31:52.868008Z", "trace_id": "5832d045081e3dca00a53c6532737bb1"}
api-1       | {"event": "Will assume transactional DDL.", "level": "info", "request_id": "ce7d6b3d-9daf-4aa4-b985-9a7d04ee0f87", "timestamp": "2026-08-07T12:31:52.868213Z", "trace_id": "5832d045081e3dca00a53c6532737bb1"}
api-1       | {"claimed": 29, "event": "outbox_dispatch_batch_completed", "lease_lost": 0, "level": "info", "published": 29, "retry_scheduled": 0, "role": "outbox_dispatcher", "timestamp": "2026-08-07T12:31:52.884242Z"}
api-1       | INFO:     127.0.0.1:49400 - "GET /health/ready HTTP/1.1" 200 OK
api-1       | {"duration_ms": 47.395, "event": "http_request_completed", "level": "info", "method": "GET", "outcome": "success", "path": "/health/ready", "request_id": "ce7d6b3d-9daf-4aa4-b985-9a7d04ee0f87", "status_code": 200, "timestamp": "2026-08-07T12:31:52.890551Z", "trace_id": "5832d045081e3dca00a53c6532737bb1"}
api-1       | INFO:     172.18.0.1:50704 - "GET /api/v1/runs/e02be248-2a86-4c0c-acb8-dec478b69121 HTTP/1.1" 200 OK
api-1       | {"api_key_prefix": "evk_5ec841b483bb", "duration_ms": 309.557, "event": "http_request_completed", "level": "info", "method": "GET", "outcome": "success", "path": "/api/v1/runs/e02be248-2a86-4c0c-acb8-dec478b69121", "request_id": "40527ff8-8733-4b8e-9731-ae59f2a04045", "status_code": 200, "tenant_id": "fdd68433-c86c-470c-8b57-cec8ffc3d389", "timestamp": "2026-08-07T12:31:52.964016Z", "trace_id": "339b1cc007cdf53214016a556c0a0150"}
api-1       | {"claimed": 20, "event": "outbox_dispatch_batch_completed", "lease_lost": 0, "level": "info", "published": 20, "retry_scheduled": 0, "role": "outbox_dispatcher", "timestamp": "2026-08-07T12:31:53.501205Z"}
api-1       | INFO:     172.18.0.1:50704 - "GET /api/v1/runs/e02be248-2a86-4c0c-acb8-dec478b69121 HTTP/1.1" 200 OK
api-1       | {"api_key_prefix": "evk_5ec841b483bb", "duration_ms": 107.583, "event": "http_request_completed", "level": "info", "method": "GET", "outcome": "success", "path": "/api/v1/runs/e02be248-2a86-4c0c-acb8-dec478b69121", "request_id": "9330dc47-2f9f-4c3c-a599-c91748bd04d7", "status_code": 200, "tenant_id": "fdd68433-c86c-470c-8b57-cec8ffc3d389", "timestamp": "2026-08-07T12:31:53.580678Z", "trace_id": "3f35ce7cedd1338cf67356c1979c3995"}
api-1       | {"claimed": 6, "event": "outbox_dispatch_batch_completed", "lease_lost": 0, "level": "info", "published": 6, "retry_scheduled": 0, "role": "outbox_dispatcher", "timestamp": "2026-08-07T12:31:54.033146Z"}
api-1       | INFO:     172.18.0.1:50704 - "GET /api/v1/runs/e02be248-2a86-4c0c-acb8-dec478b69121 HTTP/1.1" 200 OK
api-1       | {"api_key_prefix": "evk_5ec841b483bb", "duration_ms": 56.677, "event": "http_request_completed", "level": "info", "method": "GET", "outcome": "success", "path": "/api/v1/runs/e02be248-2a86-4c0c-acb8-dec478b69121", "request_id": "7bcf5388-08d5-4772-b9d1-ef574de8ecfa", "status_code": 200, "tenant_id": "fdd68433-c86c-470c-8b57-cec8ffc3d389", "timestamp": "2026-08-07T12:31:54.140597Z", "trace_id": "7e1ba0be5f3f56c6587168cd6f605ecd"}
api-1       | {"claimed": 3, "event": "outbox_dispatch_batch_completed", "lease_lost": 0, "level": "info", "published": 3, "retry_scheduled": 0, "role": "outbox_dispatcher", "timestamp": "2026-08-07T12:31:54.549810Z"}
api-1       | INFO:     172.18.0.1:50704 - "GET /api/v1/runs/e02be248-2a86-4c0c-acb8-dec478b69121 HTTP/1.1" 200 OK
api-1       | {"api_key_prefix": "evk_5ec841b483bb", "duration_ms": 61.933, "event": "http_request_completed", "level": "info", "method": "GET", "outcome": "success", "path": "/api/v1/runs/e02be248-2a86-4c0c-acb8-dec478b69121", "request_id": "63c00105-80f2-4eaa-ac71-890d26880155", "status_code": 200, "tenant_id": "fdd68433-c86c-470c-8b57-cec8ffc3d389", "timestamp": "2026-08-07T12:31:54.705657Z", "trace_id": "cfce5850d1af054e32f1b6acd561d343"}
api-1       | INFO:     172.18.0.1:50704 - "GET /api/v1/runs/e02be248-2a86-4c0c-acb8-dec478b69121/cases?limit=200&sort=case_id HTTP/1.1" 200 OK
api-1       | {"api_key_prefix": "evk_5ec841b483bb", "duration_ms": 123.606, "event": "http_request_completed", "level": "info", "method": "GET", "outcome": "success", "path": "/api/v1/runs/e02be248-2a86-4c0c-acb8-dec478b69121/cases", "request_id": "a8a97982-d6be-464d-aed4-7d4cbf28e501", "status_code": 200, "tenant_id": "fdd68433-c86c-470c-8b57-cec8ffc3d389", "timestamp": "2026-08-07T12:31:54.830879Z", "trace_id": "102150c09c0f67e9f554525b31fbe8b5"}
api-1       | INFO:     172.18.0.1:50704 - "GET /api/v1/runs/e02be248-2a86-4c0c-acb8-dec478b69121/cases?limit=200&sort=case_id&cursor=eyJkaXJlY3Rpb24iOiJhc2MiLCJlcnJvcl9jb2RlIjpudWxsLCJqb2JfaWQiOiIyMzMwOTk4Yi1jMWZmLTQ5MjQtYjIxZi00OTM1ZDk0MzQ5MWEiLCJtZXRyaWMiOm51bGwsInNvcnQiOiJjYXNlX2lkIiwic3RhdHVzIjpudWxsLCJ2IjoxLCJ2YWx1ZSI6ImxvYWQtMDE5OSJ9 HTTP/1.1" 200 OK
api-1       | {"api_key_prefix": "evk_5ec841b483bb", "duration_ms": 67.196, "event": "http_request_completed", "level": "info", "method": "GET", "outcome": "success", "path": "/api/v1/runs/e02be248-2a86-4c0c-acb8-dec478b69121/cases", "request_id": "c0e0eb53-9c12-4794-9a25-0036cb6110c8", "status_code": 200, "tenant_id": "fdd68433-c86c-470c-8b57-cec8ffc3d389", "timestamp": "2026-08-07T12:31:54.901355Z", "trace_id": "e8b488b4249d13b9aaa2dfefc7a060dd"}
api-1       | INFO:     172.18.0.1:50704 - "GET /api/v1/runs/e02be248-2a86-4c0c-acb8-dec478b69121/cases?limit=200&sort=case_id&cursor=eyJkaXJlY3Rpb24iOiJhc2MiLCJlcnJvcl9jb2RlIjpudWxsLCJqb2JfaWQiOiI4OTljMmM0ZC0wMmNjLTQyMGYtOGFmOC0yYjBjZTg3MTI2NzciLCJtZXRyaWMiOm51bGwsInNvcnQiOiJjYXNlX2lkIiwic3RhdHVzIjpudWxsLCJ2IjoxLCJ2YWx1ZSI6ImxvYWQtMDM5OSJ9 HTTP/1.1" 200 OK
api-1       | {"api_key_prefix": "evk_5ec841b483bb", "duration_ms": 59.729, "event": "http_request_completed", "level": "info", "method": "GET", "outcome": "success", "path": "/api/v1/runs/e02be248-2a86-4c0c-acb8-dec478b69121/cases", "request_id": "a9b6ac34-c00d-42d4-bda9-da7621785c4a", "status_code": 200, "tenant_id": "fdd68433-c86c-470c-8b57-cec8ffc3d389", "timestamp": "2026-08-07T12:31:54.963497Z", "trace_id": "de5972258c129e7e48fa481932d848e3"}
api-1       | INFO:     127.0.0.1:49414 - "GET /metrics HTTP/1.1" 200 OK
api-1       | {"duration_ms": 17.88, "event": "http_request_completed", "level": "info", "method": "GET", "outcome": "success", "path": "/metrics", "request_id": "cc43d880-8909-4fe2-a9c6-fa7566915a83", "status_code": 200, "timestamp": "2026-08-07T12:31:55.339009Z", "trace_id": "17cc117da0ececb6bb341482fc2c1450"}
api-1       | {"event": "Context impl PostgresqlImpl.", "level": "info", "request_id": "45f1bc64-c085-4142-89bb-876b28d393df", "timestamp": "2026-08-07T12:31:58.219344Z", "trace_id": "f5f9c948e5aec1ebf432fe137db289e8"}
api-1       | {"event": "Will assume transactional DDL.", "level": "info", "request_id": "45f1bc64-c085-4142-89bb-876b28d393df", "timestamp": "2026-08-07T12:31:58.219480Z", "trace_id": "f5f9c948e5aec1ebf432fe137db289e8"}
api-1       | INFO:     127.0.0.1:49430 - "GET /health/ready HTTP/1.1" 200 OK
api-1       | {"duration_ms": 25.055, "event": "http_request_completed", "level": "info", "method": "GET", "outcome": "success", "path": "/health/ready", "request_id": "45f1bc64-c085-4142-89bb-876b28d393df", "status_code": 200, "timestamp": "2026-08-07T12:31:58.229162Z", "trace_id": "f5f9c948e5aec1ebf432fe137db289e8"}
api-1       | INFO:     172.18.0.1:50704 - "POST /api/v1/runs HTTP/1.1" 202 Accepted
api-1       | {"api_key_prefix": "evk_5ec841b483bb", "duration_ms": 80.52, "event": "http_request_completed", "level": "info", "method": "POST", "outcome": "success", "path": "/api/v1/runs", "request_id": "8d1a95cc-006c-4fe7-bda5-54b4035c6bd6", "status_code": 202, "tenant_id": "fdd68433-c86c-470c-8b57-cec8ffc3d389", "timestamp": "2026-08-07T12:31:59.864790Z", "trace_id": "a9d82f3d0cf16f3c722e2159f405b860"}
api-1       | INFO:     172.18.0.1:50704 - "GET /api/v1/runs/6f1f6205-9c55-4f50-96d3-bcb81a3376c8 HTTP/1.1" 200 OK
api-1       | {"api_key_prefix": "evk_5ec841b483bb", "duration_ms": 54.839, "event": "http_request_completed", "level": "info", "method": "GET", "outcome": "success", "path": "/api/v1/runs/6f1f6205-9c55-4f50-96d3-bcb81a3376c8", "request_id": "d8e14005-6b65-4f50-90df-f0e2fdfe7ece", "status_code": 200, "tenant_id": "fdd68433-c86c-470c-8b57-cec8ffc3d389", "timestamp": "2026-08-07T12:31:59.921615Z", "trace_id": "f2dad3cbfe227ef9a81a6cb5e9089d3e"}
api-1       | INFO:     172.18.0.1:50704 - "GET /api/v1/runs/6f1f6205-9c55-4f50-96d3-bcb81a3376c8 HTTP/1.1" 200 OK
api-1       | {"api_key_prefix": "evk_5ec841b483bb", "duration_ms": 59.007, "event": "http_request_completed", "level": "info", "method": "GET", "outcome": "success", "path": "/api/v1/runs/6f1f6205-9c55-4f50-96d3-bcb81a3376c8", "request_id": "1f1f7d0e-5ca7-4175-a5f1-05aff70a0cfb", "status_code": 200, "tenant_id": "fdd68433-c86c-470c-8b57-cec8ffc3d389", "timestamp": "2026-08-07T12:32:00.484246Z", "trace_id": "241214474db130ebb3a144de2d966d8f"}
api-1       | {"claimed": 16, "event": "outbox_dispatch_batch_completed", "lease_lost": 0, "level": "info", "published": 16, "retry_scheduled": 0, "role": "outbox_dispatcher", "timestamp": "2026-08-07T12:32:00.777496Z"}
api-1       | INFO:     172.18.0.1:50704 - "GET /api/v1/runs/6f1f6205-9c55-4f50-96d3-bcb81a3376c8 HTTP/1.1" 200 OK
api-1       | {"api_key_prefix": "evk_5ec841b483bb", "duration_ms": 58.451, "event": "http_request_completed", "level": "info", "method": "GET", "outcome": "success", "path": "/api/v1/runs/6f1f6205-9c55-4f50-96d3-bcb81a3376c8", "request_id": "f3fd5309-dc33-4e84-9350-04a0aa1139a3", "status_code": 200, "tenant_id": "fdd68433-c86c-470c-8b57-cec8ffc3d389", "timestamp": "2026-08-07T12:32:01.045679Z", "trace_id": "6471eb5f2416072383614a5b8ccbf556"}
api-1       | {"claimed": 40, "event": "outbox_dispatch_batch_completed", "lease_lost": 0, "level": "info", "published": 40, "retry_scheduled": 0, "role": "outbox_dispatcher", "timestamp": "2026-08-07T12:32:01.502974Z"}
api-1       | INFO:     172.18.0.1:50704 - "GET /api/v1/runs/6f1f6205-9c55-4f50-96d3-bcb81a3376c8 HTTP/1.1" 200 OK
api-1       | {"api_key_prefix": "evk_5ec841b483bb", "duration_ms": 56.174, "event": "http_request_completed", "level": "info", "method": "GET", "outcome": "success", "path": "/api/v1/runs/6f1f6205-9c55-4f50-96d3-bcb81a3376c8", "request_id": "1b05d665-6ae2-4234-89b9-475cdcbe6760", "status_code": 200, "tenant_id": "fdd68433-c86c-470c-8b57-cec8ffc3d389", "timestamp": "2026-08-07T12:32:01.604605Z", "trace_id": "dc193e2acd44f3606b95a1aa9953a45a"}
api-1       | {"claimed": 47, "event": "outbox_dispatch_batch_completed", "lease_lost": 0, "level": "info", "published": 47, "retry_scheduled": 0, "role": "outbox_dispatcher", "timestamp": "2026-08-07T12:32:02.203804Z"}
api-1       | INFO:     172.18.0.1:50704 - "GET /api/v1/runs/6f1f6205-9c55-4f50-96d3-bcb81a3376c8 HTTP/1.1" 200 OK
api-1       | {"api_key_prefix": "evk_5ec841b483bb", "duration_ms": 97.584, "event": "http_request_completed", "level": "info", "method": "GET", "outcome": "success", "path": "/api/v1/runs/6f1f6205-9c55-4f50-96d3-bcb81a3376c8", "request_id": "ca2ac713-7abd-44b6-a130-2c62eb959ca4", "status_code": 200, "tenant_id": "fdd68433-c86c-470c-8b57-cec8ffc3d389", "timestamp": "2026-08-07T12:32:02.213059Z", "trace_id": "c913fa8387ceda58270dae03b34fa8d8"}
api-1       | INFO:     172.18.0.1:50704 - "GET /api/v1/runs/6f1f6205-9c55-4f50-96d3-bcb81a3376c8 HTTP/1.1" 200 OK
api-1       | {"api_key_prefix": "evk_5ec841b483bb", "duration_ms": 56.317, "event": "http_request_completed", "level": "info", "method": "GET", "outcome": "success", "path": "/api/v1/runs/6f1f6205-9c55-4f50-96d3-bcb81a3376c8", "request_id": "dcf28a55-90ef-4ad5-90f1-7d9300abce2b", "status_code": 200, "tenant_id": "fdd68433-c86c-470c-8b57-cec8ffc3d389", "timestamp": "2026-08-07T12:32:02.771945Z", "trace_id": "7895c5f2aef2ef82034a85f991d176c1"}
api-1       | {"claimed": 3, "event": "outbox_dispatch_batch_completed", "lease_lost": 0, "level": "info", "published": 3, "retry_scheduled": 0, "role": "outbox_dispatcher", "timestamp": "2026-08-07T12:32:03.222895Z"}
api-1       | INFO:     172.18.0.1:50704 - "GET /api/v1/runs/6f1f6205-9c55-4f50-96d3-bcb81a3376c8 HTTP/1.1" 200 OK
api-1       | {"api_key_prefix": "evk_5ec841b483bb", "duration_ms": 62.278, "event": "http_request_completed", "level": "info", "method": "GET", "outcome": "success", "path": "/api/v1/runs/6f1f6205-9c55-4f50-96d3-bcb81a3376c8", "request_id": "47e48370-dac9-4318-a4e9-13a00da67d23", "status_code": 200, "tenant_id": "fdd68433-c86c-470c-8b57-cec8ffc3d389", "timestamp": "2026-08-07T12:32:03.336365Z", "trace_id": "016912656d674af65cb0b1f0cf6e5647"}
api-1       | INFO:     172.18.0.1:50704 - "GET /api/v1/runs/6f1f6205-9c55-4f50-96d3-bcb81a3376c8/cases?limit=200&sort=case_id HTTP/1.1" 200 OK
api-1       | {"api_key_prefix": "evk_5ec841b483bb", "duration_ms": 134.231, "event": "http_request_completed", "level": "info", "method": "GET", "outcome": "success", "path": "/api/v1/runs/6f1f6205-9c55-4f50-96d3-bcb81a3376c8/cases", "request_id": "4ec1afdf-7b7d-46c0-bbb8-bb333e8e96c5", "status_code": 200, "tenant_id": "fdd68433-c86c-470c-8b57-cec8ffc3d389", "timestamp": "2026-08-07T12:32:03.472454Z", "trace_id": "0f84acf1f0b77d050a026db5d27cc421"}
api-1       | {"event": "Context impl PostgresqlImpl.", "level": "info", "request_id": "04869c89-6b77-45fc-bf52-109cf8081d49", "timestamp": "2026-08-07T12:32:03.689074Z", "trace_id": "29a394e74ac911aedd8699b3a41bca47"}
api-1       | {"event": "Will assume transactional DDL.", "level": "info", "request_id": "04869c89-6b77-45fc-bf52-109cf8081d49", "timestamp": "2026-08-07T12:32:03.689240Z", "trace_id": "29a394e74ac911aedd8699b3a41bca47"}
api-1       | INFO:     127.0.0.1:57006 - "GET /health/ready HTTP/1.1" 200 OK
api-1       | {"duration_ms": 56.514, "event": "http_request_completed", "level": "info", "method": "GET", "outcome": "success", "path": "/health/ready", "request_id": "04869c89-6b77-45fc-bf52-109cf8081d49", "status_code": 200, "timestamp": "2026-08-07T12:32:03.727172Z", "trace_id": "29a394e74ac911aedd8699b3a41bca47"}
api-1       | INFO:     127.0.0.1:57022 - "GET /metrics HTTP/1.1" 200 OK
api-1       | {"duration_ms": 18.852, "event": "http_request_completed", "level": "info", "method": "GET", "outcome": "success", "path": "/metrics", "request_id": "efbfcd4e-42d6-4e4c-8fee-17bd8b4abe99", "status_code": 200, "timestamp": "2026-08-07T12:32:03.986134Z", "trace_id": "41aa8424cb54a8fcfa73f2f9bb842297"}
api-1       | INFO:     172.18.0.1:50704 - "POST /api/v1/runs HTTP/1.1" 202 Accepted
api-1       | {"api_key_prefix": "evk_5ec841b483bb", "duration_ms": 288.44, "event": "http_request_completed", "level": "info", "method": "POST", "outcome": "success", "path": "/api/v1/runs", "request_id": "4d52a516-d599-497d-9d7a-11a16b3bea3c", "status_code": 202, "tenant_id": "fdd68433-c86c-470c-8b57-cec8ffc3d389", "timestamp": "2026-08-07T12:32:05.369280Z", "trace_id": "ead98e690ef6c8888cb187893f0c06f8"}
api-1       | INFO:     172.18.0.1:50704 - "GET /api/v1/runs/a2fdda00-b445-473c-b4a8-387fbed7819d HTTP/1.1" 200 OK
api-1       | {"api_key_prefix": "evk_5ec841b483bb", "duration_ms": 53.993, "event": "http_request_completed", "level": "info", "method": "GET", "outcome": "success", "path": "/api/v1/runs/a2fdda00-b445-473c-b4a8-387fbed7819d", "request_id": "d7d4515a-391c-4b5d-a8ba-8b312b23af1e", "status_code": 200, "tenant_id": "fdd68433-c86c-470c-8b57-cec8ffc3d389", "timestamp": "2026-08-07T12:32:05.424944Z", "trace_id": "c1f49dc5cd7c28aa37b8cc202a955721"}
api-1       | {"claimed": 20, "event": "outbox_dispatch_batch_completed", "lease_lost": 0, "level": "info", "published": 20, "retry_scheduled": 0, "role": "outbox_dispatcher", "timestamp": "2026-08-07T12:32:05.983197Z"}
api-1       | INFO:     172.18.0.1:50704 - "GET /api/v1/runs/a2fdda00-b445-473c-b4a8-387fbed7819d HTTP/1.1" 200 OK
api-1       | {"api_key_prefix": "evk_5ec841b483bb", "duration_ms": 116.429, "event": "http_request_completed", "level": "info", "method": "GET", "outcome": "success", "path": "/api/v1/runs/a2fdda00-b445-473c-b4a8-387fbed7819d", "request_id": "799d88d8-d386-439f-a959-5f589812a4f3", "status_code": 200, "tenant_id": "fdd68433-c86c-470c-8b57-cec8ffc3d389", "timestamp": "2026-08-07T12:32:06.045232Z", "trace_id": "47062b1108fd8b4bfda143044a0c7fe3"}
api-1       | {"claimed": 49, "event": "outbox_dispatch_batch_completed", "lease_lost": 0, "level": "info", "published": 49, "retry_scheduled": 0, "role": "outbox_dispatcher", "timestamp": "2026-08-07T12:32:06.771297Z"}
api-1       | INFO:     172.18.0.1:50704 - "GET /api/v1/runs/a2fdda00-b445-473c-b4a8-387fbed7819d HTTP/1.1" 200 OK
api-1       | {"api_key_prefix": "evk_5ec841b483bb", "duration_ms": 225.794, "event": "http_request_completed", "level": "info", "method": "GET", "outcome": "success", "path": "/api/v1/runs/a2fdda00-b445-473c-b4a8-387fbed7819d", "request_id": "ed674a57-a1c2-493e-bd4f-19fb8d364d0a", "status_code": 200, "tenant_id": "fdd68433-c86c-470c-8b57-cec8ffc3d389", "timestamp": "2026-08-07T12:32:06.785292Z", "trace_id": "a871461f59231dd17c01bc5e93b2b7a2"}
api-1       | {"claimed": 50, "event": "outbox_dispatch_batch_completed", "lease_lost": 0, "level": "info", "published": 50, "retry_scheduled": 0, "role": "outbox_dispatcher", "timestamp": "2026-08-07T12:32:07.700811Z"}
api-1       | INFO:     172.18.0.1:50704 - "GET /api/v1/runs/a2fdda00-b445-473c-b4a8-387fbed7819d HTTP/1.1" 200 OK
api-1       | {"api_key_prefix": "evk_5ec841b483bb", "duration_ms": 482.002, "event": "http_request_completed", "level": "info", "method": "GET", "outcome": "success", "path": "/api/v1/runs/a2fdda00-b445-473c-b4a8-387fbed7819d", "request_id": "72dc1305-6b52-4ebc-acb0-6a09aa85688c", "status_code": 200, "tenant_id": "fdd68433-c86c-470c-8b57-cec8ffc3d389", "timestamp": "2026-08-07T12:32:07.771526Z", "trace_id": "3006c40d08f2b7a5c5e64f5ef4125a11"}
api-1       | {"claimed": 50, "event": "outbox_dispatch_batch_completed", "lease_lost": 0, "level": "info", "published": 50, "retry_scheduled": 0, "role": "outbox_dispatcher", "timestamp": "2026-08-07T12:32:08.475750Z"}
api-1       | INFO:     172.18.0.1:50704 - "GET /api/v1/runs/a2fdda00-b445-473c-b4a8-387fbed7819d HTTP/1.1" 200 OK
api-1       | {"api_key_prefix": "evk_5ec841b483bb", "duration_ms": 259.617, "event": "http_request_completed", "level": "info", "method": "GET", "outcome": "success", "path": "/api/v1/runs/a2fdda00-b445-473c-b4a8-387fbed7819d", "request_id": "3d2be09a-f67d-40c7-8f71-5a5963dfa33b", "status_code": 200, "tenant_id": "fdd68433-c86c-470c-8b57-cec8ffc3d389", "timestamp": "2026-08-07T12:32:08.540344Z", "trace_id": "6dca6628332b89b39e2602cd1857c58f"}
api-1       | {"event": "Context impl PostgresqlImpl.", "level": "info", "request_id": "c4f8b703-c57d-416e-aba6-b3fe5a6a62bc", "timestamp": "2026-08-07T12:32:09.351395Z", "trace_id": "f731325d09e9613a7b2c1c5ec2a13c85"}
api-1       | {"event": "Will assume transactional DDL.", "level": "info", "request_id": "c4f8b703-c57d-416e-aba6-b3fe5a6a62bc", "timestamp": "2026-08-07T12:32:09.351514Z", "trace_id": "f731325d09e9613a7b2c1c5ec2a13c85"}
api-1       | {"claimed": 50, "event": "outbox_dispatch_batch_completed", "lease_lost": 0, "level": "info", "published": 50, "retry_scheduled": 0, "role": "outbox_dispatcher", "timestamp": "2026-08-07T12:32:09.395375Z"}
api-1       | INFO:     127.0.0.1:57036 - "GET /health/ready HTTP/1.1" 200 OK
api-1       | {"duration_ms": 138.281, "event": "http_request_completed", "level": "info", "method": "GET", "outcome": "success", "path": "/health/ready", "request_id": "c4f8b703-c57d-416e-aba6-b3fe5a6a62bc", "status_code": 200, "timestamp": "2026-08-07T12:32:09.409256Z", "trace_id": "f731325d09e9613a7b2c1c5ec2a13c85"}
api-1       | INFO:     172.18.0.1:50704 - "GET /api/v1/runs/a2fdda00-b445-473c-b4a8-387fbed7819d HTTP/1.1" 200 OK
api-1       | {"api_key_prefix": "evk_5ec841b483bb", "duration_ms": 332.713, "event": "http_request_completed", "level": "info", "method": "GET", "outcome": "success", "path": "/api/v1/runs/a2fdda00-b445-473c-b4a8-387fbed7819d", "request_id": "f59ffeca-69d7-4138-a145-beab77a87e6c", "status_code": 200, "tenant_id": "fdd68433-c86c-470c-8b57-cec8ffc3d389", "timestamp": "2026-08-07T12:32:09.462385Z", "trace_id": "c29ee1a2d373dbae66c9fb6b85be093f"}
api-1       | {"claimed": 50, "event": "outbox_dispatch_batch_completed", "lease_lost": 0, "level": "info", "published": 50, "retry_scheduled": 0, "role": "outbox_dispatcher", "timestamp": "2026-08-07T12:32:10.123519Z"}
api-1       | INFO:     172.18.0.1:50704 - "GET /api/v1/runs/a2fdda00-b445-473c-b4a8-387fbed7819d HTTP/1.1" 200 OK
api-1       | {"api_key_prefix": "evk_5ec841b483bb", "duration_ms": 212.831, "event": "http_request_completed", "level": "info", "method": "GET", "outcome": "success", "path": "/api/v1/runs/a2fdda00-b445-473c-b4a8-387fbed7819d", "request_id": "81f1f227-3711-4a6b-943a-9dd6bd442d59", "status_code": 200, "tenant_id": "fdd68433-c86c-470c-8b57-cec8ffc3d389", "timestamp": "2026-08-07T12:32:10.184554Z", "trace_id": "317741478216ee837db79566e634fe33"}
api-1       | {"claimed": 50, "event": "outbox_dispatch_batch_completed", "lease_lost": 0, "level": "info", "published": 50, "retry_scheduled": 0, "role": "outbox_dispatcher", "timestamp": "2026-08-07T12:32:10.827691Z"}
api-1       | INFO:     172.18.0.1:50704 - "GET /api/v1/runs/a2fdda00-b445-473c-b4a8-387fbed7819d HTTP/1.1" 200 OK
api-1       | {"api_key_prefix": "evk_5ec841b483bb", "duration_ms": 235.116, "event": "http_request_completed", "level": "info", "method": "GET", "outcome": "success", "path": "/api/v1/runs/a2fdda00-b445-473c-b4a8-387fbed7819d", "request_id": "49db9f6c-7827-4ac3-aefb-e844bd0861b7", "status_code": 200, "tenant_id": "fdd68433-c86c-470c-8b57-cec8ffc3d389", "timestamp": "2026-08-07T12:32:10.929593Z", "trace_id": "ee6d509d2fb6fe25b2e742272a99a1d0"}
api-1       | {"claimed": 50, "event": "outbox_dispatch_batch_completed", "lease_lost": 0, "level": "info", "published": 50, "retry_scheduled": 0, "role": "outbox_dispatcher", "timestamp": "2026-08-07T12:32:11.585333Z"}
api-1       | INFO:     172.18.0.1:50704 - "GET /api/v1/runs/a2fdda00-b445-473c-b4a8-387fbed7819d HTTP/1.1" 200 OK
api-1       | {"api_key_prefix": "evk_5ec841b483bb", "duration_ms": 181.657, "event": "http_request_completed", "level": "info", "method": "GET", "outcome": "success", "path": "/api/v1/runs/a2fdda00-b445-473c-b4a8-387fbed7819d", "request_id": "7ad20fd7-b7a6-4942-8af1-a5b96393cde2", "status_code": 200, "tenant_id": "fdd68433-c86c-470c-8b57-cec8ffc3d389", "timestamp": "2026-08-07T12:32:11.643948Z", "trace_id": "4afac90c312cdd29e3aa60ff3f59db8a"}
api-1       | {"claimed": 50, "event": "outbox_dispatch_batch_completed", "lease_lost": 0, "level": "info", "published": 50, "retry_scheduled": 0, "role": "outbox_dispatcher", "timestamp": "2026-08-07T12:32:12.400887Z"}
api-1       | INFO:     172.18.0.1:50704 - "GET /api/v1/runs/a2fdda00-b445-473c-b4a8-387fbed7819d HTTP/1.1" 200 OK
api-1       | {"api_key_prefix": "evk_5ec841b483bb", "duration_ms": 234.634, "event": "http_request_completed", "level": "info", "method": "GET", "outcome": "success", "path": "/api/v1/runs/a2fdda00-b445-473c-b4a8-387fbed7819d", "request_id": "7e012f9c-4a19-4fcb-aee4-c9e7ce4ff71f", "status_code": 200, "tenant_id": "fdd68433-c86c-470c-8b57-cec8ffc3d389", "timestamp": "2026-08-07T12:32:12.460781Z", "trace_id": "cd6f5fd46ec6103fb908fc2ce1f2c14b"}
api-1       | {"claimed": 50, "event": "outbox_dispatch_batch_completed", "lease_lost": 0, "level": "info", "published": 50, "retry_scheduled": 0, "role": "outbox_dispatcher", "timestamp": "2026-08-07T12:32:13.126112Z"}
api-1       | INFO:     172.18.0.1:50704 - "GET /api/v1/runs/a2fdda00-b445-473c-b4a8-387fbed7819d HTTP/1.1" 200 OK
api-1       | {"api_key_prefix": "evk_5ec841b483bb", "duration_ms": 211.917, "event": "http_request_completed", "level": "info", "method": "GET", "outcome": "success", "path": "/api/v1/runs/a2fdda00-b445-473c-b4a8-387fbed7819d", "request_id": "b7ead6ad-a4a7-416c-b61d-e88a0367becb", "status_code": 200, "tenant_id": "fdd68433-c86c-470c-8b57-cec8ffc3d389", "timestamp": "2026-08-07T12:32:13.185880Z", "trace_id": "6e9e12eaa55a7d5eb7f2d591462f25d2"}
api-1       | {"claimed": 50, "event": "outbox_dispatch_batch_completed", "lease_lost": 0, "level": "info", "published": 50, "retry_scheduled": 0, "role": "outbox_dispatcher", "timestamp": "2026-08-07T12:32:13.899181Z"}
api-1       | INFO:     172.18.0.1:50704 - "GET /api/v1/runs/a2fdda00-b445-473c-b4a8-387fbed7819d HTTP/1.1" 200 OK
api-1       | {"api_key_prefix": "evk_5ec841b483bb", "duration_ms": 284.941, "event": "http_request_completed", "level": "info", "method": "GET", "outcome": "success", "path": "/api/v1/runs/a2fdda00-b445-473c-b4a8-387fbed7819d", "request_id": "4ffd7429-a68e-4fc9-af38-b8a4341f5f02", "status_code": 200, "tenant_id": "fdd68433-c86c-470c-8b57-cec8ffc3d389", "timestamp": "2026-08-07T12:32:13.984308Z", "trace_id": "b78b31a5df1a5238ee6a5446aa609d21"}
api-1       | {"claimed": 50, "event": "outbox_dispatch_batch_completed", "lease_lost": 0, "level": "info", "published": 50, "retry_scheduled": 0, "role": "outbox_dispatcher", "timestamp": "2026-08-07T12:32:14.751038Z"}
api-1       | INFO:     172.18.0.1:50704 - "GET /api/v1/runs/a2fdda00-b445-473c-b4a8-387fbed7819d HTTP/1.1" 200 OK
api-1       | {"api_key_prefix": "evk_5ec841b483bb", "duration_ms": 316.155, "event": "http_request_completed", "level": "info", "method": "GET", "outcome": "success", "path": "/api/v1/runs/a2fdda00-b445-473c-b4a8-387fbed7819d", "request_id": "6939a638-36f9-4fdf-a8b4-3bb3f470a4ae", "status_code": 200, "tenant_id": "fdd68433-c86c-470c-8b57-cec8ffc3d389", "timestamp": "2026-08-07T12:32:14.875719Z", "trace_id": "6ac75ddbdcb1c36e1cd67edf59db5353"}
api-1       | {"event": "Context impl PostgresqlImpl.", "level": "info", "request_id": "4c50fd40-799c-4953-ac1b-093950152d20", "timestamp": "2026-08-07T12:32:15.003369Z", "trace_id": "6620f50ca2e396fcaa37889299ec33f2"}
api-1       | {"event": "Will assume transactional DDL.", "level": "info", "request_id": "4c50fd40-799c-4953-ac1b-093950152d20", "timestamp": "2026-08-07T12:32:15.003756Z", "trace_id": "6620f50ca2e396fcaa37889299ec33f2"}
api-1       | INFO:     127.0.0.1:36334 - "GET /health/ready HTTP/1.1" 200 OK
api-1       | {"duration_ms": 27.208, "event": "http_request_completed", "level": "info", "method": "GET", "outcome": "success", "path": "/health/ready", "request_id": "4c50fd40-799c-4953-ac1b-093950152d20", "status_code": 200, "timestamp": "2026-08-07T12:32:15.013400Z", "trace_id": "6620f50ca2e396fcaa37889299ec33f2"}
api-1       | {"claimed": 50, "event": "outbox_dispatch_batch_completed", "lease_lost": 0, "level": "info", "published": 50, "retry_scheduled": 0, "role": "outbox_dispatcher", "timestamp": "2026-08-07T12:32:15.507011Z"}
api-1       | INFO:     172.18.0.1:50704 - "GET /api/v1/runs/a2fdda00-b445-473c-b4a8-387fbed7819d HTTP/1.1" 200 OK
api-1       | {"api_key_prefix": "evk_5ec841b483bb", "duration_ms": 186.476, "event": "http_request_completed", "level": "info", "method": "GET", "outcome": "success", "path": "/api/v1/runs/a2fdda00-b445-473c-b4a8-387fbed7819d", "request_id": "ee7ad0e8-fed0-4fa6-a19b-15981071ea21", "status_code": 200, "tenant_id": "fdd68433-c86c-470c-8b57-cec8ffc3d389", "timestamp": "2026-08-07T12:32:15.574293Z", "trace_id": "d4f8a11c38fe67e81ed311e05f2e7c99"}
api-1       | {"claimed": 50, "event": "outbox_dispatch_batch_completed", "lease_lost": 0, "level": "info", "published": 50, "retry_scheduled": 0, "role": "outbox_dispatcher", "timestamp": "2026-08-07T12:32:16.224819Z"}
api-1       | INFO:     172.18.0.1:50704 - "GET /api/v1/runs/a2fdda00-b445-473c-b4a8-387fbed7819d HTTP/1.1" 200 OK
api-1       | {"api_key_prefix": "evk_5ec841b483bb", "duration_ms": 213.076, "event": "http_request_completed", "level": "info", "method": "GET", "outcome": "success", "path": "/api/v1/runs/a2fdda00-b445-473c-b4a8-387fbed7819d", "request_id": "65b0b384-f93b-48e3-a93e-487d81d402c9", "status_code": 200, "tenant_id": "fdd68433-c86c-470c-8b57-cec8ffc3d389", "timestamp": "2026-08-07T12:32:16.294069Z", "trace_id": "95b739332e20eb677b698759140a7e7b"}
api-1       | {"claimed": 50, "event": "outbox_dispatch_batch_completed", "lease_lost": 0, "level": "info", "published": 50, "retry_scheduled": 0, "role": "outbox_dispatcher", "timestamp": "2026-08-07T12:32:16.934234Z"}
api-1       | INFO:     172.18.0.1:50704 - "GET /api/v1/runs/a2fdda00-b445-473c-b4a8-387fbed7819d HTTP/1.1" 200 OK
api-1       | {"api_key_prefix": "evk_5ec841b483bb", "duration_ms": 236.685, "event": "http_request_completed", "level": "info", "method": "GET", "outcome": "success", "path": "/api/v1/runs/a2fdda00-b445-473c-b4a8-387fbed7819d", "request_id": "35caf4cb-3f6e-4389-8573-497bd1e44c63", "status_code": 200, "tenant_id": "fdd68433-c86c-470c-8b57-cec8ffc3d389", "timestamp": "2026-08-07T12:32:17.038213Z", "trace_id": "da922abfe6fba95931b71dc6be7c04f0"}
api-1       | {"claimed": 50, "event": "outbox_dispatch_batch_completed", "lease_lost": 0, "level": "info", "published": 50, "retry_scheduled": 0, "role": "outbox_dispatcher", "timestamp": "2026-08-07T12:32:17.683327Z"}
api-1       | INFO:     172.18.0.1:50704 - "GET /api/v1/runs/a2fdda00-b445-473c-b4a8-387fbed7819d HTTP/1.1" 200 OK
api-1       | {"api_key_prefix": "evk_5ec841b483bb", "duration_ms": 134.98, "event": "http_request_completed", "level": "info", "method": "GET", "outcome": "success", "path": "/api/v1/runs/a2fdda00-b445-473c-b4a8-387fbed7819d", "request_id": "d59b004f-6822-4a85-8365-1207298f6a6b", "status_code": 200, "tenant_id": "fdd68433-c86c-470c-8b57-cec8ffc3d389", "timestamp": "2026-08-07T12:32:17.693561Z", "trace_id": "e485d6a6066111f9709b6bddfa660d8a"}
api-1       | {"claimed": 50, "event": "outbox_dispatch_batch_completed", "lease_lost": 0, "level": "info", "published": 50, "retry_scheduled": 0, "role": "outbox_dispatcher", "timestamp": "2026-08-07T12:32:18.530590Z"}
api-1       | INFO:     172.18.0.1:50704 - "GET /api/v1/runs/a2fdda00-b445-473c-b4a8-387fbed7819d HTTP/1.1" 200 OK
api-1       | {"api_key_prefix": "evk_5ec841b483bb", "duration_ms": 380.238, "event": "http_request_completed", "level": "info", "method": "GET", "outcome": "success", "path": "/api/v1/runs/a2fdda00-b445-473c-b4a8-387fbed7819d", "request_id": "485d65d2-65df-48aa-83ca-199e541b0252", "status_code": 200, "tenant_id": "fdd68433-c86c-470c-8b57-cec8ffc3d389", "timestamp": "2026-08-07T12:32:18.577100Z", "trace_id": "f641e3a484dd0755331f0d2cbb329717"}
api-1       | {"claimed": 50, "event": "outbox_dispatch_batch_completed", "lease_lost": 0, "level": "info", "published": 50, "retry_scheduled": 0, "role": "outbox_dispatcher", "timestamp": "2026-08-07T12:32:19.214639Z"}
api-1       | INFO:     172.18.0.1:50704 - "GET /api/v1/runs/a2fdda00-b445-473c-b4a8-387fbed7819d HTTP/1.1" 200 OK
api-1       | {"api_key_prefix": "evk_5ec841b483bb", "duration_ms": 172.206, "event": "http_request_completed", "level": "info", "method": "GET", "outcome": "success", "path": "/api/v1/runs/a2fdda00-b445-473c-b4a8-387fbed7819d", "request_id": "92ae5163-d81d-420f-b2cc-f71c0c5f366a", "status_code": 200, "tenant_id": "fdd68433-c86c-470c-8b57-cec8ffc3d389", "timestamp": "2026-08-07T12:32:19.272347Z", "trace_id": "9ea9053f158fb5373117ece3897f3159"}
api-1       | {"claimed": 50, "event": "outbox_dispatch_batch_completed", "lease_lost": 0, "level": "info", "published": 50, "retry_scheduled": 0, "role": "outbox_dispatcher", "timestamp": "2026-08-07T12:32:19.924812Z"}
api-1       | INFO:     172.18.0.1:50704 - "GET /api/v1/runs/a2fdda00-b445-473c-b4a8-387fbed7819d HTTP/1.1" 200 OK
api-1       | {"api_key_prefix": "evk_5ec841b483bb", "duration_ms": 217.322, "event": "http_request_completed", "level": "info", "method": "GET", "outcome": "success", "path": "/api/v1/runs/a2fdda00-b445-473c-b4a8-387fbed7819d", "request_id": "a778836d-2532-4965-9714-a71846788ce5", "status_code": 200, "tenant_id": "fdd68433-c86c-470c-8b57-cec8ffc3d389", "timestamp": "2026-08-07T12:32:19.998246Z", "trace_id": "79c62045f55a2ab0d2c2e50557f37c7f"}
api-1       | {"event": "Context impl PostgresqlImpl.", "level": "info", "request_id": "ed62f740-fc7c-44ea-a354-cc7330ab5e2f", "timestamp": "2026-08-07T12:32:20.309672Z", "trace_id": "28352f183e1f45afef1063fc36d0256d"}
api-1       | {"event": "Will assume transactional DDL.", "level": "info", "request_id": "ed62f740-fc7c-44ea-a354-cc7330ab5e2f", "timestamp": "2026-08-07T12:32:20.309790Z", "trace_id": "28352f183e1f45afef1063fc36d0256d"}
api-1       | INFO:     127.0.0.1:51950 - "GET /health/ready HTTP/1.1" 200 OK
api-1       | {"duration_ms": 22.341, "event": "http_request_completed", "level": "info", "method": "GET", "outcome": "success", "path": "/health/ready", "request_id": "ed62f740-fc7c-44ea-a354-cc7330ab5e2f", "status_code": 200, "timestamp": "2026-08-07T12:32:20.316722Z", "trace_id": "28352f183e1f45afef1063fc36d0256d"}
api-1       | {"claimed": 50, "event": "outbox_dispatch_batch_completed", "lease_lost": 0, "level": "info", "published": 50, "retry_scheduled": 0, "role": "outbox_dispatcher", "timestamp": "2026-08-07T12:32:20.624060Z"}
api-1       | INFO:     172.18.0.1:50704 - "GET /api/v1/runs/a2fdda00-b445-473c-b4a8-387fbed7819d HTTP/1.1" 200 OK
api-1       | {"api_key_prefix": "evk_5ec841b483bb", "duration_ms": 170.554, "event": "http_request_completed", "level": "info", "method": "GET", "outcome": "success", "path": "/api/v1/runs/a2fdda00-b445-473c-b4a8-387fbed7819d", "request_id": "282849cc-5be5-4ed1-a446-f6fc752cceb9", "status_code": 200, "tenant_id": "fdd68433-c86c-470c-8b57-cec8ffc3d389", "timestamp": "2026-08-07T12:32:20.694062Z", "trace_id": "0bcfc7d55fb0a86b62083f3281ff8612"}
api-1       | INFO:     172.18.0.1:50704 - "GET /api/v1/runs/a2fdda00-b445-473c-b4a8-387fbed7819d/cases?limit=200&sort=case_id HTTP/1.1" 200 OK
api-1       | {"api_key_prefix": "evk_5ec841b483bb", "duration_ms": 88.258, "event": "http_request_completed", "level": "info", "method": "GET", "outcome": "success", "path": "/api/v1/runs/a2fdda00-b445-473c-b4a8-387fbed7819d/cases", "request_id": "858f0cc0-e43b-43da-a4fb-fa21e01e30ef", "status_code": 200, "tenant_id": "fdd68433-c86c-470c-8b57-cec8ffc3d389", "timestamp": "2026-08-07T12:32:20.784082Z", "trace_id": "9eeafb92f0d9f2b6932d25ed14acdc5d"}
api-1       | INFO:     172.18.0.1:50704 - "GET /api/v1/runs/a2fdda00-b445-473c-b4a8-387fbed7819d/cases?limit=200&sort=case_id&cursor=eyJkaXJlY3Rpb24iOiJhc2MiLCJlcnJvcl9jb2RlIjpudWxsLCJqb2JfaWQiOiI0MDM0NDdjNC03YTNjLTRlN2EtYjMxZC05OGViN2YzMDBlZjEiLCJtZXRyaWMiOm51bGwsInNvcnQiOiJjYXNlX2lkIiwic3RhdHVzIjpudWxsLCJ2IjoxLCJ2YWx1ZSI6ImxvYWQtMDE5OSJ9 HTTP/1.1" 200 OK
api-1       | {"api_key_prefix": "evk_5ec841b483bb", "duration_ms": 76.963, "event": "http_request_completed", "level": "info", "method": "GET", "outcome": "success", "path": "/api/v1/runs/a2fdda00-b445-473c-b4a8-387fbed7819d/cases", "request_id": "5fb23918-1f73-402f-93e7-e929d539f503", "status_code": 200, "tenant_id": "fdd68433-c86c-470c-8b57-cec8ffc3d389", "timestamp": "2026-08-07T12:32:20.863812Z", "trace_id": "4b7b7887ca17a12d7e39a54a9162857a"}
api-1       | INFO:     172.18.0.1:50704 - "GET /api/v1/runs/a2fdda00-b445-473c-b4a8-387fbed7819d/cases?limit=200&sort=case_id&cursor=eyJkaXJlY3Rpb24iOiJhc2MiLCJlcnJvcl9jb2RlIjpudWxsLCJqb2JfaWQiOiI0ZWE5MDhiMi0yMDU2LTRlZDktODU3My04ZTZkZWE3YzhlNzgiLCJtZXRyaWMiOm51bGwsInNvcnQiOiJjYXNlX2lkIiwic3RhdHVzIjpudWxsLCJ2IjoxLCJ2YWx1ZSI6ImxvYWQtMDM5OSJ9 HTTP/1.1" 200 OK
api-1       | {"api_key_prefix": "evk_5ec841b483bb", "duration_ms": 78.793, "event": "http_request_completed", "level": "info", "method": "GET", "outcome": "success", "path": "/api/v1/runs/a2fdda00-b445-473c-b4a8-387fbed7819d/cases", "request_id": "9c08d966-a888-41f4-b60a-1be877d46ce0", "status_code": 200, "tenant_id": "fdd68433-c86c-470c-8b57-cec8ffc3d389", "timestamp": "2026-08-07T12:32:20.945218Z", "trace_id": "eebd40781ca3f22270c67f0e56896193"}
api-1       | {"claimed": 50, "event": "outbox_dispatch_batch_completed", "lease_lost": 0, "level": "info", "published": 50, "retry_scheduled": 0, "role": "outbox_dispatcher", "timestamp": "2026-08-07T12:32:21.469678Z"}
api-1       | INFO:     127.0.0.1:51972 - "GET /metrics HTTP/1.1" 200 OK
api-1       | {"duration_ms": 27.238, "event": "http_request_completed", "level": "info", "method": "GET", "outcome": "success", "path": "/metrics", "request_id": "0aedc4f4-dad6-45d7-94d8-be82f73bee13", "status_code": 200, "timestamp": "2026-08-07T12:32:21.572984Z", "trace_id": "c7677009f53e12496c4743d4cf3d3f75"}
api-1       | {"claimed": 33, "event": "outbox_dispatch_batch_completed", "lease_lost": 0, "level": "info", "published": 33, "retry_scheduled": 0, "role": "outbox_dispatcher", "timestamp": "2026-08-07T12:32:22.182384Z"}
api-1       | {"event": "Context impl PostgresqlImpl.", "level": "info", "request_id": "e6b31bb8-f812-47b3-b420-2377000aa4fb", "timestamp": "2026-08-07T12:32:26.305144Z", "trace_id": "b06b779fb74a5ce82d1164c8515e040e"}
api-1       | {"event": "Will assume transactional DDL.", "level": "info", "request_id": "e6b31bb8-f812-47b3-b420-2377000aa4fb", "timestamp": "2026-08-07T12:32:26.305313Z", "trace_id": "b06b779fb74a5ce82d1164c8515e040e"}
api-1       | INFO:     127.0.0.1:51988 - "GET /health/ready HTTP/1.1" 200 OK
api-1       | {"duration_ms": 120.307, "event": "http_request_completed", "level": "info", "method": "GET", "outcome": "success", "path": "/health/ready", "request_id": "e6b31bb8-f812-47b3-b420-2377000aa4fb", "status_code": 200, "timestamp": "2026-08-07T12:32:26.339120Z", "trace_id": "b06b779fb74a5ce82d1164c8515e040e"}
api-1       | INFO:     172.18.0.1:47422 - "POST /api/v1/runs HTTP/1.1" 202 Accepted
api-1       | {"api_key_prefix": "evk_5ec841b483bb", "duration_ms": 345.316, "event": "http_request_completed", "level": "info", "method": "POST", "outcome": "success", "path": "/api/v1/runs", "request_id": "a956f34f-0034-419c-9ef8-161635380070", "status_code": 202, "tenant_id": "fdd68433-c86c-470c-8b57-cec8ffc3d389", "timestamp": "2026-08-07T12:32:26.654453Z", "trace_id": "12d657101f3bbc0d861c2b469e6ad213"}
api-1       | INFO:     172.18.0.1:47422 - "GET /api/v1/runs/260bc3fd-5dc7-4d20-b01b-6d7268e3c8a1 HTTP/1.1" 200 OK
api-1       | {"api_key_prefix": "evk_5ec841b483bb", "duration_ms": 212.773, "event": "http_request_completed", "level": "info", "method": "GET", "outcome": "success", "path": "/api/v1/runs/260bc3fd-5dc7-4d20-b01b-6d7268e3c8a1", "request_id": "98c39f25-84a0-41a2-affc-ebb92f62d5bf", "status_code": 200, "tenant_id": "fdd68433-c86c-470c-8b57-cec8ffc3d389", "timestamp": "2026-08-07T12:32:26.869120Z", "trace_id": "6742258e5e4fc19a30ed1e3dee9c296a"}
api-1       | {"claimed": 9, "event": "outbox_dispatch_batch_completed", "lease_lost": 0, "level": "info", "published": 9, "retry_scheduled": 0, "role": "outbox_dispatcher", "timestamp": "2026-08-07T12:32:27.544523Z"}
api-1       | INFO:     172.18.0.1:47422 - "GET /api/v1/runs/260bc3fd-5dc7-4d20-b01b-6d7268e3c8a1 HTTP/1.1" 200 OK
api-1       | {"api_key_prefix": "evk_5ec841b483bb", "duration_ms": 307.867, "event": "http_request_completed", "level": "info", "method": "GET", "outcome": "success", "path": "/api/v1/runs/260bc3fd-5dc7-4d20-b01b-6d7268e3c8a1", "request_id": "db49d2d2-fa94-4893-bb42-cd3975f67af9", "status_code": 200, "tenant_id": "fdd68433-c86c-470c-8b57-cec8ffc3d389", "timestamp": "2026-08-07T12:32:27.688252Z", "trace_id": "655d7d882d30c7b3a9ccdb21f8aa3e30"}
api-1       | {"claimed": 36, "event": "outbox_dispatch_batch_completed", "lease_lost": 0, "level": "info", "published": 36, "retry_scheduled": 0, "role": "outbox_dispatcher", "timestamp": "2026-08-07T12:32:28.909819Z"}
api-1       | INFO:     172.18.0.1:47422 - "GET /api/v1/runs/260bc3fd-5dc7-4d20-b01b-6d7268e3c8a1 HTTP/1.1" 200 OK
api-1       | {"api_key_prefix": "evk_5ec841b483bb", "duration_ms": 506.79, "event": "http_request_completed", "level": "info", "method": "GET", "outcome": "success", "path": "/api/v1/runs/260bc3fd-5dc7-4d20-b01b-6d7268e3c8a1", "request_id": "4e0c32ee-9c44-4c94-b7e6-8dc359192b65", "status_code": 200, "tenant_id": "fdd68433-c86c-470c-8b57-cec8ffc3d389", "timestamp": "2026-08-07T12:32:28.965256Z", "trace_id": "dd47d5983fce976f3d4d6a83cc50f2e3"}
api-1       | {"claimed": 50, "event": "outbox_dispatch_batch_completed", "lease_lost": 0, "level": "info", "published": 50, "retry_scheduled": 0, "role": "outbox_dispatcher", "timestamp": "2026-08-07T12:32:29.621012Z"}
api-1       | INFO:     172.18.0.1:47422 - "GET /api/v1/runs/260bc3fd-5dc7-4d20-b01b-6d7268e3c8a1 HTTP/1.1" 200 OK
api-1       | {"api_key_prefix": "evk_5ec841b483bb", "duration_ms": 210.15, "event": "http_request_completed", "level": "info", "method": "GET", "outcome": "success", "path": "/api/v1/runs/260bc3fd-5dc7-4d20-b01b-6d7268e3c8a1", "request_id": "30ea6a32-b778-4ff4-a95d-ee2ea60293b2", "status_code": 200, "tenant_id": "fdd68433-c86c-470c-8b57-cec8ffc3d389", "timestamp": "2026-08-07T12:32:29.683191Z", "trace_id": "091f7f38e56517012c13f682ae737279"}
api-1       | {"claimed": 11, "event": "outbox_dispatch_batch_completed", "lease_lost": 0, "level": "info", "published": 11, "retry_scheduled": 0, "role": "outbox_dispatcher", "timestamp": "2026-08-07T12:32:30.269022Z"}
api-1       | INFO:     172.18.0.1:47422 - "GET /api/v1/runs/260bc3fd-5dc7-4d20-b01b-6d7268e3c8a1 HTTP/1.1" 200 OK
api-1       | {"api_key_prefix": "evk_5ec841b483bb", "duration_ms": 115.873, "event": "http_request_completed", "level": "info", "method": "GET", "outcome": "success", "path": "/api/v1/runs/260bc3fd-5dc7-4d20-b01b-6d7268e3c8a1", "request_id": "25871753-2b0d-410a-a38c-1d2ed5bbab43", "status_code": 200, "tenant_id": "fdd68433-c86c-470c-8b57-cec8ffc3d389", "timestamp": "2026-08-07T12:32:30.320095Z", "trace_id": "da5e1d2ce5b4726558228f6d900f1ab1"}
api-1       | INFO:     172.18.0.1:47422 - "GET /api/v1/runs/260bc3fd-5dc7-4d20-b01b-6d7268e3c8a1/cases?limit=200&sort=case_id HTTP/1.1" 200 OK
api-1       | {"api_key_prefix": "evk_5ec841b483bb", "duration_ms": 103.473, "event": "http_request_completed", "level": "info", "method": "GET", "outcome": "success", "path": "/api/v1/runs/260bc3fd-5dc7-4d20-b01b-6d7268e3c8a1/cases", "request_id": "68d0f6a9-a1a6-44c6-b8d3-9e704c237eb2", "status_code": 200, "tenant_id": "fdd68433-c86c-470c-8b57-cec8ffc3d389", "timestamp": "2026-08-07T12:32:30.425818Z", "trace_id": "66fb473709325b1d26c97cdfac271e08"}
api-1       | INFO:     127.0.0.1:35120 - "GET /metrics HTTP/1.1" 200 OK
api-1       | {"duration_ms": 33.389, "event": "http_request_completed", "level": "info", "method": "GET", "outcome": "success", "path": "/metrics", "request_id": "f3923773-6e5a-43c2-b3e9-72dc6db34e69", "status_code": 200, "timestamp": "2026-08-07T12:32:31.040034Z", "trace_id": "c216407fdbc770e8381ecd477e6d3855"}
api-1       | {"event": "Context impl PostgresqlImpl.", "level": "info", "request_id": "7c882ef6-2b20-4335-bbe0-b689900b0b06", "timestamp": "2026-08-07T12:32:31.735663Z", "trace_id": "4b1a20fe39bdf95dc390cc2064f7e230"}
api-1       | {"event": "Will assume transactional DDL.", "level": "info", "request_id": "7c882ef6-2b20-4335-bbe0-b689900b0b06", "timestamp": "2026-08-07T12:32:31.735818Z", "trace_id": "4b1a20fe39bdf95dc390cc2064f7e230"}
api-1       | INFO:     127.0.0.1:35152 - "GET /health/ready HTTP/1.1" 200 OK
api-1       | {"duration_ms": 29.387, "event": "http_request_completed", "level": "info", "method": "GET", "outcome": "success", "path": "/health/ready", "request_id": "7c882ef6-2b20-4335-bbe0-b689900b0b06", "status_code": 200, "timestamp": "2026-08-07T12:32:31.743658Z", "trace_id": "4b1a20fe39bdf95dc390cc2064f7e230"}
api-1       | INFO:     172.18.0.1:47422 - "POST /api/v1/runs HTTP/1.1" 202 Accepted
api-1       | {"api_key_prefix": "evk_5ec841b483bb", "duration_ms": 207.891, "event": "http_request_completed", "level": "info", "method": "POST", "outcome": "success", "path": "/api/v1/runs", "request_id": "29f40044-0594-4061-9e1f-5920534c397b", "status_code": 202, "tenant_id": "fdd68433-c86c-470c-8b57-cec8ffc3d389", "timestamp": "2026-08-07T12:32:34.060210Z", "trace_id": "c8987ddf6e6f7449baab4261d69fefeb"}
api-1       | INFO:     172.18.0.1:47422 - "GET /api/v1/runs/246a6795-64cb-4be5-9c15-934e340b63ba HTTP/1.1" 200 OK
api-1       | {"api_key_prefix": "evk_5ec841b483bb", "duration_ms": 49.884, "event": "http_request_completed", "level": "info", "method": "GET", "outcome": "success", "path": "/api/v1/runs/246a6795-64cb-4be5-9c15-934e340b63ba", "request_id": "578501f9-eb75-4086-97c7-0e5c681027ef", "status_code": 200, "tenant_id": "fdd68433-c86c-470c-8b57-cec8ffc3d389", "timestamp": "2026-08-07T12:32:34.111729Z", "trace_id": "3f102fe6a478871f2fb1249e387bdc94"}
api-1       | {"claimed": 8, "event": "outbox_dispatch_batch_completed", "lease_lost": 0, "level": "info", "published": 8, "retry_scheduled": 0, "role": "outbox_dispatcher", "timestamp": "2026-08-07T12:32:34.426083Z"}
api-1       | INFO:     172.18.0.1:47422 - "GET /api/v1/runs/246a6795-64cb-4be5-9c15-934e340b63ba HTTP/1.1" 200 OK
api-1       | {"api_key_prefix": "evk_5ec841b483bb", "duration_ms": 109.996, "event": "http_request_completed", "level": "info", "method": "GET", "outcome": "success", "path": "/api/v1/runs/246a6795-64cb-4be5-9c15-934e340b63ba", "request_id": "dd4c3156-d23e-47d5-a193-65b65767ef72", "status_code": 200, "tenant_id": "fdd68433-c86c-470c-8b57-cec8ffc3d389", "timestamp": "2026-08-07T12:32:34.724513Z", "trace_id": "3b0ae0508b9aba5df0a12db7ebab169b"}
api-1       | {"claimed": 50, "event": "outbox_dispatch_batch_completed", "lease_lost": 0, "level": "info", "published": 50, "retry_scheduled": 0, "role": "outbox_dispatcher", "timestamp": "2026-08-07T12:32:35.312973Z"}
api-1       | INFO:     172.18.0.1:47422 - "GET /api/v1/runs/246a6795-64cb-4be5-9c15-934e340b63ba HTTP/1.1" 200 OK
api-1       | {"api_key_prefix": "evk_5ec841b483bb", "duration_ms": 164.411, "event": "http_request_completed", "level": "info", "method": "GET", "outcome": "success", "path": "/api/v1/runs/246a6795-64cb-4be5-9c15-934e340b63ba", "request_id": "e1117493-e873-4a1c-b273-89fc000d5cdb", "status_code": 200, "tenant_id": "fdd68433-c86c-470c-8b57-cec8ffc3d389", "timestamp": "2026-08-07T12:32:35.392544Z", "trace_id": "862a46ff08b5cc8b6c8d440b71548a99"}
api-1       | {"claimed": 50, "event": "outbox_dispatch_batch_completed", "lease_lost": 0, "level": "info", "published": 50, "retry_scheduled": 0, "role": "outbox_dispatcher", "timestamp": "2026-08-07T12:32:36.468707Z"}
api-1       | INFO:     172.18.0.1:47422 - "GET /api/v1/runs/246a6795-64cb-4be5-9c15-934e340b63ba HTTP/1.1" 200 OK
api-1       | {"api_key_prefix": "evk_5ec841b483bb", "duration_ms": 442.7, "event": "http_request_completed", "level": "info", "method": "GET", "outcome": "success", "path": "/api/v1/runs/246a6795-64cb-4be5-9c15-934e340b63ba", "request_id": "6156d5b6-51cb-40be-80ef-8e52cc653b6c", "status_code": 200, "tenant_id": "fdd68433-c86c-470c-8b57-cec8ffc3d389", "timestamp": "2026-08-07T12:32:36.619758Z", "trace_id": "59be3d4c2a779f641563d1f30ba1781b"}
api-1       | {"claimed": 50, "event": "outbox_dispatch_batch_completed", "lease_lost": 0, "level": "info", "published": 50, "retry_scheduled": 0, "role": "outbox_dispatcher", "timestamp": "2026-08-07T12:32:37.537702Z"}
api-1       | {"event": "Context impl PostgresqlImpl.", "level": "info", "request_id": "36aa40b6-bcd6-43e1-8dad-cacf6c9af3b0", "timestamp": "2026-08-07T12:32:37.575801Z", "trace_id": "93d1968d1dbfea25f845297891dbe171"}
api-1       | {"event": "Will assume transactional DDL.", "level": "info", "request_id": "36aa40b6-bcd6-43e1-8dad-cacf6c9af3b0", "timestamp": "2026-08-07T12:32:37.576004Z", "trace_id": "93d1968d1dbfea25f845297891dbe171"}
api-1       | INFO:     127.0.0.1:35226 - "GET /health/ready HTTP/1.1" 200 OK
api-1       | {"duration_ms": 56.804, "event": "http_request_completed", "level": "info", "method": "GET", "outcome": "success", "path": "/health/ready", "request_id": "36aa40b6-bcd6-43e1-8dad-cacf6c9af3b0", "status_code": 200, "timestamp": "2026-08-07T12:32:37.591811Z", "trace_id": "93d1968d1dbfea25f845297891dbe171"}
api-1       | INFO:     172.18.0.1:47422 - "GET /api/v1/runs/246a6795-64cb-4be5-9c15-934e340b63ba HTTP/1.1" 200 OK
api-1       | {"api_key_prefix": "evk_5ec841b483bb", "duration_ms": 469.157, "event": "http_request_completed", "level": "info", "method": "GET", "outcome": "success", "path": "/api/v1/runs/246a6795-64cb-4be5-9c15-934e340b63ba", "request_id": "514334bc-01d7-4ba7-9d55-9e4e6890f1d2", "status_code": 200, "tenant_id": "fdd68433-c86c-470c-8b57-cec8ffc3d389", "timestamp": "2026-08-07T12:32:37.663648Z", "trace_id": "417e804413f254c8593fa97874b60bd7"}
api-1       | {"claimed": 50, "event": "outbox_dispatch_batch_completed", "lease_lost": 0, "level": "info", "published": 50, "retry_scheduled": 0, "role": "outbox_dispatcher", "timestamp": "2026-08-07T12:32:38.395591Z"}
api-1       | INFO:     172.18.0.1:47422 - "GET /api/v1/runs/246a6795-64cb-4be5-9c15-934e340b63ba HTTP/1.1" 200 OK
api-1       | {"api_key_prefix": "evk_5ec841b483bb", "duration_ms": 314.698, "event": "http_request_completed", "level": "info", "method": "GET", "outcome": "success", "path": "/api/v1/runs/246a6795-64cb-4be5-9c15-934e340b63ba", "request_id": "b23698ce-4636-44c3-986b-91263f6e0061", "status_code": 200, "tenant_id": "fdd68433-c86c-470c-8b57-cec8ffc3d389", "timestamp": "2026-08-07T12:32:38.488452Z", "trace_id": "6315de909f0517f564db01a9eaca4a85"}
api-1       | {"claimed": 50, "event": "outbox_dispatch_batch_completed", "lease_lost": 0, "level": "info", "published": 50, "retry_scheduled": 0, "role": "outbox_dispatcher", "timestamp": "2026-08-07T12:32:39.271898Z"}
api-1       | INFO:     172.18.0.1:47422 - "GET /api/v1/runs/246a6795-64cb-4be5-9c15-934e340b63ba HTTP/1.1" 200 OK
api-1       | {"api_key_prefix": "evk_5ec841b483bb", "duration_ms": 372.045, "event": "http_request_completed", "level": "info", "method": "GET", "outcome": "success", "path": "/api/v1/runs/246a6795-64cb-4be5-9c15-934e340b63ba", "request_id": "370bf505-dbb8-4e6c-aa87-ccf81f923739", "status_code": 200, "tenant_id": "fdd68433-c86c-470c-8b57-cec8ffc3d389", "timestamp": "2026-08-07T12:32:39.397956Z", "trace_id": "b80e8d3e28036f0f49cedfa3bf16c220"}
api-1       | {"claimed": 50, "event": "outbox_dispatch_batch_completed", "lease_lost": 0, "level": "info", "published": 50, "retry_scheduled": 0, "role": "outbox_dispatcher", "timestamp": "2026-08-07T12:32:40.170169Z"}
api-1       | INFO:     172.18.0.1:47422 - "GET /api/v1/runs/246a6795-64cb-4be5-9c15-934e340b63ba HTTP/1.1" 200 OK
api-1       | {"api_key_prefix": "evk_5ec841b483bb", "duration_ms": 358.386, "event": "http_request_completed", "level": "info", "method": "GET", "outcome": "success", "path": "/api/v1/runs/246a6795-64cb-4be5-9c15-934e340b63ba", "request_id": "abea5af5-d1f9-467e-bf13-b1350e7164cb", "status_code": 200, "tenant_id": "fdd68433-c86c-470c-8b57-cec8ffc3d389", "timestamp": "2026-08-07T12:32:40.275940Z", "trace_id": "4c4b24292b82400a5c3a015577b1eb27"}
api-1       | {"claimed": 50, "event": "outbox_dispatch_batch_completed", "lease_lost": 0, "level": "info", "published": 50, "retry_scheduled": 0, "role": "outbox_dispatcher", "timestamp": "2026-08-07T12:32:40.908586Z"}
api-1       | INFO:     172.18.0.1:47422 - "GET /api/v1/runs/246a6795-64cb-4be5-9c15-934e340b63ba HTTP/1.1" 200 OK
api-1       | {"api_key_prefix": "evk_5ec841b483bb", "duration_ms": 180.703, "event": "http_request_completed", "level": "info", "method": "GET", "outcome": "success", "path": "/api/v1/runs/246a6795-64cb-4be5-9c15-934e340b63ba", "request_id": "af12dad2-2c44-48ba-84ab-f693479f39ac", "status_code": 200, "tenant_id": "fdd68433-c86c-470c-8b57-cec8ffc3d389", "timestamp": "2026-08-07T12:32:40.966403Z", "trace_id": "66f9b25114e44ad9e5d2a68b5f634d81"}
api-1       | {"claimed": 50, "event": "outbox_dispatch_batch_completed", "lease_lost": 0, "level": "info", "published": 50, "retry_scheduled": 0, "role": "outbox_dispatcher", "timestamp": "2026-08-07T12:32:41.643641Z"}
api-1       | INFO:     172.18.0.1:47422 - "GET /api/v1/runs/246a6795-64cb-4be5-9c15-934e340b63ba HTTP/1.1" 200 OK
api-1       | {"api_key_prefix": "evk_5ec841b483bb", "duration_ms": 241.22, "event": "http_request_completed", "level": "info", "method": "GET", "outcome": "success", "path": "/api/v1/runs/246a6795-64cb-4be5-9c15-934e340b63ba", "request_id": "396c25a3-990a-4ce7-aeba-a89904b4a995", "status_code": 200, "tenant_id": "fdd68433-c86c-470c-8b57-cec8ffc3d389", "timestamp": "2026-08-07T12:32:41.719693Z", "trace_id": "f1e9a3adeb82debaa864bbaf5812f9a8"}
api-1       | {"claimed": 50, "event": "outbox_dispatch_batch_completed", "lease_lost": 0, "level": "info", "published": 50, "retry_scheduled": 0, "role": "outbox_dispatcher", "timestamp": "2026-08-07T12:32:42.374053Z"}
api-1       | INFO:     172.18.0.1:47422 - "GET /api/v1/runs/246a6795-64cb-4be5-9c15-934e340b63ba HTTP/1.1" 200 OK
api-1       | {"api_key_prefix": "evk_5ec841b483bb", "duration_ms": 142.091, "event": "http_request_completed", "level": "info", "method": "GET", "outcome": "success", "path": "/api/v1/runs/246a6795-64cb-4be5-9c15-934e340b63ba", "request_id": "29cf6783-a23d-4895-8575-c24720789d38", "status_code": 200, "tenant_id": "fdd68433-c86c-470c-8b57-cec8ffc3d389", "timestamp": "2026-08-07T12:32:42.384782Z", "trace_id": "901f2178895def50e0379f772c2b6a35"}
api-1       | INFO:     172.18.0.1:47422 - "GET /api/v1/runs/246a6795-64cb-4be5-9c15-934e340b63ba/cases?limit=200&sort=case_id HTTP/1.1" 200 OK
api-1       | {"api_key_prefix": "evk_5ec841b483bb", "duration_ms": 70.261, "event": "http_request_completed", "level": "info", "method": "GET", "outcome": "success", "path": "/api/v1/runs/246a6795-64cb-4be5-9c15-934e340b63ba/cases", "request_id": "4deb33f4-e4c4-4574-95e1-88a8bc8e09ae", "status_code": 200, "tenant_id": "fdd68433-c86c-470c-8b57-cec8ffc3d389", "timestamp": "2026-08-07T12:32:42.457290Z", "trace_id": "79ece865e68cb8fc8be30b6f5565f969"}
api-1       | INFO:     172.18.0.1:47422 - "GET /api/v1/runs/246a6795-64cb-4be5-9c15-934e340b63ba/cases?limit=200&sort=case_id&cursor=eyJkaXJlY3Rpb24iOiJhc2MiLCJlcnJvcl9jb2RlIjpudWxsLCJqb2JfaWQiOiI5Y2I2NWQ3Ni1mOWFlLTRiNmMtYmMyOC0zZjdhNGI0OWRhOTciLCJtZXRyaWMiOm51bGwsInNvcnQiOiJjYXNlX2lkIiwic3RhdHVzIjpudWxsLCJ2IjoxLCJ2YWx1ZSI6ImxvYWQtMDE5OSJ9 HTTP/1.1" 200 OK
api-1       | {"api_key_prefix": "evk_5ec841b483bb", "duration_ms": 138.258, "event": "http_request_completed", "level": "info", "method": "GET", "outcome": "success", "path": "/api/v1/runs/246a6795-64cb-4be5-9c15-934e340b63ba/cases", "request_id": "ef722b06-1617-4646-9529-22f42e20dac8", "status_code": 200, "tenant_id": "fdd68433-c86c-470c-8b57-cec8ffc3d389", "timestamp": "2026-08-07T12:32:42.598287Z", "trace_id": "ec7693f9154905719b9e1576711e2f61"}
api-1       | INFO:     172.18.0.1:47422 - "GET /api/v1/runs/246a6795-64cb-4be5-9c15-934e340b63ba/cases?limit=200&sort=case_id&cursor=eyJkaXJlY3Rpb24iOiJhc2MiLCJlcnJvcl9jb2RlIjpudWxsLCJqb2JfaWQiOiJhNGExZmVmNi01NzlmLTRjMTItOGY4OS1jNjY2N2YyMWQ1YzUiLCJtZXRyaWMiOm51bGwsInNvcnQiOiJjYXNlX2lkIiwic3RhdHVzIjpudWxsLCJ2IjoxLCJ2YWx1ZSI6ImxvYWQtMDM5OSJ9 HTTP/1.1" 200 OK
api-1       | {"api_key_prefix": "evk_5ec841b483bb", "duration_ms": 70.999, "event": "http_request_completed", "level": "info", "method": "GET", "outcome": "success", "path": "/api/v1/runs/246a6795-64cb-4be5-9c15-934e340b63ba/cases", "request_id": "835aaf6d-888c-446b-8528-c955f06964ef", "status_code": 200, "tenant_id": "fdd68433-c86c-470c-8b57-cec8ffc3d389", "timestamp": "2026-08-07T12:32:42.671780Z", "trace_id": "e3446ca15a1bb17b95f3b7ce1802bff3"}
api-1       | {"event": "Context impl PostgresqlImpl.", "level": "info", "request_id": "b0c22130-556d-482f-83ef-310490279794", "timestamp": "2026-08-07T12:32:43.367990Z", "trace_id": "9e4013e45b72c6e0b35600b14b60c59c"}
api-1       | {"event": "Will assume transactional DDL.", "level": "info", "request_id": "b0c22130-556d-482f-83ef-310490279794", "timestamp": "2026-08-07T12:32:43.368186Z", "trace_id": "9e4013e45b72c6e0b35600b14b60c59c"}
api-1       | INFO:     127.0.0.1:55066 - "GET /health/ready HTTP/1.1" 200 OK
api-1       | {"duration_ms": 193.186, "event": "http_request_completed", "level": "info", "method": "GET", "outcome": "success", "path": "/health/ready", "request_id": "b0c22130-556d-482f-83ef-310490279794", "status_code": 200, "timestamp": "2026-08-07T12:32:43.464627Z", "trace_id": "9e4013e45b72c6e0b35600b14b60c59c"}
api-1       | {"claimed": 50, "event": "outbox_dispatch_batch_completed", "lease_lost": 0, "level": "info", "published": 50, "retry_scheduled": 0, "role": "outbox_dispatcher", "timestamp": "2026-08-07T12:32:43.468587Z"}
api-1       | INFO:     127.0.0.1:55072 - "GET /metrics HTTP/1.1" 200 OK
api-1       | {"duration_ms": 18.911, "event": "http_request_completed", "level": "info", "method": "GET", "outcome": "success", "path": "/metrics", "request_id": "10ed0a80-71b2-4243-be54-1cc125abde6f", "status_code": 200, "timestamp": "2026-08-07T12:32:43.575190Z", "trace_id": "5cb392f70002deed46da412e69c872c1"}
api-1       | {"claimed": 50, "event": "outbox_dispatch_batch_completed", "lease_lost": 0, "level": "info", "published": 50, "retry_scheduled": 0, "role": "outbox_dispatcher", "timestamp": "2026-08-07T12:32:44.191330Z"}
api-1       | {"claimed": 50, "event": "outbox_dispatch_batch_completed", "lease_lost": 0, "level": "info", "published": 50, "retry_scheduled": 0, "role": "outbox_dispatcher", "timestamp": "2026-08-07T12:32:44.929933Z"}
api-1       | {"claimed": 50, "event": "outbox_dispatch_batch_completed", "lease_lost": 0, "level": "info", "published": 50, "retry_scheduled": 0, "role": "outbox_dispatcher", "timestamp": "2026-08-07T12:32:45.627484Z"}
api-1       | {"claimed": 50, "event": "outbox_dispatch_batch_completed", "lease_lost": 0, "level": "info", "published": 50, "retry_scheduled": 0, "role": "outbox_dispatcher", "timestamp": "2026-08-07T12:32:46.401568Z"}
api-1       | {"claimed": 50, "event": "outbox_dispatch_batch_completed", "lease_lost": 0, "level": "info", "published": 50, "retry_scheduled": 0, "role": "outbox_dispatcher", "timestamp": "2026-08-07T12:32:47.129994Z"}
api-1       | {"claimed": 50, "event": "outbox_dispatch_batch_completed", "lease_lost": 0, "level": "info", "published": 50, "retry_scheduled": 0, "role": "outbox_dispatcher", "timestamp": "2026-08-07T12:32:47.810138Z"}
api-1       | {"claimed": 50, "event": "outbox_dispatch_batch_completed", "lease_lost": 0, "level": "info", "published": 50, "retry_scheduled": 0, "role": "outbox_dispatcher", "timestamp": "2026-08-07T12:32:48.739022Z"}
api-1       | {"event": "Context impl PostgresqlImpl.", "level": "info", "request_id": "ef876bf7-29e5-4dc1-a05d-ec8b26c32ca2", "timestamp": "2026-08-07T12:32:49.021674Z", "trace_id": "f29ad724094e05801539ece28c735ec0"}
api-1       | {"event": "Will assume transactional DDL.", "level": "info", "request_id": "ef876bf7-29e5-4dc1-a05d-ec8b26c32ca2", "timestamp": "2026-08-07T12:32:49.021800Z", "trace_id": "f29ad724094e05801539ece28c735ec0"}
api-1       | INFO:     127.0.0.1:55148 - "GET /health/ready HTTP/1.1" 200 OK
api-1       | {"duration_ms": 22.066, "event": "http_request_completed", "level": "info", "method": "GET", "outcome": "success", "path": "/health/ready", "request_id": "ef876bf7-29e5-4dc1-a05d-ec8b26c32ca2", "status_code": 200, "timestamp": "2026-08-07T12:32:49.028420Z", "trace_id": "f29ad724094e05801539ece28c735ec0"}
api-1       | {"claimed": 50, "event": "outbox_dispatch_batch_completed", "lease_lost": 0, "level": "info", "published": 50, "retry_scheduled": 0, "role": "outbox_dispatcher", "timestamp": "2026-08-07T12:32:49.422272Z"}
api-1       | {"claimed": 50, "event": "outbox_dispatch_batch_completed", "lease_lost": 0, "level": "info", "published": 50, "retry_scheduled": 0, "role": "outbox_dispatcher", "timestamp": "2026-08-07T12:32:50.171971Z"}
api-1       | {"claimed": 50, "event": "outbox_dispatch_batch_completed", "lease_lost": 0, "level": "info", "published": 50, "retry_scheduled": 0, "role": "outbox_dispatcher", "timestamp": "2026-08-07T12:32:50.936774Z"}
api-1       | INFO:     172.18.0.1:44028 - "POST /api/v1/runs HTTP/1.1" 202 Accepted
api-1       | {"api_key_prefix": "evk_5ec841b483bb", "duration_ms": 84.919, "event": "http_request_completed", "level": "info", "method": "POST", "outcome": "success", "path": "/api/v1/runs", "request_id": "c3491cbc-9218-4da7-bdf5-81808bc04c70", "status_code": 202, "tenant_id": "fdd68433-c86c-470c-8b57-cec8ffc3d389", "timestamp": "2026-08-07T12:32:51.289227Z", "trace_id": "0d73c27431353cec124ed76ef091e358"}
api-1       | INFO:     172.18.0.1:44028 - "GET /api/v1/runs/60364414-c340-4f04-8c99-1a5b367e65c3 HTTP/1.1" 200 OK
api-1       | {"api_key_prefix": "evk_5ec841b483bb", "duration_ms": 50.393, "event": "http_request_completed", "level": "info", "method": "GET", "outcome": "success", "path": "/api/v1/runs/60364414-c340-4f04-8c99-1a5b367e65c3", "request_id": "6d2bf6d8-41f1-449e-9cd4-6cbc6d12da50", "status_code": 200, "tenant_id": "fdd68433-c86c-470c-8b57-cec8ffc3d389", "timestamp": "2026-08-07T12:32:51.341202Z", "trace_id": "6ea06bd193940a8d4f1cbd2918bea186"}
api-1       | {"claimed": 50, "event": "outbox_dispatch_batch_completed", "lease_lost": 0, "level": "info", "published": 50, "retry_scheduled": 0, "role": "outbox_dispatcher", "timestamp": "2026-08-07T12:32:51.684589Z"}
api-1       | INFO:     172.18.0.1:44028 - "GET /api/v1/runs/60364414-c340-4f04-8c99-1a5b367e65c3 HTTP/1.1" 200 OK
api-1       | {"api_key_prefix": "evk_5ec841b483bb", "duration_ms": 96.2, "event": "http_request_completed", "level": "info", "method": "GET", "outcome": "success", "path": "/api/v1/runs/60364414-c340-4f04-8c99-1a5b367e65c3", "request_id": "6ee7d62d-98ab-478d-aa79-b04d9d087242", "status_code": 200, "tenant_id": "fdd68433-c86c-470c-8b57-cec8ffc3d389", "timestamp": "2026-08-07T12:32:51.940676Z", "trace_id": "6c7713b227bbdfbbdfa82f71bea78ba9"}
api-1       | {"claimed": 50, "event": "outbox_dispatch_batch_completed", "lease_lost": 0, "level": "info", "published": 50, "retry_scheduled": 0, "role": "outbox_dispatcher", "timestamp": "2026-08-07T12:32:52.380555Z"}
api-1       | INFO:     172.18.0.1:44028 - "GET /api/v1/runs/60364414-c340-4f04-8c99-1a5b367e65c3 HTTP/1.1" 200 OK
api-1       | {"api_key_prefix": "evk_5ec841b483bb", "duration_ms": 53.982, "event": "http_request_completed", "level": "info", "method": "GET", "outcome": "success", "path": "/api/v1/runs/60364414-c340-4f04-8c99-1a5b367e65c3", "request_id": "86a57329-86e7-41ec-8152-163f85cf585c", "status_code": 200, "tenant_id": "fdd68433-c86c-470c-8b57-cec8ffc3d389", "timestamp": "2026-08-07T12:32:52.497327Z", "trace_id": "ac07f31c38b1aaebe21cac58c0e9e3cd"}
api-1       | {"claimed": 45, "event": "outbox_dispatch_batch_completed", "lease_lost": 0, "level": "info", "published": 45, "retry_scheduled": 0, "role": "outbox_dispatcher", "timestamp": "2026-08-07T12:32:53.071512Z"}
api-1       | INFO:     172.18.0.1:44028 - "GET /api/v1/runs/60364414-c340-4f04-8c99-1a5b367e65c3 HTTP/1.1" 200 OK
api-1       | {"api_key_prefix": "evk_5ec841b483bb", "duration_ms": 126.55, "event": "http_request_completed", "level": "info", "method": "GET", "outcome": "success", "path": "/api/v1/runs/60364414-c340-4f04-8c99-1a5b367e65c3", "request_id": "7f5f953f-829b-474d-854f-4f0f22aff3b7", "status_code": 200, "tenant_id": "fdd68433-c86c-470c-8b57-cec8ffc3d389", "timestamp": "2026-08-07T12:32:53.131263Z", "trace_id": "ce605ac9b00282cf86607ce7741bcaf0"}
api-1       | {"claimed": 5, "event": "outbox_dispatch_batch_completed", "lease_lost": 0, "level": "info", "published": 5, "retry_scheduled": 0, "role": "outbox_dispatcher", "timestamp": "2026-08-07T12:32:53.591376Z"}
api-1       | INFO:     172.18.0.1:44028 - "GET /api/v1/runs/60364414-c340-4f04-8c99-1a5b367e65c3 HTTP/1.1" 200 OK
api-1       | {"api_key_prefix": "evk_5ec841b483bb", "duration_ms": 54.836, "event": "http_request_completed", "level": "info", "method": "GET", "outcome": "success", "path": "/api/v1/runs/60364414-c340-4f04-8c99-1a5b367e65c3", "request_id": "6fcded0a-ce30-4ea0-9298-10006b9bc71c", "status_code": 200, "tenant_id": "fdd68433-c86c-470c-8b57-cec8ffc3d389", "timestamp": "2026-08-07T12:32:53.688752Z", "trace_id": "96ec6ff530cbdb550c108487427920b2"}
api-1       | INFO:     172.18.0.1:44028 - "GET /api/v1/runs/60364414-c340-4f04-8c99-1a5b367e65c3/cases?limit=200&sort=case_id HTTP/1.1" 200 OK
api-1       | {"api_key_prefix": "evk_5ec841b483bb", "duration_ms": 59.81, "event": "http_request_completed", "level": "info", "method": "GET", "outcome": "success", "path": "/api/v1/runs/60364414-c340-4f04-8c99-1a5b367e65c3/cases", "request_id": "02087ee6-ee1a-4523-bcad-fff184e57d22", "status_code": 200, "tenant_id": "fdd68433-c86c-470c-8b57-cec8ffc3d389", "timestamp": "2026-08-07T12:32:53.750299Z", "trace_id": "c35fcb513ecda2b75be1b9b21eaa4b49"}
api-1       | INFO:     127.0.0.1:39238 - "GET /metrics HTTP/1.1" 200 OK
api-1       | {"duration_ms": 23.373, "event": "http_request_completed", "level": "info", "method": "GET", "outcome": "success", "path": "/metrics", "request_id": "c5b80047-ace9-4ec6-8dfb-d87eb72192d9", "status_code": 200, "timestamp": "2026-08-07T12:32:54.255388Z", "trace_id": "8e2a3feff6ad6fae98e4320fdd5a89b4"}
api-1       | {"event": "Context impl PostgresqlImpl.", "level": "info", "request_id": "ac0f2458-4bd7-4588-bf78-b7177d5426fd", "timestamp": "2026-08-07T12:32:54.442340Z", "trace_id": "5a76953af0f3b526f867ba9b0e4a957e"}
api-1       | {"event": "Will assume transactional DDL.", "level": "info", "request_id": "ac0f2458-4bd7-4588-bf78-b7177d5426fd", "timestamp": "2026-08-07T12:32:54.442480Z", "trace_id": "5a76953af0f3b526f867ba9b0e4a957e"}
api-1       | INFO:     127.0.0.1:39254 - "GET /health/ready HTTP/1.1" 200 OK
api-1       | {"duration_ms": 22.497, "event": "http_request_completed", "level": "info", "method": "GET", "outcome": "success", "path": "/health/ready", "request_id": "ac0f2458-4bd7-4588-bf78-b7177d5426fd", "status_code": 200, "timestamp": "2026-08-07T12:32:54.449537Z", "trace_id": "5a76953af0f3b526f867ba9b0e4a957e"}
api-1       | INFO:     172.18.0.1:44028 - "POST /api/v1/runs HTTP/1.1" 202 Accepted
api-1       | {"api_key_prefix": "evk_5ec841b483bb", "duration_ms": 266.733, "event": "http_request_completed", "level": "info", "method": "POST", "outcome": "success", "path": "/api/v1/runs", "request_id": "20c542fe-ce0d-48a7-9769-fb513a1421ee", "status_code": 202, "tenant_id": "fdd68433-c86c-470c-8b57-cec8ffc3d389", "timestamp": "2026-08-07T12:32:56.023175Z", "trace_id": "e48bc17290d9b0c0013a74f53fa8a32d"}
api-1       | INFO:     172.18.0.1:44028 - "GET /api/v1/runs/12b812aa-5f8c-4a62-ad02-501019e05ef7 HTTP/1.1" 200 OK
api-1       | {"api_key_prefix": "evk_5ec841b483bb", "duration_ms": 49.924, "event": "http_request_completed", "level": "info", "method": "GET", "outcome": "success", "path": "/api/v1/runs/12b812aa-5f8c-4a62-ad02-501019e05ef7", "request_id": "c4b458cf-d6d5-4f43-9aa2-ac793d8aa804", "status_code": 200, "tenant_id": "fdd68433-c86c-470c-8b57-cec8ffc3d389", "timestamp": "2026-08-07T12:32:56.074700Z", "trace_id": "6fc1739ed85dba327793841d5fcc57d3"}
api-1       | INFO:     172.18.0.1:44028 - "GET /api/v1/runs/12b812aa-5f8c-4a62-ad02-501019e05ef7 HTTP/1.1" 200 OK
api-1       | {"api_key_prefix": "evk_5ec841b483bb", "duration_ms": 86.505, "event": "http_request_completed", "level": "info", "method": "GET", "outcome": "success", "path": "/api/v1/runs/12b812aa-5f8c-4a62-ad02-501019e05ef7", "request_id": "b208e57f-5d79-4669-bef3-3b293ed43696", "status_code": 200, "tenant_id": "fdd68433-c86c-470c-8b57-cec8ffc3d389", "timestamp": "2026-08-07T12:32:56.666022Z", "trace_id": "4159cbf101e291c301457318cabed6cc"}
api-1       | {"claimed": 50, "event": "outbox_dispatch_batch_completed", "lease_lost": 0, "level": "info", "published": 50, "retry_scheduled": 0, "role": "outbox_dispatcher", "timestamp": "2026-08-07T12:32:56.984756Z"}
api-1       | INFO:     172.18.0.1:44028 - "GET /api/v1/runs/12b812aa-5f8c-4a62-ad02-501019e05ef7 HTTP/1.1" 200 OK
api-1       | {"api_key_prefix": "evk_5ec841b483bb", "duration_ms": 79.198, "event": "http_request_completed", "level": "info", "method": "GET", "outcome": "success", "path": "/api/v1/runs/12b812aa-5f8c-4a62-ad02-501019e05ef7", "request_id": "ddb51353-dfb8-4aa4-92c6-abe14f4e6bdd", "status_code": 200, "tenant_id": "fdd68433-c86c-470c-8b57-cec8ffc3d389", "timestamp": "2026-08-07T12:32:57.248405Z", "trace_id": "500645913085f96a8ddc0bd1ec74ec9b"}
api-1       | {"claimed": 50, "event": "outbox_dispatch_batch_completed", "lease_lost": 0, "level": "info", "published": 50, "retry_scheduled": 0, "role": "outbox_dispatcher", "timestamp": "2026-08-07T12:32:57.800589Z"}
api-1       | INFO:     172.18.0.1:44028 - "GET /api/v1/runs/12b812aa-5f8c-4a62-ad02-501019e05ef7 HTTP/1.1" 200 OK
api-1       | {"api_key_prefix": "evk_5ec841b483bb", "duration_ms": 143.311, "event": "http_request_completed", "level": "info", "method": "GET", "outcome": "success", "path": "/api/v1/runs/12b812aa-5f8c-4a62-ad02-501019e05ef7", "request_id": "2a43f0d9-534e-47e6-a63a-835ac1823cf8", "status_code": 200, "tenant_id": "fdd68433-c86c-470c-8b57-cec8ffc3d389", "timestamp": "2026-08-07T12:32:57.894271Z", "trace_id": "76f038e63adc7769fb1fd53332b602d2"}
api-1       | {"claimed": 50, "event": "outbox_dispatch_batch_completed", "lease_lost": 0, "level": "info", "published": 50, "retry_scheduled": 0, "role": "outbox_dispatcher", "timestamp": "2026-08-07T12:32:58.609785Z"}
api-1       | INFO:     172.18.0.1:44028 - "GET /api/v1/runs/12b812aa-5f8c-4a62-ad02-501019e05ef7 HTTP/1.1" 200 OK
api-1       | {"api_key_prefix": "evk_5ec841b483bb", "duration_ms": 265.192, "event": "http_request_completed", "level": "info", "method": "GET", "outcome": "success", "path": "/api/v1/runs/12b812aa-5f8c-4a62-ad02-501019e05ef7", "request_id": "98b00a1d-139d-4f2e-90fe-f6666fb38332", "status_code": 200, "tenant_id": "fdd68433-c86c-470c-8b57-cec8ffc3d389", "timestamp": "2026-08-07T12:32:58.685626Z", "trace_id": "298aeea5c980aa39e336924cf9ca731c"}
api-1       | {"claimed": 50, "event": "outbox_dispatch_batch_completed", "lease_lost": 0, "level": "info", "published": 50, "retry_scheduled": 0, "role": "outbox_dispatcher", "timestamp": "2026-08-07T12:32:59.382528Z"}
api-1       | INFO:     172.18.0.1:44028 - "GET /api/v1/runs/12b812aa-5f8c-4a62-ad02-501019e05ef7 HTTP/1.1" 200 OK
api-1       | {"api_key_prefix": "evk_5ec841b483bb", "duration_ms": 293.995, "event": "http_request_completed", "level": "info", "method": "GET", "outcome": "success", "path": "/api/v1/runs/12b812aa-5f8c-4a62-ad02-501019e05ef7", "request_id": "672c215d-18e9-4951-83cc-32adfff0d3f1", "status_code": 200, "tenant_id": "fdd68433-c86c-470c-8b57-cec8ffc3d389", "timestamp": "2026-08-07T12:32:59.488146Z", "trace_id": "691a812092c694a0931d1c8a9f56e8d9"}
api-1       | {"event": "Context impl PostgresqlImpl.", "level": "info", "request_id": "a4ba6e1f-4fa3-4e38-82c0-df3f0f25a2d8", "timestamp": "2026-08-07T12:32:59.917316Z", "trace_id": "b0cd76fddc7f6571e7e16b5b5a32f953"}
api-1       | {"event": "Will assume transactional DDL.", "level": "info", "request_id": "a4ba6e1f-4fa3-4e38-82c0-df3f0f25a2d8", "timestamp": "2026-08-07T12:32:59.917463Z", "trace_id": "b0cd76fddc7f6571e7e16b5b5a32f953"}
api-1       | INFO:     127.0.0.1:52106 - "GET /health/ready HTTP/1.1" 200 OK
api-1       | {"duration_ms": 114.08, "event": "http_request_completed", "level": "info", "method": "GET", "outcome": "success", "path": "/health/ready", "request_id": "a4ba6e1f-4fa3-4e38-82c0-df3f0f25a2d8", "status_code": 200, "timestamp": "2026-08-07T12:32:59.990186Z", "trace_id": "b0cd76fddc7f6571e7e16b5b5a32f953"}
api-1       | {"claimed": 50, "event": "outbox_dispatch_batch_completed", "lease_lost": 0, "level": "info", "published": 50, "retry_scheduled": 0, "role": "outbox_dispatcher", "timestamp": "2026-08-07T12:33:00.183994Z"}
api-1       | INFO:     172.18.0.1:44028 - "GET /api/v1/runs/12b812aa-5f8c-4a62-ad02-501019e05ef7 HTTP/1.1" 200 OK
api-1       | {"api_key_prefix": "evk_5ec841b483bb", "duration_ms": 251.077, "event": "http_request_completed", "level": "info", "method": "GET", "outcome": "success", "path": "/api/v1/runs/12b812aa-5f8c-4a62-ad02-501019e05ef7", "request_id": "d6458678-03aa-4e56-b8af-e27fd7ffb9ea", "status_code": 200, "tenant_id": "fdd68433-c86c-470c-8b57-cec8ffc3d389", "timestamp": "2026-08-07T12:33:00.253773Z", "trace_id": "af3cdaf938d4c7a77560736bca46f29f"}
api-1       | {"claimed": 50, "event": "outbox_dispatch_batch_completed", "lease_lost": 0, "level": "info", "published": 50, "retry_scheduled": 0, "role": "outbox_dispatcher", "timestamp": "2026-08-07T12:33:01.022822Z"}
api-1       | INFO:     172.18.0.1:44028 - "GET /api/v1/runs/12b812aa-5f8c-4a62-ad02-501019e05ef7 HTTP/1.1" 200 OK
api-1       | {"api_key_prefix": "evk_5ec841b483bb", "duration_ms": 328.132, "event": "http_request_completed", "level": "info", "method": "GET", "outcome": "success", "path": "/api/v1/runs/12b812aa-5f8c-4a62-ad02-501019e05ef7", "request_id": "a711c82b-2cf9-4f89-a7ae-631cdfcb997d", "status_code": 200, "tenant_id": "fdd68433-c86c-470c-8b57-cec8ffc3d389", "timestamp": "2026-08-07T12:33:01.149276Z", "trace_id": "1a8f88a04eb37c6fd29d1c9741cc0e73"}
api-1       | {"claimed": 50, "event": "outbox_dispatch_batch_completed", "lease_lost": 0, "level": "info", "published": 50, "retry_scheduled": 0, "role": "outbox_dispatcher", "timestamp": "2026-08-07T12:33:01.782147Z"}
api-1       | INFO:     172.18.0.1:44028 - "GET /api/v1/runs/12b812aa-5f8c-4a62-ad02-501019e05ef7 HTTP/1.1" 200 OK
api-1       | {"api_key_prefix": "evk_5ec841b483bb", "duration_ms": 193.692, "event": "http_request_completed", "level": "info", "method": "GET", "outcome": "success", "path": "/api/v1/runs/12b812aa-5f8c-4a62-ad02-501019e05ef7", "request_id": "c9b695ed-570e-4865-97c6-0afcfaceeb25", "status_code": 200, "tenant_id": "fdd68433-c86c-470c-8b57-cec8ffc3d389", "timestamp": "2026-08-07T12:33:01.858376Z", "trace_id": "0ea6aaa45e9a8a6758f59127d012395a"}
api-1       | {"claimed": 50, "event": "outbox_dispatch_batch_completed", "lease_lost": 0, "level": "info", "published": 50, "retry_scheduled": 0, "role": "outbox_dispatcher", "timestamp": "2026-08-07T12:33:02.586755Z"}
api-1       | INFO:     172.18.0.1:44028 - "GET /api/v1/runs/12b812aa-5f8c-4a62-ad02-501019e05ef7 HTTP/1.1" 200 OK
api-1       | {"api_key_prefix": "evk_5ec841b483bb", "duration_ms": 290.187, "event": "http_request_completed", "level": "info", "method": "GET", "outcome": "success", "path": "/api/v1/runs/12b812aa-5f8c-4a62-ad02-501019e05ef7", "request_id": "c0b8d323-3479-4712-bea5-4bea6631973d", "status_code": 200, "tenant_id": "fdd68433-c86c-470c-8b57-cec8ffc3d389", "timestamp": "2026-08-07T12:33:02.675944Z", "trace_id": "d49cbd935d7941b3f7bb430fbc261ed8"}
api-1       | {"claimed": 50, "event": "outbox_dispatch_batch_completed", "lease_lost": 0, "level": "info", "published": 50, "retry_scheduled": 0, "role": "outbox_dispatcher", "timestamp": "2026-08-07T12:33:03.390941Z"}
api-1       | INFO:     172.18.0.1:44028 - "GET /api/v1/runs/12b812aa-5f8c-4a62-ad02-501019e05ef7 HTTP/1.1" 200 OK
api-1       | {"api_key_prefix": "evk_5ec841b483bb", "duration_ms": 304.257, "event": "http_request_completed", "level": "info", "method": "GET", "outcome": "success", "path": "/api/v1/runs/12b812aa-5f8c-4a62-ad02-501019e05ef7", "request_id": "b57d04d1-97df-4bc0-8c47-769ea8c92f3f", "status_code": 200, "tenant_id": "fdd68433-c86c-470c-8b57-cec8ffc3d389", "timestamp": "2026-08-07T12:33:03.488010Z", "trace_id": "50a6a894ab54559d399ec4b8f97b7a84"}
api-1       | {"claimed": 50, "event": "outbox_dispatch_batch_completed", "lease_lost": 0, "level": "info", "published": 50, "retry_scheduled": 0, "role": "outbox_dispatcher", "timestamp": "2026-08-07T12:33:04.099548Z"}
api-1       | INFO:     172.18.0.1:44028 - "GET /api/v1/runs/12b812aa-5f8c-4a62-ad02-501019e05ef7 HTTP/1.1" 200 OK
api-1       | {"api_key_prefix": "evk_5ec841b483bb", "duration_ms": 107.148, "event": "http_request_completed", "level": "info", "method": "GET", "outcome": "success", "path": "/api/v1/runs/12b812aa-5f8c-4a62-ad02-501019e05ef7", "request_id": "0e55f011-a30b-48bf-bb9d-bbbcf677e562", "status_code": 200, "tenant_id": "fdd68433-c86c-470c-8b57-cec8ffc3d389", "timestamp": "2026-08-07T12:33:04.111516Z", "trace_id": "552851b214d8cad839e1abc0f864344e"}
api-1       | {"claimed": 50, "event": "outbox_dispatch_batch_completed", "lease_lost": 0, "level": "info", "published": 50, "retry_scheduled": 0, "role": "outbox_dispatcher", "timestamp": "2026-08-07T12:33:04.907418Z"}
api-1       | INFO:     172.18.0.1:44028 - "GET /api/v1/runs/12b812aa-5f8c-4a62-ad02-501019e05ef7 HTTP/1.1" 200 OK
api-1       | {"api_key_prefix": "evk_5ec841b483bb", "duration_ms": 299.39, "event": "http_request_completed", "level": "info", "method": "GET", "outcome": "success", "path": "/api/v1/runs/12b812aa-5f8c-4a62-ad02-501019e05ef7", "request_id": "bca8e5a8-8908-4372-ae85-8baf57a61949", "status_code": 200, "tenant_id": "fdd68433-c86c-470c-8b57-cec8ffc3d389", "timestamp": "2026-08-07T12:33:04.914478Z", "trace_id": "8c0b44346045c170057735218b0a5a21"}
api-1       | INFO:     172.18.0.1:44028 - "GET /api/v1/runs/12b812aa-5f8c-4a62-ad02-501019e05ef7/cases?limit=200&sort=case_id HTTP/1.1" 200 OK
api-1       | {"api_key_prefix": "evk_5ec841b483bb", "duration_ms": 72.707, "event": "http_request_completed", "level": "info", "method": "GET", "outcome": "success", "path": "/api/v1/runs/12b812aa-5f8c-4a62-ad02-501019e05ef7/cases", "request_id": "cd5c360b-4777-4922-812a-3c8f6301dafb", "status_code": 200, "tenant_id": "fdd68433-c86c-470c-8b57-cec8ffc3d389", "timestamp": "2026-08-07T12:33:04.989085Z", "trace_id": "64c3c69000dc9f08a6fada1f1447e797"}
api-1       | INFO:     172.18.0.1:44028 - "GET /api/v1/runs/12b812aa-5f8c-4a62-ad02-501019e05ef7/cases?limit=200&sort=case_id&cursor=eyJkaXJlY3Rpb24iOiJhc2MiLCJlcnJvcl9jb2RlIjpudWxsLCJqb2JfaWQiOiI1N2E3NjE1ZC02NTAzLTRjZTAtODllZC1kNjZkMjY0YWRlZjAiLCJtZXRyaWMiOm51bGwsInNvcnQiOiJjYXNlX2lkIiwic3RhdHVzIjpudWxsLCJ2IjoxLCJ2YWx1ZSI6ImxvYWQtMDE5OSJ9 HTTP/1.1" 200 OK
api-1       | {"api_key_prefix": "evk_5ec841b483bb", "duration_ms": 130.558, "event": "http_request_completed", "level": "info", "method": "GET", "outcome": "success", "path": "/api/v1/runs/12b812aa-5f8c-4a62-ad02-501019e05ef7/cases", "request_id": "55483fa7-bee2-4199-9639-6131fa067918", "status_code": 200, "tenant_id": "fdd68433-c86c-470c-8b57-cec8ffc3d389", "timestamp": "2026-08-07T12:33:05.133665Z", "trace_id": "29d59fa14e6b8dc80a7eff7e612ec692"}
api-1       | INFO:     172.18.0.1:44028 - "GET /api/v1/runs/12b812aa-5f8c-4a62-ad02-501019e05ef7/cases?limit=200&sort=case_id&cursor=eyJkaXJlY3Rpb24iOiJhc2MiLCJlcnJvcl9jb2RlIjpudWxsLCJqb2JfaWQiOiJmOTc4NjhkNC1mNTY2LTQ4ZjMtOTg1YS02YTc2N2MwNDkzMzYiLCJtZXRyaWMiOm51bGwsInNvcnQiOiJjYXNlX2lkIiwic3RhdHVzIjpudWxsLCJ2IjoxLCJ2YWx1ZSI6ImxvYWQtMDM5OSJ9 HTTP/1.1" 200 OK
api-1       | {"api_key_prefix": "evk_5ec841b483bb", "duration_ms": 121.714, "event": "http_request_completed", "level": "info", "method": "GET", "outcome": "success", "path": "/api/v1/runs/12b812aa-5f8c-4a62-ad02-501019e05ef7/cases", "request_id": "923c3ab7-a636-4596-8c4e-28213a8a7d9b", "status_code": 200, "tenant_id": "fdd68433-c86c-470c-8b57-cec8ffc3d389", "timestamp": "2026-08-07T12:33:05.258117Z", "trace_id": "e7b4cacb9f8891f7140313e689009acf"}
api-1       | {"event": "Context impl PostgresqlImpl.", "level": "info", "request_id": "501cb2f5-35c6-49ac-a78b-501f2f4c37c5", "timestamp": "2026-08-07T12:33:06.059466Z", "trace_id": "96d06b9e4316f99a7885a1efc35f8245"}
api-1       | {"event": "Will assume transactional DDL.", "level": "info", "request_id": "501cb2f5-35c6-49ac-a78b-501f2f4c37c5", "timestamp": "2026-08-07T12:33:06.059777Z", "trace_id": "96d06b9e4316f99a7885a1efc35f8245"}
api-1       | {"claimed": 50, "event": "outbox_dispatch_batch_completed", "lease_lost": 0, "level": "info", "published": 50, "retry_scheduled": 0, "role": "outbox_dispatcher", "timestamp": "2026-08-07T12:33:06.072900Z"}
api-1       | INFO:     127.0.0.1:52128 - "GET /health/ready HTTP/1.1" 200 OK
api-1       | {"duration_ms": 313.266, "event": "http_request_completed", "level": "info", "method": "GET", "outcome": "success", "path": "/health/ready", "request_id": "501cb2f5-35c6-49ac-a78b-501f2f4c37c5", "status_code": 200, "timestamp": "2026-08-07T12:33:06.082924Z", "trace_id": "96d06b9e4316f99a7885a1efc35f8245"}
api-1       | INFO:     127.0.0.1:52148 - "GET /metrics HTTP/1.1" 200 OK
api-1       | {"duration_ms": 21.794, "event": "http_request_completed", "level": "info", "method": "GET", "outcome": "success", "path": "/metrics", "request_id": "71ab66d0-912f-48bd-8a41-cc37db76eb25", "status_code": 200, "timestamp": "2026-08-07T12:33:06.168594Z", "trace_id": "25c4e395292bfad916e2fd514341d5d5"}
api-1       | {"claimed": 50, "event": "outbox_dispatch_batch_completed", "lease_lost": 0, "level": "info", "published": 50, "retry_scheduled": 0, "role": "outbox_dispatcher", "timestamp": "2026-08-07T12:33:06.790907Z"}
api-1       | {"claimed": 50, "event": "outbox_dispatch_batch_completed", "lease_lost": 0, "level": "info", "published": 50, "retry_scheduled": 0, "role": "outbox_dispatcher", "timestamp": "2026-08-07T12:33:07.596709Z"}
api-1       | {"claimed": 50, "event": "outbox_dispatch_batch_completed", "lease_lost": 0, "level": "info", "published": 50, "retry_scheduled": 0, "role": "outbox_dispatcher", "timestamp": "2026-08-07T12:33:08.320005Z"}
api-1       | {"claimed": 50, "event": "outbox_dispatch_batch_completed", "lease_lost": 0, "level": "info", "published": 50, "retry_scheduled": 0, "role": "outbox_dispatcher", "timestamp": "2026-08-07T12:33:09.014909Z"}
api-1       | {"claimed": 50, "event": "outbox_dispatch_batch_completed", "lease_lost": 0, "level": "info", "published": 50, "retry_scheduled": 0, "role": "outbox_dispatcher", "timestamp": "2026-08-07T12:33:09.720113Z"}
api-1       | {"claimed": 50, "event": "outbox_dispatch_batch_completed", "lease_lost": 0, "level": "info", "published": 50, "retry_scheduled": 0, "role": "outbox_dispatcher", "timestamp": "2026-08-07T12:33:10.412916Z"}
api-1       | {"claimed": 50, "event": "outbox_dispatch_batch_completed", "lease_lost": 0, "level": "info", "published": 50, "retry_scheduled": 0, "role": "outbox_dispatcher", "timestamp": "2026-08-07T12:33:11.113343Z"}
api-1       | {"event": "Context impl PostgresqlImpl.", "level": "info", "request_id": "f42bdc6e-7075-4091-adb9-c16b40eef1ea", "timestamp": "2026-08-07T12:33:11.427128Z", "trace_id": "8f6892a610bc588260060e69206fb126"}
api-1       | {"event": "Will assume transactional DDL.", "level": "info", "request_id": "f42bdc6e-7075-4091-adb9-c16b40eef1ea", "timestamp": "2026-08-07T12:33:11.427243Z", "trace_id": "8f6892a610bc588260060e69206fb126"}
api-1       | INFO:     127.0.0.1:59352 - "GET /health/ready HTTP/1.1" 200 OK
api-1       | {"duration_ms": 28.888, "event": "http_request_completed", "level": "info", "method": "GET", "outcome": "success", "path": "/health/ready", "request_id": "f42bdc6e-7075-4091-adb9-c16b40eef1ea", "status_code": 200, "timestamp": "2026-08-07T12:33:11.437347Z", "trace_id": "8f6892a610bc588260060e69206fb126"}
api-1       | {"claimed": 50, "event": "outbox_dispatch_batch_completed", "lease_lost": 0, "level": "info", "published": 50, "retry_scheduled": 0, "role": "outbox_dispatcher", "timestamp": "2026-08-07T12:33:11.932533Z"}
api-1       | {"claimed": 50, "event": "outbox_dispatch_batch_completed", "lease_lost": 0, "level": "info", "published": 50, "retry_scheduled": 0, "role": "outbox_dispatcher", "timestamp": "2026-08-07T12:33:12.884251Z"}
api-1       | INFO:     172.18.0.1:50024 - "POST /api/v1/runs HTTP/1.1" 202 Accepted
api-1       | {"api_key_prefix": "evk_5ec841b483bb", "duration_ms": 246.701, "event": "http_request_completed", "level": "info", "method": "POST", "outcome": "success", "path": "/api/v1/runs", "request_id": "5b7ccfb8-2f5d-48ab-ad92-8fd728bd635e", "status_code": 202, "tenant_id": "fdd68433-c86c-470c-8b57-cec8ffc3d389", "timestamp": "2026-08-07T12:33:13.359098Z", "trace_id": "bb4ce121166a1d5427a1731978a8539f"}
api-1       | {"claimed": 2, "event": "outbox_dispatch_batch_completed", "lease_lost": 0, "level": "info", "published": 2, "retry_scheduled": 0, "role": "outbox_dispatcher", "timestamp": "2026-08-07T12:33:13.418576Z"}
api-1       | INFO:     172.18.0.1:50024 - "GET /api/v1/runs/07853ebe-f959-4fd3-9bc0-84bec7ce2478 HTTP/1.1" 200 OK
api-1       | {"api_key_prefix": "evk_5ec841b483bb", "duration_ms": 218.498, "event": "http_request_completed", "level": "info", "method": "GET", "outcome": "success", "path": "/api/v1/runs/07853ebe-f959-4fd3-9bc0-84bec7ce2478", "request_id": "686bb800-19b2-4d0a-b7a0-1f3df79b72fe", "status_code": 200, "tenant_id": "fdd68433-c86c-470c-8b57-cec8ffc3d389", "timestamp": "2026-08-07T12:33:13.579766Z", "trace_id": "906cc3a8809161324a8d2173c41535a0"}
api-1       | {"claimed": 38, "event": "outbox_dispatch_batch_completed", "lease_lost": 0, "level": "info", "published": 38, "retry_scheduled": 0, "role": "outbox_dispatcher", "timestamp": "2026-08-07T12:33:14.466285Z"}
api-1       | INFO:     172.18.0.1:50024 - "GET /api/v1/runs/07853ebe-f959-4fd3-9bc0-84bec7ce2478 HTTP/1.1" 200 OK
api-1       | {"api_key_prefix": "evk_5ec841b483bb", "duration_ms": 497.296, "event": "http_request_completed", "level": "info", "method": "GET", "outcome": "success", "path": "/api/v1/runs/07853ebe-f959-4fd3-9bc0-84bec7ce2478", "request_id": "5367b943-644f-4327-a840-541989837b25", "status_code": 200, "tenant_id": "fdd68433-c86c-470c-8b57-cec8ffc3d389", "timestamp": "2026-08-07T12:33:14.626768Z", "trace_id": "e9f4e9d25ec8bf6f21e18bf3cb5ad500"}
api-1       | {"claimed": 50, "event": "outbox_dispatch_batch_completed", "lease_lost": 0, "level": "info", "published": 50, "retry_scheduled": 0, "role": "outbox_dispatcher", "timestamp": "2026-08-07T12:33:15.334636Z"}
api-1       | INFO:     172.18.0.1:50024 - "GET /api/v1/runs/07853ebe-f959-4fd3-9bc0-84bec7ce2478 HTTP/1.1" 200 OK
api-1       | {"api_key_prefix": "evk_5ec841b483bb", "duration_ms": 272.547, "event": "http_request_completed", "level": "info", "method": "GET", "outcome": "success", "path": "/api/v1/runs/07853ebe-f959-4fd3-9bc0-84bec7ce2478", "request_id": "58b86829-0c15-4e55-9363-dd9bc4fee2b0", "status_code": 200, "tenant_id": "fdd68433-c86c-470c-8b57-cec8ffc3d389", "timestamp": "2026-08-07T12:33:15.432028Z", "trace_id": "02e823e51cbf0d8d12e393eb53f33825"}
api-1       | INFO:     172.18.0.1:50024 - "GET /api/v1/runs/07853ebe-f959-4fd3-9bc0-84bec7ce2478/cases?limit=200&sort=case_id HTTP/1.1" 200 OK
api-1       | {"api_key_prefix": "evk_5ec841b483bb", "duration_ms": 104.608, "event": "http_request_completed", "level": "info", "method": "GET", "outcome": "success", "path": "/api/v1/runs/07853ebe-f959-4fd3-9bc0-84bec7ce2478/cases", "request_id": "71b0774b-7a4c-40a9-9753-5df6109a2f9b", "status_code": 200, "tenant_id": "fdd68433-c86c-470c-8b57-cec8ffc3d389", "timestamp": "2026-08-07T12:33:15.538992Z", "trace_id": "259fd7cfd33b93c3312bac2f70763efe"}
api-1       | {"claimed": 14, "event": "outbox_dispatch_batch_completed", "lease_lost": 0, "level": "info", "published": 14, "retry_scheduled": 0, "role": "outbox_dispatcher", "timestamp": "2026-08-07T12:33:16.084903Z"}
api-1       | INFO:     127.0.0.1:59378 - "GET /metrics HTTP/1.1" 200 OK
api-1       | {"duration_ms": 29.077, "event": "http_request_completed", "level": "info", "method": "GET", "outcome": "success", "path": "/metrics", "request_id": "6268e20e-2eea-4b3f-81a3-057b9dcb404d", "status_code": 200, "timestamp": "2026-08-07T12:33:16.160470Z", "trace_id": "768add7f380927e2152d6ada29b46fa7"}
api-1       | {"event": "Context impl PostgresqlImpl.", "level": "info", "request_id": "2ea6181d-650c-438f-b395-12aa26d2dde9", "timestamp": "2026-08-07T12:33:16.740426Z", "trace_id": "d1b5480be0ee8d88eed8bb65096f4a10"}
api-1       | {"event": "Will assume transactional DDL.", "level": "info", "request_id": "2ea6181d-650c-438f-b395-12aa26d2dde9", "timestamp": "2026-08-07T12:33:16.740587Z", "trace_id": "d1b5480be0ee8d88eed8bb65096f4a10"}
api-1       | INFO:     127.0.0.1:59390 - "GET /health/ready HTTP/1.1" 200 OK
api-1       | {"duration_ms": 23.83, "event": "http_request_completed", "level": "info", "method": "GET", "outcome": "success", "path": "/health/ready", "request_id": "2ea6181d-650c-438f-b395-12aa26d2dde9", "status_code": 200, "timestamp": "2026-08-07T12:33:16.748772Z", "trace_id": "d1b5480be0ee8d88eed8bb65096f4a10"}
api-1       | INFO:     172.18.0.1:50024 - "POST /api/v1/runs HTTP/1.1" 202 Accepted
api-1       | {"api_key_prefix": "evk_5ec841b483bb", "duration_ms": 294.101, "event": "http_request_completed", "level": "info", "method": "POST", "outcome": "success", "path": "/api/v1/runs", "request_id": "35a41de5-0bea-4744-9750-5150ee5b90dc", "status_code": 202, "tenant_id": "fdd68433-c86c-470c-8b57-cec8ffc3d389", "timestamp": "2026-08-07T12:33:19.655561Z", "trace_id": "1bf7af2a2bc54bb578435711db7b4bf8"}
api-1       | INFO:     172.18.0.1:50024 - "GET /api/v1/runs/59f0cdda-8648-4b8d-a48a-fb916205395d HTTP/1.1" 200 OK
api-1       | {"api_key_prefix": "evk_5ec841b483bb", "duration_ms": 60.12, "event": "http_request_completed", "level": "info", "method": "GET", "outcome": "success", "path": "/api/v1/runs/59f0cdda-8648-4b8d-a48a-fb916205395d", "request_id": "aa7e9d72-2373-48e3-aa0d-1ce67433b9f9", "status_code": 200, "tenant_id": "fdd68433-c86c-470c-8b57-cec8ffc3d389", "timestamp": "2026-08-07T12:33:19.717349Z", "trace_id": "311685bc8c22d2ec20572551580670b8"}
api-1       | {"claimed": 50, "event": "outbox_dispatch_batch_completed", "lease_lost": 0, "level": "info", "published": 50, "retry_scheduled": 0, "role": "outbox_dispatcher", "timestamp": "2026-08-07T12:33:20.576437Z"}
api-1       | INFO:     172.18.0.1:50024 - "GET /api/v1/runs/59f0cdda-8648-4b8d-a48a-fb916205395d HTTP/1.1" 200 OK
api-1       | {"api_key_prefix": "evk_5ec841b483bb", "duration_ms": 418.953, "event": "http_request_completed", "level": "info", "method": "GET", "outcome": "success", "path": "/api/v1/runs/59f0cdda-8648-4b8d-a48a-fb916205395d", "request_id": "9f6a4807-8f08-47f0-9550-506a477a5ea1", "status_code": 200, "tenant_id": "fdd68433-c86c-470c-8b57-cec8ffc3d389", "timestamp": "2026-08-07T12:33:20.687263Z", "trace_id": "5b20ad7ee51fdc64961df7d6fcb4f609"}
api-1       | {"claimed": 50, "event": "outbox_dispatch_batch_completed", "lease_lost": 0, "level": "info", "published": 50, "retry_scheduled": 0, "role": "outbox_dispatcher", "timestamp": "2026-08-07T12:33:21.495329Z"}
api-1       | INFO:     172.18.0.1:50024 - "GET /api/v1/runs/59f0cdda-8648-4b8d-a48a-fb916205395d HTTP/1.1" 200 OK
api-1       | {"api_key_prefix": "evk_5ec841b483bb", "duration_ms": 365.844, "event": "http_request_completed", "level": "info", "method": "GET", "outcome": "success", "path": "/api/v1/runs/59f0cdda-8648-4b8d-a48a-fb916205395d", "request_id": "7ca041ef-1d3e-4375-9e14-f7a5b5bdb909", "status_code": 200, "tenant_id": "fdd68433-c86c-470c-8b57-cec8ffc3d389", "timestamp": "2026-08-07T12:33:21.592141Z", "trace_id": "c3962f827d7381aaf8772efd9aadeedc"}
api-1       | {"event": "Context impl PostgresqlImpl.", "level": "info", "request_id": "de3f0fda-0a06-4017-a758-13c9f78707fb", "timestamp": "2026-08-07T12:33:22.573112Z", "trace_id": "2a63de79245309f30c21d33b698c2084"}
api-1       | {"event": "Will assume transactional DDL.", "level": "info", "request_id": "de3f0fda-0a06-4017-a758-13c9f78707fb", "timestamp": "2026-08-07T12:33:22.573363Z", "trace_id": "2a63de79245309f30c21d33b698c2084"}
api-1       | {"claimed": 50, "event": "outbox_dispatch_batch_completed", "lease_lost": 0, "level": "info", "published": 50, "retry_scheduled": 0, "role": "outbox_dispatcher", "timestamp": "2026-08-07T12:33:22.595784Z"}
api-1       | INFO:     127.0.0.1:51606 - "GET /health/ready HTTP/1.1" 200 OK
api-1       | {"duration_ms": 62.005, "event": "http_request_completed", "level": "info", "method": "GET", "outcome": "success", "path": "/health/ready", "request_id": "de3f0fda-0a06-4017-a758-13c9f78707fb", "status_code": 200, "timestamp": "2026-08-07T12:33:22.605259Z", "trace_id": "2a63de79245309f30c21d33b698c2084"}
api-1       | INFO:     172.18.0.1:50024 - "GET /api/v1/runs/59f0cdda-8648-4b8d-a48a-fb916205395d HTTP/1.1" 200 OK
api-1       | {"api_key_prefix": "evk_5ec841b483bb", "duration_ms": 534.73, "event": "http_request_completed", "level": "info", "method": "GET", "outcome": "success", "path": "/api/v1/runs/59f0cdda-8648-4b8d-a48a-fb916205395d", "request_id": "70c37519-c0a1-4d69-a2f7-0947a4252217", "status_code": 200, "tenant_id": "fdd68433-c86c-470c-8b57-cec8ffc3d389", "timestamp": "2026-08-07T12:33:22.684865Z", "trace_id": "29e2a77f7734e012147610066c9997bf"}
api-1       | {"claimed": 50, "event": "outbox_dispatch_batch_completed", "lease_lost": 0, "level": "info", "published": 50, "retry_scheduled": 0, "role": "outbox_dispatcher", "timestamp": "2026-08-07T12:33:23.673974Z"}
api-1       | INFO:     172.18.0.1:50024 - "GET /api/v1/runs/59f0cdda-8648-4b8d-a48a-fb916205395d HTTP/1.1" 200 OK
api-1       | {"api_key_prefix": "evk_5ec841b483bb", "duration_ms": 498.411, "event": "http_request_completed", "level": "info", "method": "GET", "outcome": "success", "path": "/api/v1/runs/59f0cdda-8648-4b8d-a48a-fb916205395d", "request_id": "43032c3f-af2e-463b-8c14-297026c96912", "status_code": 200, "tenant_id": "fdd68433-c86c-470c-8b57-cec8ffc3d389", "timestamp": "2026-08-07T12:33:23.809272Z", "trace_id": "512eafa4966a78144ee0e3a5cf12824c"}
api-1       | {"claimed": 50, "event": "outbox_dispatch_batch_completed", "lease_lost": 0, "level": "info", "published": 50, "retry_scheduled": 0, "role": "outbox_dispatcher", "timestamp": "2026-08-07T12:33:24.570433Z"}
api-1       | INFO:     172.18.0.1:50024 - "GET /api/v1/runs/59f0cdda-8648-4b8d-a48a-fb916205395d HTTP/1.1" 200 OK
api-1       | {"api_key_prefix": "evk_5ec841b483bb", "duration_ms": 375.632, "event": "http_request_completed", "level": "info", "method": "GET", "outcome": "success", "path": "/api/v1/runs/59f0cdda-8648-4b8d-a48a-fb916205395d", "request_id": "9f2c8a59-e0d0-4e1e-b2ef-fd06cbab0a40", "status_code": 200, "tenant_id": "fdd68433-c86c-470c-8b57-cec8ffc3d389", "timestamp": "2026-08-07T12:33:24.692374Z", "trace_id": "c08119e1f1573fea33197f4ddd71873e"}
api-1       | {"claimed": 50, "event": "outbox_dispatch_batch_completed", "lease_lost": 0, "level": "info", "published": 50, "retry_scheduled": 0, "role": "outbox_dispatcher", "timestamp": "2026-08-07T12:33:25.419134Z"}
api-1       | INFO:     172.18.0.1:50024 - "GET /api/v1/runs/59f0cdda-8648-4b8d-a48a-fb916205395d HTTP/1.1" 200 OK
api-1       | {"api_key_prefix": "evk_5ec841b483bb", "duration_ms": 352.964, "event": "http_request_completed", "level": "info", "method": "GET", "outcome": "success", "path": "/api/v1/runs/59f0cdda-8648-4b8d-a48a-fb916205395d", "request_id": "d390f18b-6549-454a-9385-47cff2ab362e", "status_code": 200, "tenant_id": "fdd68433-c86c-470c-8b57-cec8ffc3d389", "timestamp": "2026-08-07T12:33:25.564064Z", "trace_id": "3ce6485096f2a9cfd4fe9c67e45899de"}
api-1       | {"claimed": 50, "event": "outbox_dispatch_batch_completed", "lease_lost": 0, "level": "info", "published": 50, "retry_scheduled": 0, "role": "outbox_dispatcher", "timestamp": "2026-08-07T12:33:26.318519Z"}
api-1       | INFO:     172.18.0.1:50024 - "GET /api/v1/runs/59f0cdda-8648-4b8d-a48a-fb916205395d HTTP/1.1" 200 OK
api-1       | {"api_key_prefix": "evk_5ec841b483bb", "duration_ms": 336.387, "event": "http_request_completed", "level": "info", "method": "GET", "outcome": "success", "path": "/api/v1/runs/59f0cdda-8648-4b8d-a48a-fb916205395d", "request_id": "f3b8d371-9b6e-47a3-a154-369892296805", "status_code": 200, "tenant_id": "fdd68433-c86c-470c-8b57-cec8ffc3d389", "timestamp": "2026-08-07T12:33:26.407048Z", "trace_id": "b120ab1359d8975ce06bb5699655d7a4"}
api-1       | {"claimed": 50, "event": "outbox_dispatch_batch_completed", "lease_lost": 0, "level": "info", "published": 50, "retry_scheduled": 0, "role": "outbox_dispatcher", "timestamp": "2026-08-07T12:33:27.111969Z"}
api-1       | INFO:     172.18.0.1:50024 - "GET /api/v1/runs/59f0cdda-8648-4b8d-a48a-fb916205395d HTTP/1.1" 200 OK
api-1       | {"api_key_prefix": "evk_5ec841b483bb", "duration_ms": 225.439, "event": "http_request_completed", "level": "info", "method": "GET", "outcome": "success", "path": "/api/v1/runs/59f0cdda-8648-4b8d-a48a-fb916205395d", "request_id": "5944cdfe-dc0e-49b6-810a-7bf212b231b8", "status_code": 200, "tenant_id": "fdd68433-c86c-470c-8b57-cec8ffc3d389", "timestamp": "2026-08-07T12:33:27.178494Z", "trace_id": "70c16c661231898fad96950d94e5ed86"}
api-1       | INFO:     172.18.0.1:50024 - "GET /api/v1/runs/59f0cdda-8648-4b8d-a48a-fb916205395d/cases?limit=200&sort=case_id HTTP/1.1" 200 OK
api-1       | {"api_key_prefix": "evk_5ec841b483bb", "duration_ms": 78.309, "event": "http_request_completed", "level": "info", "method": "GET", "outcome": "success", "path": "/api/v1/runs/59f0cdda-8648-4b8d-a48a-fb916205395d/cases", "request_id": "bd4c162b-d4ea-4723-9cf6-98cdf72dcac3", "status_code": 200, "tenant_id": "fdd68433-c86c-470c-8b57-cec8ffc3d389", "timestamp": "2026-08-07T12:33:27.258813Z", "trace_id": "cdffb389c6ac9253fedb813f4c5e9b35"}
api-1       | INFO:     172.18.0.1:50024 - "GET /api/v1/runs/59f0cdda-8648-4b8d-a48a-fb916205395d/cases?limit=200&sort=case_id&cursor=eyJkaXJlY3Rpb24iOiJhc2MiLCJlcnJvcl9jb2RlIjpudWxsLCJqb2JfaWQiOiIxNmY1NzVmNi1lNTIxLTRmODAtOGU1Yy04ZTdmNzQ4NzIwNTYiLCJtZXRyaWMiOm51bGwsInNvcnQiOiJjYXNlX2lkIiwic3RhdHVzIjpudWxsLCJ2IjoxLCJ2YWx1ZSI6ImxvYWQtMDE5OSJ9 HTTP/1.1" 200 OK
api-1       | {"api_key_prefix": "evk_5ec841b483bb", "duration_ms": 73.26, "event": "http_request_completed", "level": "info", "method": "GET", "outcome": "success", "path": "/api/v1/runs/59f0cdda-8648-4b8d-a48a-fb916205395d/cases", "request_id": "c6c233cc-bdea-4101-b707-6021d0badf50", "status_code": 200, "tenant_id": "fdd68433-c86c-470c-8b57-cec8ffc3d389", "timestamp": "2026-08-07T12:33:27.335026Z", "trace_id": "91d78bebeab381bd40af05df831b2916"}
api-1       | INFO:     172.18.0.1:50024 - "GET /api/v1/runs/59f0cdda-8648-4b8d-a48a-fb916205395d/cases?limit=200&sort=case_id&cursor=eyJkaXJlY3Rpb24iOiJhc2MiLCJlcnJvcl9jb2RlIjpudWxsLCJqb2JfaWQiOiIyMDQxNDJkMi00YzRhLTQ4NmMtOTczMi1iMmZhYmJiMmZlNDUiLCJtZXRyaWMiOm51bGwsInNvcnQiOiJjYXNlX2lkIiwic3RhdHVzIjpudWxsLCJ2IjoxLCJ2YWx1ZSI6ImxvYWQtMDM5OSJ9 HTTP/1.1" 200 OK
api-1       | {"api_key_prefix": "evk_5ec841b483bb", "duration_ms": 72.116, "event": "http_request_completed", "level": "info", "method": "GET", "outcome": "success", "path": "/api/v1/runs/59f0cdda-8648-4b8d-a48a-fb916205395d/cases", "request_id": "9d542ae0-604e-483a-a7fa-af8e2e439ffa", "status_code": 200, "tenant_id": "fdd68433-c86c-470c-8b57-cec8ffc3d389", "timestamp": "2026-08-07T12:33:27.409846Z", "trace_id": "574bc1847f4ecace6f875e2a8f134ab9"}
api-1       | {"claimed": 50, "event": "outbox_dispatch_batch_completed", "lease_lost": 0, "level": "info", "published": 50, "retry_scheduled": 0, "role": "outbox_dispatcher", "timestamp": "2026-08-07T12:33:28.169694Z"}
api-1       | INFO:     127.0.0.1:51654 - "GET /metrics HTTP/1.1" 200 OK
api-1       | {"duration_ms": 71.917, "event": "http_request_completed", "level": "info", "method": "GET", "outcome": "success", "path": "/metrics", "request_id": "3984c57b-ce26-4624-baea-877775cb34dc", "status_code": 200, "timestamp": "2026-08-07T12:33:28.330044Z", "trace_id": "a5b948ad6594d2ad09fb7a56a1ec19f2"}
api-1       | {"event": "Context impl PostgresqlImpl.", "level": "info", "request_id": "5f94567d-709c-4b88-ae88-9ddded864923", "timestamp": "2026-08-07T12:33:28.490518Z", "trace_id": "9663923e9b43953800f3f15061863639"}
api-1       | {"event": "Will assume transactional DDL.", "level": "info", "request_id": "5f94567d-709c-4b88-ae88-9ddded864923", "timestamp": "2026-08-07T12:33:28.490671Z", "trace_id": "9663923e9b43953800f3f15061863639"}
api-1       | INFO:     127.0.0.1:51668 - "GET /health/ready HTTP/1.1" 200 OK
api-1       | {"duration_ms": 34.033, "event": "http_request_completed", "level": "info", "method": "GET", "outcome": "success", "path": "/health/ready", "request_id": "5f94567d-709c-4b88-ae88-9ddded864923", "status_code": 200, "timestamp": "2026-08-07T12:33:28.501521Z", "trace_id": "9663923e9b43953800f3f15061863639"}
api-1       | {"claimed": 50, "event": "outbox_dispatch_batch_completed", "lease_lost": 0, "level": "info", "published": 50, "retry_scheduled": 0, "role": "outbox_dispatcher", "timestamp": "2026-08-07T12:33:28.983404Z"}
api-1       | {"claimed": 50, "event": "outbox_dispatch_batch_completed", "lease_lost": 0, "level": "info", "published": 50, "retry_scheduled": 0, "role": "outbox_dispatcher", "timestamp": "2026-08-07T12:33:29.718723Z"}
api-1       | {"claimed": 50, "event": "outbox_dispatch_batch_completed", "lease_lost": 0, "level": "info", "published": 50, "retry_scheduled": 0, "role": "outbox_dispatcher", "timestamp": "2026-08-07T12:33:30.422501Z"}
api-1       | {"claimed": 50, "event": "outbox_dispatch_batch_completed", "lease_lost": 0, "level": "info", "published": 50, "retry_scheduled": 0, "role": "outbox_dispatcher", "timestamp": "2026-08-07T12:33:31.124584Z"}
api-1       | {"claimed": 50, "event": "outbox_dispatch_batch_completed", "lease_lost": 0, "level": "info", "published": 50, "retry_scheduled": 0, "role": "outbox_dispatcher", "timestamp": "2026-08-07T12:33:31.816638Z"}
api-1       | {"claimed": 50, "event": "outbox_dispatch_batch_completed", "lease_lost": 0, "level": "info", "published": 50, "retry_scheduled": 0, "role": "outbox_dispatcher", "timestamp": "2026-08-07T12:33:32.611399Z"}
api-1       | {"claimed": 50, "event": "outbox_dispatch_batch_completed", "lease_lost": 0, "level": "info", "published": 50, "retry_scheduled": 0, "role": "outbox_dispatcher", "timestamp": "2026-08-07T12:33:33.315927Z"}
api-1       | {"event": "Context impl PostgresqlImpl.", "level": "info", "request_id": "7c2bc201-3210-4453-90c6-f6b9d238f80c", "timestamp": "2026-08-07T12:33:34.367167Z", "trace_id": "95c8360d3bf54635050abe175c0087ed"}
api-1       | {"event": "Will assume transactional DDL.", "level": "info", "request_id": "7c2bc201-3210-4453-90c6-f6b9d238f80c", "timestamp": "2026-08-07T12:33:34.367581Z", "trace_id": "95c8360d3bf54635050abe175c0087ed"}
api-1       | INFO:     127.0.0.1:43810 - "GET /health/ready HTTP/1.1" 200 OK
api-1       | {"duration_ms": 156.092, "event": "http_request_completed", "level": "info", "method": "GET", "outcome": "success", "path": "/health/ready", "request_id": "7c2bc201-3210-4453-90c6-f6b9d238f80c", "status_code": 200, "timestamp": "2026-08-07T12:33:34.424275Z", "trace_id": "95c8360d3bf54635050abe175c0087ed"}
api-1       | {"claimed": 50, "event": "outbox_dispatch_batch_completed", "lease_lost": 0, "level": "info", "published": 50, "retry_scheduled": 0, "role": "outbox_dispatcher", "timestamp": "2026-08-07T12:33:34.425020Z"}
api-1       | {"claimed": 50, "event": "outbox_dispatch_batch_completed", "lease_lost": 0, "level": "info", "published": 50, "retry_scheduled": 0, "role": "outbox_dispatcher", "timestamp": "2026-08-07T12:33:35.273616Z"}
api-1       | {"claimed": 50, "event": "outbox_dispatch_batch_completed", "lease_lost": 0, "level": "info", "published": 50, "retry_scheduled": 0, "role": "outbox_dispatcher", "timestamp": "2026-08-07T12:33:36.004746Z"}
api-1       | {"claimed": 50, "event": "outbox_dispatch_batch_completed", "lease_lost": 0, "level": "info", "published": 50, "retry_scheduled": 0, "role": "outbox_dispatcher", "timestamp": "2026-08-07T12:33:36.733771Z"}
api-1       | {"claimed": 2, "event": "outbox_dispatch_batch_completed", "lease_lost": 0, "level": "info", "published": 2, "retry_scheduled": 0, "role": "outbox_dispatcher", "timestamp": "2026-08-07T12:33:37.247015Z"}
api-1       | INFO:     172.18.0.1:35634 - "POST /api/v1/runs HTTP/1.1" 202 Accepted
api-1       | {"api_key_prefix": "evk_5ec841b483bb", "duration_ms": 92.078, "event": "http_request_completed", "level": "info", "method": "POST", "outcome": "success", "path": "/api/v1/runs", "request_id": "eac16da4-10a6-42e2-b18f-a14f06616801", "status_code": 202, "tenant_id": "fdd68433-c86c-470c-8b57-cec8ffc3d389", "timestamp": "2026-08-07T12:33:37.521037Z", "trace_id": "0c2e396a5dbd45f3a5a12361bd6f6cc5"}
api-1       | INFO:     172.18.0.1:35634 - "GET /api/v1/runs/7a86327d-1077-425f-879c-bf89482f070c HTTP/1.1" 200 OK
api-1       | {"api_key_prefix": "evk_5ec841b483bb", "duration_ms": 50.539, "event": "http_request_completed", "level": "info", "method": "GET", "outcome": "success", "path": "/api/v1/runs/7a86327d-1077-425f-879c-bf89482f070c", "request_id": "7ccf00f6-77ee-4903-9ed7-0ef5fdabcf5e", "status_code": 200, "tenant_id": "fdd68433-c86c-470c-8b57-cec8ffc3d389", "timestamp": "2026-08-07T12:33:37.573201Z", "trace_id": "e25edbf8a53fde9c44e81b064e1d71a1"}
api-1       | INFO:     172.18.0.1:35634 - "GET /api/v1/runs/7a86327d-1077-425f-879c-bf89482f070c HTTP/1.1" 200 OK
api-1       | {"api_key_prefix": "evk_5ec841b483bb", "duration_ms": 59.924, "event": "http_request_completed", "level": "info", "method": "GET", "outcome": "success", "path": "/api/v1/runs/7a86327d-1077-425f-879c-bf89482f070c", "request_id": "fe096a44-f69d-449a-a42e-64615bcd9fc2", "status_code": 200, "tenant_id": "fdd68433-c86c-470c-8b57-cec8ffc3d389", "timestamp": "2026-08-07T12:33:38.135731Z", "trace_id": "a1f29be8937511e286946b51e24fa876"}
api-1       | {"claimed": 22, "event": "outbox_dispatch_batch_completed", "lease_lost": 0, "level": "info", "published": 22, "retry_scheduled": 0, "role": "outbox_dispatcher", "timestamp": "2026-08-07T12:33:38.390038Z"}
api-1       | INFO:     172.18.0.1:35634 - "GET /api/v1/runs/7a86327d-1077-425f-879c-bf89482f070c HTTP/1.1" 200 OK
api-1       | {"api_key_prefix": "evk_5ec841b483bb", "duration_ms": 51.665, "event": "http_request_completed", "level": "info", "method": "GET", "outcome": "success", "path": "/api/v1/runs/7a86327d-1077-425f-879c-bf89482f070c", "request_id": "1095cd1c-5914-4b2a-a430-021ec64ac752", "status_code": 200, "tenant_id": "fdd68433-c86c-470c-8b57-cec8ffc3d389", "timestamp": "2026-08-07T12:33:38.690006Z", "trace_id": "052de394b1126f22c8de085a5682dba0"}
api-1       | {"claimed": 30, "event": "outbox_dispatch_batch_completed", "lease_lost": 0, "level": "info", "published": 30, "retry_scheduled": 0, "role": "outbox_dispatcher", "timestamp": "2026-08-07T12:33:39.077161Z"}
api-1       | INFO:     172.18.0.1:35634 - "GET /api/v1/runs/7a86327d-1077-425f-879c-bf89482f070c HTTP/1.1" 200 OK
api-1       | {"api_key_prefix": "evk_5ec841b483bb", "duration_ms": 62.896, "event": "http_request_completed", "level": "info", "method": "GET", "outcome": "success", "path": "/api/v1/runs/7a86327d-1077-425f-879c-bf89482f070c", "request_id": "d319f4e1-87ae-4624-a9e3-29a2aa7a5b9b", "status_code": 200, "tenant_id": "fdd68433-c86c-470c-8b57-cec8ffc3d389", "timestamp": "2026-08-07T12:33:39.255556Z", "trace_id": "25ccab0e787f1ad4df7863d6860c2345"}
api-1       | {"claimed": 31, "event": "outbox_dispatch_batch_completed", "lease_lost": 0, "level": "info", "published": 31, "retry_scheduled": 0, "role": "outbox_dispatcher", "timestamp": "2026-08-07T12:33:39.877528Z"}
api-1       | INFO:     172.18.0.1:35634 - "GET /api/v1/runs/7a86327d-1077-425f-879c-bf89482f070c HTTP/1.1" 200 OK
api-1       | {"api_key_prefix": "evk_5ec841b483bb", "duration_ms": 264.08, "event": "http_request_completed", "level": "info", "method": "GET", "outcome": "success", "path": "/api/v1/runs/7a86327d-1077-425f-879c-bf89482f070c", "request_id": "71b12173-7437-4585-8258-2c66474b412f", "status_code": 200, "tenant_id": "fdd68433-c86c-470c-8b57-cec8ffc3d389", "timestamp": "2026-08-07T12:33:40.034483Z", "trace_id": "6020ef91385d3e114eb9a18e4c125625"}
api-1       | {"event": "Context impl PostgresqlImpl.", "level": "info", "request_id": "fef00ede-6f5f-461f-95d3-84d47fc5fec0", "timestamp": "2026-08-07T12:33:40.075010Z", "trace_id": "29612851a50c71bf5e131f08fbbb1984"}
api-1       | {"event": "Will assume transactional DDL.", "level": "info", "request_id": "fef00ede-6f5f-461f-95d3-84d47fc5fec0", "timestamp": "2026-08-07T12:33:40.075140Z", "trace_id": "29612851a50c71bf5e131f08fbbb1984"}
api-1       | INFO:     127.0.0.1:52626 - "GET /health/ready HTTP/1.1" 200 OK
api-1       | {"duration_ms": 68.565, "event": "http_request_completed", "level": "info", "method": "GET", "outcome": "success", "path": "/health/ready", "request_id": "fef00ede-6f5f-461f-95d3-84d47fc5fec0", "status_code": 200, "timestamp": "2026-08-07T12:33:40.127474Z", "trace_id": "29612851a50c71bf5e131f08fbbb1984"}
api-1       | INFO:     172.18.0.1:35634 - "GET /api/v1/runs/7a86327d-1077-425f-879c-bf89482f070c/cases?limit=200&sort=case_id HTTP/1.1" 200 OK
api-1       | {"api_key_prefix": "evk_5ec841b483bb", "duration_ms": 122.649, "event": "http_request_completed", "level": "info", "method": "GET", "outcome": "success", "path": "/api/v1/runs/7a86327d-1077-425f-879c-bf89482f070c/cases", "request_id": "fc0f5540-dc5c-4a6b-ae81-8a0ac2f4328d", "status_code": 200, "tenant_id": "fdd68433-c86c-470c-8b57-cec8ffc3d389", "timestamp": "2026-08-07T12:33:40.159272Z", "trace_id": "0fe70e5a06d0b5b2c5d1d2fa57a61e6a"}
api-1       | {"claimed": 19, "event": "outbox_dispatch_batch_completed", "lease_lost": 0, "level": "info", "published": 19, "retry_scheduled": 0, "role": "outbox_dispatcher", "timestamp": "2026-08-07T12:33:40.577504Z"}
api-1       | INFO:     127.0.0.1:52630 - "GET /metrics HTTP/1.1" 200 OK
api-1       | {"duration_ms": 21.907, "event": "http_request_completed", "level": "info", "method": "GET", "outcome": "success", "path": "/metrics", "request_id": "92474030-9818-450e-b7d8-4c0eb85f54fb", "status_code": 200, "timestamp": "2026-08-07T12:33:40.693221Z", "trace_id": "28b4d0b4f167027b37d5eb2d4463ae6c"}
api-1       | INFO:     172.18.0.1:35634 - "POST /api/v1/runs HTTP/1.1" 202 Accepted
api-1       | {"api_key_prefix": "evk_5ec841b483bb", "duration_ms": 267.054, "event": "http_request_completed", "level": "info", "method": "POST", "outcome": "success", "path": "/api/v1/runs", "request_id": "47ddbf4c-417d-4f1e-ba06-b32b37d75f07", "status_code": 202, "tenant_id": "fdd68433-c86c-470c-8b57-cec8ffc3d389", "timestamp": "2026-08-07T12:33:41.544278Z", "trace_id": "4aff16c72a855f863b4efc72c8a36bf0"}
api-1       | INFO:     172.18.0.1:35634 - "GET /api/v1/runs/4f7e63e3-144c-486a-8ded-92c07c91d513 HTTP/1.1" 200 OK
api-1       | {"api_key_prefix": "evk_5ec841b483bb", "duration_ms": 52.29, "event": "http_request_completed", "level": "info", "method": "GET", "outcome": "success", "path": "/api/v1/runs/4f7e63e3-144c-486a-8ded-92c07c91d513", "request_id": "e9a3516b-4adb-4672-9962-6cee316594f4", "status_code": 200, "tenant_id": "fdd68433-c86c-470c-8b57-cec8ffc3d389", "timestamp": "2026-08-07T12:33:41.598225Z", "trace_id": "69167cffc314f1c273abc4c9b758d1f7"}
api-1       | {"claimed": 4, "event": "outbox_dispatch_batch_completed", "lease_lost": 0, "level": "info", "published": 4, "retry_scheduled": 0, "role": "outbox_dispatcher", "timestamp": "2026-08-07T12:33:42.108702Z"}
api-1       | INFO:     172.18.0.1:35634 - "GET /api/v1/runs/4f7e63e3-144c-486a-8ded-92c07c91d513 HTTP/1.1" 200 OK
api-1       | {"api_key_prefix": "evk_5ec841b483bb", "duration_ms": 54.225, "event": "http_request_completed", "level": "info", "method": "GET", "outcome": "success", "path": "/api/v1/runs/4f7e63e3-144c-486a-8ded-92c07c91d513", "request_id": "b2c344fd-56f8-4905-8add-710b72d6157b", "status_code": 200, "tenant_id": "fdd68433-c86c-470c-8b57-cec8ffc3d389", "timestamp": "2026-08-07T12:33:42.156702Z", "trace_id": "d987022d60cec13c3964947a6172619e"}
api-1       | {"claimed": 24, "event": "outbox_dispatch_batch_completed", "lease_lost": 0, "level": "info", "published": 24, "retry_scheduled": 0, "role": "outbox_dispatcher", "timestamp": "2026-08-07T12:33:42.791087Z"}
api-1       | INFO:     172.18.0.1:35634 - "GET /api/v1/runs/4f7e63e3-144c-486a-8ded-92c07c91d513 HTTP/1.1" 200 OK
api-1       | {"api_key_prefix": "evk_5ec841b483bb", "duration_ms": 145.733, "event": "http_request_completed", "level": "info", "method": "GET", "outcome": "success", "path": "/api/v1/runs/4f7e63e3-144c-486a-8ded-92c07c91d513", "request_id": "5a3426a0-f005-42ac-ae41-9b42cea365ff", "status_code": 200, "tenant_id": "fdd68433-c86c-470c-8b57-cec8ffc3d389", "timestamp": "2026-08-07T12:33:42.811755Z", "trace_id": "ab4d60ae6bd59367f7de1c18258aefe3"}
api-1       | {"claimed": 30, "event": "outbox_dispatch_batch_completed", "lease_lost": 0, "level": "info", "published": 30, "retry_scheduled": 0, "role": "outbox_dispatcher", "timestamp": "2026-08-07T12:33:43.483688Z"}
api-1       | INFO:     172.18.0.1:35634 - "GET /api/v1/runs/4f7e63e3-144c-486a-8ded-92c07c91d513 HTTP/1.1" 200 OK
api-1       | {"api_key_prefix": "evk_5ec841b483bb", "duration_ms": 156.408, "event": "http_request_completed", "level": "info", "method": "GET", "outcome": "success", "path": "/api/v1/runs/4f7e63e3-144c-486a-8ded-92c07c91d513", "request_id": "e40d8059-cb08-4bb6-b18a-24eac444a941", "status_code": 200, "tenant_id": "fdd68433-c86c-470c-8b57-cec8ffc3d389", "timestamp": "2026-08-07T12:33:43.489331Z", "trace_id": "80797d2e8e4e3b991d655443dc0a543a"}
api-1       | {"claimed": 29, "event": "outbox_dispatch_batch_completed", "lease_lost": 0, "level": "info", "published": 29, "retry_scheduled": 0, "role": "outbox_dispatcher", "timestamp": "2026-08-07T12:33:44.179658Z"}
api-1       | INFO:     172.18.0.1:35634 - "GET /api/v1/runs/4f7e63e3-144c-486a-8ded-92c07c91d513 HTTP/1.1" 200 OK
api-1       | {"api_key_prefix": "evk_5ec841b483bb", "duration_ms": 199.45, "event": "http_request_completed", "level": "info", "method": "GET", "outcome": "success", "path": "/api/v1/runs/4f7e63e3-144c-486a-8ded-92c07c91d513", "request_id": "43ba6b7b-192e-43bd-a664-2898923f2d75", "status_code": 200, "tenant_id": "fdd68433-c86c-470c-8b57-cec8ffc3d389", "timestamp": "2026-08-07T12:33:44.191053Z", "trace_id": "c0be02455ec1b4599c82f30b5fe9d18b"}
api-1       | {"claimed": 32, "event": "outbox_dispatch_batch_completed", "lease_lost": 0, "level": "info", "published": 32, "retry_scheduled": 0, "role": "outbox_dispatcher", "timestamp": "2026-08-07T12:33:44.883461Z"}
api-1       | INFO:     172.18.0.1:35634 - "GET /api/v1/runs/4f7e63e3-144c-486a-8ded-92c07c91d513 HTTP/1.1" 200 OK
api-1       | {"api_key_prefix": "evk_5ec841b483bb", "duration_ms": 199.739, "event": "http_request_completed", "level": "info", "method": "GET", "outcome": "success", "path": "/api/v1/runs/4f7e63e3-144c-486a-8ded-92c07c91d513", "request_id": "f5262929-1974-4cda-868e-5d07f8be11dd", "status_code": 200, "tenant_id": "fdd68433-c86c-470c-8b57-cec8ffc3d389", "timestamp": "2026-08-07T12:33:44.893835Z", "trace_id": "bad60bbe7264b10f869d6e3457e338ca"}
api-1       | {"event": "Context impl PostgresqlImpl.", "level": "info", "request_id": "e4f99b6e-dec4-4c98-9d25-40cab9e2aebb", "timestamp": "2026-08-07T12:33:45.684582Z", "trace_id": "d5fb8653ec585f84104889f5b4ad737c"}
api-1       | {"event": "Will assume transactional DDL.", "level": "info", "request_id": "e4f99b6e-dec4-4c98-9d25-40cab9e2aebb", "timestamp": "2026-08-07T12:33:45.684704Z", "trace_id": "d5fb8653ec585f84104889f5b4ad737c"}
api-1       | {"claimed": 31, "event": "outbox_dispatch_batch_completed", "lease_lost": 0, "level": "info", "published": 31, "retry_scheduled": 0, "role": "outbox_dispatcher", "timestamp": "2026-08-07T12:33:45.692530Z"}
api-1       | INFO:     127.0.0.1:52658 - "GET /health/ready HTTP/1.1" 200 OK
api-1       | {"duration_ms": 160.424, "event": "http_request_completed", "level": "info", "method": "GET", "outcome": "success", "path": "/health/ready", "request_id": "e4f99b6e-dec4-4c98-9d25-40cab9e2aebb", "status_code": 200, "timestamp": "2026-08-07T12:33:45.702512Z", "trace_id": "d5fb8653ec585f84104889f5b4ad737c"}
api-1       | INFO:     172.18.0.1:35634 - "GET /api/v1/runs/4f7e63e3-144c-486a-8ded-92c07c91d513 HTTP/1.1" 200 OK
api-1       | {"api_key_prefix": "evk_5ec841b483bb", "duration_ms": 311.882, "event": "http_request_completed", "level": "info", "method": "GET", "outcome": "success", "path": "/api/v1/runs/4f7e63e3-144c-486a-8ded-92c07c91d513", "request_id": "46a095a2-33e5-418e-bcd1-926b7372b51c", "status_code": 200, "tenant_id": "fdd68433-c86c-470c-8b57-cec8ffc3d389", "timestamp": "2026-08-07T12:33:45.708220Z", "trace_id": "a1c434eb37fa21f439ef26700eb035a0"}
api-1       | {"claimed": 38, "event": "outbox_dispatch_batch_completed", "lease_lost": 0, "level": "info", "published": 38, "retry_scheduled": 0, "role": "outbox_dispatcher", "timestamp": "2026-08-07T12:33:46.388901Z"}
api-1       | INFO:     172.18.0.1:35634 - "GET /api/v1/runs/4f7e63e3-144c-486a-8ded-92c07c91d513 HTTP/1.1" 200 OK
api-1       | {"api_key_prefix": "evk_5ec841b483bb", "duration_ms": 222.147, "event": "http_request_completed", "level": "info", "method": "GET", "outcome": "success", "path": "/api/v1/runs/4f7e63e3-144c-486a-8ded-92c07c91d513", "request_id": "e510b4a3-380a-48e6-9d86-d2c3549b9dfd", "status_code": 200, "tenant_id": "fdd68433-c86c-470c-8b57-cec8ffc3d389", "timestamp": "2026-08-07T12:33:46.447941Z", "trace_id": "9a3e48248d89f8c13de1030b9213c2a1"}
api-1       | {"claimed": 30, "event": "outbox_dispatch_batch_completed", "lease_lost": 0, "level": "info", "published": 30, "retry_scheduled": 0, "role": "outbox_dispatcher", "timestamp": "2026-08-07T12:33:47.095736Z"}
api-1       | INFO:     172.18.0.1:35634 - "GET /api/v1/runs/4f7e63e3-144c-486a-8ded-92c07c91d513 HTTP/1.1" 200 OK
api-1       | {"api_key_prefix": "evk_5ec841b483bb", "duration_ms": 140.52, "event": "http_request_completed", "level": "info", "method": "GET", "outcome": "success", "path": "/api/v1/runs/4f7e63e3-144c-486a-8ded-92c07c91d513", "request_id": "1d97fd07-f3b2-4d9a-8f0b-cdf532a5180e", "status_code": 200, "tenant_id": "fdd68433-c86c-470c-8b57-cec8ffc3d389", "timestamp": "2026-08-07T12:33:47.109447Z", "trace_id": "4dcc76958c640c43116701d5ef55f81c"}
api-1       | {"claimed": 28, "event": "outbox_dispatch_batch_completed", "lease_lost": 0, "level": "info", "published": 28, "retry_scheduled": 0, "role": "outbox_dispatcher", "timestamp": "2026-08-07T12:33:47.878728Z"}
api-1       | INFO:     172.18.0.1:35634 - "GET /api/v1/runs/4f7e63e3-144c-486a-8ded-92c07c91d513 HTTP/1.1" 200 OK
api-1       | {"api_key_prefix": "evk_5ec841b483bb", "duration_ms": 275.882, "event": "http_request_completed", "level": "info", "method": "GET", "outcome": "success", "path": "/api/v1/runs/4f7e63e3-144c-486a-8ded-92c07c91d513", "request_id": "4b6ae5fa-9748-4279-9614-36fbacb19ae0", "status_code": 200, "tenant_id": "fdd68433-c86c-470c-8b57-cec8ffc3d389", "timestamp": "2026-08-07T12:33:47.887779Z", "trace_id": "02bc3a5d6508408bb56a37b138b2d161"}
api-1       | {"claimed": 36, "event": "outbox_dispatch_batch_completed", "lease_lost": 0, "level": "info", "published": 36, "retry_scheduled": 0, "role": "outbox_dispatcher", "timestamp": "2026-08-07T12:33:48.582538Z"}
api-1       | INFO:     172.18.0.1:35634 - "GET /api/v1/runs/4f7e63e3-144c-486a-8ded-92c07c91d513 HTTP/1.1" 200 OK
api-1       | {"api_key_prefix": "evk_5ec841b483bb", "duration_ms": 205.896, "event": "http_request_completed", "level": "info", "method": "GET", "outcome": "success", "path": "/api/v1/runs/4f7e63e3-144c-486a-8ded-92c07c91d513", "request_id": "9a8c90fc-b155-45fa-83ee-7fe8bbe13b52", "status_code": 200, "tenant_id": "fdd68433-c86c-470c-8b57-cec8ffc3d389", "timestamp": "2026-08-07T12:33:48.596201Z", "trace_id": "9b3efddc0cc37d7ee5e2f06fc1f6bb0c"}
api-1       | {"claimed": 32, "event": "outbox_dispatch_batch_completed", "lease_lost": 0, "level": "info", "published": 32, "retry_scheduled": 0, "role": "outbox_dispatcher", "timestamp": "2026-08-07T12:33:49.282071Z"}
api-1       | INFO:     172.18.0.1:35634 - "GET /api/v1/runs/4f7e63e3-144c-486a-8ded-92c07c91d513 HTTP/1.1" 200 OK
api-1       | {"api_key_prefix": "evk_5ec841b483bb", "duration_ms": 190.245, "event": "http_request_completed", "level": "info", "method": "GET", "outcome": "success", "path": "/api/v1/runs/4f7e63e3-144c-486a-8ded-92c07c91d513", "request_id": "6a69675c-765e-4a8d-8d3c-2384cf37c372", "status_code": 200, "tenant_id": "fdd68433-c86c-470c-8b57-cec8ffc3d389", "timestamp": "2026-08-07T12:33:49.289491Z", "trace_id": "c11f733d8e098b8fc64a87068d4e4dda"}
api-1       | {"claimed": 32, "event": "outbox_dispatch_batch_completed", "lease_lost": 0, "level": "info", "published": 32, "retry_scheduled": 0, "role": "outbox_dispatcher", "timestamp": "2026-08-07T12:33:49.974700Z"}
api-1       | INFO:     172.18.0.1:35634 - "GET /api/v1/runs/4f7e63e3-144c-486a-8ded-92c07c91d513 HTTP/1.1" 200 OK
api-1       | {"api_key_prefix": "evk_5ec841b483bb", "duration_ms": 196.76, "event": "http_request_completed", "level": "info", "method": "GET", "outcome": "success", "path": "/api/v1/runs/4f7e63e3-144c-486a-8ded-92c07c91d513", "request_id": "d42767a5-9672-4f41-914e-630ea1f5c5ae", "status_code": 200, "tenant_id": "fdd68433-c86c-470c-8b57-cec8ffc3d389", "timestamp": "2026-08-07T12:33:49.989011Z", "trace_id": "5f2f779d8482813d94c598633ef2ecb2"}
api-1       | {"claimed": 30, "event": "outbox_dispatch_batch_completed", "lease_lost": 0, "level": "info", "published": 30, "retry_scheduled": 0, "role": "outbox_dispatcher", "timestamp": "2026-08-07T12:33:50.677643Z"}
api-1       | INFO:     172.18.0.1:35634 - "GET /api/v1/runs/4f7e63e3-144c-486a-8ded-92c07c91d513 HTTP/1.1" 200 OK
api-1       | {"api_key_prefix": "evk_5ec841b483bb", "duration_ms": 193.207, "event": "http_request_completed", "level": "info", "method": "GET", "outcome": "success", "path": "/api/v1/runs/4f7e63e3-144c-486a-8ded-92c07c91d513", "request_id": "b9120671-4489-48e2-a2df-6a1abd061ffc", "status_code": 200, "tenant_id": "fdd68433-c86c-470c-8b57-cec8ffc3d389", "timestamp": "2026-08-07T12:33:50.685233Z", "trace_id": "8e43c8b7bb72d12eaee3e88c628c5dd1"}
api-1       | {"event": "Context impl PostgresqlImpl.", "level": "info", "request_id": "80a3715e-0cd8-4a2a-823a-fd2930e7a54e", "timestamp": "2026-08-07T12:33:51.014458Z", "trace_id": "0c2c3d367a361e85cf9fa83c38462145"}
api-1       | {"event": "Will assume transactional DDL.", "level": "info", "request_id": "80a3715e-0cd8-4a2a-823a-fd2930e7a54e", "timestamp": "2026-08-07T12:33:51.014611Z", "trace_id": "0c2c3d367a361e85cf9fa83c38462145"}
api-1       | INFO:     127.0.0.1:56804 - "GET /health/ready HTTP/1.1" 200 OK
api-1       | {"duration_ms": 29.348, "event": "http_request_completed", "level": "info", "method": "GET", "outcome": "success", "path": "/health/ready", "request_id": "80a3715e-0cd8-4a2a-823a-fd2930e7a54e", "status_code": 200, "timestamp": "2026-08-07T12:33:51.022481Z", "trace_id": "0c2c3d367a361e85cf9fa83c38462145"}
api-1       | INFO:     172.18.0.1:35634 - "GET /api/v1/runs/4f7e63e3-144c-486a-8ded-92c07c91d513 HTTP/1.1" 200 OK
api-1       | {"api_key_prefix": "evk_5ec841b483bb", "duration_ms": 196.85, "event": "http_request_completed", "level": "info", "method": "GET", "outcome": "success", "path": "/api/v1/runs/4f7e63e3-144c-486a-8ded-92c07c91d513", "request_id": "046d4faf-9273-4313-a57a-7bc9382e4823", "status_code": 200, "tenant_id": "fdd68433-c86c-470c-8b57-cec8ffc3d389", "timestamp": "2026-08-07T12:33:51.385117Z", "trace_id": "615b05ae0772c7facfc9fb98f03231a7"}
api-1       | {"claimed": 32, "event": "outbox_dispatch_batch_completed", "lease_lost": 0, "level": "info", "published": 32, "retry_scheduled": 0, "role": "outbox_dispatcher", "timestamp": "2026-08-07T12:33:51.386464Z"}
api-1       | {"claimed": 31, "event": "outbox_dispatch_batch_completed", "lease_lost": 0, "level": "info", "published": 31, "retry_scheduled": 0, "role": "outbox_dispatcher", "timestamp": "2026-08-07T12:33:52.091074Z"}
api-1       | INFO:     172.18.0.1:35634 - "GET /api/v1/runs/4f7e63e3-144c-486a-8ded-92c07c91d513 HTTP/1.1" 200 OK
api-1       | {"api_key_prefix": "evk_5ec841b483bb", "duration_ms": 204.187, "event": "http_request_completed", "level": "info", "method": "GET", "outcome": "success", "path": "/api/v1/runs/4f7e63e3-144c-486a-8ded-92c07c91d513", "request_id": "cc2f1800-6de0-4cfa-935a-95cfd0fe184c", "status_code": 200, "tenant_id": "fdd68433-c86c-470c-8b57-cec8ffc3d389", "timestamp": "2026-08-07T12:33:52.092950Z", "trace_id": "0c97202f453bebd13e40a89d10b8bd2e"}
api-1       | {"claimed": 30, "event": "outbox_dispatch_batch_completed", "lease_lost": 0, "level": "info", "published": 30, "retry_scheduled": 0, "role": "outbox_dispatcher", "timestamp": "2026-08-07T12:33:52.785192Z"}
api-1       | INFO:     172.18.0.1:35634 - "GET /api/v1/runs/4f7e63e3-144c-486a-8ded-92c07c91d513 HTTP/1.1" 200 OK
api-1       | {"api_key_prefix": "evk_5ec841b483bb", "duration_ms": 193.422, "event": "http_request_completed", "level": "info", "method": "GET", "outcome": "success", "path": "/api/v1/runs/4f7e63e3-144c-486a-8ded-92c07c91d513", "request_id": "dca46693-08f2-42d2-9d63-41b7bda59b4a", "status_code": 200, "tenant_id": "fdd68433-c86c-470c-8b57-cec8ffc3d389", "timestamp": "2026-08-07T12:33:52.790515Z", "trace_id": "21f9f294227c011247be0b43cecda03f"}
api-1       | {"claimed": 31, "event": "outbox_dispatch_batch_completed", "lease_lost": 0, "level": "info", "published": 31, "retry_scheduled": 0, "role": "outbox_dispatcher", "timestamp": "2026-08-07T12:33:53.482142Z"}
api-1       | INFO:     172.18.0.1:35634 - "GET /api/v1/runs/4f7e63e3-144c-486a-8ded-92c07c91d513 HTTP/1.1" 200 OK
api-1       | {"api_key_prefix": "evk_5ec841b483bb", "duration_ms": 190.777, "event": "http_request_completed", "level": "info", "method": "GET", "outcome": "success", "path": "/api/v1/runs/4f7e63e3-144c-486a-8ded-92c07c91d513", "request_id": "a34d735f-442e-46f8-a0c9-56ebc67feb09", "status_code": 200, "tenant_id": "fdd68433-c86c-470c-8b57-cec8ffc3d389", "timestamp": "2026-08-07T12:33:53.486367Z", "trace_id": "614a4c89074622c99c0c16dac4832c00"}
api-1       | {"claimed": 34, "event": "outbox_dispatch_batch_completed", "lease_lost": 0, "level": "info", "published": 34, "retry_scheduled": 0, "role": "outbox_dispatcher", "timestamp": "2026-08-07T12:33:54.184406Z"}
api-1       | INFO:     172.18.0.1:35634 - "GET /api/v1/runs/4f7e63e3-144c-486a-8ded-92c07c91d513 HTTP/1.1" 200 OK
api-1       | {"api_key_prefix": "evk_5ec841b483bb", "duration_ms": 199.56, "event": "http_request_completed", "level": "info", "method": "GET", "outcome": "success", "path": "/api/v1/runs/4f7e63e3-144c-486a-8ded-92c07c91d513", "request_id": "4c8c2ef1-701a-4fe8-9a60-8f4c0d393d47", "status_code": 200, "tenant_id": "fdd68433-c86c-470c-8b57-cec8ffc3d389", "timestamp": "2026-08-07T12:33:54.188627Z", "trace_id": "d633acb0de4894ec3d70949c8500e8ac"}
api-1       | {"claimed": 30, "event": "outbox_dispatch_batch_completed", "lease_lost": 0, "level": "info", "published": 30, "retry_scheduled": 0, "role": "outbox_dispatcher", "timestamp": "2026-08-07T12:33:54.877226Z"}
api-1       | INFO:     172.18.0.1:35634 - "GET /api/v1/runs/4f7e63e3-144c-486a-8ded-92c07c91d513 HTTP/1.1" 200 OK
api-1       | {"api_key_prefix": "evk_5ec841b483bb", "duration_ms": 191.87, "event": "http_request_completed", "level": "info", "method": "GET", "outcome": "success", "path": "/api/v1/runs/4f7e63e3-144c-486a-8ded-92c07c91d513", "request_id": "0162e3d2-fdec-4fe3-8ffe-0d1f108e9ee7", "status_code": 200, "tenant_id": "fdd68433-c86c-470c-8b57-cec8ffc3d389", "timestamp": "2026-08-07T12:33:54.884012Z", "trace_id": "52c24f6b61123f668b4f344f429889a5"}
api-1       | {"claimed": 32, "event": "outbox_dispatch_batch_completed", "lease_lost": 0, "level": "info", "published": 32, "retry_scheduled": 0, "role": "outbox_dispatcher", "timestamp": "2026-08-07T12:33:55.580544Z"}
api-1       | INFO:     172.18.0.1:35634 - "GET /api/v1/runs/4f7e63e3-144c-486a-8ded-92c07c91d513 HTTP/1.1" 200 OK
api-1       | {"api_key_prefix": "evk_5ec841b483bb", "duration_ms": 195.034, "event": "http_request_completed", "level": "info", "method": "GET", "outcome": "success", "path": "/api/v1/runs/4f7e63e3-144c-486a-8ded-92c07c91d513", "request_id": "70a288c2-6bb3-495a-9dd7-4e79fc601f43", "status_code": 200, "tenant_id": "fdd68433-c86c-470c-8b57-cec8ffc3d389", "timestamp": "2026-08-07T12:33:55.583132Z", "trace_id": "a9c4c237797d170eaf19e8497e5dd4cf"}
api-1       | {"claimed": 31, "event": "outbox_dispatch_batch_completed", "lease_lost": 0, "level": "info", "published": 31, "retry_scheduled": 0, "role": "outbox_dispatcher", "timestamp": "2026-08-07T12:33:56.380298Z"}
api-1       | INFO:     172.18.0.1:35634 - "GET /api/v1/runs/4f7e63e3-144c-486a-8ded-92c07c91d513 HTTP/1.1" 200 OK
api-1       | {"api_key_prefix": "evk_5ec841b483bb", "duration_ms": 340.936, "event": "http_request_completed", "level": "info", "method": "GET", "outcome": "success", "path": "/api/v1/runs/4f7e63e3-144c-486a-8ded-92c07c91d513", "request_id": "232f6f1c-a5cd-4787-a188-dca98fb50a7e", "status_code": 200, "tenant_id": "fdd68433-c86c-470c-8b57-cec8ffc3d389", "timestamp": "2026-08-07T12:33:56.428559Z", "trace_id": "9c5efe728cc422a73c78513bf1c7c583"}
api-1       | {"event": "Context impl PostgresqlImpl.", "level": "info", "request_id": "d9277808-c5ec-46a7-b032-57f8791b24d1", "timestamp": "2026-08-07T12:33:56.560066Z", "trace_id": "c35b08d24cc7d91b3a8315041f430773"}
api-1       | {"event": "Will assume transactional DDL.", "level": "info", "request_id": "d9277808-c5ec-46a7-b032-57f8791b24d1", "timestamp": "2026-08-07T12:33:56.560190Z", "trace_id": "c35b08d24cc7d91b3a8315041f430773"}
api-1       | INFO:     127.0.0.1:56832 - "GET /health/ready HTTP/1.1" 200 OK
api-1       | {"duration_ms": 21.355, "event": "http_request_completed", "level": "info", "method": "GET", "outcome": "success", "path": "/health/ready", "request_id": "d9277808-c5ec-46a7-b032-57f8791b24d1", "status_code": 200, "timestamp": "2026-08-07T12:33:56.566608Z", "trace_id": "c35b08d24cc7d91b3a8315041f430773"}
api-1       | {"claimed": 37, "event": "outbox_dispatch_batch_completed", "lease_lost": 0, "level": "info", "published": 37, "retry_scheduled": 0, "role": "outbox_dispatcher", "timestamp": "2026-08-07T12:33:57.080662Z"}
api-1       | INFO:     172.18.0.1:35634 - "GET /api/v1/runs/4f7e63e3-144c-486a-8ded-92c07c91d513 HTTP/1.1" 200 OK
api-1       | {"api_key_prefix": "evk_5ec841b483bb", "duration_ms": 204.381, "event": "http_request_completed", "level": "info", "method": "GET", "outcome": "success", "path": "/api/v1/runs/4f7e63e3-144c-486a-8ded-92c07c91d513", "request_id": "46e0fa41-40ec-43b0-b849-3da0c0c8e437", "status_code": 200, "tenant_id": "fdd68433-c86c-470c-8b57-cec8ffc3d389", "timestamp": "2026-08-07T12:33:57.139150Z", "trace_id": "b85dcb7268ca7e46b359b745e7344b2f"}
api-1       | {"claimed": 30, "event": "outbox_dispatch_batch_completed", "lease_lost": 0, "level": "info", "published": 30, "retry_scheduled": 0, "role": "outbox_dispatcher", "timestamp": "2026-08-07T12:33:57.780504Z"}
api-1       | INFO:     172.18.0.1:35634 - "GET /api/v1/runs/4f7e63e3-144c-486a-8ded-92c07c91d513 HTTP/1.1" 200 OK
api-1       | {"api_key_prefix": "evk_5ec841b483bb", "duration_ms": 169.585, "event": "http_request_completed", "level": "info", "method": "GET", "outcome": "success", "path": "/api/v1/runs/4f7e63e3-144c-486a-8ded-92c07c91d513", "request_id": "817f97c0-d96e-4400-9853-41330b0ec9ff", "status_code": 200, "tenant_id": "fdd68433-c86c-470c-8b57-cec8ffc3d389", "timestamp": "2026-08-07T12:33:57.814289Z", "trace_id": "b3b0661a167ee54bf445ec0e8fceae70"}
api-1       | {"claimed": 31, "event": "outbox_dispatch_batch_completed", "lease_lost": 0, "level": "info", "published": 31, "retry_scheduled": 0, "role": "outbox_dispatcher", "timestamp": "2026-08-07T12:33:58.474457Z"}
api-1       | INFO:     172.18.0.1:35634 - "GET /api/v1/runs/4f7e63e3-144c-486a-8ded-92c07c91d513 HTTP/1.1" 200 OK
api-1       | {"api_key_prefix": "evk_5ec841b483bb", "duration_ms": 201.92, "event": "http_request_completed", "level": "info", "method": "GET", "outcome": "success", "path": "/api/v1/runs/4f7e63e3-144c-486a-8ded-92c07c91d513", "request_id": "47ebf55e-b322-42d4-aa05-d6e27b30602b", "status_code": 200, "tenant_id": "fdd68433-c86c-470c-8b57-cec8ffc3d389", "timestamp": "2026-08-07T12:33:58.528756Z", "trace_id": "5b77b879233cdf556893eac44c54444f"}
api-1       | {"claimed": 31, "event": "outbox_dispatch_batch_completed", "lease_lost": 0, "level": "info", "published": 31, "retry_scheduled": 0, "role": "outbox_dispatcher", "timestamp": "2026-08-07T12:33:59.196881Z"}
api-1       | INFO:     172.18.0.1:35634 - "GET /api/v1/runs/4f7e63e3-144c-486a-8ded-92c07c91d513 HTTP/1.1" 200 OK
api-1       | {"api_key_prefix": "evk_5ec841b483bb", "duration_ms": 154.0, "event": "http_request_completed", "level": "info", "method": "GET", "outcome": "success", "path": "/api/v1/runs/4f7e63e3-144c-486a-8ded-92c07c91d513", "request_id": "0636d9c6-4488-49ce-b0d6-90a6c436bc9d", "status_code": 200, "tenant_id": "fdd68433-c86c-470c-8b57-cec8ffc3d389", "timestamp": "2026-08-07T12:33:59.245509Z", "trace_id": "4efc6eb429a967b7b9f28e3567f2ef1f"}
api-1       | {"claimed": 34, "event": "outbox_dispatch_batch_completed", "lease_lost": 0, "level": "info", "published": 34, "retry_scheduled": 0, "role": "outbox_dispatcher", "timestamp": "2026-08-07T12:33:59.882653Z"}
api-1       | INFO:     172.18.0.1:35634 - "GET /api/v1/runs/4f7e63e3-144c-486a-8ded-92c07c91d513 HTTP/1.1" 200 OK
api-1       | {"api_key_prefix": "evk_5ec841b483bb", "duration_ms": 186.705, "event": "http_request_completed", "level": "info", "method": "GET", "outcome": "success", "path": "/api/v1/runs/4f7e63e3-144c-486a-8ded-92c07c91d513", "request_id": "bc23b0b9-5236-44c7-a78a-020feaf3f1a1", "status_code": 200, "tenant_id": "fdd68433-c86c-470c-8b57-cec8ffc3d389", "timestamp": "2026-08-07T12:33:59.938145Z", "trace_id": "cedbf1f8f6e67bc1bef323c0eed51c30"}
api-1       | {"claimed": 32, "event": "outbox_dispatch_batch_completed", "lease_lost": 0, "level": "info", "published": 32, "retry_scheduled": 0, "role": "outbox_dispatcher", "timestamp": "2026-08-07T12:34:00.570570Z"}
api-1       | INFO:     172.18.0.1:35634 - "GET /api/v1/runs/4f7e63e3-144c-486a-8ded-92c07c91d513 HTTP/1.1" 200 OK
api-1       | {"api_key_prefix": "evk_5ec841b483bb", "duration_ms": 176.728, "event": "http_request_completed", "level": "info", "method": "GET", "outcome": "success", "path": "/api/v1/runs/4f7e63e3-144c-486a-8ded-92c07c91d513", "request_id": "47bb38bc-abfa-4bb0-bedd-c2db1b5ebe4c", "status_code": 200, "tenant_id": "fdd68433-c86c-470c-8b57-cec8ffc3d389", "timestamp": "2026-08-07T12:34:00.629123Z", "trace_id": "f638be4677ce1d18df2abb3d3f5cea32"}
api-1       | {"claimed": 30, "event": "outbox_dispatch_batch_completed", "lease_lost": 0, "level": "info", "published": 30, "retry_scheduled": 0, "role": "outbox_dispatcher", "timestamp": "2026-08-07T12:34:01.208291Z"}
api-1       | INFO:     172.18.0.1:35634 - "GET /api/v1/runs/4f7e63e3-144c-486a-8ded-92c07c91d513 HTTP/1.1" 200 OK
api-1       | {"api_key_prefix": "evk_5ec841b483bb", "duration_ms": 118.647, "event": "http_request_completed", "level": "info", "method": "GET", "outcome": "success", "path": "/api/v1/runs/4f7e63e3-144c-486a-8ded-92c07c91d513", "request_id": "ebecfb8f-217a-4bf8-9873-ae78320ac9c2", "status_code": 200, "tenant_id": "fdd68433-c86c-470c-8b57-cec8ffc3d389", "timestamp": "2026-08-07T12:34:01.277004Z", "trace_id": "4e1d47201d7b001b029726aec22e3519"}
api-1       | {"claimed": 28, "event": "outbox_dispatch_batch_completed", "lease_lost": 0, "level": "info", "published": 28, "retry_scheduled": 0, "role": "outbox_dispatcher", "timestamp": "2026-08-07T12:34:01.982059Z"}
api-1       | INFO:     172.18.0.1:35634 - "GET /api/v1/runs/4f7e63e3-144c-486a-8ded-92c07c91d513 HTTP/1.1" 200 OK
api-1       | {"api_key_prefix": "evk_5ec841b483bb", "duration_ms": 238.536, "event": "http_request_completed", "level": "info", "method": "GET", "outcome": "success", "path": "/api/v1/runs/4f7e63e3-144c-486a-8ded-92c07c91d513", "request_id": "0e239db2-13a8-4aa0-b186-93836637aeea", "status_code": 200, "tenant_id": "fdd68433-c86c-470c-8b57-cec8ffc3d389", "timestamp": "2026-08-07T12:34:02.081912Z", "trace_id": "e4da90a8ab570e6aefc1f2fdb09d5090"}
api-1       | {"event": "Context impl PostgresqlImpl.", "level": "info", "request_id": "6da54168-aa9b-48b4-8960-991d399f61f2", "timestamp": "2026-08-07T12:34:02.129418Z", "trace_id": "d7e4dbabf57ed3b19354a610ad30097d"}
api-1       | {"event": "Will assume transactional DDL.", "level": "info", "request_id": "6da54168-aa9b-48b4-8960-991d399f61f2", "timestamp": "2026-08-07T12:34:02.129546Z", "trace_id": "d7e4dbabf57ed3b19354a610ad30097d"}
api-1       | INFO:     127.0.0.1:57348 - "GET /health/ready HTTP/1.1" 200 OK
api-1       | {"duration_ms": 73.887, "event": "http_request_completed", "level": "info", "method": "GET", "outcome": "success", "path": "/health/ready", "request_id": "6da54168-aa9b-48b4-8960-991d399f61f2", "status_code": 200, "timestamp": "2026-08-07T12:34:02.136478Z", "trace_id": "d7e4dbabf57ed3b19354a610ad30097d"}
api-1       | {"claimed": 37, "event": "outbox_dispatch_batch_completed", "lease_lost": 0, "level": "info", "published": 37, "retry_scheduled": 0, "role": "outbox_dispatcher", "timestamp": "2026-08-07T12:34:02.684414Z"}
api-1       | INFO:     172.18.0.1:35634 - "GET /api/v1/runs/4f7e63e3-144c-486a-8ded-92c07c91d513 HTTP/1.1" 200 OK
api-1       | {"api_key_prefix": "evk_5ec841b483bb", "duration_ms": 114.486, "event": "http_request_completed", "level": "info", "method": "GET", "outcome": "success", "path": "/api/v1/runs/4f7e63e3-144c-486a-8ded-92c07c91d513", "request_id": "e517a62b-6405-45c0-82fd-7dcfae3e9f44", "status_code": 200, "tenant_id": "fdd68433-c86c-470c-8b57-cec8ffc3d389", "timestamp": "2026-08-07T12:34:02.703614Z", "trace_id": "98fa92909419ba52b00dffbe3095139c"}
api-1       | {"claimed": 33, "event": "outbox_dispatch_batch_completed", "lease_lost": 0, "level": "info", "published": 33, "retry_scheduled": 0, "role": "outbox_dispatcher", "timestamp": "2026-08-07T12:34:03.382353Z"}
api-1       | INFO:     172.18.0.1:35634 - "GET /api/v1/runs/4f7e63e3-144c-486a-8ded-92c07c91d513 HTTP/1.1" 200 OK
api-1       | {"api_key_prefix": "evk_5ec841b483bb", "duration_ms": 229.537, "event": "http_request_completed", "level": "info", "method": "GET", "outcome": "success", "path": "/api/v1/runs/4f7e63e3-144c-486a-8ded-92c07c91d513", "request_id": "6d3513e2-6f95-4af3-9cc4-c81f6b3e1606", "status_code": 200, "tenant_id": "fdd68433-c86c-470c-8b57-cec8ffc3d389", "timestamp": "2026-08-07T12:34:03.449635Z", "trace_id": "b4fd6bb154edba911b872bee62c4015a"}
api-1       | {"claimed": 32, "event": "outbox_dispatch_batch_completed", "lease_lost": 0, "level": "info", "published": 32, "retry_scheduled": 0, "role": "outbox_dispatcher", "timestamp": "2026-08-07T12:34:04.073866Z"}
api-1       | INFO:     172.18.0.1:35634 - "GET /api/v1/runs/4f7e63e3-144c-486a-8ded-92c07c91d513 HTTP/1.1" 200 OK
api-1       | {"api_key_prefix": "evk_5ec841b483bb", "duration_ms": 158.745, "event": "http_request_completed", "level": "info", "method": "GET", "outcome": "success", "path": "/api/v1/runs/4f7e63e3-144c-486a-8ded-92c07c91d513", "request_id": "5d5f821c-de8b-4e5c-a94c-f291ec66ff13", "status_code": 200, "tenant_id": "fdd68433-c86c-470c-8b57-cec8ffc3d389", "timestamp": "2026-08-07T12:34:04.129260Z", "trace_id": "199e82531ce927348c6fc0723de3fdc8"}
api-1       | {"claimed": 20, "event": "outbox_dispatch_batch_completed", "lease_lost": 0, "level": "info", "published": 20, "retry_scheduled": 0, "role": "outbox_dispatcher", "timestamp": "2026-08-07T12:34:04.685695Z"}
api-1       | INFO:     172.18.0.1:35634 - "GET /api/v1/runs/4f7e63e3-144c-486a-8ded-92c07c91d513 HTTP/1.1" 200 OK
api-1       | {"api_key_prefix": "evk_5ec841b483bb", "duration_ms": 81.038, "event": "http_request_completed", "level": "info", "method": "GET", "outcome": "success", "path": "/api/v1/runs/4f7e63e3-144c-486a-8ded-92c07c91d513", "request_id": "0b388c20-f13a-4288-b863-8cda8e37bb4f", "status_code": 200, "tenant_id": "fdd68433-c86c-470c-8b57-cec8ffc3d389", "timestamp": "2026-08-07T12:34:04.727770Z", "trace_id": "9de2824b26e251b6e5680721544e6ed3"}
api-1       | INFO:     172.18.0.1:35634 - "GET /api/v1/runs/4f7e63e3-144c-486a-8ded-92c07c91d513/cases?limit=200&sort=case_id HTTP/1.1" 200 OK
api-1       | {"api_key_prefix": "evk_5ec841b483bb", "duration_ms": 67.398, "event": "http_request_completed", "level": "info", "method": "GET", "outcome": "success", "path": "/api/v1/runs/4f7e63e3-144c-486a-8ded-92c07c91d513/cases", "request_id": "221de47e-6d61-49e3-8f2d-50115c25fae0", "status_code": 200, "tenant_id": "fdd68433-c86c-470c-8b57-cec8ffc3d389", "timestamp": "2026-08-07T12:34:04.797187Z", "trace_id": "9858bcb1bd48f9aa89117ff2c5dd98a0"}
api-1       | INFO:     172.18.0.1:35634 - "GET /api/v1/runs/4f7e63e3-144c-486a-8ded-92c07c91d513/cases?limit=200&sort=case_id&cursor=eyJkaXJlY3Rpb24iOiJhc2MiLCJlcnJvcl9jb2RlIjpudWxsLCJqb2JfaWQiOiJhYjQ3NzQzYy01ODFmLTQwY2ItYjVhZi1mMWEyM2U3MWU0MjUiLCJtZXRyaWMiOm51bGwsInNvcnQiOiJjYXNlX2lkIiwic3RhdHVzIjpudWxsLCJ2IjoxLCJ2YWx1ZSI6ImxvYWQtMDE5OSJ9 HTTP/1.1" 200 OK
api-1       | {"api_key_prefix": "evk_5ec841b483bb", "duration_ms": 68.237, "event": "http_request_completed", "level": "info", "method": "GET", "outcome": "success", "path": "/api/v1/runs/4f7e63e3-144c-486a-8ded-92c07c91d513/cases", "request_id": "f262aaf2-a307-4ace-b2ed-9bfc9914d629", "status_code": 200, "tenant_id": "fdd68433-c86c-470c-8b57-cec8ffc3d389", "timestamp": "2026-08-07T12:34:04.867912Z", "trace_id": "95af8831e88b387a334aed2b435fed1b"}
api-1       | INFO:     172.18.0.1:35634 - "GET /api/v1/runs/4f7e63e3-144c-486a-8ded-92c07c91d513/cases?limit=200&sort=case_id&cursor=eyJkaXJlY3Rpb24iOiJhc2MiLCJlcnJvcl9jb2RlIjpudWxsLCJqb2JfaWQiOiJlOWYzNDI2Ni00MWI3LTQ1ZWUtYWQ4OC1kODNkOGQ5MzZjODEiLCJtZXRyaWMiOm51bGwsInNvcnQiOiJjYXNlX2lkIiwic3RhdHVzIjpudWxsLCJ2IjoxLCJ2YWx1ZSI6ImxvYWQtMDM5OSJ9 HTTP/1.1" 200 OK
api-1       | {"api_key_prefix": "evk_5ec841b483bb", "duration_ms": 59.191, "event": "http_request_completed", "level": "info", "method": "GET", "outcome": "success", "path": "/api/v1/runs/4f7e63e3-144c-486a-8ded-92c07c91d513/cases", "request_id": "0dc9896c-22d4-4d97-bb3a-9103332c8c15", "status_code": 200, "tenant_id": "fdd68433-c86c-470c-8b57-cec8ffc3d389", "timestamp": "2026-08-07T12:34:04.929850Z", "trace_id": "b7cde24d7bcaba059ea51282178265d6"}
api-1       | INFO:     127.0.0.1:57364 - "GET /metrics HTTP/1.1" 200 OK
api-1       | {"duration_ms": 19.342, "event": "http_request_completed", "level": "info", "method": "GET", "outcome": "success", "path": "/metrics", "request_id": "b16f8c02-1635-4d78-86e9-0153b5d2a1d1", "status_code": 200, "timestamp": "2026-08-07T12:34:05.302388Z", "trace_id": "f5e5fd77c9926b50b48606f8a632725a"}
api-1       | {"event": "Context impl PostgresqlImpl.", "level": "info", "request_id": "e13f2657-6cb2-4d0d-9e22-d106722b291e", "timestamp": "2026-08-07T12:34:07.428038Z", "trace_id": "da66aef1ede675ae1b989cdebab42627"}
api-1       | {"event": "Will assume transactional DDL.", "level": "info", "request_id": "e13f2657-6cb2-4d0d-9e22-d106722b291e", "timestamp": "2026-08-07T12:34:07.428196Z", "trace_id": "da66aef1ede675ae1b989cdebab42627"}
api-1       | INFO:     127.0.0.1:57374 - "GET /health/ready HTTP/1.1" 200 OK
api-1       | {"duration_ms": 22.906, "event": "http_request_completed", "level": "info", "method": "GET", "outcome": "success", "path": "/health/ready", "request_id": "e13f2657-6cb2-4d0d-9e22-d106722b291e", "status_code": 200, "timestamp": "2026-08-07T12:34:07.435443Z", "trace_id": "da66aef1ede675ae1b989cdebab42627"}
api-1       | INFO:     172.18.0.1:35634 - "POST /api/v1/runs HTTP/1.1" 202 Accepted
api-1       | {"api_key_prefix": "evk_5ec841b483bb", "duration_ms": 124.334, "event": "http_request_completed", "level": "info", "method": "POST", "outcome": "success", "path": "/api/v1/runs", "request_id": "39705d6f-f59f-4ace-b5cd-e78272b79f89", "status_code": 202, "tenant_id": "fdd68433-c86c-470c-8b57-cec8ffc3d389", "timestamp": "2026-08-07T12:34:08.943638Z", "trace_id": "2c92db63bcd75f0086e323372bdafa3a"}
api-1       | INFO:     172.18.0.1:35634 - "GET /api/v1/runs/edca1f35-285a-4c58-9d94-abd4fd149db1 HTTP/1.1" 200 OK
api-1       | {"api_key_prefix": "evk_5ec841b483bb", "duration_ms": 78.032, "event": "http_request_completed", "level": "info", "method": "GET", "outcome": "success", "path": "/api/v1/runs/edca1f35-285a-4c58-9d94-abd4fd149db1", "request_id": "b667cae4-847e-4d7b-b2d4-8e3efd410ec5", "status_code": 200, "tenant_id": "fdd68433-c86c-470c-8b57-cec8ffc3d389", "timestamp": "2026-08-07T12:34:09.024231Z", "trace_id": "45a052c1b1a8970123b64aa042014e16"}
api-1       | INFO:     172.18.0.1:35634 - "GET /api/v1/runs/edca1f35-285a-4c58-9d94-abd4fd149db1 HTTP/1.1" 200 OK
api-1       | {"api_key_prefix": "evk_5ec841b483bb", "duration_ms": 128.08, "event": "http_request_completed", "level": "info", "method": "GET", "outcome": "success", "path": "/api/v1/runs/edca1f35-285a-4c58-9d94-abd4fd149db1", "request_id": "589f732c-9e2d-46df-99e3-2c672132e467", "status_code": 200, "tenant_id": "fdd68433-c86c-470c-8b57-cec8ffc3d389", "timestamp": "2026-08-07T12:34:09.657244Z", "trace_id": "9c77c83a85df985342f7630dbb2afb00"}
api-1       | {"claimed": 14, "event": "outbox_dispatch_batch_completed", "lease_lost": 0, "level": "info", "published": 14, "retry_scheduled": 0, "role": "outbox_dispatcher", "timestamp": "2026-08-07T12:34:09.979944Z"}
api-1       | INFO:     172.18.0.1:35634 - "GET /api/v1/runs/edca1f35-285a-4c58-9d94-abd4fd149db1 HTTP/1.1" 200 OK
api-1       | {"api_key_prefix": "evk_5ec841b483bb", "duration_ms": 90.103, "event": "http_request_completed", "level": "info", "method": "GET", "outcome": "success", "path": "/api/v1/runs/edca1f35-285a-4c58-9d94-abd4fd149db1", "request_id": "c045ab9e-67df-413c-946c-651b365968d2", "status_code": 200, "tenant_id": "fdd68433-c86c-470c-8b57-cec8ffc3d389", "timestamp": "2026-08-07T12:34:10.252360Z", "trace_id": "4171a5e9e1e5e045bd3ce201659eaf29"}
api-1       | {"claimed": 42, "event": "outbox_dispatch_batch_completed", "lease_lost": 0, "level": "info", "published": 42, "retry_scheduled": 0, "role": "outbox_dispatcher", "timestamp": "2026-08-07T12:34:10.776551Z"}
api-1       | INFO:     172.18.0.1:35634 - "GET /api/v1/runs/edca1f35-285a-4c58-9d94-abd4fd149db1 HTTP/1.1" 200 OK
api-1       | {"api_key_prefix": "evk_5ec841b483bb", "duration_ms": 94.863, "event": "http_request_completed", "level": "info", "method": "GET", "outcome": "success", "path": "/api/v1/runs/edca1f35-285a-4c58-9d94-abd4fd149db1", "request_id": "b11b1379-480d-4d39-aa1a-49e4281fb6f3", "status_code": 200, "tenant_id": "fdd68433-c86c-470c-8b57-cec8ffc3d389", "timestamp": "2026-08-07T12:34:10.850110Z", "trace_id": "ea547acb168c6352005b20bf79ef6c49"}
api-1       | {"claimed": 46, "event": "outbox_dispatch_batch_completed", "lease_lost": 0, "level": "info", "published": 46, "retry_scheduled": 0, "role": "outbox_dispatcher", "timestamp": "2026-08-07T12:34:11.477060Z"}
api-1       | INFO:     172.18.0.1:35634 - "GET /api/v1/runs/edca1f35-285a-4c58-9d94-abd4fd149db1 HTTP/1.1" 200 OK
api-1       | {"api_key_prefix": "evk_5ec841b483bb", "duration_ms": 155.787, "event": "http_request_completed", "level": "info", "method": "GET", "outcome": "success", "path": "/api/v1/runs/edca1f35-285a-4c58-9d94-abd4fd149db1", "request_id": "a48e6f63-a852-4f2c-9b03-d2bd550437e6", "status_code": 200, "tenant_id": "fdd68433-c86c-470c-8b57-cec8ffc3d389", "timestamp": "2026-08-07T12:34:11.528014Z", "trace_id": "91c118caa79e01937a2112e2713664d2"}
api-1       | INFO:     172.18.0.1:35634 - "GET /api/v1/runs/edca1f35-285a-4c58-9d94-abd4fd149db1/cases?limit=200&sort=case_id HTTP/1.1" 200 OK
api-1       | {"api_key_prefix": "evk_5ec841b483bb", "duration_ms": 60.804, "event": "http_request_completed", "level": "info", "method": "GET", "outcome": "success", "path": "/api/v1/runs/edca1f35-285a-4c58-9d94-abd4fd149db1/cases", "request_id": "354d783e-86c2-452a-b9d2-c77f42745371", "status_code": 200, "tenant_id": "fdd68433-c86c-470c-8b57-cec8ffc3d389", "timestamp": "2026-08-07T12:34:11.590467Z", "trace_id": "9388d322a11c009524dff60be9e22698"}
api-1       | INFO:     127.0.0.1:34428 - "GET /metrics HTTP/1.1" 200 OK
api-1       | {"duration_ms": 21.873, "event": "http_request_completed", "level": "info", "method": "GET", "outcome": "success", "path": "/metrics", "request_id": "8985d5e4-c735-40b8-bde5-d1d64cf32279", "status_code": 200, "timestamp": "2026-08-07T12:34:11.993366Z", "trace_id": "a2d7aabbdd8843c65b6438830bc9e657"}
api-1       | {"event": "Context impl PostgresqlImpl.", "level": "info", "request_id": "40bd0dea-bcb4-4576-91ec-2f36ae1e2d6a", "timestamp": "2026-08-07T12:34:12.750076Z", "trace_id": "964aee9b1be13a86626ba475bd490b83"}
api-1       | {"event": "Will assume transactional DDL.", "level": "info", "request_id": "40bd0dea-bcb4-4576-91ec-2f36ae1e2d6a", "timestamp": "2026-08-07T12:34:12.750231Z", "trace_id": "964aee9b1be13a86626ba475bd490b83"}
api-1       | INFO:     127.0.0.1:34436 - "GET /health/ready HTTP/1.1" 200 OK
api-1       | {"duration_ms": 22.982, "event": "http_request_completed", "level": "info", "method": "GET", "outcome": "success", "path": "/health/ready", "request_id": "40bd0dea-bcb4-4576-91ec-2f36ae1e2d6a", "status_code": 200, "timestamp": "2026-08-07T12:34:12.757646Z", "trace_id": "964aee9b1be13a86626ba475bd490b83"}
api-1       | INFO:     172.18.0.1:35634 - "POST /api/v1/runs HTTP/1.1" 202 Accepted
api-1       | {"api_key_prefix": "evk_5ec841b483bb", "duration_ms": 449.223, "event": "http_request_completed", "level": "info", "method": "POST", "outcome": "success", "path": "/api/v1/runs", "request_id": "df9ea913-6e6e-4982-a30c-4debe1fc9641", "status_code": 202, "tenant_id": "fdd68433-c86c-470c-8b57-cec8ffc3d389", "timestamp": "2026-08-07T12:34:13.929662Z", "trace_id": "e6a2b4195f7a7d43b1da0d3c235d1518"}
api-1       | INFO:     172.18.0.1:35634 - "GET /api/v1/runs/a40d9198-ab8b-4324-b7b0-e2847d352024 HTTP/1.1" 200 OK
api-1       | {"api_key_prefix": "evk_5ec841b483bb", "duration_ms": 76.28, "event": "http_request_completed", "level": "info", "method": "GET", "outcome": "success", "path": "/api/v1/runs/a40d9198-ab8b-4324-b7b0-e2847d352024", "request_id": "d8b80820-b617-4d46-898c-4012a473601b", "status_code": 200, "tenant_id": "fdd68433-c86c-470c-8b57-cec8ffc3d389", "timestamp": "2026-08-07T12:34:14.007932Z", "trace_id": "29089c81e29a67711a3c7a25605d4a02"}
api-1       | {"claimed": 5, "event": "outbox_dispatch_batch_completed", "lease_lost": 0, "level": "info", "published": 5, "retry_scheduled": 0, "role": "outbox_dispatcher", "timestamp": "2026-08-07T12:34:14.030793Z"}
api-1       | {"claimed": 50, "event": "outbox_dispatch_batch_completed", "lease_lost": 0, "level": "info", "published": 50, "retry_scheduled": 0, "role": "outbox_dispatcher", "timestamp": "2026-08-07T12:34:14.889814Z"}
api-1       | INFO:     172.18.0.1:35634 - "GET /api/v1/runs/a40d9198-ab8b-4324-b7b0-e2847d352024 HTTP/1.1" 200 OK
api-1       | {"api_key_prefix": "evk_5ec841b483bb", "duration_ms": 387.078, "event": "http_request_completed", "level": "info", "method": "GET", "outcome": "success", "path": "/api/v1/runs/a40d9198-ab8b-4324-b7b0-e2847d352024", "request_id": "a03302a1-2592-43c7-9340-ac147b8cd725", "status_code": 200, "tenant_id": "fdd68433-c86c-470c-8b57-cec8ffc3d389", "timestamp": "2026-08-07T12:34:14.897895Z", "trace_id": "222649905344d2b825f195eeb1a979a4"}
api-1       | {"claimed": 50, "event": "outbox_dispatch_batch_completed", "lease_lost": 0, "level": "info", "published": 50, "retry_scheduled": 0, "role": "outbox_dispatcher", "timestamp": "2026-08-07T12:34:15.719750Z"}
api-1       | INFO:     172.18.0.1:35634 - "GET /api/v1/runs/a40d9198-ab8b-4324-b7b0-e2847d352024 HTTP/1.1" 200 OK
api-1       | {"api_key_prefix": "evk_5ec841b483bb", "duration_ms": 377.495, "event": "http_request_completed", "level": "info", "method": "GET", "outcome": "success", "path": "/api/v1/runs/a40d9198-ab8b-4324-b7b0-e2847d352024", "request_id": "6653d667-8d8b-433d-9528-02de85c41221", "status_code": 200, "tenant_id": "fdd68433-c86c-470c-8b57-cec8ffc3d389", "timestamp": "2026-08-07T12:34:15.778873Z", "trace_id": "80ff84177b600e61e275807a74c65af9"}
api-1       | {"claimed": 50, "event": "outbox_dispatch_batch_completed", "lease_lost": 0, "level": "info", "published": 50, "retry_scheduled": 0, "role": "outbox_dispatcher", "timestamp": "2026-08-07T12:34:16.512403Z"}
api-1       | INFO:     172.18.0.1:35634 - "GET /api/v1/runs/a40d9198-ab8b-4324-b7b0-e2847d352024 HTTP/1.1" 200 OK
api-1       | {"api_key_prefix": "evk_5ec841b483bb", "duration_ms": 271.122, "event": "http_request_completed", "level": "info", "method": "GET", "outcome": "success", "path": "/api/v1/runs/a40d9198-ab8b-4324-b7b0-e2847d352024", "request_id": "c1e6c7d9-2dc5-4352-aa5a-9e7a72a62944", "status_code": 200, "tenant_id": "fdd68433-c86c-470c-8b57-cec8ffc3d389", "timestamp": "2026-08-07T12:34:16.588699Z", "trace_id": "f53ef3ec6b0d3b24ae80b3652c634b37"}
api-1       | {"claimed": 50, "event": "outbox_dispatch_batch_completed", "lease_lost": 0, "level": "info", "published": 50, "retry_scheduled": 0, "role": "outbox_dispatcher", "timestamp": "2026-08-07T12:34:17.291674Z"}
api-1       | INFO:     172.18.0.1:35634 - "GET /api/v1/runs/a40d9198-ab8b-4324-b7b0-e2847d352024 HTTP/1.1" 200 OK
api-1       | {"api_key_prefix": "evk_5ec841b483bb", "duration_ms": 280.546, "event": "http_request_completed", "level": "info", "method": "GET", "outcome": "success", "path": "/api/v1/runs/a40d9198-ab8b-4324-b7b0-e2847d352024", "request_id": "e41f656f-1392-4af8-a9d4-ddf5e61dbdea", "status_code": 200, "tenant_id": "fdd68433-c86c-470c-8b57-cec8ffc3d389", "timestamp": "2026-08-07T12:34:17.377052Z", "trace_id": "0773529035923bf917676bb372b3de76"}
api-1       | {"claimed": 50, "event": "outbox_dispatch_batch_completed", "lease_lost": 0, "level": "info", "published": 50, "retry_scheduled": 0, "role": "outbox_dispatcher", "timestamp": "2026-08-07T12:34:18.445642Z"}
api-1       | {"event": "Context impl PostgresqlImpl.", "level": "info", "request_id": "a59800c9-fb2b-4dce-a4ec-ae6b6f97a5de", "timestamp": "2026-08-07T12:34:18.557590Z", "trace_id": "d201e0d2520ea86969633ded88ad5890"}
api-1       | {"event": "Will assume transactional DDL.", "level": "info", "request_id": "a59800c9-fb2b-4dce-a4ec-ae6b6f97a5de", "timestamp": "2026-08-07T12:34:18.557899Z", "trace_id": "d201e0d2520ea86969633ded88ad5890"}
api-1       | INFO:     127.0.0.1:34496 - "GET /health/ready HTTP/1.1" 200 OK
api-1       | {"duration_ms": 69.791, "event": "http_request_completed", "level": "info", "method": "GET", "outcome": "success", "path": "/health/ready", "request_id": "a59800c9-fb2b-4dce-a4ec-ae6b6f97a5de", "status_code": 200, "timestamp": "2026-08-07T12:34:18.576003Z", "trace_id": "d201e0d2520ea86969633ded88ad5890"}
api-1       | INFO:     172.18.0.1:35634 - "GET /api/v1/runs/a40d9198-ab8b-4324-b7b0-e2847d352024 HTTP/1.1" 200 OK
api-1       | {"api_key_prefix": "evk_5ec841b483bb", "duration_ms": 447.16, "event": "http_request_completed", "level": "info", "method": "GET", "outcome": "success", "path": "/api/v1/runs/a40d9198-ab8b-4324-b7b0-e2847d352024", "request_id": "c8e33054-74bf-4f7a-ad5b-a37662c8424a", "status_code": 200, "tenant_id": "fdd68433-c86c-470c-8b57-cec8ffc3d389", "timestamp": "2026-08-07T12:34:18.586866Z", "trace_id": "6b56e66e92900a6db5ca1df4a96b48b4"}
api-1       | {"claimed": 50, "event": "outbox_dispatch_batch_completed", "lease_lost": 0, "level": "info", "published": 50, "retry_scheduled": 0, "role": "outbox_dispatcher", "timestamp": "2026-08-07T12:34:19.327206Z"}
api-1       | INFO:     172.18.0.1:35634 - "GET /api/v1/runs/a40d9198-ab8b-4324-b7b0-e2847d352024 HTTP/1.1" 200 OK
api-1       | {"api_key_prefix": "evk_5ec841b483bb", "duration_ms": 337.63, "event": "http_request_completed", "level": "info", "method": "GET", "outcome": "success", "path": "/api/v1/runs/a40d9198-ab8b-4324-b7b0-e2847d352024", "request_id": "37097956-9fdf-4052-9dc8-d9e5a45bbd89", "status_code": 200, "tenant_id": "fdd68433-c86c-470c-8b57-cec8ffc3d389", "timestamp": "2026-08-07T12:34:19.430378Z", "trace_id": "26f977cfd6a791eece841438a9691b4e"}
api-1       | {"claimed": 50, "event": "outbox_dispatch_batch_completed", "lease_lost": 0, "level": "info", "published": 50, "retry_scheduled": 0, "role": "outbox_dispatcher", "timestamp": "2026-08-07T12:34:20.120470Z"}
api-1       | INFO:     172.18.0.1:35634 - "GET /api/v1/runs/a40d9198-ab8b-4324-b7b0-e2847d352024 HTTP/1.1" 200 OK
api-1       | {"api_key_prefix": "evk_5ec841b483bb", "duration_ms": 298.438, "event": "http_request_completed", "level": "info", "method": "GET", "outcome": "success", "path": "/api/v1/runs/a40d9198-ab8b-4324-b7b0-e2847d352024", "request_id": "a566bbdc-714e-4680-b56c-b2d29a1b8196", "status_code": 200, "tenant_id": "fdd68433-c86c-470c-8b57-cec8ffc3d389", "timestamp": "2026-08-07T12:34:20.247591Z", "trace_id": "48e8b43323ed942c4603b3db15f45204"}
api-1       | {"claimed": 50, "event": "outbox_dispatch_batch_completed", "lease_lost": 0, "level": "info", "published": 50, "retry_scheduled": 0, "role": "outbox_dispatcher", "timestamp": "2026-08-07T12:34:20.884165Z"}
api-1       | INFO:     172.18.0.1:35634 - "GET /api/v1/runs/a40d9198-ab8b-4324-b7b0-e2847d352024 HTTP/1.1" 200 OK
api-1       | {"api_key_prefix": "evk_5ec841b483bb", "duration_ms": 199.206, "event": "http_request_completed", "level": "info", "method": "GET", "outcome": "success", "path": "/api/v1/runs/a40d9198-ab8b-4324-b7b0-e2847d352024", "request_id": "470e9c29-3108-4dbc-84e1-4d5dd7f624a1", "status_code": 200, "tenant_id": "fdd68433-c86c-470c-8b57-cec8ffc3d389", "timestamp": "2026-08-07T12:34:20.963306Z", "trace_id": "dad72a6aa99293d2ed2bee38292ecc0b"}
api-1       | {"claimed": 50, "event": "outbox_dispatch_batch_completed", "lease_lost": 0, "level": "info", "published": 50, "retry_scheduled": 0, "role": "outbox_dispatcher", "timestamp": "2026-08-07T12:34:21.625531Z"}
api-1       | INFO:     172.18.0.1:35634 - "GET /api/v1/runs/a40d9198-ab8b-4324-b7b0-e2847d352024 HTTP/1.1" 200 OK
api-1       | {"api_key_prefix": "evk_5ec841b483bb", "duration_ms": 213.62, "event": "http_request_completed", "level": "info", "method": "GET", "outcome": "success", "path": "/api/v1/runs/a40d9198-ab8b-4324-b7b0-e2847d352024", "request_id": "90519064-82fc-45d2-93d2-9a92755056c0", "status_code": 200, "tenant_id": "fdd68433-c86c-470c-8b57-cec8ffc3d389", "timestamp": "2026-08-07T12:34:21.684734Z", "trace_id": "029a92959bb5dfbe8945d00524a288cb"}
api-1       | {"claimed": 50, "event": "outbox_dispatch_batch_completed", "lease_lost": 0, "level": "info", "published": 50, "retry_scheduled": 0, "role": "outbox_dispatcher", "timestamp": "2026-08-07T12:34:22.315599Z"}
api-1       | INFO:     172.18.0.1:35634 - "GET /api/v1/runs/a40d9198-ab8b-4324-b7b0-e2847d352024 HTTP/1.1" 200 OK
api-1       | {"api_key_prefix": "evk_5ec841b483bb", "duration_ms": 181.412, "event": "http_request_completed", "level": "info", "method": "GET", "outcome": "success", "path": "/api/v1/runs/a40d9198-ab8b-4324-b7b0-e2847d352024", "request_id": "4f23476a-9374-4b55-9d68-6506173d7f28", "status_code": 200, "tenant_id": "fdd68433-c86c-470c-8b57-cec8ffc3d389", "timestamp": "2026-08-07T12:34:22.371721Z", "trace_id": "adf99985280862dfea8ad2a798efe14e"}
api-1       | INFO:     172.18.0.1:35634 - "GET /api/v1/runs/a40d9198-ab8b-4324-b7b0-e2847d352024/cases?limit=200&sort=case_id HTTP/1.1" 200 OK
api-1       | {"api_key_prefix": "evk_5ec841b483bb", "duration_ms": 72.123, "event": "http_request_completed", "level": "info", "method": "GET", "outcome": "success", "path": "/api/v1/runs/a40d9198-ab8b-4324-b7b0-e2847d352024/cases", "request_id": "a8b62459-ca84-4f6c-a1c5-0083d84aae68", "status_code": 200, "tenant_id": "fdd68433-c86c-470c-8b57-cec8ffc3d389", "timestamp": "2026-08-07T12:34:22.445599Z", "trace_id": "f93e09724f68e1ef117fa4f2d36754e6"}
api-1       | INFO:     172.18.0.1:35634 - "GET /api/v1/runs/a40d9198-ab8b-4324-b7b0-e2847d352024/cases?limit=200&sort=case_id&cursor=eyJkaXJlY3Rpb24iOiJhc2MiLCJlcnJvcl9jb2RlIjpudWxsLCJqb2JfaWQiOiIzNzgwZDIyZS1jNjFhLTRlYmQtYWMxOS05NTRmNDhlN2Q1ZGEiLCJtZXRyaWMiOm51bGwsInNvcnQiOiJjYXNlX2lkIiwic3RhdHVzIjpudWxsLCJ2IjoxLCJ2YWx1ZSI6ImxvYWQtMDE5OSJ9 HTTP/1.1" 200 OK
api-1       | {"api_key_prefix": "evk_5ec841b483bb", "duration_ms": 66.228, "event": "http_request_completed", "level": "info", "method": "GET", "outcome": "success", "path": "/api/v1/runs/a40d9198-ab8b-4324-b7b0-e2847d352024/cases", "request_id": "79ec15a0-e039-4c94-824e-eaacc06fba74", "status_code": 200, "tenant_id": "fdd68433-c86c-470c-8b57-cec8ffc3d389", "timestamp": "2026-08-07T12:34:22.514664Z", "trace_id": "bbc949d049f2062e7d0609f48a12adec"}
api-1       | INFO:     172.18.0.1:35634 - "GET /api/v1/runs/a40d9198-ab8b-4324-b7b0-e2847d352024/cases?limit=200&sort=case_id&cursor=eyJkaXJlY3Rpb24iOiJhc2MiLCJlcnJvcl9jb2RlIjpudWxsLCJqb2JfaWQiOiI0ZTlmYzE2OC03YzcwLTRlMTMtOGEwNC1lNDA4OTY2N2YwNTUiLCJtZXRyaWMiOm51bGwsInNvcnQiOiJjYXNlX2lkIiwic3RhdHVzIjpudWxsLCJ2IjoxLCJ2YWx1ZSI6ImxvYWQtMDM5OSJ9 HTTP/1.1" 200 OK
api-1       | {"api_key_prefix": "evk_5ec841b483bb", "duration_ms": 61.498, "event": "http_request_completed", "level": "info", "method": "GET", "outcome": "success", "path": "/api/v1/runs/a40d9198-ab8b-4324-b7b0-e2847d352024/cases", "request_id": "87c33142-c839-4d1b-b047-64ba60b481e3", "status_code": 200, "tenant_id": "fdd68433-c86c-470c-8b57-cec8ffc3d389", "timestamp": "2026-08-07T12:34:22.578687Z", "trace_id": "f81efee586dc909c95534a170baf2d82"}
api-1       | {"claimed": 50, "event": "outbox_dispatch_batch_completed", "lease_lost": 0, "level": "info", "published": 50, "retry_scheduled": 0, "role": "outbox_dispatcher", "timestamp": "2026-08-07T12:34:23.200587Z"}
api-1       | INFO:     127.0.0.1:32794 - "GET /metrics HTTP/1.1" 200 OK
api-1       | {"duration_ms": 163.358, "event": "http_request_completed", "level": "info", "method": "GET", "outcome": "success", "path": "/metrics", "request_id": "a149f02c-aa9b-43ad-9cbc-8d530bf001db", "status_code": 200, "timestamp": "2026-08-07T12:34:23.220989Z", "trace_id": "9dd984ea616da22c18448e2b091d4ac3"}
api-1       | {"claimed": 50, "event": "outbox_dispatch_batch_completed", "lease_lost": 0, "level": "info", "published": 50, "retry_scheduled": 0, "role": "outbox_dispatcher", "timestamp": "2026-08-07T12:34:24.076407Z"}
api-1       | {"event": "Context impl PostgresqlImpl.", "level": "info", "request_id": "379b08da-16bb-4bf1-a93c-852f2e13e25b", "timestamp": "2026-08-07T12:34:24.180894Z", "trace_id": "c4e40121bb87db8f6759ce729a515c28"}
api-1       | {"event": "Will assume transactional DDL.", "level": "info", "request_id": "379b08da-16bb-4bf1-a93c-852f2e13e25b", "timestamp": "2026-08-07T12:34:24.181266Z", "trace_id": "c4e40121bb87db8f6759ce729a515c28"}
api-1       | INFO:     127.0.0.1:32804 - "GET /health/ready HTTP/1.1" 200 OK
api-1       | {"duration_ms": 31.717, "event": "http_request_completed", "level": "info", "method": "GET", "outcome": "success", "path": "/health/ready", "request_id": "379b08da-16bb-4bf1-a93c-852f2e13e25b", "status_code": 200, "timestamp": "2026-08-07T12:34:24.190786Z", "trace_id": "c4e40121bb87db8f6759ce729a515c28"}
api-1       | {"claimed": 50, "event": "outbox_dispatch_batch_completed", "lease_lost": 0, "level": "info", "published": 50, "retry_scheduled": 0, "role": "outbox_dispatcher", "timestamp": "2026-08-07T12:34:24.802202Z"}
api-1       | {"claimed": 50, "event": "outbox_dispatch_batch_completed", "lease_lost": 0, "level": "info", "published": 50, "retry_scheduled": 0, "role": "outbox_dispatcher", "timestamp": "2026-08-07T12:34:25.482471Z"}
api-1       | {"claimed": 50, "event": "outbox_dispatch_batch_completed", "lease_lost": 0, "level": "info", "published": 50, "retry_scheduled": 0, "role": "outbox_dispatcher", "timestamp": "2026-08-07T12:34:26.187656Z"}
api-1       | {"claimed": 50, "event": "outbox_dispatch_batch_completed", "lease_lost": 0, "level": "info", "published": 50, "retry_scheduled": 0, "role": "outbox_dispatcher", "timestamp": "2026-08-07T12:34:26.880001Z"}
api-1       | {"claimed": 50, "event": "outbox_dispatch_batch_completed", "lease_lost": 0, "level": "info", "published": 50, "retry_scheduled": 0, "role": "outbox_dispatcher", "timestamp": "2026-08-07T12:34:27.613947Z"}
api-1       | {"claimed": 50, "event": "outbox_dispatch_batch_completed", "lease_lost": 0, "level": "info", "published": 50, "retry_scheduled": 0, "role": "outbox_dispatcher", "timestamp": "2026-08-07T12:34:28.370576Z"}
api-1       | {"claimed": 50, "event": "outbox_dispatch_batch_completed", "lease_lost": 0, "level": "info", "published": 50, "retry_scheduled": 0, "role": "outbox_dispatcher", "timestamp": "2026-08-07T12:34:29.193642Z"}
api-1       | {"event": "Context impl PostgresqlImpl.", "level": "info", "request_id": "bc4ef090-15ff-4c7b-935d-472cc32f38f0", "timestamp": "2026-08-07T12:34:29.500314Z", "trace_id": "b7d6628bfeef012de5c79eabf2488e78"}
api-1       | {"event": "Will assume transactional DDL.", "level": "info", "request_id": "bc4ef090-15ff-4c7b-935d-472cc32f38f0", "timestamp": "2026-08-07T12:34:29.500557Z", "trace_id": "b7d6628bfeef012de5c79eabf2488e78"}
api-1       | INFO:     127.0.0.1:32828 - "GET /health/ready HTTP/1.1" 200 OK
api-1       | {"duration_ms": 38.577, "event": "http_request_completed", "level": "info", "method": "GET", "outcome": "success", "path": "/health/ready", "request_id": "bc4ef090-15ff-4c7b-935d-472cc32f38f0", "status_code": 200, "timestamp": "2026-08-07T12:34:29.511469Z", "trace_id": "b7d6628bfeef012de5c79eabf2488e78"}
api-1       | {"claimed": 47, "event": "outbox_dispatch_batch_completed", "lease_lost": 0, "level": "info", "published": 47, "retry_scheduled": 0, "role": "outbox_dispatcher", "timestamp": "2026-08-07T12:34:29.921057Z"}
api-1       | INFO:     172.18.0.1:51066 - "POST /api/v1/runs HTTP/1.1" 202 Accepted
api-1       | {"api_key_prefix": "evk_5ec841b483bb", "duration_ms": 84.839, "event": "http_request_completed", "level": "info", "method": "POST", "outcome": "success", "path": "/api/v1/runs", "request_id": "e1636c77-ab18-4bdf-8148-be447e95ab8c", "status_code": 202, "tenant_id": "fdd68433-c86c-470c-8b57-cec8ffc3d389", "timestamp": "2026-08-07T12:34:30.568055Z", "trace_id": "98fea0f50e74ce7fbed5579631786e3a"}
api-1       | INFO:     172.18.0.1:51066 - "GET /api/v1/runs/d966134e-f840-4f6e-a235-5b978b289b2c HTTP/1.1" 200 OK
api-1       | {"api_key_prefix": "evk_5ec841b483bb", "duration_ms": 48.188, "event": "http_request_completed", "level": "info", "method": "GET", "outcome": "success", "path": "/api/v1/runs/d966134e-f840-4f6e-a235-5b978b289b2c", "request_id": "2c703a22-1ece-455d-bf95-66cf29f26315", "status_code": 200, "tenant_id": "fdd68433-c86c-470c-8b57-cec8ffc3d389", "timestamp": "2026-08-07T12:34:30.617887Z", "trace_id": "af09254e86580a0875420aab11734dad"}
api-1       | {"claimed": 19, "event": "outbox_dispatch_batch_completed", "lease_lost": 0, "level": "info", "published": 19, "retry_scheduled": 0, "role": "outbox_dispatcher", "timestamp": "2026-08-07T12:34:31.090696Z"}
api-1       | INFO:     172.18.0.1:51066 - "GET /api/v1/runs/d966134e-f840-4f6e-a235-5b978b289b2c HTTP/1.1" 200 OK
api-1       | {"api_key_prefix": "evk_5ec841b483bb", "duration_ms": 60.019, "event": "http_request_completed", "level": "info", "method": "GET", "outcome": "success", "path": "/api/v1/runs/d966134e-f840-4f6e-a235-5b978b289b2c", "request_id": "94cb7689-d289-4ca6-b41a-d4ee48f642da", "status_code": 200, "tenant_id": "fdd68433-c86c-470c-8b57-cec8ffc3d389", "timestamp": "2026-08-07T12:34:31.180191Z", "trace_id": "f07d77c9895c4e2a9d0786a0b543808e"}
api-1       | {"claimed": 50, "event": "outbox_dispatch_batch_completed", "lease_lost": 0, "level": "info", "published": 50, "retry_scheduled": 0, "role": "outbox_dispatcher", "timestamp": "2026-08-07T12:34:31.807558Z"}
api-1       | INFO:     172.18.0.1:51066 - "GET /api/v1/runs/d966134e-f840-4f6e-a235-5b978b289b2c HTTP/1.1" 200 OK
api-1       | {"api_key_prefix": "evk_5ec841b483bb", "duration_ms": 159.857, "event": "http_request_completed", "level": "info", "method": "GET", "outcome": "success", "path": "/api/v1/runs/d966134e-f840-4f6e-a235-5b978b289b2c", "request_id": "3938b805-f757-4a99-9cbc-1b4e9b1c8c4a", "status_code": 200, "tenant_id": "fdd68433-c86c-470c-8b57-cec8ffc3d389", "timestamp": "2026-08-07T12:34:31.870559Z", "trace_id": "189b0fb8ccc7000ea404f4a1c96f6d21"}
api-1       | {"claimed": 33, "event": "outbox_dispatch_batch_completed", "lease_lost": 0, "level": "info", "published": 33, "retry_scheduled": 0, "role": "outbox_dispatcher", "timestamp": "2026-08-07T12:34:32.475038Z"}
api-1       | INFO:     172.18.0.1:51066 - "GET /api/v1/runs/d966134e-f840-4f6e-a235-5b978b289b2c HTTP/1.1" 200 OK
api-1       | {"api_key_prefix": "evk_5ec841b483bb", "duration_ms": 92.348, "event": "http_request_completed", "level": "info", "method": "GET", "outcome": "success", "path": "/api/v1/runs/d966134e-f840-4f6e-a235-5b978b289b2c", "request_id": "44bc8a7a-51b2-4642-a0ad-5c8ec49401d0", "status_code": 200, "tenant_id": "fdd68433-c86c-470c-8b57-cec8ffc3d389", "timestamp": "2026-08-07T12:34:32.486630Z", "trace_id": "39d173a7348dcddc61b4ea018d997405"}
api-1       | INFO:     172.18.0.1:51066 - "GET /api/v1/runs/d966134e-f840-4f6e-a235-5b978b289b2c/cases?limit=200&sort=case_id HTTP/1.1" 200 OK
api-1       | {"api_key_prefix": "evk_5ec841b483bb", "duration_ms": 62.431, "event": "http_request_completed", "level": "info", "method": "GET", "outcome": "success", "path": "/api/v1/runs/d966134e-f840-4f6e-a235-5b978b289b2c/cases", "request_id": "402cd28e-b0d4-4f09-a991-3b4637db4d73", "status_code": 200, "tenant_id": "fdd68433-c86c-470c-8b57-cec8ffc3d389", "timestamp": "2026-08-07T12:34:32.550690Z", "trace_id": "04e01999af58a64f7020536a12ed59f3"}
api-1       | INFO:     127.0.0.1:60084 - "GET /metrics HTTP/1.1" 200 OK
api-1       | {"duration_ms": 20.983, "event": "http_request_completed", "level": "info", "method": "GET", "outcome": "success", "path": "/metrics", "request_id": "f90d97de-d039-43e7-b938-277ad6be7feb", "status_code": 200, "timestamp": "2026-08-07T12:34:32.949654Z", "trace_id": "93fcb36ccd5ee6d34d4479e473b9f6cf"}
api-1       | INFO:     172.18.0.1:51066 - "POST /api/v1/runs HTTP/1.1" 202 Accepted
api-1       | {"api_key_prefix": "evk_5ec841b483bb", "duration_ms": 212.137, "event": "http_request_completed", "level": "info", "method": "POST", "outcome": "success", "path": "/api/v1/runs", "request_id": "f6a220a9-d171-4349-91c3-f29953bee38a", "status_code": 202, "tenant_id": "fdd68433-c86c-470c-8b57-cec8ffc3d389", "timestamp": "2026-08-07T12:34:34.034052Z", "trace_id": "f87b06b54c44339eb9025e20a796272d"}
api-1       | INFO:     172.18.0.1:51066 - "GET /api/v1/runs/14bb99a0-6685-4a2e-a92b-d7762ce11ccc HTTP/1.1" 200 OK
api-1       | {"api_key_prefix": "evk_5ec841b483bb", "duration_ms": 55.092, "event": "http_request_completed", "level": "info", "method": "GET", "outcome": "success", "path": "/api/v1/runs/14bb99a0-6685-4a2e-a92b-d7762ce11ccc", "request_id": "275e7afd-55d8-494e-b40e-e488ed02bbe6", "status_code": 200, "tenant_id": "fdd68433-c86c-470c-8b57-cec8ffc3d389", "timestamp": "2026-08-07T12:34:34.090699Z", "trace_id": "c5f2c4f4bdbb3235444d2014d0016627"}
api-1       | {"claimed": 9, "event": "outbox_dispatch_batch_completed", "lease_lost": 0, "level": "info", "published": 9, "retry_scheduled": 0, "role": "outbox_dispatcher", "timestamp": "2026-08-07T12:34:34.591178Z"}
api-1       | INFO:     172.18.0.1:51066 - "GET /api/v1/runs/14bb99a0-6685-4a2e-a92b-d7762ce11ccc HTTP/1.1" 200 OK
api-1       | {"api_key_prefix": "evk_5ec841b483bb", "duration_ms": 136.588, "event": "http_request_completed", "level": "info", "method": "GET", "outcome": "success", "path": "/api/v1/runs/14bb99a0-6685-4a2e-a92b-d7762ce11ccc", "request_id": "bd21a9a5-2ff9-4266-8c6f-b07566afb9f7", "status_code": 200, "tenant_id": "fdd68433-c86c-470c-8b57-cec8ffc3d389", "timestamp": "2026-08-07T12:34:34.729531Z", "trace_id": "f3cae713673d61bbfbad22fe098dbf65"}
api-1       | {"event": "Context impl PostgresqlImpl.", "level": "info", "request_id": "0ec7c24c-413f-492a-9deb-60c16d37014d", "timestamp": "2026-08-07T12:34:34.950919Z", "trace_id": "f8bd1f068caa5fb88b9fd1a03077cc9b"}
api-1       | {"event": "Will assume transactional DDL.", "level": "info", "request_id": "0ec7c24c-413f-492a-9deb-60c16d37014d", "timestamp": "2026-08-07T12:34:34.951046Z", "trace_id": "f8bd1f068caa5fb88b9fd1a03077cc9b"}
api-1       | INFO:     127.0.0.1:60100 - "GET /health/ready HTTP/1.1" 200 OK
api-1       | {"duration_ms": 27.974, "event": "http_request_completed", "level": "info", "method": "GET", "outcome": "success", "path": "/health/ready", "request_id": "0ec7c24c-413f-492a-9deb-60c16d37014d", "status_code": 200, "timestamp": "2026-08-07T12:34:34.961373Z", "trace_id": "f8bd1f068caa5fb88b9fd1a03077cc9b"}
api-1       | {"claimed": 47, "event": "outbox_dispatch_batch_completed", "lease_lost": 0, "level": "info", "published": 47, "retry_scheduled": 0, "role": "outbox_dispatcher", "timestamp": "2026-08-07T12:34:35.397592Z"}
api-1       | INFO:     172.18.0.1:51066 - "GET /api/v1/runs/14bb99a0-6685-4a2e-a92b-d7762ce11ccc HTTP/1.1" 200 OK
api-1       | {"api_key_prefix": "evk_5ec841b483bb", "duration_ms": 222.197, "event": "http_request_completed", "level": "info", "method": "GET", "outcome": "success", "path": "/api/v1/runs/14bb99a0-6685-4a2e-a92b-d7762ce11ccc", "request_id": "264db2b4-d577-4108-b53f-7de7d32323e3", "status_code": 200, "tenant_id": "fdd68433-c86c-470c-8b57-cec8ffc3d389", "timestamp": "2026-08-07T12:34:35.456770Z", "trace_id": "9675b23245b1a13ef082236f0fd76da8"}
api-1       | {"claimed": 50, "event": "outbox_dispatch_batch_completed", "lease_lost": 0, "level": "info", "published": 50, "retry_scheduled": 0, "role": "outbox_dispatcher", "timestamp": "2026-08-07T12:34:36.169248Z"}
api-1       | INFO:     172.18.0.1:51066 - "GET /api/v1/runs/14bb99a0-6685-4a2e-a92b-d7762ce11ccc HTTP/1.1" 200 OK
api-1       | {"api_key_prefix": "evk_5ec841b483bb", "duration_ms": 257.607, "event": "http_request_completed", "level": "info", "method": "GET", "outcome": "success", "path": "/api/v1/runs/14bb99a0-6685-4a2e-a92b-d7762ce11ccc", "request_id": "85c8e5f8-6997-434c-a505-7a3af8079f01", "status_code": 200, "tenant_id": "fdd68433-c86c-470c-8b57-cec8ffc3d389", "timestamp": "2026-08-07T12:34:36.232371Z", "trace_id": "ab86060c409054c45a220ee9a8679d1a"}
api-1       | {"claimed": 50, "event": "outbox_dispatch_batch_completed", "lease_lost": 0, "level": "info", "published": 50, "retry_scheduled": 0, "role": "outbox_dispatcher", "timestamp": "2026-08-07T12:34:36.907385Z"}
api-1       | INFO:     172.18.0.1:51066 - "GET /api/v1/runs/14bb99a0-6685-4a2e-a92b-d7762ce11ccc HTTP/1.1" 200 OK
api-1       | {"api_key_prefix": "evk_5ec841b483bb", "duration_ms": 232.452, "event": "http_request_completed", "level": "info", "method": "GET", "outcome": "success", "path": "/api/v1/runs/14bb99a0-6685-4a2e-a92b-d7762ce11ccc", "request_id": "a805f965-c20c-4e9c-94a7-b6c96e99f94e", "status_code": 200, "tenant_id": "fdd68433-c86c-470c-8b57-cec8ffc3d389", "timestamp": "2026-08-07T12:34:36.976653Z", "trace_id": "203f9dc211e2da0f1baf3b6fccf913a4"}
api-1       | {"claimed": 50, "event": "outbox_dispatch_batch_completed", "lease_lost": 0, "level": "info", "published": 50, "retry_scheduled": 0, "role": "outbox_dispatcher", "timestamp": "2026-08-07T12:34:37.633204Z"}
api-1       | INFO:     172.18.0.1:51066 - "GET /api/v1/runs/14bb99a0-6685-4a2e-a92b-d7762ce11ccc HTTP/1.1" 200 OK
api-1       | {"api_key_prefix": "evk_5ec841b483bb", "duration_ms": 253.114, "event": "http_request_completed", "level": "info", "method": "GET", "outcome": "success", "path": "/api/v1/runs/14bb99a0-6685-4a2e-a92b-d7762ce11ccc", "request_id": "e61cded5-0730-4ede-a118-f8231cf4584c", "status_code": 200, "tenant_id": "fdd68433-c86c-470c-8b57-cec8ffc3d389", "timestamp": "2026-08-07T12:34:37.735483Z", "trace_id": "bff9aac052716f3f51446d6d9086e26f"}
api-1       | {"claimed": 50, "event": "outbox_dispatch_batch_completed", "lease_lost": 0, "level": "info", "published": 50, "retry_scheduled": 0, "role": "outbox_dispatcher", "timestamp": "2026-08-07T12:34:38.384685Z"}
api-1       | INFO:     172.18.0.1:51066 - "GET /api/v1/runs/14bb99a0-6685-4a2e-a92b-d7762ce11ccc HTTP/1.1" 200 OK
api-1       | {"api_key_prefix": "evk_5ec841b483bb", "duration_ms": 143.725, "event": "http_request_completed", "level": "info", "method": "GET", "outcome": "success", "path": "/api/v1/runs/14bb99a0-6685-4a2e-a92b-d7762ce11ccc", "request_id": "d961c046-8ac0-41ec-8762-8bee388b3d4b", "status_code": 200, "tenant_id": "fdd68433-c86c-470c-8b57-cec8ffc3d389", "timestamp": "2026-08-07T12:34:38.400606Z", "trace_id": "4f18a5448bea9e2d409d50c6813b00ec"}
api-1       | {"claimed": 50, "event": "outbox_dispatch_batch_completed", "lease_lost": 0, "level": "info", "published": 50, "retry_scheduled": 0, "role": "outbox_dispatcher", "timestamp": "2026-08-07T12:34:39.126606Z"}
api-1       | INFO:     172.18.0.1:51066 - "GET /api/v1/runs/14bb99a0-6685-4a2e-a92b-d7762ce11ccc HTTP/1.1" 200 OK
api-1       | {"api_key_prefix": "evk_5ec841b483bb", "duration_ms": 275.926, "event": "http_request_completed", "level": "info", "method": "GET", "outcome": "success", "path": "/api/v1/runs/14bb99a0-6685-4a2e-a92b-d7762ce11ccc", "request_id": "a1a1cf05-2521-46c8-bd3e-89e59359667e", "status_code": 200, "tenant_id": "fdd68433-c86c-470c-8b57-cec8ffc3d389", "timestamp": "2026-08-07T12:34:39.180261Z", "trace_id": "99db8b455135371c13d4d07a88c72884"}
api-1       | {"claimed": 50, "event": "outbox_dispatch_batch_completed", "lease_lost": 0, "level": "info", "published": 50, "retry_scheduled": 0, "role": "outbox_dispatcher", "timestamp": "2026-08-07T12:34:39.879340Z"}
api-1       | INFO:     172.18.0.1:51066 - "GET /api/v1/runs/14bb99a0-6685-4a2e-a92b-d7762ce11ccc HTTP/1.1" 200 OK
api-1       | {"api_key_prefix": "evk_5ec841b483bb", "duration_ms": 208.231, "event": "http_request_completed", "level": "info", "method": "GET", "outcome": "success", "path": "/api/v1/runs/14bb99a0-6685-4a2e-a92b-d7762ce11ccc", "request_id": "379a2306-9ea9-4e53-a1df-5ee9357a7ebc", "status_code": 200, "tenant_id": "fdd68433-c86c-470c-8b57-cec8ffc3d389", "timestamp": "2026-08-07T12:34:39.903169Z", "trace_id": "82d7e376f077bb7f0c264219c2bd1b09"}
api-1       | {"event": "Context impl PostgresqlImpl.", "level": "info", "request_id": "d9a66deb-4d4e-4195-8d6a-ccfbc6614468", "timestamp": "2026-08-07T12:34:40.336312Z", "trace_id": "0100ad6eef721f14fc60d2b2cea2af47"}
api-1       | {"event": "Will assume transactional DDL.", "level": "info", "request_id": "d9a66deb-4d4e-4195-8d6a-ccfbc6614468", "timestamp": "2026-08-07T12:34:40.336423Z", "trace_id": "0100ad6eef721f14fc60d2b2cea2af47"}
api-1       | INFO:     127.0.0.1:36482 - "GET /health/ready HTTP/1.1" 200 OK
api-1       | {"duration_ms": 22.0, "event": "http_request_completed", "level": "info", "method": "GET", "outcome": "success", "path": "/health/ready", "request_id": "d9a66deb-4d4e-4195-8d6a-ccfbc6614468", "status_code": 200, "timestamp": "2026-08-07T12:34:40.343302Z", "trace_id": "0100ad6eef721f14fc60d2b2cea2af47"}
api-1       | {"claimed": 50, "event": "outbox_dispatch_batch_completed", "lease_lost": 0, "level": "info", "published": 50, "retry_scheduled": 0, "role": "outbox_dispatcher", "timestamp": "2026-08-07T12:34:40.617933Z"}
api-1       | INFO:     172.18.0.1:51066 - "GET /api/v1/runs/14bb99a0-6685-4a2e-a92b-d7762ce11ccc HTTP/1.1" 200 OK
api-1       | {"api_key_prefix": "evk_5ec841b483bb", "duration_ms": 254.019, "event": "http_request_completed", "level": "info", "method": "GET", "outcome": "success", "path": "/api/v1/runs/14bb99a0-6685-4a2e-a92b-d7762ce11ccc", "request_id": "d5abf590-34bf-4155-8c8d-9038202ca7c2", "status_code": 200, "tenant_id": "fdd68433-c86c-470c-8b57-cec8ffc3d389", "timestamp": "2026-08-07T12:34:40.679140Z", "trace_id": "3701848974a3b8b19bf266c1cc8bda7d"}
api-1       | {"claimed": 50, "event": "outbox_dispatch_batch_completed", "lease_lost": 0, "level": "info", "published": 50, "retry_scheduled": 0, "role": "outbox_dispatcher", "timestamp": "2026-08-07T12:34:41.512765Z"}
api-1       | INFO:     172.18.0.1:51066 - "GET /api/v1/runs/14bb99a0-6685-4a2e-a92b-d7762ce11ccc HTTP/1.1" 200 OK
api-1       | {"api_key_prefix": "evk_5ec841b483bb", "duration_ms": 332.439, "event": "http_request_completed", "level": "info", "method": "GET", "outcome": "success", "path": "/api/v1/runs/14bb99a0-6685-4a2e-a92b-d7762ce11ccc", "request_id": "80c397de-b88c-436c-8c11-5ebf33adf45c", "status_code": 200, "tenant_id": "fdd68433-c86c-470c-8b57-cec8ffc3d389", "timestamp": "2026-08-07T12:34:41.522055Z", "trace_id": "cbfafa224e1117813145c4191d67b3f2"}
api-1       | {"claimed": 50, "event": "outbox_dispatch_batch_completed", "lease_lost": 0, "level": "info", "published": 50, "retry_scheduled": 0, "role": "outbox_dispatcher", "timestamp": "2026-08-07T12:34:42.311090Z"}
api-1       | INFO:     172.18.0.1:51066 - "GET /api/v1/runs/14bb99a0-6685-4a2e-a92b-d7762ce11ccc HTTP/1.1" 200 OK
api-1       | {"api_key_prefix": "evk_5ec841b483bb", "duration_ms": 297.287, "event": "http_request_completed", "level": "info", "method": "GET", "outcome": "success", "path": "/api/v1/runs/14bb99a0-6685-4a2e-a92b-d7762ce11ccc", "request_id": "fac6b075-6aa2-4b38-bbf3-61dab05792f4", "status_code": 200, "tenant_id": "fdd68433-c86c-470c-8b57-cec8ffc3d389", "timestamp": "2026-08-07T12:34:42.322452Z", "trace_id": "f340cae2d16bba6301e8a0152161c024"}
api-1       | {"claimed": 50, "event": "outbox_dispatch_batch_completed", "lease_lost": 0, "level": "info", "published": 50, "retry_scheduled": 0, "role": "outbox_dispatcher", "timestamp": "2026-08-07T12:34:43.121068Z"}
api-1       | INFO:     172.18.0.1:51066 - "GET /api/v1/runs/14bb99a0-6685-4a2e-a92b-d7762ce11ccc HTTP/1.1" 200 OK
api-1       | {"api_key_prefix": "evk_5ec841b483bb", "duration_ms": 313.042, "event": "http_request_completed", "level": "info", "method": "GET", "outcome": "success", "path": "/api/v1/runs/14bb99a0-6685-4a2e-a92b-d7762ce11ccc", "request_id": "febbd569-2a3c-4277-9948-5740cb5c52f7", "status_code": 200, "tenant_id": "fdd68433-c86c-470c-8b57-cec8ffc3d389", "timestamp": "2026-08-07T12:34:43.137991Z", "trace_id": "aa6f19a9ee3f346e92e0e57dc00abf8d"}
api-1       | {"claimed": 50, "event": "outbox_dispatch_batch_completed", "lease_lost": 0, "level": "info", "published": 50, "retry_scheduled": 0, "role": "outbox_dispatcher", "timestamp": "2026-08-07T12:34:43.873275Z"}
api-1       | INFO:     172.18.0.1:51066 - "GET /api/v1/runs/14bb99a0-6685-4a2e-a92b-d7762ce11ccc HTTP/1.1" 200 OK
api-1       | {"api_key_prefix": "evk_5ec841b483bb", "duration_ms": 282.031, "event": "http_request_completed", "level": "info", "method": "GET", "outcome": "success", "path": "/api/v1/runs/14bb99a0-6685-4a2e-a92b-d7762ce11ccc", "request_id": "a98999ff-0a39-4c42-8753-9f3d91bb0475", "status_code": 200, "tenant_id": "fdd68433-c86c-470c-8b57-cec8ffc3d389", "timestamp": "2026-08-07T12:34:43.933486Z", "trace_id": "69927a68a8e2828f14924975876873f5"}
api-1       | {"claimed": 50, "event": "outbox_dispatch_batch_completed", "lease_lost": 0, "level": "info", "published": 50, "retry_scheduled": 0, "role": "outbox_dispatcher", "timestamp": "2026-08-07T12:34:44.612681Z"}
api-1       | INFO:     172.18.0.1:51066 - "GET /api/v1/runs/14bb99a0-6685-4a2e-a92b-d7762ce11ccc HTTP/1.1" 200 OK
api-1       | {"api_key_prefix": "evk_5ec841b483bb", "duration_ms": 231.535, "event": "http_request_completed", "level": "info", "method": "GET", "outcome": "success", "path": "/api/v1/runs/14bb99a0-6685-4a2e-a92b-d7762ce11ccc", "request_id": "2c8ab14b-3612-466e-8bab-e8327cda2de2", "status_code": 200, "tenant_id": "fdd68433-c86c-470c-8b57-cec8ffc3d389", "timestamp": "2026-08-07T12:34:44.680478Z", "trace_id": "ff3dfb9fde6082c144d781ac5eec194a"}
api-1       | {"claimed": 50, "event": "outbox_dispatch_batch_completed", "lease_lost": 0, "level": "info", "published": 50, "retry_scheduled": 0, "role": "outbox_dispatcher", "timestamp": "2026-08-07T12:34:45.374220Z"}
api-1       | INFO:     172.18.0.1:51066 - "GET /api/v1/runs/14bb99a0-6685-4a2e-a92b-d7762ce11ccc HTTP/1.1" 200 OK
api-1       | {"api_key_prefix": "evk_5ec841b483bb", "duration_ms": 261.119, "event": "http_request_completed", "level": "info", "method": "GET", "outcome": "success", "path": "/api/v1/runs/14bb99a0-6685-4a2e-a92b-d7762ce11ccc", "request_id": "afbe87c2-5ec0-47bc-a222-001892049679", "status_code": 200, "tenant_id": "fdd68433-c86c-470c-8b57-cec8ffc3d389", "timestamp": "2026-08-07T12:34:45.460120Z", "trace_id": "a98493e597164537204697c9b8220023"}
api-1       | {"event": "Context impl PostgresqlImpl.", "level": "info", "request_id": "16d57783-f346-45af-95c1-1f4e7903fef1", "timestamp": "2026-08-07T12:34:45.713151Z", "trace_id": "350d56c1227b7acc7f1437aa3ed07613"}
api-1       | {"event": "Will assume transactional DDL.", "level": "info", "request_id": "16d57783-f346-45af-95c1-1f4e7903fef1", "timestamp": "2026-08-07T12:34:45.713307Z", "trace_id": "350d56c1227b7acc7f1437aa3ed07613"}
api-1       | INFO:     127.0.0.1:36506 - "GET /health/ready HTTP/1.1" 200 OK
api-1       | {"duration_ms": 24.362, "event": "http_request_completed", "level": "info", "method": "GET", "outcome": "success", "path": "/health/ready", "request_id": "16d57783-f346-45af-95c1-1f4e7903fef1", "status_code": 200, "timestamp": "2026-08-07T12:34:45.720029Z", "trace_id": "350d56c1227b7acc7f1437aa3ed07613"}
api-1       | {"claimed": 50, "event": "outbox_dispatch_batch_completed", "lease_lost": 0, "level": "info", "published": 50, "retry_scheduled": 0, "role": "outbox_dispatcher", "timestamp": "2026-08-07T12:34:46.120537Z"}
api-1       | INFO:     172.18.0.1:51066 - "GET /api/v1/runs/14bb99a0-6685-4a2e-a92b-d7762ce11ccc HTTP/1.1" 200 OK
api-1       | {"api_key_prefix": "evk_5ec841b483bb", "duration_ms": 228.356, "event": "http_request_completed", "level": "info", "method": "GET", "outcome": "success", "path": "/api/v1/runs/14bb99a0-6685-4a2e-a92b-d7762ce11ccc", "request_id": "dd7b6264-0924-4afa-b69f-96956e56e7bb", "status_code": 200, "tenant_id": "fdd68433-c86c-470c-8b57-cec8ffc3d389", "timestamp": "2026-08-07T12:34:46.194432Z", "trace_id": "6ce39269218fd6acf7f88c4e7a0e3dc2"}
api-1       | {"claimed": 50, "event": "outbox_dispatch_batch_completed", "lease_lost": 0, "level": "info", "published": 50, "retry_scheduled": 0, "role": "outbox_dispatcher", "timestamp": "2026-08-07T12:34:46.877281Z"}
api-1       | INFO:     172.18.0.1:51066 - "GET /api/v1/runs/14bb99a0-6685-4a2e-a92b-d7762ce11ccc HTTP/1.1" 200 OK
api-1       | {"api_key_prefix": "evk_5ec841b483bb", "duration_ms": 192.223, "event": "http_request_completed", "level": "info", "method": "GET", "outcome": "success", "path": "/api/v1/runs/14bb99a0-6685-4a2e-a92b-d7762ce11ccc", "request_id": "0cb31218-948a-40f9-996b-a4686e0631e3", "status_code": 200, "tenant_id": "fdd68433-c86c-470c-8b57-cec8ffc3d389", "timestamp": "2026-08-07T12:34:46.927595Z", "trace_id": "c9f5d1dfdcb82622cfc135865298f7f3"}
api-1       | INFO:     172.18.0.1:51066 - "GET /api/v1/runs/14bb99a0-6685-4a2e-a92b-d7762ce11ccc/cases?limit=200&sort=case_id HTTP/1.1" 200 OK
api-1       | {"api_key_prefix": "evk_5ec841b483bb", "duration_ms": 74.285, "event": "http_request_completed", "level": "info", "method": "GET", "outcome": "success", "path": "/api/v1/runs/14bb99a0-6685-4a2e-a92b-d7762ce11ccc/cases", "request_id": "32858052-7999-4cd5-8fd3-2029eef6a669", "status_code": 200, "tenant_id": "fdd68433-c86c-470c-8b57-cec8ffc3d389", "timestamp": "2026-08-07T12:34:47.003599Z", "trace_id": "3b3fcde5e5aa8bd7ed0a23f971d1cd5d"}
api-1       | INFO:     172.18.0.1:51066 - "GET /api/v1/runs/14bb99a0-6685-4a2e-a92b-d7762ce11ccc/cases?limit=200&sort=case_id&cursor=eyJkaXJlY3Rpb24iOiJhc2MiLCJlcnJvcl9jb2RlIjpudWxsLCJqb2JfaWQiOiI0NWQwOWRlYi1iZWQ5LTRlMjUtOWU0Yi0wY2JjNjMwMmMyOTAiLCJtZXRyaWMiOm51bGwsInNvcnQiOiJjYXNlX2lkIiwic3RhdHVzIjpudWxsLCJ2IjoxLCJ2YWx1ZSI6ImxvYWQtMDE5OSJ9 HTTP/1.1" 200 OK
api-1       | {"api_key_prefix": "evk_5ec841b483bb", "duration_ms": 70.143, "event": "http_request_completed", "level": "info", "method": "GET", "outcome": "success", "path": "/api/v1/runs/14bb99a0-6685-4a2e-a92b-d7762ce11ccc/cases", "request_id": "4cd95ea7-c1f1-45c8-9e78-8d3e81893dc0", "status_code": 200, "tenant_id": "fdd68433-c86c-470c-8b57-cec8ffc3d389", "timestamp": "2026-08-07T12:34:47.076360Z", "trace_id": "c58afb82d18dcb2f1f7d929d7a1e8129"}
api-1       | INFO:     172.18.0.1:51066 - "GET /api/v1/runs/14bb99a0-6685-4a2e-a92b-d7762ce11ccc/cases?limit=200&sort=case_id&cursor=eyJkaXJlY3Rpb24iOiJhc2MiLCJlcnJvcl9jb2RlIjpudWxsLCJqb2JfaWQiOiJmMTIwMzFlNy01OGRkLTRlYjYtYTVhMy0zYWVmMDk5ZTkyY2QiLCJtZXRyaWMiOm51bGwsInNvcnQiOiJjYXNlX2lkIiwic3RhdHVzIjpudWxsLCJ2IjoxLCJ2YWx1ZSI6ImxvYWQtMDM5OSJ9 HTTP/1.1" 200 OK
api-1       | {"api_key_prefix": "evk_5ec841b483bb", "duration_ms": 67.366, "event": "http_request_completed", "level": "info", "method": "GET", "outcome": "success", "path": "/api/v1/runs/14bb99a0-6685-4a2e-a92b-d7762ce11ccc/cases", "request_id": "1c937a24-b97c-4743-8f0c-de068ba0b9a2", "status_code": 200, "tenant_id": "fdd68433-c86c-470c-8b57-cec8ffc3d389", "timestamp": "2026-08-07T12:34:47.146541Z", "trace_id": "91446814d4fbd44b6692066d982b3fd3"}
api-1       | {"claimed": 50, "event": "outbox_dispatch_batch_completed", "lease_lost": 0, "level": "info", "published": 50, "retry_scheduled": 0, "role": "outbox_dispatcher", "timestamp": "2026-08-07T12:34:47.687681Z"}
api-1       | INFO:     127.0.0.1:36520 - "GET /metrics HTTP/1.1" 200 OK
api-1       | {"duration_ms": 49.531, "event": "http_request_completed", "level": "info", "method": "GET", "outcome": "success", "path": "/metrics", "request_id": "8ad11bec-b128-4010-9709-ed7f63efd6d8", "status_code": 200, "timestamp": "2026-08-07T12:34:47.713863Z", "trace_id": "1254e8c0bd36d1005a395f0f76ad5c34"}
api-1       | {"claimed": 50, "event": "outbox_dispatch_batch_completed", "lease_lost": 0, "level": "info", "published": 50, "retry_scheduled": 0, "role": "outbox_dispatcher", "timestamp": "2026-08-07T12:34:48.404095Z"}
api-1       | {"claimed": 50, "event": "outbox_dispatch_batch_completed", "lease_lost": 0, "level": "info", "published": 50, "retry_scheduled": 0, "role": "outbox_dispatcher", "timestamp": "2026-08-07T12:34:49.118529Z"}
api-1       | {"claimed": 46, "event": "outbox_dispatch_batch_completed", "lease_lost": 0, "level": "info", "published": 46, "retry_scheduled": 0, "role": "outbox_dispatcher", "timestamp": "2026-08-07T12:34:49.869760Z"}
api-1       | {"event": "Context impl PostgresqlImpl.", "level": "info", "request_id": "54fb9dec-6944-429c-a2f6-96a556566225", "timestamp": "2026-08-07T12:34:51.018880Z", "trace_id": "360ff82334f7b2287309940ea13bbbf0"}
api-1       | {"event": "Will assume transactional DDL.", "level": "info", "request_id": "54fb9dec-6944-429c-a2f6-96a556566225", "timestamp": "2026-08-07T12:34:51.019040Z", "trace_id": "360ff82334f7b2287309940ea13bbbf0"}
api-1       | INFO:     127.0.0.1:39242 - "GET /health/ready HTTP/1.1" 200 OK
api-1       | {"duration_ms": 31.911, "event": "http_request_completed", "level": "info", "method": "GET", "outcome": "success", "path": "/health/ready", "request_id": "54fb9dec-6944-429c-a2f6-96a556566225", "status_code": 200, "timestamp": "2026-08-07T12:34:51.029027Z", "trace_id": "360ff82334f7b2287309940ea13bbbf0"}
