migrate-1  | INFO  [alembic.runtime.migration] Context impl PostgresqlImpl.
migrate-1  | INFO  [alembic.runtime.migration] Will assume transactional DDL.
migrate-1  | INFO  [alembic.runtime.migration] Context impl PostgresqlImpl.
migrate-1  | INFO  [alembic.runtime.migration] Will assume transactional DDL.
migrate-1  | INFO  [alembic.runtime.migration] Context impl PostgresqlImpl.
migrate-1  | INFO  [alembic.runtime.migration] Will assume transactional DDL.
migrate-1  | INFO  [alembic.runtime.migration] Context impl PostgresqlImpl.
migrate-1  | INFO  [alembic.runtime.migration] Will assume transactional DDL.
migrate-1  | INFO  [alembic.runtime.migration] Context impl PostgresqlImpl.
redis-1    | Starting Redis Server
redis-1    | 1:C 07 Aug 2026 11:40:46.809 # WARNING Memory overcommit must be enabled! Without it, a background save or replication may fail under low memory condition. Being disabled, it can also cause failures without low memory condition, see https://github.com/jemalloc/jemalloc/issues/1328. To fix this issue add 'vm.overcommit_memory = 1' to /etc/sysctl.conf and then reboot or run the command 'sysctl vm.overcommit_memory=1' for this to take effect.
redis-1    | 1:M 07 Aug 2026 11:40:46.819 # WARNING: Redis does not require authentication and is not protected by network restrictions. Redis will accept connections from any IP address on any network interface.
worker-1   | {"event": "worker_started", "level": "info", "role": "worker", "timestamp": "2026-08-07T11:40:55.801293Z", "worker_id": "840e65766445:1:842edde5"}
worker-2   | {"event": "worker_started", "level": "info", "role": "worker", "timestamp": "2026-08-07T11:53:07.749115Z", "worker_id": "5e04d77115df:1:5b6cc956"}
migrate-1  | INFO  [alembic.runtime.migration] Will assume transactional DDL.
migrate-1  | INFO  [alembic.runtime.migration] Context impl PostgresqlImpl.
migrate-1  | INFO  [alembic.runtime.migration] Will assume transactional DDL.
migrate-1  | INFO  [alembic.runtime.migration] Context impl PostgresqlImpl.
migrate-1  | INFO  [alembic.runtime.migration] Will assume transactional DDL.
migrate-1  | INFO  [alembic.runtime.migration] Context impl PostgresqlImpl.
migrate-1  | INFO  [alembic.runtime.migration] Will assume transactional DDL.
migrate-1  | INFO  [alembic.runtime.migration] Context impl PostgresqlImpl.
migrate-1  | INFO  [alembic.runtime.migration] Will assume transactional DDL.
migrate-1  | INFO  [alembic.runtime.migration] Context impl PostgresqlImpl.
migrate-1  | INFO  [alembic.runtime.migration] Will assume transactional DDL.
migrate-1  | INFO  [alembic.runtime.migration] Context impl PostgresqlImpl.
migrate-1  | INFO  [alembic.runtime.migration] Will assume transactional DDL.
migrate-1  | INFO  [alembic.runtime.migration] Context impl PostgresqlImpl.
migrate-1  | INFO  [alembic.runtime.migration] Will assume transactional DDL.
migrate-1  | INFO  [alembic.runtime.migration] Context impl PostgresqlImpl.
migrate-1  | INFO  [alembic.runtime.migration] Will assume transactional DDL.
migrate-1  | INFO  [alembic.runtime.migration] Context impl PostgresqlImpl.
migrate-1  | INFO  [alembic.runtime.migration] Will assume transactional DDL.
migrate-1  | INFO  [alembic.runtime.migration] Context impl PostgresqlImpl.
migrate-1  | INFO  [alembic.runtime.migration] Will assume transactional DDL.
migrate-1   | INFO  [alembic.runtime.migration] Context impl PostgresqlImpl.
migrate-1   | INFO  [alembic.runtime.migration] Will assume transactional DDL.
migrate-1   | INFO  [alembic.runtime.migration] Context impl PostgresqlImpl.
migrate-1   | INFO  [alembic.runtime.migration] Will assume transactional DDL.
migrate-1   | INFO  [alembic.runtime.migration] Context impl PostgresqlImpl.
migrate-1   | INFO  [alembic.runtime.migration] Will assume transactional DDL.
migrate-1   | INFO  [alembic.runtime.migration] Context impl PostgresqlImpl.
api-1      | INFO:     Started server process [1]
api-1       | INFO:     Waiting for application startup.
api-1       | {"environment": "development", "event": "application_started", "level": "info", "timestamp": "2026-08-07T11:40:56.212060Z"}
api-1       | INFO:     Application startup complete.
api-1       | INFO:     Uvicorn running on http://0.0.0.0:8000 (Press CTRL+C to quit)
api-1       | {"event": "Context impl PostgresqlImpl.", "level": "info", "request_id": "18ce2b50-8182-4c34-b7d9-136250abf79c", "timestamp": "2026-08-07T11:40:56.307420Z", "trace_id": "0ec61dc1f2db837a1c8aa4e4feec3494"}
api-1       | {"event": "Will assume transactional DDL.", "level": "info", "request_id": "18ce2b50-8182-4c34-b7d9-136250abf79c", "timestamp": "2026-08-07T11:40:56.307603Z", "trace_id": "0ec61dc1f2db837a1c8aa4e4feec3494"}
api-1       | INFO:     172.18.0.1:34154 - "GET /health/ready HTTP/1.1" 200 OK
postgres-1  | chmod: /var/run/postgresql: Operation not permitted
api-1       | {"duration_ms": 23.992, "event": "http_request_completed", "level": "info", "method": "GET", "outcome": "success", "path": "/health/ready", "request_id": "18ce2b50-8182-4c34-b7d9-136250abf79c", "status_code": 200, "timestamp": "2026-08-07T11:40:56.313934Z", "trace_id": "0ec61dc1f2db837a1c8aa4e4feec3494"}
api-1       | {"event": "Context impl PostgresqlImpl.", "level": "info", "request_id": "f8cfdbd6-134b-4903-ac8a-0f9e4c036801", "timestamp": "2026-08-07T11:40:59.670114Z", "trace_id": "b462c107c3e45aefb8cdc0e400e4bd94"}
migrate-1   | INFO  [alembic.runtime.migration] Will assume transactional DDL.
api-1       | {"event": "Will assume transactional DDL.", "level": "info", "request_id": "f8cfdbd6-134b-4903-ac8a-0f9e4c036801", "timestamp": "2026-08-07T11:40:59.670277Z", "trace_id": "b462c107c3e45aefb8cdc0e400e4bd94"}
migrate-1   | INFO  [alembic.runtime.migration] Context impl PostgresqlImpl.
api-1       | INFO:     127.0.0.1:53838 - "GET /health/ready HTTP/1.1" 200 OK
migrate-1   | INFO  [alembic.runtime.migration] Will assume transactional DDL.
api-1       | {"duration_ms": 26.883, "event": "http_request_completed", "level": "info", "method": "GET", "outcome": "success", "path": "/health/ready", "request_id": "f8cfdbd6-134b-4903-ac8a-0f9e4c036801", "status_code": 200, "timestamp": "2026-08-07T11:40:59.673552Z", "trace_id": "b462c107c3e45aefb8cdc0e400e4bd94"}
migrate-1   | INFO  [alembic.runtime.migration] Context impl PostgresqlImpl.
api-1       | {"event": "Context impl PostgresqlImpl.", "level": "info", "request_id": "b0bcc9b8-b228-4b41-a281-2f5c9eb0f26f", "timestamp": "2026-08-07T11:41:05.106358Z", "trace_id": "fdc1e6c9d43241ad858102b5aa2dae22"}
migrate-1   | INFO  [alembic.runtime.migration] Will assume transactional DDL.
api-1       | {"event": "Will assume transactional DDL.", "level": "info", "request_id": "b0bcc9b8-b228-4b41-a281-2f5c9eb0f26f", "timestamp": "2026-08-07T11:41:05.106482Z", "trace_id": "fdc1e6c9d43241ad858102b5aa2dae22"}
migrate-1   | INFO  [alembic.runtime.migration] Context impl PostgresqlImpl.
api-1       | INFO:     127.0.0.1:54056 - "GET /health/ready HTTP/1.1" 200 OK
migrate-1   | INFO  [alembic.runtime.migration] Will assume transactional DDL.
api-1       | {"duration_ms": 21.973, "event": "http_request_completed", "level": "info", "method": "GET", "outcome": "success", "path": "/health/ready", "request_id": "b0bcc9b8-b228-4b41-a281-2f5c9eb0f26f", "status_code": 200, "timestamp": "2026-08-07T11:41:05.111813Z", "trace_id": "fdc1e6c9d43241ad858102b5aa2dae22"}
migrate-1   | INFO  [alembic.runtime.migration] Context impl PostgresqlImpl.
api-1       | INFO:     172.18.0.1:59200 - "POST /api/v1/datasets HTTP/1.1" 201 Created
migrate-1   | INFO  [alembic.runtime.migration] Will assume transactional DDL.
migrate-1   | INFO  [alembic.runtime.migration] Context impl PostgresqlImpl.
migrate-1   | INFO  [alembic.runtime.migration] Will assume transactional DDL.
migrate-1   | INFO  [alembic.runtime.migration] Context impl PostgresqlImpl.
migrate-1   | INFO  [alembic.runtime.migration] Will assume transactional DDL.
migrate-1   | INFO  [alembic.runtime.migration] Context impl PostgresqlImpl.
migrate-1   | INFO  [alembic.runtime.migration] Will assume transactional DDL.
migrate-1   | INFO  [alembic.runtime.migration] Context impl PostgresqlImpl.
migrate-1   | INFO  [alembic.runtime.migration] Will assume transactional DDL.
migrate-1   | INFO  [alembic.runtime.migration] Context impl PostgresqlImpl.
migrate-1   | INFO  [alembic.runtime.migration] Will assume transactional DDL.
migrate-1   | INFO  [alembic.runtime.migration] Context impl PostgresqlImpl.
migrate-1   | INFO  [alembic.runtime.migration] Will assume transactional DDL.
migrate-1   | INFO  [alembic.runtime.migration] Context impl PostgresqlImpl.
migrate-1   | INFO  [alembic.runtime.migration] Will assume transactional DDL.
migrate-1   | INFO  [alembic.runtime.migration] Context impl PostgresqlImpl.
migrate-1   | INFO  [alembic.runtime.migration] Will assume transactional DDL.
migrate-1   | INFO  [alembic.runtime.migration] Context impl PostgresqlImpl.
migrate-1   | INFO  [alembic.runtime.migration] Will assume transactional DDL.
reaper-1   | {"event": "reaper_started", "level": "info", "reaper_id": "21adada50e7a:1:66dabdfb", "role": "reaper", "timestamp": "2026-08-07T11:40:55.411068Z"}
api-1       | {"api_key_prefix": "evk_64f04950db0a", "duration_ms": 78.387, "event": "http_request_completed", "level": "info", "method": "POST", "outcome": "success", "path": "/api/v1/datasets", "request_id": "3b2273fd-becf-4dc4-8c1c-5619d959e1c9", "status_code": 201, "tenant_id": "327d2ffb-1823-49ee-aab0-022efdfc7324", "timestamp": "2026-08-07T11:41:06.996912Z", "trace_id": "41f7b336eeb0476d04962cf3f502ae49"}
api-1       | INFO:     172.18.0.1:59200 - "POST /api/v1/datasets/e2b9fd26-546c-4d40-a5e8-b36724cb491f/versions HTTP/1.1" 201 Created
api-1       | {"api_key_prefix": "evk_64f04950db0a", "duration_ms": 78.242, "event": "http_request_completed", "level": "info", "method": "POST", "outcome": "success", "path": "/api/v1/datasets/e2b9fd26-546c-4d40-a5e8-b36724cb491f/versions", "request_id": "e88f48a3-826c-466f-9c61-442e28d27270", "status_code": 201, "tenant_id": "327d2ffb-1823-49ee-aab0-022efdfc7324", "timestamp": "2026-08-07T11:41:07.079205Z", "trace_id": "ba277502ca65abcd4e3bc7188ce7abde"}
api-1       | INFO:     172.18.0.1:59200 - "POST /api/v1/datasets HTTP/1.1" 201 Created
postgres-1  | The files belonging to this database system will be owned by user "postgres".
postgres-1  | This user must also own the server process.
postgres-1  | 
postgres-1  | The database cluster will be initialized with locale "en_US.utf8".
postgres-1  | The default database encoding has accordingly been set to "UTF8".
postgres-1  | The default text search configuration will be set to "english".
postgres-1  | 
postgres-1  | Data page checksums are enabled.
postgres-1  | 
postgres-1  | fixing permissions on existing directory /var/lib/postgresql/18/docker ... ok
postgres-1  | creating subdirectories ... ok
postgres-1  | selecting dynamic shared memory implementation ... posix
postgres-1  | selecting default "max_connections" ... 100
postgres-1  | selecting default "shared_buffers" ... 128MB
postgres-1  | selecting default time zone ... UTC
postgres-1  | creating configuration files ... ok
postgres-1  | running bootstrap script ... ok
postgres-1  | sh: locale: not found
postgres-1  | 2026-08-07 11:40:47.434 UTC [24] WARNING:  no usable system locales were found
postgres-1  | performing post-bootstrap initialization ... ok
postgres-1  | initdb: warning: enabling "trust" authentication for local connections
postgres-1  | initdb: hint: You can change this by editing pg_hba.conf or using the option -A, or --auth-local and --auth-host, the next time you run initdb.
postgres-1  | syncing data to disk ... ok
postgres-1  | 
postgres-1  | 
postgres-1  | Success. You can now start the database server using:
postgres-1  | 
postgres-1  |     pg_ctl -D /var/lib/postgresql/18/docker -l logfile start
postgres-1  | 
postgres-1  | waiting for server to start....2026-08-07 11:40:48.077 UTC [30] LOG:  starting PostgreSQL 18.4 on x86_64-pc-linux-musl, compiled by gcc (Alpine 15.2.0) 15.2.0, 64-bit
postgres-1  | 2026-08-07 11:40:48.077 UTC [30] LOG:  listening on Unix socket "/var/run/postgresql/.s.PGSQL.5432"
postgres-1  | 2026-08-07 11:40:48.082 UTC [36] LOG:  database system was shut down at 2026-08-07 11:40:47 UTC
postgres-1  | 2026-08-07 11:40:48.085 UTC [30] LOG:  database system is ready to accept connections
postgres-1  |  done
postgres-1  | server started
postgres-1  | CREATE DATABASE
postgres-1  | 
postgres-1  | 
postgres-1  | /usr/local/bin/docker-entrypoint.sh: ignoring /docker-entrypoint-initdb.d/*
postgres-1  | 
postgres-1  | waiting for server to shut down....2026-08-07 11:40:48.229 UTC [30] LOG:  received fast shutdown request
postgres-1  | 2026-08-07 11:40:48.230 UTC [30] LOG:  aborting any active transactions
postgres-1  | 2026-08-07 11:40:48.232 UTC [30] LOG:  background worker "logical replication launcher" (PID 39) exited with exit code 1
postgres-1  | 2026-08-07 11:40:48.234 UTC [34] LOG:  shutting down
postgres-1  | 2026-08-07 11:40:48.234 UTC [34] LOG:  checkpoint starting: shutdown immediate
postgres-1  | 2026-08-07 11:40:48.278 UTC [34] LOG:  checkpoint complete: wrote 943 buffers (5.8%), wrote 3 SLRU buffers; 0 WAL file(s) added, 0 removed, 0 recycled; write=0.032 s, sync=0.010 s, total=0.044 s; sync files=303, longest=0.005 s, average=0.001 s; distance=4362 kB, estimate=4362 kB; lsn=0/1BA6820, redo lsn=0/1BA6820
postgres-1  | 2026-08-07 11:40:48.287 UTC [30] LOG:  database system is shut down
postgres-1  |  done
postgres-1  | server stopped
postgres-1  | 
postgres-1  | PostgreSQL init process complete; ready for start up.
postgres-1  | 
postgres-1  | 2026-08-07 11:40:48.348 UTC [1] LOG:  starting PostgreSQL 18.4 on x86_64-pc-linux-musl, compiled by gcc (Alpine 15.2.0) 15.2.0, 64-bit
postgres-1  | 2026-08-07 11:40:48.348 UTC [1] LOG:  listening on IPv4 address "0.0.0.0", port 5432
postgres-1  | 2026-08-07 11:40:48.348 UTC [1] LOG:  listening on IPv6 address "::", port 5432
postgres-1  | 2026-08-07 11:40:48.349 UTC [1] LOG:  listening on Unix socket "/var/run/postgresql/.s.PGSQL.5432"
postgres-1  | 2026-08-07 11:40:48.352 UTC [52] LOG:  database system was shut down at 2026-08-07 11:40:48 UTC
postgres-1  | 2026-08-07 11:40:48.355 UTC [1] LOG:  database system is ready to accept connections
postgres-1  | 2026-08-07 11:45:48.452 UTC [50] LOG:  checkpoint starting: time
postgres-1  | 2026-08-07 11:50:18.092 UTC [50] LOG:  checkpoint complete: wrote 3330 buffers (20.3%), wrote 33 SLRU buffers; 0 WAL file(s) added, 0 removed, 4 recycled; write=269.621 s, sync=0.016 s, total=269.640 s; sync files=187, longest=0.003 s, average=0.001 s; distance=62782 kB, estimate=62782 kB; lsn=0/A0B4118, redo lsn=0/58F6418
postgres-1  | 2026-08-07 11:50:48.122 UTC [50] LOG:  checkpoint starting: time
api-1       | {"api_key_prefix": "evk_64f04950db0a", "duration_ms": 45.091, "event": "http_request_completed", "level": "info", "method": "POST", "outcome": "success", "path": "/api/v1/datasets", "request_id": "b1bd6238-31ae-4616-912b-a61d22bc9820", "status_code": 201, "tenant_id": "327d2ffb-1823-49ee-aab0-022efdfc7324", "timestamp": "2026-08-07T11:41:07.126211Z", "trace_id": "f6944ab21f284d72f88934fae9e0e3ab"}
api-1       | INFO:     172.18.0.1:59200 - "POST /api/v1/datasets/1158b55a-e2d5-45ca-98dc-2975aefbf593/versions HTTP/1.1" 201 Created
api-1       | {"api_key_prefix": "evk_64f04950db0a", "duration_ms": 58.766, "event": "http_request_completed", "level": "info", "method": "POST", "outcome": "success", "path": "/api/v1/datasets/1158b55a-e2d5-45ca-98dc-2975aefbf593/versions", "request_id": "da0da1df-be9c-4bc0-9c50-789f544c5926", "status_code": 201, "tenant_id": "327d2ffb-1823-49ee-aab0-022efdfc7324", "timestamp": "2026-08-07T11:41:07.186605Z", "trace_id": "d85907a724a61cdf3d9b2fae43abdf16"}
api-1       | INFO:     172.18.0.1:59200 - "POST /api/v1/runs HTTP/1.1" 202 Accepted
api-1       | {"api_key_prefix": "evk_64f04950db0a", "duration_ms": 99.735, "event": "http_request_completed", "level": "info", "method": "POST", "outcome": "success", "path": "/api/v1/runs", "request_id": "47998b0b-6071-4daf-8a8e-7f4ca1f2f30c", "status_code": 202, "tenant_id": "327d2ffb-1823-49ee-aab0-022efdfc7324", "timestamp": "2026-08-07T11:41:09.753878Z", "trace_id": "71877f217dfc2287c97c73359d772882"}
api-1       | INFO:     172.18.0.1:59200 - "GET /api/v1/runs/075c16ac-ca4c-42c5-b59e-bcb84540c24b HTTP/1.1" 200 OK
api-1       | {"api_key_prefix": "evk_64f04950db0a", "duration_ms": 54.981, "event": "http_request_completed", "level": "info", "method": "GET", "outcome": "success", "path": "/api/v1/runs/075c16ac-ca4c-42c5-b59e-bcb84540c24b", "request_id": "e1aee3c7-b221-47a3-b760-c90b29913d43", "status_code": 200, "tenant_id": "327d2ffb-1823-49ee-aab0-022efdfc7324", "timestamp": "2026-08-07T11:41:09.811139Z", "trace_id": "6265ee11d2f575d834cfc23f041df417"}
api-1       | {"event": "Context impl PostgresqlImpl.", "level": "info", "request_id": "22c4c191-13b1-4743-9ae7-903ed3641512", "timestamp": "2026-08-07T11:41:10.639610Z", "trace_id": "26d04472480d52d619da06954150d411"}
api-1       | {"event": "Will assume transactional DDL.", "level": "info", "request_id": "22c4c191-13b1-4743-9ae7-903ed3641512", "timestamp": "2026-08-07T11:41:10.639839Z", "trace_id": "26d04472480d52d619da06954150d411"}
api-1       | INFO:     127.0.0.1:54066 - "GET /health/ready HTTP/1.1" 200 OK
api-1       | {"duration_ms": 99.604, "event": "http_request_completed", "level": "info", "method": "GET", "outcome": "success", "path": "/health/ready", "request_id": "22c4c191-13b1-4743-9ae7-903ed3641512", "status_code": 200, "timestamp": "2026-08-07T11:41:10.646170Z", "trace_id": "26d04472480d52d619da06954150d411"}
api-1       | INFO:     172.18.0.1:59200 - "GET /api/v1/runs/075c16ac-ca4c-42c5-b59e-bcb84540c24b HTTP/1.1" 200 OK
api-1       | {"api_key_prefix": "evk_64f04950db0a", "duration_ms": 342.946, "event": "http_request_completed", "level": "info", "method": "GET", "outcome": "success", "path": "/api/v1/runs/075c16ac-ca4c-42c5-b59e-bcb84540c24b", "request_id": "7094d5b7-07c5-436f-aeb4-b2ec55aacfc4", "status_code": 200, "tenant_id": "327d2ffb-1823-49ee-aab0-022efdfc7324", "timestamp": "2026-08-07T11:41:10.657321Z", "trace_id": "be9d80fb7d315936ef733e9990cfb743"}
api-1       | {"claimed": 18, "event": "outbox_dispatch_batch_completed", "lease_lost": 0, "level": "info", "published": 18, "retry_scheduled": 0, "role": "outbox_dispatcher", "timestamp": "2026-08-07T11:41:10.681956Z"}
api-1       | {"claimed": 50, "event": "outbox_dispatch_batch_completed", "lease_lost": 0, "level": "info", "published": 50, "retry_scheduled": 0, "role": "outbox_dispatcher", "timestamp": "2026-08-07T11:41:11.392549Z"}
api-1       | INFO:     172.18.0.1:59200 - "GET /api/v1/runs/075c16ac-ca4c-42c5-b59e-bcb84540c24b HTTP/1.1" 200 OK
api-1       | {"api_key_prefix": "evk_64f04950db0a", "duration_ms": 234.556, "event": "http_request_completed", "level": "info", "method": "GET", "outcome": "success", "path": "/api/v1/runs/075c16ac-ca4c-42c5-b59e-bcb84540c24b", "request_id": "d19b3f58-652f-4994-93e3-2725a69b95f3", "status_code": 200, "tenant_id": "327d2ffb-1823-49ee-aab0-022efdfc7324", "timestamp": "2026-08-07T11:41:11.395423Z", "trace_id": "d81f25c73d18f9746d41d282038ddaa1"}
api-1       | {"claimed": 35, "event": "outbox_dispatch_batch_completed", "lease_lost": 0, "level": "info", "published": 35, "retry_scheduled": 0, "role": "outbox_dispatcher", "timestamp": "2026-08-07T11:41:12.066036Z"}
api-1       | INFO:     172.18.0.1:59200 - "GET /api/v1/runs/075c16ac-ca4c-42c5-b59e-bcb84540c24b HTTP/1.1" 200 OK
api-1       | {"api_key_prefix": "evk_64f04950db0a", "duration_ms": 179.04, "event": "http_request_completed", "level": "info", "method": "GET", "outcome": "success", "path": "/api/v1/runs/075c16ac-ca4c-42c5-b59e-bcb84540c24b", "request_id": "8760c8cd-1176-4d68-9b7b-97cd895dda33", "status_code": 200, "tenant_id": "327d2ffb-1823-49ee-aab0-022efdfc7324", "timestamp": "2026-08-07T11:41:12.078874Z", "trace_id": "65f808923025186f97676cccf9031f4d"}
api-1       | {"claimed": 3, "event": "outbox_dispatch_batch_completed", "lease_lost": 0, "level": "info", "published": 3, "retry_scheduled": 0, "role": "outbox_dispatcher", "timestamp": "2026-08-07T11:41:12.579677Z"}
api-1       | INFO:     172.18.0.1:59200 - "GET /api/v1/runs/075c16ac-ca4c-42c5-b59e-bcb84540c24b HTTP/1.1" 200 OK
api-1       | {"api_key_prefix": "evk_64f04950db0a", "duration_ms": 50.64, "event": "http_request_completed", "level": "info", "method": "GET", "outcome": "success", "path": "/api/v1/runs/075c16ac-ca4c-42c5-b59e-bcb84540c24b", "request_id": "bfe2e109-aa4d-4be0-8a4d-3aaa264c60be", "status_code": 200, "tenant_id": "327d2ffb-1823-49ee-aab0-022efdfc7324", "timestamp": "2026-08-07T11:41:12.632627Z", "trace_id": "d7ca1f57d279f737e7649f994674d53e"}
api-1       | INFO:     172.18.0.1:59200 - "GET /api/v1/runs/075c16ac-ca4c-42c5-b59e-bcb84540c24b/cases?limit=200&sort=case_id HTTP/1.1" 200 OK
api-1       | {"api_key_prefix": "evk_64f04950db0a", "duration_ms": 59.578, "event": "http_request_completed", "level": "info", "method": "GET", "outcome": "success", "path": "/api/v1/runs/075c16ac-ca4c-42c5-b59e-bcb84540c24b/cases", "request_id": "e158ffcb-47a6-4406-9066-fb0af0cef051", "status_code": 200, "tenant_id": "327d2ffb-1823-49ee-aab0-022efdfc7324", "timestamp": "2026-08-07T11:41:12.693779Z", "trace_id": "8ca5f8de88666864d7fcd4976a0e2759"}
api-1       | INFO:     127.0.0.1:34512 - "GET /metrics HTTP/1.1" 200 OK
api-1       | {"duration_ms": 9.931, "event": "http_request_completed", "level": "info", "method": "GET", "outcome": "success", "path": "/metrics", "request_id": "795c475b-bb5f-4913-8747-e862074a47be", "status_code": 200, "timestamp": "2026-08-07T11:41:13.089156Z", "trace_id": "a23e7204e2f2334c26bc31fac16c281b"}
api-1       | INFO:     172.18.0.1:59200 - "POST /api/v1/runs HTTP/1.1" 202 Accepted
api-1       | {"api_key_prefix": "evk_64f04950db0a", "duration_ms": 225.287, "event": "http_request_completed", "level": "info", "method": "POST", "outcome": "success", "path": "/api/v1/runs", "request_id": "8ce571fa-a181-4077-942f-461520632851", "status_code": 202, "tenant_id": "327d2ffb-1823-49ee-aab0-022efdfc7324", "timestamp": "2026-08-07T11:41:14.144396Z", "trace_id": "219c7bc5d08f4503ea73af4623f8ed20"}
api-1       | INFO:     172.18.0.1:59200 - "GET /api/v1/runs/b10fe793-a7e1-45d0-9391-bd27f5d4ccc9 HTTP/1.1" 200 OK
api-1       | {"api_key_prefix": "evk_64f04950db0a", "duration_ms": 50.393, "event": "http_request_completed", "level": "info", "method": "GET", "outcome": "success", "path": "/api/v1/runs/b10fe793-a7e1-45d0-9391-bd27f5d4ccc9", "request_id": "e0418967-c2a2-43a1-842f-b821952f9b4e", "status_code": 200, "tenant_id": "327d2ffb-1823-49ee-aab0-022efdfc7324", "timestamp": "2026-08-07T11:41:14.196709Z", "trace_id": "673f874402d0798c34eea2182c47e075"}
api-1       | {"claimed": 2, "event": "outbox_dispatch_batch_completed", "lease_lost": 0, "level": "info", "published": 2, "retry_scheduled": 0, "role": "outbox_dispatcher", "timestamp": "2026-08-07T11:41:14.613505Z"}
api-1       | INFO:     172.18.0.1:59200 - "GET /api/v1/runs/b10fe793-a7e1-45d0-9391-bd27f5d4ccc9 HTTP/1.1" 200 OK
api-1       | {"api_key_prefix": "evk_64f04950db0a", "duration_ms": 63.156, "event": "http_request_completed", "level": "info", "method": "GET", "outcome": "success", "path": "/api/v1/runs/b10fe793-a7e1-45d0-9391-bd27f5d4ccc9", "request_id": "5e018b73-db24-427c-bfa5-f34dfe2dc997", "status_code": 200, "tenant_id": "327d2ffb-1823-49ee-aab0-022efdfc7324", "timestamp": "2026-08-07T11:41:14.762439Z", "trace_id": "cdfef32da39761970d9c8fd168a631a9"}
api-1       | {"claimed": 47, "event": "outbox_dispatch_batch_completed", "lease_lost": 0, "level": "info", "published": 47, "retry_scheduled": 0, "role": "outbox_dispatcher", "timestamp": "2026-08-07T11:41:15.323803Z"}
api-1       | INFO:     172.18.0.1:59200 - "GET /api/v1/runs/b10fe793-a7e1-45d0-9391-bd27f5d4ccc9 HTTP/1.1" 200 OK
api-1       | {"api_key_prefix": "evk_64f04950db0a", "duration_ms": 125.88, "event": "http_request_completed", "level": "info", "method": "GET", "outcome": "success", "path": "/api/v1/runs/b10fe793-a7e1-45d0-9391-bd27f5d4ccc9", "request_id": "49ae323b-25dd-4392-92a7-b047ef5cbb7d", "status_code": 200, "tenant_id": "327d2ffb-1823-49ee-aab0-022efdfc7324", "timestamp": "2026-08-07T11:41:15.394150Z", "trace_id": "44f3578d966928dd05a29779a48e668e"}
api-1       | {"claimed": 50, "event": "outbox_dispatch_batch_completed", "lease_lost": 0, "level": "info", "published": 50, "retry_scheduled": 0, "role": "outbox_dispatcher", "timestamp": "2026-08-07T11:41:16.192706Z"}
api-1       | {"event": "Context impl PostgresqlImpl.", "level": "info", "request_id": "dd75eb5b-b659-4811-bd02-53056af634f4", "timestamp": "2026-08-07T11:41:16.194847Z", "trace_id": "82a9c3b161679b529ac53c28bd5dcb03"}
api-1       | {"event": "Will assume transactional DDL.", "level": "info", "request_id": "dd75eb5b-b659-4811-bd02-53056af634f4", "timestamp": "2026-08-07T11:41:16.194987Z", "trace_id": "82a9c3b161679b529ac53c28bd5dcb03"}
api-1       | INFO:     127.0.0.1:34538 - "GET /health/ready HTTP/1.1" 200 OK
api-1       | {"duration_ms": 65.143, "event": "http_request_completed", "level": "info", "method": "GET", "outcome": "success", "path": "/health/ready", "request_id": "dd75eb5b-b659-4811-bd02-53056af634f4", "status_code": 200, "timestamp": "2026-08-07T11:41:16.201945Z", "trace_id": "82a9c3b161679b529ac53c28bd5dcb03"}
api-1       | INFO:     172.18.0.1:59200 - "GET /api/v1/runs/b10fe793-a7e1-45d0-9391-bd27f5d4ccc9 HTTP/1.1" 200 OK
api-1       | {"api_key_prefix": "evk_64f04950db0a", "duration_ms": 327.281, "event": "http_request_completed", "level": "info", "method": "GET", "outcome": "success", "path": "/api/v1/runs/b10fe793-a7e1-45d0-9391-bd27f5d4ccc9", "request_id": "99ff9322-e6e7-497d-8eb4-db5c32c232c0", "status_code": 200, "tenant_id": "327d2ffb-1823-49ee-aab0-022efdfc7324", "timestamp": "2026-08-07T11:41:16.262519Z", "trace_id": "a11628a1abf6bd204401ac6d915a7419"}
api-1       | {"claimed": 50, "event": "outbox_dispatch_batch_completed", "lease_lost": 0, "level": "info", "published": 50, "retry_scheduled": 0, "role": "outbox_dispatcher", "timestamp": "2026-08-07T11:41:16.892260Z"}
api-1       | INFO:     172.18.0.1:59200 - "GET /api/v1/runs/b10fe793-a7e1-45d0-9391-bd27f5d4ccc9 HTTP/1.1" 200 OK
api-1       | {"api_key_prefix": "evk_64f04950db0a", "duration_ms": 164.706, "event": "http_request_completed", "level": "info", "method": "GET", "outcome": "success", "path": "/api/v1/runs/b10fe793-a7e1-45d0-9391-bd27f5d4ccc9", "request_id": "949a34b1-2ec3-417f-9fae-6a4b98a4020f", "status_code": 200, "tenant_id": "327d2ffb-1823-49ee-aab0-022efdfc7324", "timestamp": "2026-08-07T11:41:16.954607Z", "trace_id": "cf4c0a1b158176ca708cf66ee42161a7"}
api-1       | {"claimed": 50, "event": "outbox_dispatch_batch_completed", "lease_lost": 0, "level": "info", "published": 50, "retry_scheduled": 0, "role": "outbox_dispatcher", "timestamp": "2026-08-07T11:41:17.696378Z"}
api-1       | INFO:     172.18.0.1:59200 - "GET /api/v1/runs/b10fe793-a7e1-45d0-9391-bd27f5d4ccc9 HTTP/1.1" 200 OK
api-1       | {"api_key_prefix": "evk_64f04950db0a", "duration_ms": 245.791, "event": "http_request_completed", "level": "info", "method": "GET", "outcome": "success", "path": "/api/v1/runs/b10fe793-a7e1-45d0-9391-bd27f5d4ccc9", "request_id": "c92303d7-09c1-4ed0-be06-0be565e136ab", "status_code": 200, "tenant_id": "327d2ffb-1823-49ee-aab0-022efdfc7324", "timestamp": "2026-08-07T11:41:17.750396Z", "trace_id": "765de0dddb2c65afce5c7090070d92c5"}
api-1       | {"claimed": 50, "event": "outbox_dispatch_batch_completed", "lease_lost": 0, "level": "info", "published": 50, "retry_scheduled": 0, "role": "outbox_dispatcher", "timestamp": "2026-08-07T11:41:18.379078Z"}
api-1       | INFO:     172.18.0.1:59200 - "GET /api/v1/runs/b10fe793-a7e1-45d0-9391-bd27f5d4ccc9 HTTP/1.1" 200 OK
api-1       | {"api_key_prefix": "evk_64f04950db0a", "duration_ms": 182.633, "event": "http_request_completed", "level": "info", "method": "GET", "outcome": "success", "path": "/api/v1/runs/b10fe793-a7e1-45d0-9391-bd27f5d4ccc9", "request_id": "381d2bdd-71a9-4893-bb90-524f6530a89b", "status_code": 200, "tenant_id": "327d2ffb-1823-49ee-aab0-022efdfc7324", "timestamp": "2026-08-07T11:41:18.436643Z", "trace_id": "bfa1083970eed62762c402cf81a7fd2c"}
api-1       | {"claimed": 50, "event": "outbox_dispatch_batch_completed", "lease_lost": 0, "level": "info", "published": 50, "retry_scheduled": 0, "role": "outbox_dispatcher", "timestamp": "2026-08-07T11:41:19.073694Z"}
api-1       | INFO:     172.18.0.1:59200 - "GET /api/v1/runs/b10fe793-a7e1-45d0-9391-bd27f5d4ccc9 HTTP/1.1" 200 OK
api-1       | {"api_key_prefix": "evk_64f04950db0a", "duration_ms": 186.999, "event": "http_request_completed", "level": "info", "method": "GET", "outcome": "success", "path": "/api/v1/runs/b10fe793-a7e1-45d0-9391-bd27f5d4ccc9", "request_id": "99da7eed-0a1e-4f63-bf17-99833da00ed7", "status_code": 200, "tenant_id": "327d2ffb-1823-49ee-aab0-022efdfc7324", "timestamp": "2026-08-07T11:41:19.129081Z", "trace_id": "3fbdc7203d004b0ef9c5657e9dd1b9f0"}
api-1       | {"claimed": 50, "event": "outbox_dispatch_batch_completed", "lease_lost": 0, "level": "info", "published": 50, "retry_scheduled": 0, "role": "outbox_dispatcher", "timestamp": "2026-08-07T11:41:19.769640Z"}
api-1       | INFO:     172.18.0.1:59200 - "GET /api/v1/runs/b10fe793-a7e1-45d0-9391-bd27f5d4ccc9 HTTP/1.1" 200 OK
api-1       | {"api_key_prefix": "evk_64f04950db0a", "duration_ms": 194.204, "event": "http_request_completed", "level": "info", "method": "GET", "outcome": "success", "path": "/api/v1/runs/b10fe793-a7e1-45d0-9391-bd27f5d4ccc9", "request_id": "9071b138-a89e-46a2-ac99-c868606ada90", "status_code": 200, "tenant_id": "327d2ffb-1823-49ee-aab0-022efdfc7324", "timestamp": "2026-08-07T11:41:19.827849Z", "trace_id": "b758af7f58aef9325f756226d263a64d"}
api-1       | {"claimed": 50, "event": "outbox_dispatch_batch_completed", "lease_lost": 0, "level": "info", "published": 50, "retry_scheduled": 0, "role": "outbox_dispatcher", "timestamp": "2026-08-07T11:41:20.465396Z"}
api-1       | INFO:     172.18.0.1:59200 - "GET /api/v1/runs/b10fe793-a7e1-45d0-9391-bd27f5d4ccc9 HTTP/1.1" 200 OK
api-1       | {"api_key_prefix": "evk_64f04950db0a", "duration_ms": 144.525, "event": "http_request_completed", "level": "info", "method": "GET", "outcome": "success", "path": "/api/v1/runs/b10fe793-a7e1-45d0-9391-bd27f5d4ccc9", "request_id": "4871ee33-4bbe-472f-8808-26a77a26dd9f", "status_code": 200, "tenant_id": "327d2ffb-1823-49ee-aab0-022efdfc7324", "timestamp": "2026-08-07T11:41:20.478176Z", "trace_id": "1ccc9d95032f7cf62f585b7d2a6b99aa"}
api-1       | {"claimed": 50, "event": "outbox_dispatch_batch_completed", "lease_lost": 0, "level": "info", "published": 50, "retry_scheduled": 0, "role": "outbox_dispatcher", "timestamp": "2026-08-07T11:41:21.173309Z"}
api-1       | INFO:     172.18.0.1:59200 - "GET /api/v1/runs/b10fe793-a7e1-45d0-9391-bd27f5d4ccc9 HTTP/1.1" 200 OK
api-1       | {"api_key_prefix": "evk_64f04950db0a", "duration_ms": 202.054, "event": "http_request_completed", "level": "info", "method": "GET", "outcome": "success", "path": "/api/v1/runs/b10fe793-a7e1-45d0-9391-bd27f5d4ccc9", "request_id": "c42d7c5c-80b8-4a66-8a84-f68ae873caaf", "status_code": 200, "tenant_id": "327d2ffb-1823-49ee-aab0-022efdfc7324", "timestamp": "2026-08-07T11:41:21.182486Z", "trace_id": "d5e038a8cde48c0a223b8630af687cc4"}
api-1       | {"event": "Context impl PostgresqlImpl.", "level": "info", "request_id": "7f6951a2-6915-4fce-baac-a02da39f9797", "timestamp": "2026-08-07T11:41:21.542087Z", "trace_id": "c305d119fbaf659be7438c831d5a111d"}
api-1       | {"event": "Will assume transactional DDL.", "level": "info", "request_id": "7f6951a2-6915-4fce-baac-a02da39f9797", "timestamp": "2026-08-07T11:41:21.542207Z", "trace_id": "c305d119fbaf659be7438c831d5a111d"}
api-1       | INFO:     127.0.0.1:34560 - "GET /health/ready HTTP/1.1" 200 OK
api-1       | {"duration_ms": 21.751, "event": "http_request_completed", "level": "info", "method": "GET", "outcome": "success", "path": "/health/ready", "request_id": "7f6951a2-6915-4fce-baac-a02da39f9797", "status_code": 200, "timestamp": "2026-08-07T11:41:21.550133Z", "trace_id": "c305d119fbaf659be7438c831d5a111d"}
api-1       | INFO:     172.18.0.1:59200 - "GET /api/v1/runs/b10fe793-a7e1-45d0-9391-bd27f5d4ccc9 HTTP/1.1" 200 OK
api-1       | {"api_key_prefix": "evk_64f04950db0a", "duration_ms": 125.389, "event": "http_request_completed", "level": "info", "method": "GET", "outcome": "success", "path": "/api/v1/runs/b10fe793-a7e1-45d0-9391-bd27f5d4ccc9", "request_id": "ebb1a116-5904-4176-b8c0-f947dee2c17e", "status_code": 200, "tenant_id": "327d2ffb-1823-49ee-aab0-022efdfc7324", "timestamp": "2026-08-07T11:41:21.810771Z", "trace_id": "063daaed7537fc57d6e67b1897c104d9"}
api-1       | {"claimed": 50, "event": "outbox_dispatch_batch_completed", "lease_lost": 0, "level": "info", "published": 50, "retry_scheduled": 0, "role": "outbox_dispatcher", "timestamp": "2026-08-07T11:41:21.915726Z"}
api-1       | INFO:     172.18.0.1:59200 - "GET /api/v1/runs/b10fe793-a7e1-45d0-9391-bd27f5d4ccc9 HTTP/1.1" 200 OK
api-1       | {"api_key_prefix": "evk_64f04950db0a", "duration_ms": 57.303, "event": "http_request_completed", "level": "info", "method": "GET", "outcome": "success", "path": "/api/v1/runs/b10fe793-a7e1-45d0-9391-bd27f5d4ccc9", "request_id": "678268e6-852b-4a92-a301-7c760bdb5cf4", "status_code": 200, "tenant_id": "327d2ffb-1823-49ee-aab0-022efdfc7324", "timestamp": "2026-08-07T11:41:22.370513Z", "trace_id": "70c22d21996f371cfd03e0d921d2aa48"}
api-1       | {"claimed": 50, "event": "outbox_dispatch_batch_completed", "lease_lost": 0, "level": "info", "published": 50, "retry_scheduled": 0, "role": "outbox_dispatcher", "timestamp": "2026-08-07T11:41:22.603098Z"}
api-1       | INFO:     172.18.0.1:59200 - "GET /api/v1/runs/b10fe793-a7e1-45d0-9391-bd27f5d4ccc9 HTTP/1.1" 200 OK
api-1       | {"api_key_prefix": "evk_64f04950db0a", "duration_ms": 56.659, "event": "http_request_completed", "level": "info", "method": "GET", "outcome": "success", "path": "/api/v1/runs/b10fe793-a7e1-45d0-9391-bd27f5d4ccc9", "request_id": "7fa3f8b6-02c0-4d59-811f-b89d06090eab", "status_code": 200, "tenant_id": "327d2ffb-1823-49ee-aab0-022efdfc7324", "timestamp": "2026-08-07T11:41:22.929703Z", "trace_id": "ddd78896936354b508a72a9100312c39"}
api-1       | {"claimed": 50, "event": "outbox_dispatch_batch_completed", "lease_lost": 0, "level": "info", "published": 50, "retry_scheduled": 0, "role": "outbox_dispatcher", "timestamp": "2026-08-07T11:41:23.362348Z"}
api-1       | INFO:     172.18.0.1:59200 - "GET /api/v1/runs/b10fe793-a7e1-45d0-9391-bd27f5d4ccc9 HTTP/1.1" 200 OK
api-1       | {"api_key_prefix": "evk_64f04950db0a", "duration_ms": 57.375, "event": "http_request_completed", "level": "info", "method": "GET", "outcome": "success", "path": "/api/v1/runs/b10fe793-a7e1-45d0-9391-bd27f5d4ccc9", "request_id": "6d21173b-6107-49b5-addf-fa6de4fcec1d", "status_code": 200, "tenant_id": "327d2ffb-1823-49ee-aab0-022efdfc7324", "timestamp": "2026-08-07T11:41:23.489603Z", "trace_id": "496048da3c0b270978cfa080315fb9a7"}
api-1       | {"claimed": 50, "event": "outbox_dispatch_batch_completed", "lease_lost": 0, "level": "info", "published": 50, "retry_scheduled": 0, "role": "outbox_dispatcher", "timestamp": "2026-08-07T11:41:24.063444Z"}
api-1       | INFO:     172.18.0.1:59200 - "GET /api/v1/runs/b10fe793-a7e1-45d0-9391-bd27f5d4ccc9 HTTP/1.1" 200 OK
api-1       | {"api_key_prefix": "evk_64f04950db0a", "duration_ms": 95.054, "event": "http_request_completed", "level": "info", "method": "GET", "outcome": "success", "path": "/api/v1/runs/b10fe793-a7e1-45d0-9391-bd27f5d4ccc9", "request_id": "372198b7-eef6-4efb-aecb-63da15b92507", "status_code": 200, "tenant_id": "327d2ffb-1823-49ee-aab0-022efdfc7324", "timestamp": "2026-08-07T11:41:24.092360Z", "trace_id": "1899b22205d5251810b71e9d8fc1092b"}
api-1       | {"claimed": 50, "event": "outbox_dispatch_batch_completed", "lease_lost": 0, "level": "info", "published": 50, "retry_scheduled": 0, "role": "outbox_dispatcher", "timestamp": "2026-08-07T11:41:24.766824Z"}
api-1       | INFO:     172.18.0.1:59200 - "GET /api/v1/runs/b10fe793-a7e1-45d0-9391-bd27f5d4ccc9 HTTP/1.1" 200 OK
api-1       | {"api_key_prefix": "evk_64f04950db0a", "duration_ms": 209.693, "event": "http_request_completed", "level": "info", "method": "GET", "outcome": "success", "path": "/api/v1/runs/b10fe793-a7e1-45d0-9391-bd27f5d4ccc9", "request_id": "2e8e1dfd-65a2-41c9-b36c-7e18480f362c", "status_code": 200, "tenant_id": "327d2ffb-1823-49ee-aab0-022efdfc7324", "timestamp": "2026-08-07T11:41:24.828663Z", "trace_id": "9e151e19bb708e31ce44eb5c28f821f6"}
api-1       | {"claimed": 50, "event": "outbox_dispatch_batch_completed", "lease_lost": 0, "level": "info", "published": 50, "retry_scheduled": 0, "role": "outbox_dispatcher", "timestamp": "2026-08-07T11:41:25.463119Z"}
api-1       | INFO:     172.18.0.1:59200 - "GET /api/v1/runs/b10fe793-a7e1-45d0-9391-bd27f5d4ccc9 HTTP/1.1" 200 OK
api-1       | {"api_key_prefix": "evk_64f04950db0a", "duration_ms": 188.542, "event": "http_request_completed", "level": "info", "method": "GET", "outcome": "success", "path": "/api/v1/runs/b10fe793-a7e1-45d0-9391-bd27f5d4ccc9", "request_id": "229e5078-c2d0-48ca-b1d5-80bd1eabbd13", "status_code": 200, "tenant_id": "327d2ffb-1823-49ee-aab0-022efdfc7324", "timestamp": "2026-08-07T11:41:25.526339Z", "trace_id": "fd79a86d20ee328fe538758140feda0c"}
api-1       | {"claimed": 50, "event": "outbox_dispatch_batch_completed", "lease_lost": 0, "level": "info", "published": 50, "retry_scheduled": 0, "role": "outbox_dispatcher", "timestamp": "2026-08-07T11:41:26.169589Z"}
api-1       | INFO:     172.18.0.1:59200 - "GET /api/v1/runs/b10fe793-a7e1-45d0-9391-bd27f5d4ccc9 HTTP/1.1" 200 OK
api-1       | {"api_key_prefix": "evk_64f04950db0a", "duration_ms": 139.28, "event": "http_request_completed", "level": "info", "method": "GET", "outcome": "success", "path": "/api/v1/runs/b10fe793-a7e1-45d0-9391-bd27f5d4ccc9", "request_id": "0373bfea-749f-434e-a2bc-d019fa4cf4b7", "status_code": 200, "tenant_id": "327d2ffb-1823-49ee-aab0-022efdfc7324", "timestamp": "2026-08-07T11:41:26.197817Z", "trace_id": "1b81ce9918caafc51ab43348c19cccfe"}
api-1       | {"claimed": 50, "event": "outbox_dispatch_batch_completed", "lease_lost": 0, "level": "info", "published": 50, "retry_scheduled": 0, "role": "outbox_dispatcher", "timestamp": "2026-08-07T11:41:26.968298Z"}
api-1       | {"event": "Context impl PostgresqlImpl.", "level": "info", "request_id": "75dd1cc5-29e1-4967-bf4b-50946f495c24", "timestamp": "2026-08-07T11:41:27.041784Z", "trace_id": "9c383b5fc74dca6d49a676f836fe7bc0"}
api-1       | {"event": "Will assume transactional DDL.", "level": "info", "request_id": "75dd1cc5-29e1-4967-bf4b-50946f495c24", "timestamp": "2026-08-07T11:41:27.041893Z", "trace_id": "9c383b5fc74dca6d49a676f836fe7bc0"}
api-1       | INFO:     127.0.0.1:57002 - "GET /health/ready HTTP/1.1" 200 OK
api-1       | {"duration_ms": 21.502, "event": "http_request_completed", "level": "info", "method": "GET", "outcome": "success", "path": "/health/ready", "request_id": "75dd1cc5-29e1-4967-bf4b-50946f495c24", "status_code": 200, "timestamp": "2026-08-07T11:41:27.049841Z", "trace_id": "9c383b5fc74dca6d49a676f836fe7bc0"}
api-1       | INFO:     172.18.0.1:59200 - "GET /api/v1/runs/b10fe793-a7e1-45d0-9391-bd27f5d4ccc9 HTTP/1.1" 200 OK
api-1       | {"api_key_prefix": "evk_64f04950db0a", "duration_ms": 318.558, "event": "http_request_completed", "level": "info", "method": "GET", "outcome": "success", "path": "/api/v1/runs/b10fe793-a7e1-45d0-9391-bd27f5d4ccc9", "request_id": "0fdd1561-05cf-46ff-84f8-26f4f6a35ea8", "status_code": 200, "tenant_id": "327d2ffb-1823-49ee-aab0-022efdfc7324", "timestamp": "2026-08-07T11:41:27.077381Z", "trace_id": "b108407da33cc1836aa10982fce035b5"}
api-1       | {"claimed": 50, "event": "outbox_dispatch_batch_completed", "lease_lost": 0, "level": "info", "published": 50, "retry_scheduled": 0, "role": "outbox_dispatcher", "timestamp": "2026-08-07T11:41:27.662562Z"}
api-1       | INFO:     172.18.0.1:59200 - "GET /api/v1/runs/b10fe793-a7e1-45d0-9391-bd27f5d4ccc9 HTTP/1.1" 200 OK
api-1       | {"api_key_prefix": "evk_64f04950db0a", "duration_ms": 94.854, "event": "http_request_completed", "level": "info", "method": "GET", "outcome": "success", "path": "/api/v1/runs/b10fe793-a7e1-45d0-9391-bd27f5d4ccc9", "request_id": "0eb82efb-96d4-4a4f-be39-990785be44f2", "status_code": 200, "tenant_id": "327d2ffb-1823-49ee-aab0-022efdfc7324", "timestamp": "2026-08-07T11:41:27.677917Z", "trace_id": "f77451a5ab75be98c0049e9adbe3f2a4"}
api-1       | {"claimed": 50, "event": "outbox_dispatch_batch_completed", "lease_lost": 0, "level": "info", "published": 50, "retry_scheduled": 0, "role": "outbox_dispatcher", "timestamp": "2026-08-07T11:41:28.315000Z"}
api-1       | INFO:     172.18.0.1:59200 - "GET /api/v1/runs/b10fe793-a7e1-45d0-9391-bd27f5d4ccc9 HTTP/1.1" 200 OK
api-1       | {"api_key_prefix": "evk_64f04950db0a", "duration_ms": 169.525, "event": "http_request_completed", "level": "info", "method": "GET", "outcome": "success", "path": "/api/v1/runs/b10fe793-a7e1-45d0-9391-bd27f5d4ccc9", "request_id": "e3f5f8c6-9798-4ee6-ac9f-53444bdaed01", "status_code": 200, "tenant_id": "327d2ffb-1823-49ee-aab0-022efdfc7324", "timestamp": "2026-08-07T11:41:28.366550Z", "trace_id": "6cf8df6d0a64bc8168cfb5d86f4509ca"}
api-1       | INFO:     172.18.0.1:59200 - "GET /api/v1/runs/b10fe793-a7e1-45d0-9391-bd27f5d4ccc9/cases?limit=200&sort=case_id HTTP/1.1" 200 OK
api-1       | {"api_key_prefix": "evk_64f04950db0a", "duration_ms": 69.468, "event": "http_request_completed", "level": "info", "method": "GET", "outcome": "success", "path": "/api/v1/runs/b10fe793-a7e1-45d0-9391-bd27f5d4ccc9/cases", "request_id": "a0d71116-f574-41de-a42b-1dc288608cdc", "status_code": 200, "tenant_id": "327d2ffb-1823-49ee-aab0-022efdfc7324", "timestamp": "2026-08-07T11:41:28.437747Z", "trace_id": "529471403460ff8d71a0aaa0855cf6bf"}
api-1       | INFO:     172.18.0.1:59200 - "GET /api/v1/runs/b10fe793-a7e1-45d0-9391-bd27f5d4ccc9/cases?limit=200&sort=case_id&cursor=eyJkaXJlY3Rpb24iOiJhc2MiLCJlcnJvcl9jb2RlIjpudWxsLCJqb2JfaWQiOiJmYjMzZjM5Yi0zZTVjLTRmYzktYWJjYS02OGFmNjJhOWUwY2IiLCJtZXRyaWMiOm51bGwsInNvcnQiOiJjYXNlX2lkIiwic3RhdHVzIjpudWxsLCJ2IjoxLCJ2YWx1ZSI6ImxvYWQtMDE5OSJ9 HTTP/1.1" 200 OK
api-1       | {"api_key_prefix": "evk_64f04950db0a", "duration_ms": 111.509, "event": "http_request_completed", "level": "info", "method": "GET", "outcome": "success", "path": "/api/v1/runs/b10fe793-a7e1-45d0-9391-bd27f5d4ccc9/cases", "request_id": "66e0aa42-da82-4a1c-a13a-d3bc6539477d", "status_code": 200, "tenant_id": "327d2ffb-1823-49ee-aab0-022efdfc7324", "timestamp": "2026-08-07T11:41:28.551894Z", "trace_id": "c38f0c5ee2bd0641a261f4659ec93d66"}
api-1       | INFO:     172.18.0.1:59200 - "GET /api/v1/runs/b10fe793-a7e1-45d0-9391-bd27f5d4ccc9/cases?limit=200&sort=case_id&cursor=eyJkaXJlY3Rpb24iOiJhc2MiLCJlcnJvcl9jb2RlIjpudWxsLCJqb2JfaWQiOiI5MTI1M2U3Mi0yZmZhLTRkNzQtOWJmNi1mMWMxZmM1NTgyOGEiLCJtZXRyaWMiOm51bGwsInNvcnQiOiJjYXNlX2lkIiwic3RhdHVzIjpudWxsLCJ2IjoxLCJ2YWx1ZSI6ImxvYWQtMDM5OSJ9 HTTP/1.1" 200 OK
api-1       | {"api_key_prefix": "evk_64f04950db0a", "duration_ms": 68.337, "event": "http_request_completed", "level": "info", "method": "GET", "outcome": "success", "path": "/api/v1/runs/b10fe793-a7e1-45d0-9391-bd27f5d4ccc9/cases", "request_id": "5d35b2ac-72a7-4589-afb3-c92c28041316", "status_code": 200, "tenant_id": "327d2ffb-1823-49ee-aab0-022efdfc7324", "timestamp": "2026-08-07T11:41:28.622661Z", "trace_id": "b414bbc93088fa5aedd0a83a5580627f"}
api-1       | {"claimed": 50, "event": "outbox_dispatch_batch_completed", "lease_lost": 0, "level": "info", "published": 50, "retry_scheduled": 0, "role": "outbox_dispatcher", "timestamp": "2026-08-07T11:41:29.148245Z"}
api-1       | INFO:     127.0.0.1:57014 - "GET /metrics HTTP/1.1" 200 OK
api-1       | {"duration_ms": 7.22, "event": "http_request_completed", "level": "info", "method": "GET", "outcome": "success", "path": "/metrics", "request_id": "88fc0a12-3ab3-4dd8-a4a9-3d288cc5c939", "status_code": 200, "timestamp": "2026-08-07T11:41:29.177858Z", "trace_id": "04a6faa7fc3191bfe66c722efefb1036"}
api-1       | {"claimed": 50, "event": "outbox_dispatch_batch_completed", "lease_lost": 0, "level": "info", "published": 50, "retry_scheduled": 0, "role": "outbox_dispatcher", "timestamp": "2026-08-07T11:41:29.821587Z"}
api-1       | {"claimed": 3, "event": "outbox_dispatch_batch_completed", "lease_lost": 0, "level": "info", "published": 3, "retry_scheduled": 0, "role": "outbox_dispatcher", "timestamp": "2026-08-07T11:41:30.335111Z"}
api-1       | {"event": "Context impl PostgresqlImpl.", "level": "info", "request_id": "ca748836-d3ed-4cf3-b529-5bd30aef2762", "timestamp": "2026-08-07T11:41:32.357963Z", "trace_id": "6885a0470116417ef56799e27f66d40f"}
api-1       | {"event": "Will assume transactional DDL.", "level": "info", "request_id": "ca748836-d3ed-4cf3-b529-5bd30aef2762", "timestamp": "2026-08-07T11:41:32.358100Z", "trace_id": "6885a0470116417ef56799e27f66d40f"}
api-1       | INFO:     127.0.0.1:58680 - "GET /health/ready HTTP/1.1" 200 OK
api-1       | {"duration_ms": 30.429, "event": "http_request_completed", "level": "info", "method": "GET", "outcome": "success", "path": "/health/ready", "request_id": "ca748836-d3ed-4cf3-b529-5bd30aef2762", "status_code": 200, "timestamp": "2026-08-07T11:41:32.364792Z", "trace_id": "6885a0470116417ef56799e27f66d40f"}
api-1       | INFO:     172.18.0.1:46954 - "POST /api/v1/runs HTTP/1.1" 202 Accepted
api-1       | {"api_key_prefix": "evk_64f04950db0a", "duration_ms": 104.192, "event": "http_request_completed", "level": "info", "method": "POST", "outcome": "success", "path": "/api/v1/runs", "request_id": "cbe60cc2-9cdb-429e-86fa-3b6ee16b199e", "status_code": 202, "tenant_id": "327d2ffb-1823-49ee-aab0-022efdfc7324", "timestamp": "2026-08-07T11:41:34.011731Z", "trace_id": "e8875b678ba7fc360827c1aadb7936d2"}
api-1       | INFO:     172.18.0.1:46954 - "GET /api/v1/runs/c1d551e0-cda5-47b2-bdda-eb20e019f722 HTTP/1.1" 200 OK
api-1       | {"api_key_prefix": "evk_64f04950db0a", "duration_ms": 65.721, "event": "http_request_completed", "level": "info", "method": "GET", "outcome": "success", "path": "/api/v1/runs/c1d551e0-cda5-47b2-bdda-eb20e019f722", "request_id": "4f0303cc-6c87-449e-910d-01d3579f0132", "status_code": 200, "tenant_id": "327d2ffb-1823-49ee-aab0-022efdfc7324", "timestamp": "2026-08-07T11:41:34.079437Z", "trace_id": "6694fb8907a059bc613af4e62502f423"}
api-1       | INFO:     172.18.0.1:46954 - "GET /api/v1/runs/c1d551e0-cda5-47b2-bdda-eb20e019f722 HTTP/1.1" 200 OK
api-1       | {"api_key_prefix": "evk_64f04950db0a", "duration_ms": 82.739, "event": "http_request_completed", "level": "info", "method": "GET", "outcome": "success", "path": "/api/v1/runs/c1d551e0-cda5-47b2-bdda-eb20e019f722", "request_id": "51085573-711f-40d2-a406-c313debdbc63", "status_code": 200, "tenant_id": "327d2ffb-1823-49ee-aab0-022efdfc7324", "timestamp": "2026-08-07T11:41:34.665190Z", "trace_id": "e38e8647b45b61fdbb44fdc4bc07f733"}
api-1       | {"claimed": 37, "event": "outbox_dispatch_batch_completed", "lease_lost": 0, "level": "info", "published": 37, "retry_scheduled": 0, "role": "outbox_dispatcher", "timestamp": "2026-08-07T11:41:35.104321Z"}
api-1       | INFO:     172.18.0.1:46954 - "GET /api/v1/runs/c1d551e0-cda5-47b2-bdda-eb20e019f722 HTTP/1.1" 200 OK
api-1       | {"api_key_prefix": "evk_64f04950db0a", "duration_ms": 66.599, "event": "http_request_completed", "level": "info", "method": "GET", "outcome": "success", "path": "/api/v1/runs/c1d551e0-cda5-47b2-bdda-eb20e019f722", "request_id": "437c6986-bcc3-4d97-99da-89eaf6a35764", "status_code": 200, "tenant_id": "327d2ffb-1823-49ee-aab0-022efdfc7324", "timestamp": "2026-08-07T11:41:35.232905Z", "trace_id": "1e52ac3701af7c2bfe172029fc3efc00"}
api-1       | {"claimed": 50, "event": "outbox_dispatch_batch_completed", "lease_lost": 0, "level": "info", "published": 50, "retry_scheduled": 0, "role": "outbox_dispatcher", "timestamp": "2026-08-07T11:41:35.765747Z"}
api-1       | INFO:     172.18.0.1:46954 - "GET /api/v1/runs/c1d551e0-cda5-47b2-bdda-eb20e019f722 HTTP/1.1" 200 OK
api-1       | {"api_key_prefix": "evk_64f04950db0a", "duration_ms": 74.695, "event": "http_request_completed", "level": "info", "method": "GET", "outcome": "success", "path": "/api/v1/runs/c1d551e0-cda5-47b2-bdda-eb20e019f722", "request_id": "86df089a-378d-49c0-bfcf-89d3e390f0dd", "status_code": 200, "tenant_id": "327d2ffb-1823-49ee-aab0-022efdfc7324", "timestamp": "2026-08-07T11:41:35.814001Z", "trace_id": "1ab9efbd27facd71ec4713a8366b5172"}
api-1       | {"claimed": 14, "event": "outbox_dispatch_batch_completed", "lease_lost": 0, "level": "info", "published": 14, "retry_scheduled": 0, "role": "outbox_dispatcher", "timestamp": "2026-08-07T11:41:36.364460Z"}
api-1       | INFO:     172.18.0.1:46954 - "GET /api/v1/runs/c1d551e0-cda5-47b2-bdda-eb20e019f722 HTTP/1.1" 200 OK
api-1       | {"api_key_prefix": "evk_64f04950db0a", "duration_ms": 85.341, "event": "http_request_completed", "level": "info", "method": "GET", "outcome": "success", "path": "/api/v1/runs/c1d551e0-cda5-47b2-bdda-eb20e019f722", "request_id": "894ded4f-bdc5-436c-bf1a-d4fff43dc3e6", "status_code": 200, "tenant_id": "327d2ffb-1823-49ee-aab0-022efdfc7324", "timestamp": "2026-08-07T11:41:36.410805Z", "trace_id": "75d3e57f184bfee406cf5bfce1afe148"}
api-1       | {"claimed": 5, "event": "outbox_dispatch_batch_completed", "lease_lost": 0, "level": "info", "published": 5, "retry_scheduled": 0, "role": "outbox_dispatcher", "timestamp": "2026-08-07T11:41:36.880460Z"}
api-1       | INFO:     172.18.0.1:46954 - "GET /api/v1/runs/c1d551e0-cda5-47b2-bdda-eb20e019f722 HTTP/1.1" 200 OK
api-1       | {"api_key_prefix": "evk_64f04950db0a", "duration_ms": 51.21, "event": "http_request_completed", "level": "info", "method": "GET", "outcome": "success", "path": "/api/v1/runs/c1d551e0-cda5-47b2-bdda-eb20e019f722", "request_id": "0ab34890-9cad-4949-8c6e-91f80a09fdaf", "status_code": 200, "tenant_id": "327d2ffb-1823-49ee-aab0-022efdfc7324", "timestamp": "2026-08-07T11:41:36.964575Z", "trace_id": "29261859017ee34a060c2335e6ee7f28"}
api-1       | INFO:     172.18.0.1:46954 - "GET /api/v1/runs/c1d551e0-cda5-47b2-bdda-eb20e019f722/cases?limit=200&sort=case_id HTTP/1.1" 200 OK
api-1       | {"api_key_prefix": "evk_64f04950db0a", "duration_ms": 56.148, "event": "http_request_completed", "level": "info", "method": "GET", "outcome": "success", "path": "/api/v1/runs/c1d551e0-cda5-47b2-bdda-eb20e019f722/cases", "request_id": "a47c0107-2cf1-4ec3-a504-cf9ac3e8f437", "status_code": 200, "tenant_id": "327d2ffb-1823-49ee-aab0-022efdfc7324", "timestamp": "2026-08-07T11:41:37.022277Z", "trace_id": "8f1d5097863257e318b5b372edc9e82c"}
api-1       | INFO:     127.0.0.1:58712 - "GET /metrics HTTP/1.1" 200 OK
api-1       | {"duration_ms": 10.169, "event": "http_request_completed", "level": "info", "method": "GET", "outcome": "success", "path": "/metrics", "request_id": "c447fc4b-432c-4893-8fc8-fc04f90851b5", "status_code": 200, "timestamp": "2026-08-07T11:41:37.408873Z", "trace_id": "0a0da422e0a9766be27ff9d3cef24f18"}
api-1       | {"event": "Context impl PostgresqlImpl.", "level": "info", "request_id": "9ca84eb9-e222-4ba9-964c-3245fb164278", "timestamp": "2026-08-07T11:41:37.678894Z", "trace_id": "a8f9ee43a2a8f70f812c061278d22d10"}
api-1       | {"event": "Will assume transactional DDL.", "level": "info", "request_id": "9ca84eb9-e222-4ba9-964c-3245fb164278", "timestamp": "2026-08-07T11:41:37.679014Z", "trace_id": "a8f9ee43a2a8f70f812c061278d22d10"}
api-1       | INFO:     127.0.0.1:58720 - "GET /health/ready HTTP/1.1" 200 OK
api-1       | {"duration_ms": 22.186, "event": "http_request_completed", "level": "info", "method": "GET", "outcome": "success", "path": "/health/ready", "request_id": "9ca84eb9-e222-4ba9-964c-3245fb164278", "status_code": 200, "timestamp": "2026-08-07T11:41:37.686225Z", "trace_id": "a8f9ee43a2a8f70f812c061278d22d10"}
api-1       | INFO:     172.18.0.1:46954 - "POST /api/v1/runs HTTP/1.1" 202 Accepted
api-1       | {"api_key_prefix": "evk_64f04950db0a", "duration_ms": 275.508, "event": "http_request_completed", "level": "info", "method": "POST", "outcome": "success", "path": "/api/v1/runs", "request_id": "b18d820c-3a74-49d8-bb2c-958bebc5e498", "status_code": 202, "tenant_id": "327d2ffb-1823-49ee-aab0-022efdfc7324", "timestamp": "2026-08-07T11:41:39.224558Z", "trace_id": "ed535d47c794337d7d64ddd9897ab031"}
api-1       | INFO:     172.18.0.1:46954 - "GET /api/v1/runs/7406453f-5564-47f8-ba82-5cf7ac9abce8 HTTP/1.1" 200 OK
api-1       | {"api_key_prefix": "evk_64f04950db0a", "duration_ms": 48.456, "event": "http_request_completed", "level": "info", "method": "GET", "outcome": "success", "path": "/api/v1/runs/7406453f-5564-47f8-ba82-5cf7ac9abce8", "request_id": "75905292-86ab-496b-b83a-4a10999de2c0", "status_code": 200, "tenant_id": "327d2ffb-1823-49ee-aab0-022efdfc7324", "timestamp": "2026-08-07T11:41:39.274698Z", "trace_id": "84ae5fdf256264759f1229f99a025a97"}
api-1       | INFO:     172.18.0.1:46954 - "GET /api/v1/runs/7406453f-5564-47f8-ba82-5cf7ac9abce8 HTTP/1.1" 200 OK
api-1       | {"api_key_prefix": "evk_64f04950db0a", "duration_ms": 63.067, "event": "http_request_completed", "level": "info", "method": "GET", "outcome": "success", "path": "/api/v1/runs/7406453f-5564-47f8-ba82-5cf7ac9abce8", "request_id": "b31ca30b-07de-4205-8228-dbd7474dceb1", "status_code": 200, "tenant_id": "327d2ffb-1823-49ee-aab0-022efdfc7324", "timestamp": "2026-08-07T11:41:39.840594Z", "trace_id": "0b69a3247fd0e96ba35a369ead216022"}
api-1       | {"claimed": 50, "event": "outbox_dispatch_batch_completed", "lease_lost": 0, "level": "info", "published": 50, "retry_scheduled": 0, "role": "outbox_dispatcher", "timestamp": "2026-08-07T11:41:40.170832Z"}
api-1       | INFO:     172.18.0.1:46954 - "GET /api/v1/runs/7406453f-5564-47f8-ba82-5cf7ac9abce8 HTTP/1.1" 200 OK
api-1       | {"api_key_prefix": "evk_64f04950db0a", "duration_ms": 57.567, "event": "http_request_completed", "level": "info", "method": "GET", "outcome": "success", "path": "/api/v1/runs/7406453f-5564-47f8-ba82-5cf7ac9abce8", "request_id": "3729226a-98a0-40bb-ab0e-e00c10455f93", "status_code": 200, "tenant_id": "327d2ffb-1823-49ee-aab0-022efdfc7324", "timestamp": "2026-08-07T11:41:40.400942Z", "trace_id": "4edc2ecfdb60ab9e932f7cd6725ecef1"}
api-1       | {"claimed": 50, "event": "outbox_dispatch_batch_completed", "lease_lost": 0, "level": "info", "published": 50, "retry_scheduled": 0, "role": "outbox_dispatcher", "timestamp": "2026-08-07T11:41:40.933658Z"}
api-1       | INFO:     172.18.0.1:46954 - "GET /api/v1/runs/7406453f-5564-47f8-ba82-5cf7ac9abce8 HTTP/1.1" 200 OK
api-1       | {"api_key_prefix": "evk_64f04950db0a", "duration_ms": 87.432, "event": "http_request_completed", "level": "info", "method": "GET", "outcome": "success", "path": "/api/v1/runs/7406453f-5564-47f8-ba82-5cf7ac9abce8", "request_id": "b12c7762-68b7-4778-8393-1af3d1746bd0", "status_code": 200, "tenant_id": "327d2ffb-1823-49ee-aab0-022efdfc7324", "timestamp": "2026-08-07T11:41:40.995072Z", "trace_id": "b35ddc08530f755bc7de0b048ca1afba"}
api-1       | {"claimed": 50, "event": "outbox_dispatch_batch_completed", "lease_lost": 0, "level": "info", "published": 50, "retry_scheduled": 0, "role": "outbox_dispatcher", "timestamp": "2026-08-07T11:41:41.668988Z"}
api-1       | INFO:     172.18.0.1:46954 - "GET /api/v1/runs/7406453f-5564-47f8-ba82-5cf7ac9abce8 HTTP/1.1" 200 OK
api-1       | {"api_key_prefix": "evk_64f04950db0a", "duration_ms": 235.076, "event": "http_request_completed", "level": "info", "method": "GET", "outcome": "success", "path": "/api/v1/runs/7406453f-5564-47f8-ba82-5cf7ac9abce8", "request_id": "5d53ebb9-0301-47a1-8a9f-6835476f4867", "status_code": 200, "tenant_id": "327d2ffb-1823-49ee-aab0-022efdfc7324", "timestamp": "2026-08-07T11:41:41.735821Z", "trace_id": "67aabc357979e56021deb1c466b6562f"}
api-1       | {"claimed": 50, "event": "outbox_dispatch_batch_completed", "lease_lost": 0, "level": "info", "published": 50, "retry_scheduled": 0, "role": "outbox_dispatcher", "timestamp": "2026-08-07T11:41:42.407105Z"}
api-1       | INFO:     172.18.0.1:46954 - "GET /api/v1/runs/7406453f-5564-47f8-ba82-5cf7ac9abce8 HTTP/1.1" 200 OK
api-1       | {"api_key_prefix": "evk_64f04950db0a", "duration_ms": 227.423, "event": "http_request_completed", "level": "info", "method": "GET", "outcome": "success", "path": "/api/v1/runs/7406453f-5564-47f8-ba82-5cf7ac9abce8", "request_id": "5d66f5f0-5fe9-4d03-883c-79f0d150f50c", "status_code": 200, "tenant_id": "327d2ffb-1823-49ee-aab0-022efdfc7324", "timestamp": "2026-08-07T11:41:42.475438Z", "trace_id": "cffbe41551fc51352c91c5edadc9c348"}
api-1       | {"event": "Context impl PostgresqlImpl.", "level": "info", "request_id": "d716ece1-bcf8-4ccc-a211-0107ca11f8e3", "timestamp": "2026-08-07T11:41:43.208311Z", "trace_id": "3eafbe159bc30ce8e69b91ead83afef1"}
api-1       | {"event": "Will assume transactional DDL.", "level": "info", "request_id": "d716ece1-bcf8-4ccc-a211-0107ca11f8e3", "timestamp": "2026-08-07T11:41:43.208419Z", "trace_id": "3eafbe159bc30ce8e69b91ead83afef1"}
api-1       | INFO:     127.0.0.1:43478 - "GET /health/ready HTTP/1.1" 200 OK
api-1       | {"duration_ms": 96.831, "event": "http_request_completed", "level": "info", "method": "GET", "outcome": "success", "path": "/health/ready", "request_id": "d716ece1-bcf8-4ccc-a211-0107ca11f8e3", "status_code": 200, "timestamp": "2026-08-07T11:41:43.252752Z", "trace_id": "3eafbe159bc30ce8e69b91ead83afef1"}
api-1       | {"claimed": 50, "event": "outbox_dispatch_batch_completed", "lease_lost": 0, "level": "info", "published": 50, "retry_scheduled": 0, "role": "outbox_dispatcher", "timestamp": "2026-08-07T11:41:43.268350Z"}
api-1       | INFO:     172.18.0.1:46954 - "GET /api/v1/runs/7406453f-5564-47f8-ba82-5cf7ac9abce8 HTTP/1.1" 200 OK
api-1       | {"api_key_prefix": "evk_64f04950db0a", "duration_ms": 279.918, "event": "http_request_completed", "level": "info", "method": "GET", "outcome": "success", "path": "/api/v1/runs/7406453f-5564-47f8-ba82-5cf7ac9abce8", "request_id": "18ada51d-8cba-4085-bb79-04aa19275fec", "status_code": 200, "tenant_id": "327d2ffb-1823-49ee-aab0-022efdfc7324", "timestamp": "2026-08-07T11:41:43.328909Z", "trace_id": "517aea882ed5c3ecb0d6bcea8c9927ff"}
api-1       | {"claimed": 50, "event": "outbox_dispatch_batch_completed", "lease_lost": 0, "level": "info", "published": 50, "retry_scheduled": 0, "role": "outbox_dispatcher", "timestamp": "2026-08-07T11:41:43.994686Z"}
api-1       | INFO:     172.18.0.1:46954 - "GET /api/v1/runs/7406453f-5564-47f8-ba82-5cf7ac9abce8 HTTP/1.1" 200 OK
api-1       | {"api_key_prefix": "evk_64f04950db0a", "duration_ms": 209.758, "event": "http_request_completed", "level": "info", "method": "GET", "outcome": "success", "path": "/api/v1/runs/7406453f-5564-47f8-ba82-5cf7ac9abce8", "request_id": "e0a24801-a973-4925-ab5a-bed074f16b80", "status_code": 200, "tenant_id": "327d2ffb-1823-49ee-aab0-022efdfc7324", "timestamp": "2026-08-07T11:41:44.051498Z", "trace_id": "a1b493d2986c3b3137781691d26858fb"}
api-1       | {"claimed": 50, "event": "outbox_dispatch_batch_completed", "lease_lost": 0, "level": "info", "published": 50, "retry_scheduled": 0, "role": "outbox_dispatcher", "timestamp": "2026-08-07T11:41:44.786127Z"}
api-1       | INFO:     172.18.0.1:46954 - "GET /api/v1/runs/7406453f-5564-47f8-ba82-5cf7ac9abce8 HTTP/1.1" 200 OK
api-1       | {"api_key_prefix": "evk_64f04950db0a", "duration_ms": 186.32, "event": "http_request_completed", "level": "info", "method": "GET", "outcome": "success", "path": "/api/v1/runs/7406453f-5564-47f8-ba82-5cf7ac9abce8", "request_id": "b580c1f3-4c5d-4d37-b9e0-961c497b4b57", "status_code": 200, "tenant_id": "327d2ffb-1823-49ee-aab0-022efdfc7324", "timestamp": "2026-08-07T11:41:44.801457Z", "trace_id": "14ee5ca909c30f1141987a6057fd60ec"}
api-1       | {"claimed": 50, "event": "outbox_dispatch_batch_completed", "lease_lost": 0, "level": "info", "published": 50, "retry_scheduled": 0, "role": "outbox_dispatcher", "timestamp": "2026-08-07T11:41:45.509323Z"}
api-1       | INFO:     172.18.0.1:46954 - "GET /api/v1/runs/7406453f-5564-47f8-ba82-5cf7ac9abce8 HTTP/1.1" 200 OK
api-1       | {"api_key_prefix": "evk_64f04950db0a", "duration_ms": 226.48, "event": "http_request_completed", "level": "info", "method": "GET", "outcome": "success", "path": "/api/v1/runs/7406453f-5564-47f8-ba82-5cf7ac9abce8", "request_id": "6aec9387-4a51-4331-a9f6-da0d2ffff04a", "status_code": 200, "tenant_id": "327d2ffb-1823-49ee-aab0-022efdfc7324", "timestamp": "2026-08-07T11:41:45.532033Z", "trace_id": "3aaf4c216e2621a89514839902d59939"}
api-1       | {"claimed": 50, "event": "outbox_dispatch_batch_completed", "lease_lost": 0, "level": "info", "published": 50, "retry_scheduled": 0, "role": "outbox_dispatcher", "timestamp": "2026-08-07T11:41:46.227975Z"}
api-1       | INFO:     172.18.0.1:46954 - "GET /api/v1/runs/7406453f-5564-47f8-ba82-5cf7ac9abce8 HTTP/1.1" 200 OK
api-1       | {"api_key_prefix": "evk_64f04950db0a", "duration_ms": 255.031, "event": "http_request_completed", "level": "info", "method": "GET", "outcome": "success", "path": "/api/v1/runs/7406453f-5564-47f8-ba82-5cf7ac9abce8", "request_id": "962452e9-c6a9-4896-abc6-c164cc4c433a", "status_code": 200, "tenant_id": "327d2ffb-1823-49ee-aab0-022efdfc7324", "timestamp": "2026-08-07T11:41:46.322102Z", "trace_id": "dc119a6cead83fd895ad029bbbb91087"}
api-1       | {"claimed": 50, "event": "outbox_dispatch_batch_completed", "lease_lost": 0, "level": "info", "published": 50, "retry_scheduled": 0, "role": "outbox_dispatcher", "timestamp": "2026-08-07T11:41:46.874482Z"}
api-1       | INFO:     172.18.0.1:46954 - "GET /api/v1/runs/7406453f-5564-47f8-ba82-5cf7ac9abce8 HTTP/1.1" 200 OK
api-1       | {"api_key_prefix": "evk_64f04950db0a", "duration_ms": 106.044, "event": "http_request_completed", "level": "info", "method": "GET", "outcome": "success", "path": "/api/v1/runs/7406453f-5564-47f8-ba82-5cf7ac9abce8", "request_id": "06c2fc29-54f4-4445-859c-abb755f1ecc5", "status_code": 200, "tenant_id": "327d2ffb-1823-49ee-aab0-022efdfc7324", "timestamp": "2026-08-07T11:41:46.934466Z", "trace_id": "b929d4afc117afc15df0e7e314e1df05"}
api-1       | {"claimed": 50, "event": "outbox_dispatch_batch_completed", "lease_lost": 0, "level": "info", "published": 50, "retry_scheduled": 0, "role": "outbox_dispatcher", "timestamp": "2026-08-07T11:41:47.536810Z"}
api-1       | INFO:     172.18.0.1:46954 - "GET /api/v1/runs/7406453f-5564-47f8-ba82-5cf7ac9abce8 HTTP/1.1" 200 OK
api-1       | {"api_key_prefix": "evk_64f04950db0a", "duration_ms": 167.177, "event": "http_request_completed", "level": "info", "method": "GET", "outcome": "success", "path": "/api/v1/runs/7406453f-5564-47f8-ba82-5cf7ac9abce8", "request_id": "5351777d-eb76-45db-a955-b8d7fae43a72", "status_code": 200, "tenant_id": "327d2ffb-1823-49ee-aab0-022efdfc7324", "timestamp": "2026-08-07T11:41:47.610450Z", "trace_id": "84a2d6040a92f0b47d40e75390267b4b"}
api-1       | INFO:     172.18.0.1:46954 - "GET /api/v1/runs/7406453f-5564-47f8-ba82-5cf7ac9abce8/cases?limit=200&sort=case_id HTTP/1.1" 200 OK
api-1       | {"api_key_prefix": "evk_64f04950db0a", "duration_ms": 67.426, "event": "http_request_completed", "level": "info", "method": "GET", "outcome": "success", "path": "/api/v1/runs/7406453f-5564-47f8-ba82-5cf7ac9abce8/cases", "request_id": "40f0c7ca-d16a-45b8-8210-f61dd5c659f6", "status_code": 200, "tenant_id": "327d2ffb-1823-49ee-aab0-022efdfc7324", "timestamp": "2026-08-07T11:41:47.679578Z", "trace_id": "76bc980554b17608123d0b06ce39130d"}
api-1       | INFO:     172.18.0.1:46954 - "GET /api/v1/runs/7406453f-5564-47f8-ba82-5cf7ac9abce8/cases?limit=200&sort=case_id&cursor=eyJkaXJlY3Rpb24iOiJhc2MiLCJlcnJvcl9jb2RlIjpudWxsLCJqb2JfaWQiOiI0NDEzNjkzNy05NjJiLTRhM2QtOTkwMi00ZDYyM2I4MjllYzUiLCJtZXRyaWMiOm51bGwsInNvcnQiOiJjYXNlX2lkIiwic3RhdHVzIjpudWxsLCJ2IjoxLCJ2YWx1ZSI6ImxvYWQtMDE5OSJ9 HTTP/1.1" 200 OK
api-1       | {"api_key_prefix": "evk_64f04950db0a", "duration_ms": 64.698, "event": "http_request_completed", "level": "info", "method": "GET", "outcome": "success", "path": "/api/v1/runs/7406453f-5564-47f8-ba82-5cf7ac9abce8/cases", "request_id": "db6ed903-56a9-4d21-8cf1-c4e369ec4677", "status_code": 200, "tenant_id": "327d2ffb-1823-49ee-aab0-022efdfc7324", "timestamp": "2026-08-07T11:41:47.746926Z", "trace_id": "3fc1bf5408f444fa17e748999810f1c4"}
api-1       | INFO:     172.18.0.1:46954 - "GET /api/v1/runs/7406453f-5564-47f8-ba82-5cf7ac9abce8/cases?limit=200&sort=case_id&cursor=eyJkaXJlY3Rpb24iOiJhc2MiLCJlcnJvcl9jb2RlIjpudWxsLCJqb2JfaWQiOiIxMjM4NGFhMC04YjEyLTRlYzAtOGUxYy0wZGM0ZTU4MDA4YTMiLCJtZXRyaWMiOm51bGwsInNvcnQiOiJjYXNlX2lkIiwic3RhdHVzIjpudWxsLCJ2IjoxLCJ2YWx1ZSI6ImxvYWQtMDM5OSJ9 HTTP/1.1" 200 OK
api-1       | {"api_key_prefix": "evk_64f04950db0a", "duration_ms": 59.85, "event": "http_request_completed", "level": "info", "method": "GET", "outcome": "success", "path": "/api/v1/runs/7406453f-5564-47f8-ba82-5cf7ac9abce8/cases", "request_id": "c4a6e774-e3d7-40b6-8efc-1b61ed113564", "status_code": 200, "tenant_id": "327d2ffb-1823-49ee-aab0-022efdfc7324", "timestamp": "2026-08-07T11:41:47.809009Z", "trace_id": "cd0b945c710b77b6ead1c708f4d149ec"}
api-1       | {"claimed": 50, "event": "outbox_dispatch_batch_completed", "lease_lost": 0, "level": "info", "published": 50, "retry_scheduled": 0, "role": "outbox_dispatcher", "timestamp": "2026-08-07T11:41:48.275411Z"}
api-1       | INFO:     127.0.0.1:43504 - "GET /metrics HTTP/1.1" 200 OK
api-1       | {"duration_ms": 11.982, "event": "http_request_completed", "level": "info", "method": "GET", "outcome": "success", "path": "/metrics", "request_id": "6bef1fcd-adae-4f24-8b5f-5456b0ca9f28", "status_code": 200, "timestamp": "2026-08-07T11:41:48.282809Z", "trace_id": "51c0e7261df6efa18c733193d71580c8"}
api-1       | {"event": "Context impl PostgresqlImpl.", "level": "info", "request_id": "2dab1b73-411b-47bd-a0ff-2b08a3f5b0a2", "timestamp": "2026-08-07T11:41:48.612505Z", "trace_id": "2fc1b88b166ab67533e2813b468919b8"}
api-1       | {"event": "Will assume transactional DDL.", "level": "info", "request_id": "2dab1b73-411b-47bd-a0ff-2b08a3f5b0a2", "timestamp": "2026-08-07T11:41:48.612612Z", "trace_id": "2fc1b88b166ab67533e2813b468919b8"}
api-1       | INFO:     127.0.0.1:43512 - "GET /health/ready HTTP/1.1" 200 OK
api-1       | {"duration_ms": 28.592, "event": "http_request_completed", "level": "info", "method": "GET", "outcome": "success", "path": "/health/ready", "request_id": "2dab1b73-411b-47bd-a0ff-2b08a3f5b0a2", "status_code": 200, "timestamp": "2026-08-07T11:41:48.620194Z", "trace_id": "2fc1b88b166ab67533e2813b468919b8"}
api-1       | {"claimed": 50, "event": "outbox_dispatch_batch_completed", "lease_lost": 0, "level": "info", "published": 50, "retry_scheduled": 0, "role": "outbox_dispatcher", "timestamp": "2026-08-07T11:41:49.027321Z"}
api-1       | {"claimed": 50, "event": "outbox_dispatch_batch_completed", "lease_lost": 0, "level": "info", "published": 50, "retry_scheduled": 0, "role": "outbox_dispatcher", "timestamp": "2026-08-07T11:41:49.692244Z"}
api-1       | {"claimed": 50, "event": "outbox_dispatch_batch_completed", "lease_lost": 0, "level": "info", "published": 50, "retry_scheduled": 0, "role": "outbox_dispatcher", "timestamp": "2026-08-07T11:41:50.401574Z"}
api-1       | {"claimed": 50, "event": "outbox_dispatch_batch_completed", "lease_lost": 0, "level": "info", "published": 50, "retry_scheduled": 0, "role": "outbox_dispatcher", "timestamp": "2026-08-07T11:41:51.062391Z"}
api-1       | {"claimed": 50, "event": "outbox_dispatch_batch_completed", "lease_lost": 0, "level": "info", "published": 50, "retry_scheduled": 0, "role": "outbox_dispatcher", "timestamp": "2026-08-07T11:41:51.725679Z"}
api-1       | {"claimed": 50, "event": "outbox_dispatch_batch_completed", "lease_lost": 0, "level": "info", "published": 50, "retry_scheduled": 0, "role": "outbox_dispatcher", "timestamp": "2026-08-07T11:41:52.432102Z"}
api-1       | INFO:     172.18.0.1:46954 - "POST /api/v1/runs HTTP/1.1" 202 Accepted
api-1       | {"api_key_prefix": "evk_64f04950db0a", "duration_ms": 78.655, "event": "http_request_completed", "level": "info", "method": "POST", "outcome": "success", "path": "/api/v1/runs", "request_id": "94a27570-f1d9-404f-bb5b-630214bad671", "status_code": 202, "tenant_id": "327d2ffb-1823-49ee-aab0-022efdfc7324", "timestamp": "2026-08-07T11:41:52.841689Z", "trace_id": "3ae7e39ec9f571896cb4ed397d6b1a98"}
api-1       | INFO:     172.18.0.1:46954 - "GET /api/v1/runs/0fa23714-bedb-4086-9211-4489dcc1f968 HTTP/1.1" 200 OK
api-1       | {"api_key_prefix": "evk_64f04950db0a", "duration_ms": 48.754, "event": "http_request_completed", "level": "info", "method": "GET", "outcome": "success", "path": "/api/v1/runs/0fa23714-bedb-4086-9211-4489dcc1f968", "request_id": "f29b681e-b5dc-4878-b8ee-ec5978bb818d", "status_code": 200, "tenant_id": "327d2ffb-1823-49ee-aab0-022efdfc7324", "timestamp": "2026-08-07T11:41:52.891902Z", "trace_id": "02bd549cfa86a4be1e98aa07bfe7655d"}
api-1       | {"claimed": 50, "event": "outbox_dispatch_batch_completed", "lease_lost": 0, "level": "info", "published": 50, "retry_scheduled": 0, "role": "outbox_dispatcher", "timestamp": "2026-08-07T11:41:53.079016Z"}
api-1       | INFO:     172.18.0.1:46954 - "GET /api/v1/runs/0fa23714-bedb-4086-9211-4489dcc1f968 HTTP/1.1" 200 OK
api-1       | {"api_key_prefix": "evk_64f04950db0a", "duration_ms": 61.062, "event": "http_request_completed", "level": "info", "method": "GET", "outcome": "success", "path": "/api/v1/runs/0fa23714-bedb-4086-9211-4489dcc1f968", "request_id": "76bbc6fd-8a74-436c-be30-47323e66751e", "status_code": 200, "tenant_id": "327d2ffb-1823-49ee-aab0-022efdfc7324", "timestamp": "2026-08-07T11:41:53.455323Z", "trace_id": "dd41cdc598390d61983b0fe4287e18e6"}
api-1       | {"claimed": 50, "event": "outbox_dispatch_batch_completed", "lease_lost": 0, "level": "info", "published": 50, "retry_scheduled": 0, "role": "outbox_dispatcher", "timestamp": "2026-08-07T11:41:53.839559Z"}
api-1       | INFO:     172.18.0.1:46954 - "GET /api/v1/runs/0fa23714-bedb-4086-9211-4489dcc1f968 HTTP/1.1" 200 OK
api-1       | {"api_key_prefix": "evk_64f04950db0a", "duration_ms": 97.859, "event": "http_request_completed", "level": "info", "method": "GET", "outcome": "success", "path": "/api/v1/runs/0fa23714-bedb-4086-9211-4489dcc1f968", "request_id": "0ba76ac8-13b0-49ec-974e-ac4e0d2e59e0", "status_code": 200, "tenant_id": "327d2ffb-1823-49ee-aab0-022efdfc7324", "timestamp": "2026-08-07T11:41:54.056121Z", "trace_id": "759078f0ce46f6dc183030a4afc2c01e"}
api-1       | {"event": "Context impl PostgresqlImpl.", "level": "info", "request_id": "e4afbfb8-7e0a-4903-848e-194a9df21188", "timestamp": "2026-08-07T11:41:54.068756Z", "trace_id": "aafdbb426b72c175847f0e0f8ded29d0"}
api-1       | {"event": "Will assume transactional DDL.", "level": "info", "request_id": "e4afbfb8-7e0a-4903-848e-194a9df21188", "timestamp": "2026-08-07T11:41:54.068871Z", "trace_id": "aafdbb426b72c175847f0e0f8ded29d0"}
api-1       | INFO:     127.0.0.1:38144 - "GET /health/ready HTTP/1.1" 200 OK
api-1       | {"duration_ms": 22.802, "event": "http_request_completed", "level": "info", "method": "GET", "outcome": "success", "path": "/health/ready", "request_id": "e4afbfb8-7e0a-4903-848e-194a9df21188", "status_code": 200, "timestamp": "2026-08-07T11:41:54.076070Z", "trace_id": "aafdbb426b72c175847f0e0f8ded29d0"}
api-1       | {"claimed": 50, "event": "outbox_dispatch_batch_completed", "lease_lost": 0, "level": "info", "published": 50, "retry_scheduled": 0, "role": "outbox_dispatcher", "timestamp": "2026-08-07T11:41:54.529916Z"}
api-1       | INFO:     172.18.0.1:46954 - "GET /api/v1/runs/0fa23714-bedb-4086-9211-4489dcc1f968 HTTP/1.1" 200 OK
api-1       | {"api_key_prefix": "evk_64f04950db0a", "duration_ms": 56.118, "event": "http_request_completed", "level": "info", "method": "GET", "outcome": "success", "path": "/api/v1/runs/0fa23714-bedb-4086-9211-4489dcc1f968", "request_id": "e98dd9d4-0fc1-4919-a5e7-332b8944e296", "status_code": 200, "tenant_id": "327d2ffb-1823-49ee-aab0-022efdfc7324", "timestamp": "2026-08-07T11:41:54.614592Z", "trace_id": "2e290ebdcac96a9d45af470dc8d48934"}
api-1       | {"claimed": 50, "event": "outbox_dispatch_batch_completed", "lease_lost": 0, "level": "info", "published": 50, "retry_scheduled": 0, "role": "outbox_dispatcher", "timestamp": "2026-08-07T11:41:55.184105Z"}
api-1       | INFO:     172.18.0.1:46954 - "GET /api/v1/runs/0fa23714-bedb-4086-9211-4489dcc1f968 HTTP/1.1" 200 OK
api-1       | {"api_key_prefix": "evk_64f04950db0a", "duration_ms": 107.472, "event": "http_request_completed", "level": "info", "method": "GET", "outcome": "success", "path": "/api/v1/runs/0fa23714-bedb-4086-9211-4489dcc1f968", "request_id": "c3616a68-f6d0-4482-a9e9-2be2ca75c9cd", "status_code": 200, "tenant_id": "327d2ffb-1823-49ee-aab0-022efdfc7324", "timestamp": "2026-08-07T11:41:55.236688Z", "trace_id": "424e3b445c843fab21e665620fe93158"}
api-1       | {"claimed": 50, "event": "outbox_dispatch_batch_completed", "lease_lost": 0, "level": "info", "published": 50, "retry_scheduled": 0, "role": "outbox_dispatcher", "timestamp": "2026-08-07T11:41:55.863687Z"}
api-1       | INFO:     172.18.0.1:46954 - "GET /api/v1/runs/0fa23714-bedb-4086-9211-4489dcc1f968 HTTP/1.1" 200 OK
api-1       | {"api_key_prefix": "evk_64f04950db0a", "duration_ms": 146.085, "event": "http_request_completed", "level": "info", "method": "GET", "outcome": "success", "path": "/api/v1/runs/0fa23714-bedb-4086-9211-4489dcc1f968", "request_id": "9addf122-1159-45d9-8e7d-4b294d560276", "status_code": 200, "tenant_id": "327d2ffb-1823-49ee-aab0-022efdfc7324", "timestamp": "2026-08-07T11:41:55.886982Z", "trace_id": "0de0d58b1f8a50335028b9a90e5be0db"}
api-1       | INFO:     172.18.0.1:46954 - "GET /api/v1/runs/0fa23714-bedb-4086-9211-4489dcc1f968/cases?limit=200&sort=case_id HTTP/1.1" 200 OK
api-1       | {"api_key_prefix": "evk_64f04950db0a", "duration_ms": 57.961, "event": "http_request_completed", "level": "info", "method": "GET", "outcome": "success", "path": "/api/v1/runs/0fa23714-bedb-4086-9211-4489dcc1f968/cases", "request_id": "58dd3385-2256-45ca-ba45-b2c2207e939d", "status_code": 200, "tenant_id": "327d2ffb-1823-49ee-aab0-022efdfc7324", "timestamp": "2026-08-07T11:41:55.946678Z", "trace_id": "17b15f2cf64e6ef56e80686516af7547"}
api-1       | INFO:     127.0.0.1:38160 - "GET /metrics HTTP/1.1" 200 OK
api-1       | {"duration_ms": 7.766, "event": "http_request_completed", "level": "info", "method": "GET", "outcome": "success", "path": "/metrics", "request_id": "fe9b206d-3a64-4db1-83ae-958d04c46fc0", "status_code": 200, "timestamp": "2026-08-07T11:41:56.313428Z", "trace_id": "944f33bfefc391ad8bc480c49c1a0c09"}
api-1       | {"claimed": 8, "event": "outbox_dispatch_batch_completed", "lease_lost": 0, "level": "info", "published": 8, "retry_scheduled": 0, "role": "outbox_dispatcher", "timestamp": "2026-08-07T11:41:56.406674Z"}
api-1       | INFO:     172.18.0.1:46954 - "POST /api/v1/runs HTTP/1.1" 202 Accepted
api-1       | {"api_key_prefix": "evk_64f04950db0a", "duration_ms": 222.693, "event": "http_request_completed", "level": "info", "method": "POST", "outcome": "success", "path": "/api/v1/runs", "request_id": "db91399f-e4a8-47b1-87ca-f5a9a1a40571", "status_code": 202, "tenant_id": "327d2ffb-1823-49ee-aab0-022efdfc7324", "timestamp": "2026-08-07T11:41:57.433870Z", "trace_id": "f1ad032a878b808aea0790924afe6102"}
api-1       | INFO:     172.18.0.1:46954 - "GET /api/v1/runs/f46da7fe-967a-4edf-abba-a8d106779fc7 HTTP/1.1" 200 OK
api-1       | {"api_key_prefix": "evk_64f04950db0a", "duration_ms": 56.389, "event": "http_request_completed", "level": "info", "method": "GET", "outcome": "success", "path": "/api/v1/runs/f46da7fe-967a-4edf-abba-a8d106779fc7", "request_id": "437ead26-5229-4459-9335-8ab66ad9873e", "status_code": 200, "tenant_id": "327d2ffb-1823-49ee-aab0-022efdfc7324", "timestamp": "2026-08-07T11:41:57.492344Z", "trace_id": "a1e50ea33161d2347211e4fc45bf7ceb"}
api-1       | {"claimed": 11, "event": "outbox_dispatch_batch_completed", "lease_lost": 0, "level": "info", "published": 11, "retry_scheduled": 0, "role": "outbox_dispatcher", "timestamp": "2026-08-07T11:41:57.977574Z"}
api-1       | INFO:     172.18.0.1:46954 - "GET /api/v1/runs/f46da7fe-967a-4edf-abba-a8d106779fc7 HTTP/1.1" 200 OK
api-1       | {"api_key_prefix": "evk_64f04950db0a", "duration_ms": 51.862, "event": "http_request_completed", "level": "info", "method": "GET", "outcome": "success", "path": "/api/v1/runs/f46da7fe-967a-4edf-abba-a8d106779fc7", "request_id": "d56899b8-66f6-4556-ba32-b478f2237592", "status_code": 200, "tenant_id": "327d2ffb-1823-49ee-aab0-022efdfc7324", "timestamp": "2026-08-07T11:41:58.046886Z", "trace_id": "54e8cbb1e5aa1b5fb4fc0cbde5e4ea5a"}
api-1       | {"claimed": 27, "event": "outbox_dispatch_batch_completed", "lease_lost": 0, "level": "info", "published": 27, "retry_scheduled": 0, "role": "outbox_dispatcher", "timestamp": "2026-08-07T11:41:58.663708Z"}
api-1       | INFO:     172.18.0.1:46954 - "GET /api/v1/runs/f46da7fe-967a-4edf-abba-a8d106779fc7 HTTP/1.1" 200 OK
api-1       | {"api_key_prefix": "evk_64f04950db0a", "duration_ms": 160.349, "event": "http_request_completed", "level": "info", "method": "GET", "outcome": "success", "path": "/api/v1/runs/f46da7fe-967a-4edf-abba-a8d106779fc7", "request_id": "cd9ec3a0-6921-4537-ba7f-50d3ddb01f85", "status_code": 200, "tenant_id": "327d2ffb-1823-49ee-aab0-022efdfc7324", "timestamp": "2026-08-07T11:41:58.713333Z", "trace_id": "54551db18c40ea34beba871eda5f5d6b"}
api-1       | {"claimed": 32, "event": "outbox_dispatch_batch_completed", "lease_lost": 0, "level": "info", "published": 32, "retry_scheduled": 0, "role": "outbox_dispatcher", "timestamp": "2026-08-07T11:41:59.432260Z"}
api-1       | INFO:     172.18.0.1:46954 - "GET /api/v1/runs/f46da7fe-967a-4edf-abba-a8d106779fc7 HTTP/1.1" 200 OK
api-1       | {"api_key_prefix": "evk_64f04950db0a", "duration_ms": 305.809, "event": "http_request_completed", "level": "info", "method": "GET", "outcome": "success", "path": "/api/v1/runs/f46da7fe-967a-4edf-abba-a8d106779fc7", "request_id": "f792cfac-10ce-4600-b6fb-08f31d3c216d", "status_code": 200, "tenant_id": "327d2ffb-1823-49ee-aab0-022efdfc7324", "timestamp": "2026-08-07T11:41:59.545267Z", "trace_id": "17db6aaa1f3fe1014a05dafc3717c36e"}
api-1       | {"event": "Context impl PostgresqlImpl.", "level": "info", "request_id": "d467f8b2-9d21-472e-a8a7-5f9fde2a2f61", "timestamp": "2026-08-07T11:41:59.580388Z", "trace_id": "a152f68ed44a914eb3735b32b2f84a19"}
api-1       | {"event": "Will assume transactional DDL.", "level": "info", "request_id": "d467f8b2-9d21-472e-a8a7-5f9fde2a2f61", "timestamp": "2026-08-07T11:41:59.580492Z", "trace_id": "a152f68ed44a914eb3735b32b2f84a19"}
api-1       | INFO:     127.0.0.1:38182 - "GET /health/ready HTTP/1.1" 200 OK
api-1       | {"duration_ms": 18.859, "event": "http_request_completed", "level": "info", "method": "GET", "outcome": "success", "path": "/health/ready", "request_id": "d467f8b2-9d21-472e-a8a7-5f9fde2a2f61", "status_code": 200, "timestamp": "2026-08-07T11:41:59.585805Z", "trace_id": "a152f68ed44a914eb3735b32b2f84a19"}
api-1       | {"claimed": 36, "event": "outbox_dispatch_batch_completed", "lease_lost": 0, "level": "info", "published": 36, "retry_scheduled": 0, "role": "outbox_dispatcher", "timestamp": "2026-08-07T11:42:00.070043Z"}
api-1       | INFO:     172.18.0.1:46954 - "GET /api/v1/runs/f46da7fe-967a-4edf-abba-a8d106779fc7 HTTP/1.1" 200 OK
api-1       | {"api_key_prefix": "evk_64f04950db0a", "duration_ms": 76.893, "event": "http_request_completed", "level": "info", "method": "GET", "outcome": "success", "path": "/api/v1/runs/f46da7fe-967a-4edf-abba-a8d106779fc7", "request_id": "849b9419-159a-456a-95ea-e2a66665e771", "status_code": 200, "tenant_id": "327d2ffb-1823-49ee-aab0-022efdfc7324", "timestamp": "2026-08-07T11:42:00.127185Z", "trace_id": "aee51500774299ff8cf5fada163a34b5"}
api-1       | {"claimed": 28, "event": "outbox_dispatch_batch_completed", "lease_lost": 0, "level": "info", "published": 28, "retry_scheduled": 0, "role": "outbox_dispatcher", "timestamp": "2026-08-07T11:42:00.693335Z"}
api-1       | INFO:     172.18.0.1:46954 - "GET /api/v1/runs/f46da7fe-967a-4edf-abba-a8d106779fc7 HTTP/1.1" 200 OK
api-1       | {"api_key_prefix": "evk_64f04950db0a", "duration_ms": 90.349, "event": "http_request_completed", "level": "info", "method": "GET", "outcome": "success", "path": "/api/v1/runs/f46da7fe-967a-4edf-abba-a8d106779fc7", "request_id": "3e88ffe5-55f1-48e6-81fe-9df665908a3b", "status_code": 200, "tenant_id": "327d2ffb-1823-49ee-aab0-022efdfc7324", "timestamp": "2026-08-07T11:42:00.739396Z", "trace_id": "6ebe39cf7c5c5979e3bcfbaf94a05824"}
api-1       | {"claimed": 30, "event": "outbox_dispatch_batch_completed", "lease_lost": 0, "level": "info", "published": 30, "retry_scheduled": 0, "role": "outbox_dispatcher", "timestamp": "2026-08-07T11:42:01.321366Z"}
api-1       | INFO:     172.18.0.1:46954 - "GET /api/v1/runs/f46da7fe-967a-4edf-abba-a8d106779fc7 HTTP/1.1" 200 OK
api-1       | {"api_key_prefix": "evk_64f04950db0a", "duration_ms": 111.186, "event": "http_request_completed", "level": "info", "method": "GET", "outcome": "success", "path": "/api/v1/runs/f46da7fe-967a-4edf-abba-a8d106779fc7", "request_id": "edad2494-b36b-4f9f-af3e-6b9620836fa8", "status_code": 200, "tenant_id": "327d2ffb-1823-49ee-aab0-022efdfc7324", "timestamp": "2026-08-07T11:42:01.372978Z", "trace_id": "15a10a6e50e2142e4ae8412152d86697"}
api-1       | {"claimed": 28, "event": "outbox_dispatch_batch_completed", "lease_lost": 0, "level": "info", "published": 28, "retry_scheduled": 0, "role": "outbox_dispatcher", "timestamp": "2026-08-07T11:42:01.968876Z"}
api-1       | INFO:     172.18.0.1:46954 - "GET /api/v1/runs/f46da7fe-967a-4edf-abba-a8d106779fc7 HTTP/1.1" 200 OK
api-1       | {"api_key_prefix": "evk_64f04950db0a", "duration_ms": 132.843, "event": "http_request_completed", "level": "info", "method": "GET", "outcome": "success", "path": "/api/v1/runs/f46da7fe-967a-4edf-abba-a8d106779fc7", "request_id": "82cd657d-d500-4e53-9230-ae0188943b1f", "status_code": 200, "tenant_id": "327d2ffb-1823-49ee-aab0-022efdfc7324", "timestamp": "2026-08-07T11:42:02.022341Z", "trace_id": "fd567db3a0f4d4240b4b4c1551b58739"}
api-1       | {"claimed": 30, "event": "outbox_dispatch_batch_completed", "lease_lost": 0, "level": "info", "published": 30, "retry_scheduled": 0, "role": "outbox_dispatcher", "timestamp": "2026-08-07T11:42:02.605250Z"}
api-1       | INFO:     172.18.0.1:46954 - "GET /api/v1/runs/f46da7fe-967a-4edf-abba-a8d106779fc7 HTTP/1.1" 200 OK
api-1       | {"api_key_prefix": "evk_64f04950db0a", "duration_ms": 133.678, "event": "http_request_completed", "level": "info", "method": "GET", "outcome": "success", "path": "/api/v1/runs/f46da7fe-967a-4edf-abba-a8d106779fc7", "request_id": "2d1dc94a-cdc5-47a9-81b6-f5df07d5529b", "status_code": 200, "tenant_id": "327d2ffb-1823-49ee-aab0-022efdfc7324", "timestamp": "2026-08-07T11:42:02.669644Z", "trace_id": "6d7f7bbf8d60a9080f783fe65231c138"}
api-1       | {"claimed": 28, "event": "outbox_dispatch_batch_completed", "lease_lost": 0, "level": "info", "published": 28, "retry_scheduled": 0, "role": "outbox_dispatcher", "timestamp": "2026-08-07T11:42:03.263269Z"}
api-1       | INFO:     172.18.0.1:46954 - "GET /api/v1/runs/f46da7fe-967a-4edf-abba-a8d106779fc7 HTTP/1.1" 200 OK
api-1       | {"api_key_prefix": "evk_64f04950db0a", "duration_ms": 89.362, "event": "http_request_completed", "level": "info", "method": "GET", "outcome": "success", "path": "/api/v1/runs/f46da7fe-967a-4edf-abba-a8d106779fc7", "request_id": "b1a9630b-2b0e-4b98-b97f-6ee0d73aebb7", "status_code": 200, "tenant_id": "327d2ffb-1823-49ee-aab0-022efdfc7324", "timestamp": "2026-08-07T11:42:03.281664Z", "trace_id": "1db308ceb927157488e111609300c6ec"}
api-1       | {"claimed": 30, "event": "outbox_dispatch_batch_completed", "lease_lost": 0, "level": "info", "published": 30, "retry_scheduled": 0, "role": "outbox_dispatcher", "timestamp": "2026-08-07T11:42:03.888070Z"}
api-1       | INFO:     172.18.0.1:46954 - "GET /api/v1/runs/f46da7fe-967a-4edf-abba-a8d106779fc7 HTTP/1.1" 200 OK
api-1       | {"api_key_prefix": "evk_64f04950db0a", "duration_ms": 137.955, "event": "http_request_completed", "level": "info", "method": "GET", "outcome": "success", "path": "/api/v1/runs/f46da7fe-967a-4edf-abba-a8d106779fc7", "request_id": "f3f97158-7136-4508-9659-cb3afe0beef1", "status_code": 200, "tenant_id": "327d2ffb-1823-49ee-aab0-022efdfc7324", "timestamp": "2026-08-07T11:42:03.939868Z", "trace_id": "33db3d3c980dd319e9953660384efdc0"}
api-1       | {"claimed": 30, "event": "outbox_dispatch_batch_completed", "lease_lost": 0, "level": "info", "published": 30, "retry_scheduled": 0, "role": "outbox_dispatcher", "timestamp": "2026-08-07T11:42:04.562636Z"}
api-1       | INFO:     172.18.0.1:46954 - "GET /api/v1/runs/f46da7fe-967a-4edf-abba-a8d106779fc7 HTTP/1.1" 200 OK
api-1       | {"api_key_prefix": "evk_64f04950db0a", "duration_ms": 130.232, "event": "http_request_completed", "level": "info", "method": "GET", "outcome": "success", "path": "/api/v1/runs/f46da7fe-967a-4edf-abba-a8d106779fc7", "request_id": "5b29fb3b-73cc-40b9-8cac-5e068b2b6098", "status_code": 200, "tenant_id": "327d2ffb-1823-49ee-aab0-022efdfc7324", "timestamp": "2026-08-07T11:42:04.589746Z", "trace_id": "5add41e05a1cfbee422b2d5f26fbddcc"}
api-1       | {"event": "Context impl PostgresqlImpl.", "level": "info", "request_id": "334a595b-f1aa-46bf-a9a7-7d7ec34c9f3e", "timestamp": "2026-08-07T11:42:04.888586Z", "trace_id": "7d6b87435fc6c1d36e0aff919079499f"}
api-1       | {"event": "Will assume transactional DDL.", "level": "info", "request_id": "334a595b-f1aa-46bf-a9a7-7d7ec34c9f3e", "timestamp": "2026-08-07T11:42:04.888698Z", "trace_id": "7d6b87435fc6c1d36e0aff919079499f"}
api-1       | INFO:     127.0.0.1:59208 - "GET /health/ready HTTP/1.1" 200 OK
api-1       | {"duration_ms": 23.465, "event": "http_request_completed", "level": "info", "method": "GET", "outcome": "success", "path": "/health/ready", "request_id": "334a595b-f1aa-46bf-a9a7-7d7ec34c9f3e", "status_code": 200, "timestamp": "2026-08-07T11:42:04.893756Z", "trace_id": "7d6b87435fc6c1d36e0aff919079499f"}
api-1       | {"claimed": 30, "event": "outbox_dispatch_batch_completed", "lease_lost": 0, "level": "info", "published": 30, "retry_scheduled": 0, "role": "outbox_dispatcher", "timestamp": "2026-08-07T11:42:05.181111Z"}
api-1       | INFO:     172.18.0.1:46954 - "GET /api/v1/runs/f46da7fe-967a-4edf-abba-a8d106779fc7 HTTP/1.1" 200 OK
api-1       | {"api_key_prefix": "evk_64f04950db0a", "duration_ms": 139.411, "event": "http_request_completed", "level": "info", "method": "GET", "outcome": "success", "path": "/api/v1/runs/f46da7fe-967a-4edf-abba-a8d106779fc7", "request_id": "8efbc157-c4d9-4cb7-a098-377fbe7a2bda", "status_code": 200, "tenant_id": "327d2ffb-1823-49ee-aab0-022efdfc7324", "timestamp": "2026-08-07T11:42:05.237916Z", "trace_id": "7bd2c898f3fa2474295bd9466a114a6a"}
api-1       | {"claimed": 30, "event": "outbox_dispatch_batch_completed", "lease_lost": 0, "level": "info", "published": 30, "retry_scheduled": 0, "role": "outbox_dispatcher", "timestamp": "2026-08-07T11:42:05.804805Z"}
api-1       | INFO:     172.18.0.1:46954 - "GET /api/v1/runs/f46da7fe-967a-4edf-abba-a8d106779fc7 HTTP/1.1" 200 OK
api-1       | {"api_key_prefix": "evk_64f04950db0a", "duration_ms": 156.924, "event": "http_request_completed", "level": "info", "method": "GET", "outcome": "success", "path": "/api/v1/runs/f46da7fe-967a-4edf-abba-a8d106779fc7", "request_id": "fe435e13-37c5-4db6-a6eb-ae04a81198e9", "status_code": 200, "tenant_id": "327d2ffb-1823-49ee-aab0-022efdfc7324", "timestamp": "2026-08-07T11:42:05.913830Z", "trace_id": "d5ac566f0936e5070800211c3c2f1853"}
api-1       | {"claimed": 30, "event": "outbox_dispatch_batch_completed", "lease_lost": 0, "level": "info", "published": 30, "retry_scheduled": 0, "role": "outbox_dispatcher", "timestamp": "2026-08-07T11:42:06.431226Z"}
api-1       | INFO:     172.18.0.1:46954 - "GET /api/v1/runs/f46da7fe-967a-4edf-abba-a8d106779fc7 HTTP/1.1" 200 OK
api-1       | {"api_key_prefix": "evk_64f04950db0a", "duration_ms": 99.84, "event": "http_request_completed", "level": "info", "method": "GET", "outcome": "success", "path": "/api/v1/runs/f46da7fe-967a-4edf-abba-a8d106779fc7", "request_id": "55b4f996-7969-4b64-93ff-25d32b0a3125", "status_code": 200, "tenant_id": "327d2ffb-1823-49ee-aab0-022efdfc7324", "timestamp": "2026-08-07T11:42:06.519043Z", "trace_id": "59f0b178376b81cb69191951982aa5b0"}
api-1       | {"claimed": 30, "event": "outbox_dispatch_batch_completed", "lease_lost": 0, "level": "info", "published": 30, "retry_scheduled": 0, "role": "outbox_dispatcher", "timestamp": "2026-08-07T11:42:07.127449Z"}
api-1       | INFO:     172.18.0.1:46954 - "GET /api/v1/runs/f46da7fe-967a-4edf-abba-a8d106779fc7 HTTP/1.1" 200 OK
api-1       | {"api_key_prefix": "evk_64f04950db0a", "duration_ms": 173.808, "event": "http_request_completed", "level": "info", "method": "GET", "outcome": "success", "path": "/api/v1/runs/f46da7fe-967a-4edf-abba-a8d106779fc7", "request_id": "10f454a1-418f-4f8c-9795-643859f61a7c", "status_code": 200, "tenant_id": "327d2ffb-1823-49ee-aab0-022efdfc7324", "timestamp": "2026-08-07T11:42:07.197447Z", "trace_id": "3feb5770943beb660098216c63ab1724"}
api-1       | {"claimed": 28, "event": "outbox_dispatch_batch_completed", "lease_lost": 0, "level": "info", "published": 28, "retry_scheduled": 0, "role": "outbox_dispatcher", "timestamp": "2026-08-07T11:42:07.769032Z"}
api-1       | INFO:     172.18.0.1:46954 - "GET /api/v1/runs/f46da7fe-967a-4edf-abba-a8d106779fc7 HTTP/1.1" 200 OK
api-1       | {"api_key_prefix": "evk_64f04950db0a", "duration_ms": 114.585, "event": "http_request_completed", "level": "info", "method": "GET", "outcome": "success", "path": "/api/v1/runs/f46da7fe-967a-4edf-abba-a8d106779fc7", "request_id": "192ac550-bff3-46a4-9845-f8c2c92c2314", "status_code": 200, "tenant_id": "327d2ffb-1823-49ee-aab0-022efdfc7324", "timestamp": "2026-08-07T11:42:07.821551Z", "trace_id": "197395ac0278c43714e7c397dc607a20"}
api-1       | {"claimed": 30, "event": "outbox_dispatch_batch_completed", "lease_lost": 0, "level": "info", "published": 30, "retry_scheduled": 0, "role": "outbox_dispatcher", "timestamp": "2026-08-07T11:42:08.397934Z"}
api-1       | INFO:     172.18.0.1:46954 - "GET /api/v1/runs/f46da7fe-967a-4edf-abba-a8d106779fc7 HTTP/1.1" 200 OK
api-1       | {"api_key_prefix": "evk_64f04950db0a", "duration_ms": 127.984, "event": "http_request_completed", "level": "info", "method": "GET", "outcome": "success", "path": "/api/v1/runs/f46da7fe-967a-4edf-abba-a8d106779fc7", "request_id": "1caf0735-810b-49e2-a681-a2c5c5719ae9", "status_code": 200, "tenant_id": "327d2ffb-1823-49ee-aab0-022efdfc7324", "timestamp": "2026-08-07T11:42:08.470113Z", "trace_id": "28c8727060a6198445aeb5d629b66cf4"}
api-1       | {"claimed": 28, "event": "outbox_dispatch_batch_completed", "lease_lost": 0, "level": "info", "published": 28, "retry_scheduled": 0, "role": "outbox_dispatcher", "timestamp": "2026-08-07T11:42:09.062512Z"}
api-1       | INFO:     172.18.0.1:46954 - "GET /api/v1/runs/f46da7fe-967a-4edf-abba-a8d106779fc7 HTTP/1.1" 200 OK
api-1       | {"api_key_prefix": "evk_64f04950db0a", "duration_ms": 89.994, "event": "http_request_completed", "level": "info", "method": "GET", "outcome": "success", "path": "/api/v1/runs/f46da7fe-967a-4edf-abba-a8d106779fc7", "request_id": "59626c97-e824-4ebd-abf6-61f05eb2331c", "status_code": 200, "tenant_id": "327d2ffb-1823-49ee-aab0-022efdfc7324", "timestamp": "2026-08-07T11:42:09.072329Z", "trace_id": "92282b61df08d1a4f425ab01369e9bad"}
api-1       | {"claimed": 32, "event": "outbox_dispatch_batch_completed", "lease_lost": 0, "level": "info", "published": 32, "retry_scheduled": 0, "role": "outbox_dispatcher", "timestamp": "2026-08-07T11:42:09.704472Z"}
api-1       | INFO:     172.18.0.1:46954 - "GET /api/v1/runs/f46da7fe-967a-4edf-abba-a8d106779fc7 HTTP/1.1" 200 OK
api-1       | {"api_key_prefix": "evk_64f04950db0a", "duration_ms": 131.975, "event": "http_request_completed", "level": "info", "method": "GET", "outcome": "success", "path": "/api/v1/runs/f46da7fe-967a-4edf-abba-a8d106779fc7", "request_id": "6b6eac2a-d850-43e9-9988-856efa1c33f1", "status_code": 200, "tenant_id": "327d2ffb-1823-49ee-aab0-022efdfc7324", "timestamp": "2026-08-07T11:42:09.707423Z", "trace_id": "1704a575463e4bf0053b7aaa0d6e1c1f"}
api-1       | {"event": "Context impl PostgresqlImpl.", "level": "info", "request_id": "44fc8e1a-cdbf-4f17-8411-c755578471b3", "timestamp": "2026-08-07T11:42:10.177908Z", "trace_id": "14f4ec695bac161873f6f8f087aaac39"}
api-1       | {"event": "Will assume transactional DDL.", "level": "info", "request_id": "44fc8e1a-cdbf-4f17-8411-c755578471b3", "timestamp": "2026-08-07T11:42:10.178029Z", "trace_id": "14f4ec695bac161873f6f8f087aaac39"}
api-1       | INFO:     127.0.0.1:59234 - "GET /health/ready HTTP/1.1" 200 OK
api-1       | {"duration_ms": 24.391, "event": "http_request_completed", "level": "info", "method": "GET", "outcome": "success", "path": "/health/ready", "request_id": "44fc8e1a-cdbf-4f17-8411-c755578471b3", "status_code": 200, "timestamp": "2026-08-07T11:42:10.183779Z", "trace_id": "14f4ec695bac161873f6f8f087aaac39"}
api-1       | {"claimed": 30, "event": "outbox_dispatch_batch_completed", "lease_lost": 0, "level": "info", "published": 30, "retry_scheduled": 0, "role": "outbox_dispatcher", "timestamp": "2026-08-07T11:42:10.376089Z"}
api-1       | INFO:     172.18.0.1:46954 - "GET /api/v1/runs/f46da7fe-967a-4edf-abba-a8d106779fc7 HTTP/1.1" 200 OK
api-1       | {"api_key_prefix": "evk_64f04950db0a", "duration_ms": 170.667, "event": "http_request_completed", "level": "info", "method": "GET", "outcome": "success", "path": "/api/v1/runs/f46da7fe-967a-4edf-abba-a8d106779fc7", "request_id": "52ae3e6d-3e1e-426e-80bf-90fe2fa88b56", "status_code": 200, "tenant_id": "327d2ffb-1823-49ee-aab0-022efdfc7324", "timestamp": "2026-08-07T11:42:10.382733Z", "trace_id": "f78a26514bd3b2d22502d672631594c0"}
api-1       | {"claimed": 34, "event": "outbox_dispatch_batch_completed", "lease_lost": 0, "level": "info", "published": 34, "retry_scheduled": 0, "role": "outbox_dispatcher", "timestamp": "2026-08-07T11:42:11.018708Z"}
api-1       | INFO:     172.18.0.1:46954 - "GET /api/v1/runs/f46da7fe-967a-4edf-abba-a8d106779fc7 HTTP/1.1" 200 OK
api-1       | {"api_key_prefix": "evk_64f04950db0a", "duration_ms": 180.717, "event": "http_request_completed", "level": "info", "method": "GET", "outcome": "success", "path": "/api/v1/runs/f46da7fe-967a-4edf-abba-a8d106779fc7", "request_id": "40ecdb7d-cf09-405b-9ee9-d85eeac3ad7c", "status_code": 200, "tenant_id": "327d2ffb-1823-49ee-aab0-022efdfc7324", "timestamp": "2026-08-07T11:42:11.066861Z", "trace_id": "d0c013cacd239d95b05ca19e7d6876e0"}
api-1       | {"claimed": 32, "event": "outbox_dispatch_batch_completed", "lease_lost": 0, "level": "info", "published": 32, "retry_scheduled": 0, "role": "outbox_dispatcher", "timestamp": "2026-08-07T11:42:11.666778Z"}
api-1       | INFO:     172.18.0.1:46954 - "GET /api/v1/runs/f46da7fe-967a-4edf-abba-a8d106779fc7 HTTP/1.1" 200 OK
api-1       | {"api_key_prefix": "evk_64f04950db0a", "duration_ms": 129.775, "event": "http_request_completed", "level": "info", "method": "GET", "outcome": "success", "path": "/api/v1/runs/f46da7fe-967a-4edf-abba-a8d106779fc7", "request_id": "9f84be51-0655-4fd0-8036-8f28b01ac845", "status_code": 200, "tenant_id": "327d2ffb-1823-49ee-aab0-022efdfc7324", "timestamp": "2026-08-07T11:42:11.717400Z", "trace_id": "6cfd9f048c6b8c9468f6ce673096a816"}
api-1       | {"claimed": 30, "event": "outbox_dispatch_batch_completed", "lease_lost": 0, "level": "info", "published": 30, "retry_scheduled": 0, "role": "outbox_dispatcher", "timestamp": "2026-08-07T11:42:12.288911Z"}
api-1       | INFO:     172.18.0.1:46954 - "GET /api/v1/runs/f46da7fe-967a-4edf-abba-a8d106779fc7 HTTP/1.1" 200 OK
api-1       | {"api_key_prefix": "evk_64f04950db0a", "duration_ms": 101.514, "event": "http_request_completed", "level": "info", "method": "GET", "outcome": "success", "path": "/api/v1/runs/f46da7fe-967a-4edf-abba-a8d106779fc7", "request_id": "7b4941cd-97a5-40b5-bc56-e1632a0df9bd", "status_code": 200, "tenant_id": "327d2ffb-1823-49ee-aab0-022efdfc7324", "timestamp": "2026-08-07T11:42:12.342800Z", "trace_id": "e2d4ca5f3d46048ba1491aa2de1f45ee"}
api-1       | {"claimed": 30, "event": "outbox_dispatch_batch_completed", "lease_lost": 0, "level": "info", "published": 30, "retry_scheduled": 0, "role": "outbox_dispatcher", "timestamp": "2026-08-07T11:42:12.927219Z"}
api-1       | INFO:     172.18.0.1:46954 - "GET /api/v1/runs/f46da7fe-967a-4edf-abba-a8d106779fc7 HTTP/1.1" 200 OK
api-1       | {"api_key_prefix": "evk_64f04950db0a", "duration_ms": 99.39, "event": "http_request_completed", "level": "info", "method": "GET", "outcome": "success", "path": "/api/v1/runs/f46da7fe-967a-4edf-abba-a8d106779fc7", "request_id": "4f612f78-7683-4570-b211-543d48bf38ac", "status_code": 200, "tenant_id": "327d2ffb-1823-49ee-aab0-022efdfc7324", "timestamp": "2026-08-07T11:42:12.970144Z", "trace_id": "842c5c10ccb8b32a59d23cc197589f10"}
api-1       | {"claimed": 32, "event": "outbox_dispatch_batch_completed", "lease_lost": 0, "level": "info", "published": 32, "retry_scheduled": 0, "role": "outbox_dispatcher", "timestamp": "2026-08-07T11:42:13.567643Z"}
api-1       | INFO:     172.18.0.1:46954 - "GET /api/v1/runs/f46da7fe-967a-4edf-abba-a8d106779fc7 HTTP/1.1" 200 OK
api-1       | {"api_key_prefix": "evk_64f04950db0a", "duration_ms": 149.659, "event": "http_request_completed", "level": "info", "method": "GET", "outcome": "success", "path": "/api/v1/runs/f46da7fe-967a-4edf-abba-a8d106779fc7", "request_id": "b9cbdf39-0a5b-454e-b608-e39e0ec6e296", "status_code": 200, "tenant_id": "327d2ffb-1823-49ee-aab0-022efdfc7324", "timestamp": "2026-08-07T11:42:13.623474Z", "trace_id": "82b94e860b5f7872538b562353c54734"}
api-1       | {"claimed": 30, "event": "outbox_dispatch_batch_completed", "lease_lost": 0, "level": "info", "published": 30, "retry_scheduled": 0, "role": "outbox_dispatcher", "timestamp": "2026-08-07T11:42:14.194335Z"}
api-1       | INFO:     172.18.0.1:46954 - "GET /api/v1/runs/f46da7fe-967a-4edf-abba-a8d106779fc7 HTTP/1.1" 200 OK
api-1       | {"api_key_prefix": "evk_64f04950db0a", "duration_ms": 88.69, "event": "http_request_completed", "level": "info", "method": "GET", "outcome": "success", "path": "/api/v1/runs/f46da7fe-967a-4edf-abba-a8d106779fc7", "request_id": "5faf223c-470b-4686-9f49-33a0d2b8a83c", "status_code": 200, "tenant_id": "327d2ffb-1823-49ee-aab0-022efdfc7324", "timestamp": "2026-08-07T11:42:14.233156Z", "trace_id": "20acc46d4f73ed4ee70e728e255b15eb"}
api-1       | {"claimed": 32, "event": "outbox_dispatch_batch_completed", "lease_lost": 0, "level": "info", "published": 32, "retry_scheduled": 0, "role": "outbox_dispatcher", "timestamp": "2026-08-07T11:42:14.832005Z"}
api-1       | INFO:     172.18.0.1:46954 - "GET /api/v1/runs/f46da7fe-967a-4edf-abba-a8d106779fc7 HTTP/1.1" 200 OK
api-1       | {"api_key_prefix": "evk_64f04950db0a", "duration_ms": 130.831, "event": "http_request_completed", "level": "info", "method": "GET", "outcome": "success", "path": "/api/v1/runs/f46da7fe-967a-4edf-abba-a8d106779fc7", "request_id": "33b24782-874b-457e-9bcc-b891f43942f4", "status_code": 200, "tenant_id": "327d2ffb-1823-49ee-aab0-022efdfc7324", "timestamp": "2026-08-07T11:42:14.868512Z", "trace_id": "fa7d0c1b6ed576521785a3f9a72b842c"}
api-1       | {"claimed": 31, "event": "outbox_dispatch_batch_completed", "lease_lost": 0, "level": "info", "published": 31, "retry_scheduled": 0, "role": "outbox_dispatcher", "timestamp": "2026-08-07T11:42:15.671647Z"}
api-1       | {"event": "Context impl PostgresqlImpl.", "level": "info", "request_id": "599998ef-d7d5-454a-bbb9-5ee843c4ee55", "timestamp": "2026-08-07T11:42:15.680627Z", "trace_id": "f69369ba9570925f4dee2bc431cc6ea9"}
api-1       | {"event": "Will assume transactional DDL.", "level": "info", "request_id": "599998ef-d7d5-454a-bbb9-5ee843c4ee55", "timestamp": "2026-08-07T11:42:15.680853Z", "trace_id": "f69369ba9570925f4dee2bc431cc6ea9"}
api-1       | INFO:     127.0.0.1:44888 - "GET /health/ready HTTP/1.1" 200 OK
api-1       | {"duration_ms": 93.876, "event": "http_request_completed", "level": "info", "method": "GET", "outcome": "success", "path": "/health/ready", "request_id": "599998ef-d7d5-454a-bbb9-5ee843c4ee55", "status_code": 200, "timestamp": "2026-08-07T11:42:15.689712Z", "trace_id": "f69369ba9570925f4dee2bc431cc6ea9"}
api-1       | INFO:     172.18.0.1:46954 - "GET /api/v1/runs/f46da7fe-967a-4edf-abba-a8d106779fc7 HTTP/1.1" 200 OK
api-1       | {"api_key_prefix": "evk_64f04950db0a", "duration_ms": 270.675, "event": "http_request_completed", "level": "info", "method": "GET", "outcome": "success", "path": "/api/v1/runs/f46da7fe-967a-4edf-abba-a8d106779fc7", "request_id": "048cd586-c87e-494c-946d-8da86d482704", "status_code": 200, "tenant_id": "327d2ffb-1823-49ee-aab0-022efdfc7324", "timestamp": "2026-08-07T11:42:15.743434Z", "trace_id": "0761d82a2aaa843a28c5c3ec1a40f270"}
api-1       | {"claimed": 41, "event": "outbox_dispatch_batch_completed", "lease_lost": 0, "level": "info", "published": 41, "retry_scheduled": 0, "role": "outbox_dispatcher", "timestamp": "2026-08-07T11:42:16.306637Z"}
api-1       | INFO:     172.18.0.1:46954 - "GET /api/v1/runs/f46da7fe-967a-4edf-abba-a8d106779fc7 HTTP/1.1" 200 OK
api-1       | {"api_key_prefix": "evk_64f04950db0a", "duration_ms": 90.859, "event": "http_request_completed", "level": "info", "method": "GET", "outcome": "success", "path": "/api/v1/runs/f46da7fe-967a-4edf-abba-a8d106779fc7", "request_id": "7b413c83-e68f-4702-bac5-646709ee6a2d", "status_code": 200, "tenant_id": "327d2ffb-1823-49ee-aab0-022efdfc7324", "timestamp": "2026-08-07T11:42:16.349342Z", "trace_id": "0a664ea68643eb3eb48f353b4507cbff"}
api-1       | {"claimed": 30, "event": "outbox_dispatch_batch_completed", "lease_lost": 0, "level": "info", "published": 30, "retry_scheduled": 0, "role": "outbox_dispatcher", "timestamp": "2026-08-07T11:42:16.920772Z"}
api-1       | INFO:     172.18.0.1:46954 - "GET /api/v1/runs/f46da7fe-967a-4edf-abba-a8d106779fc7 HTTP/1.1" 200 OK
api-1       | {"api_key_prefix": "evk_64f04950db0a", "duration_ms": 106.641, "event": "http_request_completed", "level": "info", "method": "GET", "outcome": "success", "path": "/api/v1/runs/f46da7fe-967a-4edf-abba-a8d106779fc7", "request_id": "9e16dcae-7ee9-4bac-9d46-ca72de7070de", "status_code": 200, "tenant_id": "327d2ffb-1823-49ee-aab0-022efdfc7324", "timestamp": "2026-08-07T11:42:16.973692Z", "trace_id": "35e0692f49f21c3fe9cad809d97519f9"}
api-1       | {"claimed": 28, "event": "outbox_dispatch_batch_completed", "lease_lost": 0, "level": "info", "published": 28, "retry_scheduled": 0, "role": "outbox_dispatcher", "timestamp": "2026-08-07T11:42:17.594232Z"}
api-1       | INFO:     172.18.0.1:46954 - "GET /api/v1/runs/f46da7fe-967a-4edf-abba-a8d106779fc7 HTTP/1.1" 200 OK
api-1       | {"api_key_prefix": "evk_64f04950db0a", "duration_ms": 141.922, "event": "http_request_completed", "level": "info", "method": "GET", "outcome": "success", "path": "/api/v1/runs/f46da7fe-967a-4edf-abba-a8d106779fc7", "request_id": "7a5bf879-52ce-452d-bac5-5efe78edb654", "status_code": 200, "tenant_id": "327d2ffb-1823-49ee-aab0-022efdfc7324", "timestamp": "2026-08-07T11:42:17.644515Z", "trace_id": "16e46966e98b70eabf39a9d8b91f6f89"}
api-1       | {"claimed": 28, "event": "outbox_dispatch_batch_completed", "lease_lost": 0, "level": "info", "published": 28, "retry_scheduled": 0, "role": "outbox_dispatcher", "timestamp": "2026-08-07T11:42:18.217247Z"}
api-1       | INFO:     172.18.0.1:46954 - "GET /api/v1/runs/f46da7fe-967a-4edf-abba-a8d106779fc7 HTTP/1.1" 200 OK
api-1       | {"api_key_prefix": "evk_64f04950db0a", "duration_ms": 110.63, "event": "http_request_completed", "level": "info", "method": "GET", "outcome": "success", "path": "/api/v1/runs/f46da7fe-967a-4edf-abba-a8d106779fc7", "request_id": "15aa0a1f-0cec-4272-a078-22ae0ada3821", "status_code": 200, "tenant_id": "327d2ffb-1823-49ee-aab0-022efdfc7324", "timestamp": "2026-08-07T11:42:18.268404Z", "trace_id": "b0a230f447c26212c6fae7f8b5ae7a83"}
api-1       | {"claimed": 28, "event": "outbox_dispatch_batch_completed", "lease_lost": 0, "level": "info", "published": 28, "retry_scheduled": 0, "role": "outbox_dispatcher", "timestamp": "2026-08-07T11:42:18.865725Z"}
api-1       | INFO:     172.18.0.1:46954 - "GET /api/v1/runs/f46da7fe-967a-4edf-abba-a8d106779fc7 HTTP/1.1" 200 OK
api-1       | {"api_key_prefix": "evk_64f04950db0a", "duration_ms": 88.444, "event": "http_request_completed", "level": "info", "method": "GET", "outcome": "success", "path": "/api/v1/runs/f46da7fe-967a-4edf-abba-a8d106779fc7", "request_id": "49cf4025-a6cd-48bf-af48-aac728f78865", "status_code": 200, "tenant_id": "327d2ffb-1823-49ee-aab0-022efdfc7324", "timestamp": "2026-08-07T11:42:18.882019Z", "trace_id": "894b87c6373304dab72b62a87c4a97b1"}
api-1       | {"claimed": 32, "event": "outbox_dispatch_batch_completed", "lease_lost": 0, "level": "info", "published": 32, "retry_scheduled": 0, "role": "outbox_dispatcher", "timestamp": "2026-08-07T11:42:19.487348Z"}
api-1       | INFO:     172.18.0.1:46954 - "GET /api/v1/runs/f46da7fe-967a-4edf-abba-a8d106779fc7 HTTP/1.1" 200 OK
api-1       | {"api_key_prefix": "evk_64f04950db0a", "duration_ms": 136.817, "event": "http_request_completed", "level": "info", "method": "GET", "outcome": "success", "path": "/api/v1/runs/f46da7fe-967a-4edf-abba-a8d106779fc7", "request_id": "32931f21-c76d-475c-965e-524cb4aa8278", "status_code": 200, "tenant_id": "327d2ffb-1823-49ee-aab0-022efdfc7324", "timestamp": "2026-08-07T11:42:19.543146Z", "trace_id": "52ef6cc85fb627bcc3deeec425138d3d"}
api-1       | {"claimed": 30, "event": "outbox_dispatch_batch_completed", "lease_lost": 0, "level": "info", "published": 30, "retry_scheduled": 0, "role": "outbox_dispatcher", "timestamp": "2026-08-07T11:42:20.103731Z"}
api-1       | INFO:     172.18.0.1:46954 - "GET /api/v1/runs/f46da7fe-967a-4edf-abba-a8d106779fc7 HTTP/1.1" 200 OK
api-1       | {"api_key_prefix": "evk_64f04950db0a", "duration_ms": 97.148, "event": "http_request_completed", "level": "info", "method": "GET", "outcome": "success", "path": "/api/v1/runs/f46da7fe-967a-4edf-abba-a8d106779fc7", "request_id": "93933d2d-c184-48a0-9ddc-0c9702489090", "status_code": 200, "tenant_id": "327d2ffb-1823-49ee-aab0-022efdfc7324", "timestamp": "2026-08-07T11:42:20.164777Z", "trace_id": "1b05c418490315469879b8755e256211"}
api-1       | {"claimed": 1, "event": "outbox_dispatch_batch_completed", "lease_lost": 0, "level": "info", "published": 1, "retry_scheduled": 0, "role": "outbox_dispatcher", "timestamp": "2026-08-07T11:42:20.613750Z"}
api-1       | INFO:     172.18.0.1:46954 - "GET /api/v1/runs/f46da7fe-967a-4edf-abba-a8d106779fc7 HTTP/1.1" 200 OK
api-1       | {"api_key_prefix": "evk_64f04950db0a", "duration_ms": 55.157, "event": "http_request_completed", "level": "info", "method": "GET", "outcome": "success", "path": "/api/v1/runs/f46da7fe-967a-4edf-abba-a8d106779fc7", "request_id": "d0a23f93-8180-4c55-b9b8-e9c6c9ac866d", "status_code": 200, "tenant_id": "327d2ffb-1823-49ee-aab0-022efdfc7324", "timestamp": "2026-08-07T11:42:20.722508Z", "trace_id": "492ef9af8a5240826cb2e7aafe1b4841"}
api-1       | {"event": "Context impl PostgresqlImpl.", "level": "info", "request_id": "a4304517-07c0-426e-a0c1-ef2b6c1aa737", "timestamp": "2026-08-07T11:42:20.965522Z", "trace_id": "1085926378d12b51fe1906483bfd3e41"}
api-1       | {"event": "Will assume transactional DDL.", "level": "info", "request_id": "a4304517-07c0-426e-a0c1-ef2b6c1aa737", "timestamp": "2026-08-07T11:42:20.965628Z", "trace_id": "1085926378d12b51fe1906483bfd3e41"}
api-1       | INFO:     127.0.0.1:44932 - "GET /health/ready HTTP/1.1" 200 OK
api-1       | {"duration_ms": 19.403, "event": "http_request_completed", "level": "info", "method": "GET", "outcome": "success", "path": "/health/ready", "request_id": "a4304517-07c0-426e-a0c1-ef2b6c1aa737", "status_code": 200, "timestamp": "2026-08-07T11:42:20.971148Z", "trace_id": "1085926378d12b51fe1906483bfd3e41"}
api-1       | {"claimed": 5, "event": "outbox_dispatch_batch_completed", "lease_lost": 0, "level": "info", "published": 5, "retry_scheduled": 0, "role": "outbox_dispatcher", "timestamp": "2026-08-07T11:42:21.128702Z"}
api-1       | INFO:     172.18.0.1:46954 - "GET /api/v1/runs/f46da7fe-967a-4edf-abba-a8d106779fc7 HTTP/1.1" 200 OK
api-1       | {"api_key_prefix": "evk_64f04950db0a", "duration_ms": 54.543, "event": "http_request_completed", "level": "info", "method": "GET", "outcome": "success", "path": "/api/v1/runs/f46da7fe-967a-4edf-abba-a8d106779fc7", "request_id": "1947ef30-faec-4fae-b95e-b9f6a30e0b1f", "status_code": 200, "tenant_id": "327d2ffb-1823-49ee-aab0-022efdfc7324", "timestamp": "2026-08-07T11:42:21.279991Z", "trace_id": "afd5fbae8a0f93b1dd052da83cc67dee"}
api-1       | INFO:     172.18.0.1:46954 - "GET /api/v1/runs/f46da7fe-967a-4edf-abba-a8d106779fc7/cases?limit=200&sort=case_id HTTP/1.1" 200 OK
api-1       | {"api_key_prefix": "evk_64f04950db0a", "duration_ms": 65.628, "event": "http_request_completed", "level": "info", "method": "GET", "outcome": "success", "path": "/api/v1/runs/f46da7fe-967a-4edf-abba-a8d106779fc7/cases", "request_id": "cd2e3754-9dbd-4d23-ae57-55f56ec99051", "status_code": 200, "tenant_id": "327d2ffb-1823-49ee-aab0-022efdfc7324", "timestamp": "2026-08-07T11:42:21.347152Z", "trace_id": "769e42c5a04027baf06d2188d3f3c20f"}
api-1       | INFO:     172.18.0.1:46954 - "GET /api/v1/runs/f46da7fe-967a-4edf-abba-a8d106779fc7/cases?limit=200&sort=case_id&cursor=eyJkaXJlY3Rpb24iOiJhc2MiLCJlcnJvcl9jb2RlIjpudWxsLCJqb2JfaWQiOiJmMWVlYmM5MS03NjczLTRiYzEtOGE4ZS02YzlkZjcwMmQwNmEiLCJtZXRyaWMiOm51bGwsInNvcnQiOiJjYXNlX2lkIiwic3RhdHVzIjpudWxsLCJ2IjoxLCJ2YWx1ZSI6ImxvYWQtMDE5OSJ9 HTTP/1.1" 200 OK
api-1       | {"api_key_prefix": "evk_64f04950db0a", "duration_ms": 64.029, "event": "http_request_completed", "level": "info", "method": "GET", "outcome": "success", "path": "/api/v1/runs/f46da7fe-967a-4edf-abba-a8d106779fc7/cases", "request_id": "53bc0041-6354-4170-ba53-25e351164585", "status_code": 200, "tenant_id": "327d2ffb-1823-49ee-aab0-022efdfc7324", "timestamp": "2026-08-07T11:42:21.413536Z", "trace_id": "e9cb648dacd9013d4d502857aec0f2d0"}
api-1       | INFO:     172.18.0.1:46954 - "GET /api/v1/runs/f46da7fe-967a-4edf-abba-a8d106779fc7/cases?limit=200&sort=case_id&cursor=eyJkaXJlY3Rpb24iOiJhc2MiLCJlcnJvcl9jb2RlIjpudWxsLCJqb2JfaWQiOiJjMWY1MmJiNi0yMjMyLTQyNDMtYTgxYi04ZGRmMjI0YmZjMTQiLCJtZXRyaWMiOm51bGwsInNvcnQiOiJjYXNlX2lkIiwic3RhdHVzIjpudWxsLCJ2IjoxLCJ2YWx1ZSI6ImxvYWQtMDM5OSJ9 HTTP/1.1" 200 OK
api-1       | {"api_key_prefix": "evk_64f04950db0a", "duration_ms": 55.965, "event": "http_request_completed", "level": "info", "method": "GET", "outcome": "success", "path": "/api/v1/runs/f46da7fe-967a-4edf-abba-a8d106779fc7/cases", "request_id": "1eb64879-8e53-4e58-b41e-bef51adde386", "status_code": 200, "tenant_id": "327d2ffb-1823-49ee-aab0-022efdfc7324", "timestamp": "2026-08-07T11:42:21.472026Z", "trace_id": "2eb74e304a2f0bb39a247e9801b67eca"}
api-1       | INFO:     127.0.0.1:44942 - "GET /metrics HTTP/1.1" 200 OK
api-1       | {"duration_ms": 7.212, "event": "http_request_completed", "level": "info", "method": "GET", "outcome": "success", "path": "/metrics", "request_id": "dff26f6f-5b69-4309-8aa6-1142413fccca", "status_code": 200, "timestamp": "2026-08-07T11:42:21.822371Z", "trace_id": "aed41f68be428f2049b388cc2d2c9da2"}
api-1       | INFO:     172.18.0.1:46954 - "POST /api/v1/runs HTTP/1.1" 202 Accepted
api-1       | {"api_key_prefix": "evk_64f04950db0a", "duration_ms": 430.074, "event": "http_request_completed", "level": "info", "method": "POST", "outcome": "success", "path": "/api/v1/runs", "request_id": "8746ea64-43ce-446f-b0f2-c69a1fe980df", "status_code": 202, "tenant_id": "327d2ffb-1823-49ee-aab0-022efdfc7324", "timestamp": "2026-08-07T11:42:26.467347Z", "trace_id": "e6c422fb4aa422a464ae9f50d8d1847b"}
api-1       | {"claimed": 2, "event": "outbox_dispatch_batch_completed", "lease_lost": 0, "level": "info", "published": 2, "retry_scheduled": 0, "role": "outbox_dispatcher", "timestamp": "2026-08-07T11:42:26.854208Z"}
api-1       | INFO:     172.18.0.1:46954 - "GET /api/v1/runs/3c066563-ead8-4dfa-9b74-b05921d04bcb HTTP/1.1" 200 OK
api-1       | {"api_key_prefix": "evk_64f04950db0a", "duration_ms": 379.659, "event": "http_request_completed", "level": "info", "method": "GET", "outcome": "success", "path": "/api/v1/runs/3c066563-ead8-4dfa-9b74-b05921d04bcb", "request_id": "7f17f6c8-e148-4f37-8cd3-8d6df5786956", "status_code": 200, "tenant_id": "327d2ffb-1823-49ee-aab0-022efdfc7324", "timestamp": "2026-08-07T11:42:26.855086Z", "trace_id": "dd22892902502d883253b5f3b527ba1e"}
api-1       | {"event": "Context impl PostgresqlImpl.", "level": "info", "request_id": "2ef82f84-46ca-478b-a488-713f7844f979", "timestamp": "2026-08-07T11:42:27.348837Z", "trace_id": "17035048623bfb94173dc34012684285"}
api-1       | {"event": "Will assume transactional DDL.", "level": "info", "request_id": "2ef82f84-46ca-478b-a488-713f7844f979", "timestamp": "2026-08-07T11:42:27.348979Z", "trace_id": "17035048623bfb94173dc34012684285"}
api-1       | INFO:     127.0.0.1:38936 - "GET /health/ready HTTP/1.1" 200 OK
api-1       | {"duration_ms": 126.654, "event": "http_request_completed", "level": "info", "method": "GET", "outcome": "success", "path": "/health/ready", "request_id": "2ef82f84-46ca-478b-a488-713f7844f979", "status_code": 200, "timestamp": "2026-08-07T11:42:27.393250Z", "trace_id": "17035048623bfb94173dc34012684285"}
api-1       | INFO:     172.18.0.1:46954 - "GET /api/v1/runs/3c066563-ead8-4dfa-9b74-b05921d04bcb HTTP/1.1" 200 OK
api-1       | {"api_key_prefix": "evk_64f04950db0a", "duration_ms": 538.705, "event": "http_request_completed", "level": "info", "method": "GET", "outcome": "success", "path": "/api/v1/runs/3c066563-ead8-4dfa-9b74-b05921d04bcb", "request_id": "72d6802e-7f4e-4b35-b1e1-0dbfce48d3e2", "status_code": 200, "tenant_id": "327d2ffb-1823-49ee-aab0-022efdfc7324", "timestamp": "2026-08-07T11:42:27.900110Z", "trace_id": "cd2e9429c047453453e4e2032eeff17b"}
api-1       | {"claimed": 18, "event": "outbox_dispatch_batch_completed", "lease_lost": 0, "level": "info", "published": 18, "retry_scheduled": 0, "role": "outbox_dispatcher", "timestamp": "2026-08-07T11:42:27.990868Z"}
api-1       | INFO:     172.18.0.1:46954 - "GET /api/v1/runs/3c066563-ead8-4dfa-9b74-b05921d04bcb HTTP/1.1" 200 OK
api-1       | {"api_key_prefix": "evk_64f04950db0a", "duration_ms": 418.75, "event": "http_request_completed", "level": "info", "method": "GET", "outcome": "success", "path": "/api/v1/runs/3c066563-ead8-4dfa-9b74-b05921d04bcb", "request_id": "1a217eca-7bb7-4536-9113-ce3f1ec03929", "status_code": 200, "tenant_id": "327d2ffb-1823-49ee-aab0-022efdfc7324", "timestamp": "2026-08-07T11:42:28.823183Z", "trace_id": "241e6a7d7180baeb7251b88e81699457"}
api-1       | {"claimed": 28, "event": "outbox_dispatch_batch_completed", "lease_lost": 0, "level": "info", "published": 28, "retry_scheduled": 0, "role": "outbox_dispatcher", "timestamp": "2026-08-07T11:42:28.884407Z"}
api-1       | INFO:     172.18.0.1:46954 - "GET /api/v1/runs/3c066563-ead8-4dfa-9b74-b05921d04bcb HTTP/1.1" 200 OK
api-1       | {"api_key_prefix": "evk_64f04950db0a", "duration_ms": 60.313, "event": "http_request_completed", "level": "info", "method": "GET", "outcome": "success", "path": "/api/v1/runs/3c066563-ead8-4dfa-9b74-b05921d04bcb", "request_id": "f968c3ac-c131-479c-a20e-fd0dda3b2ebe", "status_code": 200, "tenant_id": "327d2ffb-1823-49ee-aab0-022efdfc7324", "timestamp": "2026-08-07T11:42:29.385099Z", "trace_id": "eecf66fd64da3919559d231c56a34c74"}
api-1       | {"claimed": 50, "event": "outbox_dispatch_batch_completed", "lease_lost": 0, "level": "info", "published": 50, "retry_scheduled": 0, "role": "outbox_dispatcher", "timestamp": "2026-08-07T11:42:29.570258Z"}
api-1       | INFO:     172.18.0.1:46954 - "GET /api/v1/runs/3c066563-ead8-4dfa-9b74-b05921d04bcb/cases?limit=200&sort=case_id HTTP/1.1" 200 OK
api-1       | {"api_key_prefix": "evk_64f04950db0a", "duration_ms": 234.793, "event": "http_request_completed", "level": "info", "method": "GET", "outcome": "success", "path": "/api/v1/runs/3c066563-ead8-4dfa-9b74-b05921d04bcb/cases", "request_id": "68fdbf9c-1705-4dbf-8b82-74705e96a4ea", "status_code": 200, "tenant_id": "327d2ffb-1823-49ee-aab0-022efdfc7324", "timestamp": "2026-08-07T11:42:29.621924Z", "trace_id": "0ba7b7f07a736c5b0a41797254588755"}
api-1       | INFO:     127.0.0.1:38968 - "GET /metrics HTTP/1.1" 200 OK
api-1       | {"duration_ms": 8.935, "event": "http_request_completed", "level": "info", "method": "GET", "outcome": "success", "path": "/metrics", "request_id": "11382b21-a6a8-4345-9040-53049219bb29", "status_code": 200, "timestamp": "2026-08-07T11:42:30.016186Z", "trace_id": "5653baab9d0d3f791deba1960a468091"}
api-1       | {"claimed": 8, "event": "outbox_dispatch_batch_completed", "lease_lost": 0, "level": "info", "published": 8, "retry_scheduled": 0, "role": "outbox_dispatcher", "timestamp": "2026-08-07T11:42:30.175643Z"}
api-1       | {"event": "Context impl PostgresqlImpl.", "level": "info", "request_id": "d71beaa4-9003-4abe-854f-172b939bdbc9", "timestamp": "2026-08-07T11:42:32.763914Z", "trace_id": "2075586b0f2a713fc3d940a61ef11775"}
api-1       | {"event": "Will assume transactional DDL.", "level": "info", "request_id": "d71beaa4-9003-4abe-854f-172b939bdbc9", "timestamp": "2026-08-07T11:42:32.764088Z", "trace_id": "2075586b0f2a713fc3d940a61ef11775"}
api-1       | INFO:     127.0.0.1:59570 - "GET /health/ready HTTP/1.1" 200 OK
api-1       | {"duration_ms": 22.623, "event": "http_request_completed", "level": "info", "method": "GET", "outcome": "success", "path": "/health/ready", "request_id": "d71beaa4-9003-4abe-854f-172b939bdbc9", "status_code": 200, "timestamp": "2026-08-07T11:42:32.766851Z", "trace_id": "2075586b0f2a713fc3d940a61ef11775"}
api-1       | INFO:     172.18.0.1:46954 - "POST /api/v1/runs HTTP/1.1" 202 Accepted
api-1       | {"api_key_prefix": "evk_64f04950db0a", "duration_ms": 189.439, "event": "http_request_completed", "level": "info", "method": "POST", "outcome": "success", "path": "/api/v1/runs", "request_id": "60d09506-f446-4e01-9c47-beb21e0bab49", "status_code": 202, "tenant_id": "327d2ffb-1823-49ee-aab0-022efdfc7324", "timestamp": "2026-08-07T11:42:33.000139Z", "trace_id": "fd989fff174f5efa68ffafcaecc78a9d"}
api-1       | INFO:     172.18.0.1:46954 - "GET /api/v1/runs/58ff8ebd-7be3-48b9-a090-1a5b07af6058 HTTP/1.1" 200 OK
api-1       | {"api_key_prefix": "evk_64f04950db0a", "duration_ms": 55.758, "event": "http_request_completed", "level": "info", "method": "GET", "outcome": "success", "path": "/api/v1/runs/58ff8ebd-7be3-48b9-a090-1a5b07af6058", "request_id": "6134ea87-dabb-4ad1-8a55-580303ac0f5f", "status_code": 200, "tenant_id": "327d2ffb-1823-49ee-aab0-022efdfc7324", "timestamp": "2026-08-07T11:42:33.057664Z", "trace_id": "6acfb3a56b19e6d43232c7edc3c30732"}
api-1       | INFO:     172.18.0.1:46954 - "GET /api/v1/runs/58ff8ebd-7be3-48b9-a090-1a5b07af6058 HTTP/1.1" 200 OK
api-1       | {"api_key_prefix": "evk_64f04950db0a", "duration_ms": 76.458, "event": "http_request_completed", "level": "info", "method": "GET", "outcome": "success", "path": "/api/v1/runs/58ff8ebd-7be3-48b9-a090-1a5b07af6058", "request_id": "e84a6684-8bac-4a2d-8ef1-19832a80c3e8", "status_code": 200, "tenant_id": "327d2ffb-1823-49ee-aab0-022efdfc7324", "timestamp": "2026-08-07T11:42:33.638311Z", "trace_id": "798f9376f9dd2bf709b9440dde08d62f"}
api-1       | {"claimed": 50, "event": "outbox_dispatch_batch_completed", "lease_lost": 0, "level": "info", "published": 50, "retry_scheduled": 0, "role": "outbox_dispatcher", "timestamp": "2026-08-07T11:42:34.002338Z"}
api-1       | INFO:     172.18.0.1:46954 - "GET /api/v1/runs/58ff8ebd-7be3-48b9-a090-1a5b07af6058 HTTP/1.1" 200 OK
api-1       | {"api_key_prefix": "evk_64f04950db0a", "duration_ms": 78.099, "event": "http_request_completed", "level": "info", "method": "GET", "outcome": "success", "path": "/api/v1/runs/58ff8ebd-7be3-48b9-a090-1a5b07af6058", "request_id": "749cfe30-a9f3-44ce-a886-f0c7c9748772", "status_code": 200, "tenant_id": "327d2ffb-1823-49ee-aab0-022efdfc7324", "timestamp": "2026-08-07T11:42:34.219419Z", "trace_id": "4ca9333f4be4997fc67bf8afcdabfddf"}
api-1       | {"claimed": 50, "event": "outbox_dispatch_batch_completed", "lease_lost": 0, "level": "info", "published": 50, "retry_scheduled": 0, "role": "outbox_dispatcher", "timestamp": "2026-08-07T11:42:34.776826Z"}
api-1       | INFO:     172.18.0.1:46954 - "GET /api/v1/runs/58ff8ebd-7be3-48b9-a090-1a5b07af6058 HTTP/1.1" 200 OK
api-1       | {"api_key_prefix": "evk_64f04950db0a", "duration_ms": 150.608, "event": "http_request_completed", "level": "info", "method": "GET", "outcome": "success", "path": "/api/v1/runs/58ff8ebd-7be3-48b9-a090-1a5b07af6058", "request_id": "2eab7a1c-389c-4615-aa54-1dafdddb5943", "status_code": 200, "tenant_id": "327d2ffb-1823-49ee-aab0-022efdfc7324", "timestamp": "2026-08-07T11:42:34.873973Z", "trace_id": "9ef9281e7456336057e0f8f48f97a85b"}
api-1       | {"claimed": 50, "event": "outbox_dispatch_batch_completed", "lease_lost": 0, "level": "info", "published": 50, "retry_scheduled": 0, "role": "outbox_dispatcher", "timestamp": "2026-08-07T11:42:35.617108Z"}
api-1       | INFO:     172.18.0.1:46954 - "GET /api/v1/runs/58ff8ebd-7be3-48b9-a090-1a5b07af6058 HTTP/1.1" 200 OK
api-1       | {"api_key_prefix": "evk_64f04950db0a", "duration_ms": 401.716, "event": "http_request_completed", "level": "info", "method": "GET", "outcome": "success", "path": "/api/v1/runs/58ff8ebd-7be3-48b9-a090-1a5b07af6058", "request_id": "57263f0a-9f97-4740-81a8-ef414dd8109a", "status_code": 200, "tenant_id": "327d2ffb-1823-49ee-aab0-022efdfc7324", "timestamp": "2026-08-07T11:42:35.806929Z", "trace_id": "0286e8fad5c6ed78f775b50518d88781"}
api-1       | {"claimed": 50, "event": "outbox_dispatch_batch_completed", "lease_lost": 0, "level": "info", "published": 50, "retry_scheduled": 0, "role": "outbox_dispatcher", "timestamp": "2026-08-07T11:42:36.672131Z"}
api-1       | INFO:     172.18.0.1:46954 - "GET /api/v1/runs/58ff8ebd-7be3-48b9-a090-1a5b07af6058 HTTP/1.1" 200 OK
api-1       | {"api_key_prefix": "evk_64f04950db0a", "duration_ms": 460.103, "event": "http_request_completed", "level": "info", "method": "GET", "outcome": "success", "path": "/api/v1/runs/58ff8ebd-7be3-48b9-a090-1a5b07af6058", "request_id": "1297e1ef-b7e7-4749-a1c0-15727e6e2dd2", "status_code": 200, "tenant_id": "327d2ffb-1823-49ee-aab0-022efdfc7324", "timestamp": "2026-08-07T11:42:36.857641Z", "trace_id": "7ada4aa86e120d227111cf4091fc6531"}
api-1       | {"claimed": 50, "event": "outbox_dispatch_batch_completed", "lease_lost": 0, "level": "info", "published": 50, "retry_scheduled": 0, "role": "outbox_dispatcher", "timestamp": "2026-08-07T11:42:37.519981Z"}
api-1       | INFO:     172.18.0.1:46954 - "GET /api/v1/runs/58ff8ebd-7be3-48b9-a090-1a5b07af6058 HTTP/1.1" 200 OK
api-1       | {"api_key_prefix": "evk_64f04950db0a", "duration_ms": 269.373, "event": "http_request_completed", "level": "info", "method": "GET", "outcome": "success", "path": "/api/v1/runs/58ff8ebd-7be3-48b9-a090-1a5b07af6058", "request_id": "2850fb66-5555-4d0c-9bac-66f69a896864", "status_code": 200, "tenant_id": "327d2ffb-1823-49ee-aab0-022efdfc7324", "timestamp": "2026-08-07T11:42:37.636101Z", "trace_id": "3cbdfe80729c5d62377127d1cc9f88fc"}
api-1       | {"event": "Context impl PostgresqlImpl.", "level": "info", "request_id": "b4cbc78e-3120-4b0a-87aa-f74bc0c01847", "timestamp": "2026-08-07T11:42:38.426125Z", "trace_id": "a261261e51939819dad2bf04339501a1"}
api-1       | {"event": "Will assume transactional DDL.", "level": "info", "request_id": "b4cbc78e-3120-4b0a-87aa-f74bc0c01847", "timestamp": "2026-08-07T11:42:38.426408Z", "trace_id": "a261261e51939819dad2bf04339501a1"}
api-1       | {"claimed": 50, "event": "outbox_dispatch_batch_completed", "lease_lost": 0, "level": "info", "published": 50, "retry_scheduled": 0, "role": "outbox_dispatcher", "timestamp": "2026-08-07T11:42:38.434348Z"}
api-1       | INFO:     127.0.0.1:59654 - "GET /health/ready HTTP/1.1" 200 OK
api-1       | {"duration_ms": 132.689, "event": "http_request_completed", "level": "info", "method": "GET", "outcome": "success", "path": "/health/ready", "request_id": "b4cbc78e-3120-4b0a-87aa-f74bc0c01847", "status_code": 200, "timestamp": "2026-08-07T11:42:38.439957Z", "trace_id": "a261261e51939819dad2bf04339501a1"}
api-1       | INFO:     172.18.0.1:46954 - "GET /api/v1/runs/58ff8ebd-7be3-48b9-a090-1a5b07af6058 HTTP/1.1" 200 OK
api-1       | {"api_key_prefix": "evk_64f04950db0a", "duration_ms": 331.165, "event": "http_request_completed", "level": "info", "method": "GET", "outcome": "success", "path": "/api/v1/runs/58ff8ebd-7be3-48b9-a090-1a5b07af6058", "request_id": "68aad768-ab05-4c7b-aad7-ebca487cfeb7", "status_code": 200, "tenant_id": "327d2ffb-1823-49ee-aab0-022efdfc7324", "timestamp": "2026-08-07T11:42:38.513613Z", "trace_id": "e31b5bfe10dc6e4296016f095e70d271"}
api-1       | {"claimed": 50, "event": "outbox_dispatch_batch_completed", "lease_lost": 0, "level": "info", "published": 50, "retry_scheduled": 0, "role": "outbox_dispatcher", "timestamp": "2026-08-07T11:42:39.092100Z"}
api-1       | INFO:     172.18.0.1:46954 - "GET /api/v1/runs/58ff8ebd-7be3-48b9-a090-1a5b07af6058 HTTP/1.1" 200 OK
api-1       | {"api_key_prefix": "evk_64f04950db0a", "duration_ms": 124.656, "event": "http_request_completed", "level": "info", "method": "GET", "outcome": "success", "path": "/api/v1/runs/58ff8ebd-7be3-48b9-a090-1a5b07af6058", "request_id": "2f1a6f4f-ce95-44c4-bc6c-a79e7542108b", "status_code": 200, "tenant_id": "327d2ffb-1823-49ee-aab0-022efdfc7324", "timestamp": "2026-08-07T11:42:39.155917Z", "trace_id": "7eb3287e2ac4515558ccd393f38aada9"}
api-1       | {"claimed": 50, "event": "outbox_dispatch_batch_completed", "lease_lost": 0, "level": "info", "published": 50, "retry_scheduled": 0, "role": "outbox_dispatcher", "timestamp": "2026-08-07T11:42:39.763523Z"}
api-1       | INFO:     172.18.0.1:46954 - "GET /api/v1/runs/58ff8ebd-7be3-48b9-a090-1a5b07af6058 HTTP/1.1" 200 OK
api-1       | {"api_key_prefix": "evk_64f04950db0a", "duration_ms": 144.534, "event": "http_request_completed", "level": "info", "method": "GET", "outcome": "success", "path": "/api/v1/runs/58ff8ebd-7be3-48b9-a090-1a5b07af6058", "request_id": "8cf40213-ff2f-4ca2-bd6e-28bc8ea176e2", "status_code": 200, "tenant_id": "327d2ffb-1823-49ee-aab0-022efdfc7324", "timestamp": "2026-08-07T11:42:39.819764Z", "trace_id": "b36d57e918e2eb9ae51e999b76bfd9cf"}
api-1       | {"claimed": 50, "event": "outbox_dispatch_batch_completed", "lease_lost": 0, "level": "info", "published": 50, "retry_scheduled": 0, "role": "outbox_dispatcher", "timestamp": "2026-08-07T11:42:40.468124Z"}
api-1       | INFO:     172.18.0.1:46954 - "GET /api/v1/runs/58ff8ebd-7be3-48b9-a090-1a5b07af6058 HTTP/1.1" 200 OK
api-1       | {"api_key_prefix": "evk_64f04950db0a", "duration_ms": 153.572, "event": "http_request_completed", "level": "info", "method": "GET", "outcome": "success", "path": "/api/v1/runs/58ff8ebd-7be3-48b9-a090-1a5b07af6058", "request_id": "d8290a53-0ff5-4be9-968c-16f5f257d471", "status_code": 200, "tenant_id": "327d2ffb-1823-49ee-aab0-022efdfc7324", "timestamp": "2026-08-07T11:42:40.477314Z", "trace_id": "eaf792f8885ce29cb9598d0ba72a658d"}
api-1       | INFO:     172.18.0.1:46954 - "GET /api/v1/runs/58ff8ebd-7be3-48b9-a090-1a5b07af6058/cases?limit=200&sort=case_id HTTP/1.1" 200 OK
api-1       | {"api_key_prefix": "evk_64f04950db0a", "duration_ms": 72.908, "event": "http_request_completed", "level": "info", "method": "GET", "outcome": "success", "path": "/api/v1/runs/58ff8ebd-7be3-48b9-a090-1a5b07af6058/cases", "request_id": "deb46ae7-ecf4-41e3-9000-7d70a7b34776", "status_code": 200, "tenant_id": "327d2ffb-1823-49ee-aab0-022efdfc7324", "timestamp": "2026-08-07T11:42:40.552974Z", "trace_id": "ac1a99cc3025ea09ca1f20092dc2ccf9"}
api-1       | INFO:     172.18.0.1:46954 - "GET /api/v1/runs/58ff8ebd-7be3-48b9-a090-1a5b07af6058/cases?limit=200&sort=case_id&cursor=eyJkaXJlY3Rpb24iOiJhc2MiLCJlcnJvcl9jb2RlIjpudWxsLCJqb2JfaWQiOiJiMGM0MTk2My1hN2FkLTRlYzAtYjRjMC05MzQ4ZGRlOGUwZjYiLCJtZXRyaWMiOm51bGwsInNvcnQiOiJjYXNlX2lkIiwic3RhdHVzIjpudWxsLCJ2IjoxLCJ2YWx1ZSI6ImxvYWQtMDE5OSJ9 HTTP/1.1" 200 OK
api-1       | {"api_key_prefix": "evk_64f04950db0a", "duration_ms": 63.527, "event": "http_request_completed", "level": "info", "method": "GET", "outcome": "success", "path": "/api/v1/runs/58ff8ebd-7be3-48b9-a090-1a5b07af6058/cases", "request_id": "8a9bd74d-7daf-4be0-bb71-44ff6d677fd3", "status_code": 200, "tenant_id": "327d2ffb-1823-49ee-aab0-022efdfc7324", "timestamp": "2026-08-07T11:42:40.618807Z", "trace_id": "3e926445eca0c7fbe59f8550f19b34cd"}
api-1       | INFO:     172.18.0.1:46954 - "GET /api/v1/runs/58ff8ebd-7be3-48b9-a090-1a5b07af6058/cases?limit=200&sort=case_id&cursor=eyJkaXJlY3Rpb24iOiJhc2MiLCJlcnJvcl9jb2RlIjpudWxsLCJqb2JfaWQiOiJiZDNmMmYwOS05NTE2LTQ0NmEtYjRlZS1jMzAzZDE3NjllY2QiLCJtZXRyaWMiOm51bGwsInNvcnQiOiJjYXNlX2lkIiwic3RhdHVzIjpudWxsLCJ2IjoxLCJ2YWx1ZSI6ImxvYWQtMDM5OSJ9 HTTP/1.1" 200 OK
api-1       | {"api_key_prefix": "evk_64f04950db0a", "duration_ms": 60.632, "event": "http_request_completed", "level": "info", "method": "GET", "outcome": "success", "path": "/api/v1/runs/58ff8ebd-7be3-48b9-a090-1a5b07af6058/cases", "request_id": "cc15772b-b5f0-46ac-9a4f-c70b1dcec622", "status_code": 200, "tenant_id": "327d2ffb-1823-49ee-aab0-022efdfc7324", "timestamp": "2026-08-07T11:42:40.681583Z", "trace_id": "677f7cbef25be038c27f6e7d93c3a491"}
api-1       | {"claimed": 50, "event": "outbox_dispatch_batch_completed", "lease_lost": 0, "level": "info", "published": 50, "retry_scheduled": 0, "role": "outbox_dispatcher", "timestamp": "2026-08-07T11:42:41.261984Z"}
api-1       | INFO:     127.0.0.1:59678 - "GET /metrics HTTP/1.1" 200 OK
api-1       | {"duration_ms": 115.172, "event": "http_request_completed", "level": "info", "method": "GET", "outcome": "success", "path": "/metrics", "request_id": "ca18279c-ca12-4d42-8216-5fab7ca868e9", "status_code": 200, "timestamp": "2026-08-07T11:42:41.269448Z", "trace_id": "034b0c928ca3d89341de6282873c3e40"}
api-1       | {"claimed": 50, "event": "outbox_dispatch_batch_completed", "lease_lost": 0, "level": "info", "published": 50, "retry_scheduled": 0, "role": "outbox_dispatcher", "timestamp": "2026-08-07T11:42:41.947896Z"}
api-1       | {"claimed": 50, "event": "outbox_dispatch_batch_completed", "lease_lost": 0, "level": "info", "published": 50, "retry_scheduled": 0, "role": "outbox_dispatcher", "timestamp": "2026-08-07T11:42:42.616783Z"}
api-1       | {"claimed": 50, "event": "outbox_dispatch_batch_completed", "lease_lost": 0, "level": "info", "published": 50, "retry_scheduled": 0, "role": "outbox_dispatcher", "timestamp": "2026-08-07T11:42:43.299126Z"}
api-1       | {"event": "Context impl PostgresqlImpl.", "level": "info", "request_id": "9faf2deb-1bfb-49b4-9db9-320708e779bc", "timestamp": "2026-08-07T11:42:43.742762Z", "trace_id": "4e7892d17c78c15adbfeb7d125370cd0"}
api-1       | {"event": "Will assume transactional DDL.", "level": "info", "request_id": "9faf2deb-1bfb-49b4-9db9-320708e779bc", "timestamp": "2026-08-07T11:42:43.742880Z", "trace_id": "4e7892d17c78c15adbfeb7d125370cd0"}
api-1       | INFO:     127.0.0.1:44246 - "GET /health/ready HTTP/1.1" 200 OK
api-1       | {"duration_ms": 27.043, "event": "http_request_completed", "level": "info", "method": "GET", "outcome": "success", "path": "/health/ready", "request_id": "9faf2deb-1bfb-49b4-9db9-320708e779bc", "status_code": 200, "timestamp": "2026-08-07T11:42:43.749167Z", "trace_id": "4e7892d17c78c15adbfeb7d125370cd0"}
api-1       | {"claimed": 50, "event": "outbox_dispatch_batch_completed", "lease_lost": 0, "level": "info", "published": 50, "retry_scheduled": 0, "role": "outbox_dispatcher", "timestamp": "2026-08-07T11:42:43.986928Z"}
api-1       | {"claimed": 50, "event": "outbox_dispatch_batch_completed", "lease_lost": 0, "level": "info", "published": 50, "retry_scheduled": 0, "role": "outbox_dispatcher", "timestamp": "2026-08-07T11:42:44.629818Z"}
api-1       | {"claimed": 50, "event": "outbox_dispatch_batch_completed", "lease_lost": 0, "level": "info", "published": 50, "retry_scheduled": 0, "role": "outbox_dispatcher", "timestamp": "2026-08-07T11:42:45.333590Z"}
api-1       | {"claimed": 50, "event": "outbox_dispatch_batch_completed", "lease_lost": 0, "level": "info", "published": 50, "retry_scheduled": 0, "role": "outbox_dispatcher", "timestamp": "2026-08-07T11:42:46.084972Z"}
api-1       | INFO:     172.18.0.1:45880 - "POST /api/v1/runs HTTP/1.1" 202 Accepted
api-1       | {"api_key_prefix": "evk_64f04950db0a", "duration_ms": 90.643, "event": "http_request_completed", "level": "info", "method": "POST", "outcome": "success", "path": "/api/v1/runs", "request_id": "65c5d731-2a9c-498b-afd5-3f5ad783cb53", "status_code": 202, "tenant_id": "327d2ffb-1823-49ee-aab0-022efdfc7324", "timestamp": "2026-08-07T11:42:46.446812Z", "trace_id": "be7506cd85d879dcb2710f98200f868e"}
api-1       | INFO:     172.18.0.1:45880 - "GET /api/v1/runs/1bb50c19-310d-409c-9bff-33a8bd81b530 HTTP/1.1" 200 OK
api-1       | {"api_key_prefix": "evk_64f04950db0a", "duration_ms": 67.468, "event": "http_request_completed", "level": "info", "method": "GET", "outcome": "success", "path": "/api/v1/runs/1bb50c19-310d-409c-9bff-33a8bd81b530", "request_id": "08b79270-fb53-4bee-993c-9cefd8ccc2c7", "status_code": 200, "tenant_id": "327d2ffb-1823-49ee-aab0-022efdfc7324", "timestamp": "2026-08-07T11:42:46.515895Z", "trace_id": "91126fd4447ae5f9abcf711824fc9828"}
api-1       | {"claimed": 50, "event": "outbox_dispatch_batch_completed", "lease_lost": 0, "level": "info", "published": 50, "retry_scheduled": 0, "role": "outbox_dispatcher", "timestamp": "2026-08-07T11:42:46.886715Z"}
api-1       | INFO:     172.18.0.1:45880 - "GET /api/v1/runs/1bb50c19-310d-409c-9bff-33a8bd81b530 HTTP/1.1" 200 OK
api-1       | {"api_key_prefix": "evk_64f04950db0a", "duration_ms": 95.37, "event": "http_request_completed", "level": "info", "method": "GET", "outcome": "success", "path": "/api/v1/runs/1bb50c19-310d-409c-9bff-33a8bd81b530", "request_id": "700d2b5b-cb78-419b-b9dc-9f697af941f1", "status_code": 200, "tenant_id": "327d2ffb-1823-49ee-aab0-022efdfc7324", "timestamp": "2026-08-07T11:42:47.113127Z", "trace_id": "4eecc4e4b6fd416dca7691718525116f"}
api-1       | {"claimed": 50, "event": "outbox_dispatch_batch_completed", "lease_lost": 0, "level": "info", "published": 50, "retry_scheduled": 0, "role": "outbox_dispatcher", "timestamp": "2026-08-07T11:42:47.583363Z"}
api-1       | INFO:     172.18.0.1:45880 - "GET /api/v1/runs/1bb50c19-310d-409c-9bff-33a8bd81b530 HTTP/1.1" 200 OK
api-1       | {"api_key_prefix": "evk_64f04950db0a", "duration_ms": 48.226, "event": "http_request_completed", "level": "info", "method": "GET", "outcome": "success", "path": "/api/v1/runs/1bb50c19-310d-409c-9bff-33a8bd81b530", "request_id": "889165a3-5893-4417-a7c6-899566c35747", "status_code": 200, "tenant_id": "327d2ffb-1823-49ee-aab0-022efdfc7324", "timestamp": "2026-08-07T11:42:47.663507Z", "trace_id": "e88142a0805b66212b34a7d9951822b3"}
api-1       | {"claimed": 50, "event": "outbox_dispatch_batch_completed", "lease_lost": 0, "level": "info", "published": 50, "retry_scheduled": 0, "role": "outbox_dispatcher", "timestamp": "2026-08-07T11:42:48.237962Z"}
api-1       | INFO:     172.18.0.1:45880 - "GET /api/v1/runs/1bb50c19-310d-409c-9bff-33a8bd81b530 HTTP/1.1" 200 OK
api-1       | {"api_key_prefix": "evk_64f04950db0a", "duration_ms": 94.712, "event": "http_request_completed", "level": "info", "method": "GET", "outcome": "success", "path": "/api/v1/runs/1bb50c19-310d-409c-9bff-33a8bd81b530", "request_id": "f09f2b7b-9ab9-4c04-b04b-8c8e4f2e9c95", "status_code": 200, "tenant_id": "327d2ffb-1823-49ee-aab0-022efdfc7324", "timestamp": "2026-08-07T11:42:48.273599Z", "trace_id": "57f1f0aa2fcf78085da9fa1f76d84540"}
api-1       | {"claimed": 50, "event": "outbox_dispatch_batch_completed", "lease_lost": 0, "level": "info", "published": 50, "retry_scheduled": 0, "role": "outbox_dispatcher", "timestamp": "2026-08-07T11:42:48.981618Z"}
api-1       | INFO:     172.18.0.1:45880 - "GET /api/v1/runs/1bb50c19-310d-409c-9bff-33a8bd81b530 HTTP/1.1" 200 OK
api-1       | {"api_key_prefix": "evk_64f04950db0a", "duration_ms": 334.145, "event": "http_request_completed", "level": "info", "method": "GET", "outcome": "success", "path": "/api/v1/runs/1bb50c19-310d-409c-9bff-33a8bd81b530", "request_id": "4b1bfb01-7985-4766-ad59-5af1a3784106", "status_code": 200, "tenant_id": "327d2ffb-1823-49ee-aab0-022efdfc7324", "timestamp": "2026-08-07T11:42:49.132927Z", "trace_id": "337747837f6aa76a3d0b45ed406a5a00"}
api-1       | INFO:     172.18.0.1:45880 - "GET /api/v1/runs/1bb50c19-310d-409c-9bff-33a8bd81b530/cases?limit=200&sort=case_id HTTP/1.1" 200 OK
api-1       | {"api_key_prefix": "evk_64f04950db0a", "duration_ms": 115.422, "event": "http_request_completed", "level": "info", "method": "GET", "outcome": "success", "path": "/api/v1/runs/1bb50c19-310d-409c-9bff-33a8bd81b530/cases", "request_id": "126d89d8-cfe3-4b61-a12c-2fc3db61cbdf", "status_code": 200, "tenant_id": "327d2ffb-1823-49ee-aab0-022efdfc7324", "timestamp": "2026-08-07T11:42:49.250722Z", "trace_id": "9d1816aa7750c9f46f8c5f09248f2df3"}
api-1       | {"event": "Context impl PostgresqlImpl.", "level": "info", "request_id": "0805bb31-93b3-4eb4-8c39-f48b706004c0", "timestamp": "2026-08-07T11:42:49.328838Z", "trace_id": "8a392ace24d0906b611f08a05c49841c"}
api-1       | {"event": "Will assume transactional DDL.", "level": "info", "request_id": "0805bb31-93b3-4eb4-8c39-f48b706004c0", "timestamp": "2026-08-07T11:42:49.328988Z", "trace_id": "8a392ace24d0906b611f08a05c49841c"}
api-1       | INFO:     127.0.0.1:44342 - "GET /health/ready HTTP/1.1" 200 OK
api-1       | {"duration_ms": 47.819, "event": "http_request_completed", "level": "info", "method": "GET", "outcome": "success", "path": "/health/ready", "request_id": "0805bb31-93b3-4eb4-8c39-f48b706004c0", "status_code": 200, "timestamp": "2026-08-07T11:42:49.338794Z", "trace_id": "8a392ace24d0906b611f08a05c49841c"}
api-1       | {"claimed": 50, "event": "outbox_dispatch_batch_completed", "lease_lost": 0, "level": "info", "published": 50, "retry_scheduled": 0, "role": "outbox_dispatcher", "timestamp": "2026-08-07T11:42:49.775840Z"}
api-1       | INFO:     127.0.0.1:44356 - "GET /metrics HTTP/1.1" 200 OK
api-1       | {"duration_ms": 8.032, "event": "http_request_completed", "level": "info", "method": "GET", "outcome": "success", "path": "/metrics", "request_id": "f279724a-402f-4e47-ae59-10dccfb9d022", "status_code": 200, "timestamp": "2026-08-07T11:42:49.867187Z", "trace_id": "791568eb9ab1c5c78a9eb774cd54ea2a"}
api-1       | {"claimed": 50, "event": "outbox_dispatch_batch_completed", "lease_lost": 0, "level": "info", "published": 50, "retry_scheduled": 0, "role": "outbox_dispatcher", "timestamp": "2026-08-07T11:42:50.442726Z"}
api-1       | {"claimed": 8, "event": "outbox_dispatch_batch_completed", "lease_lost": 0, "level": "info", "published": 8, "retry_scheduled": 0, "role": "outbox_dispatcher", "timestamp": "2026-08-07T11:42:50.993302Z"}
api-1       | INFO:     172.18.0.1:45880 - "POST /api/v1/runs HTTP/1.1" 202 Accepted
api-1       | {"api_key_prefix": "evk_64f04950db0a", "duration_ms": 234.309, "event": "http_request_completed", "level": "info", "method": "POST", "outcome": "success", "path": "/api/v1/runs", "request_id": "c81652e4-06b6-4fb8-9eb9-d7b3390b4e18", "status_code": 202, "tenant_id": "327d2ffb-1823-49ee-aab0-022efdfc7324", "timestamp": "2026-08-07T11:42:52.617695Z", "trace_id": "506304f123e6b8a051e110b29e4e6852"}
api-1       | INFO:     172.18.0.1:45880 - "GET /api/v1/runs/4ae6f589-1926-462b-b578-12950015b0d4 HTTP/1.1" 200 OK
api-1       | {"api_key_prefix": "evk_64f04950db0a", "duration_ms": 52.065, "event": "http_request_completed", "level": "info", "method": "GET", "outcome": "success", "path": "/api/v1/runs/4ae6f589-1926-462b-b578-12950015b0d4", "request_id": "ae921a49-5849-43e0-800f-2570737c3b7a", "status_code": 200, "tenant_id": "327d2ffb-1823-49ee-aab0-022efdfc7324", "timestamp": "2026-08-07T11:42:52.671471Z", "trace_id": "a3d413f3ebf016afea7aa23dcba49ad3"}
api-1       | {"claimed": 26, "event": "outbox_dispatch_batch_completed", "lease_lost": 0, "level": "info", "published": 26, "retry_scheduled": 0, "role": "outbox_dispatcher", "timestamp": "2026-08-07T11:42:53.274971Z"}
api-1       | INFO:     172.18.0.1:45880 - "GET /api/v1/runs/4ae6f589-1926-462b-b578-12950015b0d4 HTTP/1.1" 200 OK
api-1       | {"api_key_prefix": "evk_64f04950db0a", "duration_ms": 173.62, "event": "http_request_completed", "level": "info", "method": "GET", "outcome": "success", "path": "/api/v1/runs/4ae6f589-1926-462b-b578-12950015b0d4", "request_id": "e3927823-36b8-4cd5-b5e1-aa21bf61dd64", "status_code": 200, "tenant_id": "327d2ffb-1823-49ee-aab0-022efdfc7324", "timestamp": "2026-08-07T11:42:53.371514Z", "trace_id": "65246c2c001ae5cecc271ccf4b51c733"}
api-1       | {"claimed": 50, "event": "outbox_dispatch_batch_completed", "lease_lost": 0, "level": "info", "published": 50, "retry_scheduled": 0, "role": "outbox_dispatcher", "timestamp": "2026-08-07T11:42:54.065196Z"}
api-1       | INFO:     172.18.0.1:45880 - "GET /api/v1/runs/4ae6f589-1926-462b-b578-12950015b0d4 HTTP/1.1" 200 OK
api-1       | {"api_key_prefix": "evk_64f04950db0a", "duration_ms": 264.576, "event": "http_request_completed", "level": "info", "method": "GET", "outcome": "success", "path": "/api/v1/runs/4ae6f589-1926-462b-b578-12950015b0d4", "request_id": "a8705cd3-4d56-45a1-9083-1574b3a1d5f7", "status_code": 200, "tenant_id": "327d2ffb-1823-49ee-aab0-022efdfc7324", "timestamp": "2026-08-07T11:42:54.161766Z", "trace_id": "ba85845e0e0363be5ca476f93aecc95f"}
api-1       | {"event": "Context impl PostgresqlImpl.", "level": "info", "request_id": "60c64042-6644-41b8-8dde-c688242dc3fa", "timestamp": "2026-08-07T11:42:54.936812Z", "trace_id": "2045d0b3045912da00bad6cabe3a68dc"}
api-1       | {"event": "Will assume transactional DDL.", "level": "info", "request_id": "60c64042-6644-41b8-8dde-c688242dc3fa", "timestamp": "2026-08-07T11:42:54.936957Z", "trace_id": "2045d0b3045912da00bad6cabe3a68dc"}
api-1       | {"claimed": 50, "event": "outbox_dispatch_batch_completed", "lease_lost": 0, "level": "info", "published": 50, "retry_scheduled": 0, "role": "outbox_dispatcher", "timestamp": "2026-08-07T11:42:54.974418Z"}
api-1       | INFO:     127.0.0.1:36374 - "GET /health/ready HTTP/1.1" 200 OK
api-1       | {"duration_ms": 82.476, "event": "http_request_completed", "level": "info", "method": "GET", "outcome": "success", "path": "/health/ready", "request_id": "60c64042-6644-41b8-8dde-c688242dc3fa", "status_code": 200, "timestamp": "2026-08-07T11:42:54.976903Z", "trace_id": "2045d0b3045912da00bad6cabe3a68dc"}
api-1       | INFO:     172.18.0.1:45880 - "GET /api/v1/runs/4ae6f589-1926-462b-b578-12950015b0d4 HTTP/1.1" 200 OK
api-1       | {"api_key_prefix": "evk_64f04950db0a", "duration_ms": 342.763, "event": "http_request_completed", "level": "info", "method": "GET", "outcome": "success", "path": "/api/v1/runs/4ae6f589-1926-462b-b578-12950015b0d4", "request_id": "14e6d080-c133-4b62-98e3-bd9fc500ad0e", "status_code": 200, "tenant_id": "327d2ffb-1823-49ee-aab0-022efdfc7324", "timestamp": "2026-08-07T11:42:55.070671Z", "trace_id": "07c322d6f4519756786db1eed9a9a005"}
api-1       | {"claimed": 50, "event": "outbox_dispatch_batch_completed", "lease_lost": 0, "level": "info", "published": 50, "retry_scheduled": 0, "role": "outbox_dispatcher", "timestamp": "2026-08-07T11:42:55.696976Z"}
api-1       | INFO:     172.18.0.1:45880 - "GET /api/v1/runs/4ae6f589-1926-462b-b578-12950015b0d4 HTTP/1.1" 200 OK
api-1       | {"api_key_prefix": "evk_64f04950db0a", "duration_ms": 182.207, "event": "http_request_completed", "level": "info", "method": "GET", "outcome": "success", "path": "/api/v1/runs/4ae6f589-1926-462b-b578-12950015b0d4", "request_id": "d39df35d-c67c-47ff-a013-ad8cc63856f2", "status_code": 200, "tenant_id": "327d2ffb-1823-49ee-aab0-022efdfc7324", "timestamp": "2026-08-07T11:42:55.773272Z", "trace_id": "70fe0c827d923276b8b95928aa01bbcc"}
api-1       | {"claimed": 50, "event": "outbox_dispatch_batch_completed", "lease_lost": 0, "level": "info", "published": 50, "retry_scheduled": 0, "role": "outbox_dispatcher", "timestamp": "2026-08-07T11:42:56.506747Z"}
api-1       | INFO:     172.18.0.1:45880 - "GET /api/v1/runs/4ae6f589-1926-462b-b578-12950015b0d4 HTTP/1.1" 200 OK
api-1       | {"api_key_prefix": "evk_64f04950db0a", "duration_ms": 287.052, "event": "http_request_completed", "level": "info", "method": "GET", "outcome": "success", "path": "/api/v1/runs/4ae6f589-1926-462b-b578-12950015b0d4", "request_id": "6a0036a4-26d5-449f-a398-41b5f53aa72c", "status_code": 200, "tenant_id": "327d2ffb-1823-49ee-aab0-022efdfc7324", "timestamp": "2026-08-07T11:42:56.613596Z", "trace_id": "a2e2da81de57ed1a37e09c8584e2d631"}
api-1       | {"claimed": 50, "event": "outbox_dispatch_batch_completed", "lease_lost": 0, "level": "info", "published": 50, "retry_scheduled": 0, "role": "outbox_dispatcher", "timestamp": "2026-08-07T11:42:57.461751Z"}
api-1       | INFO:     172.18.0.1:45880 - "GET /api/v1/runs/4ae6f589-1926-462b-b578-12950015b0d4 HTTP/1.1" 200 OK
api-1       | {"api_key_prefix": "evk_64f04950db0a", "duration_ms": 378.321, "event": "http_request_completed", "level": "info", "method": "GET", "outcome": "success", "path": "/api/v1/runs/4ae6f589-1926-462b-b578-12950015b0d4", "request_id": "5277d567-8f4e-4bce-9a16-5f1671d80a3b", "status_code": 200, "tenant_id": "327d2ffb-1823-49ee-aab0-022efdfc7324", "timestamp": "2026-08-07T11:42:57.630301Z", "trace_id": "8f5282349f0bb7f206e72b6d7b81bccc"}
api-1       | {"claimed": 50, "event": "outbox_dispatch_batch_completed", "lease_lost": 0, "level": "info", "published": 50, "retry_scheduled": 0, "role": "outbox_dispatcher", "timestamp": "2026-08-07T11:42:58.276784Z"}
api-1       | INFO:     172.18.0.1:45880 - "GET /api/v1/runs/4ae6f589-1926-462b-b578-12950015b0d4 HTTP/1.1" 200 OK
api-1       | {"api_key_prefix": "evk_64f04950db0a", "duration_ms": 192.122, "event": "http_request_completed", "level": "info", "method": "GET", "outcome": "success", "path": "/api/v1/runs/4ae6f589-1926-462b-b578-12950015b0d4", "request_id": "a94831af-6a79-4a22-8d86-5abbfdf02b90", "status_code": 200, "tenant_id": "327d2ffb-1823-49ee-aab0-022efdfc7324", "timestamp": "2026-08-07T11:42:58.347502Z", "trace_id": "61df60389af4eb0a5e10df575476bf79"}
api-1       | {"claimed": 50, "event": "outbox_dispatch_batch_completed", "lease_lost": 0, "level": "info", "published": 50, "retry_scheduled": 0, "role": "outbox_dispatcher", "timestamp": "2026-08-07T11:42:58.931452Z"}
api-1       | INFO:     172.18.0.1:45880 - "GET /api/v1/runs/4ae6f589-1926-462b-b578-12950015b0d4 HTTP/1.1" 200 OK
api-1       | {"api_key_prefix": "evk_64f04950db0a", "duration_ms": 124.379, "event": "http_request_completed", "level": "info", "method": "GET", "outcome": "success", "path": "/api/v1/runs/4ae6f589-1926-462b-b578-12950015b0d4", "request_id": "1f3f5f6f-b633-4382-97d8-767a3d9534d9", "status_code": 200, "tenant_id": "327d2ffb-1823-49ee-aab0-022efdfc7324", "timestamp": "2026-08-07T11:42:58.987811Z", "trace_id": "05394f1d1698da920e143bc600b2f4a2"}
api-1       | {"claimed": 50, "event": "outbox_dispatch_batch_completed", "lease_lost": 0, "level": "info", "published": 50, "retry_scheduled": 0, "role": "outbox_dispatcher", "timestamp": "2026-08-07T11:42:59.577266Z"}
api-1       | INFO:     172.18.0.1:45880 - "GET /api/v1/runs/4ae6f589-1926-462b-b578-12950015b0d4 HTTP/1.1" 200 OK
api-1       | {"api_key_prefix": "evk_64f04950db0a", "duration_ms": 113.043, "event": "http_request_completed", "level": "info", "method": "GET", "outcome": "success", "path": "/api/v1/runs/4ae6f589-1926-462b-b578-12950015b0d4", "request_id": "71347fa3-107f-46e2-b33e-afc68b526d1a", "status_code": 200, "tenant_id": "327d2ffb-1823-49ee-aab0-022efdfc7324", "timestamp": "2026-08-07T11:42:59.626388Z", "trace_id": "8181d257060d3a609bf06ba81a0d5ad5"}
api-1       | INFO:     172.18.0.1:45880 - "GET /api/v1/runs/4ae6f589-1926-462b-b578-12950015b0d4/cases?limit=200&sort=case_id HTTP/1.1" 200 OK
api-1       | {"api_key_prefix": "evk_64f04950db0a", "duration_ms": 76.062, "event": "http_request_completed", "level": "info", "method": "GET", "outcome": "success", "path": "/api/v1/runs/4ae6f589-1926-462b-b578-12950015b0d4/cases", "request_id": "78df9e14-9d7d-4d94-b69a-98c9fd8366ff", "status_code": 200, "tenant_id": "327d2ffb-1823-49ee-aab0-022efdfc7324", "timestamp": "2026-08-07T11:42:59.704476Z", "trace_id": "39cbaa2aa715c493225e314b45f9fb11"}
api-1       | INFO:     172.18.0.1:45880 - "GET /api/v1/runs/4ae6f589-1926-462b-b578-12950015b0d4/cases?limit=200&sort=case_id&cursor=eyJkaXJlY3Rpb24iOiJhc2MiLCJlcnJvcl9jb2RlIjpudWxsLCJqb2JfaWQiOiIzY2U4MTczZi0wMDVlLTQzZTQtOWNhYS1kMjMwODY1NjU1MmEiLCJtZXRyaWMiOm51bGwsInNvcnQiOiJjYXNlX2lkIiwic3RhdHVzIjpudWxsLCJ2IjoxLCJ2YWx1ZSI6ImxvYWQtMDE5OSJ9 HTTP/1.1" 200 OK
api-1       | {"api_key_prefix": "evk_64f04950db0a", "duration_ms": 72.798, "event": "http_request_completed", "level": "info", "method": "GET", "outcome": "success", "path": "/api/v1/runs/4ae6f589-1926-462b-b578-12950015b0d4/cases", "request_id": "8cf0dc79-f957-49c4-bad1-259c9f1a00cc", "status_code": 200, "tenant_id": "327d2ffb-1823-49ee-aab0-022efdfc7324", "timestamp": "2026-08-07T11:42:59.779981Z", "trace_id": "c2aeb99293e23c923e7008d2d64f8351"}
api-1       | INFO:     172.18.0.1:45880 - "GET /api/v1/runs/4ae6f589-1926-462b-b578-12950015b0d4/cases?limit=200&sort=case_id&cursor=eyJkaXJlY3Rpb24iOiJhc2MiLCJlcnJvcl9jb2RlIjpudWxsLCJqb2JfaWQiOiJiMTBhNDAzMy1mYjNjLTRhYTgtODUwYS03ODU4NzdmYTJmOTMiLCJtZXRyaWMiOm51bGwsInNvcnQiOiJjYXNlX2lkIiwic3RhdHVzIjpudWxsLCJ2IjoxLCJ2YWx1ZSI6ImxvYWQtMDM5OSJ9 HTTP/1.1" 200 OK
api-1       | {"api_key_prefix": "evk_64f04950db0a", "duration_ms": 77.177, "event": "http_request_completed", "level": "info", "method": "GET", "outcome": "success", "path": "/api/v1/runs/4ae6f589-1926-462b-b578-12950015b0d4/cases", "request_id": "67f33092-8b6f-46f8-a675-2c64b0267bb0", "status_code": 200, "tenant_id": "327d2ffb-1823-49ee-aab0-022efdfc7324", "timestamp": "2026-08-07T11:42:59.860560Z", "trace_id": "131e3c1ce0b77952ba89856b94aae820"}
api-1       | {"claimed": 50, "event": "outbox_dispatch_batch_completed", "lease_lost": 0, "level": "info", "published": 50, "retry_scheduled": 0, "role": "outbox_dispatcher", "timestamp": "2026-08-07T11:43:00.659779Z"}
api-1       | {"event": "Context impl PostgresqlImpl.", "level": "info", "request_id": "cecf0a39-15ac-410d-aa61-9d48cb7bab07", "timestamp": "2026-08-07T11:43:00.764188Z", "trace_id": "781923c6d8e34b9f94fd15716f6dbd7f"}
api-1       | {"event": "Will assume transactional DDL.", "level": "info", "request_id": "cecf0a39-15ac-410d-aa61-9d48cb7bab07", "timestamp": "2026-08-07T11:43:00.764292Z", "trace_id": "781923c6d8e34b9f94fd15716f6dbd7f"}
api-1       | INFO:     127.0.0.1:36448 - "GET /health/ready HTTP/1.1" 200 OK
api-1       | {"duration_ms": 26.085, "event": "http_request_completed", "level": "info", "method": "GET", "outcome": "success", "path": "/health/ready", "request_id": "cecf0a39-15ac-410d-aa61-9d48cb7bab07", "status_code": 200, "timestamp": "2026-08-07T11:43:00.770030Z", "trace_id": "781923c6d8e34b9f94fd15716f6dbd7f"}
api-1       | INFO:     127.0.0.1:36458 - "GET /metrics HTTP/1.1" 200 OK
api-1       | {"duration_ms": 8.983, "event": "http_request_completed", "level": "info", "method": "GET", "outcome": "success", "path": "/metrics", "request_id": "60993be2-b7c5-4cc0-a760-e9019fd53286", "status_code": 200, "timestamp": "2026-08-07T11:43:00.838036Z", "trace_id": "8a8aab2614047bd47cf327d97339a836"}
api-1       | {"claimed": 50, "event": "outbox_dispatch_batch_completed", "lease_lost": 0, "level": "info", "published": 50, "retry_scheduled": 0, "role": "outbox_dispatcher", "timestamp": "2026-08-07T11:43:01.365076Z"}
api-1       | {"claimed": 50, "event": "outbox_dispatch_batch_completed", "lease_lost": 0, "level": "info", "published": 50, "retry_scheduled": 0, "role": "outbox_dispatcher", "timestamp": "2026-08-07T11:43:02.034999Z"}
api-1       | {"claimed": 50, "event": "outbox_dispatch_batch_completed", "lease_lost": 0, "level": "info", "published": 50, "retry_scheduled": 0, "role": "outbox_dispatcher", "timestamp": "2026-08-07T11:43:02.763132Z"}
api-1       | {"claimed": 50, "event": "outbox_dispatch_batch_completed", "lease_lost": 0, "level": "info", "published": 50, "retry_scheduled": 0, "role": "outbox_dispatcher", "timestamp": "2026-08-07T11:43:03.478563Z"}
api-1       | {"claimed": 50, "event": "outbox_dispatch_batch_completed", "lease_lost": 0, "level": "info", "published": 50, "retry_scheduled": 0, "role": "outbox_dispatcher", "timestamp": "2026-08-07T11:43:04.299201Z"}
api-1       | {"claimed": 50, "event": "outbox_dispatch_batch_completed", "lease_lost": 0, "level": "info", "published": 50, "retry_scheduled": 0, "role": "outbox_dispatcher", "timestamp": "2026-08-07T11:43:04.944721Z"}
api-1       | {"claimed": 50, "event": "outbox_dispatch_batch_completed", "lease_lost": 0, "level": "info", "published": 50, "retry_scheduled": 0, "role": "outbox_dispatcher", "timestamp": "2026-08-07T11:43:05.613263Z"}
api-1       | {"event": "Context impl PostgresqlImpl.", "level": "info", "request_id": "1b4625be-4b24-46cf-89a9-09b8b6c33126", "timestamp": "2026-08-07T11:43:06.098695Z", "trace_id": "4cfac0a22c2bcd91a9dec3eebf434175"}
api-1       | {"event": "Will assume transactional DDL.", "level": "info", "request_id": "1b4625be-4b24-46cf-89a9-09b8b6c33126", "timestamp": "2026-08-07T11:43:06.098802Z", "trace_id": "4cfac0a22c2bcd91a9dec3eebf434175"}
api-1       | INFO:     127.0.0.1:35962 - "GET /health/ready HTTP/1.1" 200 OK
api-1       | {"duration_ms": 20.234, "event": "http_request_completed", "level": "info", "method": "GET", "outcome": "success", "path": "/health/ready", "request_id": "1b4625be-4b24-46cf-89a9-09b8b6c33126", "status_code": 200, "timestamp": "2026-08-07T11:43:06.104640Z", "trace_id": "4cfac0a22c2bcd91a9dec3eebf434175"}
api-1       | {"claimed": 50, "event": "outbox_dispatch_batch_completed", "lease_lost": 0, "level": "info", "published": 50, "retry_scheduled": 0, "role": "outbox_dispatcher", "timestamp": "2026-08-07T11:43:06.281390Z"}
api-1       | {"claimed": 50, "event": "outbox_dispatch_batch_completed", "lease_lost": 0, "level": "info", "published": 50, "retry_scheduled": 0, "role": "outbox_dispatcher", "timestamp": "2026-08-07T11:43:06.924519Z"}
api-1       | INFO:     172.18.0.1:40126 - "POST /api/v1/runs HTTP/1.1" 202 Accepted
api-1       | {"api_key_prefix": "evk_64f04950db0a", "duration_ms": 240.413, "event": "http_request_completed", "level": "info", "method": "POST", "outcome": "success", "path": "/api/v1/runs", "request_id": "592531fc-46de-4a07-9eaf-b8ab6c1f39d3", "status_code": 202, "tenant_id": "327d2ffb-1823-49ee-aab0-022efdfc7324", "timestamp": "2026-08-07T11:43:06.986653Z", "trace_id": "001c7c1648052882e0683c096957adea"}
api-1       | INFO:     172.18.0.1:40126 - "GET /api/v1/runs/1fbaf385-1745-4516-84e4-b83b1d28de36 HTTP/1.1" 200 OK
api-1       | {"api_key_prefix": "evk_64f04950db0a", "duration_ms": 53.175, "event": "http_request_completed", "level": "info", "method": "GET", "outcome": "success", "path": "/api/v1/runs/1fbaf385-1745-4516-84e4-b83b1d28de36", "request_id": "349dfec9-af7c-47a1-b5dd-63f61c81962e", "status_code": 200, "tenant_id": "327d2ffb-1823-49ee-aab0-022efdfc7324", "timestamp": "2026-08-07T11:43:07.041504Z", "trace_id": "3110597caf6ca74b3ab54eee233b191f"}
api-1       | {"claimed": 50, "event": "outbox_dispatch_batch_completed", "lease_lost": 0, "level": "info", "published": 50, "retry_scheduled": 0, "role": "outbox_dispatcher", "timestamp": "2026-08-07T11:43:07.623506Z"}
api-1       | INFO:     172.18.0.1:40126 - "GET /api/v1/runs/1fbaf385-1745-4516-84e4-b83b1d28de36 HTTP/1.1" 200 OK
api-1       | {"api_key_prefix": "evk_64f04950db0a", "duration_ms": 118.891, "event": "http_request_completed", "level": "info", "method": "GET", "outcome": "success", "path": "/api/v1/runs/1fbaf385-1745-4516-84e4-b83b1d28de36", "request_id": "77803dc0-4445-4e3d-879d-247f150ce470", "status_code": 200, "tenant_id": "327d2ffb-1823-49ee-aab0-022efdfc7324", "timestamp": "2026-08-07T11:43:07.682674Z", "trace_id": "1ba1c39abbdcbdc952fdd5a99558269e"}
api-1       | {"claimed": 50, "event": "outbox_dispatch_batch_completed", "lease_lost": 0, "level": "info", "published": 50, "retry_scheduled": 0, "role": "outbox_dispatcher", "timestamp": "2026-08-07T11:43:08.286082Z"}
api-1       | INFO:     172.18.0.1:40126 - "GET /api/v1/runs/1fbaf385-1745-4516-84e4-b83b1d28de36 HTTP/1.1" 200 OK
api-1       | {"api_key_prefix": "evk_64f04950db0a", "duration_ms": 144.7, "event": "http_request_completed", "level": "info", "method": "GET", "outcome": "success", "path": "/api/v1/runs/1fbaf385-1745-4516-84e4-b83b1d28de36", "request_id": "1316fd9b-693c-4fdd-9731-a6237abd564d", "status_code": 200, "tenant_id": "327d2ffb-1823-49ee-aab0-022efdfc7324", "timestamp": "2026-08-07T11:43:08.342233Z", "trace_id": "251f34a485c76f035bcb9bb192a319fe"}
api-1       | {"claimed": 50, "event": "outbox_dispatch_batch_completed", "lease_lost": 0, "level": "info", "published": 50, "retry_scheduled": 0, "role": "outbox_dispatcher", "timestamp": "2026-08-07T11:43:08.966271Z"}
api-1       | INFO:     172.18.0.1:40126 - "GET /api/v1/runs/1fbaf385-1745-4516-84e4-b83b1d28de36 HTTP/1.1" 200 OK
api-1       | {"api_key_prefix": "evk_64f04950db0a", "duration_ms": 168.008, "event": "http_request_completed", "level": "info", "method": "GET", "outcome": "success", "path": "/api/v1/runs/1fbaf385-1745-4516-84e4-b83b1d28de36", "request_id": "c4e56147-381f-42fa-8bdb-26be37e064bc", "status_code": 200, "tenant_id": "327d2ffb-1823-49ee-aab0-022efdfc7324", "timestamp": "2026-08-07T11:43:09.018704Z", "trace_id": "223dcac3f70a3b65c178968e81ceaa2c"}
api-1       | {"claimed": 50, "event": "outbox_dispatch_batch_completed", "lease_lost": 0, "level": "info", "published": 50, "retry_scheduled": 0, "role": "outbox_dispatcher", "timestamp": "2026-08-07T11:43:09.663986Z"}
api-1       | INFO:     172.18.0.1:40126 - "GET /api/v1/runs/1fbaf385-1745-4516-84e4-b83b1d28de36 HTTP/1.1" 200 OK
api-1       | {"api_key_prefix": "evk_64f04950db0a", "duration_ms": 200.502, "event": "http_request_completed", "level": "info", "method": "GET", "outcome": "success", "path": "/api/v1/runs/1fbaf385-1745-4516-84e4-b83b1d28de36", "request_id": "4374d481-9412-4bb5-9833-8a16cad44ed7", "status_code": 200, "tenant_id": "327d2ffb-1823-49ee-aab0-022efdfc7324", "timestamp": "2026-08-07T11:43:09.727240Z", "trace_id": "f78d0cf86ce81e3dc415ae28bb4cb583"}
api-1       | INFO:     172.18.0.1:40126 - "GET /api/v1/runs/1fbaf385-1745-4516-84e4-b83b1d28de36/cases?limit=200&sort=case_id HTTP/1.1" 200 OK
api-1       | {"api_key_prefix": "evk_64f04950db0a", "duration_ms": 62.198, "event": "http_request_completed", "level": "info", "method": "GET", "outcome": "success", "path": "/api/v1/runs/1fbaf385-1745-4516-84e4-b83b1d28de36/cases", "request_id": "e92c0022-fbb9-4205-b787-d53eb9380ec5", "status_code": 200, "tenant_id": "327d2ffb-1823-49ee-aab0-022efdfc7324", "timestamp": "2026-08-07T11:43:09.791142Z", "trace_id": "c136b0b3b9c7e152df029334863c581f"}
api-1       | INFO:     127.0.0.1:35982 - "GET /metrics HTTP/1.1" 200 OK
api-1       | {"duration_ms": 12.587, "event": "http_request_completed", "level": "info", "method": "GET", "outcome": "success", "path": "/metrics", "request_id": "0834adcd-2d80-4972-a5cb-8fd65dfba982", "status_code": 200, "timestamp": "2026-08-07T11:43:10.181152Z", "trace_id": "5315de9d804ac21af1003d8820480c01"}
api-1       | {"claimed": 32, "event": "outbox_dispatch_batch_completed", "lease_lost": 0, "level": "info", "published": 32, "retry_scheduled": 0, "role": "outbox_dispatcher", "timestamp": "2026-08-07T11:43:10.326802Z"}
api-1       | INFO:     172.18.0.1:40126 - "POST /api/v1/runs HTTP/1.1" 202 Accepted
api-1       | {"api_key_prefix": "evk_64f04950db0a", "duration_ms": 232.06, "event": "http_request_completed", "level": "info", "method": "POST", "outcome": "success", "path": "/api/v1/runs", "request_id": "36dfbdf0-e157-40ab-825c-ba478e7bf535", "status_code": 202, "tenant_id": "327d2ffb-1823-49ee-aab0-022efdfc7324", "timestamp": "2026-08-07T11:43:11.009933Z", "trace_id": "3143c4c4e61ecd8f51c05d757e469929"}
api-1       | INFO:     172.18.0.1:40126 - "GET /api/v1/runs/2ad703f6-d107-442c-8ee0-a8750e390a59 HTTP/1.1" 200 OK
api-1       | {"api_key_prefix": "evk_64f04950db0a", "duration_ms": 48.51, "event": "http_request_completed", "level": "info", "method": "GET", "outcome": "success", "path": "/api/v1/runs/2ad703f6-d107-442c-8ee0-a8750e390a59", "request_id": "694afafb-38ad-47e6-953b-a6f486b20304", "status_code": 200, "tenant_id": "327d2ffb-1823-49ee-aab0-022efdfc7324", "timestamp": "2026-08-07T11:43:11.060079Z", "trace_id": "e1c51930a17c6500a825e355fc5a6d79"}
api-1       | {"claimed": 6, "event": "outbox_dispatch_batch_completed", "lease_lost": 0, "level": "info", "published": 6, "retry_scheduled": 0, "role": "outbox_dispatcher", "timestamp": "2026-08-07T11:43:11.363690Z"}
api-1       | {"event": "Context impl PostgresqlImpl.", "level": "info", "request_id": "9bbf2941-75a4-4314-b816-e347256fe842", "timestamp": "2026-08-07T11:43:11.391743Z", "trace_id": "c26e4d6a38ed6589661a04c7fbb0f669"}
api-1       | {"event": "Will assume transactional DDL.", "level": "info", "request_id": "9bbf2941-75a4-4314-b816-e347256fe842", "timestamp": "2026-08-07T11:43:11.391852Z", "trace_id": "c26e4d6a38ed6589661a04c7fbb0f669"}
api-1       | INFO:     127.0.0.1:36008 - "GET /health/ready HTTP/1.1" 200 OK
api-1       | {"duration_ms": 18.927, "event": "http_request_completed", "level": "info", "method": "GET", "outcome": "success", "path": "/health/ready", "request_id": "9bbf2941-75a4-4314-b816-e347256fe842", "status_code": 200, "timestamp": "2026-08-07T11:43:11.397590Z", "trace_id": "c26e4d6a38ed6589661a04c7fbb0f669"}
api-1       | INFO:     172.18.0.1:40126 - "GET /api/v1/runs/2ad703f6-d107-442c-8ee0-a8750e390a59 HTTP/1.1" 200 OK
api-1       | {"api_key_prefix": "evk_64f04950db0a", "duration_ms": 54.161, "event": "http_request_completed", "level": "info", "method": "GET", "outcome": "success", "path": "/api/v1/runs/2ad703f6-d107-442c-8ee0-a8750e390a59", "request_id": "aa90c322-517a-477c-b7f4-d83084a3f81a", "status_code": 200, "tenant_id": "327d2ffb-1823-49ee-aab0-022efdfc7324", "timestamp": "2026-08-07T11:43:11.616806Z", "trace_id": "91fb629ab7f4b9ea608fb7f936255e3b"}
api-1       | {"claimed": 26, "event": "outbox_dispatch_batch_completed", "lease_lost": 0, "level": "info", "published": 26, "retry_scheduled": 0, "role": "outbox_dispatcher", "timestamp": "2026-08-07T11:43:11.979737Z"}
api-1       | INFO:     172.18.0.1:40126 - "GET /api/v1/runs/2ad703f6-d107-442c-8ee0-a8750e390a59 HTTP/1.1" 200 OK
api-1       | {"api_key_prefix": "evk_64f04950db0a", "duration_ms": 56.734, "event": "http_request_completed", "level": "info", "method": "GET", "outcome": "success", "path": "/api/v1/runs/2ad703f6-d107-442c-8ee0-a8750e390a59", "request_id": "8ad92f7a-cd5f-466e-808f-9ffe17c8e132", "status_code": 200, "tenant_id": "327d2ffb-1823-49ee-aab0-022efdfc7324", "timestamp": "2026-08-07T11:43:12.175956Z", "trace_id": "e74623575c4a2479427a3c54d98fe7e4"}
api-1       | {"claimed": 30, "event": "outbox_dispatch_batch_completed", "lease_lost": 0, "level": "info", "published": 30, "retry_scheduled": 0, "role": "outbox_dispatcher", "timestamp": "2026-08-07T11:43:12.600558Z"}
api-1       | INFO:     172.18.0.1:40126 - "GET /api/v1/runs/2ad703f6-d107-442c-8ee0-a8750e390a59 HTTP/1.1" 200 OK
api-1       | {"api_key_prefix": "evk_64f04950db0a", "duration_ms": 56.484, "event": "http_request_completed", "level": "info", "method": "GET", "outcome": "success", "path": "/api/v1/runs/2ad703f6-d107-442c-8ee0-a8750e390a59", "request_id": "6b6cc6bd-281c-4705-a109-2143d6ccc38b", "status_code": 200, "tenant_id": "327d2ffb-1823-49ee-aab0-022efdfc7324", "timestamp": "2026-08-07T11:43:12.734855Z", "trace_id": "97767405eb19bb23555af5d27c835ea6"}
api-1       | {"claimed": 32, "event": "outbox_dispatch_batch_completed", "lease_lost": 0, "level": "info", "published": 32, "retry_scheduled": 0, "role": "outbox_dispatcher", "timestamp": "2026-08-07T11:43:13.260734Z"}
api-1       | INFO:     172.18.0.1:40126 - "GET /api/v1/runs/2ad703f6-d107-442c-8ee0-a8750e390a59 HTTP/1.1" 200 OK
api-1       | {"api_key_prefix": "evk_64f04950db0a", "duration_ms": 88.684, "event": "http_request_completed", "level": "info", "method": "GET", "outcome": "success", "path": "/api/v1/runs/2ad703f6-d107-442c-8ee0-a8750e390a59", "request_id": "0a7571d9-99e8-48b4-90eb-8cf29019e423", "status_code": 200, "tenant_id": "327d2ffb-1823-49ee-aab0-022efdfc7324", "timestamp": "2026-08-07T11:43:13.326068Z", "trace_id": "975bdae96ce08fed0a416a119663a6a2"}
api-1       | {"claimed": 30, "event": "outbox_dispatch_batch_completed", "lease_lost": 0, "level": "info", "published": 30, "retry_scheduled": 0, "role": "outbox_dispatcher", "timestamp": "2026-08-07T11:43:13.877574Z"}
api-1       | INFO:     172.18.0.1:40126 - "GET /api/v1/runs/2ad703f6-d107-442c-8ee0-a8750e390a59 HTTP/1.1" 200 OK
api-1       | {"api_key_prefix": "evk_64f04950db0a", "duration_ms": 90.584, "event": "http_request_completed", "level": "info", "method": "GET", "outcome": "success", "path": "/api/v1/runs/2ad703f6-d107-442c-8ee0-a8750e390a59", "request_id": "c7658b5f-4d70-44cb-bad1-9b22c3cfc05f", "status_code": 200, "tenant_id": "327d2ffb-1823-49ee-aab0-022efdfc7324", "timestamp": "2026-08-07T11:43:13.932341Z", "trace_id": "850b6edb7f2ed4d0e48d025ebed219f6"}
api-1       | {"claimed": 30, "event": "outbox_dispatch_batch_completed", "lease_lost": 0, "level": "info", "published": 30, "retry_scheduled": 0, "role": "outbox_dispatcher", "timestamp": "2026-08-07T11:43:14.513234Z"}
api-1       | INFO:     172.18.0.1:40126 - "GET /api/v1/runs/2ad703f6-d107-442c-8ee0-a8750e390a59 HTTP/1.1" 200 OK
api-1       | {"api_key_prefix": "evk_64f04950db0a", "duration_ms": 109.237, "event": "http_request_completed", "level": "info", "method": "GET", "outcome": "success", "path": "/api/v1/runs/2ad703f6-d107-442c-8ee0-a8750e390a59", "request_id": "f6f8f141-9d42-4230-a792-256b1afbc9d6", "status_code": 200, "tenant_id": "327d2ffb-1823-49ee-aab0-022efdfc7324", "timestamp": "2026-08-07T11:43:14.573865Z", "trace_id": "40c75fc98b4c7c5073f19ae6a09b02c3"}
api-1       | {"claimed": 30, "event": "outbox_dispatch_batch_completed", "lease_lost": 0, "level": "info", "published": 30, "retry_scheduled": 0, "role": "outbox_dispatcher", "timestamp": "2026-08-07T11:43:15.136013Z"}
api-1       | INFO:     172.18.0.1:40126 - "GET /api/v1/runs/2ad703f6-d107-442c-8ee0-a8750e390a59 HTTP/1.1" 200 OK
api-1       | {"api_key_prefix": "evk_64f04950db0a", "duration_ms": 92.848, "event": "http_request_completed", "level": "info", "method": "GET", "outcome": "success", "path": "/api/v1/runs/2ad703f6-d107-442c-8ee0-a8750e390a59", "request_id": "b4762f32-390b-4cfb-9805-669f4b37c415", "status_code": 200, "tenant_id": "327d2ffb-1823-49ee-aab0-022efdfc7324", "timestamp": "2026-08-07T11:43:15.188609Z", "trace_id": "15c830dc425c5f39a6c8ca7c9691a013"}
api-1       | {"claimed": 32, "event": "outbox_dispatch_batch_completed", "lease_lost": 0, "level": "info", "published": 32, "retry_scheduled": 0, "role": "outbox_dispatcher", "timestamp": "2026-08-07T11:43:15.774035Z"}
api-1       | INFO:     172.18.0.1:40126 - "GET /api/v1/runs/2ad703f6-d107-442c-8ee0-a8750e390a59 HTTP/1.1" 200 OK
api-1       | {"api_key_prefix": "evk_64f04950db0a", "duration_ms": 107.858, "event": "http_request_completed", "level": "info", "method": "GET", "outcome": "success", "path": "/api/v1/runs/2ad703f6-d107-442c-8ee0-a8750e390a59", "request_id": "a34df2b7-fd25-4970-82dc-ad3f8ee7f4cf", "status_code": 200, "tenant_id": "327d2ffb-1823-49ee-aab0-022efdfc7324", "timestamp": "2026-08-07T11:43:15.826265Z", "trace_id": "642d08b1e13e40504527e6354fb8a378"}
api-1       | {"claimed": 30, "event": "outbox_dispatch_batch_completed", "lease_lost": 0, "level": "info", "published": 30, "retry_scheduled": 0, "role": "outbox_dispatcher", "timestamp": "2026-08-07T11:43:16.399553Z"}
api-1       | INFO:     172.18.0.1:40126 - "GET /api/v1/runs/2ad703f6-d107-442c-8ee0-a8750e390a59 HTTP/1.1" 200 OK
api-1       | {"api_key_prefix": "evk_64f04950db0a", "duration_ms": 104.686, "event": "http_request_completed", "level": "info", "method": "GET", "outcome": "success", "path": "/api/v1/runs/2ad703f6-d107-442c-8ee0-a8750e390a59", "request_id": "517d8a8b-c7d4-412e-be84-17f99cafa220", "status_code": 200, "tenant_id": "327d2ffb-1823-49ee-aab0-022efdfc7324", "timestamp": "2026-08-07T11:43:16.450362Z", "trace_id": "4719c575ad9fab8191ef9ed381613309"}
api-1       | {"event": "Context impl PostgresqlImpl.", "level": "info", "request_id": "818306a9-bac5-4965-a474-8ce9c29dac5f", "timestamp": "2026-08-07T11:43:16.712539Z", "trace_id": "06fc29aafbb2acc1b4d4aa734038d2c6"}
api-1       | {"event": "Will assume transactional DDL.", "level": "info", "request_id": "818306a9-bac5-4965-a474-8ce9c29dac5f", "timestamp": "2026-08-07T11:43:16.712654Z", "trace_id": "06fc29aafbb2acc1b4d4aa734038d2c6"}
api-1       | INFO:     127.0.0.1:50278 - "GET /health/ready HTTP/1.1" 200 OK
api-1       | {"duration_ms": 23.999, "event": "http_request_completed", "level": "info", "method": "GET", "outcome": "success", "path": "/health/ready", "request_id": "818306a9-bac5-4965-a474-8ce9c29dac5f", "status_code": 200, "timestamp": "2026-08-07T11:43:16.718512Z", "trace_id": "06fc29aafbb2acc1b4d4aa734038d2c6"}
api-1       | {"claimed": 30, "event": "outbox_dispatch_batch_completed", "lease_lost": 0, "level": "info", "published": 30, "retry_scheduled": 0, "role": "outbox_dispatcher", "timestamp": "2026-08-07T11:43:17.061464Z"}
api-1       | INFO:     172.18.0.1:40126 - "GET /api/v1/runs/2ad703f6-d107-442c-8ee0-a8750e390a59 HTTP/1.1" 200 OK
api-1       | {"api_key_prefix": "evk_64f04950db0a", "duration_ms": 143.401, "event": "http_request_completed", "level": "info", "method": "GET", "outcome": "success", "path": "/api/v1/runs/2ad703f6-d107-442c-8ee0-a8750e390a59", "request_id": "19e10a45-8c7b-42db-97e8-eb9c6dd53515", "status_code": 200, "tenant_id": "327d2ffb-1823-49ee-aab0-022efdfc7324", "timestamp": "2026-08-07T11:43:17.116322Z", "trace_id": "2bd8a2ec0bedeff9552bd071234584c9"}
api-1       | {"claimed": 30, "event": "outbox_dispatch_batch_completed", "lease_lost": 0, "level": "info", "published": 30, "retry_scheduled": 0, "role": "outbox_dispatcher", "timestamp": "2026-08-07T11:43:17.685482Z"}
api-1       | INFO:     172.18.0.1:40126 - "GET /api/v1/runs/2ad703f6-d107-442c-8ee0-a8750e390a59 HTTP/1.1" 200 OK
api-1       | {"api_key_prefix": "evk_64f04950db0a", "duration_ms": 106.922, "event": "http_request_completed", "level": "info", "method": "GET", "outcome": "success", "path": "/api/v1/runs/2ad703f6-d107-442c-8ee0-a8750e390a59", "request_id": "671c02c3-9eae-4104-914f-a96a11d1c596", "status_code": 200, "tenant_id": "327d2ffb-1823-49ee-aab0-022efdfc7324", "timestamp": "2026-08-07T11:43:17.738365Z", "trace_id": "97cbdcc02c48d75cfe25da3c39cc776e"}
api-1       | {"claimed": 30, "event": "outbox_dispatch_batch_completed", "lease_lost": 0, "level": "info", "published": 30, "retry_scheduled": 0, "role": "outbox_dispatcher", "timestamp": "2026-08-07T11:43:18.317747Z"}
api-1       | INFO:     172.18.0.1:40126 - "GET /api/v1/runs/2ad703f6-d107-442c-8ee0-a8750e390a59 HTTP/1.1" 200 OK
api-1       | {"api_key_prefix": "evk_64f04950db0a", "duration_ms": 117.012, "event": "http_request_completed", "level": "info", "method": "GET", "outcome": "success", "path": "/api/v1/runs/2ad703f6-d107-442c-8ee0-a8750e390a59", "request_id": "62617c42-b419-4466-bc83-85f0a491b115", "status_code": 200, "tenant_id": "327d2ffb-1823-49ee-aab0-022efdfc7324", "timestamp": "2026-08-07T11:43:18.371848Z", "trace_id": "d585bb0299faae1370dc0974cf64b6b1"}
api-1       | {"claimed": 30, "event": "outbox_dispatch_batch_completed", "lease_lost": 0, "level": "info", "published": 30, "retry_scheduled": 0, "role": "outbox_dispatcher", "timestamp": "2026-08-07T11:43:18.969203Z"}
api-1       | INFO:     172.18.0.1:40126 - "GET /api/v1/runs/2ad703f6-d107-442c-8ee0-a8750e390a59 HTTP/1.1" 200 OK
api-1       | {"api_key_prefix": "evk_64f04950db0a", "duration_ms": 86.268, "event": "http_request_completed", "level": "info", "method": "GET", "outcome": "success", "path": "/api/v1/runs/2ad703f6-d107-442c-8ee0-a8750e390a59", "request_id": "aa3dbd34-fc9c-4644-9576-f83267e3a685", "status_code": 200, "tenant_id": "327d2ffb-1823-49ee-aab0-022efdfc7324", "timestamp": "2026-08-07T11:43:18.975711Z", "trace_id": "b8a583ba07b34da66ce39a5ec4ef978e"}
api-1       | {"claimed": 32, "event": "outbox_dispatch_batch_completed", "lease_lost": 0, "level": "info", "published": 32, "retry_scheduled": 0, "role": "outbox_dispatcher", "timestamp": "2026-08-07T11:43:19.665898Z"}
api-1       | INFO:     172.18.0.1:40126 - "GET /api/v1/runs/2ad703f6-d107-442c-8ee0-a8750e390a59 HTTP/1.1" 200 OK
api-1       | {"api_key_prefix": "evk_64f04950db0a", "duration_ms": 195.266, "event": "http_request_completed", "level": "info", "method": "GET", "outcome": "success", "path": "/api/v1/runs/2ad703f6-d107-442c-8ee0-a8750e390a59", "request_id": "c3528cd7-fdff-4410-a601-4fffc87ac14e", "status_code": 200, "tenant_id": "327d2ffb-1823-49ee-aab0-022efdfc7324", "timestamp": "2026-08-07T11:43:19.673815Z", "trace_id": "8283d5c7868ecbf47db6943ed7a7910c"}
api-1       | {"claimed": 32, "event": "outbox_dispatch_batch_completed", "lease_lost": 0, "level": "info", "published": 32, "retry_scheduled": 0, "role": "outbox_dispatcher", "timestamp": "2026-08-07T11:43:20.350758Z"}
api-1       | INFO:     172.18.0.1:40126 - "GET /api/v1/runs/2ad703f6-d107-442c-8ee0-a8750e390a59 HTTP/1.1" 200 OK
api-1       | {"api_key_prefix": "evk_64f04950db0a", "duration_ms": 185.986, "event": "http_request_completed", "level": "info", "method": "GET", "outcome": "success", "path": "/api/v1/runs/2ad703f6-d107-442c-8ee0-a8750e390a59", "request_id": "ed7c5d3e-f4e4-4efb-bbdc-c7259f0c4114", "status_code": 200, "tenant_id": "327d2ffb-1823-49ee-aab0-022efdfc7324", "timestamp": "2026-08-07T11:43:20.362513Z", "trace_id": "33a004b61f869d89fe3ff3bde68786dc"}
api-1       | {"claimed": 30, "event": "outbox_dispatch_batch_completed", "lease_lost": 0, "level": "info", "published": 30, "retry_scheduled": 0, "role": "outbox_dispatcher", "timestamp": "2026-08-07T11:43:20.978001Z"}
api-1       | INFO:     172.18.0.1:40126 - "GET /api/v1/runs/2ad703f6-d107-442c-8ee0-a8750e390a59 HTTP/1.1" 200 OK
api-1       | {"api_key_prefix": "evk_64f04950db0a", "duration_ms": 145.822, "event": "http_request_completed", "level": "info", "method": "GET", "outcome": "success", "path": "/api/v1/runs/2ad703f6-d107-442c-8ee0-a8750e390a59", "request_id": "5e42e0e7-99dc-40f5-ba48-1051f2a5073e", "status_code": 200, "tenant_id": "327d2ffb-1823-49ee-aab0-022efdfc7324", "timestamp": "2026-08-07T11:43:21.029723Z", "trace_id": "855a7b9ac3c22dad604881d77db89319"}
api-1       | {"claimed": 32, "event": "outbox_dispatch_batch_completed", "lease_lost": 0, "level": "info", "published": 32, "retry_scheduled": 0, "role": "outbox_dispatcher", "timestamp": "2026-08-07T11:43:21.598979Z"}
api-1       | INFO:     172.18.0.1:40126 - "GET /api/v1/runs/2ad703f6-d107-442c-8ee0-a8750e390a59 HTTP/1.1" 200 OK
api-1       | {"api_key_prefix": "evk_64f04950db0a", "duration_ms": 110.129, "event": "http_request_completed", "level": "info", "method": "GET", "outcome": "success", "path": "/api/v1/runs/2ad703f6-d107-442c-8ee0-a8750e390a59", "request_id": "aed68448-7feb-48ae-8062-26d8af1d5f53", "status_code": 200, "tenant_id": "327d2ffb-1823-49ee-aab0-022efdfc7324", "timestamp": "2026-08-07T11:43:21.666022Z", "trace_id": "e8486bccc2883941530219260b9ff9b9"}
api-1       | {"event": "Context impl PostgresqlImpl.", "level": "info", "request_id": "4b8ea712-306e-4db1-a863-68125073de09", "timestamp": "2026-08-07T11:43:22.020225Z", "trace_id": "0a06e3e46331c1bdf3eea10af3236711"}
api-1       | {"event": "Will assume transactional DDL.", "level": "info", "request_id": "4b8ea712-306e-4db1-a863-68125073de09", "timestamp": "2026-08-07T11:43:22.020331Z", "trace_id": "0a06e3e46331c1bdf3eea10af3236711"}
api-1       | INFO:     127.0.0.1:50310 - "GET /health/ready HTTP/1.1" 200 OK
api-1       | {"duration_ms": 20.019, "event": "http_request_completed", "level": "info", "method": "GET", "outcome": "success", "path": "/health/ready", "request_id": "4b8ea712-306e-4db1-a863-68125073de09", "status_code": 200, "timestamp": "2026-08-07T11:43:22.026361Z", "trace_id": "0a06e3e46331c1bdf3eea10af3236711"}
api-1       | {"claimed": 26, "event": "outbox_dispatch_batch_completed", "lease_lost": 0, "level": "info", "published": 26, "retry_scheduled": 0, "role": "outbox_dispatcher", "timestamp": "2026-08-07T11:43:22.212422Z"}
api-1       | INFO:     172.18.0.1:40126 - "GET /api/v1/runs/2ad703f6-d107-442c-8ee0-a8750e390a59 HTTP/1.1" 200 OK
api-1       | {"api_key_prefix": "evk_64f04950db0a", "duration_ms": 87.873, "event": "http_request_completed", "level": "info", "method": "GET", "outcome": "success", "path": "/api/v1/runs/2ad703f6-d107-442c-8ee0-a8750e390a59", "request_id": "0cc11eea-3e35-425f-afcb-0d65ca3d7036", "status_code": 200, "tenant_id": "327d2ffb-1823-49ee-aab0-022efdfc7324", "timestamp": "2026-08-07T11:43:22.266728Z", "trace_id": "49fa094cdac10f15666f0f9b2cfd2697"}
api-1       | {"claimed": 30, "event": "outbox_dispatch_batch_completed", "lease_lost": 0, "level": "info", "published": 30, "retry_scheduled": 0, "role": "outbox_dispatcher", "timestamp": "2026-08-07T11:43:22.862400Z"}
api-1       | INFO:     172.18.0.1:40126 - "GET /api/v1/runs/2ad703f6-d107-442c-8ee0-a8750e390a59 HTTP/1.1" 200 OK
api-1       | {"api_key_prefix": "evk_64f04950db0a", "duration_ms": 92.416, "event": "http_request_completed", "level": "info", "method": "GET", "outcome": "success", "path": "/api/v1/runs/2ad703f6-d107-442c-8ee0-a8750e390a59", "request_id": "050a4809-3899-40e1-9ec9-76cbdfafb2dc", "status_code": 200, "tenant_id": "327d2ffb-1823-49ee-aab0-022efdfc7324", "timestamp": "2026-08-07T11:43:22.878033Z", "trace_id": "81121127aef008ddbd581750081befd2"}
api-1       | {"claimed": 30, "event": "outbox_dispatch_batch_completed", "lease_lost": 0, "level": "info", "published": 30, "retry_scheduled": 0, "role": "outbox_dispatcher", "timestamp": "2026-08-07T11:43:23.486004Z"}
api-1       | INFO:     172.18.0.1:40126 - "GET /api/v1/runs/2ad703f6-d107-442c-8ee0-a8750e390a59 HTTP/1.1" 200 OK
api-1       | {"api_key_prefix": "evk_64f04950db0a", "duration_ms": 149.966, "event": "http_request_completed", "level": "info", "method": "GET", "outcome": "success", "path": "/api/v1/runs/2ad703f6-d107-442c-8ee0-a8750e390a59", "request_id": "67201e13-3bd1-42d7-a989-9c3344b9def5", "status_code": 200, "tenant_id": "327d2ffb-1823-49ee-aab0-022efdfc7324", "timestamp": "2026-08-07T11:43:23.541930Z", "trace_id": "9dc3eaaa77b14de4a0b894f82d7e5087"}
api-1       | {"claimed": 32, "event": "outbox_dispatch_batch_completed", "lease_lost": 0, "level": "info", "published": 32, "retry_scheduled": 0, "role": "outbox_dispatcher", "timestamp": "2026-08-07T11:43:24.109079Z"}
api-1       | INFO:     172.18.0.1:40126 - "GET /api/v1/runs/2ad703f6-d107-442c-8ee0-a8750e390a59 HTTP/1.1" 200 OK
api-1       | {"api_key_prefix": "evk_64f04950db0a", "duration_ms": 153.182, "event": "http_request_completed", "level": "info", "method": "GET", "outcome": "success", "path": "/api/v1/runs/2ad703f6-d107-442c-8ee0-a8750e390a59", "request_id": "3ac33eb8-8d9b-488d-89c0-0c19e3757419", "status_code": 200, "tenant_id": "327d2ffb-1823-49ee-aab0-022efdfc7324", "timestamp": "2026-08-07T11:43:24.214410Z", "trace_id": "b2b80a32d4493ccf875ff52908da7d5f"}
api-1       | {"claimed": 28, "event": "outbox_dispatch_batch_completed", "lease_lost": 0, "level": "info", "published": 28, "retry_scheduled": 0, "role": "outbox_dispatcher", "timestamp": "2026-08-07T11:43:24.762801Z"}
api-1       | INFO:     172.18.0.1:40126 - "GET /api/v1/runs/2ad703f6-d107-442c-8ee0-a8750e390a59 HTTP/1.1" 200 OK
api-1       | {"api_key_prefix": "evk_64f04950db0a", "duration_ms": 62.032, "event": "http_request_completed", "level": "info", "method": "GET", "outcome": "success", "path": "/api/v1/runs/2ad703f6-d107-442c-8ee0-a8750e390a59", "request_id": "d7dd7a2d-94d2-4c80-ad07-1ce8656dd393", "status_code": 200, "tenant_id": "327d2ffb-1823-49ee-aab0-022efdfc7324", "timestamp": "2026-08-07T11:43:24.781553Z", "trace_id": "8d46bdad3b94460376aede10210c9568"}
api-1       | {"claimed": 32, "event": "outbox_dispatch_batch_completed", "lease_lost": 0, "level": "info", "published": 32, "retry_scheduled": 0, "role": "outbox_dispatcher", "timestamp": "2026-08-07T11:43:25.386719Z"}
api-1       | INFO:     172.18.0.1:40126 - "GET /api/v1/runs/2ad703f6-d107-442c-8ee0-a8750e390a59 HTTP/1.1" 200 OK
api-1       | {"api_key_prefix": "evk_64f04950db0a", "duration_ms": 137.955, "event": "http_request_completed", "level": "info", "method": "GET", "outcome": "success", "path": "/api/v1/runs/2ad703f6-d107-442c-8ee0-a8750e390a59", "request_id": "76abf65b-f71d-4e77-bbbf-7b14a7bad7b9", "status_code": 200, "tenant_id": "327d2ffb-1823-49ee-aab0-022efdfc7324", "timestamp": "2026-08-07T11:43:25.439016Z", "trace_id": "2c4fdfd614059e478938e4fdd5076834"}
api-1       | {"claimed": 30, "event": "outbox_dispatch_batch_completed", "lease_lost": 0, "level": "info", "published": 30, "retry_scheduled": 0, "role": "outbox_dispatcher", "timestamp": "2026-08-07T11:43:26.006152Z"}
api-1       | INFO:     172.18.0.1:40126 - "GET /api/v1/runs/2ad703f6-d107-442c-8ee0-a8750e390a59 HTTP/1.1" 200 OK
api-1       | {"api_key_prefix": "evk_64f04950db0a", "duration_ms": 107.188, "event": "http_request_completed", "level": "info", "method": "GET", "outcome": "success", "path": "/api/v1/runs/2ad703f6-d107-442c-8ee0-a8750e390a59", "request_id": "67ad15d9-b166-44fd-aea6-ae3e50c9b941", "status_code": 200, "tenant_id": "327d2ffb-1823-49ee-aab0-022efdfc7324", "timestamp": "2026-08-07T11:43:26.064963Z", "trace_id": "4abd1b23daf6a8e5c50f8feb0ab19776"}
api-1       | {"claimed": 30, "event": "outbox_dispatch_batch_completed", "lease_lost": 0, "level": "info", "published": 30, "retry_scheduled": 0, "role": "outbox_dispatcher", "timestamp": "2026-08-07T11:43:26.623701Z"}
api-1       | INFO:     172.18.0.1:40126 - "GET /api/v1/runs/2ad703f6-d107-442c-8ee0-a8750e390a59 HTTP/1.1" 200 OK
api-1       | {"api_key_prefix": "evk_64f04950db0a", "duration_ms": 88.133, "event": "http_request_completed", "level": "info", "method": "GET", "outcome": "success", "path": "/api/v1/runs/2ad703f6-d107-442c-8ee0-a8750e390a59", "request_id": "6c5f7301-8e4c-4314-b4f3-8e5a1614b037", "status_code": 200, "tenant_id": "327d2ffb-1823-49ee-aab0-022efdfc7324", "timestamp": "2026-08-07T11:43:26.671324Z", "trace_id": "2df27ef190ae8d52736b794adf8d70d7"}
api-1       | {"claimed": 30, "event": "outbox_dispatch_batch_completed", "lease_lost": 0, "level": "info", "published": 30, "retry_scheduled": 0, "role": "outbox_dispatcher", "timestamp": "2026-08-07T11:43:27.367683Z"}
api-1       | INFO:     172.18.0.1:40126 - "GET /api/v1/runs/2ad703f6-d107-442c-8ee0-a8750e390a59 HTTP/1.1" 200 OK
api-1       | {"api_key_prefix": "evk_64f04950db0a", "duration_ms": 284.034, "event": "http_request_completed", "level": "info", "method": "GET", "outcome": "success", "path": "/api/v1/runs/2ad703f6-d107-442c-8ee0-a8750e390a59", "request_id": "0c73287b-8bb5-40bf-b6f9-09617e419dd1", "status_code": 200, "tenant_id": "327d2ffb-1823-49ee-aab0-022efdfc7324", "timestamp": "2026-08-07T11:43:27.461807Z", "trace_id": "2a08c8eaf3f68e51dc7a4aff226aedb4"}
api-1       | {"event": "Context impl PostgresqlImpl.", "level": "info", "request_id": "86bae66d-2f75-4e77-973f-6011ba31fb11", "timestamp": "2026-08-07T11:43:27.536004Z", "trace_id": "10eb1df52add761fe1c0ff4fecd40c4c"}
api-1       | {"event": "Will assume transactional DDL.", "level": "info", "request_id": "86bae66d-2f75-4e77-973f-6011ba31fb11", "timestamp": "2026-08-07T11:43:27.536148Z", "trace_id": "10eb1df52add761fe1c0ff4fecd40c4c"}
api-1       | INFO:     127.0.0.1:48050 - "GET /health/ready HTTP/1.1" 200 OK
api-1       | {"duration_ms": 56.289, "event": "http_request_completed", "level": "info", "method": "GET", "outcome": "success", "path": "/health/ready", "request_id": "86bae66d-2f75-4e77-973f-6011ba31fb11", "status_code": 200, "timestamp": "2026-08-07T11:43:27.541618Z", "trace_id": "10eb1df52add761fe1c0ff4fecd40c4c"}
api-1       | {"claimed": 37, "event": "outbox_dispatch_batch_completed", "lease_lost": 0, "level": "info", "published": 37, "retry_scheduled": 0, "role": "outbox_dispatcher", "timestamp": "2026-08-07T11:43:28.008226Z"}
api-1       | INFO:     172.18.0.1:40126 - "GET /api/v1/runs/2ad703f6-d107-442c-8ee0-a8750e390a59 HTTP/1.1" 200 OK
api-1       | {"api_key_prefix": "evk_64f04950db0a", "duration_ms": 103.027, "event": "http_request_completed", "level": "info", "method": "GET", "outcome": "success", "path": "/api/v1/runs/2ad703f6-d107-442c-8ee0-a8750e390a59", "request_id": "238c81eb-9a79-4ab0-8795-5c5490bf6651", "status_code": 200, "tenant_id": "327d2ffb-1823-49ee-aab0-022efdfc7324", "timestamp": "2026-08-07T11:43:28.071768Z", "trace_id": "a5f2761608984b435978477b7c9e2120"}
api-1       | {"claimed": 29, "event": "outbox_dispatch_batch_completed", "lease_lost": 0, "level": "info", "published": 29, "retry_scheduled": 0, "role": "outbox_dispatcher", "timestamp": "2026-08-07T11:43:28.627565Z"}
api-1       | INFO:     172.18.0.1:40126 - "GET /api/v1/runs/2ad703f6-d107-442c-8ee0-a8750e390a59 HTTP/1.1" 200 OK
api-1       | {"api_key_prefix": "evk_64f04950db0a", "duration_ms": 95.282, "event": "http_request_completed", "level": "info", "method": "GET", "outcome": "success", "path": "/api/v1/runs/2ad703f6-d107-442c-8ee0-a8750e390a59", "request_id": "5f86cb9a-2bb2-4126-b729-4e4b2cfa9e8c", "status_code": 200, "tenant_id": "327d2ffb-1823-49ee-aab0-022efdfc7324", "timestamp": "2026-08-07T11:43:28.685072Z", "trace_id": "9f0d8fc25edff3b887636232df9bb22c"}
api-1       | {"claimed": 28, "event": "outbox_dispatch_batch_completed", "lease_lost": 0, "level": "info", "published": 28, "retry_scheduled": 0, "role": "outbox_dispatcher", "timestamp": "2026-08-07T11:43:29.267099Z"}
api-1       | INFO:     172.18.0.1:40126 - "GET /api/v1/runs/2ad703f6-d107-442c-8ee0-a8750e390a59 HTTP/1.1" 200 OK
api-1       | {"api_key_prefix": "evk_64f04950db0a", "duration_ms": 115.491, "event": "http_request_completed", "level": "info", "method": "GET", "outcome": "success", "path": "/api/v1/runs/2ad703f6-d107-442c-8ee0-a8750e390a59", "request_id": "e391f021-5523-48ad-ac6a-adf0d01cf55d", "status_code": 200, "tenant_id": "327d2ffb-1823-49ee-aab0-022efdfc7324", "timestamp": "2026-08-07T11:43:29.319443Z", "trace_id": "598cc21a2029687e542b5de687d06c0c"}
api-1       | {"claimed": 32, "event": "outbox_dispatch_batch_completed", "lease_lost": 0, "level": "info", "published": 32, "retry_scheduled": 0, "role": "outbox_dispatcher", "timestamp": "2026-08-07T11:43:29.994654Z"}
api-1       | INFO:     172.18.0.1:40126 - "GET /api/v1/runs/2ad703f6-d107-442c-8ee0-a8750e390a59 HTTP/1.1" 200 OK
api-1       | {"api_key_prefix": "evk_64f04950db0a", "duration_ms": 174.072, "event": "http_request_completed", "level": "info", "method": "GET", "outcome": "success", "path": "/api/v1/runs/2ad703f6-d107-442c-8ee0-a8750e390a59", "request_id": "980ac775-6236-4837-8f6a-74a467d6e4d7", "status_code": 200, "tenant_id": "327d2ffb-1823-49ee-aab0-022efdfc7324", "timestamp": "2026-08-07T11:43:29.996400Z", "trace_id": "171f2004c9acf253da90cd678a10fb14"}
api-1       | {"claimed": 35, "event": "outbox_dispatch_batch_completed", "lease_lost": 0, "level": "info", "published": 35, "retry_scheduled": 0, "role": "outbox_dispatcher", "timestamp": "2026-08-07T11:43:30.665193Z"}
api-1       | INFO:     172.18.0.1:40126 - "GET /api/v1/runs/2ad703f6-d107-442c-8ee0-a8750e390a59 HTTP/1.1" 200 OK
api-1       | {"api_key_prefix": "evk_64f04950db0a", "duration_ms": 176.393, "event": "http_request_completed", "level": "info", "method": "GET", "outcome": "success", "path": "/api/v1/runs/2ad703f6-d107-442c-8ee0-a8750e390a59", "request_id": "e344c417-e068-4b24-ab2e-8c35f0813e4d", "status_code": 200, "tenant_id": "327d2ffb-1823-49ee-aab0-022efdfc7324", "timestamp": "2026-08-07T11:43:30.676239Z", "trace_id": "440d2ca604a1930e9092e46d27800f96"}
api-1       | {"claimed": 31, "event": "outbox_dispatch_batch_completed", "lease_lost": 0, "level": "info", "published": 31, "retry_scheduled": 0, "role": "outbox_dispatcher", "timestamp": "2026-08-07T11:43:31.292725Z"}
api-1       | INFO:     172.18.0.1:40126 - "GET /api/v1/runs/2ad703f6-d107-442c-8ee0-a8750e390a59 HTTP/1.1" 200 OK
api-1       | {"api_key_prefix": "evk_64f04950db0a", "duration_ms": 146.21, "event": "http_request_completed", "level": "info", "method": "GET", "outcome": "success", "path": "/api/v1/runs/2ad703f6-d107-442c-8ee0-a8750e390a59", "request_id": "ddc83c77-f31f-4031-8a5a-3e259cc4df05", "status_code": 200, "tenant_id": "327d2ffb-1823-49ee-aab0-022efdfc7324", "timestamp": "2026-08-07T11:43:31.346172Z", "trace_id": "ddd091cbe8b645a144d0f776f27aa36d"}
api-1       | {"claimed": 32, "event": "outbox_dispatch_batch_completed", "lease_lost": 0, "level": "info", "published": 32, "retry_scheduled": 0, "role": "outbox_dispatcher", "timestamp": "2026-08-07T11:43:31.916667Z"}
api-1       | INFO:     172.18.0.1:40126 - "GET /api/v1/runs/2ad703f6-d107-442c-8ee0-a8750e390a59 HTTP/1.1" 200 OK
api-1       | {"api_key_prefix": "evk_64f04950db0a", "duration_ms": 101.549, "event": "http_request_completed", "level": "info", "method": "GET", "outcome": "success", "path": "/api/v1/runs/2ad703f6-d107-442c-8ee0-a8750e390a59", "request_id": "47e3143f-2b96-4f6e-a12d-6e62702b05d3", "status_code": 200, "tenant_id": "327d2ffb-1823-49ee-aab0-022efdfc7324", "timestamp": "2026-08-07T11:43:31.969979Z", "trace_id": "636d7cf9276b9b8b6a7515374328afd9"}
api-1       | {"claimed": 30, "event": "outbox_dispatch_batch_completed", "lease_lost": 0, "level": "info", "published": 30, "retry_scheduled": 0, "role": "outbox_dispatcher", "timestamp": "2026-08-07T11:43:32.565419Z"}
api-1       | INFO:     172.18.0.1:40126 - "GET /api/v1/runs/2ad703f6-d107-442c-8ee0-a8750e390a59 HTTP/1.1" 200 OK
api-1       | {"api_key_prefix": "evk_64f04950db0a", "duration_ms": 91.591, "event": "http_request_completed", "level": "info", "method": "GET", "outcome": "success", "path": "/api/v1/runs/2ad703f6-d107-442c-8ee0-a8750e390a59", "request_id": "40ad7189-e37a-4200-a6f6-839bdf0f12fb", "status_code": 200, "tenant_id": "327d2ffb-1823-49ee-aab0-022efdfc7324", "timestamp": "2026-08-07T11:43:32.588494Z", "trace_id": "4f344c52ef29a883d3cdba60d932cbc6"}
api-1       | {"event": "Context impl PostgresqlImpl.", "level": "info", "request_id": "83db8f06-0978-4b11-8150-942ddff9c5f9", "timestamp": "2026-08-07T11:43:32.866081Z", "trace_id": "a5b3880fcc42d9946ecfb1a997741d49"}
api-1       | {"event": "Will assume transactional DDL.", "level": "info", "request_id": "83db8f06-0978-4b11-8150-942ddff9c5f9", "timestamp": "2026-08-07T11:43:32.866193Z", "trace_id": "a5b3880fcc42d9946ecfb1a997741d49"}
api-1       | INFO:     127.0.0.1:34608 - "GET /health/ready HTTP/1.1" 200 OK
api-1       | {"duration_ms": 21.913, "event": "http_request_completed", "level": "info", "method": "GET", "outcome": "success", "path": "/health/ready", "request_id": "83db8f06-0978-4b11-8150-942ddff9c5f9", "status_code": 200, "timestamp": "2026-08-07T11:43:32.871793Z", "trace_id": "a5b3880fcc42d9946ecfb1a997741d49"}
api-1       | {"claimed": 30, "event": "outbox_dispatch_batch_completed", "lease_lost": 0, "level": "info", "published": 30, "retry_scheduled": 0, "role": "outbox_dispatcher", "timestamp": "2026-08-07T11:43:33.181242Z"}
api-1       | INFO:     172.18.0.1:40126 - "GET /api/v1/runs/2ad703f6-d107-442c-8ee0-a8750e390a59 HTTP/1.1" 200 OK
api-1       | {"api_key_prefix": "evk_64f04950db0a", "duration_ms": 132.043, "event": "http_request_completed", "level": "info", "method": "GET", "outcome": "success", "path": "/api/v1/runs/2ad703f6-d107-442c-8ee0-a8750e390a59", "request_id": "9d77b10d-b79d-4024-893d-b8dc9febdf32", "status_code": 200, "tenant_id": "327d2ffb-1823-49ee-aab0-022efdfc7324", "timestamp": "2026-08-07T11:43:33.233553Z", "trace_id": "6bd2ef48406b1ebb13160d098aaf8b5b"}
api-1       | INFO:     172.18.0.1:40126 - "GET /api/v1/runs/2ad703f6-d107-442c-8ee0-a8750e390a59/cases?limit=200&sort=case_id HTTP/1.1" 200 OK
api-1       | {"api_key_prefix": "evk_64f04950db0a", "duration_ms": 68.271, "event": "http_request_completed", "level": "info", "method": "GET", "outcome": "success", "path": "/api/v1/runs/2ad703f6-d107-442c-8ee0-a8750e390a59/cases", "request_id": "a67409d4-f690-4b60-97a6-0e5542ed74a7", "status_code": 200, "tenant_id": "327d2ffb-1823-49ee-aab0-022efdfc7324", "timestamp": "2026-08-07T11:43:33.303468Z", "trace_id": "fccfea38359e433c5ba59560b5fd30ce"}
api-1       | INFO:     172.18.0.1:40126 - "GET /api/v1/runs/2ad703f6-d107-442c-8ee0-a8750e390a59/cases?limit=200&sort=case_id&cursor=eyJkaXJlY3Rpb24iOiJhc2MiLCJlcnJvcl9jb2RlIjpudWxsLCJqb2JfaWQiOiIzODk1NWJiZS1hM2Y0LTQzNDQtYTE0ZC02ZGMxZTU0YTQ5YzciLCJtZXRyaWMiOm51bGwsInNvcnQiOiJjYXNlX2lkIiwic3RhdHVzIjpudWxsLCJ2IjoxLCJ2YWx1ZSI6ImxvYWQtMDE5OSJ9 HTTP/1.1" 200 OK
api-1       | {"api_key_prefix": "evk_64f04950db0a", "duration_ms": 65.479, "event": "http_request_completed", "level": "info", "method": "GET", "outcome": "success", "path": "/api/v1/runs/2ad703f6-d107-442c-8ee0-a8750e390a59/cases", "request_id": "b5c4478c-611d-4509-9ae4-617720021d38", "status_code": 200, "tenant_id": "327d2ffb-1823-49ee-aab0-022efdfc7324", "timestamp": "2026-08-07T11:43:33.371605Z", "trace_id": "6426d3b298260af29180c3afe1078767"}
api-1       | INFO:     172.18.0.1:40126 - "GET /api/v1/runs/2ad703f6-d107-442c-8ee0-a8750e390a59/cases?limit=200&sort=case_id&cursor=eyJkaXJlY3Rpb24iOiJhc2MiLCJlcnJvcl9jb2RlIjpudWxsLCJqb2JfaWQiOiI0YzVhN2RkMy1kZDc0LTQxZjUtOWQ1Mi02ZWUwZWU1ZDgyNDUiLCJtZXRyaWMiOm51bGwsInNvcnQiOiJjYXNlX2lkIiwic3RhdHVzIjpudWxsLCJ2IjoxLCJ2YWx1ZSI6ImxvYWQtMDM5OSJ9 HTTP/1.1" 200 OK
api-1       | {"api_key_prefix": "evk_64f04950db0a", "duration_ms": 58.524, "event": "http_request_completed", "level": "info", "method": "GET", "outcome": "success", "path": "/api/v1/runs/2ad703f6-d107-442c-8ee0-a8750e390a59/cases", "request_id": "ee1b1d39-d43f-425d-bc2a-db95cebc2611", "status_code": 200, "tenant_id": "327d2ffb-1823-49ee-aab0-022efdfc7324", "timestamp": "2026-08-07T11:43:33.432269Z", "trace_id": "4fe65965e0f5a5746a88224c64bdcf6f"}
api-1       | {"claimed": 8, "event": "outbox_dispatch_batch_completed", "lease_lost": 0, "level": "info", "published": 8, "retry_scheduled": 0, "role": "outbox_dispatcher", "timestamp": "2026-08-07T11:43:33.750873Z"}
api-1       | INFO:     127.0.0.1:34624 - "GET /metrics HTTP/1.1" 200 OK
api-1       | {"duration_ms": 11.136, "event": "http_request_completed", "level": "info", "method": "GET", "outcome": "success", "path": "/metrics", "request_id": "530a619e-4d81-49a4-8ed7-4a9869d869ae", "status_code": 200, "timestamp": "2026-08-07T11:43:33.843454Z", "trace_id": "2c9d18f0471391313c3b604af90f5773"}
api-1       | INFO:     172.18.0.1:40126 - "POST /api/v1/runs HTTP/1.1" 202 Accepted
api-1       | {"api_key_prefix": "evk_64f04950db0a", "duration_ms": 196.882, "event": "http_request_completed", "level": "info", "method": "POST", "outcome": "success", "path": "/api/v1/runs", "request_id": "699751ea-f1ed-42ef-85b4-2e31c220cd0c", "status_code": 202, "tenant_id": "327d2ffb-1823-49ee-aab0-022efdfc7324", "timestamp": "2026-08-07T11:43:38.417249Z", "trace_id": "8528ef53a4706bf9c244f27309ad0b24"}
api-1       | {"event": "Context impl PostgresqlImpl.", "level": "info", "request_id": "5bb5aaae-6ed4-4e89-8b78-158b9ba89a2c", "timestamp": "2026-08-07T11:43:38.501331Z", "trace_id": "7f459c012ebab478ca546ca1b98e9e27"}
api-1       | {"event": "Will assume transactional DDL.", "level": "info", "request_id": "5bb5aaae-6ed4-4e89-8b78-158b9ba89a2c", "timestamp": "2026-08-07T11:43:38.501476Z", "trace_id": "7f459c012ebab478ca546ca1b98e9e27"}
api-1       | INFO:     127.0.0.1:34636 - "GET /health/ready HTTP/1.1" 200 OK
api-1       | {"duration_ms": 93.053, "event": "http_request_completed", "level": "info", "method": "GET", "outcome": "success", "path": "/health/ready", "request_id": "5bb5aaae-6ed4-4e89-8b78-158b9ba89a2c", "status_code": 200, "timestamp": "2026-08-07T11:43:38.513016Z", "trace_id": "7f459c012ebab478ca546ca1b98e9e27"}
api-1       | INFO:     172.18.0.1:40126 - "GET /api/v1/runs/264ad97f-f05f-420b-8f12-b47209e4187b HTTP/1.1" 200 OK
api-1       | {"api_key_prefix": "evk_64f04950db0a", "duration_ms": 102.213, "event": "http_request_completed", "level": "info", "method": "GET", "outcome": "success", "path": "/api/v1/runs/264ad97f-f05f-420b-8f12-b47209e4187b", "request_id": "04b67a08-f01a-42f4-a19f-0a79042e5c93", "status_code": 200, "tenant_id": "327d2ffb-1823-49ee-aab0-022efdfc7324", "timestamp": "2026-08-07T11:43:38.521662Z", "trace_id": "5d828bfd24cb7741506282270c1ced18"}
api-1       | {"claimed": 2, "event": "outbox_dispatch_batch_completed", "lease_lost": 0, "level": "info", "published": 2, "retry_scheduled": 0, "role": "outbox_dispatcher", "timestamp": "2026-08-07T11:43:38.826857Z"}
api-1       | INFO:     172.18.0.1:40126 - "GET /api/v1/runs/264ad97f-f05f-420b-8f12-b47209e4187b HTTP/1.1" 200 OK
api-1       | {"api_key_prefix": "evk_64f04950db0a", "duration_ms": 74.049, "event": "http_request_completed", "level": "info", "method": "GET", "outcome": "success", "path": "/api/v1/runs/264ad97f-f05f-420b-8f12-b47209e4187b", "request_id": "08a0c3eb-0ef9-4c60-bf4a-ef2eff6624af", "status_code": 200, "tenant_id": "327d2ffb-1823-49ee-aab0-022efdfc7324", "timestamp": "2026-08-07T11:43:39.098042Z", "trace_id": "4345f7ac92eb56f13d2ddf355e4a730f"}
api-1       | {"claimed": 22, "event": "outbox_dispatch_batch_completed", "lease_lost": 0, "level": "info", "published": 22, "retry_scheduled": 0, "role": "outbox_dispatcher", "timestamp": "2026-08-07T11:43:39.555885Z"}
api-1       | INFO:     172.18.0.1:40126 - "GET /api/v1/runs/264ad97f-f05f-420b-8f12-b47209e4187b HTTP/1.1" 200 OK
api-1       | {"api_key_prefix": "evk_64f04950db0a", "duration_ms": 60.525, "event": "http_request_completed", "level": "info", "method": "GET", "outcome": "success", "path": "/api/v1/runs/264ad97f-f05f-420b-8f12-b47209e4187b", "request_id": "4fdc0dad-baec-4d1e-8637-94bfd7c7bb6c", "status_code": 200, "tenant_id": "327d2ffb-1823-49ee-aab0-022efdfc7324", "timestamp": "2026-08-07T11:43:39.661505Z", "trace_id": "7ade42241adfce87790595c87459d3d8"}
api-1       | {"claimed": 50, "event": "outbox_dispatch_batch_completed", "lease_lost": 0, "level": "info", "published": 50, "retry_scheduled": 0, "role": "outbox_dispatcher", "timestamp": "2026-08-07T11:43:40.213455Z"}
api-1       | INFO:     172.18.0.1:40126 - "GET /api/v1/runs/264ad97f-f05f-420b-8f12-b47209e4187b HTTP/1.1" 200 OK
api-1       | {"api_key_prefix": "evk_64f04950db0a", "duration_ms": 95.391, "event": "http_request_completed", "level": "info", "method": "GET", "outcome": "success", "path": "/api/v1/runs/264ad97f-f05f-420b-8f12-b47209e4187b", "request_id": "d9a30987-5bea-4ca4-b1f8-7822f01dcdfb", "status_code": 200, "tenant_id": "327d2ffb-1823-49ee-aab0-022efdfc7324", "timestamp": "2026-08-07T11:43:40.263954Z", "trace_id": "78facc38c91ff28fb87d2f523ff7a866"}
api-1       | {"claimed": 29, "event": "outbox_dispatch_batch_completed", "lease_lost": 0, "level": "info", "published": 29, "retry_scheduled": 0, "role": "outbox_dispatcher", "timestamp": "2026-08-07T11:43:40.866103Z"}
api-1       | INFO:     172.18.0.1:40126 - "GET /api/v1/runs/264ad97f-f05f-420b-8f12-b47209e4187b HTTP/1.1" 200 OK
api-1       | {"api_key_prefix": "evk_64f04950db0a", "duration_ms": 123.059, "event": "http_request_completed", "level": "info", "method": "GET", "outcome": "success", "path": "/api/v1/runs/264ad97f-f05f-420b-8f12-b47209e4187b", "request_id": "a950e303-7d84-47e3-9b1b-db73e56621f0", "status_code": 200, "tenant_id": "327d2ffb-1823-49ee-aab0-022efdfc7324", "timestamp": "2026-08-07T11:43:40.915607Z", "trace_id": "dc602daee60666f67e158aaf30836508"}
api-1       | INFO:     172.18.0.1:40126 - "GET /api/v1/runs/264ad97f-f05f-420b-8f12-b47209e4187b HTTP/1.1" 200 OK
api-1       | {"api_key_prefix": "evk_64f04950db0a", "duration_ms": 53.09, "event": "http_request_completed", "level": "info", "method": "GET", "outcome": "success", "path": "/api/v1/runs/264ad97f-f05f-420b-8f12-b47209e4187b", "request_id": "3b400ff1-cf3a-4da5-875f-87b0eac569ff", "status_code": 200, "tenant_id": "327d2ffb-1823-49ee-aab0-022efdfc7324", "timestamp": "2026-08-07T11:43:41.471235Z", "trace_id": "09fdf5ddecd304815f2e9f564a0e93be"}
api-1       | {"claimed": 3, "event": "outbox_dispatch_batch_completed", "lease_lost": 0, "level": "info", "published": 3, "retry_scheduled": 0, "role": "outbox_dispatcher", "timestamp": "2026-08-07T11:43:41.880940Z"}
api-1       | INFO:     172.18.0.1:40126 - "GET /api/v1/runs/264ad97f-f05f-420b-8f12-b47209e4187b HTTP/1.1" 200 OK
api-1       | {"api_key_prefix": "evk_64f04950db0a", "duration_ms": 49.123, "event": "http_request_completed", "level": "info", "method": "GET", "outcome": "success", "path": "/api/v1/runs/264ad97f-f05f-420b-8f12-b47209e4187b", "request_id": "c4a8b51f-195e-422d-89cb-e98b00bb6e7f", "status_code": 200, "tenant_id": "327d2ffb-1823-49ee-aab0-022efdfc7324", "timestamp": "2026-08-07T11:43:42.022901Z", "trace_id": "a142997901da620ba65da115389b7b2b"}
api-1       | INFO:     172.18.0.1:40126 - "GET /api/v1/runs/264ad97f-f05f-420b-8f12-b47209e4187b/cases?limit=200&sort=case_id HTTP/1.1" 200 OK
api-1       | {"api_key_prefix": "evk_64f04950db0a", "duration_ms": 55.803, "event": "http_request_completed", "level": "info", "method": "GET", "outcome": "success", "path": "/api/v1/runs/264ad97f-f05f-420b-8f12-b47209e4187b/cases", "request_id": "505ca8d3-0682-4f2c-93fc-c6611e38d398", "status_code": 200, "tenant_id": "327d2ffb-1823-49ee-aab0-022efdfc7324", "timestamp": "2026-08-07T11:43:42.080373Z", "trace_id": "725e373fe1bb4972000f6605c0361b1e"}
api-1       | INFO:     127.0.0.1:45124 - "GET /metrics HTTP/1.1" 200 OK
api-1       | {"duration_ms": 9.295, "event": "http_request_completed", "level": "info", "method": "GET", "outcome": "success", "path": "/metrics", "request_id": "32a2ad97-e138-4935-afe8-a281b4531027", "status_code": 200, "timestamp": "2026-08-07T11:43:42.460318Z", "trace_id": "fe4ce6c798d850853a3e6b432377a245"}
api-1       | {"event": "Context impl PostgresqlImpl.", "level": "info", "request_id": "00a95b47-2799-43b8-8615-0d5b34d3ac8e", "timestamp": "2026-08-07T11:43:43.809469Z", "trace_id": "eb117d3350ef9d6507d4bb2eb111d80e"}
api-1       | {"event": "Will assume transactional DDL.", "level": "info", "request_id": "00a95b47-2799-43b8-8615-0d5b34d3ac8e", "timestamp": "2026-08-07T11:43:43.809589Z", "trace_id": "eb117d3350ef9d6507d4bb2eb111d80e"}
api-1       | INFO:     127.0.0.1:45152 - "GET /health/ready HTTP/1.1" 200 OK
api-1       | {"duration_ms": 25.166, "event": "http_request_completed", "level": "info", "method": "GET", "outcome": "success", "path": "/health/ready", "request_id": "00a95b47-2799-43b8-8615-0d5b34d3ac8e", "status_code": 200, "timestamp": "2026-08-07T11:43:43.816469Z", "trace_id": "eb117d3350ef9d6507d4bb2eb111d80e"}
api-1       | INFO:     172.18.0.1:40126 - "POST /api/v1/runs HTTP/1.1" 202 Accepted
api-1       | {"api_key_prefix": "evk_64f04950db0a", "duration_ms": 170.792, "event": "http_request_completed", "level": "info", "method": "POST", "outcome": "success", "path": "/api/v1/runs", "request_id": "57cd2d39-ca4b-43b1-a166-e1ef0fb9a5f6", "status_code": 202, "tenant_id": "327d2ffb-1823-49ee-aab0-022efdfc7324", "timestamp": "2026-08-07T11:43:44.270529Z", "trace_id": "2268a1fc6f3841c04931dd55cbf6e897"}
api-1       | INFO:     172.18.0.1:40126 - "GET /api/v1/runs/2cbe686c-8f13-4ed8-9daa-768f50fa0823 HTTP/1.1" 200 OK
api-1       | {"api_key_prefix": "evk_64f04950db0a", "duration_ms": 48.09, "event": "http_request_completed", "level": "info", "method": "GET", "outcome": "success", "path": "/api/v1/runs/2cbe686c-8f13-4ed8-9daa-768f50fa0823", "request_id": "a994cc64-8441-4557-a25b-6a2618e24b8c", "status_code": 200, "tenant_id": "327d2ffb-1823-49ee-aab0-022efdfc7324", "timestamp": "2026-08-07T11:43:44.320196Z", "trace_id": "f4ca86f3eb31e1efea47a06df903de4c"}
api-1       | INFO:     172.18.0.1:40126 - "GET /api/v1/runs/2cbe686c-8f13-4ed8-9daa-768f50fa0823 HTTP/1.1" 200 OK
api-1       | {"api_key_prefix": "evk_64f04950db0a", "duration_ms": 56.694, "event": "http_request_completed", "level": "info", "method": "GET", "outcome": "success", "path": "/api/v1/runs/2cbe686c-8f13-4ed8-9daa-768f50fa0823", "request_id": "f68fd713-e09d-4072-8483-551e081d3549", "status_code": 200, "tenant_id": "327d2ffb-1823-49ee-aab0-022efdfc7324", "timestamp": "2026-08-07T11:43:44.878989Z", "trace_id": "34a699efba83b22a9a80ef4649b69b3c"}
api-1       | {"claimed": 39, "event": "outbox_dispatch_batch_completed", "lease_lost": 0, "level": "info", "published": 39, "retry_scheduled": 0, "role": "outbox_dispatcher", "timestamp": "2026-08-07T11:43:45.099026Z"}
api-1       | INFO:     172.18.0.1:40126 - "GET /api/v1/runs/2cbe686c-8f13-4ed8-9daa-768f50fa0823 HTTP/1.1" 200 OK
api-1       | {"api_key_prefix": "evk_64f04950db0a", "duration_ms": 65.769, "event": "http_request_completed", "level": "info", "method": "GET", "outcome": "success", "path": "/api/v1/runs/2cbe686c-8f13-4ed8-9daa-768f50fa0823", "request_id": "4f1968be-9d41-4011-a765-c32a402bcd45", "status_code": 200, "tenant_id": "327d2ffb-1823-49ee-aab0-022efdfc7324", "timestamp": "2026-08-07T11:43:45.447293Z", "trace_id": "809cf77a19328fe68bf420ce5552c5e9"}
api-1       | {"claimed": 50, "event": "outbox_dispatch_batch_completed", "lease_lost": 0, "level": "info", "published": 50, "retry_scheduled": 0, "role": "outbox_dispatcher", "timestamp": "2026-08-07T11:43:45.812615Z"}
api-1       | INFO:     172.18.0.1:40126 - "GET /api/v1/runs/2cbe686c-8f13-4ed8-9daa-768f50fa0823 HTTP/1.1" 200 OK
api-1       | {"api_key_prefix": "evk_64f04950db0a", "duration_ms": 69.516, "event": "http_request_completed", "level": "info", "method": "GET", "outcome": "success", "path": "/api/v1/runs/2cbe686c-8f13-4ed8-9daa-768f50fa0823", "request_id": "6c6972d5-d684-4ca5-81b6-9705b77705b9", "status_code": 200, "tenant_id": "327d2ffb-1823-49ee-aab0-022efdfc7324", "timestamp": "2026-08-07T11:43:46.020114Z", "trace_id": "734f8c704e37c1a36472a6dbc4e83fd8"}
api-1       | {"claimed": 50, "event": "outbox_dispatch_batch_completed", "lease_lost": 0, "level": "info", "published": 50, "retry_scheduled": 0, "role": "outbox_dispatcher", "timestamp": "2026-08-07T11:43:46.512824Z"}
api-1       | INFO:     172.18.0.1:40126 - "GET /api/v1/runs/2cbe686c-8f13-4ed8-9daa-768f50fa0823 HTTP/1.1" 200 OK
api-1       | {"api_key_prefix": "evk_64f04950db0a", "duration_ms": 96.046, "event": "http_request_completed", "level": "info", "method": "GET", "outcome": "success", "path": "/api/v1/runs/2cbe686c-8f13-4ed8-9daa-768f50fa0823", "request_id": "bc67f7c6-75d2-4b68-a2f5-f5988eb6cd2e", "status_code": 200, "tenant_id": "327d2ffb-1823-49ee-aab0-022efdfc7324", "timestamp": "2026-08-07T11:43:46.619189Z", "trace_id": "3b480c87f6a330af7fc94da621b9691d"}
api-1       | {"claimed": 50, "event": "outbox_dispatch_batch_completed", "lease_lost": 0, "level": "info", "published": 50, "retry_scheduled": 0, "role": "outbox_dispatcher", "timestamp": "2026-08-07T11:43:47.275071Z"}
api-1       | INFO:     172.18.0.1:40126 - "GET /api/v1/runs/2cbe686c-8f13-4ed8-9daa-768f50fa0823 HTTP/1.1" 200 OK
api-1       | {"api_key_prefix": "evk_64f04950db0a", "duration_ms": 208.045, "event": "http_request_completed", "level": "info", "method": "GET", "outcome": "success", "path": "/api/v1/runs/2cbe686c-8f13-4ed8-9daa-768f50fa0823", "request_id": "3b0cbe90-2ce8-442e-8636-a4048d0e4a96", "status_code": 200, "tenant_id": "327d2ffb-1823-49ee-aab0-022efdfc7324", "timestamp": "2026-08-07T11:43:47.335635Z", "trace_id": "0ba38e2be8fa651e1c7d86fe1e3d3b45"}
api-1       | {"claimed": 50, "event": "outbox_dispatch_batch_completed", "lease_lost": 0, "level": "info", "published": 50, "retry_scheduled": 0, "role": "outbox_dispatcher", "timestamp": "2026-08-07T11:43:47.987890Z"}
api-1       | INFO:     172.18.0.1:40126 - "GET /api/v1/runs/2cbe686c-8f13-4ed8-9daa-768f50fa0823 HTTP/1.1" 200 OK
api-1       | {"api_key_prefix": "evk_64f04950db0a", "duration_ms": 219.255, "event": "http_request_completed", "level": "info", "method": "GET", "outcome": "success", "path": "/api/v1/runs/2cbe686c-8f13-4ed8-9daa-768f50fa0823", "request_id": "332f764f-eb55-4c75-99cf-411e9a345bb8", "status_code": 200, "tenant_id": "327d2ffb-1823-49ee-aab0-022efdfc7324", "timestamp": "2026-08-07T11:43:48.066836Z", "trace_id": "b80fc7a1a1b5124022f908e96a4fb42a"}
api-1       | {"claimed": 50, "event": "outbox_dispatch_batch_completed", "lease_lost": 0, "level": "info", "published": 50, "retry_scheduled": 0, "role": "outbox_dispatcher", "timestamp": "2026-08-07T11:43:48.767222Z"}
api-1       | INFO:     172.18.0.1:40126 - "GET /api/v1/runs/2cbe686c-8f13-4ed8-9daa-768f50fa0823 HTTP/1.1" 200 OK
api-1       | {"api_key_prefix": "evk_64f04950db0a", "duration_ms": 266.845, "event": "http_request_completed", "level": "info", "method": "GET", "outcome": "success", "path": "/api/v1/runs/2cbe686c-8f13-4ed8-9daa-768f50fa0823", "request_id": "5bf8aec1-cf9b-4e5d-9ac3-d5571d00fe47", "status_code": 200, "tenant_id": "327d2ffb-1823-49ee-aab0-022efdfc7324", "timestamp": "2026-08-07T11:43:48.854196Z", "trace_id": "47d809d4e4c03958da244def968b1264"}
api-1       | {"event": "Context impl PostgresqlImpl.", "level": "info", "request_id": "17c635d1-a9ea-4769-a7b0-956f226ab3ba", "timestamp": "2026-08-07T11:43:49.198553Z", "trace_id": "b50fa6e63310a516c72e4370a603294c"}
api-1       | {"event": "Will assume transactional DDL.", "level": "info", "request_id": "17c635d1-a9ea-4769-a7b0-956f226ab3ba", "timestamp": "2026-08-07T11:43:49.198674Z", "trace_id": "b50fa6e63310a516c72e4370a603294c"}
api-1       | INFO:     127.0.0.1:45194 - "GET /health/ready HTTP/1.1" 200 OK
api-1       | {"duration_ms": 21.854, "event": "http_request_completed", "level": "info", "method": "GET", "outcome": "success", "path": "/health/ready", "request_id": "17c635d1-a9ea-4769-a7b0-956f226ab3ba", "status_code": 200, "timestamp": "2026-08-07T11:43:49.206741Z", "trace_id": "b50fa6e63310a516c72e4370a603294c"}
api-1       | {"claimed": 50, "event": "outbox_dispatch_batch_completed", "lease_lost": 0, "level": "info", "published": 50, "retry_scheduled": 0, "role": "outbox_dispatcher", "timestamp": "2026-08-07T11:43:49.484338Z"}
api-1       | INFO:     172.18.0.1:40126 - "GET /api/v1/runs/2cbe686c-8f13-4ed8-9daa-768f50fa0823 HTTP/1.1" 200 OK
api-1       | {"api_key_prefix": "evk_64f04950db0a", "duration_ms": 168.652, "event": "http_request_completed", "level": "info", "method": "GET", "outcome": "success", "path": "/api/v1/runs/2cbe686c-8f13-4ed8-9daa-768f50fa0823", "request_id": "7fc98892-581a-4367-ab01-813d7c0074c9", "status_code": 200, "tenant_id": "327d2ffb-1823-49ee-aab0-022efdfc7324", "timestamp": "2026-08-07T11:43:49.541881Z", "trace_id": "e46721659cdc8f3f1e6e9ca780df3e7c"}
api-1       | {"claimed": 50, "event": "outbox_dispatch_batch_completed", "lease_lost": 0, "level": "info", "published": 50, "retry_scheduled": 0, "role": "outbox_dispatcher", "timestamp": "2026-08-07T11:43:50.190338Z"}
api-1       | INFO:     172.18.0.1:40126 - "GET /api/v1/runs/2cbe686c-8f13-4ed8-9daa-768f50fa0823 HTTP/1.1" 200 OK
api-1       | {"api_key_prefix": "evk_64f04950db0a", "duration_ms": 200.066, "event": "http_request_completed", "level": "info", "method": "GET", "outcome": "success", "path": "/api/v1/runs/2cbe686c-8f13-4ed8-9daa-768f50fa0823", "request_id": "fd3ac02a-c8e4-448d-a7ab-23ee35a74240", "status_code": 200, "tenant_id": "327d2ffb-1823-49ee-aab0-022efdfc7324", "timestamp": "2026-08-07T11:43:50.250785Z", "trace_id": "70b6b28eaee5b5e04faca543059cf38c"}
api-1       | {"claimed": 50, "event": "outbox_dispatch_batch_completed", "lease_lost": 0, "level": "info", "published": 50, "retry_scheduled": 0, "role": "outbox_dispatcher", "timestamp": "2026-08-07T11:43:50.926890Z"}
api-1       | INFO:     172.18.0.1:40126 - "GET /api/v1/runs/2cbe686c-8f13-4ed8-9daa-768f50fa0823 HTTP/1.1" 200 OK
api-1       | {"api_key_prefix": "evk_64f04950db0a", "duration_ms": 261.007, "event": "http_request_completed", "level": "info", "method": "GET", "outcome": "success", "path": "/api/v1/runs/2cbe686c-8f13-4ed8-9daa-768f50fa0823", "request_id": "5af34f38-02e6-4ebd-b86e-a21edffb1440", "status_code": 200, "tenant_id": "327d2ffb-1823-49ee-aab0-022efdfc7324", "timestamp": "2026-08-07T11:43:51.025275Z", "trace_id": "ffdd28b6e0e0dc8a79a5579f1fb6d52e"}
api-1       | {"claimed": 50, "event": "outbox_dispatch_batch_completed", "lease_lost": 0, "level": "info", "published": 50, "retry_scheduled": 0, "role": "outbox_dispatcher", "timestamp": "2026-08-07T11:43:51.687805Z"}
api-1       | INFO:     172.18.0.1:40126 - "GET /api/v1/runs/2cbe686c-8f13-4ed8-9daa-768f50fa0823 HTTP/1.1" 200 OK
api-1       | {"api_key_prefix": "evk_64f04950db0a", "duration_ms": 205.787, "event": "http_request_completed", "level": "info", "method": "GET", "outcome": "success", "path": "/api/v1/runs/2cbe686c-8f13-4ed8-9daa-768f50fa0823", "request_id": "86f4e7b2-fcf4-48ef-b36b-8e0521f8c6a4", "status_code": 200, "tenant_id": "327d2ffb-1823-49ee-aab0-022efdfc7324", "timestamp": "2026-08-07T11:43:51.743859Z", "trace_id": "2cf8b1ca70f467f24c40ca16b6280301"}
api-1       | {"claimed": 50, "event": "outbox_dispatch_batch_completed", "lease_lost": 0, "level": "info", "published": 50, "retry_scheduled": 0, "role": "outbox_dispatcher", "timestamp": "2026-08-07T11:43:52.334280Z"}
api-1       | INFO:     172.18.0.1:40126 - "GET /api/v1/runs/2cbe686c-8f13-4ed8-9daa-768f50fa0823 HTTP/1.1" 200 OK
api-1       | {"api_key_prefix": "evk_64f04950db0a", "duration_ms": 116.313, "event": "http_request_completed", "level": "info", "method": "GET", "outcome": "success", "path": "/api/v1/runs/2cbe686c-8f13-4ed8-9daa-768f50fa0823", "request_id": "d3109aac-27de-48f1-88f1-579cd9817182", "status_code": 200, "tenant_id": "327d2ffb-1823-49ee-aab0-022efdfc7324", "timestamp": "2026-08-07T11:43:52.387849Z", "trace_id": "4ec6f47aec92d9b4ef31d30c23670de9"}
api-1       | {"claimed": 50, "event": "outbox_dispatch_batch_completed", "lease_lost": 0, "level": "info", "published": 50, "retry_scheduled": 0, "role": "outbox_dispatcher", "timestamp": "2026-08-07T11:43:53.033827Z"}
api-1       | INFO:     172.18.0.1:40126 - "GET /api/v1/runs/2cbe686c-8f13-4ed8-9daa-768f50fa0823 HTTP/1.1" 200 OK
api-1       | {"api_key_prefix": "evk_64f04950db0a", "duration_ms": 173.749, "event": "http_request_completed", "level": "info", "method": "GET", "outcome": "success", "path": "/api/v1/runs/2cbe686c-8f13-4ed8-9daa-768f50fa0823", "request_id": "ed3eb94b-6513-48a1-a80e-91329a0237aa", "status_code": 200, "tenant_id": "327d2ffb-1823-49ee-aab0-022efdfc7324", "timestamp": "2026-08-07T11:43:53.089155Z", "trace_id": "c964b2845be610674b7b7f6ebfde927d"}
api-1       | INFO:     172.18.0.1:40126 - "GET /api/v1/runs/2cbe686c-8f13-4ed8-9daa-768f50fa0823/cases?limit=200&sort=case_id HTTP/1.1" 200 OK
api-1       | {"api_key_prefix": "evk_64f04950db0a", "duration_ms": 67.046, "event": "http_request_completed", "level": "info", "method": "GET", "outcome": "success", "path": "/api/v1/runs/2cbe686c-8f13-4ed8-9daa-768f50fa0823/cases", "request_id": "f9d27acc-ad0b-4925-babe-307d6c62c64e", "status_code": 200, "tenant_id": "327d2ffb-1823-49ee-aab0-022efdfc7324", "timestamp": "2026-08-07T11:43:53.157918Z", "trace_id": "e09f096f85a41ff17a77adaf0007bbd5"}
api-1       | INFO:     172.18.0.1:40126 - "GET /api/v1/runs/2cbe686c-8f13-4ed8-9daa-768f50fa0823/cases?limit=200&sort=case_id&cursor=eyJkaXJlY3Rpb24iOiJhc2MiLCJlcnJvcl9jb2RlIjpudWxsLCJqb2JfaWQiOiIwYWUzZGUyZC1iYTY1LTRhYTktYTVhMi1jNTgxNmI2NTQ0NmIiLCJtZXRyaWMiOm51bGwsInNvcnQiOiJjYXNlX2lkIiwic3RhdHVzIjpudWxsLCJ2IjoxLCJ2YWx1ZSI6ImxvYWQtMDE5OSJ9 HTTP/1.1" 200 OK
api-1       | {"api_key_prefix": "evk_64f04950db0a", "duration_ms": 64.767, "event": "http_request_completed", "level": "info", "method": "GET", "outcome": "success", "path": "/api/v1/runs/2cbe686c-8f13-4ed8-9daa-768f50fa0823/cases", "request_id": "e2505c47-189a-4faa-9caf-645c02bd56e2", "status_code": 200, "tenant_id": "327d2ffb-1823-49ee-aab0-022efdfc7324", "timestamp": "2026-08-07T11:43:53.225169Z", "trace_id": "67393f26d11786e2c99b714c86b99ee8"}
api-1       | INFO:     172.18.0.1:40126 - "GET /api/v1/runs/2cbe686c-8f13-4ed8-9daa-768f50fa0823/cases?limit=200&sort=case_id&cursor=eyJkaXJlY3Rpb24iOiJhc2MiLCJlcnJvcl9jb2RlIjpudWxsLCJqb2JfaWQiOiIyODdmZWQwYy03MTNjLTRlMjUtYTYwYy1mMzYxMjI2M2JhMzkiLCJtZXRyaWMiOm51bGwsInNvcnQiOiJjYXNlX2lkIiwic3RhdHVzIjpudWxsLCJ2IjoxLCJ2YWx1ZSI6ImxvYWQtMDM5OSJ9 HTTP/1.1" 200 OK
api-1       | {"api_key_prefix": "evk_64f04950db0a", "duration_ms": 59.159, "event": "http_request_completed", "level": "info", "method": "GET", "outcome": "success", "path": "/api/v1/runs/2cbe686c-8f13-4ed8-9daa-768f50fa0823/cases", "request_id": "014f8630-3e4f-4449-bcf9-c9f21c8d6b8a", "status_code": 200, "tenant_id": "327d2ffb-1823-49ee-aab0-022efdfc7324", "timestamp": "2026-08-07T11:43:53.286647Z", "trace_id": "55bb408e031a2db5488b3d263ce607f6"}
api-1       | INFO:     127.0.0.1:52092 - "GET /metrics HTTP/1.1" 200 OK
api-1       | {"duration_ms": 52.326, "event": "http_request_completed", "level": "info", "method": "GET", "outcome": "success", "path": "/metrics", "request_id": "7789c39a-bdff-441d-8038-b0d32d0ed884", "status_code": 200, "timestamp": "2026-08-07T11:43:53.796811Z", "trace_id": "93a92fa4ebdfde24d199c7dd4826a54d"}
api-1       | {"claimed": 50, "event": "outbox_dispatch_batch_completed", "lease_lost": 0, "level": "info", "published": 50, "retry_scheduled": 0, "role": "outbox_dispatcher", "timestamp": "2026-08-07T11:43:53.801693Z"}
api-1       | {"claimed": 50, "event": "outbox_dispatch_batch_completed", "lease_lost": 0, "level": "info", "published": 50, "retry_scheduled": 0, "role": "outbox_dispatcher", "timestamp": "2026-08-07T11:43:54.668766Z"}
api-1       | {"event": "Context impl PostgresqlImpl.", "level": "info", "request_id": "a721ccdd-f0b2-4d43-a452-8ea26411845d", "timestamp": "2026-08-07T11:43:54.746920Z", "trace_id": "1964fb5933d7f4f85c8245356e685943"}
api-1       | {"event": "Will assume transactional DDL.", "level": "info", "request_id": "a721ccdd-f0b2-4d43-a452-8ea26411845d", "timestamp": "2026-08-07T11:43:54.747075Z", "trace_id": "1964fb5933d7f4f85c8245356e685943"}
api-1       | INFO:     127.0.0.1:52098 - "GET /health/ready HTTP/1.1" 200 OK
api-1       | {"duration_ms": 24.694, "event": "http_request_completed", "level": "info", "method": "GET", "outcome": "success", "path": "/health/ready", "request_id": "a721ccdd-f0b2-4d43-a452-8ea26411845d", "status_code": 200, "timestamp": "2026-08-07T11:43:54.753512Z", "trace_id": "1964fb5933d7f4f85c8245356e685943"}
api-1       | {"claimed": 50, "event": "outbox_dispatch_batch_completed", "lease_lost": 0, "level": "info", "published": 50, "retry_scheduled": 0, "role": "outbox_dispatcher", "timestamp": "2026-08-07T11:43:55.335167Z"}
api-1       | {"claimed": 50, "event": "outbox_dispatch_batch_completed", "lease_lost": 0, "level": "info", "published": 50, "retry_scheduled": 0, "role": "outbox_dispatcher", "timestamp": "2026-08-07T11:43:55.984195Z"}
api-1       | {"claimed": 50, "event": "outbox_dispatch_batch_completed", "lease_lost": 0, "level": "info", "published": 50, "retry_scheduled": 0, "role": "outbox_dispatcher", "timestamp": "2026-08-07T11:43:56.660975Z"}
api-1       | {"claimed": 50, "event": "outbox_dispatch_batch_completed", "lease_lost": 0, "level": "info", "published": 50, "retry_scheduled": 0, "role": "outbox_dispatcher", "timestamp": "2026-08-07T11:43:57.365565Z"}
api-1       | {"claimed": 50, "event": "outbox_dispatch_batch_completed", "lease_lost": 0, "level": "info", "published": 50, "retry_scheduled": 0, "role": "outbox_dispatcher", "timestamp": "2026-08-07T11:43:58.061688Z"}
api-1       | {"claimed": 50, "event": "outbox_dispatch_batch_completed", "lease_lost": 0, "level": "info", "published": 50, "retry_scheduled": 0, "role": "outbox_dispatcher", "timestamp": "2026-08-07T11:43:58.764511Z"}
api-1       | {"claimed": 50, "event": "outbox_dispatch_batch_completed", "lease_lost": 0, "level": "info", "published": 50, "retry_scheduled": 0, "role": "outbox_dispatcher", "timestamp": "2026-08-07T11:43:59.463930Z"}
api-1       | {"claimed": 13, "event": "outbox_dispatch_batch_completed", "lease_lost": 0, "level": "info", "published": 13, "retry_scheduled": 0, "role": "outbox_dispatcher", "timestamp": "2026-08-07T11:44:00.147497Z"}
api-1       | {"event": "Context impl PostgresqlImpl.", "level": "info", "request_id": "1556fe04-f255-46d9-8452-9292db0ff3f0", "timestamp": "2026-08-07T11:44:00.156834Z", "trace_id": "1ce854b5cfb9a29068c69a4d3a97f42a"}
api-1       | {"event": "Will assume transactional DDL.", "level": "info", "request_id": "1556fe04-f255-46d9-8452-9292db0ff3f0", "timestamp": "2026-08-07T11:44:00.156971Z", "trace_id": "1ce854b5cfb9a29068c69a4d3a97f42a"}
api-1       | INFO:     127.0.0.1:52120 - "GET /health/ready HTTP/1.1" 200 OK
api-1       | {"duration_ms": 79.271, "event": "http_request_completed", "level": "info", "method": "GET", "outcome": "success", "path": "/health/ready", "request_id": "1556fe04-f255-46d9-8452-9292db0ff3f0", "status_code": 200, "timestamp": "2026-08-07T11:44:00.162527Z", "trace_id": "1ce854b5cfb9a29068c69a4d3a97f42a"}
api-1       | INFO:     172.18.0.1:54278 - "POST /api/v1/runs HTTP/1.1" 202 Accepted
api-1       | {"api_key_prefix": "evk_64f04950db0a", "duration_ms": 93.049, "event": "http_request_completed", "level": "info", "method": "POST", "outcome": "success", "path": "/api/v1/runs", "request_id": "372eeca5-7c69-40b4-b3dd-1747bcb3290c", "status_code": 202, "tenant_id": "327d2ffb-1823-49ee-aab0-022efdfc7324", "timestamp": "2026-08-07T11:44:01.045643Z", "trace_id": "4ec3b17de434d22d25bb31162a077ede"}
api-1       | INFO:     172.18.0.1:54278 - "GET /api/v1/runs/96993200-37bd-4124-9cd7-ce1934d12dbd HTTP/1.1" 200 OK
api-1       | {"api_key_prefix": "evk_64f04950db0a", "duration_ms": 53.579, "event": "http_request_completed", "level": "info", "method": "GET", "outcome": "success", "path": "/api/v1/runs/96993200-37bd-4124-9cd7-ce1934d12dbd", "request_id": "4ead6ded-94f8-42c0-97ce-f845fb76f1f7", "status_code": 200, "tenant_id": "327d2ffb-1823-49ee-aab0-022efdfc7324", "timestamp": "2026-08-07T11:44:01.100933Z", "trace_id": "ba60374a91600b21714c72dc7b2cb0ce"}
api-1       | INFO:     172.18.0.1:54278 - "GET /api/v1/runs/96993200-37bd-4124-9cd7-ce1934d12dbd HTTP/1.1" 200 OK
api-1       | {"api_key_prefix": "evk_64f04950db0a", "duration_ms": 65.631, "event": "http_request_completed", "level": "info", "method": "GET", "outcome": "success", "path": "/api/v1/runs/96993200-37bd-4124-9cd7-ce1934d12dbd", "request_id": "0530a422-13d0-4b92-83ef-b22f7d28c447", "status_code": 200, "tenant_id": "327d2ffb-1823-49ee-aab0-022efdfc7324", "timestamp": "2026-08-07T11:44:01.669262Z", "trace_id": "76305cb4d6aee82b6af9339e0c6b32fd"}
api-1       | {"claimed": 13, "event": "outbox_dispatch_batch_completed", "lease_lost": 0, "level": "info", "published": 13, "retry_scheduled": 0, "role": "outbox_dispatcher", "timestamp": "2026-08-07T11:44:01.767326Z"}
api-1       | INFO:     172.18.0.1:54278 - "GET /api/v1/runs/96993200-37bd-4124-9cd7-ce1934d12dbd HTTP/1.1" 200 OK
api-1       | {"api_key_prefix": "evk_64f04950db0a", "duration_ms": 53.304, "event": "http_request_completed", "level": "info", "method": "GET", "outcome": "success", "path": "/api/v1/runs/96993200-37bd-4124-9cd7-ce1934d12dbd", "request_id": "70183890-d15b-45b9-bf23-b9918a4b3ab1", "status_code": 200, "tenant_id": "327d2ffb-1823-49ee-aab0-022efdfc7324", "timestamp": "2026-08-07T11:44:02.225504Z", "trace_id": "3b7aa105ac9767623413de7695d21ad3"}
api-1       | {"claimed": 50, "event": "outbox_dispatch_batch_completed", "lease_lost": 0, "level": "info", "published": 50, "retry_scheduled": 0, "role": "outbox_dispatcher", "timestamp": "2026-08-07T11:44:02.463484Z"}
api-1       | INFO:     172.18.0.1:54278 - "GET /api/v1/runs/96993200-37bd-4124-9cd7-ce1934d12dbd HTTP/1.1" 200 OK
api-1       | {"api_key_prefix": "evk_64f04950db0a", "duration_ms": 54.603, "event": "http_request_completed", "level": "info", "method": "GET", "outcome": "success", "path": "/api/v1/runs/96993200-37bd-4124-9cd7-ce1934d12dbd", "request_id": "b4a4b917-a19e-4f15-ba55-1ba11d54d371", "status_code": 200, "tenant_id": "327d2ffb-1823-49ee-aab0-022efdfc7324", "timestamp": "2026-08-07T11:44:02.782834Z", "trace_id": "311892bee1e5dddc7ed8d2b5f123f0fd"}
api-1       | {"claimed": 38, "event": "outbox_dispatch_batch_completed", "lease_lost": 0, "level": "info", "published": 38, "retry_scheduled": 0, "role": "outbox_dispatcher", "timestamp": "2026-08-07T11:44:03.093120Z"}
api-1       | INFO:     172.18.0.1:54278 - "GET /api/v1/runs/96993200-37bd-4124-9cd7-ce1934d12dbd HTTP/1.1" 200 OK
api-1       | {"api_key_prefix": "evk_64f04950db0a", "duration_ms": 53.477, "event": "http_request_completed", "level": "info", "method": "GET", "outcome": "success", "path": "/api/v1/runs/96993200-37bd-4124-9cd7-ce1934d12dbd", "request_id": "99b3cf61-2891-4d00-b7d3-4461e1c2d1e1", "status_code": 200, "tenant_id": "327d2ffb-1823-49ee-aab0-022efdfc7324", "timestamp": "2026-08-07T11:44:03.338860Z", "trace_id": "ad4ffe57c612c53fd0daa847c8d8cecf"}
api-1       | INFO:     172.18.0.1:54278 - "GET /api/v1/runs/96993200-37bd-4124-9cd7-ce1934d12dbd/cases?limit=200&sort=case_id HTTP/1.1" 200 OK
api-1       | {"api_key_prefix": "evk_64f04950db0a", "duration_ms": 59.093, "event": "http_request_completed", "level": "info", "method": "GET", "outcome": "success", "path": "/api/v1/runs/96993200-37bd-4124-9cd7-ce1934d12dbd/cases", "request_id": "dab263c4-1e27-42ba-831e-ad2d220975d9", "status_code": 200, "tenant_id": "327d2ffb-1823-49ee-aab0-022efdfc7324", "timestamp": "2026-08-07T11:44:03.399642Z", "trace_id": "0f4fdd2a7125007d928ed74dbfc5a363"}
api-1       | {"claimed": 5, "event": "outbox_dispatch_batch_completed", "lease_lost": 0, "level": "info", "published": 5, "retry_scheduled": 0, "role": "outbox_dispatcher", "timestamp": "2026-08-07T11:44:03.609861Z"}
api-1       | INFO:     127.0.0.1:54224 - "GET /metrics HTTP/1.1" 200 OK
api-1       | {"duration_ms": 9.809, "event": "http_request_completed", "level": "info", "method": "GET", "outcome": "success", "path": "/metrics", "request_id": "dca61602-b004-4e53-9440-ac5541ab4788", "status_code": 200, "timestamp": "2026-08-07T11:44:03.787259Z", "trace_id": "8c660f710b059664a7a51ffdf9390a5d"}
api-1       | INFO:     172.18.0.1:54278 - "POST /api/v1/runs HTTP/1.1" 202 Accepted
api-1       | {"api_key_prefix": "evk_64f04950db0a", "duration_ms": 229.712, "event": "http_request_completed", "level": "info", "method": "POST", "outcome": "success", "path": "/api/v1/runs", "request_id": "6b564bca-6cec-462c-9804-420b1a77a59c", "status_code": 202, "tenant_id": "327d2ffb-1823-49ee-aab0-022efdfc7324", "timestamp": "2026-08-07T11:44:04.858673Z", "trace_id": "6d1309799a78e9f19c672ebfad325eb1"}
api-1       | INFO:     172.18.0.1:54278 - "GET /api/v1/runs/68ed5e76-c5a9-4f80-9d41-66731022677a HTTP/1.1" 200 OK
api-1       | {"api_key_prefix": "evk_64f04950db0a", "duration_ms": 49.38, "event": "http_request_completed", "level": "info", "method": "GET", "outcome": "success", "path": "/api/v1/runs/68ed5e76-c5a9-4f80-9d41-66731022677a", "request_id": "84aadb1b-a5ed-4b9c-b54c-a048ae752e41", "status_code": 200, "tenant_id": "327d2ffb-1823-49ee-aab0-022efdfc7324", "timestamp": "2026-08-07T11:44:04.909903Z", "trace_id": "a23eb5b4b0ce8d46f5a581544560b7d3"}
api-1       | INFO:     172.18.0.1:54278 - "GET /api/v1/runs/68ed5e76-c5a9-4f80-9d41-66731022677a HTTP/1.1" 200 OK
api-1       | {"api_key_prefix": "evk_64f04950db0a", "duration_ms": 66.109, "event": "http_request_completed", "level": "info", "method": "GET", "outcome": "success", "path": "/api/v1/runs/68ed5e76-c5a9-4f80-9d41-66731022677a", "request_id": "95d41516-c070-419a-b61b-ae93fbd93eaf", "status_code": 200, "tenant_id": "327d2ffb-1823-49ee-aab0-022efdfc7324", "timestamp": "2026-08-07T11:44:05.478846Z", "trace_id": "91583a5197e5622bb9095f16d924d43b"}
api-1       | {"event": "Context impl PostgresqlImpl.", "level": "info", "request_id": "b0189b8b-3149-4f90-9212-d9b9796a1354", "timestamp": "2026-08-07T11:44:05.481906Z", "trace_id": "1e4ac723c9a466fa81c32b24ab27139d"}
api-1       | {"event": "Will assume transactional DDL.", "level": "info", "request_id": "b0189b8b-3149-4f90-9212-d9b9796a1354", "timestamp": "2026-08-07T11:44:05.482040Z", "trace_id": "1e4ac723c9a466fa81c32b24ab27139d"}
api-1       | INFO:     127.0.0.1:54238 - "GET /health/ready HTTP/1.1" 200 OK
api-1       | {"duration_ms": 32.284, "event": "http_request_completed", "level": "info", "method": "GET", "outcome": "success", "path": "/health/ready", "request_id": "b0189b8b-3149-4f90-9212-d9b9796a1354", "status_code": 200, "timestamp": "2026-08-07T11:44:05.487933Z", "trace_id": "1e4ac723c9a466fa81c32b24ab27139d"}
api-1       | {"claimed": 41, "event": "outbox_dispatch_batch_completed", "lease_lost": 0, "level": "info", "published": 41, "retry_scheduled": 0, "role": "outbox_dispatcher", "timestamp": "2026-08-07T11:44:05.797764Z"}
api-1       | INFO:     172.18.0.1:54278 - "GET /api/v1/runs/68ed5e76-c5a9-4f80-9d41-66731022677a HTTP/1.1" 200 OK
api-1       | {"api_key_prefix": "evk_64f04950db0a", "duration_ms": 59.131, "event": "http_request_completed", "level": "info", "method": "GET", "outcome": "success", "path": "/api/v1/runs/68ed5e76-c5a9-4f80-9d41-66731022677a", "request_id": "d24a4942-5184-43eb-8b82-78c9c47a191f", "status_code": 200, "tenant_id": "327d2ffb-1823-49ee-aab0-022efdfc7324", "timestamp": "2026-08-07T11:44:06.040685Z", "trace_id": "0574553b5639aa2090766df7d48b35f7"}
api-1       | {"claimed": 50, "event": "outbox_dispatch_batch_completed", "lease_lost": 0, "level": "info", "published": 50, "retry_scheduled": 0, "role": "outbox_dispatcher", "timestamp": "2026-08-07T11:44:06.494833Z"}
api-1       | INFO:     172.18.0.1:54278 - "GET /api/v1/runs/68ed5e76-c5a9-4f80-9d41-66731022677a HTTP/1.1" 200 OK
api-1       | {"api_key_prefix": "evk_64f04950db0a", "duration_ms": 60.835, "event": "http_request_completed", "level": "info", "method": "GET", "outcome": "success", "path": "/api/v1/runs/68ed5e76-c5a9-4f80-9d41-66731022677a", "request_id": "03b3fda0-e4b7-4ea2-92f3-396caaf70bcd", "status_code": 200, "tenant_id": "327d2ffb-1823-49ee-aab0-022efdfc7324", "timestamp": "2026-08-07T11:44:06.604228Z", "trace_id": "8b37c9f2aec1a280e9ab46e9adeaecab"}
api-1       | {"claimed": 50, "event": "outbox_dispatch_batch_completed", "lease_lost": 0, "level": "info", "published": 50, "retry_scheduled": 0, "role": "outbox_dispatcher", "timestamp": "2026-08-07T11:44:07.182797Z"}
api-1       | INFO:     172.18.0.1:54278 - "GET /api/v1/runs/68ed5e76-c5a9-4f80-9d41-66731022677a HTTP/1.1" 200 OK
api-1       | {"api_key_prefix": "evk_64f04950db0a", "duration_ms": 129.753, "event": "http_request_completed", "level": "info", "method": "GET", "outcome": "success", "path": "/api/v1/runs/68ed5e76-c5a9-4f80-9d41-66731022677a", "request_id": "77680595-e593-4be2-aafc-f5d4318c59b5", "status_code": 200, "tenant_id": "327d2ffb-1823-49ee-aab0-022efdfc7324", "timestamp": "2026-08-07T11:44:07.240439Z", "trace_id": "013584e8098e15d88a4bad409e5bed84"}
api-1       | {"claimed": 50, "event": "outbox_dispatch_batch_completed", "lease_lost": 0, "level": "info", "published": 50, "retry_scheduled": 0, "role": "outbox_dispatcher", "timestamp": "2026-08-07T11:44:07.881698Z"}
api-1       | INFO:     172.18.0.1:54278 - "GET /api/v1/runs/68ed5e76-c5a9-4f80-9d41-66731022677a HTTP/1.1" 200 OK
api-1       | {"api_key_prefix": "evk_64f04950db0a", "duration_ms": 189.433, "event": "http_request_completed", "level": "info", "method": "GET", "outcome": "success", "path": "/api/v1/runs/68ed5e76-c5a9-4f80-9d41-66731022677a", "request_id": "1f6c1285-edb5-429d-94ff-da8d6923b852", "status_code": 200, "tenant_id": "327d2ffb-1823-49ee-aab0-022efdfc7324", "timestamp": "2026-08-07T11:44:07.935156Z", "trace_id": "a3d9e878cbea1320bdd072a109f5fdcb"}
api-1       | {"claimed": 50, "event": "outbox_dispatch_batch_completed", "lease_lost": 0, "level": "info", "published": 50, "retry_scheduled": 0, "role": "outbox_dispatcher", "timestamp": "2026-08-07T11:44:08.661527Z"}
api-1       | INFO:     172.18.0.1:54278 - "GET /api/v1/runs/68ed5e76-c5a9-4f80-9d41-66731022677a HTTP/1.1" 200 OK
api-1       | {"api_key_prefix": "evk_64f04950db0a", "duration_ms": 285.583, "event": "http_request_completed", "level": "info", "method": "GET", "outcome": "success", "path": "/api/v1/runs/68ed5e76-c5a9-4f80-9d41-66731022677a", "request_id": "921615e7-18fa-484b-9880-67828539a8c8", "status_code": 200, "tenant_id": "327d2ffb-1823-49ee-aab0-022efdfc7324", "timestamp": "2026-08-07T11:44:08.726830Z", "trace_id": "0549ed8a9a5e24dbea2113021add5a1a"}
api-1       | {"claimed": 50, "event": "outbox_dispatch_batch_completed", "lease_lost": 0, "level": "info", "published": 50, "retry_scheduled": 0, "role": "outbox_dispatcher", "timestamp": "2026-08-07T11:44:09.421259Z"}
api-1       | INFO:     172.18.0.1:54278 - "GET /api/v1/runs/68ed5e76-c5a9-4f80-9d41-66731022677a HTTP/1.1" 200 OK
api-1       | {"api_key_prefix": "evk_64f04950db0a", "duration_ms": 210.065, "event": "http_request_completed", "level": "info", "method": "GET", "outcome": "success", "path": "/api/v1/runs/68ed5e76-c5a9-4f80-9d41-66731022677a", "request_id": "ca6b6190-0dfb-4484-b422-dcb04abe9b4f", "status_code": 200, "tenant_id": "327d2ffb-1823-49ee-aab0-022efdfc7324", "timestamp": "2026-08-07T11:44:09.487638Z", "trace_id": "364e0a7d1572242b6310307856dcb5e5"}
api-1       | {"claimed": 50, "event": "outbox_dispatch_batch_completed", "lease_lost": 0, "level": "info", "published": 50, "retry_scheduled": 0, "role": "outbox_dispatcher", "timestamp": "2026-08-07T11:44:10.099699Z"}
api-1       | INFO:     172.18.0.1:54278 - "GET /api/v1/runs/68ed5e76-c5a9-4f80-9d41-66731022677a HTTP/1.1" 200 OK
api-1       | {"api_key_prefix": "evk_64f04950db0a", "duration_ms": 154.224, "event": "http_request_completed", "level": "info", "method": "GET", "outcome": "success", "path": "/api/v1/runs/68ed5e76-c5a9-4f80-9d41-66731022677a", "request_id": "1a3b904f-fee3-428d-90d3-fda1da055890", "status_code": 200, "tenant_id": "327d2ffb-1823-49ee-aab0-022efdfc7324", "timestamp": "2026-08-07T11:44:10.152856Z", "trace_id": "cadab02afe63ff45f84486b5a9975179"}
api-1       | {"claimed": 50, "event": "outbox_dispatch_batch_completed", "lease_lost": 0, "level": "info", "published": 50, "retry_scheduled": 0, "role": "outbox_dispatcher", "timestamp": "2026-08-07T11:44:10.928158Z"}
api-1       | INFO:     172.18.0.1:54278 - "GET /api/v1/runs/68ed5e76-c5a9-4f80-9d41-66731022677a HTTP/1.1" 200 OK
api-1       | {"api_key_prefix": "evk_64f04950db0a", "duration_ms": 375.715, "event": "http_request_completed", "level": "info", "method": "GET", "outcome": "success", "path": "/api/v1/runs/68ed5e76-c5a9-4f80-9d41-66731022677a", "request_id": "d9335ecf-cee1-473e-85a9-ea016a706aa8", "status_code": 200, "tenant_id": "327d2ffb-1823-49ee-aab0-022efdfc7324", "timestamp": "2026-08-07T11:44:11.037472Z", "trace_id": "f096d30a11bc4512d667b71e3f2230fd"}
api-1       | {"event": "Context impl PostgresqlImpl.", "level": "info", "request_id": "38d269d5-b8da-4186-9d9b-8cfdb4f3e109", "timestamp": "2026-08-07T11:44:11.057383Z", "trace_id": "4eb0f97a2e8b94f9282d97f2db2b94ef"}
api-1       | {"event": "Will assume transactional DDL.", "level": "info", "request_id": "38d269d5-b8da-4186-9d9b-8cfdb4f3e109", "timestamp": "2026-08-07T11:44:11.057503Z", "trace_id": "4eb0f97a2e8b94f9282d97f2db2b94ef"}
api-1       | INFO:     127.0.0.1:54266 - "GET /health/ready HTTP/1.1" 200 OK
api-1       | {"duration_ms": 23.195, "event": "http_request_completed", "level": "info", "method": "GET", "outcome": "success", "path": "/health/ready", "request_id": "38d269d5-b8da-4186-9d9b-8cfdb4f3e109", "status_code": 200, "timestamp": "2026-08-07T11:44:11.065172Z", "trace_id": "4eb0f97a2e8b94f9282d97f2db2b94ef"}
api-1       | {"claimed": 50, "event": "outbox_dispatch_batch_completed", "lease_lost": 0, "level": "info", "published": 50, "retry_scheduled": 0, "role": "outbox_dispatcher", "timestamp": "2026-08-07T11:44:11.610660Z"}
api-1       | INFO:     172.18.0.1:54278 - "GET /api/v1/runs/68ed5e76-c5a9-4f80-9d41-66731022677a HTTP/1.1" 200 OK
api-1       | {"api_key_prefix": "evk_64f04950db0a", "duration_ms": 189.456, "event": "http_request_completed", "level": "info", "method": "GET", "outcome": "success", "path": "/api/v1/runs/68ed5e76-c5a9-4f80-9d41-66731022677a", "request_id": "816249bb-652f-412d-9b50-abc86042c8ee", "status_code": 200, "tenant_id": "327d2ffb-1823-49ee-aab0-022efdfc7324", "timestamp": "2026-08-07T11:44:11.738872Z", "trace_id": "b3bb61501d4e2ed3c814edc5f2893664"}
api-1       | {"claimed": 50, "event": "outbox_dispatch_batch_completed", "lease_lost": 0, "level": "info", "published": 50, "retry_scheduled": 0, "role": "outbox_dispatcher", "timestamp": "2026-08-07T11:44:12.293640Z"}
api-1       | INFO:     172.18.0.1:54278 - "GET /api/v1/runs/68ed5e76-c5a9-4f80-9d41-66731022677a HTTP/1.1" 200 OK
api-1       | {"api_key_prefix": "evk_64f04950db0a", "duration_ms": 105.203, "event": "http_request_completed", "level": "info", "method": "GET", "outcome": "success", "path": "/api/v1/runs/68ed5e76-c5a9-4f80-9d41-66731022677a", "request_id": "14179359-a4c2-42b6-be95-579faf88a06b", "status_code": 200, "tenant_id": "327d2ffb-1823-49ee-aab0-022efdfc7324", "timestamp": "2026-08-07T11:44:12.352733Z", "trace_id": "bc6230ecf64493089af6bb89e5c7fca2"}
api-1       | {"claimed": 50, "event": "outbox_dispatch_batch_completed", "lease_lost": 0, "level": "info", "published": 50, "retry_scheduled": 0, "role": "outbox_dispatcher", "timestamp": "2026-08-07T11:44:12.967452Z"}
api-1       | INFO:     172.18.0.1:54278 - "GET /api/v1/runs/68ed5e76-c5a9-4f80-9d41-66731022677a HTTP/1.1" 200 OK
api-1       | {"api_key_prefix": "evk_64f04950db0a", "duration_ms": 167.232, "event": "http_request_completed", "level": "info", "method": "GET", "outcome": "success", "path": "/api/v1/runs/68ed5e76-c5a9-4f80-9d41-66731022677a", "request_id": "2cc14ac0-6e90-4215-b9ce-3db1642844be", "status_code": 200, "tenant_id": "327d2ffb-1823-49ee-aab0-022efdfc7324", "timestamp": "2026-08-07T11:44:13.027699Z", "trace_id": "41799ce181d407dad45af57ef333d5c7"}
api-1       | {"claimed": 50, "event": "outbox_dispatch_batch_completed", "lease_lost": 0, "level": "info", "published": 50, "retry_scheduled": 0, "role": "outbox_dispatcher", "timestamp": "2026-08-07T11:44:13.649851Z"}
api-1       | INFO:     172.18.0.1:54278 - "GET /api/v1/runs/68ed5e76-c5a9-4f80-9d41-66731022677a HTTP/1.1" 200 OK
api-1       | {"api_key_prefix": "evk_64f04950db0a", "duration_ms": 145.299, "event": "http_request_completed", "level": "info", "method": "GET", "outcome": "success", "path": "/api/v1/runs/68ed5e76-c5a9-4f80-9d41-66731022677a", "request_id": "74e66a94-714c-4e8b-90ca-41f4bc94d0a9", "status_code": 200, "tenant_id": "327d2ffb-1823-49ee-aab0-022efdfc7324", "timestamp": "2026-08-07T11:44:13.677483Z", "trace_id": "77cc19e3410e831c75cf9871e1db61d7"}
api-1       | {"claimed": 50, "event": "outbox_dispatch_batch_completed", "lease_lost": 0, "level": "info", "published": 50, "retry_scheduled": 0, "role": "outbox_dispatcher", "timestamp": "2026-08-07T11:44:14.318791Z"}
api-1       | INFO:     172.18.0.1:54278 - "GET /api/v1/runs/68ed5e76-c5a9-4f80-9d41-66731022677a HTTP/1.1" 200 OK
api-1       | {"api_key_prefix": "evk_64f04950db0a", "duration_ms": 162.937, "event": "http_request_completed", "level": "info", "method": "GET", "outcome": "success", "path": "/api/v1/runs/68ed5e76-c5a9-4f80-9d41-66731022677a", "request_id": "d271b0a9-1446-4a98-9653-8f97586fe1e9", "status_code": 200, "tenant_id": "327d2ffb-1823-49ee-aab0-022efdfc7324", "timestamp": "2026-08-07T11:44:14.372543Z", "trace_id": "9e47627e6330851e95d0b4464c68b1a1"}
api-1       | {"claimed": 50, "event": "outbox_dispatch_batch_completed", "lease_lost": 0, "level": "info", "published": 50, "retry_scheduled": 0, "role": "outbox_dispatcher", "timestamp": "2026-08-07T11:44:15.065682Z"}
api-1       | INFO:     172.18.0.1:54278 - "GET /api/v1/runs/68ed5e76-c5a9-4f80-9d41-66731022677a HTTP/1.1" 200 OK
api-1       | {"api_key_prefix": "evk_64f04950db0a", "duration_ms": 158.269, "event": "http_request_completed", "level": "info", "method": "GET", "outcome": "success", "path": "/api/v1/runs/68ed5e76-c5a9-4f80-9d41-66731022677a", "request_id": "95f8fd48-9316-4cf2-b1b2-0458d513647f", "status_code": 200, "tenant_id": "327d2ffb-1823-49ee-aab0-022efdfc7324", "timestamp": "2026-08-07T11:44:15.085511Z", "trace_id": "5784c07c91f4afe03fa46c340db8d1cf"}
api-1       | {"claimed": 50, "event": "outbox_dispatch_batch_completed", "lease_lost": 0, "level": "info", "published": 50, "retry_scheduled": 0, "role": "outbox_dispatcher", "timestamp": "2026-08-07T11:44:15.769472Z"}
api-1       | INFO:     172.18.0.1:54278 - "GET /api/v1/runs/68ed5e76-c5a9-4f80-9d41-66731022677a HTTP/1.1" 200 OK
api-1       | {"api_key_prefix": "evk_64f04950db0a", "duration_ms": 197.014, "event": "http_request_completed", "level": "info", "method": "GET", "outcome": "success", "path": "/api/v1/runs/68ed5e76-c5a9-4f80-9d41-66731022677a", "request_id": "97041886-19ad-4d22-869e-c1b82e61bc0d", "status_code": 200, "tenant_id": "327d2ffb-1823-49ee-aab0-022efdfc7324", "timestamp": "2026-08-07T11:44:15.827320Z", "trace_id": "f34ad8ea08b4e9751e92816adbd6799b"}
api-1       | {"event": "Context impl PostgresqlImpl.", "level": "info", "request_id": "036e67a5-eb8e-400a-8cc7-5fdc2f5464ed", "timestamp": "2026-08-07T11:44:16.544789Z", "trace_id": "e5d142463162eddb7664fae0fdb3669c"}
api-1       | {"event": "Will assume transactional DDL.", "level": "info", "request_id": "036e67a5-eb8e-400a-8cc7-5fdc2f5464ed", "timestamp": "2026-08-07T11:44:16.544962Z", "trace_id": "e5d142463162eddb7664fae0fdb3669c"}
api-1       | {"claimed": 50, "event": "outbox_dispatch_batch_completed", "lease_lost": 0, "level": "info", "published": 50, "retry_scheduled": 0, "role": "outbox_dispatcher", "timestamp": "2026-08-07T11:44:16.565289Z"}
api-1       | INFO:     127.0.0.1:38594 - "GET /health/ready HTTP/1.1" 200 OK
api-1       | {"duration_ms": 105.985, "event": "http_request_completed", "level": "info", "method": "GET", "outcome": "success", "path": "/health/ready", "request_id": "036e67a5-eb8e-400a-8cc7-5fdc2f5464ed", "status_code": 200, "timestamp": "2026-08-07T11:44:16.566340Z", "trace_id": "e5d142463162eddb7664fae0fdb3669c"}
api-1       | INFO:     172.18.0.1:54278 - "GET /api/v1/runs/68ed5e76-c5a9-4f80-9d41-66731022677a HTTP/1.1" 200 OK
api-1       | {"api_key_prefix": "evk_64f04950db0a", "duration_ms": 260.662, "event": "http_request_completed", "level": "info", "method": "GET", "outcome": "success", "path": "/api/v1/runs/68ed5e76-c5a9-4f80-9d41-66731022677a", "request_id": "4e8726c2-a0e7-414d-959d-7ee7933ab8c6", "status_code": 200, "tenant_id": "327d2ffb-1823-49ee-aab0-022efdfc7324", "timestamp": "2026-08-07T11:44:16.613563Z", "trace_id": "2be961a8e10a4ac23b9c2f061743e78a"}
api-1       | {"claimed": 50, "event": "outbox_dispatch_batch_completed", "lease_lost": 0, "level": "info", "published": 50, "retry_scheduled": 0, "role": "outbox_dispatcher", "timestamp": "2026-08-07T11:44:17.226240Z"}
api-1       | INFO:     172.18.0.1:54278 - "GET /api/v1/runs/68ed5e76-c5a9-4f80-9d41-66731022677a HTTP/1.1" 200 OK
api-1       | {"api_key_prefix": "evk_64f04950db0a", "duration_ms": 154.27, "event": "http_request_completed", "level": "info", "method": "GET", "outcome": "success", "path": "/api/v1/runs/68ed5e76-c5a9-4f80-9d41-66731022677a", "request_id": "e0b89c75-c88e-49a9-b91c-4bf16e2ce622", "status_code": 200, "tenant_id": "327d2ffb-1823-49ee-aab0-022efdfc7324", "timestamp": "2026-08-07T11:44:17.279149Z", "trace_id": "cb64bcb01c15bcf5ef741d3dc66c472f"}
api-1       | {"claimed": 50, "event": "outbox_dispatch_batch_completed", "lease_lost": 0, "level": "info", "published": 50, "retry_scheduled": 0, "role": "outbox_dispatcher", "timestamp": "2026-08-07T11:44:17.872443Z"}
api-1       | INFO:     172.18.0.1:54278 - "GET /api/v1/runs/68ed5e76-c5a9-4f80-9d41-66731022677a HTTP/1.1" 200 OK
api-1       | {"api_key_prefix": "evk_64f04950db0a", "duration_ms": 140.18, "event": "http_request_completed", "level": "info", "method": "GET", "outcome": "success", "path": "/api/v1/runs/68ed5e76-c5a9-4f80-9d41-66731022677a", "request_id": "675d397d-17b5-42de-bdf1-33ebe982273a", "status_code": 200, "tenant_id": "327d2ffb-1823-49ee-aab0-022efdfc7324", "timestamp": "2026-08-07T11:44:17.924225Z", "trace_id": "4361f8bab0c6314ecb4d8a9a42f930cc"}
api-1       | {"claimed": 50, "event": "outbox_dispatch_batch_completed", "lease_lost": 0, "level": "info", "published": 50, "retry_scheduled": 0, "role": "outbox_dispatcher", "timestamp": "2026-08-07T11:44:18.567021Z"}
api-1       | INFO:     172.18.0.1:54278 - "GET /api/v1/runs/68ed5e76-c5a9-4f80-9d41-66731022677a HTTP/1.1" 200 OK
api-1       | {"api_key_prefix": "evk_64f04950db0a", "duration_ms": 179.649, "event": "http_request_completed", "level": "info", "method": "GET", "outcome": "success", "path": "/api/v1/runs/68ed5e76-c5a9-4f80-9d41-66731022677a", "request_id": "5c062b1d-dbc1-45d4-895e-5ddc35200e18", "status_code": 200, "tenant_id": "327d2ffb-1823-49ee-aab0-022efdfc7324", "timestamp": "2026-08-07T11:44:18.619493Z", "trace_id": "08c94cac7485d7b9ef0661123bec801f"}
api-1       | INFO:     172.18.0.1:54278 - "GET /api/v1/runs/68ed5e76-c5a9-4f80-9d41-66731022677a/cases?limit=200&sort=case_id HTTP/1.1" 200 OK
api-1       | {"api_key_prefix": "evk_64f04950db0a", "duration_ms": 69.573, "event": "http_request_completed", "level": "info", "method": "GET", "outcome": "success", "path": "/api/v1/runs/68ed5e76-c5a9-4f80-9d41-66731022677a/cases", "request_id": "c3c8a415-c397-431e-a292-bb6e9247c1ae", "status_code": 200, "tenant_id": "327d2ffb-1823-49ee-aab0-022efdfc7324", "timestamp": "2026-08-07T11:44:18.690731Z", "trace_id": "1a4d3dc79fb322ec63b9f2be2b9013e0"}
api-1       | INFO:     172.18.0.1:54278 - "GET /api/v1/runs/68ed5e76-c5a9-4f80-9d41-66731022677a/cases?limit=200&sort=case_id&cursor=eyJkaXJlY3Rpb24iOiJhc2MiLCJlcnJvcl9jb2RlIjpudWxsLCJqb2JfaWQiOiI5ZGU0YTFiYi03ZmY1LTQzYjMtYmRmMS0zNTQyNzYwMDc0MDkiLCJtZXRyaWMiOm51bGwsInNvcnQiOiJjYXNlX2lkIiwic3RhdHVzIjpudWxsLCJ2IjoxLCJ2YWx1ZSI6ImxvYWQtMDE5OSJ9 HTTP/1.1" 200 OK
api-1       | {"api_key_prefix": "evk_64f04950db0a", "duration_ms": 66.265, "event": "http_request_completed", "level": "info", "method": "GET", "outcome": "success", "path": "/api/v1/runs/68ed5e76-c5a9-4f80-9d41-66731022677a/cases", "request_id": "edb6818c-c7c2-4a0f-b4d7-604bd0c9c3c6", "status_code": 200, "tenant_id": "327d2ffb-1823-49ee-aab0-022efdfc7324", "timestamp": "2026-08-07T11:44:18.759571Z", "trace_id": "ea9d843af26365d86d29ffad7c95ce96"}
api-1       | INFO:     172.18.0.1:54278 - "GET /api/v1/runs/68ed5e76-c5a9-4f80-9d41-66731022677a/cases?limit=200&sort=case_id&cursor=eyJkaXJlY3Rpb24iOiJhc2MiLCJlcnJvcl9jb2RlIjpudWxsLCJqb2JfaWQiOiIyMjZlMDRmOC1hOWU3LTQ3Y2UtOWIwNS03MjZkMjNjY2I0NDUiLCJtZXRyaWMiOm51bGwsInNvcnQiOiJjYXNlX2lkIiwic3RhdHVzIjpudWxsLCJ2IjoxLCJ2YWx1ZSI6ImxvYWQtMDM5OSJ9 HTTP/1.1" 200 OK
api-1       | {"api_key_prefix": "evk_64f04950db0a", "duration_ms": 58.965, "event": "http_request_completed", "level": "info", "method": "GET", "outcome": "success", "path": "/api/v1/runs/68ed5e76-c5a9-4f80-9d41-66731022677a/cases", "request_id": "2bb317a6-5d28-4c8b-8832-914d4df79098", "status_code": 200, "tenant_id": "327d2ffb-1823-49ee-aab0-022efdfc7324", "timestamp": "2026-08-07T11:44:18.820786Z", "trace_id": "8f3fac93335c6cf3bcfe60588d6eded1"}
api-1       | INFO:     127.0.0.1:38602 - "GET /metrics HTTP/1.1" 200 OK
api-1       | {"duration_ms": 78.69, "event": "http_request_completed", "level": "info", "method": "GET", "outcome": "success", "path": "/metrics", "request_id": "8d378c86-ad4e-4f36-b389-7df820e40376", "status_code": 200, "timestamp": "2026-08-07T11:44:19.349654Z", "trace_id": "2363a48e1770a8a64efc185ded73b4e5"}
api-1       | {"claimed": 50, "event": "outbox_dispatch_batch_completed", "lease_lost": 0, "level": "info", "published": 50, "retry_scheduled": 0, "role": "outbox_dispatcher", "timestamp": "2026-08-07T11:44:19.354953Z"}
api-1       | {"claimed": 50, "event": "outbox_dispatch_batch_completed", "lease_lost": 0, "level": "info", "published": 50, "retry_scheduled": 0, "role": "outbox_dispatcher", "timestamp": "2026-08-07T11:44:20.093860Z"}
api-1       | {"claimed": 11, "event": "outbox_dispatch_batch_completed", "lease_lost": 0, "level": "info", "published": 11, "retry_scheduled": 0, "role": "outbox_dispatcher", "timestamp": "2026-08-07T11:44:20.651486Z"}
api-1       | {"event": "Context impl PostgresqlImpl.", "level": "info", "request_id": "5cc017b1-c4de-4465-89b4-ae8b84e3f11e", "timestamp": "2026-08-07T11:44:21.850519Z", "trace_id": "1127b687700c70b2cd3e7ffd043f5d02"}
api-1       | {"event": "Will assume transactional DDL.", "level": "info", "request_id": "5cc017b1-c4de-4465-89b4-ae8b84e3f11e", "timestamp": "2026-08-07T11:44:21.850635Z", "trace_id": "1127b687700c70b2cd3e7ffd043f5d02"}
api-1       | INFO:     127.0.0.1:38622 - "GET /health/ready HTTP/1.1" 200 OK
api-1       | {"duration_ms": 19.41, "event": "http_request_completed", "level": "info", "method": "GET", "outcome": "success", "path": "/health/ready", "request_id": "5cc017b1-c4de-4465-89b4-ae8b84e3f11e", "status_code": 200, "timestamp": "2026-08-07T11:44:21.855998Z", "trace_id": "1127b687700c70b2cd3e7ffd043f5d02"}
api-1       | INFO:     172.18.0.1:56192 - "POST /api/v1/runs HTTP/1.1" 202 Accepted
api-1       | {"api_key_prefix": "evk_64f04950db0a", "duration_ms": 107.742, "event": "http_request_completed", "level": "info", "method": "POST", "outcome": "success", "path": "/api/v1/runs", "request_id": "3729199f-988c-4303-bbf2-ddf6e7e417b0", "status_code": 202, "tenant_id": "327d2ffb-1823-49ee-aab0-022efdfc7324", "timestamp": "2026-08-07T11:44:24.699287Z", "trace_id": "309cae1405ad567eec0f054df99b96f3"}
api-1       | INFO:     172.18.0.1:56192 - "GET /api/v1/runs/d7c70ea2-e367-4efb-9dd5-24584fb4e47c HTTP/1.1" 200 OK
api-1       | {"api_key_prefix": "evk_64f04950db0a", "duration_ms": 66.239, "event": "http_request_completed", "level": "info", "method": "GET", "outcome": "success", "path": "/api/v1/runs/d7c70ea2-e367-4efb-9dd5-24584fb4e47c", "request_id": "80556989-bb50-43f9-a02a-6ff154faaec9", "status_code": 200, "tenant_id": "327d2ffb-1823-49ee-aab0-022efdfc7324", "timestamp": "2026-08-07T11:44:24.768566Z", "trace_id": "b5bfa972207574d329f3761f4ce2d051"}
api-1       | {"claimed": 38, "event": "outbox_dispatch_batch_completed", "lease_lost": 0, "level": "info", "published": 38, "retry_scheduled": 0, "role": "outbox_dispatcher", "timestamp": "2026-08-07T11:44:25.439817Z"}
api-1       | INFO:     172.18.0.1:56192 - "GET /api/v1/runs/d7c70ea2-e367-4efb-9dd5-24584fb4e47c HTTP/1.1" 200 OK
api-1       | {"api_key_prefix": "evk_64f04950db0a", "duration_ms": 240.608, "event": "http_request_completed", "level": "info", "method": "GET", "outcome": "success", "path": "/api/v1/runs/d7c70ea2-e367-4efb-9dd5-24584fb4e47c", "request_id": "2840db69-0f57-417b-86a7-4133a814b4c5", "status_code": 200, "tenant_id": "327d2ffb-1823-49ee-aab0-022efdfc7324", "timestamp": "2026-08-07T11:44:25.515744Z", "trace_id": "b094fce60e37684b9f4f123a43505891"}
api-1       | {"claimed": 50, "event": "outbox_dispatch_batch_completed", "lease_lost": 0, "level": "info", "published": 50, "retry_scheduled": 0, "role": "outbox_dispatcher", "timestamp": "2026-08-07T11:44:26.096644Z"}
api-1       | INFO:     172.18.0.1:56192 - "GET /api/v1/runs/d7c70ea2-e367-4efb-9dd5-24584fb4e47c HTTP/1.1" 200 OK
api-1       | {"api_key_prefix": "evk_64f04950db0a", "duration_ms": 117.158, "event": "http_request_completed", "level": "info", "method": "GET", "outcome": "success", "path": "/api/v1/runs/d7c70ea2-e367-4efb-9dd5-24584fb4e47c", "request_id": "17285bf6-ea93-446c-a45f-713d307c052c", "status_code": 200, "tenant_id": "327d2ffb-1823-49ee-aab0-022efdfc7324", "timestamp": "2026-08-07T11:44:26.146832Z", "trace_id": "18f2cde36dc4fb673243858c3d5e66e7"}
api-1       | {"claimed": 15, "event": "outbox_dispatch_batch_completed", "lease_lost": 0, "level": "info", "published": 15, "retry_scheduled": 0, "role": "outbox_dispatcher", "timestamp": "2026-08-07T11:44:26.689672Z"}
api-1       | INFO:     172.18.0.1:56192 - "GET /api/v1/runs/d7c70ea2-e367-4efb-9dd5-24584fb4e47c HTTP/1.1" 200 OK
api-1       | {"api_key_prefix": "evk_64f04950db0a", "duration_ms": 69.125, "event": "http_request_completed", "level": "info", "method": "GET", "outcome": "success", "path": "/api/v1/runs/d7c70ea2-e367-4efb-9dd5-24584fb4e47c", "request_id": "e1d46079-fdc7-414d-8133-0bb1f8d23f69", "status_code": 200, "tenant_id": "327d2ffb-1823-49ee-aab0-022efdfc7324", "timestamp": "2026-08-07T11:44:26.728843Z", "trace_id": "480ef7af2284aba4dd5e11b91a6955be"}
api-1       | {"event": "Context impl PostgresqlImpl.", "level": "info", "request_id": "6e82fea2-0c34-4f6d-8f80-9e879dd9a57b", "timestamp": "2026-08-07T11:44:27.130279Z", "trace_id": "56adbbe0bada93d86536ec8e81700c52"}
api-1       | {"event": "Will assume transactional DDL.", "level": "info", "request_id": "6e82fea2-0c34-4f6d-8f80-9e879dd9a57b", "timestamp": "2026-08-07T11:44:27.130413Z", "trace_id": "56adbbe0bada93d86536ec8e81700c52"}
api-1       | INFO:     127.0.0.1:56938 - "GET /health/ready HTTP/1.1" 200 OK
api-1       | {"duration_ms": 19.969, "event": "http_request_completed", "level": "info", "method": "GET", "outcome": "success", "path": "/health/ready", "request_id": "6e82fea2-0c34-4f6d-8f80-9e879dd9a57b", "status_code": 200, "timestamp": "2026-08-07T11:44:27.135592Z", "trace_id": "56adbbe0bada93d86536ec8e81700c52"}
api-1       | {"claimed": 3, "event": "outbox_dispatch_batch_completed", "lease_lost": 0, "level": "info", "published": 3, "retry_scheduled": 0, "role": "outbox_dispatcher", "timestamp": "2026-08-07T11:44:27.202807Z"}
api-1       | INFO:     172.18.0.1:56192 - "GET /api/v1/runs/d7c70ea2-e367-4efb-9dd5-24584fb4e47c HTTP/1.1" 200 OK
api-1       | {"api_key_prefix": "evk_64f04950db0a", "duration_ms": 49.48, "event": "http_request_completed", "level": "info", "method": "GET", "outcome": "success", "path": "/api/v1/runs/d7c70ea2-e367-4efb-9dd5-24584fb4e47c", "request_id": "8fd716d3-8355-47d5-8175-d4f84d0c3762", "status_code": 200, "tenant_id": "327d2ffb-1823-49ee-aab0-022efdfc7324", "timestamp": "2026-08-07T11:44:27.280821Z", "trace_id": "5c51c895a7fb677eda10cde53ab04870"}
api-1       | INFO:     172.18.0.1:56192 - "GET /api/v1/runs/d7c70ea2-e367-4efb-9dd5-24584fb4e47c/cases?limit=200&sort=case_id HTTP/1.1" 200 OK
api-1       | {"api_key_prefix": "evk_64f04950db0a", "duration_ms": 56.578, "event": "http_request_completed", "level": "info", "method": "GET", "outcome": "success", "path": "/api/v1/runs/d7c70ea2-e367-4efb-9dd5-24584fb4e47c/cases", "request_id": "5935a0bd-1f2a-4ae2-a94b-1b45866b4602", "status_code": 200, "tenant_id": "327d2ffb-1823-49ee-aab0-022efdfc7324", "timestamp": "2026-08-07T11:44:27.339037Z", "trace_id": "a30e89373418bfddd29fc43d992242d8"}
api-1       | INFO:     127.0.0.1:56950 - "GET /metrics HTTP/1.1" 200 OK
api-1       | {"duration_ms": 9.914, "event": "http_request_completed", "level": "info", "method": "GET", "outcome": "success", "path": "/metrics", "request_id": "488cb73c-219d-414e-88ac-f4cf933d977c", "status_code": 200, "timestamp": "2026-08-07T11:44:27.720589Z", "trace_id": "42f6d7f1dad776c3562a6af64e9cd3f4"}
api-1       | INFO:     172.18.0.1:56192 - "POST /api/v1/runs HTTP/1.1" 202 Accepted
api-1       | {"api_key_prefix": "evk_64f04950db0a", "duration_ms": 241.125, "event": "http_request_completed", "level": "info", "method": "POST", "outcome": "success", "path": "/api/v1/runs", "request_id": "09806352-10de-4252-94fc-7770be9e2138", "status_code": 202, "tenant_id": "327d2ffb-1823-49ee-aab0-022efdfc7324", "timestamp": "2026-08-07T11:44:29.353038Z", "trace_id": "565365a99791f92a9987933bbd03048c"}
api-1       | INFO:     172.18.0.1:56192 - "GET /api/v1/runs/a47dde31-b91a-4c53-9bc6-265a02583c7b HTTP/1.1" 200 OK
api-1       | {"api_key_prefix": "evk_64f04950db0a", "duration_ms": 56.909, "event": "http_request_completed", "level": "info", "method": "GET", "outcome": "success", "path": "/api/v1/runs/a47dde31-b91a-4c53-9bc6-265a02583c7b", "request_id": "275bcbd7-661e-48b1-b207-96306c760e2c", "status_code": 200, "tenant_id": "327d2ffb-1823-49ee-aab0-022efdfc7324", "timestamp": "2026-08-07T11:44:29.411948Z", "trace_id": "b8a507f728dff53c1a07969363fc00c7"}
api-1       | {"claimed": 36, "event": "outbox_dispatch_batch_completed", "lease_lost": 0, "level": "info", "published": 36, "retry_scheduled": 0, "role": "outbox_dispatcher", "timestamp": "2026-08-07T11:44:29.918710Z"}
api-1       | INFO:     172.18.0.1:56192 - "GET /api/v1/runs/a47dde31-b91a-4c53-9bc6-265a02583c7b HTTP/1.1" 200 OK
api-1       | {"api_key_prefix": "evk_64f04950db0a", "duration_ms": 129.585, "event": "http_request_completed", "level": "info", "method": "GET", "outcome": "success", "path": "/api/v1/runs/a47dde31-b91a-4c53-9bc6-265a02583c7b", "request_id": "28227d3e-95d7-4003-b7c6-f7e01152f63e", "status_code": 200, "tenant_id": "327d2ffb-1823-49ee-aab0-022efdfc7324", "timestamp": "2026-08-07T11:44:30.046069Z", "trace_id": "55465d72c26ca9fa515a7acf6aeae5de"}
api-1       | {"claimed": 50, "event": "outbox_dispatch_batch_completed", "lease_lost": 0, "level": "info", "published": 50, "retry_scheduled": 0, "role": "outbox_dispatcher", "timestamp": "2026-08-07T11:44:30.628719Z"}
api-1       | INFO:     172.18.0.1:56192 - "GET /api/v1/runs/a47dde31-b91a-4c53-9bc6-265a02583c7b HTTP/1.1" 200 OK
api-1       | {"api_key_prefix": "evk_64f04950db0a", "duration_ms": 133.343, "event": "http_request_completed", "level": "info", "method": "GET", "outcome": "success", "path": "/api/v1/runs/a47dde31-b91a-4c53-9bc6-265a02583c7b", "request_id": "a22f6006-5f8c-48da-a423-2d9b2890db7f", "status_code": 200, "tenant_id": "327d2ffb-1823-49ee-aab0-022efdfc7324", "timestamp": "2026-08-07T11:44:30.682213Z", "trace_id": "c25e29ee9d1b344a33c73a0659014013"}
api-1       | {"claimed": 50, "event": "outbox_dispatch_batch_completed", "lease_lost": 0, "level": "info", "published": 50, "retry_scheduled": 0, "role": "outbox_dispatcher", "timestamp": "2026-08-07T11:44:31.324894Z"}
api-1       | INFO:     172.18.0.1:56192 - "GET /api/v1/runs/a47dde31-b91a-4c53-9bc6-265a02583c7b HTTP/1.1" 200 OK
api-1       | {"api_key_prefix": "evk_64f04950db0a", "duration_ms": 199.011, "event": "http_request_completed", "level": "info", "method": "GET", "outcome": "success", "path": "/api/v1/runs/a47dde31-b91a-4c53-9bc6-265a02583c7b", "request_id": "614614d5-e4a2-4a99-9732-4603c1b633de", "status_code": 200, "tenant_id": "327d2ffb-1823-49ee-aab0-022efdfc7324", "timestamp": "2026-08-07T11:44:31.388822Z", "trace_id": "641cd0fc1a55a6fffc39a92debb29dd5"}
api-1       | {"claimed": 50, "event": "outbox_dispatch_batch_completed", "lease_lost": 0, "level": "info", "published": 50, "retry_scheduled": 0, "role": "outbox_dispatcher", "timestamp": "2026-08-07T11:44:32.095262Z"}
api-1       | INFO:     172.18.0.1:56192 - "GET /api/v1/runs/a47dde31-b91a-4c53-9bc6-265a02583c7b HTTP/1.1" 200 OK
api-1       | {"api_key_prefix": "evk_64f04950db0a", "duration_ms": 271.604, "event": "http_request_completed", "level": "info", "method": "GET", "outcome": "success", "path": "/api/v1/runs/a47dde31-b91a-4c53-9bc6-265a02583c7b", "request_id": "8249392a-0605-45c1-b7a8-2e7cb5a8fa3e", "status_code": 200, "tenant_id": "327d2ffb-1823-49ee-aab0-022efdfc7324", "timestamp": "2026-08-07T11:44:32.176751Z", "trace_id": "0f31a058b440e9f54b70751034c21d35"}
api-1       | {"event": "Context impl PostgresqlImpl.", "level": "info", "request_id": "e5ddd9db-93cf-4183-bb87-6fa410b93e38", "timestamp": "2026-08-07T11:44:32.505363Z", "trace_id": "351d8fa8e24d4dece377124295a767c3"}
api-1       | {"event": "Will assume transactional DDL.", "level": "info", "request_id": "e5ddd9db-93cf-4183-bb87-6fa410b93e38", "timestamp": "2026-08-07T11:44:32.505514Z", "trace_id": "351d8fa8e24d4dece377124295a767c3"}
api-1       | INFO:     127.0.0.1:51662 - "GET /health/ready HTTP/1.1" 200 OK
api-1       | {"duration_ms": 27.301, "event": "http_request_completed", "level": "info", "method": "GET", "outcome": "success", "path": "/health/ready", "request_id": "e5ddd9db-93cf-4183-bb87-6fa410b93e38", "status_code": 200, "timestamp": "2026-08-07T11:44:32.514943Z", "trace_id": "351d8fa8e24d4dece377124295a767c3"}
api-1       | {"claimed": 50, "event": "outbox_dispatch_batch_completed", "lease_lost": 0, "level": "info", "published": 50, "retry_scheduled": 0, "role": "outbox_dispatcher", "timestamp": "2026-08-07T11:44:32.829806Z"}
api-1       | INFO:     172.18.0.1:56192 - "GET /api/v1/runs/a47dde31-b91a-4c53-9bc6-265a02583c7b HTTP/1.1" 200 OK
api-1       | {"api_key_prefix": "evk_64f04950db0a", "duration_ms": 221.396, "event": "http_request_completed", "level": "info", "method": "GET", "outcome": "success", "path": "/api/v1/runs/a47dde31-b91a-4c53-9bc6-265a02583c7b", "request_id": "c2b7e305-d357-4ea0-b530-16506dfd0931", "status_code": 200, "tenant_id": "327d2ffb-1823-49ee-aab0-022efdfc7324", "timestamp": "2026-08-07T11:44:32.921322Z", "trace_id": "eb971770a9d57749aa233942ea60634c"}
api-1       | {"claimed": 50, "event": "outbox_dispatch_batch_completed", "lease_lost": 0, "level": "info", "published": 50, "retry_scheduled": 0, "role": "outbox_dispatcher", "timestamp": "2026-08-07T11:44:33.528398Z"}
api-1       | INFO:     172.18.0.1:56192 - "GET /api/v1/runs/a47dde31-b91a-4c53-9bc6-265a02583c7b HTTP/1.1" 200 OK
api-1       | {"api_key_prefix": "evk_64f04950db0a", "duration_ms": 140.688, "event": "http_request_completed", "level": "info", "method": "GET", "outcome": "success", "path": "/api/v1/runs/a47dde31-b91a-4c53-9bc6-265a02583c7b", "request_id": "4fc5b585-2450-4fbd-8af3-ef650e31989d", "status_code": 200, "tenant_id": "327d2ffb-1823-49ee-aab0-022efdfc7324", "timestamp": "2026-08-07T11:44:33.583587Z", "trace_id": "3406d81fcdfa540f3654f31e1b23d242"}
api-1       | {"claimed": 50, "event": "outbox_dispatch_batch_completed", "lease_lost": 0, "level": "info", "published": 50, "retry_scheduled": 0, "role": "outbox_dispatcher", "timestamp": "2026-08-07T11:44:34.278029Z"}
api-1       | INFO:     172.18.0.1:56192 - "GET /api/v1/runs/a47dde31-b91a-4c53-9bc6-265a02583c7b HTTP/1.1" 200 OK
api-1       | {"api_key_prefix": "evk_64f04950db0a", "duration_ms": 258.71, "event": "http_request_completed", "level": "info", "method": "GET", "outcome": "success", "path": "/api/v1/runs/a47dde31-b91a-4c53-9bc6-265a02583c7b", "request_id": "5dfcc2ee-326d-4c05-a353-3bd2589e2dff", "status_code": 200, "tenant_id": "327d2ffb-1823-49ee-aab0-022efdfc7324", "timestamp": "2026-08-07T11:44:34.365536Z", "trace_id": "4554007f9946e1002f3d7578b7e95843"}
api-1       | {"claimed": 50, "event": "outbox_dispatch_batch_completed", "lease_lost": 0, "level": "info", "published": 50, "retry_scheduled": 0, "role": "outbox_dispatcher", "timestamp": "2026-08-07T11:44:35.073144Z"}
api-1       | INFO:     172.18.0.1:56192 - "GET /api/v1/runs/a47dde31-b91a-4c53-9bc6-265a02583c7b HTTP/1.1" 200 OK
api-1       | {"api_key_prefix": "evk_64f04950db0a", "duration_ms": 216.73, "event": "http_request_completed", "level": "info", "method": "GET", "outcome": "success", "path": "/api/v1/runs/a47dde31-b91a-4c53-9bc6-265a02583c7b", "request_id": "c2489983-c917-401b-ad7d-d99a31b03f1d", "status_code": 200, "tenant_id": "327d2ffb-1823-49ee-aab0-022efdfc7324", "timestamp": "2026-08-07T11:44:35.096424Z", "trace_id": "c5ab8cc05798936e64b408ded4da3216"}
api-1       | {"claimed": 50, "event": "outbox_dispatch_batch_completed", "lease_lost": 0, "level": "info", "published": 50, "retry_scheduled": 0, "role": "outbox_dispatcher", "timestamp": "2026-08-07T11:44:35.872868Z"}
api-1       | INFO:     172.18.0.1:56192 - "GET /api/v1/runs/a47dde31-b91a-4c53-9bc6-265a02583c7b HTTP/1.1" 200 OK
api-1       | {"api_key_prefix": "evk_64f04950db0a", "duration_ms": 273.718, "event": "http_request_completed", "level": "info", "method": "GET", "outcome": "success", "path": "/api/v1/runs/a47dde31-b91a-4c53-9bc6-265a02583c7b", "request_id": "476591d7-d2a2-49af-8a1b-a37ff084f1b2", "status_code": 200, "tenant_id": "327d2ffb-1823-49ee-aab0-022efdfc7324", "timestamp": "2026-08-07T11:44:35.938020Z", "trace_id": "659946e2052105f5ed69d2f8a5ee2283"}
api-1       | {"claimed": 50, "event": "outbox_dispatch_batch_completed", "lease_lost": 0, "level": "info", "published": 50, "retry_scheduled": 0, "role": "outbox_dispatcher", "timestamp": "2026-08-07T11:44:36.585105Z"}
api-1       | INFO:     172.18.0.1:56192 - "GET /api/v1/runs/a47dde31-b91a-4c53-9bc6-265a02583c7b HTTP/1.1" 200 OK
api-1       | {"api_key_prefix": "evk_64f04950db0a", "duration_ms": 203.692, "event": "http_request_completed", "level": "info", "method": "GET", "outcome": "success", "path": "/api/v1/runs/a47dde31-b91a-4c53-9bc6-265a02583c7b", "request_id": "37808e96-bdb5-40b5-9901-477feeb703fa", "status_code": 200, "tenant_id": "327d2ffb-1823-49ee-aab0-022efdfc7324", "timestamp": "2026-08-07T11:44:36.644928Z", "trace_id": "e25a0aae9cdec532bc7ac416012425eb"}
api-1       | {"claimed": 50, "event": "outbox_dispatch_batch_completed", "lease_lost": 0, "level": "info", "published": 50, "retry_scheduled": 0, "role": "outbox_dispatcher", "timestamp": "2026-08-07T11:44:37.231594Z"}
api-1       | INFO:     172.18.0.1:56192 - "GET /api/v1/runs/a47dde31-b91a-4c53-9bc6-265a02583c7b HTTP/1.1" 200 OK
api-1       | {"api_key_prefix": "evk_64f04950db0a", "duration_ms": 121.502, "event": "http_request_completed", "level": "info", "method": "GET", "outcome": "success", "path": "/api/v1/runs/a47dde31-b91a-4c53-9bc6-265a02583c7b", "request_id": "28f486de-7bc7-4266-b187-25d2d03e09db", "status_code": 200, "tenant_id": "327d2ffb-1823-49ee-aab0-022efdfc7324", "timestamp": "2026-08-07T11:44:37.282817Z", "trace_id": "1604c673e5fdf38ac5622a741f7d374a"}
api-1       | {"event": "Context impl PostgresqlImpl.", "level": "info", "request_id": "a4a3e898-c863-4193-bdb1-b240efe99800", "timestamp": "2026-08-07T11:44:37.938503Z", "trace_id": "2e98f5d0cd77693e4a39e502cd358f0f"}
api-1       | {"event": "Will assume transactional DDL.", "level": "info", "request_id": "a4a3e898-c863-4193-bdb1-b240efe99800", "timestamp": "2026-08-07T11:44:37.938619Z", "trace_id": "2e98f5d0cd77693e4a39e502cd358f0f"}
api-1       | INFO:     127.0.0.1:51702 - "GET /health/ready HTTP/1.1" 200 OK
api-1       | {"duration_ms": 91.068, "event": "http_request_completed", "level": "info", "method": "GET", "outcome": "success", "path": "/health/ready", "request_id": "a4a3e898-c863-4193-bdb1-b240efe99800", "status_code": 200, "timestamp": "2026-08-07T11:44:37.973230Z", "trace_id": "2e98f5d0cd77693e4a39e502cd358f0f"}
api-1       | {"claimed": 50, "event": "outbox_dispatch_batch_completed", "lease_lost": 0, "level": "info", "published": 50, "retry_scheduled": 0, "role": "outbox_dispatcher", "timestamp": "2026-08-07T11:44:37.974178Z"}
api-1       | INFO:     172.18.0.1:56192 - "GET /api/v1/runs/a47dde31-b91a-4c53-9bc6-265a02583c7b HTTP/1.1" 200 OK
api-1       | {"api_key_prefix": "evk_64f04950db0a", "duration_ms": 198.048, "event": "http_request_completed", "level": "info", "method": "GET", "outcome": "success", "path": "/api/v1/runs/a47dde31-b91a-4c53-9bc6-265a02583c7b", "request_id": "012ee848-ecd2-4d3e-9710-bfb5d241b0a6", "status_code": 200, "tenant_id": "327d2ffb-1823-49ee-aab0-022efdfc7324", "timestamp": "2026-08-07T11:44:38.028655Z", "trace_id": "740bdfac1ec43cf84a0345e942a3d647"}
api-1       | INFO:     172.18.0.1:56192 - "GET /api/v1/runs/a47dde31-b91a-4c53-9bc6-265a02583c7b/cases?limit=200&sort=case_id HTTP/1.1" 200 OK
api-1       | {"api_key_prefix": "evk_64f04950db0a", "duration_ms": 69.331, "event": "http_request_completed", "level": "info", "method": "GET", "outcome": "success", "path": "/api/v1/runs/a47dde31-b91a-4c53-9bc6-265a02583c7b/cases", "request_id": "671f5655-ac97-4d8a-b1d5-105854134d09", "status_code": 200, "tenant_id": "327d2ffb-1823-49ee-aab0-022efdfc7324", "timestamp": "2026-08-07T11:44:38.099681Z", "trace_id": "c7c891ce2332787b283b2c1db2c9cc18"}
api-1       | INFO:     172.18.0.1:56192 - "GET /api/v1/runs/a47dde31-b91a-4c53-9bc6-265a02583c7b/cases?limit=200&sort=case_id&cursor=eyJkaXJlY3Rpb24iOiJhc2MiLCJlcnJvcl9jb2RlIjpudWxsLCJqb2JfaWQiOiI2OWM4MDM3OC1mZDIxLTQ3YmEtYjA5Ny0wMzQxNTIzMzEzYWMiLCJtZXRyaWMiOm51bGwsInNvcnQiOiJjYXNlX2lkIiwic3RhdHVzIjpudWxsLCJ2IjoxLCJ2YWx1ZSI6ImxvYWQtMDE5OSJ9 HTTP/1.1" 200 OK
api-1       | {"api_key_prefix": "evk_64f04950db0a", "duration_ms": 65.968, "event": "http_request_completed", "level": "info", "method": "GET", "outcome": "success", "path": "/api/v1/runs/a47dde31-b91a-4c53-9bc6-265a02583c7b/cases", "request_id": "b7ae8659-080e-43c9-ae0e-c710b05a99b8", "status_code": 200, "tenant_id": "327d2ffb-1823-49ee-aab0-022efdfc7324", "timestamp": "2026-08-07T11:44:38.168658Z", "trace_id": "288b9a2ee08fa4364f40dd1b3b24104d"}
api-1       | INFO:     172.18.0.1:56192 - "GET /api/v1/runs/a47dde31-b91a-4c53-9bc6-265a02583c7b/cases?limit=200&sort=case_id&cursor=eyJkaXJlY3Rpb24iOiJhc2MiLCJlcnJvcl9jb2RlIjpudWxsLCJqb2JfaWQiOiIwNDQ1ZjY1NC1iYjYxLTQ2NTItYTQxZC04NzkzMjBhMTg4MTQiLCJtZXRyaWMiOm51bGwsInNvcnQiOiJjYXNlX2lkIiwic3RhdHVzIjpudWxsLCJ2IjoxLCJ2YWx1ZSI6ImxvYWQtMDM5OSJ9 HTTP/1.1" 200 OK
api-1       | {"api_key_prefix": "evk_64f04950db0a", "duration_ms": 56.779, "event": "http_request_completed", "level": "info", "method": "GET", "outcome": "success", "path": "/api/v1/runs/a47dde31-b91a-4c53-9bc6-265a02583c7b/cases", "request_id": "7f6d0f05-224c-4ff5-9c12-80adf5df4ba9", "status_code": 200, "tenant_id": "327d2ffb-1823-49ee-aab0-022efdfc7324", "timestamp": "2026-08-07T11:44:38.227953Z", "trace_id": "fbc911e03665fd71c41c4db88e229450"}
api-1       | {"claimed": 50, "event": "outbox_dispatch_batch_completed", "lease_lost": 0, "level": "info", "published": 50, "retry_scheduled": 0, "role": "outbox_dispatcher", "timestamp": "2026-08-07T11:44:38.754500Z"}
api-1       | INFO:     127.0.0.1:51716 - "GET /metrics HTTP/1.1" 200 OK
api-1       | {"duration_ms": 89.345, "event": "http_request_completed", "level": "info", "method": "GET", "outcome": "success", "path": "/metrics", "request_id": "69f96e85-442b-48cb-8ca1-353ec2442d55", "status_code": 200, "timestamp": "2026-08-07T11:44:38.760625Z", "trace_id": "aa9c6ade1952ffee0fae86fd1e6bb1b4"}
api-1       | {"claimed": 50, "event": "outbox_dispatch_batch_completed", "lease_lost": 0, "level": "info", "published": 50, "retry_scheduled": 0, "role": "outbox_dispatcher", "timestamp": "2026-08-07T11:44:39.428511Z"}
api-1       | {"claimed": 50, "event": "outbox_dispatch_batch_completed", "lease_lost": 0, "level": "info", "published": 50, "retry_scheduled": 0, "role": "outbox_dispatcher", "timestamp": "2026-08-07T11:44:40.163091Z"}
api-1       | {"claimed": 50, "event": "outbox_dispatch_batch_completed", "lease_lost": 0, "level": "info", "published": 50, "retry_scheduled": 0, "role": "outbox_dispatcher", "timestamp": "2026-08-07T11:44:40.800989Z"}
api-1       | {"claimed": 50, "event": "outbox_dispatch_batch_completed", "lease_lost": 0, "level": "info", "published": 50, "retry_scheduled": 0, "role": "outbox_dispatcher", "timestamp": "2026-08-07T11:44:41.465035Z"}
api-1       | {"claimed": 50, "event": "outbox_dispatch_batch_completed", "lease_lost": 0, "level": "info", "published": 50, "retry_scheduled": 0, "role": "outbox_dispatcher", "timestamp": "2026-08-07T11:44:42.112637Z"}
api-1       | {"claimed": 50, "event": "outbox_dispatch_batch_completed", "lease_lost": 0, "level": "info", "published": 50, "retry_scheduled": 0, "role": "outbox_dispatcher", "timestamp": "2026-08-07T11:44:42.770007Z"}
api-1       | {"event": "Context impl PostgresqlImpl.", "level": "info", "request_id": "aed3883e-8256-4c63-a060-c38468e60e32", "timestamp": "2026-08-07T11:44:43.505016Z", "trace_id": "7cca42bc31a6132b7f78c7fdf16c66b3"}
api-1       | {"event": "Will assume transactional DDL.", "level": "info", "request_id": "aed3883e-8256-4c63-a060-c38468e60e32", "timestamp": "2026-08-07T11:44:43.505153Z", "trace_id": "7cca42bc31a6132b7f78c7fdf16c66b3"}
api-1       | {"claimed": 50, "event": "outbox_dispatch_batch_completed", "lease_lost": 0, "level": "info", "published": 50, "retry_scheduled": 0, "role": "outbox_dispatcher", "timestamp": "2026-08-07T11:44:43.514788Z"}
api-1       | INFO:     127.0.0.1:44618 - "GET /health/ready HTTP/1.1" 200 OK
api-1       | {"duration_ms": 146.222, "event": "http_request_completed", "level": "info", "method": "GET", "outcome": "success", "path": "/health/ready", "request_id": "aed3883e-8256-4c63-a060-c38468e60e32", "status_code": 200, "timestamp": "2026-08-07T11:44:43.518755Z", "trace_id": "7cca42bc31a6132b7f78c7fdf16c66b3"}
api-1       | {"claimed": 50, "event": "outbox_dispatch_batch_completed", "lease_lost": 0, "level": "info", "published": 50, "retry_scheduled": 0, "role": "outbox_dispatcher", "timestamp": "2026-08-07T11:44:44.201121Z"}
api-1       | {"claimed": 16, "event": "outbox_dispatch_batch_completed", "lease_lost": 0, "level": "info", "published": 16, "retry_scheduled": 0, "role": "outbox_dispatcher", "timestamp": "2026-08-07T11:44:44.806945Z"}
api-1       | INFO:     172.18.0.1:45972 - "POST /api/v1/runs HTTP/1.1" 202 Accepted
api-1       | {"api_key_prefix": "evk_64f04950db0a", "duration_ms": 209.706, "event": "http_request_completed", "level": "info", "method": "POST", "outcome": "success", "path": "/api/v1/runs", "request_id": "b6b04348-d4e8-4d2a-8c21-cab4327a5d9d", "status_code": 202, "tenant_id": "327d2ffb-1823-49ee-aab0-022efdfc7324", "timestamp": "2026-08-07T11:44:46.347548Z", "trace_id": "7b7ff15df818372c3a07a0b3fcd7d730"}
api-1       | INFO:     172.18.0.1:45972 - "GET /api/v1/runs/195cb78b-bedc-497c-903f-a64060fa884a HTTP/1.1" 200 OK
api-1       | {"api_key_prefix": "evk_64f04950db0a", "duration_ms": 146.85, "event": "http_request_completed", "level": "info", "method": "GET", "outcome": "success", "path": "/api/v1/runs/195cb78b-bedc-497c-903f-a64060fa884a", "request_id": "6e02f660-4115-426a-b87b-e269d243ee53", "status_code": 200, "tenant_id": "327d2ffb-1823-49ee-aab0-022efdfc7324", "timestamp": "2026-08-07T11:44:46.496400Z", "trace_id": "302bdb63bfdfdf3add3ea6a8a55465f2"}
api-1       | {"claimed": 16, "event": "outbox_dispatch_batch_completed", "lease_lost": 0, "level": "info", "published": 16, "retry_scheduled": 0, "role": "outbox_dispatcher", "timestamp": "2026-08-07T11:44:47.224074Z"}
api-1       | INFO:     172.18.0.1:45972 - "GET /api/v1/runs/195cb78b-bedc-497c-903f-a64060fa884a HTTP/1.1" 200 OK
api-1       | {"api_key_prefix": "evk_64f04950db0a", "duration_ms": 255.242, "event": "http_request_completed", "level": "info", "method": "GET", "outcome": "success", "path": "/api/v1/runs/195cb78b-bedc-497c-903f-a64060fa884a", "request_id": "4ec9edaf-4e53-4548-8211-ec94b8a5065b", "status_code": 200, "tenant_id": "327d2ffb-1823-49ee-aab0-022efdfc7324", "timestamp": "2026-08-07T11:44:47.275981Z", "trace_id": "c34a7f95db83171340e795c6ed8ea000"}
api-1       | {"claimed": 50, "event": "outbox_dispatch_batch_completed", "lease_lost": 0, "level": "info", "published": 50, "retry_scheduled": 0, "role": "outbox_dispatcher", "timestamp": "2026-08-07T11:44:48.010168Z"}
api-1       | INFO:     172.18.0.1:45972 - "GET /api/v1/runs/195cb78b-bedc-497c-903f-a64060fa884a HTTP/1.1" 200 OK
api-1       | {"api_key_prefix": "evk_64f04950db0a", "duration_ms": 201.661, "event": "http_request_completed", "level": "info", "method": "GET", "outcome": "success", "path": "/api/v1/runs/195cb78b-bedc-497c-903f-a64060fa884a", "request_id": "71350a0b-aed4-4cb1-b267-b9e7b5d67a5f", "status_code": 200, "tenant_id": "327d2ffb-1823-49ee-aab0-022efdfc7324", "timestamp": "2026-08-07T11:44:48.070814Z", "trace_id": "335c55d0b1eb3c8c7f6cd87a2afd1b7c"}
api-1       | {"claimed": 40, "event": "outbox_dispatch_batch_completed", "lease_lost": 0, "level": "info", "published": 40, "retry_scheduled": 0, "role": "outbox_dispatcher", "timestamp": "2026-08-07T11:44:48.739729Z"}
api-1       | INFO:     172.18.0.1:45972 - "GET /api/v1/runs/195cb78b-bedc-497c-903f-a64060fa884a HTTP/1.1" 200 OK
api-1       | {"api_key_prefix": "evk_64f04950db0a", "duration_ms": 264.401, "event": "http_request_completed", "level": "info", "method": "GET", "outcome": "success", "path": "/api/v1/runs/195cb78b-bedc-497c-903f-a64060fa884a", "request_id": "05f90e6f-df5d-420b-9837-7e8323555bb1", "status_code": 200, "tenant_id": "327d2ffb-1823-49ee-aab0-022efdfc7324", "timestamp": "2026-08-07T11:44:48.844896Z", "trace_id": "74314c6d09171e517bd7fd0e00b1aa54"}
api-1       | INFO:     172.18.0.1:45972 - "GET /api/v1/runs/195cb78b-bedc-497c-903f-a64060fa884a/cases?limit=200&sort=case_id HTTP/1.1" 200 OK
api-1       | {"api_key_prefix": "evk_64f04950db0a", "duration_ms": 104.719, "event": "http_request_completed", "level": "info", "method": "GET", "outcome": "success", "path": "/api/v1/runs/195cb78b-bedc-497c-903f-a64060fa884a/cases", "request_id": "f9ab376f-49c6-4901-9428-a1ab610926d5", "status_code": 200, "tenant_id": "327d2ffb-1823-49ee-aab0-022efdfc7324", "timestamp": "2026-08-07T11:44:48.951558Z", "trace_id": "fac9d718e648ffa6088b5af84678c3f2"}
api-1       | {"event": "Context impl PostgresqlImpl.", "level": "info", "request_id": "1f734386-5499-4fc7-8c08-2d5ab8f06554", "timestamp": "2026-08-07T11:44:49.048570Z", "trace_id": "4fbc261b800df8021d76ac64bf257ee7"}
api-1       | {"event": "Will assume transactional DDL.", "level": "info", "request_id": "1f734386-5499-4fc7-8c08-2d5ab8f06554", "timestamp": "2026-08-07T11:44:49.048674Z", "trace_id": "4fbc261b800df8021d76ac64bf257ee7"}
api-1       | INFO:     127.0.0.1:44654 - "GET /health/ready HTTP/1.1" 200 OK
api-1       | {"duration_ms": 25.153, "event": "http_request_completed", "level": "info", "method": "GET", "outcome": "success", "path": "/health/ready", "request_id": "1f734386-5499-4fc7-8c08-2d5ab8f06554", "status_code": 200, "timestamp": "2026-08-07T11:44:49.055664Z", "trace_id": "4fbc261b800df8021d76ac64bf257ee7"}
api-1       | INFO:     127.0.0.1:44660 - "GET /metrics HTTP/1.1" 200 OK
api-1       | {"duration_ms": 10.35, "event": "http_request_completed", "level": "info", "method": "GET", "outcome": "success", "path": "/metrics", "request_id": "a6f5fbbf-6761-49ab-ae9c-716dca78349c", "status_code": 200, "timestamp": "2026-08-07T11:44:49.353086Z", "trace_id": "c0ecb841f1eac7b14ebd7807a837f8de"}
api-1       | INFO:     172.18.0.1:45972 - "POST /api/v1/runs HTTP/1.1" 202 Accepted
api-1       | {"api_key_prefix": "evk_64f04950db0a", "duration_ms": 181.926, "event": "http_request_completed", "level": "info", "method": "POST", "outcome": "success", "path": "/api/v1/runs", "request_id": "3d269974-89aa-4fc0-a84d-e9505371e9fe", "status_code": 202, "tenant_id": "327d2ffb-1823-49ee-aab0-022efdfc7324", "timestamp": "2026-08-07T11:44:52.368636Z", "trace_id": "7f8564a597006d35e4cef2b71cbc3a39"}
api-1       | INFO:     172.18.0.1:45972 - "GET /api/v1/runs/2a710970-4966-4669-897a-73a02e3b4a78 HTTP/1.1" 200 OK
api-1       | {"api_key_prefix": "evk_64f04950db0a", "duration_ms": 50.052, "event": "http_request_completed", "level": "info", "method": "GET", "outcome": "success", "path": "/api/v1/runs/2a710970-4966-4669-897a-73a02e3b4a78", "request_id": "a44b95d7-3ac2-4e78-805f-7e805fc185fe", "status_code": 200, "tenant_id": "327d2ffb-1823-49ee-aab0-022efdfc7324", "timestamp": "2026-08-07T11:44:52.420232Z", "trace_id": "d915319708a8fdb2e9f3244d589ed8b4"}
api-1       | {"claimed": 27, "event": "outbox_dispatch_batch_completed", "lease_lost": 0, "level": "info", "published": 27, "retry_scheduled": 0, "role": "outbox_dispatcher", "timestamp": "2026-08-07T11:44:53.069273Z"}
api-1       | INFO:     172.18.0.1:45972 - "GET /api/v1/runs/2a710970-4966-4669-897a-73a02e3b4a78 HTTP/1.1" 200 OK
api-1       | {"api_key_prefix": "evk_64f04950db0a", "duration_ms": 137.748, "event": "http_request_completed", "level": "info", "method": "GET", "outcome": "success", "path": "/api/v1/runs/2a710970-4966-4669-897a-73a02e3b4a78", "request_id": "40832ddc-7b1f-419f-a66b-a9c1af022027", "status_code": 200, "tenant_id": "327d2ffb-1823-49ee-aab0-022efdfc7324", "timestamp": "2026-08-07T11:44:53.084322Z", "trace_id": "d621888f839930257185ddad5193ad62"}
api-1       | {"claimed": 50, "event": "outbox_dispatch_batch_completed", "lease_lost": 0, "level": "info", "published": 50, "retry_scheduled": 0, "role": "outbox_dispatcher", "timestamp": "2026-08-07T11:44:53.871101Z"}
api-1       | INFO:     172.18.0.1:45972 - "GET /api/v1/runs/2a710970-4966-4669-897a-73a02e3b4a78 HTTP/1.1" 200 OK
api-1       | {"api_key_prefix": "evk_64f04950db0a", "duration_ms": 304.829, "event": "http_request_completed", "level": "info", "method": "GET", "outcome": "success", "path": "/api/v1/runs/2a710970-4966-4669-897a-73a02e3b4a78", "request_id": "de66d278-642d-4ff3-9a6b-1270f48290aa", "status_code": 200, "tenant_id": "327d2ffb-1823-49ee-aab0-022efdfc7324", "timestamp": "2026-08-07T11:44:53.892798Z", "trace_id": "d2d9f4a3e2e1dc1d66cd844cbeb4c42e"}
api-1       | {"event": "Context impl PostgresqlImpl.", "level": "info", "request_id": "35ba3caa-c8f7-4856-acb5-e4490593c800", "timestamp": "2026-08-07T11:44:54.871637Z", "trace_id": "bda73a82b701b040d18d5dd596275f73"}
api-1       | {"event": "Will assume transactional DDL.", "level": "info", "request_id": "35ba3caa-c8f7-4856-acb5-e4490593c800", "timestamp": "2026-08-07T11:44:54.871791Z", "trace_id": "bda73a82b701b040d18d5dd596275f73"}
api-1       | {"claimed": 50, "event": "outbox_dispatch_batch_completed", "lease_lost": 0, "level": "info", "published": 50, "retry_scheduled": 0, "role": "outbox_dispatcher", "timestamp": "2026-08-07T11:44:54.892262Z"}
api-1       | INFO:     127.0.0.1:37008 - "GET /health/ready HTTP/1.1" 200 OK
api-1       | {"duration_ms": 198.213, "event": "http_request_completed", "level": "info", "method": "GET", "outcome": "success", "path": "/health/ready", "request_id": "35ba3caa-c8f7-4856-acb5-e4490593c800", "status_code": 200, "timestamp": "2026-08-07T11:44:54.902885Z", "trace_id": "bda73a82b701b040d18d5dd596275f73"}
api-1       | INFO:     172.18.0.1:45972 - "GET /api/v1/runs/2a710970-4966-4669-897a-73a02e3b4a78 HTTP/1.1" 200 OK
api-1       | {"api_key_prefix": "evk_64f04950db0a", "duration_ms": 515.633, "event": "http_request_completed", "level": "info", "method": "GET", "outcome": "success", "path": "/api/v1/runs/2a710970-4966-4669-897a-73a02e3b4a78", "request_id": "d8dd1845-99db-46d6-9c11-981566780190", "status_code": 200, "tenant_id": "327d2ffb-1823-49ee-aab0-022efdfc7324", "timestamp": "2026-08-07T11:44:54.911242Z", "trace_id": "5820924d70d89a3bb606dbd3f009410d"}
api-1       | {"claimed": 50, "event": "outbox_dispatch_batch_completed", "lease_lost": 0, "level": "info", "published": 50, "retry_scheduled": 0, "role": "outbox_dispatcher", "timestamp": "2026-08-07T11:44:55.712721Z"}
api-1       | INFO:     172.18.0.1:45972 - "GET /api/v1/runs/2a710970-4966-4669-897a-73a02e3b4a78 HTTP/1.1" 200 OK
api-1       | {"api_key_prefix": "evk_64f04950db0a", "duration_ms": 323.262, "event": "http_request_completed", "level": "info", "method": "GET", "outcome": "success", "path": "/api/v1/runs/2a710970-4966-4669-897a-73a02e3b4a78", "request_id": "ea182c97-a8a0-4a67-a89a-80566cc91e77", "status_code": 200, "tenant_id": "327d2ffb-1823-49ee-aab0-022efdfc7324", "timestamp": "2026-08-07T11:44:55.737696Z", "trace_id": "70bc6e0dfeb80f7c8649c86151144daa"}
api-1       | {"claimed": 50, "event": "outbox_dispatch_batch_completed", "lease_lost": 0, "level": "info", "published": 50, "retry_scheduled": 0, "role": "outbox_dispatcher", "timestamp": "2026-08-07T11:44:56.839761Z"}
api-1       | INFO:     172.18.0.1:45972 - "GET /api/v1/runs/2a710970-4966-4669-897a-73a02e3b4a78 HTTP/1.1" 200 OK
api-1       | {"api_key_prefix": "evk_64f04950db0a", "duration_ms": 600.479, "event": "http_request_completed", "level": "info", "method": "GET", "outcome": "success", "path": "/api/v1/runs/2a710970-4966-4669-897a-73a02e3b4a78", "request_id": "171979ee-3fe2-4df9-8a88-48a1f2d3e7f0", "status_code": 200, "tenant_id": "327d2ffb-1823-49ee-aab0-022efdfc7324", "timestamp": "2026-08-07T11:44:56.851880Z", "trace_id": "aa1bb18aa2be1635af8438ba7452f88d"}
api-1       | {"claimed": 50, "event": "outbox_dispatch_batch_completed", "lease_lost": 0, "level": "info", "published": 50, "retry_scheduled": 0, "role": "outbox_dispatcher", "timestamp": "2026-08-07T11:44:57.662791Z"}
api-1       | INFO:     172.18.0.1:45972 - "GET /api/v1/runs/2a710970-4966-4669-897a-73a02e3b4a78 HTTP/1.1" 200 OK
api-1       | {"api_key_prefix": "evk_64f04950db0a", "duration_ms": 310.061, "event": "http_request_completed", "level": "info", "method": "GET", "outcome": "success", "path": "/api/v1/runs/2a710970-4966-4669-897a-73a02e3b4a78", "request_id": "6755af64-159c-45d4-a71a-a309ab802522", "status_code": 200, "tenant_id": "327d2ffb-1823-49ee-aab0-022efdfc7324", "timestamp": "2026-08-07T11:44:57.665522Z", "trace_id": "661aa6f17bc297d159c326979dec570a"}
api-1       | {"claimed": 50, "event": "outbox_dispatch_batch_completed", "lease_lost": 0, "level": "info", "published": 50, "retry_scheduled": 0, "role": "outbox_dispatcher", "timestamp": "2026-08-07T11:44:58.324685Z"}
api-1       | INFO:     172.18.0.1:45972 - "GET /api/v1/runs/2a710970-4966-4669-897a-73a02e3b4a78 HTTP/1.1" 200 OK
api-1       | {"api_key_prefix": "evk_64f04950db0a", "duration_ms": 158.657, "event": "http_request_completed", "level": "info", "method": "GET", "outcome": "success", "path": "/api/v1/runs/2a710970-4966-4669-897a-73a02e3b4a78", "request_id": "00d46501-46a7-4bee-bf6f-1b6ef645032a", "status_code": 200, "tenant_id": "327d2ffb-1823-49ee-aab0-022efdfc7324", "timestamp": "2026-08-07T11:44:58.327209Z", "trace_id": "6d60f4f92a084301365b173777c60440"}
api-1       | {"claimed": 50, "event": "outbox_dispatch_batch_completed", "lease_lost": 0, "level": "info", "published": 50, "retry_scheduled": 0, "role": "outbox_dispatcher", "timestamp": "2026-08-07T11:44:59.018573Z"}
api-1       | INFO:     172.18.0.1:45972 - "GET /api/v1/runs/2a710970-4966-4669-897a-73a02e3b4a78 HTTP/1.1" 200 OK
api-1       | {"api_key_prefix": "evk_64f04950db0a", "duration_ms": 229.915, "event": "http_request_completed", "level": "info", "method": "GET", "outcome": "success", "path": "/api/v1/runs/2a710970-4966-4669-897a-73a02e3b4a78", "request_id": "a787a942-09b9-4f8a-a1f1-9eba3c1961b1", "status_code": 200, "tenant_id": "327d2ffb-1823-49ee-aab0-022efdfc7324", "timestamp": "2026-08-07T11:44:59.061088Z", "trace_id": "52d9b60ecda9560bd788f694ef71e754"}
api-1       | {"claimed": 50, "event": "outbox_dispatch_batch_completed", "lease_lost": 0, "level": "info", "published": 50, "retry_scheduled": 0, "role": "outbox_dispatcher", "timestamp": "2026-08-07T11:44:59.702836Z"}
api-1       | INFO:     172.18.0.1:45972 - "GET /api/v1/runs/2a710970-4966-4669-897a-73a02e3b4a78 HTTP/1.1" 200 OK
api-1       | {"api_key_prefix": "evk_64f04950db0a", "duration_ms": 188.238, "event": "http_request_completed", "level": "info", "method": "GET", "outcome": "success", "path": "/api/v1/runs/2a710970-4966-4669-897a-73a02e3b4a78", "request_id": "0283451f-026a-4fbf-bb4b-3e8939bab32d", "status_code": 200, "tenant_id": "327d2ffb-1823-49ee-aab0-022efdfc7324", "timestamp": "2026-08-07T11:44:59.764314Z", "trace_id": "c4c411339c29f533ff4ec89ea2989087"}
api-1       | INFO:     172.18.0.1:45972 - "GET /api/v1/runs/2a710970-4966-4669-897a-73a02e3b4a78/cases?limit=200&sort=case_id HTTP/1.1" 200 OK
api-1       | {"api_key_prefix": "evk_64f04950db0a", "duration_ms": 75.808, "event": "http_request_completed", "level": "info", "method": "GET", "outcome": "success", "path": "/api/v1/runs/2a710970-4966-4669-897a-73a02e3b4a78/cases", "request_id": "7ca11e77-1027-405c-88cd-cd00ded16a57", "status_code": 200, "tenant_id": "327d2ffb-1823-49ee-aab0-022efdfc7324", "timestamp": "2026-08-07T11:44:59.842076Z", "trace_id": "e162f5d6f37c1db8b1be4320bf7bae82"}
api-1       | INFO:     172.18.0.1:45972 - "GET /api/v1/runs/2a710970-4966-4669-897a-73a02e3b4a78/cases?limit=200&sort=case_id&cursor=eyJkaXJlY3Rpb24iOiJhc2MiLCJlcnJvcl9jb2RlIjpudWxsLCJqb2JfaWQiOiJmZTQ0YTgyNS0yMDFkLTQwOTItYWUyMS0wMzVlZTU1MWY0NDUiLCJtZXRyaWMiOm51bGwsInNvcnQiOiJjYXNlX2lkIiwic3RhdHVzIjpudWxsLCJ2IjoxLCJ2YWx1ZSI6ImxvYWQtMDE5OSJ9 HTTP/1.1" 200 OK
api-1       | {"api_key_prefix": "evk_64f04950db0a", "duration_ms": 64.904, "event": "http_request_completed", "level": "info", "method": "GET", "outcome": "success", "path": "/api/v1/runs/2a710970-4966-4669-897a-73a02e3b4a78/cases", "request_id": "802e97d1-e524-4b80-a2f9-8db188599a8a", "status_code": 200, "tenant_id": "327d2ffb-1823-49ee-aab0-022efdfc7324", "timestamp": "2026-08-07T11:44:59.909572Z", "trace_id": "23bab3d29e425f03b0ddc72d8e81f107"}
api-1       | INFO:     172.18.0.1:45972 - "GET /api/v1/runs/2a710970-4966-4669-897a-73a02e3b4a78/cases?limit=200&sort=case_id&cursor=eyJkaXJlY3Rpb24iOiJhc2MiLCJlcnJvcl9jb2RlIjpudWxsLCJqb2JfaWQiOiJlYjJlMjYxOC1iMzU3LTQ1MDYtYTkzNC04ZDdlZGVlYjkwMDQiLCJtZXRyaWMiOm51bGwsInNvcnQiOiJjYXNlX2lkIiwic3RhdHVzIjpudWxsLCJ2IjoxLCJ2YWx1ZSI6ImxvYWQtMDM5OSJ9 HTTP/1.1" 200 OK
api-1       | {"api_key_prefix": "evk_64f04950db0a", "duration_ms": 67.017, "event": "http_request_completed", "level": "info", "method": "GET", "outcome": "success", "path": "/api/v1/runs/2a710970-4966-4669-897a-73a02e3b4a78/cases", "request_id": "c9eea447-a16b-4ea6-966a-95e34a330bed", "status_code": 200, "tenant_id": "327d2ffb-1823-49ee-aab0-022efdfc7324", "timestamp": "2026-08-07T11:44:59.978906Z", "trace_id": "c59358c5ed53a7ef89adeb76fd3f7a1c"}
api-1       | {"event": "Context impl PostgresqlImpl.", "level": "info", "request_id": "13148c22-70a2-488e-a147-93e5977ae728", "timestamp": "2026-08-07T11:45:00.784837Z", "trace_id": "173973fcf91a0d1c55e2ee537d7c2935"}
api-1       | {"event": "Will assume transactional DDL.", "level": "info", "request_id": "13148c22-70a2-488e-a147-93e5977ae728", "timestamp": "2026-08-07T11:45:00.785008Z", "trace_id": "173973fcf91a0d1c55e2ee537d7c2935"}
api-1       | {"claimed": 50, "event": "outbox_dispatch_batch_completed", "lease_lost": 0, "level": "info", "published": 50, "retry_scheduled": 0, "role": "outbox_dispatcher", "timestamp": "2026-08-07T11:45:00.795032Z"}
api-1       | INFO:     127.0.0.1:37060 - "GET /health/ready HTTP/1.1" 200 OK
api-1       | {"duration_ms": 235.235, "event": "http_request_completed", "level": "info", "method": "GET", "outcome": "success", "path": "/health/ready", "request_id": "13148c22-70a2-488e-a147-93e5977ae728", "status_code": 200, "timestamp": "2026-08-07T11:45:00.797040Z", "trace_id": "173973fcf91a0d1c55e2ee537d7c2935"}
api-1       | INFO:     127.0.0.1:37064 - "GET /metrics HTTP/1.1" 200 OK
api-1       | {"duration_ms": 67.757, "event": "http_request_completed", "level": "info", "method": "GET", "outcome": "success", "path": "/metrics", "request_id": "737b0bb3-b695-4632-88d4-89e9d2ec3607", "status_code": 200, "timestamp": "2026-08-07T11:45:00.837005Z", "trace_id": "e289b957207e2a3c7a81dd73c885c28b"}
api-1       | {"claimed": 50, "event": "outbox_dispatch_batch_completed", "lease_lost": 0, "level": "info", "published": 50, "retry_scheduled": 0, "role": "outbox_dispatcher", "timestamp": "2026-08-07T11:45:01.462987Z"}
api-1       | {"claimed": 50, "event": "outbox_dispatch_batch_completed", "lease_lost": 0, "level": "info", "published": 50, "retry_scheduled": 0, "role": "outbox_dispatcher", "timestamp": "2026-08-07T11:45:02.164373Z"}
api-1       | {"claimed": 50, "event": "outbox_dispatch_batch_completed", "lease_lost": 0, "level": "info", "published": 50, "retry_scheduled": 0, "role": "outbox_dispatcher", "timestamp": "2026-08-07T11:45:02.822316Z"}
api-1       | {"claimed": 50, "event": "outbox_dispatch_batch_completed", "lease_lost": 0, "level": "info", "published": 50, "retry_scheduled": 0, "role": "outbox_dispatcher", "timestamp": "2026-08-07T11:45:03.528018Z"}
api-1       | {"claimed": 50, "event": "outbox_dispatch_batch_completed", "lease_lost": 0, "level": "info", "published": 50, "retry_scheduled": 0, "role": "outbox_dispatcher", "timestamp": "2026-08-07T11:45:04.203565Z"}
api-1       | {"claimed": 50, "event": "outbox_dispatch_batch_completed", "lease_lost": 0, "level": "info", "published": 50, "retry_scheduled": 0, "role": "outbox_dispatcher", "timestamp": "2026-08-07T11:45:04.862238Z"}
api-1       | {"claimed": 50, "event": "outbox_dispatch_batch_completed", "lease_lost": 0, "level": "info", "published": 50, "retry_scheduled": 0, "role": "outbox_dispatcher", "timestamp": "2026-08-07T11:45:05.506141Z"}
api-1       | {"event": "Context impl PostgresqlImpl.", "level": "info", "request_id": "f176329f-5fab-4b15-a531-47aa71b8c049", "timestamp": "2026-08-07T11:45:06.371557Z", "trace_id": "8eceb51ea8e55829a7598b2655b76616"}
api-1       | {"event": "Will assume transactional DDL.", "level": "info", "request_id": "f176329f-5fab-4b15-a531-47aa71b8c049", "timestamp": "2026-08-07T11:45:06.371705Z", "trace_id": "8eceb51ea8e55829a7598b2655b76616"}
api-1       | {"claimed": 50, "event": "outbox_dispatch_batch_completed", "lease_lost": 0, "level": "info", "published": 50, "retry_scheduled": 0, "role": "outbox_dispatcher", "timestamp": "2026-08-07T11:45:06.380448Z"}
api-1       | INFO:     127.0.0.1:37354 - "GET /health/ready HTTP/1.1" 200 OK
api-1       | {"duration_ms": 148.718, "event": "http_request_completed", "level": "info", "method": "GET", "outcome": "success", "path": "/health/ready", "request_id": "f176329f-5fab-4b15-a531-47aa71b8c049", "status_code": 200, "timestamp": "2026-08-07T11:45:06.382862Z", "trace_id": "8eceb51ea8e55829a7598b2655b76616"}
api-1       | {"claimed": 50, "event": "outbox_dispatch_batch_completed", "lease_lost": 0, "level": "info", "published": 50, "retry_scheduled": 0, "role": "outbox_dispatcher", "timestamp": "2026-08-07T11:45:07.134435Z"}
api-1       | {"claimed": 50, "event": "outbox_dispatch_batch_completed", "lease_lost": 0, "level": "info", "published": 50, "retry_scheduled": 0, "role": "outbox_dispatcher", "timestamp": "2026-08-07T11:45:07.806332Z"}
api-1       | {"claimed": 50, "event": "outbox_dispatch_batch_completed", "lease_lost": 0, "level": "info", "published": 50, "retry_scheduled": 0, "role": "outbox_dispatcher", "timestamp": "2026-08-07T11:45:08.468671Z"}
api-1       | {"claimed": 25, "event": "outbox_dispatch_batch_completed", "lease_lost": 0, "level": "info", "published": 25, "retry_scheduled": 0, "role": "outbox_dispatcher", "timestamp": "2026-08-07T11:45:09.102812Z"}
api-1       | INFO:     172.18.0.1:47584 - "POST /api/v1/runs HTTP/1.1" 202 Accepted
api-1       | {"api_key_prefix": "evk_64f04950db0a", "duration_ms": 77.794, "event": "http_request_completed", "level": "info", "method": "POST", "outcome": "success", "path": "/api/v1/runs", "request_id": "ff6361c6-54a6-4b5c-a39a-1d951d546892", "status_code": 202, "tenant_id": "327d2ffb-1823-49ee-aab0-022efdfc7324", "timestamp": "2026-08-07T11:45:09.504771Z", "trace_id": "f76ac929a30653d3bc99daaaa8e00783"}
api-1       | INFO:     172.18.0.1:47584 - "GET /api/v1/runs/7ac3de7a-aca1-4194-9093-7ecf7a477ca8 HTTP/1.1" 200 OK
api-1       | {"api_key_prefix": "evk_64f04950db0a", "duration_ms": 48.592, "event": "http_request_completed", "level": "info", "method": "GET", "outcome": "success", "path": "/api/v1/runs/7ac3de7a-aca1-4194-9093-7ecf7a477ca8", "request_id": "0183be79-7589-4c94-8a9a-cedccbc28e2a", "status_code": 200, "tenant_id": "327d2ffb-1823-49ee-aab0-022efdfc7324", "timestamp": "2026-08-07T11:45:09.554850Z", "trace_id": "7c5735499f41c5d85d77879cb45186c4"}
api-1       | INFO:     172.18.0.1:47584 - "GET /api/v1/runs/7ac3de7a-aca1-4194-9093-7ecf7a477ca8 HTTP/1.1" 200 OK
api-1       | {"api_key_prefix": "evk_64f04950db0a", "duration_ms": 61.254, "event": "http_request_completed", "level": "info", "method": "GET", "outcome": "success", "path": "/api/v1/runs/7ac3de7a-aca1-4194-9093-7ecf7a477ca8", "request_id": "9cd21eed-4b08-47d3-ab4f-4c3a7ce0d6e0", "status_code": 200, "tenant_id": "327d2ffb-1823-49ee-aab0-022efdfc7324", "timestamp": "2026-08-07T11:45:10.118474Z", "trace_id": "b80099b06ba5e99c5aa476698d82d49d"}
api-1       | {"claimed": 43, "event": "outbox_dispatch_batch_completed", "lease_lost": 0, "level": "info", "published": 43, "retry_scheduled": 0, "role": "outbox_dispatcher", "timestamp": "2026-08-07T11:45:10.290936Z"}
api-1       | INFO:     172.18.0.1:47584 - "GET /api/v1/runs/7ac3de7a-aca1-4194-9093-7ecf7a477ca8 HTTP/1.1" 200 OK
api-1       | {"api_key_prefix": "evk_64f04950db0a", "duration_ms": 57.985, "event": "http_request_completed", "level": "info", "method": "GET", "outcome": "success", "path": "/api/v1/runs/7ac3de7a-aca1-4194-9093-7ecf7a477ca8", "request_id": "a62e12b0-722a-4160-a84e-1caa18717d85", "status_code": 200, "tenant_id": "327d2ffb-1823-49ee-aab0-022efdfc7324", "timestamp": "2026-08-07T11:45:10.679261Z", "trace_id": "8a6f839e5770c157ab94398e24993445"}
api-1       | {"claimed": 50, "event": "outbox_dispatch_batch_completed", "lease_lost": 0, "level": "info", "published": 50, "retry_scheduled": 0, "role": "outbox_dispatcher", "timestamp": "2026-08-07T11:45:10.933274Z"}
api-1       | INFO:     172.18.0.1:47584 - "GET /api/v1/runs/7ac3de7a-aca1-4194-9093-7ecf7a477ca8 HTTP/1.1" 200 OK
api-1       | {"api_key_prefix": "evk_64f04950db0a", "duration_ms": 55.728, "event": "http_request_completed", "level": "info", "method": "GET", "outcome": "success", "path": "/api/v1/runs/7ac3de7a-aca1-4194-9093-7ecf7a477ca8", "request_id": "9e5f2a07-d90a-4f0e-8167-aa9fb7990826", "status_code": 200, "tenant_id": "327d2ffb-1823-49ee-aab0-022efdfc7324", "timestamp": "2026-08-07T11:45:11.237886Z", "trace_id": "435c1fbb1e91b548c9eb40ccdb070c84"}
api-1       | {"claimed": 8, "event": "outbox_dispatch_batch_completed", "lease_lost": 0, "level": "info", "published": 8, "retry_scheduled": 0, "role": "outbox_dispatcher", "timestamp": "2026-08-07T11:45:11.532748Z"}
api-1       | {"event": "Context impl PostgresqlImpl.", "level": "info", "request_id": "44150667-52f6-4210-8b73-561234ce1477", "timestamp": "2026-08-07T11:45:11.740190Z", "trace_id": "50a4aa300bf7701e4fbe2e41bff27988"}
api-1       | {"event": "Will assume transactional DDL.", "level": "info", "request_id": "44150667-52f6-4210-8b73-561234ce1477", "timestamp": "2026-08-07T11:45:11.740324Z", "trace_id": "50a4aa300bf7701e4fbe2e41bff27988"}
api-1       | INFO:     127.0.0.1:37370 - "GET /health/ready HTTP/1.1" 200 OK
api-1       | {"duration_ms": 25.171, "event": "http_request_completed", "level": "info", "method": "GET", "outcome": "success", "path": "/health/ready", "request_id": "44150667-52f6-4210-8b73-561234ce1477", "status_code": 200, "timestamp": "2026-08-07T11:45:11.746912Z", "trace_id": "50a4aa300bf7701e4fbe2e41bff27988"}
api-1       | INFO:     172.18.0.1:47584 - "GET /api/v1/runs/7ac3de7a-aca1-4194-9093-7ecf7a477ca8 HTTP/1.1" 200 OK
api-1       | {"api_key_prefix": "evk_64f04950db0a", "duration_ms": 53.705, "event": "http_request_completed", "level": "info", "method": "GET", "outcome": "success", "path": "/api/v1/runs/7ac3de7a-aca1-4194-9093-7ecf7a477ca8", "request_id": "2144a3d3-9146-48bd-bba4-9cd51dd2d62c", "status_code": 200, "tenant_id": "327d2ffb-1823-49ee-aab0-022efdfc7324", "timestamp": "2026-08-07T11:45:11.794458Z", "trace_id": "d8b09545bd53822f8eeca08f29a3c69c"}
api-1       | INFO:     172.18.0.1:47584 - "GET /api/v1/runs/7ac3de7a-aca1-4194-9093-7ecf7a477ca8/cases?limit=200&sort=case_id HTTP/1.1" 200 OK
api-1       | {"api_key_prefix": "evk_64f04950db0a", "duration_ms": 66.629, "event": "http_request_completed", "level": "info", "method": "GET", "outcome": "success", "path": "/api/v1/runs/7ac3de7a-aca1-4194-9093-7ecf7a477ca8/cases", "request_id": "1e69c902-919f-44e6-82c8-97c9b4498331", "status_code": 200, "tenant_id": "327d2ffb-1823-49ee-aab0-022efdfc7324", "timestamp": "2026-08-07T11:45:11.862584Z", "trace_id": "2bb2eda1ebe7d74f930deaa7349df553"}
api-1       | {"claimed": 5, "event": "outbox_dispatch_batch_completed", "lease_lost": 0, "level": "info", "published": 5, "retry_scheduled": 0, "role": "outbox_dispatcher", "timestamp": "2026-08-07T11:45:12.049587Z"}
api-1       | INFO:     127.0.0.1:34122 - "GET /metrics HTTP/1.1" 200 OK
api-1       | {"duration_ms": 10.428, "event": "http_request_completed", "level": "info", "method": "GET", "outcome": "success", "path": "/metrics", "request_id": "8510db0c-2c3a-49b7-88cb-430c499a8f21", "status_code": 200, "timestamp": "2026-08-07T11:45:12.247989Z", "trace_id": "e7a38f491beeac72c76b318b8051bc70"}
api-1       | INFO:     172.18.0.1:47584 - "POST /api/v1/runs HTTP/1.1" 202 Accepted
api-1       | {"api_key_prefix": "evk_64f04950db0a", "duration_ms": 252.651, "event": "http_request_completed", "level": "info", "method": "POST", "outcome": "success", "path": "/api/v1/runs", "request_id": "e7559af0-1256-4368-a898-50a449991ed5", "status_code": 202, "tenant_id": "327d2ffb-1823-49ee-aab0-022efdfc7324", "timestamp": "2026-08-07T11:45:13.326942Z", "trace_id": "99775d3004dd9356391423ddcd164f29"}
api-1       | INFO:     172.18.0.1:47584 - "GET /api/v1/runs/29d6275d-a634-40b9-830b-4cd672484ea0 HTTP/1.1" 200 OK
api-1       | {"api_key_prefix": "evk_64f04950db0a", "duration_ms": 50.179, "event": "http_request_completed", "level": "info", "method": "GET", "outcome": "success", "path": "/api/v1/runs/29d6275d-a634-40b9-830b-4cd672484ea0", "request_id": "542b5797-11c8-4b26-b8b0-34930ad9b496", "status_code": 200, "tenant_id": "327d2ffb-1823-49ee-aab0-022efdfc7324", "timestamp": "2026-08-07T11:45:13.378850Z", "trace_id": "e6822d0d14ece70eecb06432f03ff97d"}
api-1       | INFO:     172.18.0.1:47584 - "GET /api/v1/runs/29d6275d-a634-40b9-830b-4cd672484ea0 HTTP/1.1" 200 OK
api-1       | {"api_key_prefix": "evk_64f04950db0a", "duration_ms": 55.795, "event": "http_request_completed", "level": "info", "method": "GET", "outcome": "success", "path": "/api/v1/runs/29d6275d-a634-40b9-830b-4cd672484ea0", "request_id": "f487aaa0-b8c0-40a8-aede-2e5b098bb80b", "status_code": 200, "tenant_id": "327d2ffb-1823-49ee-aab0-022efdfc7324", "timestamp": "2026-08-07T11:45:13.937251Z", "trace_id": "8435b6c2752ca74f8cc4b9a81a6a36be"}
api-1       | {"claimed": 26, "event": "outbox_dispatch_batch_completed", "lease_lost": 0, "level": "info", "published": 26, "retry_scheduled": 0, "role": "outbox_dispatcher", "timestamp": "2026-08-07T11:45:14.187142Z"}
api-1       | INFO:     172.18.0.1:47584 - "GET /api/v1/runs/29d6275d-a634-40b9-830b-4cd672484ea0 HTTP/1.1" 200 OK
api-1       | {"api_key_prefix": "evk_64f04950db0a", "duration_ms": 64.644, "event": "http_request_completed", "level": "info", "method": "GET", "outcome": "success", "path": "/api/v1/runs/29d6275d-a634-40b9-830b-4cd672484ea0", "request_id": "4ae2e847-85a0-4c9e-8988-eaaed911d104", "status_code": 200, "tenant_id": "327d2ffb-1823-49ee-aab0-022efdfc7324", "timestamp": "2026-08-07T11:45:14.506193Z", "trace_id": "20447d6d42640563b7e110ce0f5583a4"}
api-1       | {"claimed": 50, "event": "outbox_dispatch_batch_completed", "lease_lost": 0, "level": "info", "published": 50, "retry_scheduled": 0, "role": "outbox_dispatcher", "timestamp": "2026-08-07T11:45:14.884484Z"}
api-1       | INFO:     172.18.0.1:47584 - "GET /api/v1/runs/29d6275d-a634-40b9-830b-4cd672484ea0 HTTP/1.1" 200 OK
api-1       | {"api_key_prefix": "evk_64f04950db0a", "duration_ms": 55.143, "event": "http_request_completed", "level": "info", "method": "GET", "outcome": "success", "path": "/api/v1/runs/29d6275d-a634-40b9-830b-4cd672484ea0", "request_id": "1191bce9-7681-4294-987c-ee276045292c", "status_code": 200, "tenant_id": "327d2ffb-1823-49ee-aab0-022efdfc7324", "timestamp": "2026-08-07T11:45:15.063916Z", "trace_id": "8789278f9d45e580ef732c0c0c64d719"}
api-1       | {"claimed": 50, "event": "outbox_dispatch_batch_completed", "lease_lost": 0, "level": "info", "published": 50, "retry_scheduled": 0, "role": "outbox_dispatcher", "timestamp": "2026-08-07T11:45:15.575282Z"}
api-1       | INFO:     172.18.0.1:47584 - "GET /api/v1/runs/29d6275d-a634-40b9-830b-4cd672484ea0 HTTP/1.1" 200 OK
api-1       | {"api_key_prefix": "evk_64f04950db0a", "duration_ms": 63.266, "event": "http_request_completed", "level": "info", "method": "GET", "outcome": "success", "path": "/api/v1/runs/29d6275d-a634-40b9-830b-4cd672484ea0", "request_id": "d9424cb8-a870-4a80-bf6e-6fe03523032a", "status_code": 200, "tenant_id": "327d2ffb-1823-49ee-aab0-022efdfc7324", "timestamp": "2026-08-07T11:45:15.631115Z", "trace_id": "fa2c26e913cd578c134800db23b873ee"}
api-1       | {"claimed": 50, "event": "outbox_dispatch_batch_completed", "lease_lost": 0, "level": "info", "published": 50, "retry_scheduled": 0, "role": "outbox_dispatcher", "timestamp": "2026-08-07T11:45:16.270953Z"}
api-1       | INFO:     172.18.0.1:47584 - "GET /api/v1/runs/29d6275d-a634-40b9-830b-4cd672484ea0 HTTP/1.1" 200 OK
api-1       | {"api_key_prefix": "evk_64f04950db0a", "duration_ms": 186.143, "event": "http_request_completed", "level": "info", "method": "GET", "outcome": "success", "path": "/api/v1/runs/29d6275d-a634-40b9-830b-4cd672484ea0", "request_id": "796c395b-f55d-4e22-b6ef-feca7695be44", "status_code": 200, "tenant_id": "327d2ffb-1823-49ee-aab0-022efdfc7324", "timestamp": "2026-08-07T11:45:16.325906Z", "trace_id": "0228c8ae49828ecb6d45d809b0593ca6"}
api-1       | {"claimed": 50, "event": "outbox_dispatch_batch_completed", "lease_lost": 0, "level": "info", "published": 50, "retry_scheduled": 0, "role": "outbox_dispatcher", "timestamp": "2026-08-07T11:45:17.128337Z"}
api-1       | INFO:     172.18.0.1:47584 - "GET /api/v1/runs/29d6275d-a634-40b9-830b-4cd672484ea0 HTTP/1.1" 200 OK
api-1       | {"api_key_prefix": "evk_64f04950db0a", "duration_ms": 366.842, "event": "http_request_completed", "level": "info", "method": "GET", "outcome": "success", "path": "/api/v1/runs/29d6275d-a634-40b9-830b-4cd672484ea0", "request_id": "bb2cfa07-78f6-44fe-81ab-e891969aeefb", "status_code": 200, "tenant_id": "327d2ffb-1823-49ee-aab0-022efdfc7324", "timestamp": "2026-08-07T11:45:17.241915Z", "trace_id": "71089fb1aa52bae45c5c8ab898f096dd"}
api-1       | {"event": "Context impl PostgresqlImpl.", "level": "info", "request_id": "0591f84f-60c3-4904-9d29-13aa9b869a9e", "timestamp": "2026-08-07T11:45:17.318007Z", "trace_id": "f1597f742fae6434cdd56643c9e2a83c"}
api-1       | {"event": "Will assume transactional DDL.", "level": "info", "request_id": "0591f84f-60c3-4904-9d29-13aa9b869a9e", "timestamp": "2026-08-07T11:45:17.318197Z", "trace_id": "f1597f742fae6434cdd56643c9e2a83c"}
api-1       | INFO:     127.0.0.1:34152 - "GET /health/ready HTTP/1.1" 200 OK
api-1       | {"duration_ms": 27.198, "event": "http_request_completed", "level": "info", "method": "GET", "outcome": "success", "path": "/health/ready", "request_id": "0591f84f-60c3-4904-9d29-13aa9b869a9e", "status_code": 200, "timestamp": "2026-08-07T11:45:17.327949Z", "trace_id": "f1597f742fae6434cdd56643c9e2a83c"}
api-1       | {"claimed": 50, "event": "outbox_dispatch_batch_completed", "lease_lost": 0, "level": "info", "published": 50, "retry_scheduled": 0, "role": "outbox_dispatcher", "timestamp": "2026-08-07T11:45:17.879152Z"}
api-1       | INFO:     172.18.0.1:47584 - "GET /api/v1/runs/29d6275d-a634-40b9-830b-4cd672484ea0 HTTP/1.1" 200 OK
api-1       | {"api_key_prefix": "evk_64f04950db0a", "duration_ms": 175.644, "event": "http_request_completed", "level": "info", "method": "GET", "outcome": "success", "path": "/api/v1/runs/29d6275d-a634-40b9-830b-4cd672484ea0", "request_id": "d0a4bbe0-9c96-4b13-9e65-7f8af56f72df", "status_code": 200, "tenant_id": "327d2ffb-1823-49ee-aab0-022efdfc7324", "timestamp": "2026-08-07T11:45:17.923607Z", "trace_id": "3ee92e7be124a4178119195eb5dba4d5"}
api-1       | {"claimed": 50, "event": "outbox_dispatch_batch_completed", "lease_lost": 0, "level": "info", "published": 50, "retry_scheduled": 0, "role": "outbox_dispatcher", "timestamp": "2026-08-07T11:45:18.587596Z"}
api-1       | INFO:     172.18.0.1:47584 - "GET /api/v1/runs/29d6275d-a634-40b9-830b-4cd672484ea0 HTTP/1.1" 200 OK
api-1       | {"api_key_prefix": "evk_64f04950db0a", "duration_ms": 196.699, "event": "http_request_completed", "level": "info", "method": "GET", "outcome": "success", "path": "/api/v1/runs/29d6275d-a634-40b9-830b-4cd672484ea0", "request_id": "47c8f9f6-07c1-4038-8812-f22fa4e5cbb0", "status_code": 200, "tenant_id": "327d2ffb-1823-49ee-aab0-022efdfc7324", "timestamp": "2026-08-07T11:45:18.638429Z", "trace_id": "b2a71fd09a889d7a3e525ab41ff67c05"}
api-1       | {"claimed": 50, "event": "outbox_dispatch_batch_completed", "lease_lost": 0, "level": "info", "published": 50, "retry_scheduled": 0, "role": "outbox_dispatcher", "timestamp": "2026-08-07T11:45:19.280985Z"}
api-1       | INFO:     172.18.0.1:47584 - "GET /api/v1/runs/29d6275d-a634-40b9-830b-4cd672484ea0 HTTP/1.1" 200 OK
api-1       | {"api_key_prefix": "evk_64f04950db0a", "duration_ms": 192.144, "event": "http_request_completed", "level": "info", "method": "GET", "outcome": "success", "path": "/api/v1/runs/29d6275d-a634-40b9-830b-4cd672484ea0", "request_id": "40d54bff-9407-4b29-a569-6b5303f95c38", "status_code": 200, "tenant_id": "327d2ffb-1823-49ee-aab0-022efdfc7324", "timestamp": "2026-08-07T11:45:19.338403Z", "trace_id": "a6f4c619f923aa0217cdd8b970103332"}
api-1       | {"claimed": 50, "event": "outbox_dispatch_batch_completed", "lease_lost": 0, "level": "info", "published": 50, "retry_scheduled": 0, "role": "outbox_dispatcher", "timestamp": "2026-08-07T11:45:19.972262Z"}
api-1       | INFO:     172.18.0.1:47584 - "GET /api/v1/runs/29d6275d-a634-40b9-830b-4cd672484ea0 HTTP/1.1" 200 OK
api-1       | {"api_key_prefix": "evk_64f04950db0a", "duration_ms": 189.042, "event": "http_request_completed", "level": "info", "method": "GET", "outcome": "success", "path": "/api/v1/runs/29d6275d-a634-40b9-830b-4cd672484ea0", "request_id": "f2d044d7-1beb-4731-83ad-001725e0bd0e", "status_code": 200, "tenant_id": "327d2ffb-1823-49ee-aab0-022efdfc7324", "timestamp": "2026-08-07T11:45:20.032884Z", "trace_id": "b73446ae1d26b9059a83fd1e39b659f8"}
api-1       | {"claimed": 50, "event": "outbox_dispatch_batch_completed", "lease_lost": 0, "level": "info", "published": 50, "retry_scheduled": 0, "role": "outbox_dispatcher", "timestamp": "2026-08-07T11:45:20.685312Z"}
api-1       | INFO:     172.18.0.1:47584 - "GET /api/v1/runs/29d6275d-a634-40b9-830b-4cd672484ea0 HTTP/1.1" 200 OK
api-1       | {"api_key_prefix": "evk_64f04950db0a", "duration_ms": 193.481, "event": "http_request_completed", "level": "info", "method": "GET", "outcome": "success", "path": "/api/v1/runs/29d6275d-a634-40b9-830b-4cd672484ea0", "request_id": "983b874b-87d1-4c22-9373-1da0dc02d977", "status_code": 200, "tenant_id": "327d2ffb-1823-49ee-aab0-022efdfc7324", "timestamp": "2026-08-07T11:45:20.741116Z", "trace_id": "14d5379c0496f9da8b5af2b6441b2652"}
api-1       | {"claimed": 50, "event": "outbox_dispatch_batch_completed", "lease_lost": 0, "level": "info", "published": 50, "retry_scheduled": 0, "role": "outbox_dispatcher", "timestamp": "2026-08-07T11:45:21.375957Z"}
api-1       | INFO:     172.18.0.1:47584 - "GET /api/v1/runs/29d6275d-a634-40b9-830b-4cd672484ea0 HTTP/1.1" 200 OK
api-1       | {"api_key_prefix": "evk_64f04950db0a", "duration_ms": 179.899, "event": "http_request_completed", "level": "info", "method": "GET", "outcome": "success", "path": "/api/v1/runs/29d6275d-a634-40b9-830b-4cd672484ea0", "request_id": "dddb572f-c8fd-4ab6-b2fa-e1cf73163a31", "status_code": 200, "tenant_id": "327d2ffb-1823-49ee-aab0-022efdfc7324", "timestamp": "2026-08-07T11:45:21.426898Z", "trace_id": "a5f76a747bb5c800f4301976388a45d3"}
api-1       | {"claimed": 50, "event": "outbox_dispatch_batch_completed", "lease_lost": 0, "level": "info", "published": 50, "retry_scheduled": 0, "role": "outbox_dispatcher", "timestamp": "2026-08-07T11:45:22.071983Z"}
api-1       | INFO:     172.18.0.1:47584 - "GET /api/v1/runs/29d6275d-a634-40b9-830b-4cd672484ea0 HTTP/1.1" 200 OK
api-1       | {"api_key_prefix": "evk_64f04950db0a", "duration_ms": 194.567, "event": "http_request_completed", "level": "info", "method": "GET", "outcome": "success", "path": "/api/v1/runs/29d6275d-a634-40b9-830b-4cd672484ea0", "request_id": "841fa59d-0de5-450a-beb5-9fd8ee1f2c88", "status_code": 200, "tenant_id": "327d2ffb-1823-49ee-aab0-022efdfc7324", "timestamp": "2026-08-07T11:45:22.131597Z", "trace_id": "546c01b692d95830311285eecafd5f35"}
api-1       | {"event": "Context impl PostgresqlImpl.", "level": "info", "request_id": "34a211fd-19c2-4bfb-8ef4-4a525371eadb", "timestamp": "2026-08-07T11:45:22.828785Z", "trace_id": "4bc2d11a244765ee1dc2d3de78539b20"}
api-1       | {"event": "Will assume transactional DDL.", "level": "info", "request_id": "34a211fd-19c2-4bfb-8ef4-4a525371eadb", "timestamp": "2026-08-07T11:45:22.829204Z", "trace_id": "4bc2d11a244765ee1dc2d3de78539b20"}
api-1       | {"claimed": 50, "event": "outbox_dispatch_batch_completed", "lease_lost": 0, "level": "info", "published": 50, "retry_scheduled": 0, "role": "outbox_dispatcher", "timestamp": "2026-08-07T11:45:22.868733Z"}
api-1       | INFO:     127.0.0.1:51736 - "GET /health/ready HTTP/1.1" 200 OK
api-1       | {"duration_ms": 202.247, "event": "http_request_completed", "level": "info", "method": "GET", "outcome": "success", "path": "/health/ready", "request_id": "34a211fd-19c2-4bfb-8ef4-4a525371eadb", "status_code": 200, "timestamp": "2026-08-07T11:45:22.874759Z", "trace_id": "4bc2d11a244765ee1dc2d3de78539b20"}
api-1       | INFO:     172.18.0.1:47584 - "GET /api/v1/runs/29d6275d-a634-40b9-830b-4cd672484ea0 HTTP/1.1" 200 OK
api-1       | {"api_key_prefix": "evk_64f04950db0a", "duration_ms": 255.919, "event": "http_request_completed", "level": "info", "method": "GET", "outcome": "success", "path": "/api/v1/runs/29d6275d-a634-40b9-830b-4cd672484ea0", "request_id": "c6c041ea-3706-4af0-836a-81c81e64761f", "status_code": 200, "tenant_id": "327d2ffb-1823-49ee-aab0-022efdfc7324", "timestamp": "2026-08-07T11:45:22.926896Z", "trace_id": "8ab5313755cd0ed20523325ee64a1ed8"}
api-1       | {"claimed": 50, "event": "outbox_dispatch_batch_completed", "lease_lost": 0, "level": "info", "published": 50, "retry_scheduled": 0, "role": "outbox_dispatcher", "timestamp": "2026-08-07T11:45:23.628401Z"}
api-1       | INFO:     172.18.0.1:47584 - "GET /api/v1/runs/29d6275d-a634-40b9-830b-4cd672484ea0 HTTP/1.1" 200 OK
api-1       | {"api_key_prefix": "evk_64f04950db0a", "duration_ms": 191.173, "event": "http_request_completed", "level": "info", "method": "GET", "outcome": "success", "path": "/api/v1/runs/29d6275d-a634-40b9-830b-4cd672484ea0", "request_id": "992c3f42-10cc-4da0-aabe-b5b316d395b2", "status_code": 200, "tenant_id": "327d2ffb-1823-49ee-aab0-022efdfc7324", "timestamp": "2026-08-07T11:45:23.688810Z", "trace_id": "0a4622d0d08c7c9b9375c5ea2ea771dc"}
api-1       | {"claimed": 50, "event": "outbox_dispatch_batch_completed", "lease_lost": 0, "level": "info", "published": 50, "retry_scheduled": 0, "role": "outbox_dispatcher", "timestamp": "2026-08-07T11:45:24.326700Z"}
api-1       | INFO:     172.18.0.1:47584 - "GET /api/v1/runs/29d6275d-a634-40b9-830b-4cd672484ea0 HTTP/1.1" 200 OK
api-1       | {"api_key_prefix": "evk_64f04950db0a", "duration_ms": 181.733, "event": "http_request_completed", "level": "info", "method": "GET", "outcome": "success", "path": "/api/v1/runs/29d6275d-a634-40b9-830b-4cd672484ea0", "request_id": "13feac2a-990a-45d0-9fcd-ebdd3e55a8ab", "status_code": 200, "tenant_id": "327d2ffb-1823-49ee-aab0-022efdfc7324", "timestamp": "2026-08-07T11:45:24.381539Z", "trace_id": "6638c7ce2e4e5c12ea4cfb3420a52158"}
api-1       | {"claimed": 50, "event": "outbox_dispatch_batch_completed", "lease_lost": 0, "level": "info", "published": 50, "retry_scheduled": 0, "role": "outbox_dispatcher", "timestamp": "2026-08-07T11:45:25.022332Z"}
api-1       | INFO:     172.18.0.1:47584 - "GET /api/v1/runs/29d6275d-a634-40b9-830b-4cd672484ea0 HTTP/1.1" 200 OK
api-1       | {"api_key_prefix": "evk_64f04950db0a", "duration_ms": 218.775, "event": "http_request_completed", "level": "info", "method": "GET", "outcome": "success", "path": "/api/v1/runs/29d6275d-a634-40b9-830b-4cd672484ea0", "request_id": "eb21a216-edc4-4414-b44d-ac142767372b", "status_code": 200, "tenant_id": "327d2ffb-1823-49ee-aab0-022efdfc7324", "timestamp": "2026-08-07T11:45:25.118136Z", "trace_id": "ab89d7db5959726f75d778347bd4b0b4"}
api-1       | {"claimed": 50, "event": "outbox_dispatch_batch_completed", "lease_lost": 0, "level": "info", "published": 50, "retry_scheduled": 0, "role": "outbox_dispatcher", "timestamp": "2026-08-07T11:45:25.680541Z"}
api-1       | INFO:     172.18.0.1:47584 - "GET /api/v1/runs/29d6275d-a634-40b9-830b-4cd672484ea0 HTTP/1.1" 200 OK
api-1       | {"api_key_prefix": "evk_64f04950db0a", "duration_ms": 108.965, "event": "http_request_completed", "level": "info", "method": "GET", "outcome": "success", "path": "/api/v1/runs/29d6275d-a634-40b9-830b-4cd672484ea0", "request_id": "dd268fdd-edc1-46f2-a2b0-723fb000d796", "status_code": 200, "tenant_id": "327d2ffb-1823-49ee-aab0-022efdfc7324", "timestamp": "2026-08-07T11:45:25.731873Z", "trace_id": "96817f3d36878262776491122f3bd07a"}
api-1       | {"claimed": 50, "event": "outbox_dispatch_batch_completed", "lease_lost": 0, "level": "info", "published": 50, "retry_scheduled": 0, "role": "outbox_dispatcher", "timestamp": "2026-08-07T11:45:26.324226Z"}
api-1       | INFO:     172.18.0.1:47584 - "GET /api/v1/runs/29d6275d-a634-40b9-830b-4cd672484ea0 HTTP/1.1" 200 OK
api-1       | {"api_key_prefix": "evk_64f04950db0a", "duration_ms": 134.759, "event": "http_request_completed", "level": "info", "method": "GET", "outcome": "success", "path": "/api/v1/runs/29d6275d-a634-40b9-830b-4cd672484ea0", "request_id": "a5722038-323b-4c8b-b60b-8de0f6347a9d", "status_code": 200, "tenant_id": "327d2ffb-1823-49ee-aab0-022efdfc7324", "timestamp": "2026-08-07T11:45:26.378596Z", "trace_id": "651c725ec46ca1740e4c9c125fc1c021"}
api-1       | {"claimed": 50, "event": "outbox_dispatch_batch_completed", "lease_lost": 0, "level": "info", "published": 50, "retry_scheduled": 0, "role": "outbox_dispatcher", "timestamp": "2026-08-07T11:45:26.971460Z"}
api-1       | INFO:     172.18.0.1:47584 - "GET /api/v1/runs/29d6275d-a634-40b9-830b-4cd672484ea0 HTTP/1.1" 200 OK
api-1       | {"api_key_prefix": "evk_64f04950db0a", "duration_ms": 129.734, "event": "http_request_completed", "level": "info", "method": "GET", "outcome": "success", "path": "/api/v1/runs/29d6275d-a634-40b9-830b-4cd672484ea0", "request_id": "63b10ef5-d816-474b-9893-c7279f50b6db", "status_code": 200, "tenant_id": "327d2ffb-1823-49ee-aab0-022efdfc7324", "timestamp": "2026-08-07T11:45:27.024392Z", "trace_id": "4cfd2b17913063f930fbb3165f87ac4a"}
api-1       | {"claimed": 50, "event": "outbox_dispatch_batch_completed", "lease_lost": 0, "level": "info", "published": 50, "retry_scheduled": 0, "role": "outbox_dispatcher", "timestamp": "2026-08-07T11:45:27.622197Z"}
api-1       | INFO:     172.18.0.1:47584 - "GET /api/v1/runs/29d6275d-a634-40b9-830b-4cd672484ea0 HTTP/1.1" 200 OK
api-1       | {"api_key_prefix": "evk_64f04950db0a", "duration_ms": 144.33, "event": "http_request_completed", "level": "info", "method": "GET", "outcome": "success", "path": "/api/v1/runs/29d6275d-a634-40b9-830b-4cd672484ea0", "request_id": "d25cc017-381d-4593-af01-eebf09d45ec0", "status_code": 200, "tenant_id": "327d2ffb-1823-49ee-aab0-022efdfc7324", "timestamp": "2026-08-07T11:45:27.672538Z", "trace_id": "1946b7e06b9985ba21562f2fec862445"}
api-1       | INFO:     172.18.0.1:47584 - "GET /api/v1/runs/29d6275d-a634-40b9-830b-4cd672484ea0/cases?limit=200&sort=case_id HTTP/1.1" 200 OK
api-1       | {"api_key_prefix": "evk_64f04950db0a", "duration_ms": 67.419, "event": "http_request_completed", "level": "info", "method": "GET", "outcome": "success", "path": "/api/v1/runs/29d6275d-a634-40b9-830b-4cd672484ea0/cases", "request_id": "b1f4b1aa-e188-4fda-b3b8-ba7079369e46", "status_code": 200, "tenant_id": "327d2ffb-1823-49ee-aab0-022efdfc7324", "timestamp": "2026-08-07T11:45:27.741514Z", "trace_id": "e96be0f6b4ce0cb688b6b18dd172d875"}
api-1       | INFO:     172.18.0.1:47584 - "GET /api/v1/runs/29d6275d-a634-40b9-830b-4cd672484ea0/cases?limit=200&sort=case_id&cursor=eyJkaXJlY3Rpb24iOiJhc2MiLCJlcnJvcl9jb2RlIjpudWxsLCJqb2JfaWQiOiIwMGQ1MDY0Mi04OWIxLTQxYWQtOGU1NS0wNmE1MzA2YThiMzMiLCJtZXRyaWMiOm51bGwsInNvcnQiOiJjYXNlX2lkIiwic3RhdHVzIjpudWxsLCJ2IjoxLCJ2YWx1ZSI6ImxvYWQtMDE5OSJ9 HTTP/1.1" 200 OK
api-1       | {"api_key_prefix": "evk_64f04950db0a", "duration_ms": 72.586, "event": "http_request_completed", "level": "info", "method": "GET", "outcome": "success", "path": "/api/v1/runs/29d6275d-a634-40b9-830b-4cd672484ea0/cases", "request_id": "655998e7-1df2-4215-99f3-32870ceb8573", "status_code": 200, "tenant_id": "327d2ffb-1823-49ee-aab0-022efdfc7324", "timestamp": "2026-08-07T11:45:27.816504Z", "trace_id": "e0dc6c1129ae958ea46a0cba69708127"}
api-1       | INFO:     172.18.0.1:47584 - "GET /api/v1/runs/29d6275d-a634-40b9-830b-4cd672484ea0/cases?limit=200&sort=case_id&cursor=eyJkaXJlY3Rpb24iOiJhc2MiLCJlcnJvcl9jb2RlIjpudWxsLCJqb2JfaWQiOiIwZGMzMWE0MC0zYjhhLTQzZGMtYjJmMC0xN2NjOTRjNjM3ZDQiLCJtZXRyaWMiOm51bGwsInNvcnQiOiJjYXNlX2lkIiwic3RhdHVzIjpudWxsLCJ2IjoxLCJ2YWx1ZSI6ImxvYWQtMDM5OSJ9 HTTP/1.1" 200 OK
api-1       | {"api_key_prefix": "evk_64f04950db0a", "duration_ms": 129.303, "event": "http_request_completed", "level": "info", "method": "GET", "outcome": "success", "path": "/api/v1/runs/29d6275d-a634-40b9-830b-4cd672484ea0/cases", "request_id": "0e8f751f-7b61-4676-ad89-067b41442799", "status_code": 200, "tenant_id": "327d2ffb-1823-49ee-aab0-022efdfc7324", "timestamp": "2026-08-07T11:45:27.949125Z", "trace_id": "1767c36c99627ff1aaa1af9b9c0efa50"}
api-1       | {"event": "Context impl PostgresqlImpl.", "level": "info", "request_id": "a01fc179-52c4-4fe7-a8ba-7546b2e44930", "timestamp": "2026-08-07T11:45:28.638088Z", "trace_id": "8535f7d131e32683d2ad72828c0e2823"}
api-1       | {"event": "Will assume transactional DDL.", "level": "info", "request_id": "a01fc179-52c4-4fe7-a8ba-7546b2e44930", "timestamp": "2026-08-07T11:45:28.638244Z", "trace_id": "8535f7d131e32683d2ad72828c0e2823"}
api-1       | INFO:     127.0.0.1:51748 - "GET /health/ready HTTP/1.1" 200 OK
api-1       | {"duration_ms": 101.624, "event": "http_request_completed", "level": "info", "method": "GET", "outcome": "success", "path": "/health/ready", "request_id": "a01fc179-52c4-4fe7-a8ba-7546b2e44930", "status_code": 200, "timestamp": "2026-08-07T11:45:28.657266Z", "trace_id": "8535f7d131e32683d2ad72828c0e2823"}
api-1       | {"claimed": 50, "event": "outbox_dispatch_batch_completed", "lease_lost": 0, "level": "info", "published": 50, "retry_scheduled": 0, "role": "outbox_dispatcher", "timestamp": "2026-08-07T11:45:28.658402Z"}
api-1       | INFO:     127.0.0.1:51756 - "GET /metrics HTTP/1.1" 200 OK
api-1       | {"duration_ms": 10.877, "event": "http_request_completed", "level": "info", "method": "GET", "outcome": "success", "path": "/metrics", "request_id": "226cfb89-c290-4b4b-8381-55db7c388ad8", "status_code": 200, "timestamp": "2026-08-07T11:45:28.776521Z", "trace_id": "76e3f946a0fd455ee1f801258c8feb6e"}
api-1       | {"claimed": 26, "event": "outbox_dispatch_batch_completed", "lease_lost": 0, "level": "info", "published": 26, "retry_scheduled": 0, "role": "outbox_dispatcher", "timestamp": "2026-08-07T11:45:29.281623Z"}
api-1       | INFO:     172.18.0.1:56020 - "POST /api/v1/runs HTTP/1.1" 202 Accepted
api-1       | {"api_key_prefix": "evk_64f04950db0a", "duration_ms": 73.78, "event": "http_request_completed", "level": "info", "method": "POST", "outcome": "success", "path": "/api/v1/runs", "request_id": "16ad952f-00b8-49b8-be59-397d69230cb8", "status_code": 202, "tenant_id": "327d2ffb-1823-49ee-aab0-022efdfc7324", "timestamp": "2026-08-07T11:45:33.168988Z", "trace_id": "6ebacbf43d5ec384166a96a009cf3971"}
api-1       | INFO:     172.18.0.1:56020 - "GET /api/v1/runs/3537fb75-b078-4958-b71d-44941fa813d4 HTTP/1.1" 200 OK
api-1       | {"api_key_prefix": "evk_64f04950db0a", "duration_ms": 49.034, "event": "http_request_completed", "level": "info", "method": "GET", "outcome": "success", "path": "/api/v1/runs/3537fb75-b078-4958-b71d-44941fa813d4", "request_id": "957d75ef-65d7-468d-8a4d-60e830eb132a", "status_code": 200, "tenant_id": "327d2ffb-1823-49ee-aab0-022efdfc7324", "timestamp": "2026-08-07T11:45:33.219576Z", "trace_id": "ef4d331c38acf949103b33f661df2230"}
api-1       | INFO:     172.18.0.1:56020 - "GET /api/v1/runs/3537fb75-b078-4958-b71d-44941fa813d4 HTTP/1.1" 200 OK
api-1       | {"api_key_prefix": "evk_64f04950db0a", "duration_ms": 115.41, "event": "http_request_completed", "level": "info", "method": "GET", "outcome": "success", "path": "/api/v1/runs/3537fb75-b078-4958-b71d-44941fa813d4", "request_id": "fdf20cc8-9650-4a4b-9753-055823f46b1f", "status_code": 200, "tenant_id": "327d2ffb-1823-49ee-aab0-022efdfc7324", "timestamp": "2026-08-07T11:45:33.837437Z", "trace_id": "539c36366433d2e4defa3dfee7af883c"}
api-1       | {"claimed": 12, "event": "outbox_dispatch_batch_completed", "lease_lost": 0, "level": "info", "published": 12, "retry_scheduled": 0, "role": "outbox_dispatcher", "timestamp": "2026-08-07T11:45:33.995023Z"}
api-1       | {"event": "Context impl PostgresqlImpl.", "level": "info", "request_id": "0dd18417-b9b8-42ba-83e9-90901be65117", "timestamp": "2026-08-07T11:45:34.136016Z", "trace_id": "3d01d1202724e7075095e553c76605be"}
api-1       | {"event": "Will assume transactional DDL.", "level": "info", "request_id": "0dd18417-b9b8-42ba-83e9-90901be65117", "timestamp": "2026-08-07T11:45:34.136172Z", "trace_id": "3d01d1202724e7075095e553c76605be"}
api-1       | INFO:     127.0.0.1:55492 - "GET /health/ready HTTP/1.1" 200 OK
api-1       | {"duration_ms": 22.41, "event": "http_request_completed", "level": "info", "method": "GET", "outcome": "success", "path": "/health/ready", "request_id": "0dd18417-b9b8-42ba-83e9-90901be65117", "status_code": 200, "timestamp": "2026-08-07T11:45:34.141000Z", "trace_id": "3d01d1202724e7075095e553c76605be"}
api-1       | INFO:     172.18.0.1:56020 - "GET /api/v1/runs/3537fb75-b078-4958-b71d-44941fa813d4 HTTP/1.1" 200 OK
api-1       | {"api_key_prefix": "evk_64f04950db0a", "duration_ms": 56.715, "event": "http_request_completed", "level": "info", "method": "GET", "outcome": "success", "path": "/api/v1/runs/3537fb75-b078-4958-b71d-44941fa813d4", "request_id": "9a1e318a-b0cb-4813-8e70-87dcf3fedb75", "status_code": 200, "tenant_id": "327d2ffb-1823-49ee-aab0-022efdfc7324", "timestamp": "2026-08-07T11:45:34.396685Z", "trace_id": "c342cd715621056d762e840b7fd05f1e"}
api-1       | {"claimed": 32, "event": "outbox_dispatch_batch_completed", "lease_lost": 0, "level": "info", "published": 32, "retry_scheduled": 0, "role": "outbox_dispatcher", "timestamp": "2026-08-07T11:45:34.663478Z"}
api-1       | INFO:     172.18.0.1:56020 - "GET /api/v1/runs/3537fb75-b078-4958-b71d-44941fa813d4 HTTP/1.1" 200 OK
api-1       | {"api_key_prefix": "evk_64f04950db0a", "duration_ms": 63.335, "event": "http_request_completed", "level": "info", "method": "GET", "outcome": "success", "path": "/api/v1/runs/3537fb75-b078-4958-b71d-44941fa813d4", "request_id": "96eec2b5-1bb4-4582-9ea7-96404240a76f", "status_code": 200, "tenant_id": "327d2ffb-1823-49ee-aab0-022efdfc7324", "timestamp": "2026-08-07T11:45:34.962716Z", "trace_id": "932dc45617134be22fa5ceef3ca765c3"}
api-1       | {"claimed": 32, "event": "outbox_dispatch_batch_completed", "lease_lost": 0, "level": "info", "published": 32, "retry_scheduled": 0, "role": "outbox_dispatcher", "timestamp": "2026-08-07T11:45:35.303698Z"}
api-1       | INFO:     172.18.0.1:56020 - "GET /api/v1/runs/3537fb75-b078-4958-b71d-44941fa813d4 HTTP/1.1" 200 OK
api-1       | {"api_key_prefix": "evk_64f04950db0a", "duration_ms": 58.006, "event": "http_request_completed", "level": "info", "method": "GET", "outcome": "success", "path": "/api/v1/runs/3537fb75-b078-4958-b71d-44941fa813d4", "request_id": "b2c41c14-6c10-4a57-9694-70b6eda4e1ac", "status_code": 200, "tenant_id": "327d2ffb-1823-49ee-aab0-022efdfc7324", "timestamp": "2026-08-07T11:45:35.523260Z", "trace_id": "64ab54b16379090cb4232983fe22449b"}
api-1       | {"claimed": 27, "event": "outbox_dispatch_batch_completed", "lease_lost": 0, "level": "info", "published": 27, "retry_scheduled": 0, "role": "outbox_dispatcher", "timestamp": "2026-08-07T11:45:35.909550Z"}
api-1       | INFO:     172.18.0.1:56020 - "GET /api/v1/runs/3537fb75-b078-4958-b71d-44941fa813d4 HTTP/1.1" 200 OK
api-1       | {"api_key_prefix": "evk_64f04950db0a", "duration_ms": 52.976, "event": "http_request_completed", "level": "info", "method": "GET", "outcome": "success", "path": "/api/v1/runs/3537fb75-b078-4958-b71d-44941fa813d4", "request_id": "cd06f961-41ee-4a43-a253-af49f3380e00", "status_code": 200, "tenant_id": "327d2ffb-1823-49ee-aab0-022efdfc7324", "timestamp": "2026-08-07T11:45:36.078750Z", "trace_id": "0584115cf618cfff8ed66740f6cf7b4e"}
api-1       | {"claimed": 3, "event": "outbox_dispatch_batch_completed", "lease_lost": 0, "level": "info", "published": 3, "retry_scheduled": 0, "role": "outbox_dispatcher", "timestamp": "2026-08-07T11:45:36.421284Z"}
api-1       | INFO:     172.18.0.1:56020 - "GET /api/v1/runs/3537fb75-b078-4958-b71d-44941fa813d4 HTTP/1.1" 200 OK
api-1       | {"api_key_prefix": "evk_64f04950db0a", "duration_ms": 51.808, "event": "http_request_completed", "level": "info", "method": "GET", "outcome": "success", "path": "/api/v1/runs/3537fb75-b078-4958-b71d-44941fa813d4", "request_id": "5d43ca1c-b351-4f1f-b5ca-3f36fcf0dc8e", "status_code": 200, "tenant_id": "327d2ffb-1823-49ee-aab0-022efdfc7324", "timestamp": "2026-08-07T11:45:36.633373Z", "trace_id": "c38f7b00276ad8de19b7c2f89ebfdb32"}
api-1       | INFO:     172.18.0.1:56020 - "GET /api/v1/runs/3537fb75-b078-4958-b71d-44941fa813d4/cases?limit=200&sort=case_id HTTP/1.1" 200 OK
api-1       | {"api_key_prefix": "evk_64f04950db0a", "duration_ms": 55.278, "event": "http_request_completed", "level": "info", "method": "GET", "outcome": "success", "path": "/api/v1/runs/3537fb75-b078-4958-b71d-44941fa813d4/cases", "request_id": "f6c0718f-80a0-485f-830f-09cb8af141a9", "status_code": 200, "tenant_id": "327d2ffb-1823-49ee-aab0-022efdfc7324", "timestamp": "2026-08-07T11:45:36.690308Z", "trace_id": "dbbf7e01db0aa4966a91ecd6c74ec9a0"}
api-1       | INFO:     127.0.0.1:55512 - "GET /metrics HTTP/1.1" 200 OK
api-1       | {"duration_ms": 11.225, "event": "http_request_completed", "level": "info", "method": "GET", "outcome": "success", "path": "/metrics", "request_id": "e1df3c52-bcce-4cb2-9f73-e83253d024a5", "status_code": 200, "timestamp": "2026-08-07T11:45:37.063858Z", "trace_id": "302c6c0e18daaf1996e8be71221356c1"}
api-1       | INFO:     172.18.0.1:56020 - "POST /api/v1/runs HTTP/1.1" 202 Accepted
api-1       | {"api_key_prefix": "evk_64f04950db0a", "duration_ms": 228.063, "event": "http_request_completed", "level": "info", "method": "POST", "outcome": "success", "path": "/api/v1/runs", "request_id": "7069af35-1ec6-4cfe-a947-626fa498dc7e", "status_code": 202, "tenant_id": "327d2ffb-1823-49ee-aab0-022efdfc7324", "timestamp": "2026-08-07T11:45:37.849078Z", "trace_id": "1dbdd1254033072b73e0447a3c665e58"}
api-1       | INFO:     172.18.0.1:56020 - "GET /api/v1/runs/9727ca1e-6a0a-46c0-8d81-2ae2e721d051 HTTP/1.1" 200 OK
api-1       | {"api_key_prefix": "evk_64f04950db0a", "duration_ms": 48.984, "event": "http_request_completed", "level": "info", "method": "GET", "outcome": "success", "path": "/api/v1/runs/9727ca1e-6a0a-46c0-8d81-2ae2e721d051", "request_id": "20cd5a5b-6f8c-46c4-8d01-53cca46f1400", "status_code": 200, "tenant_id": "327d2ffb-1823-49ee-aab0-022efdfc7324", "timestamp": "2026-08-07T11:45:37.899806Z", "trace_id": "c37e7257a4b46654109c675e371421cb"}
api-1       | {"claimed": 8, "event": "outbox_dispatch_batch_completed", "lease_lost": 0, "level": "info", "published": 8, "retry_scheduled": 0, "role": "outbox_dispatcher", "timestamp": "2026-08-07T11:45:38.483446Z"}
api-1       | INFO:     172.18.0.1:56020 - "GET /api/v1/runs/9727ca1e-6a0a-46c0-8d81-2ae2e721d051 HTTP/1.1" 200 OK
api-1       | {"api_key_prefix": "evk_64f04950db0a", "duration_ms": 86.455, "event": "http_request_completed", "level": "info", "method": "GET", "outcome": "success", "path": "/api/v1/runs/9727ca1e-6a0a-46c0-8d81-2ae2e721d051", "request_id": "6fa415b9-2934-4f4a-ba3c-11e51dba257b", "status_code": 200, "tenant_id": "327d2ffb-1823-49ee-aab0-022efdfc7324", "timestamp": "2026-08-07T11:45:38.488610Z", "trace_id": "504094f0ffa617a25aa2754e8b4246c6"}
api-1       | {"claimed": 26, "event": "outbox_dispatch_batch_completed", "lease_lost": 0, "level": "info", "published": 26, "retry_scheduled": 0, "role": "outbox_dispatcher", "timestamp": "2026-08-07T11:45:39.139392Z"}
api-1       | INFO:     172.18.0.1:56020 - "GET /api/v1/runs/9727ca1e-6a0a-46c0-8d81-2ae2e721d051 HTTP/1.1" 200 OK
api-1       | {"api_key_prefix": "evk_64f04950db0a", "duration_ms": 176.981, "event": "http_request_completed", "level": "info", "method": "GET", "outcome": "success", "path": "/api/v1/runs/9727ca1e-6a0a-46c0-8d81-2ae2e721d051", "request_id": "20787b44-5a25-4b12-b7ee-1e8d9fba1f91", "status_code": 200, "tenant_id": "327d2ffb-1823-49ee-aab0-022efdfc7324", "timestamp": "2026-08-07T11:45:39.168486Z", "trace_id": "bed4bdd5ae1c0bd51699863d2ca4afbf"}
api-1       | {"event": "Context impl PostgresqlImpl.", "level": "info", "request_id": "9fe97906-259b-40e5-870a-9e2d4d2c1697", "timestamp": "2026-08-07T11:45:39.435662Z", "trace_id": "2d25796cf70d7cee02828f1d78e31fc0"}
api-1       | {"event": "Will assume transactional DDL.", "level": "info", "request_id": "9fe97906-259b-40e5-870a-9e2d4d2c1697", "timestamp": "2026-08-07T11:45:39.435765Z", "trace_id": "2d25796cf70d7cee02828f1d78e31fc0"}
api-1       | INFO:     127.0.0.1:55514 - "GET /health/ready HTTP/1.1" 200 OK
api-1       | {"duration_ms": 20.892, "event": "http_request_completed", "level": "info", "method": "GET", "outcome": "success", "path": "/health/ready", "request_id": "9fe97906-259b-40e5-870a-9e2d4d2c1697", "status_code": 200, "timestamp": "2026-08-07T11:45:39.440853Z", "trace_id": "2d25796cf70d7cee02828f1d78e31fc0"}
api-1       | {"claimed": 30, "event": "outbox_dispatch_batch_completed", "lease_lost": 0, "level": "info", "published": 30, "retry_scheduled": 0, "role": "outbox_dispatcher", "timestamp": "2026-08-07T11:45:39.772809Z"}
api-1       | INFO:     172.18.0.1:56020 - "GET /api/v1/runs/9727ca1e-6a0a-46c0-8d81-2ae2e721d051 HTTP/1.1" 200 OK
api-1       | {"api_key_prefix": "evk_64f04950db0a", "duration_ms": 141.18, "event": "http_request_completed", "level": "info", "method": "GET", "outcome": "success", "path": "/api/v1/runs/9727ca1e-6a0a-46c0-8d81-2ae2e721d051", "request_id": "cd74ab6e-1a60-43e5-98c3-c2b84475dfa2", "status_code": 200, "tenant_id": "327d2ffb-1823-49ee-aab0-022efdfc7324", "timestamp": "2026-08-07T11:45:39.828192Z", "trace_id": "ca3137abc154f807feedfe9f19039afe"}
api-1       | {"claimed": 30, "event": "outbox_dispatch_batch_completed", "lease_lost": 0, "level": "info", "published": 30, "retry_scheduled": 0, "role": "outbox_dispatcher", "timestamp": "2026-08-07T11:45:40.390641Z"}
api-1       | INFO:     172.18.0.1:56020 - "GET /api/v1/runs/9727ca1e-6a0a-46c0-8d81-2ae2e721d051 HTTP/1.1" 200 OK
api-1       | {"api_key_prefix": "evk_64f04950db0a", "duration_ms": 99.16, "event": "http_request_completed", "level": "info", "method": "GET", "outcome": "success", "path": "/api/v1/runs/9727ca1e-6a0a-46c0-8d81-2ae2e721d051", "request_id": "234cc3eb-ab5a-474b-9c28-a17a2284cecd", "status_code": 200, "tenant_id": "327d2ffb-1823-49ee-aab0-022efdfc7324", "timestamp": "2026-08-07T11:45:40.446963Z", "trace_id": "4a26dc3b83cecf5b893fca70e20cff76"}
api-1       | {"claimed": 30, "event": "outbox_dispatch_batch_completed", "lease_lost": 0, "level": "info", "published": 30, "retry_scheduled": 0, "role": "outbox_dispatcher", "timestamp": "2026-08-07T11:45:41.008594Z"}
api-1       | INFO:     172.18.0.1:56020 - "GET /api/v1/runs/9727ca1e-6a0a-46c0-8d81-2ae2e721d051 HTTP/1.1" 200 OK
api-1       | {"api_key_prefix": "evk_64f04950db0a", "duration_ms": 104.5, "event": "http_request_completed", "level": "info", "method": "GET", "outcome": "success", "path": "/api/v1/runs/9727ca1e-6a0a-46c0-8d81-2ae2e721d051", "request_id": "5d327bc0-a822-42f3-b9e8-95155120335e", "status_code": 200, "tenant_id": "327d2ffb-1823-49ee-aab0-022efdfc7324", "timestamp": "2026-08-07T11:45:41.067393Z", "trace_id": "8369b73476151603968b76fc39a33a27"}
api-1       | {"claimed": 26, "event": "outbox_dispatch_batch_completed", "lease_lost": 0, "level": "info", "published": 26, "retry_scheduled": 0, "role": "outbox_dispatcher", "timestamp": "2026-08-07T11:45:41.660790Z"}
api-1       | INFO:     172.18.0.1:56020 - "GET /api/v1/runs/9727ca1e-6a0a-46c0-8d81-2ae2e721d051 HTTP/1.1" 200 OK
api-1       | {"api_key_prefix": "evk_64f04950db0a", "duration_ms": 89.753, "event": "http_request_completed", "level": "info", "method": "GET", "outcome": "success", "path": "/api/v1/runs/9727ca1e-6a0a-46c0-8d81-2ae2e721d051", "request_id": "ba3202fc-3bc0-4f89-bce6-a1a66bc05ef5", "status_code": 200, "tenant_id": "327d2ffb-1823-49ee-aab0-022efdfc7324", "timestamp": "2026-08-07T11:45:41.681449Z", "trace_id": "166f1d5536e1534d8846ec65621317a0"}
api-1       | {"claimed": 30, "event": "outbox_dispatch_batch_completed", "lease_lost": 0, "level": "info", "published": 30, "retry_scheduled": 0, "role": "outbox_dispatcher", "timestamp": "2026-08-07T11:45:42.279369Z"}
api-1       | INFO:     172.18.0.1:56020 - "GET /api/v1/runs/9727ca1e-6a0a-46c0-8d81-2ae2e721d051 HTTP/1.1" 200 OK
api-1       | {"api_key_prefix": "evk_64f04950db0a", "duration_ms": 137.663, "event": "http_request_completed", "level": "info", "method": "GET", "outcome": "success", "path": "/api/v1/runs/9727ca1e-6a0a-46c0-8d81-2ae2e721d051", "request_id": "de2353ad-9e8b-4ac4-a85d-3f5e859a62ba", "status_code": 200, "tenant_id": "327d2ffb-1823-49ee-aab0-022efdfc7324", "timestamp": "2026-08-07T11:45:42.338229Z", "trace_id": "6c916fa8d14a3dbc9c411174c0511ff5"}
api-1       | {"claimed": 30, "event": "outbox_dispatch_batch_completed", "lease_lost": 0, "level": "info", "published": 30, "retry_scheduled": 0, "role": "outbox_dispatcher", "timestamp": "2026-08-07T11:45:42.899196Z"}
api-1       | INFO:     172.18.0.1:56020 - "GET /api/v1/runs/9727ca1e-6a0a-46c0-8d81-2ae2e721d051 HTTP/1.1" 200 OK
api-1       | {"api_key_prefix": "evk_64f04950db0a", "duration_ms": 107.65, "event": "http_request_completed", "level": "info", "method": "GET", "outcome": "success", "path": "/api/v1/runs/9727ca1e-6a0a-46c0-8d81-2ae2e721d051", "request_id": "d75731d7-fceb-412e-adda-fcbed3096bda", "status_code": 200, "tenant_id": "327d2ffb-1823-49ee-aab0-022efdfc7324", "timestamp": "2026-08-07T11:45:42.965681Z", "trace_id": "5796fbc34c9d115929b3e230c87d384d"}
api-1       | {"claimed": 30, "event": "outbox_dispatch_batch_completed", "lease_lost": 0, "level": "info", "published": 30, "retry_scheduled": 0, "role": "outbox_dispatcher", "timestamp": "2026-08-07T11:45:43.514895Z"}
api-1       | INFO:     172.18.0.1:56020 - "GET /api/v1/runs/9727ca1e-6a0a-46c0-8d81-2ae2e721d051 HTTP/1.1" 200 OK
api-1       | {"api_key_prefix": "evk_64f04950db0a", "duration_ms": 88.47, "event": "http_request_completed", "level": "info", "method": "GET", "outcome": "success", "path": "/api/v1/runs/9727ca1e-6a0a-46c0-8d81-2ae2e721d051", "request_id": "6de4c682-a1bc-438d-b821-64dd37309047", "status_code": 200, "tenant_id": "327d2ffb-1823-49ee-aab0-022efdfc7324", "timestamp": "2026-08-07T11:45:43.568231Z", "trace_id": "cb86fdff9c6fb7be74820034c5634743"}
api-1       | {"claimed": 28, "event": "outbox_dispatch_batch_completed", "lease_lost": 0, "level": "info", "published": 28, "retry_scheduled": 0, "role": "outbox_dispatcher", "timestamp": "2026-08-07T11:45:44.145426Z"}
api-1       | INFO:     172.18.0.1:56020 - "GET /api/v1/runs/9727ca1e-6a0a-46c0-8d81-2ae2e721d051 HTTP/1.1" 200 OK
api-1       | {"api_key_prefix": "evk_64f04950db0a", "duration_ms": 127.596, "event": "http_request_completed", "level": "info", "method": "GET", "outcome": "success", "path": "/api/v1/runs/9727ca1e-6a0a-46c0-8d81-2ae2e721d051", "request_id": "3ba8ef63-8e40-4ee1-b7d2-1977c3b54a43", "status_code": 200, "tenant_id": "327d2ffb-1823-49ee-aab0-022efdfc7324", "timestamp": "2026-08-07T11:45:44.222353Z", "trace_id": "fc834e0e7dc1efd8a8dd9d57c3b5dea8"}
api-1       | {"event": "Context impl PostgresqlImpl.", "level": "info", "request_id": "b478a548-5803-485f-aabd-af96a66eba4c", "timestamp": "2026-08-07T11:45:44.862748Z", "trace_id": "5dd40cf8a1f7580d26fe242c06731c74"}
api-1       | {"event": "Will assume transactional DDL.", "level": "info", "request_id": "b478a548-5803-485f-aabd-af96a66eba4c", "timestamp": "2026-08-07T11:45:44.862998Z", "trace_id": "5dd40cf8a1f7580d26fe242c06731c74"}
api-1       | {"claimed": 27, "event": "outbox_dispatch_batch_completed", "lease_lost": 0, "level": "info", "published": 27, "retry_scheduled": 0, "role": "outbox_dispatcher", "timestamp": "2026-08-07T11:45:44.865542Z"}
api-1       | INFO:     127.0.0.1:40222 - "GET /health/ready HTTP/1.1" 200 OK
api-1       | {"duration_ms": 44.777, "event": "http_request_completed", "level": "info", "method": "GET", "outcome": "success", "path": "/health/ready", "request_id": "b478a548-5803-485f-aabd-af96a66eba4c", "status_code": 200, "timestamp": "2026-08-07T11:45:44.874601Z", "trace_id": "5dd40cf8a1f7580d26fe242c06731c74"}
api-1       | INFO:     172.18.0.1:56020 - "GET /api/v1/runs/9727ca1e-6a0a-46c0-8d81-2ae2e721d051 HTTP/1.1" 200 OK
api-1       | {"api_key_prefix": "evk_64f04950db0a", "duration_ms": 203.02, "event": "http_request_completed", "level": "info", "method": "GET", "outcome": "success", "path": "/api/v1/runs/9727ca1e-6a0a-46c0-8d81-2ae2e721d051", "request_id": "35337d7f-ad7b-4e2c-9d2f-285fab8ff5a3", "status_code": 200, "tenant_id": "327d2ffb-1823-49ee-aab0-022efdfc7324", "timestamp": "2026-08-07T11:45:44.949084Z", "trace_id": "476badf5c32a5e3d18186e4dae345786"}
api-1       | {"claimed": 33, "event": "outbox_dispatch_batch_completed", "lease_lost": 0, "level": "info", "published": 33, "retry_scheduled": 0, "role": "outbox_dispatcher", "timestamp": "2026-08-07T11:45:45.504475Z"}
api-1       | INFO:     172.18.0.1:56020 - "GET /api/v1/runs/9727ca1e-6a0a-46c0-8d81-2ae2e721d051 HTTP/1.1" 200 OK
api-1       | {"api_key_prefix": "evk_64f04950db0a", "duration_ms": 103.521, "event": "http_request_completed", "level": "info", "method": "GET", "outcome": "success", "path": "/api/v1/runs/9727ca1e-6a0a-46c0-8d81-2ae2e721d051", "request_id": "ca30f4ba-5ed9-454d-bd66-23132ff1a795", "status_code": 200, "tenant_id": "327d2ffb-1823-49ee-aab0-022efdfc7324", "timestamp": "2026-08-07T11:45:45.563417Z", "trace_id": "125e0949e13888897217f660083ba93e"}
api-1       | {"claimed": 30, "event": "outbox_dispatch_batch_completed", "lease_lost": 0, "level": "info", "published": 30, "retry_scheduled": 0, "role": "outbox_dispatcher", "timestamp": "2026-08-07T11:45:46.161448Z"}
api-1       | INFO:     172.18.0.1:56020 - "GET /api/v1/runs/9727ca1e-6a0a-46c0-8d81-2ae2e721d051 HTTP/1.1" 200 OK
api-1       | {"api_key_prefix": "evk_64f04950db0a", "duration_ms": 146.268, "event": "http_request_completed", "level": "info", "method": "GET", "outcome": "success", "path": "/api/v1/runs/9727ca1e-6a0a-46c0-8d81-2ae2e721d051", "request_id": "b9d78672-621a-4190-8045-bc4b031467c8", "status_code": 200, "tenant_id": "327d2ffb-1823-49ee-aab0-022efdfc7324", "timestamp": "2026-08-07T11:45:46.215805Z", "trace_id": "6007b166336512592ee2d43d71f13c64"}
api-1       | {"claimed": 30, "event": "outbox_dispatch_batch_completed", "lease_lost": 0, "level": "info", "published": 30, "retry_scheduled": 0, "role": "outbox_dispatcher", "timestamp": "2026-08-07T11:45:46.782910Z"}
api-1       | INFO:     172.18.0.1:56020 - "GET /api/v1/runs/9727ca1e-6a0a-46c0-8d81-2ae2e721d051 HTTP/1.1" 200 OK
api-1       | {"api_key_prefix": "evk_64f04950db0a", "duration_ms": 98.004, "event": "http_request_completed", "level": "info", "method": "GET", "outcome": "success", "path": "/api/v1/runs/9727ca1e-6a0a-46c0-8d81-2ae2e721d051", "request_id": "4add98ea-9164-4511-a29a-b417f1963d8d", "status_code": 200, "tenant_id": "327d2ffb-1823-49ee-aab0-022efdfc7324", "timestamp": "2026-08-07T11:45:46.836027Z", "trace_id": "329da40039e96ab53328c715e1d83fff"}
api-1       | {"claimed": 30, "event": "outbox_dispatch_batch_completed", "lease_lost": 0, "level": "info", "published": 30, "retry_scheduled": 0, "role": "outbox_dispatcher", "timestamp": "2026-08-07T11:45:47.461483Z"}
api-1       | INFO:     172.18.0.1:56020 - "GET /api/v1/runs/9727ca1e-6a0a-46c0-8d81-2ae2e721d051 HTTP/1.1" 200 OK
api-1       | {"api_key_prefix": "evk_64f04950db0a", "duration_ms": 109.754, "event": "http_request_completed", "level": "info", "method": "GET", "outcome": "success", "path": "/api/v1/runs/9727ca1e-6a0a-46c0-8d81-2ae2e721d051", "request_id": "30ddb8b6-05c4-4ab8-8687-5e88181170b0", "status_code": 200, "tenant_id": "327d2ffb-1823-49ee-aab0-022efdfc7324", "timestamp": "2026-08-07T11:45:47.469242Z", "trace_id": "f95d9ad0617f9e09de8684cb8a998415"}
api-1       | {"claimed": 31, "event": "outbox_dispatch_batch_completed", "lease_lost": 0, "level": "info", "published": 31, "retry_scheduled": 0, "role": "outbox_dispatcher", "timestamp": "2026-08-07T11:45:48.191584Z"}
api-1       | INFO:     172.18.0.1:56020 - "GET /api/v1/runs/9727ca1e-6a0a-46c0-8d81-2ae2e721d051 HTTP/1.1" 200 OK
api-1       | {"api_key_prefix": "evk_64f04950db0a", "duration_ms": 182.097, "event": "http_request_completed", "level": "info", "method": "GET", "outcome": "success", "path": "/api/v1/runs/9727ca1e-6a0a-46c0-8d81-2ae2e721d051", "request_id": "f85d2710-8461-46c8-b904-800bd57c0ba1", "status_code": 200, "tenant_id": "327d2ffb-1823-49ee-aab0-022efdfc7324", "timestamp": "2026-08-07T11:45:48.197968Z", "trace_id": "b990d83462d8c91b7804a95b5766cac2"}
api-1       | {"claimed": 35, "event": "outbox_dispatch_batch_completed", "lease_lost": 0, "level": "info", "published": 35, "retry_scheduled": 0, "role": "outbox_dispatcher", "timestamp": "2026-08-07T11:45:48.883272Z"}
api-1       | INFO:     172.18.0.1:56020 - "GET /api/v1/runs/9727ca1e-6a0a-46c0-8d81-2ae2e721d051 HTTP/1.1" 200 OK
api-1       | {"api_key_prefix": "evk_64f04950db0a", "duration_ms": 185.001, "event": "http_request_completed", "level": "info", "method": "GET", "outcome": "success", "path": "/api/v1/runs/9727ca1e-6a0a-46c0-8d81-2ae2e721d051", "request_id": "17f0b477-95b4-4009-8af8-c901be4c12af", "status_code": 200, "tenant_id": "327d2ffb-1823-49ee-aab0-022efdfc7324", "timestamp": "2026-08-07T11:45:48.886778Z", "trace_id": "5a7bf819584a25070bbecadb73f432ed"}
api-1       | INFO:     172.18.0.1:56020 - "GET /api/v1/runs/9727ca1e-6a0a-46c0-8d81-2ae2e721d051 HTTP/1.1" 200 OK
api-1       | {"api_key_prefix": "evk_64f04950db0a", "duration_ms": 136.432, "event": "http_request_completed", "level": "info", "method": "GET", "outcome": "success", "path": "/api/v1/runs/9727ca1e-6a0a-46c0-8d81-2ae2e721d051", "request_id": "ae1b16a1-b34e-4cd5-9e57-3fadbf76f19c", "status_code": 200, "tenant_id": "327d2ffb-1823-49ee-aab0-022efdfc7324", "timestamp": "2026-08-07T11:45:49.527130Z", "trace_id": "0ad539b8e9e7e7fc02cdab7af7166c5d"}
api-1       | {"claimed": 35, "event": "outbox_dispatch_batch_completed", "lease_lost": 0, "level": "info", "published": 35, "retry_scheduled": 0, "role": "outbox_dispatcher", "timestamp": "2026-08-07T11:45:49.565089Z"}
api-1       | INFO:     172.18.0.1:56020 - "GET /api/v1/runs/9727ca1e-6a0a-46c0-8d81-2ae2e721d051 HTTP/1.1" 200 OK
api-1       | {"api_key_prefix": "evk_64f04950db0a", "duration_ms": 334.653, "event": "http_request_completed", "level": "info", "method": "GET", "outcome": "success", "path": "/api/v1/runs/9727ca1e-6a0a-46c0-8d81-2ae2e721d051", "request_id": "7793c6f7-d4e4-49dc-8bef-573bb963c9cf", "status_code": 200, "tenant_id": "327d2ffb-1823-49ee-aab0-022efdfc7324", "timestamp": "2026-08-07T11:45:50.364465Z", "trace_id": "ac10fea1bb4fe99c8e460e4aca807e73"}
api-1       | {"claimed": 31, "event": "outbox_dispatch_batch_completed", "lease_lost": 0, "level": "info", "published": 31, "retry_scheduled": 0, "role": "outbox_dispatcher", "timestamp": "2026-08-07T11:45:50.365238Z"}
api-1       | {"event": "Context impl PostgresqlImpl.", "level": "info", "request_id": "85e0a6ec-50da-4270-9622-023900e053e1", "timestamp": "2026-08-07T11:45:50.374839Z", "trace_id": "b9c2e85e61fcaedde54283c1206fb4bc"}
api-1       | {"event": "Will assume transactional DDL.", "level": "info", "request_id": "85e0a6ec-50da-4270-9622-023900e053e1", "timestamp": "2026-08-07T11:45:50.374930Z", "trace_id": "b9c2e85e61fcaedde54283c1206fb4bc"}
api-1       | INFO:     127.0.0.1:40246 - "GET /health/ready HTTP/1.1" 200 OK
api-1       | {"duration_ms": 38.357, "event": "http_request_completed", "level": "info", "method": "GET", "outcome": "success", "path": "/health/ready", "request_id": "85e0a6ec-50da-4270-9622-023900e053e1", "status_code": 200, "timestamp": "2026-08-07T11:45:50.380708Z", "trace_id": "b9c2e85e61fcaedde54283c1206fb4bc"}
api-1       | {"claimed": 40, "event": "outbox_dispatch_batch_completed", "lease_lost": 0, "level": "info", "published": 40, "retry_scheduled": 0, "role": "outbox_dispatcher", "timestamp": "2026-08-07T11:45:51.062109Z"}
api-1       | INFO:     172.18.0.1:56020 - "GET /api/v1/runs/9727ca1e-6a0a-46c0-8d81-2ae2e721d051 HTTP/1.1" 200 OK
api-1       | {"api_key_prefix": "evk_64f04950db0a", "duration_ms": 201.779, "event": "http_request_completed", "level": "info", "method": "GET", "outcome": "success", "path": "/api/v1/runs/9727ca1e-6a0a-46c0-8d81-2ae2e721d051", "request_id": "f75ab6be-45c8-4b39-aa1a-7a9b5080c151", "status_code": 200, "tenant_id": "327d2ffb-1823-49ee-aab0-022efdfc7324", "timestamp": "2026-08-07T11:45:51.068743Z", "trace_id": "9cbb334a98e029ee0cd1a3a3dab744ad"}
api-1       | {"claimed": 33, "event": "outbox_dispatch_batch_completed", "lease_lost": 0, "level": "info", "published": 33, "retry_scheduled": 0, "role": "outbox_dispatcher", "timestamp": "2026-08-07T11:45:51.699753Z"}
api-1       | INFO:     172.18.0.1:56020 - "GET /api/v1/runs/9727ca1e-6a0a-46c0-8d81-2ae2e721d051 HTTP/1.1" 200 OK
api-1       | {"api_key_prefix": "evk_64f04950db0a", "duration_ms": 138.172, "event": "http_request_completed", "level": "info", "method": "GET", "outcome": "success", "path": "/api/v1/runs/9727ca1e-6a0a-46c0-8d81-2ae2e721d051", "request_id": "3dad611a-fbd1-4951-862b-44886cccc4e1", "status_code": 200, "tenant_id": "327d2ffb-1823-49ee-aab0-022efdfc7324", "timestamp": "2026-08-07T11:45:51.710624Z", "trace_id": "3b12bb3a6c056a0644c2cd7281dfcc28"}
api-1       | {"claimed": 32, "event": "outbox_dispatch_batch_completed", "lease_lost": 0, "level": "info", "published": 32, "retry_scheduled": 0, "role": "outbox_dispatcher", "timestamp": "2026-08-07T11:45:52.381006Z"}
api-1       | INFO:     172.18.0.1:56020 - "GET /api/v1/runs/9727ca1e-6a0a-46c0-8d81-2ae2e721d051 HTTP/1.1" 200 OK
api-1       | {"api_key_prefix": "evk_64f04950db0a", "duration_ms": 170.283, "event": "http_request_completed", "level": "info", "method": "GET", "outcome": "success", "path": "/api/v1/runs/9727ca1e-6a0a-46c0-8d81-2ae2e721d051", "request_id": "0bc675ce-fa0c-4b84-a3fe-d494c437c556", "status_code": 200, "tenant_id": "327d2ffb-1823-49ee-aab0-022efdfc7324", "timestamp": "2026-08-07T11:45:52.385004Z", "trace_id": "2de960b9a625be9ae43830c54b1243bd"}
api-1       | {"claimed": 33, "event": "outbox_dispatch_batch_completed", "lease_lost": 0, "level": "info", "published": 33, "retry_scheduled": 0, "role": "outbox_dispatcher", "timestamp": "2026-08-07T11:45:53.019264Z"}
api-1       | INFO:     172.18.0.1:56020 - "GET /api/v1/runs/9727ca1e-6a0a-46c0-8d81-2ae2e721d051 HTTP/1.1" 200 OK
api-1       | {"api_key_prefix": "evk_64f04950db0a", "duration_ms": 175.923, "event": "http_request_completed", "level": "info", "method": "GET", "outcome": "success", "path": "/api/v1/runs/9727ca1e-6a0a-46c0-8d81-2ae2e721d051", "request_id": "8a02c235-57c5-4107-944c-ed5bb50af2c5", "status_code": 200, "tenant_id": "327d2ffb-1823-49ee-aab0-022efdfc7324", "timestamp": "2026-08-07T11:45:53.064938Z", "trace_id": "fa13b65d8f6aa14b02e767340498afa3"}
api-1       | {"claimed": 30, "event": "outbox_dispatch_batch_completed", "lease_lost": 0, "level": "info", "published": 30, "retry_scheduled": 0, "role": "outbox_dispatcher", "timestamp": "2026-08-07T11:45:53.670882Z"}
api-1       | INFO:     172.18.0.1:56020 - "GET /api/v1/runs/9727ca1e-6a0a-46c0-8d81-2ae2e721d051 HTTP/1.1" 200 OK
api-1       | {"api_key_prefix": "evk_64f04950db0a", "duration_ms": 145.56, "event": "http_request_completed", "level": "info", "method": "GET", "outcome": "success", "path": "/api/v1/runs/9727ca1e-6a0a-46c0-8d81-2ae2e721d051", "request_id": "24c84808-91bc-4526-bbb3-1670681266f0", "status_code": 200, "tenant_id": "327d2ffb-1823-49ee-aab0-022efdfc7324", "timestamp": "2026-08-07T11:45:53.723007Z", "trace_id": "2a6d08e89f55e0656ea2c82a31c4979e"}
api-1       | {"claimed": 32, "event": "outbox_dispatch_batch_completed", "lease_lost": 0, "level": "info", "published": 32, "retry_scheduled": 0, "role": "outbox_dispatcher", "timestamp": "2026-08-07T11:45:54.297990Z"}
api-1       | INFO:     172.18.0.1:56020 - "GET /api/v1/runs/9727ca1e-6a0a-46c0-8d81-2ae2e721d051 HTTP/1.1" 200 OK
api-1       | {"api_key_prefix": "evk_64f04950db0a", "duration_ms": 117.246, "event": "http_request_completed", "level": "info", "method": "GET", "outcome": "success", "path": "/api/v1/runs/9727ca1e-6a0a-46c0-8d81-2ae2e721d051", "request_id": "de44118e-5233-4053-9997-4904c2ae3915", "status_code": 200, "tenant_id": "327d2ffb-1823-49ee-aab0-022efdfc7324", "timestamp": "2026-08-07T11:45:54.368134Z", "trace_id": "80a82647e6df457f158ddec5eb3d2602"}
api-1       | {"claimed": 30, "event": "outbox_dispatch_batch_completed", "lease_lost": 0, "level": "info", "published": 30, "retry_scheduled": 0, "role": "outbox_dispatcher", "timestamp": "2026-08-07T11:45:54.918953Z"}
api-1       | INFO:     172.18.0.1:56020 - "GET /api/v1/runs/9727ca1e-6a0a-46c0-8d81-2ae2e721d051 HTTP/1.1" 200 OK
api-1       | {"api_key_prefix": "evk_64f04950db0a", "duration_ms": 86.14, "event": "http_request_completed", "level": "info", "method": "GET", "outcome": "success", "path": "/api/v1/runs/9727ca1e-6a0a-46c0-8d81-2ae2e721d051", "request_id": "4757c7ee-d08a-4995-a28b-29555abfe054", "status_code": 200, "tenant_id": "327d2ffb-1823-49ee-aab0-022efdfc7324", "timestamp": "2026-08-07T11:45:54.970337Z", "trace_id": "c838115d78ae182df34cec28d7233c1b"}
api-1       | {"claimed": 28, "event": "outbox_dispatch_batch_completed", "lease_lost": 0, "level": "info", "published": 28, "retry_scheduled": 0, "role": "outbox_dispatcher", "timestamp": "2026-08-07T11:45:55.643494Z"}
api-1       | INFO:     172.18.0.1:56020 - "GET /api/v1/runs/9727ca1e-6a0a-46c0-8d81-2ae2e721d051 HTTP/1.1" 200 OK
api-1       | {"api_key_prefix": "evk_64f04950db0a", "duration_ms": 215.593, "event": "http_request_completed", "level": "info", "method": "GET", "outcome": "success", "path": "/api/v1/runs/9727ca1e-6a0a-46c0-8d81-2ae2e721d051", "request_id": "b01ad8a7-f5be-42a9-a8f5-e831792aa6b5", "status_code": 200, "tenant_id": "327d2ffb-1823-49ee-aab0-022efdfc7324", "timestamp": "2026-08-07T11:45:55.745992Z", "trace_id": "2f962c2b9526cc9b73a92684414afe7b"}
api-1       | {"event": "Context impl PostgresqlImpl.", "level": "info", "request_id": "99ab33d8-52f2-4aa9-9df6-5f4a76b755d9", "timestamp": "2026-08-07T11:45:55.884778Z", "trace_id": "cd5eff07c78edf536ddab2018c7cf70f"}
api-1       | {"event": "Will assume transactional DDL.", "level": "info", "request_id": "99ab33d8-52f2-4aa9-9df6-5f4a76b755d9", "timestamp": "2026-08-07T11:45:55.884917Z", "trace_id": "cd5eff07c78edf536ddab2018c7cf70f"}
api-1       | INFO:     127.0.0.1:59840 - "GET /health/ready HTTP/1.1" 200 OK
api-1       | {"duration_ms": 28.441, "event": "http_request_completed", "level": "info", "method": "GET", "outcome": "success", "path": "/health/ready", "request_id": "99ab33d8-52f2-4aa9-9df6-5f4a76b755d9", "status_code": 200, "timestamp": "2026-08-07T11:45:55.894589Z", "trace_id": "cd5eff07c78edf536ddab2018c7cf70f"}
api-1       | {"claimed": 30, "event": "outbox_dispatch_batch_completed", "lease_lost": 0, "level": "info", "published": 30, "retry_scheduled": 0, "role": "outbox_dispatcher", "timestamp": "2026-08-07T11:45:56.269283Z"}
api-1       | INFO:     172.18.0.1:56020 - "GET /api/v1/runs/9727ca1e-6a0a-46c0-8d81-2ae2e721d051 HTTP/1.1" 200 OK
api-1       | {"api_key_prefix": "evk_64f04950db0a", "duration_ms": 63.437, "event": "http_request_completed", "level": "info", "method": "GET", "outcome": "success", "path": "/api/v1/runs/9727ca1e-6a0a-46c0-8d81-2ae2e721d051", "request_id": "c96ed476-9edf-4525-94ca-2e04559b2a20", "status_code": 200, "tenant_id": "327d2ffb-1823-49ee-aab0-022efdfc7324", "timestamp": "2026-08-07T11:45:56.312278Z", "trace_id": "8b9ba069533378a2679518a625fb6c1f"}
api-1       | {"claimed": 30, "event": "outbox_dispatch_batch_completed", "lease_lost": 0, "level": "info", "published": 30, "retry_scheduled": 0, "role": "outbox_dispatcher", "timestamp": "2026-08-07T11:45:56.894514Z"}
api-1       | INFO:     172.18.0.1:56020 - "GET /api/v1/runs/9727ca1e-6a0a-46c0-8d81-2ae2e721d051 HTTP/1.1" 200 OK
api-1       | {"api_key_prefix": "evk_64f04950db0a", "duration_ms": 127.854, "event": "http_request_completed", "level": "info", "method": "GET", "outcome": "success", "path": "/api/v1/runs/9727ca1e-6a0a-46c0-8d81-2ae2e721d051", "request_id": "c835aa74-9136-4a38-ae77-6dcd9b49b757", "status_code": 200, "tenant_id": "327d2ffb-1823-49ee-aab0-022efdfc7324", "timestamp": "2026-08-07T11:45:56.944643Z", "trace_id": "d9c3e06d28d69540a93e655cabca9687"}
api-1       | {"claimed": 32, "event": "outbox_dispatch_batch_completed", "lease_lost": 0, "level": "info", "published": 32, "retry_scheduled": 0, "role": "outbox_dispatcher", "timestamp": "2026-08-07T11:45:57.576943Z"}
api-1       | INFO:     172.18.0.1:56020 - "GET /api/v1/runs/9727ca1e-6a0a-46c0-8d81-2ae2e721d051 HTTP/1.1" 200 OK
api-1       | {"api_key_prefix": "evk_64f04950db0a", "duration_ms": 151.15, "event": "http_request_completed", "level": "info", "method": "GET", "outcome": "success", "path": "/api/v1/runs/9727ca1e-6a0a-46c0-8d81-2ae2e721d051", "request_id": "2142450d-3aef-4a0b-8431-f412f8438d65", "status_code": 200, "tenant_id": "327d2ffb-1823-49ee-aab0-022efdfc7324", "timestamp": "2026-08-07T11:45:57.631466Z", "trace_id": "5df6f4d842db966d56be367d39b9a77d"}
api-1       | {"claimed": 34, "event": "outbox_dispatch_batch_completed", "lease_lost": 0, "level": "info", "published": 34, "retry_scheduled": 0, "role": "outbox_dispatcher", "timestamp": "2026-08-07T11:45:58.201242Z"}
api-1       | INFO:     172.18.0.1:56020 - "GET /api/v1/runs/9727ca1e-6a0a-46c0-8d81-2ae2e721d051 HTTP/1.1" 200 OK
api-1       | {"api_key_prefix": "evk_64f04950db0a", "duration_ms": 113.304, "event": "http_request_completed", "level": "info", "method": "GET", "outcome": "success", "path": "/api/v1/runs/9727ca1e-6a0a-46c0-8d81-2ae2e721d051", "request_id": "0353fd42-7fd7-4f42-83d8-f10b24f8d85d", "status_code": 200, "tenant_id": "327d2ffb-1823-49ee-aab0-022efdfc7324", "timestamp": "2026-08-07T11:45:58.256491Z", "trace_id": "3dd7b3006292170983eac17165bb020c"}
api-1       | {"claimed": 32, "event": "outbox_dispatch_batch_completed", "lease_lost": 0, "level": "info", "published": 32, "retry_scheduled": 0, "role": "outbox_dispatcher", "timestamp": "2026-08-07T11:45:58.822224Z"}
api-1       | INFO:     172.18.0.1:56020 - "GET /api/v1/runs/9727ca1e-6a0a-46c0-8d81-2ae2e721d051 HTTP/1.1" 200 OK
api-1       | {"api_key_prefix": "evk_64f04950db0a", "duration_ms": 89.469, "event": "http_request_completed", "level": "info", "method": "GET", "outcome": "success", "path": "/api/v1/runs/9727ca1e-6a0a-46c0-8d81-2ae2e721d051", "request_id": "b7fcc4bb-d3e0-4be5-ad89-78bf8acd04f5", "status_code": 200, "tenant_id": "327d2ffb-1823-49ee-aab0-022efdfc7324", "timestamp": "2026-08-07T11:45:58.872611Z", "trace_id": "8fe4a919deab007fb4fc49c01f9d95fc"}
api-1       | {"claimed": 30, "event": "outbox_dispatch_batch_completed", "lease_lost": 0, "level": "info", "published": 30, "retry_scheduled": 0, "role": "outbox_dispatcher", "timestamp": "2026-08-07T11:45:59.469666Z"}
api-1       | INFO:     172.18.0.1:56020 - "GET /api/v1/runs/9727ca1e-6a0a-46c0-8d81-2ae2e721d051 HTTP/1.1" 200 OK
api-1       | {"api_key_prefix": "evk_64f04950db0a", "duration_ms": 142.003, "event": "http_request_completed", "level": "info", "method": "GET", "outcome": "success", "path": "/api/v1/runs/9727ca1e-6a0a-46c0-8d81-2ae2e721d051", "request_id": "5e2c7c06-6798-4688-9b56-ea4119d5fc62", "status_code": 200, "tenant_id": "327d2ffb-1823-49ee-aab0-022efdfc7324", "timestamp": "2026-08-07T11:45:59.528951Z", "trace_id": "c0f0c50441b41050ea146a31da627907"}
api-1       | {"claimed": 30, "event": "outbox_dispatch_batch_completed", "lease_lost": 0, "level": "info", "published": 30, "retry_scheduled": 0, "role": "outbox_dispatcher", "timestamp": "2026-08-07T11:46:00.096590Z"}
api-1       | INFO:     172.18.0.1:56020 - "GET /api/v1/runs/9727ca1e-6a0a-46c0-8d81-2ae2e721d051 HTTP/1.1" 200 OK
api-1       | {"api_key_prefix": "evk_64f04950db0a", "duration_ms": 120.331, "event": "http_request_completed", "level": "info", "method": "GET", "outcome": "success", "path": "/api/v1/runs/9727ca1e-6a0a-46c0-8d81-2ae2e721d051", "request_id": "b1ba5aa5-2665-4057-b276-cfa56b845831", "status_code": 200, "tenant_id": "327d2ffb-1823-49ee-aab0-022efdfc7324", "timestamp": "2026-08-07T11:46:00.170314Z", "trace_id": "b52839325c9b3ec2584bcb5e92f4edcc"}
api-1       | {"claimed": 26, "event": "outbox_dispatch_batch_completed", "lease_lost": 0, "level": "info", "published": 26, "retry_scheduled": 0, "role": "outbox_dispatcher", "timestamp": "2026-08-07T11:46:00.706670Z"}
api-1       | INFO:     172.18.0.1:56020 - "GET /api/v1/runs/9727ca1e-6a0a-46c0-8d81-2ae2e721d051 HTTP/1.1" 200 OK
api-1       | {"api_key_prefix": "evk_64f04950db0a", "duration_ms": 86.581, "event": "http_request_completed", "level": "info", "method": "GET", "outcome": "success", "path": "/api/v1/runs/9727ca1e-6a0a-46c0-8d81-2ae2e721d051", "request_id": "f618efbf-115c-44db-83a1-906dfae95c30", "status_code": 200, "tenant_id": "327d2ffb-1823-49ee-aab0-022efdfc7324", "timestamp": "2026-08-07T11:46:00.766827Z", "trace_id": "764ae686bf35e858f04f5f2649a5e176"}
api-1       | INFO:     172.18.0.1:56020 - "GET /api/v1/runs/9727ca1e-6a0a-46c0-8d81-2ae2e721d051/cases?limit=200&sort=case_id HTTP/1.1" 200 OK
api-1       | {"api_key_prefix": "evk_64f04950db0a", "duration_ms": 67.539, "event": "http_request_completed", "level": "info", "method": "GET", "outcome": "success", "path": "/api/v1/runs/9727ca1e-6a0a-46c0-8d81-2ae2e721d051/cases", "request_id": "5d8e148c-0ead-484a-b11f-22cacd78740a", "status_code": 200, "tenant_id": "327d2ffb-1823-49ee-aab0-022efdfc7324", "timestamp": "2026-08-07T11:46:00.836395Z", "trace_id": "fee7e0d45bbaa2f82c60c40b14c522a8"}
api-1       | INFO:     172.18.0.1:56020 - "GET /api/v1/runs/9727ca1e-6a0a-46c0-8d81-2ae2e721d051/cases?limit=200&sort=case_id&cursor=eyJkaXJlY3Rpb24iOiJhc2MiLCJlcnJvcl9jb2RlIjpudWxsLCJqb2JfaWQiOiIyY2I1NGNhOS1jN2M4LTQ4MmMtOWI1Mi02YTU3OGM5NGNmZWEiLCJtZXRyaWMiOm51bGwsInNvcnQiOiJjYXNlX2lkIiwic3RhdHVzIjpudWxsLCJ2IjoxLCJ2YWx1ZSI6ImxvYWQtMDE5OSJ9 HTTP/1.1" 200 OK
api-1       | {"api_key_prefix": "evk_64f04950db0a", "duration_ms": 65.122, "event": "http_request_completed", "level": "info", "method": "GET", "outcome": "success", "path": "/api/v1/runs/9727ca1e-6a0a-46c0-8d81-2ae2e721d051/cases", "request_id": "ffad0b00-1963-4ec7-abbb-2be48f246e7c", "status_code": 200, "tenant_id": "327d2ffb-1823-49ee-aab0-022efdfc7324", "timestamp": "2026-08-07T11:46:00.903790Z", "trace_id": "fae69801d0f5df70cd3685db80e62b9d"}
api-1       | INFO:     172.18.0.1:56020 - "GET /api/v1/runs/9727ca1e-6a0a-46c0-8d81-2ae2e721d051/cases?limit=200&sort=case_id&cursor=eyJkaXJlY3Rpb24iOiJhc2MiLCJlcnJvcl9jb2RlIjpudWxsLCJqb2JfaWQiOiIzZDM5MmI3Yi1hZmM4LTQ4Y2MtYjFiYi1lODBlNDI0YTkxYzciLCJtZXRyaWMiOm51bGwsInNvcnQiOiJjYXNlX2lkIiwic3RhdHVzIjpudWxsLCJ2IjoxLCJ2YWx1ZSI6ImxvYWQtMDM5OSJ9 HTTP/1.1" 200 OK
api-1       | {"api_key_prefix": "evk_64f04950db0a", "duration_ms": 66.532, "event": "http_request_completed", "level": "info", "method": "GET", "outcome": "success", "path": "/api/v1/runs/9727ca1e-6a0a-46c0-8d81-2ae2e721d051/cases", "request_id": "f0185648-7a87-497b-bd84-6083b7630ec1", "status_code": 200, "tenant_id": "327d2ffb-1823-49ee-aab0-022efdfc7324", "timestamp": "2026-08-07T11:46:00.972703Z", "trace_id": "1ea309219c31430be7eb04ad9e608f38"}
api-1       | {"event": "Context impl PostgresqlImpl.", "level": "info", "request_id": "1bff7945-9aca-48c8-8f34-a78c35c8dfd6", "timestamp": "2026-08-07T11:46:01.360837Z", "trace_id": "81b58c3a8978cdd1583e8b21f1861425"}
api-1       | {"event": "Will assume transactional DDL.", "level": "info", "request_id": "1bff7945-9aca-48c8-8f34-a78c35c8dfd6", "timestamp": "2026-08-07T11:46:01.360991Z", "trace_id": "81b58c3a8978cdd1583e8b21f1861425"}
api-1       | INFO:     127.0.0.1:59854 - "GET /health/ready HTTP/1.1" 200 OK
api-1       | {"duration_ms": 26.283, "event": "http_request_completed", "level": "info", "method": "GET", "outcome": "success", "path": "/health/ready", "request_id": "1bff7945-9aca-48c8-8f34-a78c35c8dfd6", "status_code": 200, "timestamp": "2026-08-07T11:46:01.367403Z", "trace_id": "81b58c3a8978cdd1583e8b21f1861425"}
api-1       | INFO:     127.0.0.1:59860 - "GET /metrics HTTP/1.1" 200 OK
api-1       | {"duration_ms": 10.56, "event": "http_request_completed", "level": "info", "method": "GET", "outcome": "success", "path": "/metrics", "request_id": "46283c3c-86bc-4032-b177-904028dfc167", "status_code": 200, "timestamp": "2026-08-07T11:46:01.517855Z", "trace_id": "4145a18542472f13d22577eb732f2812"}
api-1       | INFO:     172.18.0.1:56020 - "POST /api/v1/runs HTTP/1.1" 202 Accepted
api-1       | {"api_key_prefix": "evk_64f04950db0a", "duration_ms": 73.891, "event": "http_request_completed", "level": "info", "method": "POST", "outcome": "success", "path": "/api/v1/runs", "request_id": "052a197b-7cc8-4b07-8775-4db6d8678301", "status_code": 202, "tenant_id": "327d2ffb-1823-49ee-aab0-022efdfc7324", "timestamp": "2026-08-07T11:46:04.549028Z", "trace_id": "d039150602c8af148f94008229e9bb75"}
api-1       | INFO:     172.18.0.1:56020 - "GET /api/v1/runs/35fae1b6-108c-4084-85e6-f7309edab08f HTTP/1.1" 200 OK
api-1       | {"api_key_prefix": "evk_64f04950db0a", "duration_ms": 49.502, "event": "http_request_completed", "level": "info", "method": "GET", "outcome": "success", "path": "/api/v1/runs/35fae1b6-108c-4084-85e6-f7309edab08f", "request_id": "b9263151-625a-4133-bc52-7fb0ae646577", "status_code": 200, "tenant_id": "327d2ffb-1823-49ee-aab0-022efdfc7324", "timestamp": "2026-08-07T11:46:04.600039Z", "trace_id": "d168e83d6b98929e074e442b93f22826"}
api-1       | INFO:     172.18.0.1:56020 - "GET /api/v1/runs/35fae1b6-108c-4084-85e6-f7309edab08f HTTP/1.1" 200 OK
api-1       | {"api_key_prefix": "evk_64f04950db0a", "duration_ms": 52.505, "event": "http_request_completed", "level": "info", "method": "GET", "outcome": "success", "path": "/api/v1/runs/35fae1b6-108c-4084-85e6-f7309edab08f", "request_id": "775ce57e-99ec-4433-b98f-6ec904444bcd", "status_code": 200, "tenant_id": "327d2ffb-1823-49ee-aab0-022efdfc7324", "timestamp": "2026-08-07T11:46:05.154952Z", "trace_id": "dd37b74ccde20a693e00bd1b02967116"}
api-1       | {"claimed": 13, "event": "outbox_dispatch_batch_completed", "lease_lost": 0, "level": "info", "published": 13, "retry_scheduled": 0, "role": "outbox_dispatcher", "timestamp": "2026-08-07T11:46:05.333078Z"}
api-1       | INFO:     172.18.0.1:56020 - "GET /api/v1/runs/35fae1b6-108c-4084-85e6-f7309edab08f HTTP/1.1" 200 OK
api-1       | {"api_key_prefix": "evk_64f04950db0a", "duration_ms": 52.346, "event": "http_request_completed", "level": "info", "method": "GET", "outcome": "success", "path": "/api/v1/runs/35fae1b6-108c-4084-85e6-f7309edab08f", "request_id": "e8d47289-e87f-4be6-97f7-e161926b47d6", "status_code": 200, "tenant_id": "327d2ffb-1823-49ee-aab0-022efdfc7324", "timestamp": "2026-08-07T11:46:05.709511Z", "trace_id": "51eb00e18f2b374c9fe144789d182283"}
api-1       | {"claimed": 29, "event": "outbox_dispatch_batch_completed", "lease_lost": 0, "level": "info", "published": 29, "retry_scheduled": 0, "role": "outbox_dispatcher", "timestamp": "2026-08-07T11:46:05.968000Z"}
api-1       | INFO:     172.18.0.1:56020 - "GET /api/v1/runs/35fae1b6-108c-4084-85e6-f7309edab08f HTTP/1.1" 200 OK
api-1       | {"api_key_prefix": "evk_64f04950db0a", "duration_ms": 57.337, "event": "http_request_completed", "level": "info", "method": "GET", "outcome": "success", "path": "/api/v1/runs/35fae1b6-108c-4084-85e6-f7309edab08f", "request_id": "4f9da296-a667-4387-889e-2e97e5873a86", "status_code": 200, "tenant_id": "327d2ffb-1823-49ee-aab0-022efdfc7324", "timestamp": "2026-08-07T11:46:06.269675Z", "trace_id": "9c72e3a74bc270e1bbb9742d65feb7a5"}
api-1       | {"claimed": 28, "event": "outbox_dispatch_batch_completed", "lease_lost": 0, "level": "info", "published": 28, "retry_scheduled": 0, "role": "outbox_dispatcher", "timestamp": "2026-08-07T11:46:06.731551Z"}
api-1       | {"event": "Context impl PostgresqlImpl.", "level": "info", "request_id": "e9a845ef-9d93-4321-b467-640de2153270", "timestamp": "2026-08-07T11:46:06.849030Z", "trace_id": "8430cfcc660e1ed9b70a1687383e5a47"}
api-1       | {"event": "Will assume transactional DDL.", "level": "info", "request_id": "e9a845ef-9d93-4321-b467-640de2153270", "timestamp": "2026-08-07T11:46:06.849250Z", "trace_id": "8430cfcc660e1ed9b70a1687383e5a47"}
api-1       | INFO:     127.0.0.1:57392 - "GET /health/ready HTTP/1.1" 200 OK
api-1       | {"duration_ms": 23.551, "event": "http_request_completed", "level": "info", "method": "GET", "outcome": "success", "path": "/health/ready", "request_id": "e9a845ef-9d93-4321-b467-640de2153270", "status_code": 200, "timestamp": "2026-08-07T11:46:06.856004Z", "trace_id": "8430cfcc660e1ed9b70a1687383e5a47"}
api-1       | INFO:     172.18.0.1:56020 - "GET /api/v1/runs/35fae1b6-108c-4084-85e6-f7309edab08f HTTP/1.1" 200 OK
api-1       | {"api_key_prefix": "evk_64f04950db0a", "duration_ms": 91.064, "event": "http_request_completed", "level": "info", "method": "GET", "outcome": "success", "path": "/api/v1/runs/35fae1b6-108c-4084-85e6-f7309edab08f", "request_id": "79cf2146-d8b7-4e78-8ecb-4286a0b71888", "status_code": 200, "tenant_id": "327d2ffb-1823-49ee-aab0-022efdfc7324", "timestamp": "2026-08-07T11:46:06.863261Z", "trace_id": "7204912782a4565adb9faebe23bd1d25"}
api-1       | {"claimed": 32, "event": "outbox_dispatch_batch_completed", "lease_lost": 0, "level": "info", "published": 32, "retry_scheduled": 0, "role": "outbox_dispatcher", "timestamp": "2026-08-07T11:46:07.369838Z"}
api-1       | INFO:     172.18.0.1:56020 - "GET /api/v1/runs/35fae1b6-108c-4084-85e6-f7309edab08f HTTP/1.1" 200 OK
api-1       | {"api_key_prefix": "evk_64f04950db0a", "duration_ms": 57.229, "event": "http_request_completed", "level": "info", "method": "GET", "outcome": "success", "path": "/api/v1/runs/35fae1b6-108c-4084-85e6-f7309edab08f", "request_id": "13a158fb-a0bf-40e8-92f1-891dedb74ba3", "status_code": 200, "tenant_id": "327d2ffb-1823-49ee-aab0-022efdfc7324", "timestamp": "2026-08-07T11:46:07.424607Z", "trace_id": "79a5a538fc62fa64e351b8c97debb7bc"}
api-1       | INFO:     172.18.0.1:56020 - "GET /api/v1/runs/35fae1b6-108c-4084-85e6-f7309edab08f/cases?limit=200&sort=case_id HTTP/1.1" 200 OK
api-1       | {"api_key_prefix": "evk_64f04950db0a", "duration_ms": 57.625, "event": "http_request_completed", "level": "info", "method": "GET", "outcome": "success", "path": "/api/v1/runs/35fae1b6-108c-4084-85e6-f7309edab08f/cases", "request_id": "42b47aa7-4886-4e67-9a21-c2ffbf21ef6d", "status_code": 200, "tenant_id": "327d2ffb-1823-49ee-aab0-022efdfc7324", "timestamp": "2026-08-07T11:46:07.483838Z", "trace_id": "add6330a7e56ceb0ae3e579719fbee10"}
api-1       | INFO:     127.0.0.1:57400 - "GET /metrics HTTP/1.1" 200 OK
api-1       | {"duration_ms": 12.108, "event": "http_request_completed", "level": "info", "method": "GET", "outcome": "success", "path": "/metrics", "request_id": "4e1ff31e-00b6-4a40-94f1-a9833663b246", "status_code": 200, "timestamp": "2026-08-07T11:46:07.868127Z", "trace_id": "f9dcb39b0a9c3fb4add93279a31f1288"}
api-1       | INFO:     172.18.0.1:56020 - "POST /api/v1/runs HTTP/1.1" 202 Accepted
api-1       | {"api_key_prefix": "evk_64f04950db0a", "duration_ms": 262.069, "event": "http_request_completed", "level": "info", "method": "POST", "outcome": "success", "path": "/api/v1/runs", "request_id": "9d003615-b106-4ced-8d21-9c4f32017c9a", "status_code": 202, "tenant_id": "327d2ffb-1823-49ee-aab0-022efdfc7324", "timestamp": "2026-08-07T11:46:08.693820Z", "trace_id": "dd2d61e1b0b238819dec239b5fc1cc77"}
api-1       | INFO:     172.18.0.1:56020 - "GET /api/v1/runs/454e3fd0-1feb-4572-b259-fbba0474365e HTTP/1.1" 200 OK
api-1       | {"api_key_prefix": "evk_64f04950db0a", "duration_ms": 49.464, "event": "http_request_completed", "level": "info", "method": "GET", "outcome": "success", "path": "/api/v1/runs/454e3fd0-1feb-4572-b259-fbba0474365e", "request_id": "a84c4410-0514-4862-8449-5909fad08497", "status_code": 200, "tenant_id": "327d2ffb-1823-49ee-aab0-022efdfc7324", "timestamp": "2026-08-07T11:46:08.745436Z", "trace_id": "acc4f1c5d22dee8260cc712c50680a27"}
api-1       | INFO:     172.18.0.1:56020 - "GET /api/v1/runs/454e3fd0-1feb-4572-b259-fbba0474365e HTTP/1.1" 200 OK
api-1       | {"api_key_prefix": "evk_64f04950db0a", "duration_ms": 57.566, "event": "http_request_completed", "level": "info", "method": "GET", "outcome": "success", "path": "/api/v1/runs/454e3fd0-1feb-4572-b259-fbba0474365e", "request_id": "3373025c-d49f-4bd1-abe7-06b5c1ca9216", "status_code": 200, "tenant_id": "327d2ffb-1823-49ee-aab0-022efdfc7324", "timestamp": "2026-08-07T11:46:09.305694Z", "trace_id": "d8f8fe9a6a53454825845653caab9c90"}
api-1       | {"claimed": 14, "event": "outbox_dispatch_batch_completed", "lease_lost": 0, "level": "info", "published": 14, "retry_scheduled": 0, "role": "outbox_dispatcher", "timestamp": "2026-08-07T11:46:09.486994Z"}
api-1       | INFO:     172.18.0.1:56020 - "GET /api/v1/runs/454e3fd0-1feb-4572-b259-fbba0474365e HTTP/1.1" 200 OK
api-1       | {"api_key_prefix": "evk_64f04950db0a", "duration_ms": 51.395, "event": "http_request_completed", "level": "info", "method": "GET", "outcome": "success", "path": "/api/v1/runs/454e3fd0-1feb-4572-b259-fbba0474365e", "request_id": "9a4de053-d192-4089-b066-136add229849", "status_code": 200, "tenant_id": "327d2ffb-1823-49ee-aab0-022efdfc7324", "timestamp": "2026-08-07T11:46:09.859853Z", "trace_id": "97b98fbf8510ff6f61a4767603f30b54"}
api-1       | {"claimed": 28, "event": "outbox_dispatch_batch_completed", "lease_lost": 0, "level": "info", "published": 28, "retry_scheduled": 0, "role": "outbox_dispatcher", "timestamp": "2026-08-07T11:46:10.106339Z"}
api-1       | INFO:     172.18.0.1:56020 - "GET /api/v1/runs/454e3fd0-1feb-4572-b259-fbba0474365e HTTP/1.1" 200 OK
api-1       | {"api_key_prefix": "evk_64f04950db0a", "duration_ms": 57.928, "event": "http_request_completed", "level": "info", "method": "GET", "outcome": "success", "path": "/api/v1/runs/454e3fd0-1feb-4572-b259-fbba0474365e", "request_id": "ded7161d-739c-41d8-9125-3f60aff787e4", "status_code": 200, "tenant_id": "327d2ffb-1823-49ee-aab0-022efdfc7324", "timestamp": "2026-08-07T11:46:10.420215Z", "trace_id": "71a58ed4b3f14e359fb3264323dcc511"}
api-1       | {"claimed": 26, "event": "outbox_dispatch_batch_completed", "lease_lost": 0, "level": "info", "published": 26, "retry_scheduled": 0, "role": "outbox_dispatcher", "timestamp": "2026-08-07T11:46:10.762702Z"}
api-1       | INFO:     172.18.0.1:56020 - "GET /api/v1/runs/454e3fd0-1feb-4572-b259-fbba0474365e HTTP/1.1" 200 OK
api-1       | {"api_key_prefix": "evk_64f04950db0a", "duration_ms": 56.993, "event": "http_request_completed", "level": "info", "method": "GET", "outcome": "success", "path": "/api/v1/runs/454e3fd0-1feb-4572-b259-fbba0474365e", "request_id": "b64106c0-454e-432b-b21d-f5b131440e6d", "status_code": 200, "tenant_id": "327d2ffb-1823-49ee-aab0-022efdfc7324", "timestamp": "2026-08-07T11:46:10.979986Z", "trace_id": "1ede24e98141edec78e2a50a11450c5c"}
api-1       | {"claimed": 30, "event": "outbox_dispatch_batch_completed", "lease_lost": 0, "level": "info", "published": 30, "retry_scheduled": 0, "role": "outbox_dispatcher", "timestamp": "2026-08-07T11:46:11.381383Z"}
api-1       | INFO:     172.18.0.1:56020 - "GET /api/v1/runs/454e3fd0-1feb-4572-b259-fbba0474365e HTTP/1.1" 200 OK
api-1       | {"api_key_prefix": "evk_64f04950db0a", "duration_ms": 56.64, "event": "http_request_completed", "level": "info", "method": "GET", "outcome": "success", "path": "/api/v1/runs/454e3fd0-1feb-4572-b259-fbba0474365e", "request_id": "2eda69c3-ff2c-453f-a29e-4ee7eaf69c45", "status_code": 200, "tenant_id": "327d2ffb-1823-49ee-aab0-022efdfc7324", "timestamp": "2026-08-07T11:46:11.539877Z", "trace_id": "bf78e206a1d7c06da3e802e395a39839"}
api-1       | {"claimed": 29, "event": "outbox_dispatch_batch_completed", "lease_lost": 0, "level": "info", "published": 29, "retry_scheduled": 0, "role": "outbox_dispatcher", "timestamp": "2026-08-07T11:46:12.061192Z"}
api-1       | INFO:     172.18.0.1:56020 - "GET /api/v1/runs/454e3fd0-1feb-4572-b259-fbba0474365e HTTP/1.1" 200 OK
api-1       | {"api_key_prefix": "evk_64f04950db0a", "duration_ms": 125.271, "event": "http_request_completed", "level": "info", "method": "GET", "outcome": "success", "path": "/api/v1/runs/454e3fd0-1feb-4572-b259-fbba0474365e", "request_id": "b659314e-c6a0-4567-a26d-2156d9b915c9", "status_code": 200, "tenant_id": "327d2ffb-1823-49ee-aab0-022efdfc7324", "timestamp": "2026-08-07T11:46:12.169784Z", "trace_id": "3b6239e8d626d00e49af25c5eead0357"}
api-1       | {"event": "Context impl PostgresqlImpl.", "level": "info", "request_id": "e829d3bd-5ec5-4b7f-a64a-03b94c6433c7", "timestamp": "2026-08-07T11:46:12.326746Z", "trace_id": "fe80b2eb4b083a02a13c8db5b560728b"}
api-1       | {"event": "Will assume transactional DDL.", "level": "info", "request_id": "e829d3bd-5ec5-4b7f-a64a-03b94c6433c7", "timestamp": "2026-08-07T11:46:12.326856Z", "trace_id": "fe80b2eb4b083a02a13c8db5b560728b"}
api-1       | INFO:     127.0.0.1:48224 - "GET /health/ready HTTP/1.1" 200 OK
api-1       | {"duration_ms": 23.882, "event": "http_request_completed", "level": "info", "method": "GET", "outcome": "success", "path": "/health/ready", "request_id": "e829d3bd-5ec5-4b7f-a64a-03b94c6433c7", "status_code": 200, "timestamp": "2026-08-07T11:46:12.332277Z", "trace_id": "fe80b2eb4b083a02a13c8db5b560728b"}
api-1       | {"claimed": 31, "event": "outbox_dispatch_batch_completed", "lease_lost": 0, "level": "info", "published": 31, "retry_scheduled": 0, "role": "outbox_dispatcher", "timestamp": "2026-08-07T11:46:12.683687Z"}
api-1       | INFO:     172.18.0.1:56020 - "GET /api/v1/runs/454e3fd0-1feb-4572-b259-fbba0474365e HTTP/1.1" 200 OK
api-1       | {"api_key_prefix": "evk_64f04950db0a", "duration_ms": 67.292, "event": "http_request_completed", "level": "info", "method": "GET", "outcome": "success", "path": "/api/v1/runs/454e3fd0-1feb-4572-b259-fbba0474365e", "request_id": "f85ca235-1eb8-4737-99f9-2695a0ff462b", "status_code": 200, "tenant_id": "327d2ffb-1823-49ee-aab0-022efdfc7324", "timestamp": "2026-08-07T11:46:12.741451Z", "trace_id": "d7dde003c33d98be76f714520bdb739b"}
api-1       | {"claimed": 29, "event": "outbox_dispatch_batch_completed", "lease_lost": 0, "level": "info", "published": 29, "retry_scheduled": 0, "role": "outbox_dispatcher", "timestamp": "2026-08-07T11:46:13.307401Z"}
api-1       | INFO:     172.18.0.1:56020 - "GET /api/v1/runs/454e3fd0-1feb-4572-b259-fbba0474365e HTTP/1.1" 200 OK
api-1       | {"api_key_prefix": "evk_64f04950db0a", "duration_ms": 103.886, "event": "http_request_completed", "level": "info", "method": "GET", "outcome": "success", "path": "/api/v1/runs/454e3fd0-1feb-4572-b259-fbba0474365e", "request_id": "15136a5c-2d2b-43b7-9262-a67a72f3f171", "status_code": 200, "tenant_id": "327d2ffb-1823-49ee-aab0-022efdfc7324", "timestamp": "2026-08-07T11:46:13.369141Z", "trace_id": "5e70c5ee6eb3e8707bce84e1bf078ffd"}
api-1       | {"claimed": 29, "event": "outbox_dispatch_batch_completed", "lease_lost": 0, "level": "info", "published": 29, "retry_scheduled": 0, "role": "outbox_dispatcher", "timestamp": "2026-08-07T11:46:13.961753Z"}
api-1       | INFO:     172.18.0.1:56020 - "GET /api/v1/runs/454e3fd0-1feb-4572-b259-fbba0474365e HTTP/1.1" 200 OK
api-1       | {"api_key_prefix": "evk_64f04950db0a", "duration_ms": 125.391, "event": "http_request_completed", "level": "info", "method": "GET", "outcome": "success", "path": "/api/v1/runs/454e3fd0-1feb-4572-b259-fbba0474365e", "request_id": "3db1ff0d-dfab-4fc4-8703-ab162c57949f", "status_code": 200, "tenant_id": "327d2ffb-1823-49ee-aab0-022efdfc7324", "timestamp": "2026-08-07T11:46:14.017838Z", "trace_id": "874bb7cf6676c5840deb0597d8d10479"}
api-1       | {"claimed": 30, "event": "outbox_dispatch_batch_completed", "lease_lost": 0, "level": "info", "published": 30, "retry_scheduled": 0, "role": "outbox_dispatcher", "timestamp": "2026-08-07T11:46:14.583776Z"}
api-1       | INFO:     172.18.0.1:56020 - "GET /api/v1/runs/454e3fd0-1feb-4572-b259-fbba0474365e HTTP/1.1" 200 OK
api-1       | {"api_key_prefix": "evk_64f04950db0a", "duration_ms": 83.24, "event": "http_request_completed", "level": "info", "method": "GET", "outcome": "success", "path": "/api/v1/runs/454e3fd0-1feb-4572-b259-fbba0474365e", "request_id": "18667283-0f07-450e-87c4-5264335d18f1", "status_code": 200, "tenant_id": "327d2ffb-1823-49ee-aab0-022efdfc7324", "timestamp": "2026-08-07T11:46:14.626756Z", "trace_id": "c8ff26190bf46fdd56ddf96eff7edf3e"}
api-1       | {"claimed": 30, "event": "outbox_dispatch_batch_completed", "lease_lost": 0, "level": "info", "published": 30, "retry_scheduled": 0, "role": "outbox_dispatcher", "timestamp": "2026-08-07T11:46:15.292886Z"}
api-1       | INFO:     172.18.0.1:56020 - "GET /api/v1/runs/454e3fd0-1feb-4572-b259-fbba0474365e HTTP/1.1" 200 OK
api-1       | {"api_key_prefix": "evk_64f04950db0a", "duration_ms": 174.304, "event": "http_request_completed", "level": "info", "method": "GET", "outcome": "success", "path": "/api/v1/runs/454e3fd0-1feb-4572-b259-fbba0474365e", "request_id": "29b3d135-d836-40cf-8fe8-c09086b262a5", "status_code": 200, "tenant_id": "327d2ffb-1823-49ee-aab0-022efdfc7324", "timestamp": "2026-08-07T11:46:15.370208Z", "trace_id": "502e5a9469fc681b8a7e977d4c8efca3"}
api-1       | {"claimed": 30, "event": "outbox_dispatch_batch_completed", "lease_lost": 0, "level": "info", "published": 30, "retry_scheduled": 0, "role": "outbox_dispatcher", "timestamp": "2026-08-07T11:46:15.923534Z"}
api-1       | INFO:     172.18.0.1:56020 - "GET /api/v1/runs/454e3fd0-1feb-4572-b259-fbba0474365e HTTP/1.1" 200 OK
api-1       | {"api_key_prefix": "evk_64f04950db0a", "duration_ms": 89.339, "event": "http_request_completed", "level": "info", "method": "GET", "outcome": "success", "path": "/api/v1/runs/454e3fd0-1feb-4572-b259-fbba0474365e", "request_id": "85f3d521-7454-4c9a-b9e9-2f2e123eacd0", "status_code": 200, "tenant_id": "327d2ffb-1823-49ee-aab0-022efdfc7324", "timestamp": "2026-08-07T11:46:15.974764Z", "trace_id": "849a043b775227de686b0707d1d4a0b6"}
api-1       | {"claimed": 30, "event": "outbox_dispatch_batch_completed", "lease_lost": 0, "level": "info", "published": 30, "retry_scheduled": 0, "role": "outbox_dispatcher", "timestamp": "2026-08-07T11:46:16.571860Z"}
api-1       | INFO:     172.18.0.1:56020 - "GET /api/v1/runs/454e3fd0-1feb-4572-b259-fbba0474365e HTTP/1.1" 200 OK
api-1       | {"api_key_prefix": "evk_64f04950db0a", "duration_ms": 144.58, "event": "http_request_completed", "level": "info", "method": "GET", "outcome": "success", "path": "/api/v1/runs/454e3fd0-1feb-4572-b259-fbba0474365e", "request_id": "91a6d7c9-e6e6-4140-bb28-29f313fffec4", "status_code": 200, "tenant_id": "327d2ffb-1823-49ee-aab0-022efdfc7324", "timestamp": "2026-08-07T11:46:16.623442Z", "trace_id": "403748c46eeb82e722c796c3c0d653e8"}
api-1       | {"claimed": 28, "event": "outbox_dispatch_batch_completed", "lease_lost": 0, "level": "info", "published": 28, "retry_scheduled": 0, "role": "outbox_dispatcher", "timestamp": "2026-08-07T11:46:17.195189Z"}
api-1       | INFO:     172.18.0.1:56020 - "GET /api/v1/runs/454e3fd0-1feb-4572-b259-fbba0474365e HTTP/1.1" 200 OK
api-1       | {"api_key_prefix": "evk_64f04950db0a", "duration_ms": 118.08, "event": "http_request_completed", "level": "info", "method": "GET", "outcome": "success", "path": "/api/v1/runs/454e3fd0-1feb-4572-b259-fbba0474365e", "request_id": "4c3f9220-e5a8-448e-96eb-8b6181945e3d", "status_code": 200, "tenant_id": "327d2ffb-1823-49ee-aab0-022efdfc7324", "timestamp": "2026-08-07T11:46:17.261486Z", "trace_id": "30300b4d77749b8a92cf09236a605529"}
api-1       | {"event": "Context impl PostgresqlImpl.", "level": "info", "request_id": "f916e912-fce9-4b18-90ab-e6ea7216e3c7", "timestamp": "2026-08-07T11:46:17.628110Z", "trace_id": "7f4f9e8037d0bc96941d318627197a7d"}
api-1       | {"event": "Will assume transactional DDL.", "level": "info", "request_id": "f916e912-fce9-4b18-90ab-e6ea7216e3c7", "timestamp": "2026-08-07T11:46:17.628262Z", "trace_id": "7f4f9e8037d0bc96941d318627197a7d"}
api-1       | INFO:     127.0.0.1:48248 - "GET /health/ready HTTP/1.1" 200 OK
api-1       | {"duration_ms": 23.43, "event": "http_request_completed", "level": "info", "method": "GET", "outcome": "success", "path": "/health/ready", "request_id": "f916e912-fce9-4b18-90ab-e6ea7216e3c7", "status_code": 200, "timestamp": "2026-08-07T11:46:17.634616Z", "trace_id": "7f4f9e8037d0bc96941d318627197a7d"}
api-1       | {"claimed": 28, "event": "outbox_dispatch_batch_completed", "lease_lost": 0, "level": "info", "published": 28, "retry_scheduled": 0, "role": "outbox_dispatcher", "timestamp": "2026-08-07T11:46:17.812372Z"}
api-1       | INFO:     172.18.0.1:56020 - "GET /api/v1/runs/454e3fd0-1feb-4572-b259-fbba0474365e HTTP/1.1" 200 OK
api-1       | {"api_key_prefix": "evk_64f04950db0a", "duration_ms": 90.276, "event": "http_request_completed", "level": "info", "method": "GET", "outcome": "success", "path": "/api/v1/runs/454e3fd0-1feb-4572-b259-fbba0474365e", "request_id": "424e26bb-7f04-4f0e-9b97-3566a3829702", "status_code": 200, "tenant_id": "327d2ffb-1823-49ee-aab0-022efdfc7324", "timestamp": "2026-08-07T11:46:17.868672Z", "trace_id": "dfa7547e131a15d5a60ad4e039fcf656"}
api-1       | {"claimed": 28, "event": "outbox_dispatch_batch_completed", "lease_lost": 0, "level": "info", "published": 28, "retry_scheduled": 0, "role": "outbox_dispatcher", "timestamp": "2026-08-07T11:46:18.464669Z"}
api-1       | INFO:     172.18.0.1:56020 - "GET /api/v1/runs/454e3fd0-1feb-4572-b259-fbba0474365e HTTP/1.1" 200 OK
api-1       | {"api_key_prefix": "evk_64f04950db0a", "duration_ms": 137.262, "event": "http_request_completed", "level": "info", "method": "GET", "outcome": "success", "path": "/api/v1/runs/454e3fd0-1feb-4572-b259-fbba0474365e", "request_id": "de7a0016-a598-464d-a8d7-91fcaf75b546", "status_code": 200, "tenant_id": "327d2ffb-1823-49ee-aab0-022efdfc7324", "timestamp": "2026-08-07T11:46:18.521392Z", "trace_id": "2c3769eda593ff8abd5d7ef89e117176"}
api-1       | {"claimed": 31, "event": "outbox_dispatch_batch_completed", "lease_lost": 0, "level": "info", "published": 31, "retry_scheduled": 0, "role": "outbox_dispatcher", "timestamp": "2026-08-07T11:46:19.095169Z"}
api-1       | INFO:     172.18.0.1:56020 - "GET /api/v1/runs/454e3fd0-1feb-4572-b259-fbba0474365e HTTP/1.1" 200 OK
api-1       | {"api_key_prefix": "evk_64f04950db0a", "duration_ms": 109.814, "event": "http_request_completed", "level": "info", "method": "GET", "outcome": "success", "path": "/api/v1/runs/454e3fd0-1feb-4572-b259-fbba0474365e", "request_id": "1977045d-b540-4501-90e1-270d55a328fa", "status_code": 200, "tenant_id": "327d2ffb-1823-49ee-aab0-022efdfc7324", "timestamp": "2026-08-07T11:46:19.150787Z", "trace_id": "12f44fff54d1735c31780e66db2ea3f4"}
api-1       | {"claimed": 29, "event": "outbox_dispatch_batch_completed", "lease_lost": 0, "level": "info", "published": 29, "retry_scheduled": 0, "role": "outbox_dispatcher", "timestamp": "2026-08-07T11:46:19.709859Z"}
api-1       | INFO:     172.18.0.1:56020 - "GET /api/v1/runs/454e3fd0-1feb-4572-b259-fbba0474365e HTTP/1.1" 200 OK
api-1       | {"api_key_prefix": "evk_64f04950db0a", "duration_ms": 100.141, "event": "http_request_completed", "level": "info", "method": "GET", "outcome": "success", "path": "/api/v1/runs/454e3fd0-1feb-4572-b259-fbba0474365e", "request_id": "839da5dc-9466-47bd-af22-6ceefcb28cde", "status_code": 200, "tenant_id": "327d2ffb-1823-49ee-aab0-022efdfc7324", "timestamp": "2026-08-07T11:46:19.768115Z", "trace_id": "e0fff276a664be0d8843ad5080a86f51"}
api-1       | {"claimed": 27, "event": "outbox_dispatch_batch_completed", "lease_lost": 0, "level": "info", "published": 27, "retry_scheduled": 0, "role": "outbox_dispatcher", "timestamp": "2026-08-07T11:46:20.374558Z"}
api-1       | INFO:     172.18.0.1:56020 - "GET /api/v1/runs/454e3fd0-1feb-4572-b259-fbba0474365e HTTP/1.1" 200 OK
api-1       | {"api_key_prefix": "evk_64f04950db0a", "duration_ms": 98.375, "event": "http_request_completed", "level": "info", "method": "GET", "outcome": "success", "path": "/api/v1/runs/454e3fd0-1feb-4572-b259-fbba0474365e", "request_id": "20b160a9-7df4-48b2-9a98-159df72e1d0f", "status_code": 200, "tenant_id": "327d2ffb-1823-49ee-aab0-022efdfc7324", "timestamp": "2026-08-07T11:46:20.386791Z", "trace_id": "34e7df18c8ba90e73470c05c198b3e50"}
api-1       | {"claimed": 31, "event": "outbox_dispatch_batch_completed", "lease_lost": 0, "level": "info", "published": 31, "retry_scheduled": 0, "role": "outbox_dispatcher", "timestamp": "2026-08-07T11:46:20.998888Z"}
api-1       | INFO:     172.18.0.1:56020 - "GET /api/v1/runs/454e3fd0-1feb-4572-b259-fbba0474365e HTTP/1.1" 200 OK
api-1       | {"api_key_prefix": "evk_64f04950db0a", "duration_ms": 157.256, "event": "http_request_completed", "level": "info", "method": "GET", "outcome": "success", "path": "/api/v1/runs/454e3fd0-1feb-4572-b259-fbba0474365e", "request_id": "b9a00c08-f29b-4242-a12d-35cd4524391f", "status_code": 200, "tenant_id": "327d2ffb-1823-49ee-aab0-022efdfc7324", "timestamp": "2026-08-07T11:46:21.063439Z", "trace_id": "43ef176a9455926835b6aa436f0037b8"}
api-1       | {"claimed": 30, "event": "outbox_dispatch_batch_completed", "lease_lost": 0, "level": "info", "published": 30, "retry_scheduled": 0, "role": "outbox_dispatcher", "timestamp": "2026-08-07T11:46:21.626975Z"}
api-1       | INFO:     172.18.0.1:56020 - "GET /api/v1/runs/454e3fd0-1feb-4572-b259-fbba0474365e HTTP/1.1" 200 OK
api-1       | {"api_key_prefix": "evk_64f04950db0a", "duration_ms": 125.782, "event": "http_request_completed", "level": "info", "method": "GET", "outcome": "success", "path": "/api/v1/runs/454e3fd0-1feb-4572-b259-fbba0474365e", "request_id": "0888fa24-7bb7-49ea-99d7-2b180b7d0af5", "status_code": 200, "tenant_id": "327d2ffb-1823-49ee-aab0-022efdfc7324", "timestamp": "2026-08-07T11:46:21.713081Z", "trace_id": "78ab8038e6ff0018a5a58966084a9161"}
api-1       | {"claimed": 28, "event": "outbox_dispatch_batch_completed", "lease_lost": 0, "level": "info", "published": 28, "retry_scheduled": 0, "role": "outbox_dispatcher", "timestamp": "2026-08-07T11:46:22.266432Z"}
api-1       | INFO:     172.18.0.1:56020 - "GET /api/v1/runs/454e3fd0-1feb-4572-b259-fbba0474365e HTTP/1.1" 200 OK
api-1       | {"api_key_prefix": "evk_64f04950db0a", "duration_ms": 104.787, "event": "http_request_completed", "level": "info", "method": "GET", "outcome": "success", "path": "/api/v1/runs/454e3fd0-1feb-4572-b259-fbba0474365e", "request_id": "da151169-0361-467a-9bce-c45f3ab65a3c", "status_code": 200, "tenant_id": "327d2ffb-1823-49ee-aab0-022efdfc7324", "timestamp": "2026-08-07T11:46:22.323073Z", "trace_id": "9a093cab407853bb1161e5598f66bbb5"}
api-1       | {"claimed": 30, "event": "outbox_dispatch_batch_completed", "lease_lost": 0, "level": "info", "published": 30, "retry_scheduled": 0, "role": "outbox_dispatcher", "timestamp": "2026-08-07T11:46:23.026782Z"}
api-1       | {"event": "Context impl PostgresqlImpl.", "level": "info", "request_id": "892b0e5f-0e67-4b19-90dc-2369e3bf5adc", "timestamp": "2026-08-07T11:46:23.131140Z", "trace_id": "bde0414e63150eee0d50687a5244a0a2"}
api-1       | {"event": "Will assume transactional DDL.", "level": "info", "request_id": "892b0e5f-0e67-4b19-90dc-2369e3bf5adc", "timestamp": "2026-08-07T11:46:23.131305Z", "trace_id": "bde0414e63150eee0d50687a5244a0a2"}
api-1       | INFO:     127.0.0.1:58100 - "GET /health/ready HTTP/1.1" 200 OK
api-1       | {"duration_ms": 76.891, "event": "http_request_completed", "level": "info", "method": "GET", "outcome": "success", "path": "/health/ready", "request_id": "892b0e5f-0e67-4b19-90dc-2369e3bf5adc", "status_code": 200, "timestamp": "2026-08-07T11:46:23.139926Z", "trace_id": "bde0414e63150eee0d50687a5244a0a2"}
api-1       | INFO:     172.18.0.1:56020 - "GET /api/v1/runs/454e3fd0-1feb-4572-b259-fbba0474365e HTTP/1.1" 200 OK
api-1       | {"api_key_prefix": "evk_64f04950db0a", "duration_ms": 302.136, "event": "http_request_completed", "level": "info", "method": "GET", "outcome": "success", "path": "/api/v1/runs/454e3fd0-1feb-4572-b259-fbba0474365e", "request_id": "ec45d647-59fc-482b-9f7c-8ffcbf66aa8b", "status_code": 200, "tenant_id": "327d2ffb-1823-49ee-aab0-022efdfc7324", "timestamp": "2026-08-07T11:46:23.145522Z", "trace_id": "a749c16db78c11b44dfaa81a7b943ea4"}
api-1       | {"claimed": 36, "event": "outbox_dispatch_batch_completed", "lease_lost": 0, "level": "info", "published": 36, "retry_scheduled": 0, "role": "outbox_dispatcher", "timestamp": "2026-08-07T11:46:23.678614Z"}
api-1       | INFO:     172.18.0.1:56020 - "GET /api/v1/runs/454e3fd0-1feb-4572-b259-fbba0474365e HTTP/1.1" 200 OK
api-1       | {"api_key_prefix": "evk_64f04950db0a", "duration_ms": 77.542, "event": "http_request_completed", "level": "info", "method": "GET", "outcome": "success", "path": "/api/v1/runs/454e3fd0-1feb-4572-b259-fbba0474365e", "request_id": "c1e6c094-1ecb-4f32-bede-dce5febb248e", "status_code": 200, "tenant_id": "327d2ffb-1823-49ee-aab0-022efdfc7324", "timestamp": "2026-08-07T11:46:23.729985Z", "trace_id": "af542ee7747d6fce93cf22bff99ec069"}
api-1       | {"claimed": 30, "event": "outbox_dispatch_batch_completed", "lease_lost": 0, "level": "info", "published": 30, "retry_scheduled": 0, "role": "outbox_dispatcher", "timestamp": "2026-08-07T11:46:24.305620Z"}
api-1       | INFO:     172.18.0.1:56020 - "GET /api/v1/runs/454e3fd0-1feb-4572-b259-fbba0474365e HTTP/1.1" 200 OK
api-1       | {"api_key_prefix": "evk_64f04950db0a", "duration_ms": 122.707, "event": "http_request_completed", "level": "info", "method": "GET", "outcome": "success", "path": "/api/v1/runs/454e3fd0-1feb-4572-b259-fbba0474365e", "request_id": "3c81ad4f-7310-4d55-b72a-fc33d34c6b01", "status_code": 200, "tenant_id": "327d2ffb-1823-49ee-aab0-022efdfc7324", "timestamp": "2026-08-07T11:46:24.371244Z", "trace_id": "203dc50e1e7589b38d407275326f8212"}
api-1       | {"claimed": 29, "event": "outbox_dispatch_batch_completed", "lease_lost": 0, "level": "info", "published": 29, "retry_scheduled": 0, "role": "outbox_dispatcher", "timestamp": "2026-08-07T11:46:24.968148Z"}
api-1       | INFO:     172.18.0.1:56020 - "GET /api/v1/runs/454e3fd0-1feb-4572-b259-fbba0474365e HTTP/1.1" 200 OK
api-1       | {"api_key_prefix": "evk_64f04950db0a", "duration_ms": 140.995, "event": "http_request_completed", "level": "info", "method": "GET", "outcome": "success", "path": "/api/v1/runs/454e3fd0-1feb-4572-b259-fbba0474365e", "request_id": "962ba71d-2a86-4708-9c52-5d62429beab6", "status_code": 200, "tenant_id": "327d2ffb-1823-49ee-aab0-022efdfc7324", "timestamp": "2026-08-07T11:46:25.023788Z", "trace_id": "222c83137e38d369e5ab62c5a1a3eded"}
api-1       | {"claimed": 29, "event": "outbox_dispatch_batch_completed", "lease_lost": 0, "level": "info", "published": 29, "retry_scheduled": 0, "role": "outbox_dispatcher", "timestamp": "2026-08-07T11:46:25.611477Z"}
api-1       | INFO:     172.18.0.1:56020 - "GET /api/v1/runs/454e3fd0-1feb-4572-b259-fbba0474365e HTTP/1.1" 200 OK
api-1       | {"api_key_prefix": "evk_64f04950db0a", "duration_ms": 126.01, "event": "http_request_completed", "level": "info", "method": "GET", "outcome": "success", "path": "/api/v1/runs/454e3fd0-1feb-4572-b259-fbba0474365e", "request_id": "02ad967c-419c-4691-9f9c-9ef8fd0d5db2", "status_code": 200, "tenant_id": "327d2ffb-1823-49ee-aab0-022efdfc7324", "timestamp": "2026-08-07T11:46:25.672027Z", "trace_id": "e37148648fa95bec43c6d728a30aacfe"}
api-1       | {"claimed": 30, "event": "outbox_dispatch_batch_completed", "lease_lost": 0, "level": "info", "published": 30, "retry_scheduled": 0, "role": "outbox_dispatcher", "timestamp": "2026-08-07T11:46:26.265066Z"}
api-1       | INFO:     172.18.0.1:56020 - "GET /api/v1/runs/454e3fd0-1feb-4572-b259-fbba0474365e HTTP/1.1" 200 OK
api-1       | {"api_key_prefix": "evk_64f04950db0a", "duration_ms": 122.207, "event": "http_request_completed", "level": "info", "method": "GET", "outcome": "success", "path": "/api/v1/runs/454e3fd0-1feb-4572-b259-fbba0474365e", "request_id": "49de1e0e-ba64-4294-a00c-0b3e74142b47", "status_code": 200, "tenant_id": "327d2ffb-1823-49ee-aab0-022efdfc7324", "timestamp": "2026-08-07T11:46:26.315098Z", "trace_id": "c8715e5b78769419e78d6a2b6c0f0721"}
api-1       | {"claimed": 30, "event": "outbox_dispatch_batch_completed", "lease_lost": 0, "level": "info", "published": 30, "retry_scheduled": 0, "role": "outbox_dispatcher", "timestamp": "2026-08-07T11:46:26.974738Z"}
api-1       | INFO:     172.18.0.1:56020 - "GET /api/v1/runs/454e3fd0-1feb-4572-b259-fbba0474365e HTTP/1.1" 200 OK
api-1       | {"api_key_prefix": "evk_64f04950db0a", "duration_ms": 176.372, "event": "http_request_completed", "level": "info", "method": "GET", "outcome": "success", "path": "/api/v1/runs/454e3fd0-1feb-4572-b259-fbba0474365e", "request_id": "1d1d32fd-d47f-44f3-804c-9450b588c39a", "status_code": 200, "tenant_id": "327d2ffb-1823-49ee-aab0-022efdfc7324", "timestamp": "2026-08-07T11:46:27.031287Z", "trace_id": "a4328bf37d31bd57e2e50beca03dc201"}
api-1       | {"claimed": 32, "event": "outbox_dispatch_batch_completed", "lease_lost": 0, "level": "info", "published": 32, "retry_scheduled": 0, "role": "outbox_dispatcher", "timestamp": "2026-08-07T11:46:27.606148Z"}
api-1       | INFO:     172.18.0.1:56020 - "GET /api/v1/runs/454e3fd0-1feb-4572-b259-fbba0474365e HTTP/1.1" 200 OK
api-1       | {"api_key_prefix": "evk_64f04950db0a", "duration_ms": 96.764, "event": "http_request_completed", "level": "info", "method": "GET", "outcome": "success", "path": "/api/v1/runs/454e3fd0-1feb-4572-b259-fbba0474365e", "request_id": "a009e5fe-1934-422f-b49c-86d2c9f0ffa6", "status_code": 200, "tenant_id": "327d2ffb-1823-49ee-aab0-022efdfc7324", "timestamp": "2026-08-07T11:46:27.652184Z", "trace_id": "5cf529d4f16d3de43f4f8e4b16cf0eca"}
api-1       | {"claimed": 30, "event": "outbox_dispatch_batch_completed", "lease_lost": 0, "level": "info", "published": 30, "retry_scheduled": 0, "role": "outbox_dispatcher", "timestamp": "2026-08-07T11:46:28.275082Z"}
api-1       | INFO:     172.18.0.1:56020 - "GET /api/v1/runs/454e3fd0-1feb-4572-b259-fbba0474365e HTTP/1.1" 200 OK
api-1       | {"api_key_prefix": "evk_64f04950db0a", "duration_ms": 178.734, "event": "http_request_completed", "level": "info", "method": "GET", "outcome": "success", "path": "/api/v1/runs/454e3fd0-1feb-4572-b259-fbba0474365e", "request_id": "b88242b4-aea1-44cb-8b48-67689400c31e", "status_code": 200, "tenant_id": "327d2ffb-1823-49ee-aab0-022efdfc7324", "timestamp": "2026-08-07T11:46:28.367589Z", "trace_id": "b9df1a03b9217c4355e4ff2c2965ea25"}
api-1       | {"event": "Context impl PostgresqlImpl.", "level": "info", "request_id": "51c7aa7e-aca9-4423-8a6a-651225496113", "timestamp": "2026-08-07T11:46:28.559238Z", "trace_id": "6abdc9caff02959aaf9ced5aed62f0d6"}
api-1       | {"event": "Will assume transactional DDL.", "level": "info", "request_id": "51c7aa7e-aca9-4423-8a6a-651225496113", "timestamp": "2026-08-07T11:46:28.559355Z", "trace_id": "6abdc9caff02959aaf9ced5aed62f0d6"}
api-1       | INFO:     127.0.0.1:58130 - "GET /health/ready HTTP/1.1" 200 OK
api-1       | {"duration_ms": 21.88, "event": "http_request_completed", "level": "info", "method": "GET", "outcome": "success", "path": "/health/ready", "request_id": "51c7aa7e-aca9-4423-8a6a-651225496113", "status_code": 200, "timestamp": "2026-08-07T11:46:28.565413Z", "trace_id": "6abdc9caff02959aaf9ced5aed62f0d6"}
api-1       | {"claimed": 32, "event": "outbox_dispatch_batch_completed", "lease_lost": 0, "level": "info", "published": 32, "retry_scheduled": 0, "role": "outbox_dispatcher", "timestamp": "2026-08-07T11:46:28.906180Z"}
api-1       | INFO:     172.18.0.1:56020 - "GET /api/v1/runs/454e3fd0-1feb-4572-b259-fbba0474365e HTTP/1.1" 200 OK
api-1       | {"api_key_prefix": "evk_64f04950db0a", "duration_ms": 99.232, "event": "http_request_completed", "level": "info", "method": "GET", "outcome": "success", "path": "/api/v1/runs/454e3fd0-1feb-4572-b259-fbba0474365e", "request_id": "64887853-db99-4506-8e3a-fdb1d1ea74d5", "status_code": 200, "tenant_id": "327d2ffb-1823-49ee-aab0-022efdfc7324", "timestamp": "2026-08-07T11:46:28.972212Z", "trace_id": "e20da2981104932b5cd79780c1aee1db"}
api-1       | {"claimed": 28, "event": "outbox_dispatch_batch_completed", "lease_lost": 0, "level": "info", "published": 28, "retry_scheduled": 0, "role": "outbox_dispatcher", "timestamp": "2026-08-07T11:46:29.563896Z"}
api-1       | INFO:     172.18.0.1:56020 - "GET /api/v1/runs/454e3fd0-1feb-4572-b259-fbba0474365e HTTP/1.1" 200 OK
api-1       | {"api_key_prefix": "evk_64f04950db0a", "duration_ms": 88.875, "event": "http_request_completed", "level": "info", "method": "GET", "outcome": "success", "path": "/api/v1/runs/454e3fd0-1feb-4572-b259-fbba0474365e", "request_id": "67cfe695-5e48-4960-9d98-7de5e9b5c7b3", "status_code": 200, "tenant_id": "327d2ffb-1823-49ee-aab0-022efdfc7324", "timestamp": "2026-08-07T11:46:29.578235Z", "trace_id": "cb6691fe83734cf38815d8e79430175c"}
api-1       | {"claimed": 32, "event": "outbox_dispatch_batch_completed", "lease_lost": 0, "level": "info", "published": 32, "retry_scheduled": 0, "role": "outbox_dispatcher", "timestamp": "2026-08-07T11:46:30.195168Z"}
api-1       | INFO:     172.18.0.1:56020 - "GET /api/v1/runs/454e3fd0-1feb-4572-b259-fbba0474365e HTTP/1.1" 200 OK
api-1       | {"api_key_prefix": "evk_64f04950db0a", "duration_ms": 148.971, "event": "http_request_completed", "level": "info", "method": "GET", "outcome": "success", "path": "/api/v1/runs/454e3fd0-1feb-4572-b259-fbba0474365e", "request_id": "8df45a6a-66fc-4d86-991c-8d2f8aa273d1", "status_code": 200, "tenant_id": "327d2ffb-1823-49ee-aab0-022efdfc7324", "timestamp": "2026-08-07T11:46:30.249650Z", "trace_id": "a5a0560175166c3f5100f66887e24665"}
api-1       | {"claimed": 32, "event": "outbox_dispatch_batch_completed", "lease_lost": 0, "level": "info", "published": 32, "retry_scheduled": 0, "role": "outbox_dispatcher", "timestamp": "2026-08-07T11:46:30.860873Z"}
api-1       | INFO:     172.18.0.1:56020 - "GET /api/v1/runs/454e3fd0-1feb-4572-b259-fbba0474365e HTTP/1.1" 200 OK
api-1       | {"api_key_prefix": "evk_64f04950db0a", "duration_ms": 103.273, "event": "http_request_completed", "level": "info", "method": "GET", "outcome": "success", "path": "/api/v1/runs/454e3fd0-1feb-4572-b259-fbba0474365e", "request_id": "a684779e-e023-4f16-9194-2c504015323f", "status_code": 200, "tenant_id": "327d2ffb-1823-49ee-aab0-022efdfc7324", "timestamp": "2026-08-07T11:46:30.870997Z", "trace_id": "4e324db222f1ddaa429b30092601a4cd"}
api-1       | INFO:     172.18.0.1:56020 - "GET /api/v1/runs/454e3fd0-1feb-4572-b259-fbba0474365e/cases?limit=200&sort=case_id HTTP/1.1" 200 OK
api-1       | {"api_key_prefix": "evk_64f04950db0a", "duration_ms": 66.144, "event": "http_request_completed", "level": "info", "method": "GET", "outcome": "success", "path": "/api/v1/runs/454e3fd0-1feb-4572-b259-fbba0474365e/cases", "request_id": "dfdfd149-7305-4a5e-9f84-167f1d983851", "status_code": 200, "tenant_id": "327d2ffb-1823-49ee-aab0-022efdfc7324", "timestamp": "2026-08-07T11:46:30.938856Z", "trace_id": "745ec9d4fa1b6ab2d61c44d01606f4e0"}
api-1       | INFO:     172.18.0.1:56020 - "GET /api/v1/runs/454e3fd0-1feb-4572-b259-fbba0474365e/cases?limit=200&sort=case_id&cursor=eyJkaXJlY3Rpb24iOiJhc2MiLCJlcnJvcl9jb2RlIjpudWxsLCJqb2JfaWQiOiI2ODhjYzFkOC1hODI2LTQyZGMtYTdlMC04ZmJmNTc4OTcxYmMiLCJtZXRyaWMiOm51bGwsInNvcnQiOiJjYXNlX2lkIiwic3RhdHVzIjpudWxsLCJ2IjoxLCJ2YWx1ZSI6ImxvYWQtMDE5OSJ9 HTTP/1.1" 200 OK
api-1       | {"api_key_prefix": "evk_64f04950db0a", "duration_ms": 67.142, "event": "http_request_completed", "level": "info", "method": "GET", "outcome": "success", "path": "/api/v1/runs/454e3fd0-1feb-4572-b259-fbba0474365e/cases", "request_id": "0e204496-c99c-4a36-a60e-f0b32ddaf8d8", "status_code": 200, "tenant_id": "327d2ffb-1823-49ee-aab0-022efdfc7324", "timestamp": "2026-08-07T11:46:31.008516Z", "trace_id": "307b892f2f8855efa7bc154b18c5613e"}
api-1       | INFO:     172.18.0.1:56020 - "GET /api/v1/runs/454e3fd0-1feb-4572-b259-fbba0474365e/cases?limit=200&sort=case_id&cursor=eyJkaXJlY3Rpb24iOiJhc2MiLCJlcnJvcl9jb2RlIjpudWxsLCJqb2JfaWQiOiJkOTE2YTcwZi1hOTI5LTQ2NGItOTFjYy1hYTg2MzY5MjZjZmIiLCJtZXRyaWMiOm51bGwsInNvcnQiOiJjYXNlX2lkIiwic3RhdHVzIjpudWxsLCJ2IjoxLCJ2YWx1ZSI6ImxvYWQtMDM5OSJ9 HTTP/1.1" 200 OK
api-1       | {"api_key_prefix": "evk_64f04950db0a", "duration_ms": 61.355, "event": "http_request_completed", "level": "info", "method": "GET", "outcome": "success", "path": "/api/v1/runs/454e3fd0-1feb-4572-b259-fbba0474365e/cases", "request_id": "2086834e-5a83-4b67-b5fa-56ba92ac29a6", "status_code": 200, "tenant_id": "327d2ffb-1823-49ee-aab0-022efdfc7324", "timestamp": "2026-08-07T11:46:31.072133Z", "trace_id": "276222edcccb59c4314b455bb1882560"}
api-1       | {"claimed": 6, "event": "outbox_dispatch_batch_completed", "lease_lost": 0, "level": "info", "published": 6, "retry_scheduled": 0, "role": "outbox_dispatcher", "timestamp": "2026-08-07T11:46:31.389964Z"}
api-1       | INFO:     127.0.0.1:58132 - "GET /metrics HTTP/1.1" 200 OK
api-1       | {"duration_ms": 10.548, "event": "http_request_completed", "level": "info", "method": "GET", "outcome": "success", "path": "/metrics", "request_id": "d83c6f09-0c19-4699-8c00-d5f105190368", "status_code": 200, "timestamp": "2026-08-07T11:46:31.453527Z", "trace_id": "96c57fd64937c02cec2efd8efb52ce9b"}
api-1       | {"event": "Context impl PostgresqlImpl.", "level": "info", "request_id": "9eea2f82-aadc-4848-967f-88710a5ac736", "timestamp": "2026-08-07T11:46:33.880073Z", "trace_id": "0328c1122aa2b9d82abd4b87b229bd0c"}
api-1       | {"event": "Will assume transactional DDL.", "level": "info", "request_id": "9eea2f82-aadc-4848-967f-88710a5ac736", "timestamp": "2026-08-07T11:46:33.880226Z", "trace_id": "0328c1122aa2b9d82abd4b87b229bd0c"}
api-1       | INFO:     127.0.0.1:51626 - "GET /health/ready HTTP/1.1" 200 OK
api-1       | {"duration_ms": 26.365, "event": "http_request_completed", "level": "info", "method": "GET", "outcome": "success", "path": "/health/ready", "request_id": "9eea2f82-aadc-4848-967f-88710a5ac736", "status_code": 200, "timestamp": "2026-08-07T11:46:33.886491Z", "trace_id": "0328c1122aa2b9d82abd4b87b229bd0c"}
api-1       | INFO:     172.18.0.1:56020 - "POST /api/v1/runs HTTP/1.1" 202 Accepted
api-1       | {"api_key_prefix": "evk_64f04950db0a", "duration_ms": 82.138, "event": "http_request_completed", "level": "info", "method": "POST", "outcome": "success", "path": "/api/v1/runs", "request_id": "16026acd-05b1-4f1a-9c69-600763ee46ba", "status_code": 202, "tenant_id": "327d2ffb-1823-49ee-aab0-022efdfc7324", "timestamp": "2026-08-07T11:46:35.541469Z", "trace_id": "6686f977d139808f913547ac954454c1"}
api-1       | INFO:     172.18.0.1:56020 - "GET /api/v1/runs/743b02d6-f2b9-429f-a0ac-ab8e8c181fa2 HTTP/1.1" 200 OK
api-1       | {"api_key_prefix": "evk_64f04950db0a", "duration_ms": 58.252, "event": "http_request_completed", "level": "info", "method": "GET", "outcome": "success", "path": "/api/v1/runs/743b02d6-f2b9-429f-a0ac-ab8e8c181fa2", "request_id": "5f0f6991-531d-4d21-97c9-323dd0d9ab64", "status_code": 200, "tenant_id": "327d2ffb-1823-49ee-aab0-022efdfc7324", "timestamp": "2026-08-07T11:46:35.601724Z", "trace_id": "b84ea5cd6440e99e70773a03b0d66b74"}
api-1       | {"claimed": 4, "event": "outbox_dispatch_batch_completed", "lease_lost": 0, "level": "info", "published": 4, "retry_scheduled": 0, "role": "outbox_dispatcher", "timestamp": "2026-08-07T11:46:35.935769Z"}
api-1       | INFO:     172.18.0.1:56020 - "GET /api/v1/runs/743b02d6-f2b9-429f-a0ac-ab8e8c181fa2 HTTP/1.1" 200 OK
api-1       | {"api_key_prefix": "evk_64f04950db0a", "duration_ms": 59.403, "event": "http_request_completed", "level": "info", "method": "GET", "outcome": "success", "path": "/api/v1/runs/743b02d6-f2b9-429f-a0ac-ab8e8c181fa2", "request_id": "d570db5f-10b3-4c19-b65f-68dc45967173", "status_code": 200, "tenant_id": "327d2ffb-1823-49ee-aab0-022efdfc7324", "timestamp": "2026-08-07T11:46:36.163962Z", "trace_id": "c301c578e027901bfba91d67b4f4718b"}
api-1       | {"claimed": 24, "event": "outbox_dispatch_batch_completed", "lease_lost": 0, "level": "info", "published": 24, "retry_scheduled": 0, "role": "outbox_dispatcher", "timestamp": "2026-08-07T11:46:36.574153Z"}
api-1       | INFO:     172.18.0.1:56020 - "GET /api/v1/runs/743b02d6-f2b9-429f-a0ac-ab8e8c181fa2 HTTP/1.1" 200 OK
api-1       | {"api_key_prefix": "evk_64f04950db0a", "duration_ms": 60.296, "event": "http_request_completed", "level": "info", "method": "GET", "outcome": "success", "path": "/api/v1/runs/743b02d6-f2b9-429f-a0ac-ab8e8c181fa2", "request_id": "47d8bcbb-ce83-41ca-8cf7-5198578f5f16", "status_code": 200, "tenant_id": "327d2ffb-1823-49ee-aab0-022efdfc7324", "timestamp": "2026-08-07T11:46:36.726721Z", "trace_id": "b3cdd73f7cad1d43a6bee462c081df71"}
api-1       | {"claimed": 50, "event": "outbox_dispatch_batch_completed", "lease_lost": 0, "level": "info", "published": 50, "retry_scheduled": 0, "role": "outbox_dispatcher", "timestamp": "2026-08-07T11:46:37.276916Z"}
api-1       | INFO:     172.18.0.1:56020 - "GET /api/v1/runs/743b02d6-f2b9-429f-a0ac-ab8e8c181fa2 HTTP/1.1" 200 OK
api-1       | {"api_key_prefix": "evk_64f04950db0a", "duration_ms": 87.337, "event": "http_request_completed", "level": "info", "method": "GET", "outcome": "success", "path": "/api/v1/runs/743b02d6-f2b9-429f-a0ac-ab8e8c181fa2", "request_id": "226f4a7d-3451-4434-9789-6f1d64e889bf", "status_code": 200, "tenant_id": "327d2ffb-1823-49ee-aab0-022efdfc7324", "timestamp": "2026-08-07T11:46:37.325511Z", "trace_id": "78d1302154c26f06f433325a6e184658"}
api-1       | {"claimed": 24, "event": "outbox_dispatch_batch_completed", "lease_lost": 0, "level": "info", "published": 24, "retry_scheduled": 0, "role": "outbox_dispatcher", "timestamp": "2026-08-07T11:46:37.883852Z"}
api-1       | INFO:     172.18.0.1:56020 - "GET /api/v1/runs/743b02d6-f2b9-429f-a0ac-ab8e8c181fa2 HTTP/1.1" 200 OK
api-1       | {"api_key_prefix": "evk_64f04950db0a", "duration_ms": 91.391, "event": "http_request_completed", "level": "info", "method": "GET", "outcome": "success", "path": "/api/v1/runs/743b02d6-f2b9-429f-a0ac-ab8e8c181fa2", "request_id": "afafecb8-ffaa-4115-9b7a-8626801300cf", "status_code": 200, "tenant_id": "327d2ffb-1823-49ee-aab0-022efdfc7324", "timestamp": "2026-08-07T11:46:37.936929Z", "trace_id": "43832ad528a7a66516b0b8fe49ab6db8"}
api-1       | INFO:     172.18.0.1:56020 - "GET /api/v1/runs/743b02d6-f2b9-429f-a0ac-ab8e8c181fa2/cases?limit=200&sort=case_id HTTP/1.1" 200 OK
api-1       | {"api_key_prefix": "evk_64f04950db0a", "duration_ms": 58.995, "event": "http_request_completed", "level": "info", "method": "GET", "outcome": "success", "path": "/api/v1/runs/743b02d6-f2b9-429f-a0ac-ab8e8c181fa2/cases", "request_id": "e14ada09-f7bd-47f3-8fc1-78b9ddb0ec72", "status_code": 200, "tenant_id": "327d2ffb-1823-49ee-aab0-022efdfc7324", "timestamp": "2026-08-07T11:46:37.997587Z", "trace_id": "7c36639e58838de65e6be4ff826b1712"}
api-1       | INFO:     127.0.0.1:51640 - "GET /metrics HTTP/1.1" 200 OK
api-1       | {"duration_ms": 11.515, "event": "http_request_completed", "level": "info", "method": "GET", "outcome": "success", "path": "/metrics", "request_id": "cb266cbc-cbfd-478e-921c-7e2895cf9119", "status_code": 200, "timestamp": "2026-08-07T11:46:38.382548Z", "trace_id": "5cc31d20a0e28882cbb837376a3a32e0"}
api-1       | {"event": "Context impl PostgresqlImpl.", "level": "info", "request_id": "0ec8cb09-e50b-4408-994c-33562fa5bbb2", "timestamp": "2026-08-07T11:46:39.183548Z", "trace_id": "0e58b073048fc4e705eee6ed9b17da5c"}
api-1       | {"event": "Will assume transactional DDL.", "level": "info", "request_id": "0ec8cb09-e50b-4408-994c-33562fa5bbb2", "timestamp": "2026-08-07T11:46:39.183668Z", "trace_id": "0e58b073048fc4e705eee6ed9b17da5c"}
api-1       | INFO:     127.0.0.1:51654 - "GET /health/ready HTTP/1.1" 200 OK
api-1       | {"duration_ms": 26.454, "event": "http_request_completed", "level": "info", "method": "GET", "outcome": "success", "path": "/health/ready", "request_id": "0ec8cb09-e50b-4408-994c-33562fa5bbb2", "status_code": 200, "timestamp": "2026-08-07T11:46:39.190799Z", "trace_id": "0e58b073048fc4e705eee6ed9b17da5c"}
api-1       | INFO:     172.18.0.1:56020 - "POST /api/v1/runs HTTP/1.1" 202 Accepted
api-1       | {"api_key_prefix": "evk_64f04950db0a", "duration_ms": 230.628, "event": "http_request_completed", "level": "info", "method": "POST", "outcome": "success", "path": "/api/v1/runs", "request_id": "0674d651-b68a-4f57-8069-878ed926890b", "status_code": 202, "tenant_id": "327d2ffb-1823-49ee-aab0-022efdfc7324", "timestamp": "2026-08-07T11:46:39.481255Z", "trace_id": "70b017e0c736c9f44da5fc68301a2b12"}
api-1       | INFO:     172.18.0.1:56020 - "GET /api/v1/runs/b00a35d4-690f-4cb5-9f0d-809c2cb179b0 HTTP/1.1" 200 OK
api-1       | {"api_key_prefix": "evk_64f04950db0a", "duration_ms": 49.923, "event": "http_request_completed", "level": "info", "method": "GET", "outcome": "success", "path": "/api/v1/runs/b00a35d4-690f-4cb5-9f0d-809c2cb179b0", "request_id": "8abb47c5-d8f8-46fc-97b5-f38160e975c1", "status_code": 200, "tenant_id": "327d2ffb-1823-49ee-aab0-022efdfc7324", "timestamp": "2026-08-07T11:46:39.532798Z", "trace_id": "8c9fd2c84405b3f74f7bad13572f6ef0"}
api-1       | {"claimed": 7, "event": "outbox_dispatch_batch_completed", "lease_lost": 0, "level": "info", "published": 7, "retry_scheduled": 0, "role": "outbox_dispatcher", "timestamp": "2026-08-07T11:46:39.973070Z"}
api-1       | INFO:     172.18.0.1:56020 - "GET /api/v1/runs/b00a35d4-690f-4cb5-9f0d-809c2cb179b0 HTTP/1.1" 200 OK
api-1       | {"api_key_prefix": "evk_64f04950db0a", "duration_ms": 50.584, "event": "http_request_completed", "level": "info", "method": "GET", "outcome": "success", "path": "/api/v1/runs/b00a35d4-690f-4cb5-9f0d-809c2cb179b0", "request_id": "e4fa4afc-99d5-415b-9fb4-88d6ee17b506", "status_code": 200, "tenant_id": "327d2ffb-1823-49ee-aab0-022efdfc7324", "timestamp": "2026-08-07T11:46:40.085763Z", "trace_id": "040d03bd74a157459bc1c413a55720c4"}
api-1       | {"claimed": 50, "event": "outbox_dispatch_batch_completed", "lease_lost": 0, "level": "info", "published": 50, "retry_scheduled": 0, "role": "outbox_dispatcher", "timestamp": "2026-08-07T11:46:40.716125Z"}
api-1       | INFO:     172.18.0.1:56020 - "GET /api/v1/runs/b00a35d4-690f-4cb5-9f0d-809c2cb179b0 HTTP/1.1" 200 OK
api-1       | {"api_key_prefix": "evk_64f04950db0a", "duration_ms": 154.616, "event": "http_request_completed", "level": "info", "method": "GET", "outcome": "success", "path": "/api/v1/runs/b00a35d4-690f-4cb5-9f0d-809c2cb179b0", "request_id": "d2cb3eeb-0c12-46fa-ad88-d30a85c43559", "status_code": 200, "tenant_id": "327d2ffb-1823-49ee-aab0-022efdfc7324", "timestamp": "2026-08-07T11:46:40.770989Z", "trace_id": "95d5af671d250c9d510c633c566d0d0d"}
api-1       | {"claimed": 50, "event": "outbox_dispatch_batch_completed", "lease_lost": 0, "level": "info", "published": 50, "retry_scheduled": 0, "role": "outbox_dispatcher", "timestamp": "2026-08-07T11:46:41.410092Z"}
api-1       | INFO:     172.18.0.1:56020 - "GET /api/v1/runs/b00a35d4-690f-4cb5-9f0d-809c2cb179b0 HTTP/1.1" 200 OK
api-1       | {"api_key_prefix": "evk_64f04950db0a", "duration_ms": 190.023, "event": "http_request_completed", "level": "info", "method": "GET", "outcome": "success", "path": "/api/v1/runs/b00a35d4-690f-4cb5-9f0d-809c2cb179b0", "request_id": "23914535-b9c6-4398-a93c-0c210d519612", "status_code": 200, "tenant_id": "327d2ffb-1823-49ee-aab0-022efdfc7324", "timestamp": "2026-08-07T11:46:41.467380Z", "trace_id": "21d9ac505a924450002b0b4d51113b03"}
api-1       | {"claimed": 50, "event": "outbox_dispatch_batch_completed", "lease_lost": 0, "level": "info", "published": 50, "retry_scheduled": 0, "role": "outbox_dispatcher", "timestamp": "2026-08-07T11:46:42.097589Z"}
api-1       | INFO:     172.18.0.1:56020 - "GET /api/v1/runs/b00a35d4-690f-4cb5-9f0d-809c2cb179b0 HTTP/1.1" 200 OK
api-1       | {"api_key_prefix": "evk_64f04950db0a", "duration_ms": 186.798, "event": "http_request_completed", "level": "info", "method": "GET", "outcome": "success", "path": "/api/v1/runs/b00a35d4-690f-4cb5-9f0d-809c2cb179b0", "request_id": "c01eee6a-47ec-40cc-80b6-07353dcc6c62", "status_code": 200, "tenant_id": "327d2ffb-1823-49ee-aab0-022efdfc7324", "timestamp": "2026-08-07T11:46:42.159856Z", "trace_id": "0fb7630b8845467d60dc37e43481a221"}
api-1       | {"claimed": 50, "event": "outbox_dispatch_batch_completed", "lease_lost": 0, "level": "info", "published": 50, "retry_scheduled": 0, "role": "outbox_dispatcher", "timestamp": "2026-08-07T11:46:42.791821Z"}
api-1       | INFO:     172.18.0.1:56020 - "GET /api/v1/runs/b00a35d4-690f-4cb5-9f0d-809c2cb179b0 HTTP/1.1" 200 OK
api-1       | {"api_key_prefix": "evk_64f04950db0a", "duration_ms": 166.56, "event": "http_request_completed", "level": "info", "method": "GET", "outcome": "success", "path": "/api/v1/runs/b00a35d4-690f-4cb5-9f0d-809c2cb179b0", "request_id": "1c3c93c5-2c01-4de2-ba62-42c518006d2e", "status_code": 200, "tenant_id": "327d2ffb-1823-49ee-aab0-022efdfc7324", "timestamp": "2026-08-07T11:46:42.848250Z", "trace_id": "7934bf9c917a094b95c45432f8f7005e"}
api-1       | {"claimed": 50, "event": "outbox_dispatch_batch_completed", "lease_lost": 0, "level": "info", "published": 50, "retry_scheduled": 0, "role": "outbox_dispatcher", "timestamp": "2026-08-07T11:46:43.517678Z"}
api-1       | INFO:     172.18.0.1:56020 - "GET /api/v1/runs/b00a35d4-690f-4cb5-9f0d-809c2cb179b0 HTTP/1.1" 200 OK
api-1       | {"api_key_prefix": "evk_64f04950db0a", "duration_ms": 181.385, "event": "http_request_completed", "level": "info", "method": "GET", "outcome": "success", "path": "/api/v1/runs/b00a35d4-690f-4cb5-9f0d-809c2cb179b0", "request_id": "3d4a259e-6f00-47a9-a756-b3751cedc0db", "status_code": 200, "tenant_id": "327d2ffb-1823-49ee-aab0-022efdfc7324", "timestamp": "2026-08-07T11:46:43.573612Z", "trace_id": "20d48d4f56271601a3b52ff1823b7fb0"}
api-1       | {"claimed": 50, "event": "outbox_dispatch_batch_completed", "lease_lost": 0, "level": "info", "published": 50, "retry_scheduled": 0, "role": "outbox_dispatcher", "timestamp": "2026-08-07T11:46:44.248573Z"}
api-1       | INFO:     172.18.0.1:56020 - "GET /api/v1/runs/b00a35d4-690f-4cb5-9f0d-809c2cb179b0 HTTP/1.1" 200 OK
api-1       | {"api_key_prefix": "evk_64f04950db0a", "duration_ms": 170.803, "event": "http_request_completed", "level": "info", "method": "GET", "outcome": "success", "path": "/api/v1/runs/b00a35d4-690f-4cb5-9f0d-809c2cb179b0", "request_id": "f7718e22-f984-4f70-8e11-132861c08fbe", "status_code": 200, "tenant_id": "327d2ffb-1823-49ee-aab0-022efdfc7324", "timestamp": "2026-08-07T11:46:44.250097Z", "trace_id": "459a6f61bfb23ab918934ecbdf7b879a"}
api-1       | {"event": "Context impl PostgresqlImpl.", "level": "info", "request_id": "d1ccf2da-3693-4ca5-98a8-dc4e50d16763", "timestamp": "2026-08-07T11:46:44.535462Z", "trace_id": "cc87b8f1d4c3120563f53f966c5f6c09"}
api-1       | {"event": "Will assume transactional DDL.", "level": "info", "request_id": "d1ccf2da-3693-4ca5-98a8-dc4e50d16763", "timestamp": "2026-08-07T11:46:44.535607Z", "trace_id": "cc87b8f1d4c3120563f53f966c5f6c09"}
api-1       | INFO:     127.0.0.1:35424 - "GET /health/ready HTTP/1.1" 200 OK
api-1       | {"duration_ms": 24.489, "event": "http_request_completed", "level": "info", "method": "GET", "outcome": "success", "path": "/health/ready", "request_id": "d1ccf2da-3693-4ca5-98a8-dc4e50d16763", "status_code": 200, "timestamp": "2026-08-07T11:46:44.542664Z", "trace_id": "cc87b8f1d4c3120563f53f966c5f6c09"}
api-1       | {"claimed": 50, "event": "outbox_dispatch_batch_completed", "lease_lost": 0, "level": "info", "published": 50, "retry_scheduled": 0, "role": "outbox_dispatcher", "timestamp": "2026-08-07T11:46:44.966773Z"}
api-1       | INFO:     172.18.0.1:56020 - "GET /api/v1/runs/b00a35d4-690f-4cb5-9f0d-809c2cb179b0 HTTP/1.1" 200 OK
api-1       | {"api_key_prefix": "evk_64f04950db0a", "duration_ms": 229.314, "event": "http_request_completed", "level": "info", "method": "GET", "outcome": "success", "path": "/api/v1/runs/b00a35d4-690f-4cb5-9f0d-809c2cb179b0", "request_id": "83aed958-0f04-4f55-8ba4-f08682a39fd7", "status_code": 200, "tenant_id": "327d2ffb-1823-49ee-aab0-022efdfc7324", "timestamp": "2026-08-07T11:46:44.982438Z", "trace_id": "01304f4994dc4b7fdf17a99343e5e74d"}
api-1       | {"claimed": 50, "event": "outbox_dispatch_batch_completed", "lease_lost": 0, "level": "info", "published": 50, "retry_scheduled": 0, "role": "outbox_dispatcher", "timestamp": "2026-08-07T11:46:45.701198Z"}
api-1       | INFO:     172.18.0.1:56020 - "GET /api/v1/runs/b00a35d4-690f-4cb5-9f0d-809c2cb179b0 HTTP/1.1" 200 OK
api-1       | {"api_key_prefix": "evk_64f04950db0a", "duration_ms": 263.43, "event": "http_request_completed", "level": "info", "method": "GET", "outcome": "success", "path": "/api/v1/runs/b00a35d4-690f-4cb5-9f0d-809c2cb179b0", "request_id": "b9556990-da0e-4ebc-a923-9119d7524354", "status_code": 200, "tenant_id": "327d2ffb-1823-49ee-aab0-022efdfc7324", "timestamp": "2026-08-07T11:46:45.754126Z", "trace_id": "b3ec9cd808a3bbc8ea84613d5683c954"}
api-1       | {"claimed": 50, "event": "outbox_dispatch_batch_completed", "lease_lost": 0, "level": "info", "published": 50, "retry_scheduled": 0, "role": "outbox_dispatcher", "timestamp": "2026-08-07T11:46:46.405230Z"}
api-1       | INFO:     172.18.0.1:56020 - "GET /api/v1/runs/b00a35d4-690f-4cb5-9f0d-809c2cb179b0 HTTP/1.1" 200 OK
api-1       | {"api_key_prefix": "evk_64f04950db0a", "duration_ms": 152.521, "event": "http_request_completed", "level": "info", "method": "GET", "outcome": "success", "path": "/api/v1/runs/b00a35d4-690f-4cb5-9f0d-809c2cb179b0", "request_id": "9109aad2-2e2f-4e0f-9c67-55e6a0e86cae", "status_code": 200, "tenant_id": "327d2ffb-1823-49ee-aab0-022efdfc7324", "timestamp": "2026-08-07T11:46:46.411455Z", "trace_id": "da469358a2c67669af55445997e91e40"}
api-1       | {"claimed": 50, "event": "outbox_dispatch_batch_completed", "lease_lost": 0, "level": "info", "published": 50, "retry_scheduled": 0, "role": "outbox_dispatcher", "timestamp": "2026-08-07T11:46:47.126551Z"}
api-1       | INFO:     172.18.0.1:56020 - "GET /api/v1/runs/b00a35d4-690f-4cb5-9f0d-809c2cb179b0 HTTP/1.1" 200 OK
api-1       | {"api_key_prefix": "evk_64f04950db0a", "duration_ms": 256.677, "event": "http_request_completed", "level": "info", "method": "GET", "outcome": "success", "path": "/api/v1/runs/b00a35d4-690f-4cb5-9f0d-809c2cb179b0", "request_id": "b1f45ffb-e5af-4fe2-bcfa-b666d93cde52", "status_code": 200, "tenant_id": "327d2ffb-1823-49ee-aab0-022efdfc7324", "timestamp": "2026-08-07T11:46:47.173325Z", "trace_id": "0d1b3f23bf24952f028c40106751a600"}
api-1       | {"claimed": 50, "event": "outbox_dispatch_batch_completed", "lease_lost": 0, "level": "info", "published": 50, "retry_scheduled": 0, "role": "outbox_dispatcher", "timestamp": "2026-08-07T11:46:47.862156Z"}
api-1       | INFO:     172.18.0.1:56020 - "GET /api/v1/runs/b00a35d4-690f-4cb5-9f0d-809c2cb179b0 HTTP/1.1" 200 OK
api-1       | {"api_key_prefix": "evk_64f04950db0a", "duration_ms": 196.31, "event": "http_request_completed", "level": "info", "method": "GET", "outcome": "success", "path": "/api/v1/runs/b00a35d4-690f-4cb5-9f0d-809c2cb179b0", "request_id": "5b211605-3764-41e8-a5f8-f052725240ea", "status_code": 200, "tenant_id": "327d2ffb-1823-49ee-aab0-022efdfc7324", "timestamp": "2026-08-07T11:46:47.894138Z", "trace_id": "5b402bf219b77bdedfcbca86ab7a6705"}
api-1       | {"claimed": 50, "event": "outbox_dispatch_batch_completed", "lease_lost": 0, "level": "info", "published": 50, "retry_scheduled": 0, "role": "outbox_dispatcher", "timestamp": "2026-08-07T11:46:48.568693Z"}
api-1       | INFO:     172.18.0.1:56020 - "GET /api/v1/runs/b00a35d4-690f-4cb5-9f0d-809c2cb179b0 HTTP/1.1" 200 OK
api-1       | {"api_key_prefix": "evk_64f04950db0a", "duration_ms": 202.683, "event": "http_request_completed", "level": "info", "method": "GET", "outcome": "success", "path": "/api/v1/runs/b00a35d4-690f-4cb5-9f0d-809c2cb179b0", "request_id": "949baef4-1785-42a7-a36e-da16acf56d7a", "status_code": 200, "tenant_id": "327d2ffb-1823-49ee-aab0-022efdfc7324", "timestamp": "2026-08-07T11:46:48.626296Z", "trace_id": "bc411ea871437a988988da612b71336d"}
api-1       | {"claimed": 50, "event": "outbox_dispatch_batch_completed", "lease_lost": 0, "level": "info", "published": 50, "retry_scheduled": 0, "role": "outbox_dispatcher", "timestamp": "2026-08-07T11:46:49.310581Z"}
api-1       | INFO:     172.18.0.1:56020 - "GET /api/v1/runs/b00a35d4-690f-4cb5-9f0d-809c2cb179b0 HTTP/1.1" 200 OK
api-1       | {"api_key_prefix": "evk_64f04950db0a", "duration_ms": 182.764, "event": "http_request_completed", "level": "info", "method": "GET", "outcome": "success", "path": "/api/v1/runs/b00a35d4-690f-4cb5-9f0d-809c2cb179b0", "request_id": "4e651f85-b9eb-4fcf-b15b-99d9d75fae6d", "status_code": 200, "tenant_id": "327d2ffb-1823-49ee-aab0-022efdfc7324", "timestamp": "2026-08-07T11:46:49.370457Z", "trace_id": "b4ed413e35e911006016ff230aad2b3a"}
api-1       | {"event": "Context impl PostgresqlImpl.", "level": "info", "request_id": "fe438139-1303-4743-9673-80cd8201655f", "timestamp": "2026-08-07T11:46:49.946290Z", "trace_id": "a3342613f48a09bbaacfe74a6005506e"}
api-1       | {"event": "Will assume transactional DDL.", "level": "info", "request_id": "fe438139-1303-4743-9673-80cd8201655f", "timestamp": "2026-08-07T11:46:49.946409Z", "trace_id": "a3342613f48a09bbaacfe74a6005506e"}
api-1       | INFO:     127.0.0.1:35464 - "GET /health/ready HTTP/1.1" 200 OK
api-1       | {"duration_ms": 183.978, "event": "http_request_completed", "level": "info", "method": "GET", "outcome": "success", "path": "/health/ready", "request_id": "fe438139-1303-4743-9673-80cd8201655f", "status_code": 200, "timestamp": "2026-08-07T11:46:50.064985Z", "trace_id": "a3342613f48a09bbaacfe74a6005506e"}
api-1       | {"claimed": 50, "event": "outbox_dispatch_batch_completed", "lease_lost": 0, "level": "info", "published": 50, "retry_scheduled": 0, "role": "outbox_dispatcher", "timestamp": "2026-08-07T11:46:50.065735Z"}
api-1       | INFO:     172.18.0.1:56020 - "GET /api/v1/runs/b00a35d4-690f-4cb5-9f0d-809c2cb179b0 HTTP/1.1" 200 OK
api-1       | {"api_key_prefix": "evk_64f04950db0a", "duration_ms": 255.836, "event": "http_request_completed", "level": "info", "method": "GET", "outcome": "success", "path": "/api/v1/runs/b00a35d4-690f-4cb5-9f0d-809c2cb179b0", "request_id": "eb7d3bb1-79ea-4b75-86f6-8f8529d54356", "status_code": 200, "tenant_id": "327d2ffb-1823-49ee-aab0-022efdfc7324", "timestamp": "2026-08-07T11:46:50.134818Z", "trace_id": "8c8076b7fde8cb509f6eed0ec977bf23"}
api-1       | {"claimed": 50, "event": "outbox_dispatch_batch_completed", "lease_lost": 0, "level": "info", "published": 50, "retry_scheduled": 0, "role": "outbox_dispatcher", "timestamp": "2026-08-07T11:46:50.787032Z"}
api-1       | INFO:     172.18.0.1:56020 - "GET /api/v1/runs/b00a35d4-690f-4cb5-9f0d-809c2cb179b0 HTTP/1.1" 200 OK
api-1       | {"api_key_prefix": "evk_64f04950db0a", "duration_ms": 194.996, "event": "http_request_completed", "level": "info", "method": "GET", "outcome": "success", "path": "/api/v1/runs/b00a35d4-690f-4cb5-9f0d-809c2cb179b0", "request_id": "ae8817e6-4c36-49c7-8eb6-358baac7a66d", "status_code": 200, "tenant_id": "327d2ffb-1823-49ee-aab0-022efdfc7324", "timestamp": "2026-08-07T11:46:50.845327Z", "trace_id": "77f50bb430b0e7edcbc89ae91abf4361"}
api-1       | {"claimed": 50, "event": "outbox_dispatch_batch_completed", "lease_lost": 0, "level": "info", "published": 50, "retry_scheduled": 0, "role": "outbox_dispatcher", "timestamp": "2026-08-07T11:46:51.464920Z"}
api-1       | INFO:     172.18.0.1:56020 - "GET /api/v1/runs/b00a35d4-690f-4cb5-9f0d-809c2cb179b0 HTTP/1.1" 200 OK
api-1       | {"api_key_prefix": "evk_64f04950db0a", "duration_ms": 163.882, "event": "http_request_completed", "level": "info", "method": "GET", "outcome": "success", "path": "/api/v1/runs/b00a35d4-690f-4cb5-9f0d-809c2cb179b0", "request_id": "48d0ac1e-eb1f-4b97-b83f-7fcb9c03e604", "status_code": 200, "tenant_id": "327d2ffb-1823-49ee-aab0-022efdfc7324", "timestamp": "2026-08-07T11:46:51.513392Z", "trace_id": "ebd9b7314ee0adfa218c09acda673550"}
api-1       | INFO:     172.18.0.1:56020 - "GET /api/v1/runs/b00a35d4-690f-4cb5-9f0d-809c2cb179b0/cases?limit=200&sort=case_id HTTP/1.1" 200 OK
api-1       | {"api_key_prefix": "evk_64f04950db0a", "duration_ms": 67.121, "event": "http_request_completed", "level": "info", "method": "GET", "outcome": "success", "path": "/api/v1/runs/b00a35d4-690f-4cb5-9f0d-809c2cb179b0/cases", "request_id": "eef778ec-f2fb-43f3-a3d3-6e5ac6554184", "status_code": 200, "tenant_id": "327d2ffb-1823-49ee-aab0-022efdfc7324", "timestamp": "2026-08-07T11:46:51.582032Z", "trace_id": "e195f37d82fd276bbd8b16279ef783c8"}
api-1       | INFO:     172.18.0.1:56020 - "GET /api/v1/runs/b00a35d4-690f-4cb5-9f0d-809c2cb179b0/cases?limit=200&sort=case_id&cursor=eyJkaXJlY3Rpb24iOiJhc2MiLCJlcnJvcl9jb2RlIjpudWxsLCJqb2JfaWQiOiI3MDNlNjZlMi1iZjcxLTQyMWItOGM5NC1lMTMwZmNkOWNhNzUiLCJtZXRyaWMiOm51bGwsInNvcnQiOiJjYXNlX2lkIiwic3RhdHVzIjpudWxsLCJ2IjoxLCJ2YWx1ZSI6ImxvYWQtMDE5OSJ9 HTTP/1.1" 200 OK
api-1       | {"api_key_prefix": "evk_64f04950db0a", "duration_ms": 65.071, "event": "http_request_completed", "level": "info", "method": "GET", "outcome": "success", "path": "/api/v1/runs/b00a35d4-690f-4cb5-9f0d-809c2cb179b0/cases", "request_id": "3a958e7b-2e65-428e-9bf2-824861302803", "status_code": 200, "tenant_id": "327d2ffb-1823-49ee-aab0-022efdfc7324", "timestamp": "2026-08-07T11:46:51.649697Z", "trace_id": "d4c4322624714d49bf2e80fa9af9d8d6"}
api-1       | INFO:     172.18.0.1:56020 - "GET /api/v1/runs/b00a35d4-690f-4cb5-9f0d-809c2cb179b0/cases?limit=200&sort=case_id&cursor=eyJkaXJlY3Rpb24iOiJhc2MiLCJlcnJvcl9jb2RlIjpudWxsLCJqb2JfaWQiOiIwNjk5MmIzMC0zNjVkLTQyMWEtODQxZi1mNmQ2ZWU5ZWYwZjkiLCJtZXRyaWMiOm51bGwsInNvcnQiOiJjYXNlX2lkIiwic3RhdHVzIjpudWxsLCJ2IjoxLCJ2YWx1ZSI6ImxvYWQtMDM5OSJ9 HTTP/1.1" 200 OK
api-1       | {"api_key_prefix": "evk_64f04950db0a", "duration_ms": 59.731, "event": "http_request_completed", "level": "info", "method": "GET", "outcome": "success", "path": "/api/v1/runs/b00a35d4-690f-4cb5-9f0d-809c2cb179b0/cases", "request_id": "65678126-264d-4e62-a97f-750b2b497ca2", "status_code": 200, "tenant_id": "327d2ffb-1823-49ee-aab0-022efdfc7324", "timestamp": "2026-08-07T11:46:51.711753Z", "trace_id": "2e70956ef6cec0275e60ca49ff6d9e76"}
api-1       | {"claimed": 50, "event": "outbox_dispatch_batch_completed", "lease_lost": 0, "level": "info", "published": 50, "retry_scheduled": 0, "role": "outbox_dispatcher", "timestamp": "2026-08-07T11:46:52.232343Z"}
api-1       | INFO:     127.0.0.1:49586 - "GET /metrics HTTP/1.1" 200 OK
api-1       | {"duration_ms": 70.435, "event": "http_request_completed", "level": "info", "method": "GET", "outcome": "success", "path": "/metrics", "request_id": "2e356058-9432-46aa-ad03-22ed2f1ab9ae", "status_code": 200, "timestamp": "2026-08-07T11:46:52.241402Z", "trace_id": "03b228381f0ba9145f8b9509b36b132f"}
api-1       | {"claimed": 50, "event": "outbox_dispatch_batch_completed", "lease_lost": 0, "level": "info", "published": 50, "retry_scheduled": 0, "role": "outbox_dispatcher", "timestamp": "2026-08-07T11:46:52.906249Z"}
api-1       | {"claimed": 50, "event": "outbox_dispatch_batch_completed", "lease_lost": 0, "level": "info", "published": 50, "retry_scheduled": 0, "role": "outbox_dispatcher", "timestamp": "2026-08-07T11:46:53.600253Z"}
api-1       | {"claimed": 45, "event": "outbox_dispatch_batch_completed", "lease_lost": 0, "level": "info", "published": 45, "retry_scheduled": 0, "role": "outbox_dispatcher", "timestamp": "2026-08-07T11:46:54.264917Z"}
api-1       | {"event": "Context impl PostgresqlImpl.", "level": "info", "request_id": "1b0244d1-7a5b-45ec-b7d0-9aad8cf1902a", "timestamp": "2026-08-07T11:46:55.376687Z", "trace_id": "4d5f2c5b694fde5f614e4b69ca6aa1ec"}
api-1       | {"event": "Will assume transactional DDL.", "level": "info", "request_id": "1b0244d1-7a5b-45ec-b7d0-9aad8cf1902a", "timestamp": "2026-08-07T11:46:55.376808Z", "trace_id": "4d5f2c5b694fde5f614e4b69ca6aa1ec"}
api-1       | INFO:     127.0.0.1:49588 - "GET /health/ready HTTP/1.1" 200 OK
api-1       | {"duration_ms": 19.403, "event": "http_request_completed", "level": "info", "method": "GET", "outcome": "success", "path": "/health/ready", "request_id": "1b0244d1-7a5b-45ec-b7d0-9aad8cf1902a", "status_code": 200, "timestamp": "2026-08-07T11:46:55.382237Z", "trace_id": "4d5f2c5b694fde5f614e4b69ca6aa1ec"}
api-1       | INFO:     172.18.0.1:54532 - "POST /api/v1/runs HTTP/1.1" 202 Accepted
api-1       | {"api_key_prefix": "evk_64f04950db0a", "duration_ms": 358.895, "event": "http_request_completed", "level": "info", "method": "POST", "outcome": "success", "path": "/api/v1/runs", "request_id": "9de0b082-3d18-465b-862f-fc5a2ce4e123", "status_code": 202, "tenant_id": "327d2ffb-1823-49ee-aab0-022efdfc7324", "timestamp": "2026-08-07T11:46:57.113211Z", "trace_id": "0a26acc05a0756ced0786182bcda281e"}
api-1       | INFO:     172.18.0.1:54532 - "GET /api/v1/runs/1488aa54-fd6a-483a-a4c3-8120a8bb64ee HTTP/1.1" 200 OK
api-1       | {"api_key_prefix": "evk_64f04950db0a", "duration_ms": 147.046, "event": "http_request_completed", "level": "info", "method": "GET", "outcome": "success", "path": "/api/v1/runs/1488aa54-fd6a-483a-a4c3-8120a8bb64ee", "request_id": "bb7b73d1-200d-4b4c-b0af-d70f5efac713", "status_code": 200, "tenant_id": "327d2ffb-1823-49ee-aab0-022efdfc7324", "timestamp": "2026-08-07T11:46:57.260759Z", "trace_id": "5f2141560718cdcb8319b093b4b2270f"}
api-1       | INFO:     172.18.0.1:54532 - "GET /api/v1/runs/1488aa54-fd6a-483a-a4c3-8120a8bb64ee HTTP/1.1" 200 OK
api-1       | {"api_key_prefix": "evk_64f04950db0a", "duration_ms": 591.596, "event": "http_request_completed", "level": "info", "method": "GET", "outcome": "success", "path": "/api/v1/runs/1488aa54-fd6a-483a-a4c3-8120a8bb64ee", "request_id": "d8c59692-096b-4aac-9ad1-93dd821009a2", "status_code": 200, "tenant_id": "327d2ffb-1823-49ee-aab0-022efdfc7324", "timestamp": "2026-08-07T11:46:58.359109Z", "trace_id": "fdd9670a7a36fdd206f069e02d8de22a"}
api-1       | {"claimed": 31, "event": "outbox_dispatch_batch_completed", "lease_lost": 0, "level": "info", "published": 31, "retry_scheduled": 0, "role": "outbox_dispatcher", "timestamp": "2026-08-07T11:46:58.423707Z"}
api-1       | INFO:     172.18.0.1:54532 - "GET /api/v1/runs/1488aa54-fd6a-483a-a4c3-8120a8bb64ee HTTP/1.1" 200 OK
api-1       | {"api_key_prefix": "evk_64f04950db0a", "duration_ms": 349.952, "event": "http_request_completed", "level": "info", "method": "GET", "outcome": "success", "path": "/api/v1/runs/1488aa54-fd6a-483a-a4c3-8120a8bb64ee", "request_id": "cee0b171-634c-42fd-b471-5d527d5b4a93", "status_code": 200, "tenant_id": "327d2ffb-1823-49ee-aab0-022efdfc7324", "timestamp": "2026-08-07T11:46:59.212133Z", "trace_id": "5de9a94994194963ff998c3d08b8d5c7"}
api-1       | {"claimed": 41, "event": "outbox_dispatch_batch_completed", "lease_lost": 0, "level": "info", "published": 41, "retry_scheduled": 0, "role": "outbox_dispatcher", "timestamp": "2026-08-07T11:46:59.269830Z"}
api-1       | INFO:     172.18.0.1:54532 - "GET /api/v1/runs/1488aa54-fd6a-483a-a4c3-8120a8bb64ee HTTP/1.1" 200 OK
api-1       | {"api_key_prefix": "evk_64f04950db0a", "duration_ms": 53.806, "event": "http_request_completed", "level": "info", "method": "GET", "outcome": "success", "path": "/api/v1/runs/1488aa54-fd6a-483a-a4c3-8120a8bb64ee", "request_id": "d1a4bfa9-64a7-49e5-8949-7db2f70fc688", "status_code": 200, "tenant_id": "327d2ffb-1823-49ee-aab0-022efdfc7324", "timestamp": "2026-08-07T11:46:59.767997Z", "trace_id": "4b1097742d40d35c015b12bc7e688874"}
api-1       | {"claimed": 30, "event": "outbox_dispatch_batch_completed", "lease_lost": 0, "level": "info", "published": 30, "retry_scheduled": 0, "role": "outbox_dispatcher", "timestamp": "2026-08-07T11:46:59.905791Z"}
api-1       | INFO:     172.18.0.1:54532 - "GET /api/v1/runs/1488aa54-fd6a-483a-a4c3-8120a8bb64ee/cases?limit=200&sort=case_id HTTP/1.1" 200 OK
api-1       | {"api_key_prefix": "evk_64f04950db0a", "duration_ms": 200.818, "event": "http_request_completed", "level": "info", "method": "GET", "outcome": "success", "path": "/api/v1/runs/1488aa54-fd6a-483a-a4c3-8120a8bb64ee/cases", "request_id": "a9f54e32-6c90-438b-95e8-3af70cf6347a", "status_code": 200, "tenant_id": "327d2ffb-1823-49ee-aab0-022efdfc7324", "timestamp": "2026-08-07T11:46:59.970528Z", "trace_id": "0c19a33c2200073555281dbec1a8042a"}
api-1       | INFO:     127.0.0.1:49620 - "GET /metrics HTTP/1.1" 200 OK
api-1       | {"duration_ms": 13.563, "event": "http_request_completed", "level": "info", "method": "GET", "outcome": "success", "path": "/metrics", "request_id": "5eb9606b-3d98-4e92-9f33-93754bddf9f9", "status_code": 200, "timestamp": "2026-08-07T11:47:00.362669Z", "trace_id": "b903fe333c844a2c3f3bdba045a50a2d"}
api-1       | {"event": "Context impl PostgresqlImpl.", "level": "info", "request_id": "cd653bec-f338-4890-b9ed-c52b05535de7", "timestamp": "2026-08-07T11:47:00.692853Z", "trace_id": "00d0357251f0614026d0852dec629652"}
api-1       | {"event": "Will assume transactional DDL.", "level": "info", "request_id": "cd653bec-f338-4890-b9ed-c52b05535de7", "timestamp": "2026-08-07T11:47:00.693003Z", "trace_id": "00d0357251f0614026d0852dec629652"}
api-1       | INFO:     127.0.0.1:49634 - "GET /health/ready HTTP/1.1" 200 OK
api-1       | {"duration_ms": 38.384, "event": "http_request_completed", "level": "info", "method": "GET", "outcome": "success", "path": "/health/ready", "request_id": "cd653bec-f338-4890-b9ed-c52b05535de7", "status_code": 200, "timestamp": "2026-08-07T11:47:00.702728Z", "trace_id": "00d0357251f0614026d0852dec629652"}
api-1       | INFO:     172.18.0.1:54532 - "POST /api/v1/runs HTTP/1.1" 202 Accepted
api-1       | {"api_key_prefix": "evk_64f04950db0a", "duration_ms": 178.553, "event": "http_request_completed", "level": "info", "method": "POST", "outcome": "success", "path": "/api/v1/runs", "request_id": "5bdd417a-2f17-48c3-a210-885e75fdd8b2", "status_code": 202, "tenant_id": "327d2ffb-1823-49ee-aab0-022efdfc7324", "timestamp": "2026-08-07T11:47:03.415571Z", "trace_id": "49f7656a672f7de4bb24c398dea61546"}
api-1       | {"claimed": 2, "event": "outbox_dispatch_batch_completed", "lease_lost": 0, "level": "info", "published": 2, "retry_scheduled": 0, "role": "outbox_dispatcher", "timestamp": "2026-08-07T11:47:03.516854Z"}
api-1       | INFO:     172.18.0.1:54532 - "GET /api/v1/runs/574d8357-8d9c-4cbd-a357-597388ce5b00 HTTP/1.1" 200 OK
api-1       | {"api_key_prefix": "evk_64f04950db0a", "duration_ms": 105.349, "event": "http_request_completed", "level": "info", "method": "GET", "outcome": "success", "path": "/api/v1/runs/574d8357-8d9c-4cbd-a357-597388ce5b00", "request_id": "a4a7166b-90a9-4260-abd5-7fd77a43eae2", "status_code": 200, "tenant_id": "327d2ffb-1823-49ee-aab0-022efdfc7324", "timestamp": "2026-08-07T11:47:03.522418Z", "trace_id": "738534eb936e63842d5744773bc6503d"}
api-1       | {"claimed": 50, "event": "outbox_dispatch_batch_completed", "lease_lost": 0, "level": "info", "published": 50, "retry_scheduled": 0, "role": "outbox_dispatcher", "timestamp": "2026-08-07T11:47:04.289712Z"}
api-1       | INFO:     172.18.0.1:54532 - "GET /api/v1/runs/574d8357-8d9c-4cbd-a357-597388ce5b00 HTTP/1.1" 200 OK
api-1       | {"api_key_prefix": "evk_64f04950db0a", "duration_ms": 281.114, "event": "http_request_completed", "level": "info", "method": "GET", "outcome": "success", "path": "/api/v1/runs/574d8357-8d9c-4cbd-a357-597388ce5b00", "request_id": "bc28d831-d68a-42e3-a5f9-81327b0032d5", "status_code": 200, "tenant_id": "327d2ffb-1823-49ee-aab0-022efdfc7324", "timestamp": "2026-08-07T11:47:04.306830Z", "trace_id": "24b3009fe13cb7379362a4ff2ba23b05"}
api-1       | {"claimed": 50, "event": "outbox_dispatch_batch_completed", "lease_lost": 0, "level": "info", "published": 50, "retry_scheduled": 0, "role": "outbox_dispatcher", "timestamp": "2026-08-07T11:47:05.076229Z"}
api-1       | INFO:     172.18.0.1:54532 - "GET /api/v1/runs/574d8357-8d9c-4cbd-a357-597388ce5b00 HTTP/1.1" 200 OK
api-1       | {"api_key_prefix": "evk_64f04950db0a", "duration_ms": 366.388, "event": "http_request_completed", "level": "info", "method": "GET", "outcome": "success", "path": "/api/v1/runs/574d8357-8d9c-4cbd-a357-597388ce5b00", "request_id": "0fd36146-391a-4ff5-8d46-36f1bf0e1e04", "status_code": 200, "tenant_id": "327d2ffb-1823-49ee-aab0-022efdfc7324", "timestamp": "2026-08-07T11:47:05.177165Z", "trace_id": "1f84af7857262de289ef6428aa8294d2"}
api-1       | {"claimed": 50, "event": "outbox_dispatch_batch_completed", "lease_lost": 0, "level": "info", "published": 50, "retry_scheduled": 0, "role": "outbox_dispatcher", "timestamp": "2026-08-07T11:47:05.906767Z"}
api-1       | INFO:     172.18.0.1:54532 - "GET /api/v1/runs/574d8357-8d9c-4cbd-a357-597388ce5b00 HTTP/1.1" 200 OK
api-1       | {"api_key_prefix": "evk_64f04950db0a", "duration_ms": 389.95, "event": "http_request_completed", "level": "info", "method": "GET", "outcome": "success", "path": "/api/v1/runs/574d8357-8d9c-4cbd-a357-597388ce5b00", "request_id": "d77517a3-f98f-46e4-8be8-5b8b10b16eaf", "status_code": 200, "tenant_id": "327d2ffb-1823-49ee-aab0-022efdfc7324", "timestamp": "2026-08-07T11:47:06.073835Z", "trace_id": "ceced96e48b97dbe58e78c1c7951e9e3"}
api-1       | {"event": "Context impl PostgresqlImpl.", "level": "info", "request_id": "2df96cf5-4f49-4088-b4b0-f6cd34b0be67", "timestamp": "2026-08-07T11:47:06.372800Z", "trace_id": "367baaa6e7fd9b6a201d6ec9a09555aa"}
api-1       | {"event": "Will assume transactional DDL.", "level": "info", "request_id": "2df96cf5-4f49-4088-b4b0-f6cd34b0be67", "timestamp": "2026-08-07T11:47:06.372959Z", "trace_id": "367baaa6e7fd9b6a201d6ec9a09555aa"}
api-1       | INFO:     127.0.0.1:50210 - "GET /health/ready HTTP/1.1" 200 OK
api-1       | {"duration_ms": 33.897, "event": "http_request_completed", "level": "info", "method": "GET", "outcome": "success", "path": "/health/ready", "request_id": "2df96cf5-4f49-4088-b4b0-f6cd34b0be67", "status_code": 200, "timestamp": "2026-08-07T11:47:06.385942Z", "trace_id": "367baaa6e7fd9b6a201d6ec9a09555aa"}
api-1       | {"claimed": 50, "event": "outbox_dispatch_batch_completed", "lease_lost": 0, "level": "info", "published": 50, "retry_scheduled": 0, "role": "outbox_dispatcher", "timestamp": "2026-08-07T11:47:06.850782Z"}
api-1       | INFO:     172.18.0.1:54532 - "GET /api/v1/runs/574d8357-8d9c-4cbd-a357-597388ce5b00 HTTP/1.1" 200 OK
api-1       | {"api_key_prefix": "evk_64f04950db0a", "duration_ms": 450.426, "event": "http_request_completed", "level": "info", "method": "GET", "outcome": "success", "path": "/api/v1/runs/574d8357-8d9c-4cbd-a357-597388ce5b00", "request_id": "253946fd-975b-4b0c-b4f5-59461a4d078b", "status_code": 200, "tenant_id": "327d2ffb-1823-49ee-aab0-022efdfc7324", "timestamp": "2026-08-07T11:47:07.028541Z", "trace_id": "39131d2caa194f4bc3d7e1ce592c718a"}
api-1       | {"claimed": 50, "event": "outbox_dispatch_batch_completed", "lease_lost": 0, "level": "info", "published": 50, "retry_scheduled": 0, "role": "outbox_dispatcher", "timestamp": "2026-08-07T11:47:07.826700Z"}
api-1       | INFO:     172.18.0.1:54532 - "GET /api/v1/runs/574d8357-8d9c-4cbd-a357-597388ce5b00 HTTP/1.1" 200 OK
api-1       | {"api_key_prefix": "evk_64f04950db0a", "duration_ms": 359.659, "event": "http_request_completed", "level": "info", "method": "GET", "outcome": "success", "path": "/api/v1/runs/574d8357-8d9c-4cbd-a357-597388ce5b00", "request_id": "81b0c926-92f0-4681-b7dc-bd1cdabb2536", "status_code": 200, "tenant_id": "327d2ffb-1823-49ee-aab0-022efdfc7324", "timestamp": "2026-08-07T11:47:07.904822Z", "trace_id": "55ed512e1743a75e68bd25f49f920306"}
api-1       | {"claimed": 50, "event": "outbox_dispatch_batch_completed", "lease_lost": 0, "level": "info", "published": 50, "retry_scheduled": 0, "role": "outbox_dispatcher", "timestamp": "2026-08-07T11:47:08.581775Z"}
api-1       | INFO:     172.18.0.1:54532 - "GET /api/v1/runs/574d8357-8d9c-4cbd-a357-597388ce5b00 HTTP/1.1" 200 OK
api-1       | {"api_key_prefix": "evk_64f04950db0a", "duration_ms": 258.743, "event": "http_request_completed", "level": "info", "method": "GET", "outcome": "success", "path": "/api/v1/runs/574d8357-8d9c-4cbd-a357-597388ce5b00", "request_id": "d6c55fad-ebde-4678-861d-3701ad1e1650", "status_code": 200, "tenant_id": "327d2ffb-1823-49ee-aab0-022efdfc7324", "timestamp": "2026-08-07T11:47:08.669220Z", "trace_id": "dcec56ea6f1f884ee9de1491c891915e"}
api-1       | {"claimed": 50, "event": "outbox_dispatch_batch_completed", "lease_lost": 0, "level": "info", "published": 50, "retry_scheduled": 0, "role": "outbox_dispatcher", "timestamp": "2026-08-07T11:47:09.465328Z"}
api-1       | INFO:     172.18.0.1:54532 - "GET /api/v1/runs/574d8357-8d9c-4cbd-a357-597388ce5b00 HTTP/1.1" 200 OK
api-1       | {"api_key_prefix": "evk_64f04950db0a", "duration_ms": 383.117, "event": "http_request_completed", "level": "info", "method": "GET", "outcome": "success", "path": "/api/v1/runs/574d8357-8d9c-4cbd-a357-597388ce5b00", "request_id": "bfd407ed-57a1-46d6-9abf-6a379117fe43", "status_code": 200, "tenant_id": "327d2ffb-1823-49ee-aab0-022efdfc7324", "timestamp": "2026-08-07T11:47:09.574396Z", "trace_id": "69a514bbfe53ea965f1ad8fd4bd6c8d5"}
api-1       | {"claimed": 50, "event": "outbox_dispatch_batch_completed", "lease_lost": 0, "level": "info", "published": 50, "retry_scheduled": 0, "role": "outbox_dispatcher", "timestamp": "2026-08-07T11:47:10.190920Z"}
api-1       | INFO:     172.18.0.1:54532 - "GET /api/v1/runs/574d8357-8d9c-4cbd-a357-597388ce5b00 HTTP/1.1" 200 OK
api-1       | {"api_key_prefix": "evk_64f04950db0a", "duration_ms": 153.416, "event": "http_request_completed", "level": "info", "method": "GET", "outcome": "success", "path": "/api/v1/runs/574d8357-8d9c-4cbd-a357-597388ce5b00", "request_id": "00dda973-36f2-4f42-9247-42cf1d9f249a", "status_code": 200, "tenant_id": "327d2ffb-1823-49ee-aab0-022efdfc7324", "timestamp": "2026-08-07T11:47:10.238830Z", "trace_id": "0f1e508e54a9b786381da0db1720c2b0"}
api-1       | INFO:     172.18.0.1:54532 - "GET /api/v1/runs/574d8357-8d9c-4cbd-a357-597388ce5b00/cases?limit=200&sort=case_id HTTP/1.1" 200 OK
api-1       | {"api_key_prefix": "evk_64f04950db0a", "duration_ms": 71.234, "event": "http_request_completed", "level": "info", "method": "GET", "outcome": "success", "path": "/api/v1/runs/574d8357-8d9c-4cbd-a357-597388ce5b00/cases", "request_id": "7730a745-f80b-4706-8fee-293ab8ae740c", "status_code": 200, "tenant_id": "327d2ffb-1823-49ee-aab0-022efdfc7324", "timestamp": "2026-08-07T11:47:10.311698Z", "trace_id": "14e1062eb1afa352c9a1bb0430176c22"}
api-1       | INFO:     172.18.0.1:54532 - "GET /api/v1/runs/574d8357-8d9c-4cbd-a357-597388ce5b00/cases?limit=200&sort=case_id&cursor=eyJkaXJlY3Rpb24iOiJhc2MiLCJlcnJvcl9jb2RlIjpudWxsLCJqb2JfaWQiOiI4YzMyZTZiMS1lODIxLTRmMGMtYWE5Ny0wNjgxOTUzYjY4ZDAiLCJtZXRyaWMiOm51bGwsInNvcnQiOiJjYXNlX2lkIiwic3RhdHVzIjpudWxsLCJ2IjoxLCJ2YWx1ZSI6ImxvYWQtMDE5OSJ9 HTTP/1.1" 200 OK
api-1       | {"api_key_prefix": "evk_64f04950db0a", "duration_ms": 69.411, "event": "http_request_completed", "level": "info", "method": "GET", "outcome": "success", "path": "/api/v1/runs/574d8357-8d9c-4cbd-a357-597388ce5b00/cases", "request_id": "4f57a907-062e-4e0b-98f2-27fe59662df1", "status_code": 200, "tenant_id": "327d2ffb-1823-49ee-aab0-022efdfc7324", "timestamp": "2026-08-07T11:47:10.383706Z", "trace_id": "099cdb41dfc75f2077b50bb6f37c47b4"}
api-1       | INFO:     172.18.0.1:54532 - "GET /api/v1/runs/574d8357-8d9c-4cbd-a357-597388ce5b00/cases?limit=200&sort=case_id&cursor=eyJkaXJlY3Rpb24iOiJhc2MiLCJlcnJvcl9jb2RlIjpudWxsLCJqb2JfaWQiOiIxN2Y4YzdlMC1hZjA5LTRiYTgtYTg0My1iYzJmM2FjZjVhYzYiLCJtZXRyaWMiOm51bGwsInNvcnQiOiJjYXNlX2lkIiwic3RhdHVzIjpudWxsLCJ2IjoxLCJ2YWx1ZSI6ImxvYWQtMDM5OSJ9 HTTP/1.1" 200 OK
api-1       | {"api_key_prefix": "evk_64f04950db0a", "duration_ms": 62.231, "event": "http_request_completed", "level": "info", "method": "GET", "outcome": "success", "path": "/api/v1/runs/574d8357-8d9c-4cbd-a357-597388ce5b00/cases", "request_id": "28b24c03-349a-402f-a02f-114fcc731f5c", "status_code": 200, "tenant_id": "327d2ffb-1823-49ee-aab0-022efdfc7324", "timestamp": "2026-08-07T11:47:10.449289Z", "trace_id": "ea0e4161184f239fb384481821b6f846"}
api-1       | {"claimed": 50, "event": "outbox_dispatch_batch_completed", "lease_lost": 0, "level": "info", "published": 50, "retry_scheduled": 0, "role": "outbox_dispatcher", "timestamp": "2026-08-07T11:47:10.968151Z"}
api-1       | INFO:     127.0.0.1:50282 - "GET /metrics HTTP/1.1" 200 OK
api-1       | {"duration_ms": 37.684, "event": "http_request_completed", "level": "info", "method": "GET", "outcome": "success", "path": "/metrics", "request_id": "f7004e11-e926-4790-9a58-99cc7e3f2270", "status_code": 200, "timestamp": "2026-08-07T11:47:10.984001Z", "trace_id": "58bbb467ad60b612bceb9c5bac60463d"}
api-1       | {"claimed": 50, "event": "outbox_dispatch_batch_completed", "lease_lost": 0, "level": "info", "published": 50, "retry_scheduled": 0, "role": "outbox_dispatcher", "timestamp": "2026-08-07T11:47:11.774746Z"}
api-1       | {"event": "Context impl PostgresqlImpl.", "level": "info", "request_id": "9ac9c509-692e-4282-a532-5d879967ff24", "timestamp": "2026-08-07T11:47:11.926385Z", "trace_id": "65a74f584e55b493170d60aa5f6a0476"}
api-1       | {"event": "Will assume transactional DDL.", "level": "info", "request_id": "9ac9c509-692e-4282-a532-5d879967ff24", "timestamp": "2026-08-07T11:47:11.926519Z", "trace_id": "65a74f584e55b493170d60aa5f6a0476"}
api-1       | INFO:     127.0.0.1:50298 - "GET /health/ready HTTP/1.1" 200 OK
api-1       | {"duration_ms": 37.77, "event": "http_request_completed", "level": "info", "method": "GET", "outcome": "success", "path": "/health/ready", "request_id": "9ac9c509-692e-4282-a532-5d879967ff24", "status_code": 200, "timestamp": "2026-08-07T11:47:11.935169Z", "trace_id": "65a74f584e55b493170d60aa5f6a0476"}
api-1       | {"claimed": 50, "event": "outbox_dispatch_batch_completed", "lease_lost": 0, "level": "info", "published": 50, "retry_scheduled": 0, "role": "outbox_dispatcher", "timestamp": "2026-08-07T11:47:12.429490Z"}
api-1       | {"claimed": 50, "event": "outbox_dispatch_batch_completed", "lease_lost": 0, "level": "info", "published": 50, "retry_scheduled": 0, "role": "outbox_dispatcher", "timestamp": "2026-08-07T11:47:13.090648Z"}
api-1       | {"claimed": 50, "event": "outbox_dispatch_batch_completed", "lease_lost": 0, "level": "info", "published": 50, "retry_scheduled": 0, "role": "outbox_dispatcher", "timestamp": "2026-08-07T11:47:13.767611Z"}
api-1       | {"claimed": 50, "event": "outbox_dispatch_batch_completed", "lease_lost": 0, "level": "info", "published": 50, "retry_scheduled": 0, "role": "outbox_dispatcher", "timestamp": "2026-08-07T11:47:14.504908Z"}
api-1       | {"claimed": 50, "event": "outbox_dispatch_batch_completed", "lease_lost": 0, "level": "info", "published": 50, "retry_scheduled": 0, "role": "outbox_dispatcher", "timestamp": "2026-08-07T11:47:15.212325Z"}
api-1       | {"claimed": 50, "event": "outbox_dispatch_batch_completed", "lease_lost": 0, "level": "info", "published": 50, "retry_scheduled": 0, "role": "outbox_dispatcher", "timestamp": "2026-08-07T11:47:15.877764Z"}
api-1       | {"claimed": 50, "event": "outbox_dispatch_batch_completed", "lease_lost": 0, "level": "info", "published": 50, "retry_scheduled": 0, "role": "outbox_dispatcher", "timestamp": "2026-08-07T11:47:16.563616Z"}
api-1       | INFO:     172.18.0.1:45314 - "POST /api/v1/runs HTTP/1.1" 202 Accepted
api-1       | {"api_key_prefix": "evk_64f04950db0a", "duration_ms": 84.896, "event": "http_request_completed", "level": "info", "method": "POST", "outcome": "success", "path": "/api/v1/runs", "request_id": "00edbcdc-9176-4a4a-a95a-c01b4b545f37", "status_code": 202, "tenant_id": "327d2ffb-1823-49ee-aab0-022efdfc7324", "timestamp": "2026-08-07T11:47:16.940635Z", "trace_id": "336a6ff1a374976add8e4e6414b42633"}
api-1       | INFO:     172.18.0.1:45314 - "GET /api/v1/runs/527b6cf2-999c-42cc-afbf-5867f53ee5b4 HTTP/1.1" 200 OK
api-1       | {"api_key_prefix": "evk_64f04950db0a", "duration_ms": 88.046, "event": "http_request_completed", "level": "info", "method": "GET", "outcome": "success", "path": "/api/v1/runs/527b6cf2-999c-42cc-afbf-5867f53ee5b4", "request_id": "7e7780d2-7bfa-4413-9307-6c4e13624e89", "status_code": 200, "tenant_id": "327d2ffb-1823-49ee-aab0-022efdfc7324", "timestamp": "2026-08-07T11:47:17.030503Z", "trace_id": "d57683e0b8960bb1a1fc02033fabc06b"}
api-1       | {"claimed": 50, "event": "outbox_dispatch_batch_completed", "lease_lost": 0, "level": "info", "published": 50, "retry_scheduled": 0, "role": "outbox_dispatcher", "timestamp": "2026-08-07T11:47:17.478168Z"}
api-1       | {"event": "Context impl PostgresqlImpl.", "level": "info", "request_id": "92612af2-15cb-4b8b-85f4-75c0b2abfb10", "timestamp": "2026-08-07T11:47:17.537498Z", "trace_id": "2e913e81fe6bed302e47a9b7442728ba"}
api-1       | {"event": "Will assume transactional DDL.", "level": "info", "request_id": "92612af2-15cb-4b8b-85f4-75c0b2abfb10", "timestamp": "2026-08-07T11:47:17.537676Z", "trace_id": "2e913e81fe6bed302e47a9b7442728ba"}
api-1       | INFO:     127.0.0.1:47496 - "GET /health/ready HTTP/1.1" 200 OK
api-1       | {"duration_ms": 48.707, "event": "http_request_completed", "level": "info", "method": "GET", "outcome": "success", "path": "/health/ready", "request_id": "92612af2-15cb-4b8b-85f4-75c0b2abfb10", "status_code": 200, "timestamp": "2026-08-07T11:47:17.549444Z", "trace_id": "2e913e81fe6bed302e47a9b7442728ba"}
api-1       | INFO:     172.18.0.1:45314 - "GET /api/v1/runs/527b6cf2-999c-42cc-afbf-5867f53ee5b4 HTTP/1.1" 200 OK
api-1       | {"api_key_prefix": "evk_64f04950db0a", "duration_ms": 82.401, "event": "http_request_completed", "level": "info", "method": "GET", "outcome": "success", "path": "/api/v1/runs/527b6cf2-999c-42cc-afbf-5867f53ee5b4", "request_id": "dc7cefe0-9ec2-49c4-bca3-5283fdc407cd", "status_code": 200, "tenant_id": "327d2ffb-1823-49ee-aab0-022efdfc7324", "timestamp": "2026-08-07T11:47:17.615480Z", "trace_id": "75c039aaa8bdb1fe7befc083ddc1dd05"}
api-1       | {"claimed": 50, "event": "outbox_dispatch_batch_completed", "lease_lost": 0, "level": "info", "published": 50, "retry_scheduled": 0, "role": "outbox_dispatcher", "timestamp": "2026-08-07T11:47:18.199153Z"}
api-1       | INFO:     172.18.0.1:45314 - "GET /api/v1/runs/527b6cf2-999c-42cc-afbf-5867f53ee5b4 HTTP/1.1" 200 OK
api-1       | {"api_key_prefix": "evk_64f04950db0a", "duration_ms": 124.449, "event": "http_request_completed", "level": "info", "method": "GET", "outcome": "success", "path": "/api/v1/runs/527b6cf2-999c-42cc-afbf-5867f53ee5b4", "request_id": "fbeee8d9-8567-4b5b-9448-e8e0a163d596", "status_code": 200, "tenant_id": "327d2ffb-1823-49ee-aab0-022efdfc7324", "timestamp": "2026-08-07T11:47:18.251468Z", "trace_id": "9177a679cd4906088bc2cb2adb218856"}
api-1       | INFO:     172.18.0.1:45314 - "GET /api/v1/runs/527b6cf2-999c-42cc-afbf-5867f53ee5b4/cases?limit=200&sort=case_id HTTP/1.1" 200 OK
api-1       | {"api_key_prefix": "evk_64f04950db0a", "duration_ms": 56.454, "event": "http_request_completed", "level": "info", "method": "GET", "outcome": "success", "path": "/api/v1/runs/527b6cf2-999c-42cc-afbf-5867f53ee5b4/cases", "request_id": "e1b8fff0-b9a7-4a86-9061-c19fa3062059", "status_code": 200, "tenant_id": "327d2ffb-1823-49ee-aab0-022efdfc7324", "timestamp": "2026-08-07T11:47:18.309791Z", "trace_id": "d2d803f01272d69c2619425c4fe7120c"}
api-1       | INFO:     127.0.0.1:47520 - "GET /metrics HTTP/1.1" 200 OK
api-1       | {"duration_ms": 12.445, "event": "http_request_completed", "level": "info", "method": "GET", "outcome": "success", "path": "/metrics", "request_id": "b1d5acde-7918-4665-b41e-5b4822c77493", "status_code": 200, "timestamp": "2026-08-07T11:47:18.683832Z", "trace_id": "e836c76563483cc4dee9c871e33d69b8"}
api-1       | {"claimed": 50, "event": "outbox_dispatch_batch_completed", "lease_lost": 0, "level": "info", "published": 50, "retry_scheduled": 0, "role": "outbox_dispatcher", "timestamp": "2026-08-07T11:47:18.865839Z"}
api-1       | {"claimed": 50, "event": "outbox_dispatch_batch_completed", "lease_lost": 0, "level": "info", "published": 50, "retry_scheduled": 0, "role": "outbox_dispatcher", "timestamp": "2026-08-07T11:47:19.648135Z"}
api-1       | {"claimed": 50, "event": "outbox_dispatch_batch_completed", "lease_lost": 0, "level": "info", "published": 50, "retry_scheduled": 0, "role": "outbox_dispatcher", "timestamp": "2026-08-07T11:47:20.469693Z"}
api-1       | INFO:     172.18.0.1:45314 - "POST /api/v1/runs HTTP/1.1" 202 Accepted
api-1       | {"api_key_prefix": "evk_64f04950db0a", "duration_ms": 287.787, "event": "http_request_completed", "level": "info", "method": "POST", "outcome": "success", "path": "/api/v1/runs", "request_id": "d9497dfe-3eef-4395-885c-8f1550891d5e", "status_code": 202, "tenant_id": "327d2ffb-1823-49ee-aab0-022efdfc7324", "timestamp": "2026-08-07T11:47:20.587868Z", "trace_id": "e924b464ec5103710d7e55a3633e0ed8"}
api-1       | INFO:     172.18.0.1:45314 - "GET /api/v1/runs/7eaf589b-840e-4350-aea7-3912e7de6b2f HTTP/1.1" 200 OK
api-1       | {"api_key_prefix": "evk_64f04950db0a", "duration_ms": 51.764, "event": "http_request_completed", "level": "info", "method": "GET", "outcome": "success", "path": "/api/v1/runs/7eaf589b-840e-4350-aea7-3912e7de6b2f", "request_id": "f9d5130e-9664-4d09-9801-dd721a23674d", "status_code": 200, "tenant_id": "327d2ffb-1823-49ee-aab0-022efdfc7324", "timestamp": "2026-08-07T11:47:20.641319Z", "trace_id": "86098a5354f2c95dd0dc74775a4f4fe4"}
api-1       | {"claimed": 19, "event": "outbox_dispatch_batch_completed", "lease_lost": 0, "level": "info", "published": 19, "retry_scheduled": 0, "role": "outbox_dispatcher", "timestamp": "2026-08-07T11:47:21.105693Z"}
api-1       | INFO:     172.18.0.1:45314 - "GET /api/v1/runs/7eaf589b-840e-4350-aea7-3912e7de6b2f HTTP/1.1" 200 OK
api-1       | {"api_key_prefix": "evk_64f04950db0a", "duration_ms": 79.556, "event": "http_request_completed", "level": "info", "method": "GET", "outcome": "success", "path": "/api/v1/runs/7eaf589b-840e-4350-aea7-3912e7de6b2f", "request_id": "80a068ec-54a2-4d60-b1ac-f51d497dc6e9", "status_code": 200, "tenant_id": "327d2ffb-1823-49ee-aab0-022efdfc7324", "timestamp": "2026-08-07T11:47:21.223298Z", "trace_id": "139bdf245f984b12f6f57638263a2ee9"}
api-1       | {"claimed": 50, "event": "outbox_dispatch_batch_completed", "lease_lost": 0, "level": "info", "published": 50, "retry_scheduled": 0, "role": "outbox_dispatcher", "timestamp": "2026-08-07T11:47:21.812911Z"}
api-1       | INFO:     172.18.0.1:45314 - "GET /api/v1/runs/7eaf589b-840e-4350-aea7-3912e7de6b2f HTTP/1.1" 200 OK
api-1       | {"api_key_prefix": "evk_64f04950db0a", "duration_ms": 150.481, "event": "http_request_completed", "level": "info", "method": "GET", "outcome": "success", "path": "/api/v1/runs/7eaf589b-840e-4350-aea7-3912e7de6b2f", "request_id": "f2ede704-b458-42ed-8191-396a9a674d4f", "status_code": 200, "tenant_id": "327d2ffb-1823-49ee-aab0-022efdfc7324", "timestamp": "2026-08-07T11:47:21.880975Z", "trace_id": "f2e027c994c8fd07fa7f5845f368c8ca"}
api-1       | {"claimed": 50, "event": "outbox_dispatch_batch_completed", "lease_lost": 0, "level": "info", "published": 50, "retry_scheduled": 0, "role": "outbox_dispatcher", "timestamp": "2026-08-07T11:47:22.565751Z"}
api-1       | INFO:     172.18.0.1:45314 - "GET /api/v1/runs/7eaf589b-840e-4350-aea7-3912e7de6b2f HTTP/1.1" 200 OK
api-1       | {"api_key_prefix": "evk_64f04950db0a", "duration_ms": 198.246, "event": "http_request_completed", "level": "info", "method": "GET", "outcome": "success", "path": "/api/v1/runs/7eaf589b-840e-4350-aea7-3912e7de6b2f", "request_id": "1f0d4296-dd80-48cd-8332-dd4b03fd7f3f", "status_code": 200, "tenant_id": "327d2ffb-1823-49ee-aab0-022efdfc7324", "timestamp": "2026-08-07T11:47:22.585037Z", "trace_id": "7c55330214da5a3920322edc4c0d8639"}
api-1       | {"event": "Context impl PostgresqlImpl.", "level": "info", "request_id": "24fcbaaa-e169-4907-a86e-f47d9060fc07", "timestamp": "2026-08-07T11:47:22.888440Z", "trace_id": "aaff22d79a4d3cfd0ba865a3ca7548d8"}
api-1       | {"event": "Will assume transactional DDL.", "level": "info", "request_id": "24fcbaaa-e169-4907-a86e-f47d9060fc07", "timestamp": "2026-08-07T11:47:22.888587Z", "trace_id": "aaff22d79a4d3cfd0ba865a3ca7548d8"}
api-1       | INFO:     127.0.0.1:33422 - "GET /health/ready HTTP/1.1" 200 OK
api-1       | {"duration_ms": 24.667, "event": "http_request_completed", "level": "info", "method": "GET", "outcome": "success", "path": "/health/ready", "request_id": "24fcbaaa-e169-4907-a86e-f47d9060fc07", "status_code": 200, "timestamp": "2026-08-07T11:47:22.895263Z", "trace_id": "aaff22d79a4d3cfd0ba865a3ca7548d8"}
api-1       | {"claimed": 50, "event": "outbox_dispatch_batch_completed", "lease_lost": 0, "level": "info", "published": 50, "retry_scheduled": 0, "role": "outbox_dispatcher", "timestamp": "2026-08-07T11:47:23.279149Z"}
api-1       | INFO:     172.18.0.1:45314 - "GET /api/v1/runs/7eaf589b-840e-4350-aea7-3912e7de6b2f HTTP/1.1" 200 OK
api-1       | {"api_key_prefix": "evk_64f04950db0a", "duration_ms": 213.892, "event": "http_request_completed", "level": "info", "method": "GET", "outcome": "success", "path": "/api/v1/runs/7eaf589b-840e-4350-aea7-3912e7de6b2f", "request_id": "cbe2f1ea-8fa4-4162-bf95-53867ea55a40", "status_code": 200, "tenant_id": "327d2ffb-1823-49ee-aab0-022efdfc7324", "timestamp": "2026-08-07T11:47:23.333950Z", "trace_id": "9959376a6b8ba384254a1e93550661fa"}
api-1       | {"claimed": 50, "event": "outbox_dispatch_batch_completed", "lease_lost": 0, "level": "info", "published": 50, "retry_scheduled": 0, "role": "outbox_dispatcher", "timestamp": "2026-08-07T11:47:24.106551Z"}
api-1       | INFO:     172.18.0.1:45314 - "GET /api/v1/runs/7eaf589b-840e-4350-aea7-3912e7de6b2f HTTP/1.1" 200 OK
api-1       | {"api_key_prefix": "evk_64f04950db0a", "duration_ms": 269.941, "event": "http_request_completed", "level": "info", "method": "GET", "outcome": "success", "path": "/api/v1/runs/7eaf589b-840e-4350-aea7-3912e7de6b2f", "request_id": "6a383d97-46dc-4809-95c6-016aa23405b1", "status_code": 200, "tenant_id": "327d2ffb-1823-49ee-aab0-022efdfc7324", "timestamp": "2026-08-07T11:47:24.118664Z", "trace_id": "74e3848b6023a731b5c13fb419c5d90a"}
api-1       | {"claimed": 50, "event": "outbox_dispatch_batch_completed", "lease_lost": 0, "level": "info", "published": 50, "retry_scheduled": 0, "role": "outbox_dispatcher", "timestamp": "2026-08-07T11:47:24.884993Z"}
api-1       | INFO:     172.18.0.1:45314 - "GET /api/v1/runs/7eaf589b-840e-4350-aea7-3912e7de6b2f HTTP/1.1" 200 OK
api-1       | {"api_key_prefix": "evk_64f04950db0a", "duration_ms": 269.804, "event": "http_request_completed", "level": "info", "method": "GET", "outcome": "success", "path": "/api/v1/runs/7eaf589b-840e-4350-aea7-3912e7de6b2f", "request_id": "54deec60-42e2-4ce0-8a5e-03eecb84227b", "status_code": 200, "tenant_id": "327d2ffb-1823-49ee-aab0-022efdfc7324", "timestamp": "2026-08-07T11:47:24.891952Z", "trace_id": "c5c54f04dfb7d759821614d44744fc04"}
api-1       | {"claimed": 50, "event": "outbox_dispatch_batch_completed", "lease_lost": 0, "level": "info", "published": 50, "retry_scheduled": 0, "role": "outbox_dispatcher", "timestamp": "2026-08-07T11:47:25.622483Z"}
api-1       | INFO:     172.18.0.1:45314 - "GET /api/v1/runs/7eaf589b-840e-4350-aea7-3912e7de6b2f HTTP/1.1" 200 OK
api-1       | {"api_key_prefix": "evk_64f04950db0a", "duration_ms": 274.607, "event": "http_request_completed", "level": "info", "method": "GET", "outcome": "success", "path": "/api/v1/runs/7eaf589b-840e-4350-aea7-3912e7de6b2f", "request_id": "d75fbdd2-087a-4d37-a233-f2037b68d320", "status_code": 200, "tenant_id": "327d2ffb-1823-49ee-aab0-022efdfc7324", "timestamp": "2026-08-07T11:47:25.670717Z", "trace_id": "76487cbc9736ac338a3b42a51b2ee729"}
api-1       | {"claimed": 50, "event": "outbox_dispatch_batch_completed", "lease_lost": 0, "level": "info", "published": 50, "retry_scheduled": 0, "role": "outbox_dispatcher", "timestamp": "2026-08-07T11:47:26.321495Z"}
api-1       | INFO:     172.18.0.1:45314 - "GET /api/v1/runs/7eaf589b-840e-4350-aea7-3912e7de6b2f HTTP/1.1" 200 OK
api-1       | {"api_key_prefix": "evk_64f04950db0a", "duration_ms": 184.046, "event": "http_request_completed", "level": "info", "method": "GET", "outcome": "success", "path": "/api/v1/runs/7eaf589b-840e-4350-aea7-3912e7de6b2f", "request_id": "b6ad1a94-4345-4146-a4a1-78e14161b08c", "status_code": 200, "tenant_id": "327d2ffb-1823-49ee-aab0-022efdfc7324", "timestamp": "2026-08-07T11:47:26.378620Z", "trace_id": "62e45a8ac5b3c1d9394769532592ed21"}
api-1       | {"claimed": 50, "event": "outbox_dispatch_batch_completed", "lease_lost": 0, "level": "info", "published": 50, "retry_scheduled": 0, "role": "outbox_dispatcher", "timestamp": "2026-08-07T11:47:27.013205Z"}
api-1       | INFO:     172.18.0.1:45314 - "GET /api/v1/runs/7eaf589b-840e-4350-aea7-3912e7de6b2f HTTP/1.1" 200 OK
api-1       | {"api_key_prefix": "evk_64f04950db0a", "duration_ms": 187.165, "event": "http_request_completed", "level": "info", "method": "GET", "outcome": "success", "path": "/api/v1/runs/7eaf589b-840e-4350-aea7-3912e7de6b2f", "request_id": "d3972e23-4268-44f7-ad74-5ea7b4fa58f2", "status_code": 200, "tenant_id": "327d2ffb-1823-49ee-aab0-022efdfc7324", "timestamp": "2026-08-07T11:47:27.073004Z", "trace_id": "d7035a34bdae030dbeac60bd69cf0fc1"}
api-1       | {"claimed": 50, "event": "outbox_dispatch_batch_completed", "lease_lost": 0, "level": "info", "published": 50, "retry_scheduled": 0, "role": "outbox_dispatcher", "timestamp": "2026-08-07T11:47:27.673695Z"}
api-1       | INFO:     172.18.0.1:45314 - "GET /api/v1/runs/7eaf589b-840e-4350-aea7-3912e7de6b2f HTTP/1.1" 200 OK
api-1       | {"api_key_prefix": "evk_64f04950db0a", "duration_ms": 134.48, "event": "http_request_completed", "level": "info", "method": "GET", "outcome": "success", "path": "/api/v1/runs/7eaf589b-840e-4350-aea7-3912e7de6b2f", "request_id": "71824570-d930-4413-8342-59eed3069c88", "status_code": 200, "tenant_id": "327d2ffb-1823-49ee-aab0-022efdfc7324", "timestamp": "2026-08-07T11:47:27.733380Z", "trace_id": "283de013874fd8dc35fde4631e96db16"}
api-1       | INFO:     172.18.0.1:45314 - "GET /api/v1/runs/7eaf589b-840e-4350-aea7-3912e7de6b2f/cases?limit=200&sort=case_id HTTP/1.1" 200 OK
api-1       | {"api_key_prefix": "evk_64f04950db0a", "duration_ms": 86.047, "event": "http_request_completed", "level": "info", "method": "GET", "outcome": "success", "path": "/api/v1/runs/7eaf589b-840e-4350-aea7-3912e7de6b2f/cases", "request_id": "818d24f3-abbf-4264-951d-274af0cbf86c", "status_code": 200, "tenant_id": "327d2ffb-1823-49ee-aab0-022efdfc7324", "timestamp": "2026-08-07T11:47:27.820863Z", "trace_id": "f10657f40414588bf5d9b8c864a03f7a"}
api-1       | INFO:     172.18.0.1:45314 - "GET /api/v1/runs/7eaf589b-840e-4350-aea7-3912e7de6b2f/cases?limit=200&sort=case_id&cursor=eyJkaXJlY3Rpb24iOiJhc2MiLCJlcnJvcl9jb2RlIjpudWxsLCJqb2JfaWQiOiJmNDFiZGIyNC03YTM0LTRhMDEtOTFkOS1iZjY0YzdiODVhYjMiLCJtZXRyaWMiOm51bGwsInNvcnQiOiJjYXNlX2lkIiwic3RhdHVzIjpudWxsLCJ2IjoxLCJ2YWx1ZSI6ImxvYWQtMDE5OSJ9 HTTP/1.1" 200 OK
api-1       | {"api_key_prefix": "evk_64f04950db0a", "duration_ms": 80.013, "event": "http_request_completed", "level": "info", "method": "GET", "outcome": "success", "path": "/api/v1/runs/7eaf589b-840e-4350-aea7-3912e7de6b2f/cases", "request_id": "fb06672b-28a9-4bfe-a28f-502acdd821f5", "status_code": 200, "tenant_id": "327d2ffb-1823-49ee-aab0-022efdfc7324", "timestamp": "2026-08-07T11:47:27.907419Z", "trace_id": "8daca4bf65af73dac7928bc2a08242a6"}
api-1       | INFO:     172.18.0.1:45314 - "GET /api/v1/runs/7eaf589b-840e-4350-aea7-3912e7de6b2f/cases?limit=200&sort=case_id&cursor=eyJkaXJlY3Rpb24iOiJhc2MiLCJlcnJvcl9jb2RlIjpudWxsLCJqb2JfaWQiOiJiODBmZmZlYi1lNmRjLTQwMGQtODJmYy0xZjQxNTUxNjc1YWUiLCJtZXRyaWMiOm51bGwsInNvcnQiOiJjYXNlX2lkIiwic3RhdHVzIjpudWxsLCJ2IjoxLCJ2YWx1ZSI6ImxvYWQtMDM5OSJ9 HTTP/1.1" 200 OK
api-1       | {"api_key_prefix": "evk_64f04950db0a", "duration_ms": 125.23, "event": "http_request_completed", "level": "info", "method": "GET", "outcome": "success", "path": "/api/v1/runs/7eaf589b-840e-4350-aea7-3912e7de6b2f/cases", "request_id": "d9a17e51-f48d-4f3f-a090-eecc15162f72", "status_code": 200, "tenant_id": "327d2ffb-1823-49ee-aab0-022efdfc7324", "timestamp": "2026-08-07T11:47:28.036019Z", "trace_id": "d40034c7094a1842784ebbbae3fcc995"}
api-1       | {"event": "Context impl PostgresqlImpl.", "level": "info", "request_id": "c1184c3d-a740-44e6-be18-bba1eaa3570d", "timestamp": "2026-08-07T11:47:28.735091Z", "trace_id": "b8926074ee3a9751caed8016f6d0f41a"}
api-1       | {"event": "Will assume transactional DDL.", "level": "info", "request_id": "c1184c3d-a740-44e6-be18-bba1eaa3570d", "timestamp": "2026-08-07T11:47:28.735248Z", "trace_id": "b8926074ee3a9751caed8016f6d0f41a"}
api-1       | INFO:     127.0.0.1:33466 - "GET /health/ready HTTP/1.1" 200 OK
api-1       | {"duration_ms": 294.302, "event": "http_request_completed", "level": "info", "method": "GET", "outcome": "success", "path": "/health/ready", "request_id": "c1184c3d-a740-44e6-be18-bba1eaa3570d", "status_code": 200, "timestamp": "2026-08-07T11:47:28.854534Z", "trace_id": "b8926074ee3a9751caed8016f6d0f41a"}
api-1       | {"claimed": 50, "event": "outbox_dispatch_batch_completed", "lease_lost": 0, "level": "info", "published": 50, "retry_scheduled": 0, "role": "outbox_dispatcher", "timestamp": "2026-08-07T11:47:28.858469Z"}
api-1       | INFO:     127.0.0.1:33486 - "GET /metrics HTTP/1.1" 200 OK
api-1       | {"duration_ms": 11.64, "event": "http_request_completed", "level": "info", "method": "GET", "outcome": "success", "path": "/metrics", "request_id": "170f1d9e-2b79-4ae8-b223-e80b0192e48e", "status_code": 200, "timestamp": "2026-08-07T11:47:28.955661Z", "trace_id": "d747e5e4da98ba155da6c26309b672fc"}
api-1       | {"claimed": 50, "event": "outbox_dispatch_batch_completed", "lease_lost": 0, "level": "info", "published": 50, "retry_scheduled": 0, "role": "outbox_dispatcher", "timestamp": "2026-08-07T11:47:29.562993Z"}
api-1       | {"claimed": 50, "event": "outbox_dispatch_batch_completed", "lease_lost": 0, "level": "info", "published": 50, "retry_scheduled": 0, "role": "outbox_dispatcher", "timestamp": "2026-08-07T11:47:30.239273Z"}
api-1       | {"claimed": 50, "event": "outbox_dispatch_batch_completed", "lease_lost": 0, "level": "info", "published": 50, "retry_scheduled": 0, "role": "outbox_dispatcher", "timestamp": "2026-08-07T11:47:30.883591Z"}
api-1       | {"claimed": 50, "event": "outbox_dispatch_batch_completed", "lease_lost": 0, "level": "info", "published": 50, "retry_scheduled": 0, "role": "outbox_dispatcher", "timestamp": "2026-08-07T11:47:31.541376Z"}
api-1       | {"claimed": 50, "event": "outbox_dispatch_batch_completed", "lease_lost": 0, "level": "info", "published": 50, "retry_scheduled": 0, "role": "outbox_dispatcher", "timestamp": "2026-08-07T11:47:32.198241Z"}
api-1       | {"claimed": 50, "event": "outbox_dispatch_batch_completed", "lease_lost": 0, "level": "info", "published": 50, "retry_scheduled": 0, "role": "outbox_dispatcher", "timestamp": "2026-08-07T11:47:32.862203Z"}
api-1       | INFO:     172.18.0.1:45314 - "POST /api/v1/runs HTTP/1.1" 202 Accepted
api-1       | {"api_key_prefix": "evk_64f04950db0a", "duration_ms": 76.0, "event": "http_request_completed", "level": "info", "method": "POST", "outcome": "success", "path": "/api/v1/runs", "request_id": "60b04f9b-dab0-4e14-8d36-8689dd064fd3", "status_code": 202, "tenant_id": "327d2ffb-1823-49ee-aab0-022efdfc7324", "timestamp": "2026-08-07T11:47:32.949243Z", "trace_id": "662c598f40999cdf21497ed0b52d9b79"}
api-1       | INFO:     172.18.0.1:45314 - "GET /api/v1/runs/251b4f76-256b-4b9f-b1f0-a979ebee9b00 HTTP/1.1" 200 OK
api-1       | {"api_key_prefix": "evk_64f04950db0a", "duration_ms": 49.749, "event": "http_request_completed", "level": "info", "method": "GET", "outcome": "success", "path": "/api/v1/runs/251b4f76-256b-4b9f-b1f0-a979ebee9b00", "request_id": "5f4356ce-5483-4e8d-8b29-d5c7944f6d9c", "status_code": 200, "tenant_id": "327d2ffb-1823-49ee-aab0-022efdfc7324", "timestamp": "2026-08-07T11:47:33.000487Z", "trace_id": "74c2567e4ee39b77bfa3b5caa01cbca8"}
api-1       | {"claimed": 50, "event": "outbox_dispatch_batch_completed", "lease_lost": 0, "level": "info", "published": 50, "retry_scheduled": 0, "role": "outbox_dispatcher", "timestamp": "2026-08-07T11:47:33.599925Z"}
api-1       | INFO:     172.18.0.1:45314 - "GET /api/v1/runs/251b4f76-256b-4b9f-b1f0-a979ebee9b00 HTTP/1.1" 200 OK
api-1       | {"api_key_prefix": "evk_64f04950db0a", "duration_ms": 135.823, "event": "http_request_completed", "level": "info", "method": "GET", "outcome": "success", "path": "/api/v1/runs/251b4f76-256b-4b9f-b1f0-a979ebee9b00", "request_id": "e942d27e-5f28-4d08-a3d0-01c55656e6c2", "status_code": 200, "tenant_id": "327d2ffb-1823-49ee-aab0-022efdfc7324", "timestamp": "2026-08-07T11:47:33.656678Z", "trace_id": "4d87466ad11b7221f2369b1d288e22b0"}
api-1       | INFO:     172.18.0.1:45314 - "GET /api/v1/runs/251b4f76-256b-4b9f-b1f0-a979ebee9b00/cases?limit=200&sort=case_id HTTP/1.1" 200 OK
api-1       | {"api_key_prefix": "evk_64f04950db0a", "duration_ms": 58.692, "event": "http_request_completed", "level": "info", "method": "GET", "outcome": "success", "path": "/api/v1/runs/251b4f76-256b-4b9f-b1f0-a979ebee9b00/cases", "request_id": "8b22d8aa-ce2d-4368-9890-078b7e381e37", "status_code": 200, "tenant_id": "327d2ffb-1823-49ee-aab0-022efdfc7324", "timestamp": "2026-08-07T11:47:33.717021Z", "trace_id": "126ae9d259b5ab068797df7a18050a40"}
api-1       | {"event": "Context impl PostgresqlImpl.", "level": "info", "request_id": "f3b17de0-9f8d-4edd-b607-e8ff1d28d569", "timestamp": "2026-08-07T11:47:34.493895Z", "trace_id": "fb88bede0c3b9fa6dad8003b7bf8a97b"}
api-1       | {"event": "Will assume transactional DDL.", "level": "info", "request_id": "f3b17de0-9f8d-4edd-b607-e8ff1d28d569", "timestamp": "2026-08-07T11:47:34.494003Z", "trace_id": "fb88bede0c3b9fa6dad8003b7bf8a97b"}
api-1       | INFO:     127.0.0.1:57466 - "GET /health/ready HTTP/1.1" 200 OK
api-1       | {"duration_ms": 94.313, "event": "http_request_completed", "level": "info", "method": "GET", "outcome": "success", "path": "/health/ready", "request_id": "f3b17de0-9f8d-4edd-b607-e8ff1d28d569", "status_code": 200, "timestamp": "2026-08-07T11:47:34.553987Z", "trace_id": "fb88bede0c3b9fa6dad8003b7bf8a97b"}
api-1       | {"claimed": 50, "event": "outbox_dispatch_batch_completed", "lease_lost": 0, "level": "info", "published": 50, "retry_scheduled": 0, "role": "outbox_dispatcher", "timestamp": "2026-08-07T11:47:34.555517Z"}
api-1       | INFO:     127.0.0.1:57462 - "GET /metrics HTTP/1.1" 200 OK
api-1       | {"duration_ms": 110.816, "event": "http_request_completed", "level": "info", "method": "GET", "outcome": "success", "path": "/metrics", "request_id": "f5aa3256-6c82-4a38-9347-31bf424b93fd", "status_code": 200, "timestamp": "2026-08-07T11:47:34.562356Z", "trace_id": "513ea06f71e25197b42bee7121ece193"}
api-1       | {"claimed": 50, "event": "outbox_dispatch_batch_completed", "lease_lost": 0, "level": "info", "published": 50, "retry_scheduled": 0, "role": "outbox_dispatcher", "timestamp": "2026-08-07T11:47:35.222183Z"}
api-1       | {"claimed": 50, "event": "outbox_dispatch_batch_completed", "lease_lost": 0, "level": "info", "published": 50, "retry_scheduled": 0, "role": "outbox_dispatcher", "timestamp": "2026-08-07T11:47:35.883016Z"}
api-1       | INFO:     172.18.0.1:45314 - "POST /api/v1/runs HTTP/1.1" 202 Accepted
api-1       | {"api_key_prefix": "evk_64f04950db0a", "duration_ms": 187.596, "event": "http_request_completed", "level": "info", "method": "POST", "outcome": "success", "path": "/api/v1/runs", "request_id": "571bfa3a-c6fb-447d-a987-4853f92f5838", "status_code": 202, "tenant_id": "327d2ffb-1823-49ee-aab0-022efdfc7324", "timestamp": "2026-08-07T11:47:36.222895Z", "trace_id": "5453bec0e366e3bbf502724f0072b8d5"}
api-1       | INFO:     172.18.0.1:45314 - "GET /api/v1/runs/f7a513ee-f4fb-4c42-89af-07f86d432e68 HTTP/1.1" 200 OK
api-1       | {"api_key_prefix": "evk_64f04950db0a", "duration_ms": 50.843, "event": "http_request_completed", "level": "info", "method": "GET", "outcome": "success", "path": "/api/v1/runs/f7a513ee-f4fb-4c42-89af-07f86d432e68", "request_id": "ecf8dd20-2e08-427f-b185-7fc7db893dec", "status_code": 200, "tenant_id": "327d2ffb-1823-49ee-aab0-022efdfc7324", "timestamp": "2026-08-07T11:47:36.275313Z", "trace_id": "0d5e4993ed50c433eb3998ffee4d6035"}
api-1       | {"claimed": 50, "event": "outbox_dispatch_batch_completed", "lease_lost": 0, "level": "info", "published": 50, "retry_scheduled": 0, "role": "outbox_dispatcher", "timestamp": "2026-08-07T11:47:36.571456Z"}
api-1       | INFO:     172.18.0.1:45314 - "GET /api/v1/runs/f7a513ee-f4fb-4c42-89af-07f86d432e68 HTTP/1.1" 200 OK
api-1       | {"api_key_prefix": "evk_64f04950db0a", "duration_ms": 60.92, "event": "http_request_completed", "level": "info", "method": "GET", "outcome": "success", "path": "/api/v1/runs/f7a513ee-f4fb-4c42-89af-07f86d432e68", "request_id": "36f0369e-9fe2-4f55-9ef8-abb32f00210d", "status_code": 200, "tenant_id": "327d2ffb-1823-49ee-aab0-022efdfc7324", "timestamp": "2026-08-07T11:47:36.838677Z", "trace_id": "5e13119ca7fd88dcac4d28508bd53c29"}
api-1       | {"claimed": 50, "event": "outbox_dispatch_batch_completed", "lease_lost": 0, "level": "info", "published": 50, "retry_scheduled": 0, "role": "outbox_dispatcher", "timestamp": "2026-08-07T11:47:37.291708Z"}
api-1       | INFO:     172.18.0.1:45314 - "GET /api/v1/runs/f7a513ee-f4fb-4c42-89af-07f86d432e68 HTTP/1.1" 200 OK
api-1       | {"api_key_prefix": "evk_64f04950db0a", "duration_ms": 60.353, "event": "http_request_completed", "level": "info", "method": "GET", "outcome": "success", "path": "/api/v1/runs/f7a513ee-f4fb-4c42-89af-07f86d432e68", "request_id": "65646671-2afa-4ef6-b2f8-f136c42da3f6", "status_code": 200, "tenant_id": "327d2ffb-1823-49ee-aab0-022efdfc7324", "timestamp": "2026-08-07T11:47:37.401656Z", "trace_id": "1a580a96ead3f74b814f267874d8e76e"}
api-1       | {"claimed": 50, "event": "outbox_dispatch_batch_completed", "lease_lost": 0, "level": "info", "published": 50, "retry_scheduled": 0, "role": "outbox_dispatcher", "timestamp": "2026-08-07T11:47:38.024011Z"}
api-1       | INFO:     172.18.0.1:45314 - "GET /api/v1/runs/f7a513ee-f4fb-4c42-89af-07f86d432e68 HTTP/1.1" 200 OK
api-1       | {"api_key_prefix": "evk_64f04950db0a", "duration_ms": 152.853, "event": "http_request_completed", "level": "info", "method": "GET", "outcome": "success", "path": "/api/v1/runs/f7a513ee-f4fb-4c42-89af-07f86d432e68", "request_id": "4970f2dc-24c6-4497-b710-0676566f1855", "status_code": 200, "tenant_id": "327d2ffb-1823-49ee-aab0-022efdfc7324", "timestamp": "2026-08-07T11:47:38.086584Z", "trace_id": "562a81914db6d7aa8643614cb247bc37"}
api-1       | {"claimed": 50, "event": "outbox_dispatch_batch_completed", "lease_lost": 0, "level": "info", "published": 50, "retry_scheduled": 0, "role": "outbox_dispatcher", "timestamp": "2026-08-07T11:47:38.843084Z"}
api-1       | INFO:     172.18.0.1:45314 - "GET /api/v1/runs/f7a513ee-f4fb-4c42-89af-07f86d432e68 HTTP/1.1" 200 OK
api-1       | {"api_key_prefix": "evk_64f04950db0a", "duration_ms": 322.267, "event": "http_request_completed", "level": "info", "method": "GET", "outcome": "success", "path": "/api/v1/runs/f7a513ee-f4fb-4c42-89af-07f86d432e68", "request_id": "c2a141d3-c106-46cf-bfcd-1c2c1e4223f2", "status_code": 200, "tenant_id": "327d2ffb-1823-49ee-aab0-022efdfc7324", "timestamp": "2026-08-07T11:47:38.936634Z", "trace_id": "1aaecfd91b04f6bd576fc0c4ab0d0eee"}
api-1       | {"claimed": 50, "event": "outbox_dispatch_batch_completed", "lease_lost": 0, "level": "info", "published": 50, "retry_scheduled": 0, "role": "outbox_dispatcher", "timestamp": "2026-08-07T11:47:39.573363Z"}
api-1       | INFO:     172.18.0.1:45314 - "GET /api/v1/runs/f7a513ee-f4fb-4c42-89af-07f86d432e68 HTTP/1.1" 200 OK
api-1       | {"api_key_prefix": "evk_64f04950db0a", "duration_ms": 130.287, "event": "http_request_completed", "level": "info", "method": "GET", "outcome": "success", "path": "/api/v1/runs/f7a513ee-f4fb-4c42-89af-07f86d432e68", "request_id": "2af5c203-b989-4a1d-ba3f-1cb3ce60d1cd", "status_code": 200, "tenant_id": "327d2ffb-1823-49ee-aab0-022efdfc7324", "timestamp": "2026-08-07T11:47:39.592224Z", "trace_id": "0fcbd6305a2dbf72e27099c2bcbbc28d"}
api-1       | {"event": "Context impl PostgresqlImpl.", "level": "info", "request_id": "6334e0a3-9488-45be-8c0d-b1621e6989d8", "timestamp": "2026-08-07T11:47:39.936610Z", "trace_id": "c016c22b5487c58d885c7cb8427c03ad"}
api-1       | {"event": "Will assume transactional DDL.", "level": "info", "request_id": "6334e0a3-9488-45be-8c0d-b1621e6989d8", "timestamp": "2026-08-07T11:47:39.936744Z", "trace_id": "c016c22b5487c58d885c7cb8427c03ad"}
api-1       | INFO:     127.0.0.1:57516 - "GET /health/ready HTTP/1.1" 200 OK
api-1       | {"duration_ms": 26.572, "event": "http_request_completed", "level": "info", "method": "GET", "outcome": "success", "path": "/health/ready", "request_id": "6334e0a3-9488-45be-8c0d-b1621e6989d8", "status_code": 200, "timestamp": "2026-08-07T11:47:39.944998Z", "trace_id": "c016c22b5487c58d885c7cb8427c03ad"}
api-1       | {"claimed": 50, "event": "outbox_dispatch_batch_completed", "lease_lost": 0, "level": "info", "published": 50, "retry_scheduled": 0, "role": "outbox_dispatcher", "timestamp": "2026-08-07T11:47:40.343595Z"}
api-1       | INFO:     172.18.0.1:45314 - "GET /api/v1/runs/f7a513ee-f4fb-4c42-89af-07f86d432e68 HTTP/1.1" 200 OK
api-1       | {"api_key_prefix": "evk_64f04950db0a", "duration_ms": 258.557, "event": "http_request_completed", "level": "info", "method": "GET", "outcome": "success", "path": "/api/v1/runs/f7a513ee-f4fb-4c42-89af-07f86d432e68", "request_id": "4bf35a35-70ef-4270-b5e4-9becf460fa3e", "status_code": 200, "tenant_id": "327d2ffb-1823-49ee-aab0-022efdfc7324", "timestamp": "2026-08-07T11:47:40.354914Z", "trace_id": "caa1b8d8efd25ef30d2bef60c18acbc2"}
api-1       | {"claimed": 50, "event": "outbox_dispatch_batch_completed", "lease_lost": 0, "level": "info", "published": 50, "retry_scheduled": 0, "role": "outbox_dispatcher", "timestamp": "2026-08-07T11:47:41.093856Z"}
api-1       | INFO:     172.18.0.1:45314 - "GET /api/v1/runs/f7a513ee-f4fb-4c42-89af-07f86d432e68 HTTP/1.1" 200 OK
api-1       | {"api_key_prefix": "evk_64f04950db0a", "duration_ms": 252.019, "event": "http_request_completed", "level": "info", "method": "GET", "outcome": "success", "path": "/api/v1/runs/f7a513ee-f4fb-4c42-89af-07f86d432e68", "request_id": "1abfcd8e-3b88-43bd-b65b-b1d96cd3eac0", "status_code": 200, "tenant_id": "327d2ffb-1823-49ee-aab0-022efdfc7324", "timestamp": "2026-08-07T11:47:41.109507Z", "trace_id": "0b245f9678c1448135c5e8a54dccaeb7"}
api-1       | {"claimed": 50, "event": "outbox_dispatch_batch_completed", "lease_lost": 0, "level": "info", "published": 50, "retry_scheduled": 0, "role": "outbox_dispatcher", "timestamp": "2026-08-07T11:47:41.825435Z"}
api-1       | INFO:     172.18.0.1:45314 - "GET /api/v1/runs/f7a513ee-f4fb-4c42-89af-07f86d432e68 HTTP/1.1" 200 OK
api-1       | {"api_key_prefix": "evk_64f04950db0a", "duration_ms": 220.685, "event": "http_request_completed", "level": "info", "method": "GET", "outcome": "success", "path": "/api/v1/runs/f7a513ee-f4fb-4c42-89af-07f86d432e68", "request_id": "b244bb2b-ab9f-4e54-8a8b-6a65100b1d8c", "status_code": 200, "tenant_id": "327d2ffb-1823-49ee-aab0-022efdfc7324", "timestamp": "2026-08-07T11:47:41.833413Z", "trace_id": "112112cb9ceab998c48b24b4165b4fae"}
api-1       | {"claimed": 50, "event": "outbox_dispatch_batch_completed", "lease_lost": 0, "level": "info", "published": 50, "retry_scheduled": 0, "role": "outbox_dispatcher", "timestamp": "2026-08-07T11:47:42.670393Z"}
api-1       | INFO:     172.18.0.1:45314 - "GET /api/v1/runs/f7a513ee-f4fb-4c42-89af-07f86d432e68 HTTP/1.1" 200 OK
api-1       | {"api_key_prefix": "evk_64f04950db0a", "duration_ms": 344.439, "event": "http_request_completed", "level": "info", "method": "GET", "outcome": "success", "path": "/api/v1/runs/f7a513ee-f4fb-4c42-89af-07f86d432e68", "request_id": "d3c853c8-5c12-443c-a026-0b196c53f0d0", "status_code": 200, "tenant_id": "327d2ffb-1823-49ee-aab0-022efdfc7324", "timestamp": "2026-08-07T11:47:42.681190Z", "trace_id": "399ecc57fb37353f52676cd4cdfee70a"}
api-1       | {"claimed": 50, "event": "outbox_dispatch_batch_completed", "lease_lost": 0, "level": "info", "published": 50, "retry_scheduled": 0, "role": "outbox_dispatcher", "timestamp": "2026-08-07T11:47:43.330357Z"}
api-1       | INFO:     172.18.0.1:45314 - "GET /api/v1/runs/f7a513ee-f4fb-4c42-89af-07f86d432e68 HTTP/1.1" 200 OK
api-1       | {"api_key_prefix": "evk_64f04950db0a", "duration_ms": 181.724, "event": "http_request_completed", "level": "info", "method": "GET", "outcome": "success", "path": "/api/v1/runs/f7a513ee-f4fb-4c42-89af-07f86d432e68", "request_id": "f214efc5-15f1-4fe1-97a5-f89ae705e639", "status_code": 200, "tenant_id": "327d2ffb-1823-49ee-aab0-022efdfc7324", "timestamp": "2026-08-07T11:47:43.365602Z", "trace_id": "119e2eab32ad86c2f34cec4cbfa45f75"}
api-1       | INFO:     172.18.0.1:45314 - "GET /api/v1/runs/f7a513ee-f4fb-4c42-89af-07f86d432e68/cases?limit=200&sort=case_id HTTP/1.1" 200 OK
api-1       | {"api_key_prefix": "evk_64f04950db0a", "duration_ms": 66.932, "event": "http_request_completed", "level": "info", "method": "GET", "outcome": "success", "path": "/api/v1/runs/f7a513ee-f4fb-4c42-89af-07f86d432e68/cases", "request_id": "259592c7-de01-45da-9cd1-f50b0b8088e5", "status_code": 200, "tenant_id": "327d2ffb-1823-49ee-aab0-022efdfc7324", "timestamp": "2026-08-07T11:47:43.434137Z", "trace_id": "09d8f030206b227202371f053480a7d7"}
api-1       | INFO:     172.18.0.1:45314 - "GET /api/v1/runs/f7a513ee-f4fb-4c42-89af-07f86d432e68/cases?limit=200&sort=case_id&cursor=eyJkaXJlY3Rpb24iOiJhc2MiLCJlcnJvcl9jb2RlIjpudWxsLCJqb2JfaWQiOiI4YTk3ZDJjZS00NDM5LTQxZmUtOGJlMy00ZDZiMzVjNmE0MGUiLCJtZXRyaWMiOm51bGwsInNvcnQiOiJjYXNlX2lkIiwic3RhdHVzIjpudWxsLCJ2IjoxLCJ2YWx1ZSI6ImxvYWQtMDE5OSJ9 HTTP/1.1" 200 OK
api-1       | {"api_key_prefix": "evk_64f04950db0a", "duration_ms": 77.738, "event": "http_request_completed", "level": "info", "method": "GET", "outcome": "success", "path": "/api/v1/runs/f7a513ee-f4fb-4c42-89af-07f86d432e68/cases", "request_id": "dc044487-48a4-430d-91be-953d676d4367", "status_code": 200, "tenant_id": "327d2ffb-1823-49ee-aab0-022efdfc7324", "timestamp": "2026-08-07T11:47:43.514467Z", "trace_id": "4c85fd73f66a629a5411e4439f780d5e"}
api-1       | INFO:     172.18.0.1:45314 - "GET /api/v1/runs/f7a513ee-f4fb-4c42-89af-07f86d432e68/cases?limit=200&sort=case_id&cursor=eyJkaXJlY3Rpb24iOiJhc2MiLCJlcnJvcl9jb2RlIjpudWxsLCJqb2JfaWQiOiI2ZDVmMTAyZC05MTRjLTQ2MTUtYjFhNi1mMDg0OWUzNThiNTYiLCJtZXRyaWMiOm51bGwsInNvcnQiOiJjYXNlX2lkIiwic3RhdHVzIjpudWxsLCJ2IjoxLCJ2YWx1ZSI6ImxvYWQtMDM5OSJ9 HTTP/1.1" 200 OK
api-1       | {"api_key_prefix": "evk_64f04950db0a", "duration_ms": 62.266, "event": "http_request_completed", "level": "info", "method": "GET", "outcome": "success", "path": "/api/v1/runs/f7a513ee-f4fb-4c42-89af-07f86d432e68/cases", "request_id": "712d532c-2e1f-4318-ac24-575810739737", "status_code": 200, "tenant_id": "327d2ffb-1823-49ee-aab0-022efdfc7324", "timestamp": "2026-08-07T11:47:43.579183Z", "trace_id": "c54fe28f598e3931c07bd0742d5bfeb9"}
api-1       | INFO:     127.0.0.1:39540 - "GET /metrics HTTP/1.1" 200 OK
api-1       | {"duration_ms": 43.674, "event": "http_request_completed", "level": "info", "method": "GET", "outcome": "success", "path": "/metrics", "request_id": "e40256c0-b964-40d9-b05a-d36319fe1777", "status_code": 200, "timestamp": "2026-08-07T11:47:44.085975Z", "trace_id": "42c97dddb79ea486f02b32881cd12847"}
api-1       | {"claimed": 50, "event": "outbox_dispatch_batch_completed", "lease_lost": 0, "level": "info", "published": 50, "retry_scheduled": 0, "role": "outbox_dispatcher", "timestamp": "2026-08-07T11:47:44.087203Z"}
api-1       | {"claimed": 50, "event": "outbox_dispatch_batch_completed", "lease_lost": 0, "level": "info", "published": 50, "retry_scheduled": 0, "role": "outbox_dispatcher", "timestamp": "2026-08-07T11:47:44.769088Z"}
api-1       | {"event": "Context impl PostgresqlImpl.", "level": "info", "request_id": "aa865ad1-93e6-4250-8d17-c96e17e3ad72", "timestamp": "2026-08-07T11:47:45.235240Z", "trace_id": "a011aa6553b3c1026ccbe5e83910b73c"}
api-1       | {"event": "Will assume transactional DDL.", "level": "info", "request_id": "aa865ad1-93e6-4250-8d17-c96e17e3ad72", "timestamp": "2026-08-07T11:47:45.235361Z", "trace_id": "a011aa6553b3c1026ccbe5e83910b73c"}
api-1       | INFO:     127.0.0.1:39544 - "GET /health/ready HTTP/1.1" 200 OK
api-1       | {"duration_ms": 20.555, "event": "http_request_completed", "level": "info", "method": "GET", "outcome": "success", "path": "/health/ready", "request_id": "aa865ad1-93e6-4250-8d17-c96e17e3ad72", "status_code": 200, "timestamp": "2026-08-07T11:47:45.241450Z", "trace_id": "a011aa6553b3c1026ccbe5e83910b73c"}
api-1       | {"claimed": 50, "event": "outbox_dispatch_batch_completed", "lease_lost": 0, "level": "info", "published": 50, "retry_scheduled": 0, "role": "outbox_dispatcher", "timestamp": "2026-08-07T11:47:45.465556Z"}
api-1       | {"claimed": 50, "event": "outbox_dispatch_batch_completed", "lease_lost": 0, "level": "info", "published": 50, "retry_scheduled": 0, "role": "outbox_dispatcher", "timestamp": "2026-08-07T11:47:46.163083Z"}
api-1       | {"claimed": 50, "event": "outbox_dispatch_batch_completed", "lease_lost": 0, "level": "info", "published": 50, "retry_scheduled": 0, "role": "outbox_dispatcher", "timestamp": "2026-08-07T11:47:46.866888Z"}
api-1       | {"claimed": 50, "event": "outbox_dispatch_batch_completed", "lease_lost": 0, "level": "info", "published": 50, "retry_scheduled": 0, "role": "outbox_dispatcher", "timestamp": "2026-08-07T11:47:47.564561Z"}
api-1       | {"claimed": 50, "event": "outbox_dispatch_batch_completed", "lease_lost": 0, "level": "info", "published": 50, "retry_scheduled": 0, "role": "outbox_dispatcher", "timestamp": "2026-08-07T11:47:48.341898Z"}
api-1       | {"claimed": 50, "event": "outbox_dispatch_batch_completed", "lease_lost": 0, "level": "info", "published": 50, "retry_scheduled": 0, "role": "outbox_dispatcher", "timestamp": "2026-08-07T11:47:49.325259Z"}
api-1       | INFO:     172.18.0.1:56208 - "POST /api/v1/runs HTTP/1.1" 202 Accepted
api-1       | {"api_key_prefix": "evk_64f04950db0a", "duration_ms": 254.589, "event": "http_request_completed", "level": "info", "method": "POST", "outcome": "success", "path": "/api/v1/runs", "request_id": "bf6e59e8-cc44-4047-9643-c616e5c1d6a7", "status_code": 202, "tenant_id": "327d2ffb-1823-49ee-aab0-022efdfc7324", "timestamp": "2026-08-07T11:47:49.640880Z", "trace_id": "a55514e79305c3f0557a1ff23d6fab0d"}
api-1       | INFO:     172.18.0.1:56208 - "GET /api/v1/runs/dcd914cb-f89a-4a45-b71e-d4e0f97a0c1e HTTP/1.1" 200 OK
api-1       | {"api_key_prefix": "evk_64f04950db0a", "duration_ms": 164.865, "event": "http_request_completed", "level": "info", "method": "GET", "outcome": "success", "path": "/api/v1/runs/dcd914cb-f89a-4a45-b71e-d4e0f97a0c1e", "request_id": "28bb791a-851a-4fd2-a189-eb16b8b3550c", "status_code": 200, "tenant_id": "327d2ffb-1823-49ee-aab0-022efdfc7324", "timestamp": "2026-08-07T11:47:49.806272Z", "trace_id": "7b7911382946e86c28282fe0f51d1ad4"}
api-1       | {"claimed": 50, "event": "outbox_dispatch_batch_completed", "lease_lost": 0, "level": "info", "published": 50, "retry_scheduled": 0, "role": "outbox_dispatcher", "timestamp": "2026-08-07T11:47:50.149746Z"}
api-1       | INFO:     172.18.0.1:56208 - "GET /api/v1/runs/dcd914cb-f89a-4a45-b71e-d4e0f97a0c1e HTTP/1.1" 200 OK
api-1       | {"api_key_prefix": "evk_64f04950db0a", "duration_ms": 286.368, "event": "http_request_completed", "level": "info", "method": "GET", "outcome": "success", "path": "/api/v1/runs/dcd914cb-f89a-4a45-b71e-d4e0f97a0c1e", "request_id": "0fe3f5d4-da90-4e03-b861-f06e4a53c9f5", "status_code": 200, "tenant_id": "327d2ffb-1823-49ee-aab0-022efdfc7324", "timestamp": "2026-08-07T11:47:50.595629Z", "trace_id": "0cd242f964302cb43864ff0bf5743d59"}
api-1       | {"claimed": 50, "event": "outbox_dispatch_batch_completed", "lease_lost": 0, "level": "info", "published": 50, "retry_scheduled": 0, "role": "outbox_dispatcher", "timestamp": "2026-08-07T11:47:51.539034Z"}
api-1       | {"event": "Context impl PostgresqlImpl.", "level": "info", "request_id": "4011b1f8-2e42-4449-ac65-f2cf82ad6168", "timestamp": "2026-08-07T11:47:51.659513Z", "trace_id": "f9cf32bd5185efdc8c0b945645e95349"}
api-1       | {"event": "Will assume transactional DDL.", "level": "info", "request_id": "4011b1f8-2e42-4449-ac65-f2cf82ad6168", "timestamp": "2026-08-07T11:47:51.659657Z", "trace_id": "f9cf32bd5185efdc8c0b945645e95349"}
api-1       | INFO:     127.0.0.1:39620 - "GET /health/ready HTTP/1.1" 200 OK
api-1       | {"duration_ms": 55.876, "event": "http_request_completed", "level": "info", "method": "GET", "outcome": "success", "path": "/health/ready", "request_id": "4011b1f8-2e42-4449-ac65-f2cf82ad6168", "status_code": 200, "timestamp": "2026-08-07T11:47:51.669393Z", "trace_id": "f9cf32bd5185efdc8c0b945645e95349"}
api-1       | INFO:     172.18.0.1:56208 - "GET /api/v1/runs/dcd914cb-f89a-4a45-b71e-d4e0f97a0c1e HTTP/1.1" 200 OK
api-1       | {"api_key_prefix": "evk_64f04950db0a", "duration_ms": 460.535, "event": "http_request_completed", "level": "info", "method": "GET", "outcome": "success", "path": "/api/v1/runs/dcd914cb-f89a-4a45-b71e-d4e0f97a0c1e", "request_id": "4aa8dd91-da4c-40cc-85e1-e88f02dd19f0", "status_code": 200, "tenant_id": "327d2ffb-1823-49ee-aab0-022efdfc7324", "timestamp": "2026-08-07T11:47:51.699254Z", "trace_id": "65a02a776a8e88c5a1e5adcdce3bd704"}
api-1       | INFO:     172.18.0.1:56208 - "GET /api/v1/runs/dcd914cb-f89a-4a45-b71e-d4e0f97a0c1e/cases?limit=200&sort=case_id HTTP/1.1" 200 OK
api-1       | {"api_key_prefix": "evk_64f04950db0a", "duration_ms": 93.221, "event": "http_request_completed", "level": "info", "method": "GET", "outcome": "success", "path": "/api/v1/runs/dcd914cb-f89a-4a45-b71e-d4e0f97a0c1e/cases", "request_id": "62317558-0244-47a4-8fb6-8e1bee6ef17e", "status_code": 200, "tenant_id": "327d2ffb-1823-49ee-aab0-022efdfc7324", "timestamp": "2026-08-07T11:47:51.796515Z", "trace_id": "f5b9a0342302ed761272138cdd4de139"}
api-1       | {"claimed": 50, "event": "outbox_dispatch_batch_completed", "lease_lost": 0, "level": "info", "published": 50, "retry_scheduled": 0, "role": "outbox_dispatcher", "timestamp": "2026-08-07T11:47:52.332702Z"}
api-1       | INFO:     127.0.0.1:34582 - "GET /metrics HTTP/1.1" 200 OK
api-1       | {"duration_ms": 13.06, "event": "http_request_completed", "level": "info", "method": "GET", "outcome": "success", "path": "/metrics", "request_id": "b4c2d8cf-0630-4b42-bca5-3136607ac1af", "status_code": 200, "timestamp": "2026-08-07T11:47:52.393385Z", "trace_id": "2ed20297c012f054628e489f4a8fae6c"}
api-1       | {"claimed": 50, "event": "outbox_dispatch_batch_completed", "lease_lost": 0, "level": "info", "published": 50, "retry_scheduled": 0, "role": "outbox_dispatcher", "timestamp": "2026-08-07T11:47:53.024553Z"}
api-1       | {"claimed": 50, "event": "outbox_dispatch_batch_completed", "lease_lost": 0, "level": "info", "published": 50, "retry_scheduled": 0, "role": "outbox_dispatcher", "timestamp": "2026-08-07T11:47:53.808756Z"}
api-1       | {"claimed": 41, "event": "outbox_dispatch_batch_completed", "lease_lost": 0, "level": "info", "published": 41, "retry_scheduled": 0, "role": "outbox_dispatcher", "timestamp": "2026-08-07T11:47:54.469958Z"}
api-1       | INFO:     172.18.0.1:56208 - "POST /api/v1/runs HTTP/1.1" 202 Accepted
api-1       | {"api_key_prefix": "evk_64f04950db0a", "duration_ms": 284.098, "event": "http_request_completed", "level": "info", "method": "POST", "outcome": "success", "path": "/api/v1/runs", "request_id": "dd27d7f6-73d3-4599-ab0a-6ef0ce65e075", "status_code": 202, "tenant_id": "327d2ffb-1823-49ee-aab0-022efdfc7324", "timestamp": "2026-08-07T11:47:55.646687Z", "trace_id": "c5ddec31eaf9e0f5078343056dad51bb"}
api-1       | INFO:     172.18.0.1:56208 - "GET /api/v1/runs/c1c812d1-7049-4412-845a-70df77cca13e HTTP/1.1" 200 OK
api-1       | {"api_key_prefix": "evk_64f04950db0a", "duration_ms": 51.971, "event": "http_request_completed", "level": "info", "method": "GET", "outcome": "success", "path": "/api/v1/runs/c1c812d1-7049-4412-845a-70df77cca13e", "request_id": "f53cde6d-a2be-49a0-ba1d-7d35ed26a256", "status_code": 200, "tenant_id": "327d2ffb-1823-49ee-aab0-022efdfc7324", "timestamp": "2026-08-07T11:47:55.700205Z", "trace_id": "5434fd2f15de62e21466687b0174099b"}
api-1       | {"claimed": 46, "event": "outbox_dispatch_batch_completed", "lease_lost": 0, "level": "info", "published": 46, "retry_scheduled": 0, "role": "outbox_dispatcher", "timestamp": "2026-08-07T11:47:56.287849Z"}
api-1       | INFO:     172.18.0.1:56208 - "GET /api/v1/runs/c1c812d1-7049-4412-845a-70df77cca13e HTTP/1.1" 200 OK
api-1       | {"api_key_prefix": "evk_64f04950db0a", "duration_ms": 165.762, "event": "http_request_completed", "level": "info", "method": "GET", "outcome": "success", "path": "/api/v1/runs/c1c812d1-7049-4412-845a-70df77cca13e", "request_id": "15de7849-5f8a-4041-b03d-cf6a2bcb9552", "status_code": 200, "tenant_id": "327d2ffb-1823-49ee-aab0-022efdfc7324", "timestamp": "2026-08-07T11:47:56.372633Z", "trace_id": "8b22e8333e90cc898a1f55f1d323a2be"}
api-1       | {"claimed": 50, "event": "outbox_dispatch_batch_completed", "lease_lost": 0, "level": "info", "published": 50, "retry_scheduled": 0, "role": "outbox_dispatcher", "timestamp": "2026-08-07T11:47:57.169330Z"}
api-1       | INFO:     172.18.0.1:56208 - "GET /api/v1/runs/c1c812d1-7049-4412-845a-70df77cca13e HTTP/1.1" 200 OK
api-1       | {"api_key_prefix": "evk_64f04950db0a", "duration_ms": 356.297, "event": "http_request_completed", "level": "info", "method": "GET", "outcome": "success", "path": "/api/v1/runs/c1c812d1-7049-4412-845a-70df77cca13e", "request_id": "4b27a2ea-823f-46fb-8d08-3bf6a7bff709", "status_code": 200, "tenant_id": "327d2ffb-1823-49ee-aab0-022efdfc7324", "timestamp": "2026-08-07T11:47:57.283295Z", "trace_id": "dfa35aaaa4a567c32e0296c22c008be7"}
api-1       | {"event": "Context impl PostgresqlImpl.", "level": "info", "request_id": "e044f38b-59c3-4a1e-b851-daa50688172f", "timestamp": "2026-08-07T11:47:57.370908Z", "trace_id": "299c03a5ca932854aa904ff880249981"}
api-1       | {"event": "Will assume transactional DDL.", "level": "info", "request_id": "e044f38b-59c3-4a1e-b851-daa50688172f", "timestamp": "2026-08-07T11:47:57.371017Z", "trace_id": "299c03a5ca932854aa904ff880249981"}
api-1       | INFO:     127.0.0.1:34612 - "GET /health/ready HTTP/1.1" 200 OK
api-1       | {"duration_ms": 35.896, "event": "http_request_completed", "level": "info", "method": "GET", "outcome": "success", "path": "/health/ready", "request_id": "e044f38b-59c3-4a1e-b851-daa50688172f", "status_code": 200, "timestamp": "2026-08-07T11:47:57.378009Z", "trace_id": "299c03a5ca932854aa904ff880249981"}
api-1       | {"claimed": 50, "event": "outbox_dispatch_batch_completed", "lease_lost": 0, "level": "info", "published": 50, "retry_scheduled": 0, "role": "outbox_dispatcher", "timestamp": "2026-08-07T11:47:58.023161Z"}
api-1       | INFO:     172.18.0.1:56208 - "GET /api/v1/runs/c1c812d1-7049-4412-845a-70df77cca13e HTTP/1.1" 200 OK
api-1       | {"api_key_prefix": "evk_64f04950db0a", "duration_ms": 276.579, "event": "http_request_completed", "level": "info", "method": "GET", "outcome": "success", "path": "/api/v1/runs/c1c812d1-7049-4412-845a-70df77cca13e", "request_id": "9595d3b8-98a5-4246-8949-051ce729df7a", "status_code": 200, "tenant_id": "327d2ffb-1823-49ee-aab0-022efdfc7324", "timestamp": "2026-08-07T11:47:58.099279Z", "trace_id": "494fac8794c70ff57ca5a9d61bf165e4"}
api-1       | {"claimed": 50, "event": "outbox_dispatch_batch_completed", "lease_lost": 0, "level": "info", "published": 50, "retry_scheduled": 0, "role": "outbox_dispatcher", "timestamp": "2026-08-07T11:47:58.814691Z"}
api-1       | INFO:     172.18.0.1:56208 - "GET /api/v1/runs/c1c812d1-7049-4412-845a-70df77cca13e HTTP/1.1" 200 OK
api-1       | {"api_key_prefix": "evk_64f04950db0a", "duration_ms": 259.831, "event": "http_request_completed", "level": "info", "method": "GET", "outcome": "success", "path": "/api/v1/runs/c1c812d1-7049-4412-845a-70df77cca13e", "request_id": "e2baf65b-68cd-4778-8516-65672bc78508", "status_code": 200, "tenant_id": "327d2ffb-1823-49ee-aab0-022efdfc7324", "timestamp": "2026-08-07T11:47:58.905574Z", "trace_id": "f1aa20c9926bb422236ef75622c5f5c9"}
api-1       | {"claimed": 50, "event": "outbox_dispatch_batch_completed", "lease_lost": 0, "level": "info", "published": 50, "retry_scheduled": 0, "role": "outbox_dispatcher", "timestamp": "2026-08-07T11:47:59.815610Z"}
api-1       | INFO:     172.18.0.1:56208 - "GET /api/v1/runs/c1c812d1-7049-4412-845a-70df77cca13e HTTP/1.1" 200 OK
api-1       | {"api_key_prefix": "evk_64f04950db0a", "duration_ms": 454.756, "event": "http_request_completed", "level": "info", "method": "GET", "outcome": "success", "path": "/api/v1/runs/c1c812d1-7049-4412-845a-70df77cca13e", "request_id": "f47de3e8-5006-4114-856d-69187dc0d0f4", "status_code": 200, "tenant_id": "327d2ffb-1823-49ee-aab0-022efdfc7324", "timestamp": "2026-08-07T11:47:59.973216Z", "trace_id": "ed37b5567dfa4bfdf5bd95b2a8d8fd20"}
api-1       | {"claimed": 50, "event": "outbox_dispatch_batch_completed", "lease_lost": 0, "level": "info", "published": 50, "retry_scheduled": 0, "role": "outbox_dispatcher", "timestamp": "2026-08-07T11:48:00.638792Z"}
api-1       | INFO:     172.18.0.1:56208 - "GET /api/v1/runs/c1c812d1-7049-4412-845a-70df77cca13e HTTP/1.1" 200 OK
api-1       | {"api_key_prefix": "evk_64f04950db0a", "duration_ms": 242.212, "event": "http_request_completed", "level": "info", "method": "GET", "outcome": "success", "path": "/api/v1/runs/c1c812d1-7049-4412-845a-70df77cca13e", "request_id": "17710d27-ecf6-4f9b-98b1-1a9afdc41d2f", "status_code": 200, "tenant_id": "327d2ffb-1823-49ee-aab0-022efdfc7324", "timestamp": "2026-08-07T11:48:00.731660Z", "trace_id": "71270535bc9e72d1a0fd0673ceebd347"}
api-1       | {"claimed": 50, "event": "outbox_dispatch_batch_completed", "lease_lost": 0, "level": "info", "published": 50, "retry_scheduled": 0, "role": "outbox_dispatcher", "timestamp": "2026-08-07T11:48:01.280627Z"}
api-1       | INFO:     172.18.0.1:56208 - "GET /api/v1/runs/c1c812d1-7049-4412-845a-70df77cca13e HTTP/1.1" 200 OK
api-1       | {"api_key_prefix": "evk_64f04950db0a", "duration_ms": 99.285, "event": "http_request_completed", "level": "info", "method": "GET", "outcome": "success", "path": "/api/v1/runs/c1c812d1-7049-4412-845a-70df77cca13e", "request_id": "8b14be3f-2ae0-489d-9afb-0760e3403894", "status_code": 200, "tenant_id": "327d2ffb-1823-49ee-aab0-022efdfc7324", "timestamp": "2026-08-07T11:48:01.334760Z", "trace_id": "eb1146dfaa7cc1c9e860a4c4d2063802"}
api-1       | INFO:     172.18.0.1:56208 - "GET /api/v1/runs/c1c812d1-7049-4412-845a-70df77cca13e/cases?limit=200&sort=case_id HTTP/1.1" 200 OK
api-1       | {"api_key_prefix": "evk_64f04950db0a", "duration_ms": 72.532, "event": "http_request_completed", "level": "info", "method": "GET", "outcome": "success", "path": "/api/v1/runs/c1c812d1-7049-4412-845a-70df77cca13e/cases", "request_id": "303d1fb2-ff99-4d77-aaf4-b3ee786a2df4", "status_code": 200, "tenant_id": "327d2ffb-1823-49ee-aab0-022efdfc7324", "timestamp": "2026-08-07T11:48:01.408920Z", "trace_id": "b33d7eb94c11671c3cc5ae22b8420f96"}
api-1       | INFO:     172.18.0.1:56208 - "GET /api/v1/runs/c1c812d1-7049-4412-845a-70df77cca13e/cases?limit=200&sort=case_id&cursor=eyJkaXJlY3Rpb24iOiJhc2MiLCJlcnJvcl9jb2RlIjpudWxsLCJqb2JfaWQiOiJmYWQ0ZWNlMy05MTRkLTQ2ZWUtYTljZS0xN2VlMjY0ODA5YjciLCJtZXRyaWMiOm51bGwsInNvcnQiOiJjYXNlX2lkIiwic3RhdHVzIjpudWxsLCJ2IjoxLCJ2YWx1ZSI6ImxvYWQtMDE5OSJ9 HTTP/1.1" 200 OK
api-1       | {"api_key_prefix": "evk_64f04950db0a", "duration_ms": 65.237, "event": "http_request_completed", "level": "info", "method": "GET", "outcome": "success", "path": "/api/v1/runs/c1c812d1-7049-4412-845a-70df77cca13e/cases", "request_id": "c9140973-7a2f-4c8d-86ec-e6657df6da3d", "status_code": 200, "tenant_id": "327d2ffb-1823-49ee-aab0-022efdfc7324", "timestamp": "2026-08-07T11:48:01.476645Z", "trace_id": "50b1cd13eea5073737f0508c49223f03"}
api-1       | INFO:     172.18.0.1:56208 - "GET /api/v1/runs/c1c812d1-7049-4412-845a-70df77cca13e/cases?limit=200&sort=case_id&cursor=eyJkaXJlY3Rpb24iOiJhc2MiLCJlcnJvcl9jb2RlIjpudWxsLCJqb2JfaWQiOiIxNzg5ZjhlNS04MzMxLTQzYTctOTM5Mi0zNzk3ZjJkZDdhNzIiLCJtZXRyaWMiOm51bGwsInNvcnQiOiJjYXNlX2lkIiwic3RhdHVzIjpudWxsLCJ2IjoxLCJ2YWx1ZSI6ImxvYWQtMDM5OSJ9 HTTP/1.1" 200 OK
api-1       | {"api_key_prefix": "evk_64f04950db0a", "duration_ms": 68.689, "event": "http_request_completed", "level": "info", "method": "GET", "outcome": "success", "path": "/api/v1/runs/c1c812d1-7049-4412-845a-70df77cca13e/cases", "request_id": "e7b09f6b-5914-466f-84ba-163fd7f94cd4", "status_code": 200, "tenant_id": "327d2ffb-1823-49ee-aab0-022efdfc7324", "timestamp": "2026-08-07T11:48:01.547529Z", "trace_id": "18ccfe025b9c4bbda14b3b625a2b0792"}
api-1       | {"claimed": 50, "event": "outbox_dispatch_batch_completed", "lease_lost": 0, "level": "info", "published": 50, "retry_scheduled": 0, "role": "outbox_dispatcher", "timestamp": "2026-08-07T11:48:02.062018Z"}
api-1       | INFO:     127.0.0.1:53668 - "GET /metrics HTTP/1.1" 200 OK
api-1       | {"duration_ms": 13.711, "event": "http_request_completed", "level": "info", "method": "GET", "outcome": "success", "path": "/metrics", "request_id": "297aae6d-2490-4014-b01c-2f6dc61c5a13", "status_code": 200, "timestamp": "2026-08-07T11:48:02.091687Z", "trace_id": "f430b8e049eeb640ed3734cbc698523b"}
api-1       | {"event": "Context impl PostgresqlImpl.", "level": "info", "request_id": "b12a1057-da4e-40a7-b0ec-a28987e56939", "timestamp": "2026-08-07T11:48:02.787756Z", "trace_id": "c8c502c21816c6232fe7c368d64dbcf6"}
api-1       | {"event": "Will assume transactional DDL.", "level": "info", "request_id": "b12a1057-da4e-40a7-b0ec-a28987e56939", "timestamp": "2026-08-07T11:48:02.787899Z", "trace_id": "c8c502c21816c6232fe7c368d64dbcf6"}
api-1       | INFO:     127.0.0.1:53680 - "GET /health/ready HTTP/1.1" 200 OK
api-1       | {"duration_ms": 168.299, "event": "http_request_completed", "level": "info", "method": "GET", "outcome": "success", "path": "/health/ready", "request_id": "b12a1057-da4e-40a7-b0ec-a28987e56939", "status_code": 200, "timestamp": "2026-08-07T11:48:02.840852Z", "trace_id": "c8c502c21816c6232fe7c368d64dbcf6"}
api-1       | {"claimed": 50, "event": "outbox_dispatch_batch_completed", "lease_lost": 0, "level": "info", "published": 50, "retry_scheduled": 0, "role": "outbox_dispatcher", "timestamp": "2026-08-07T11:48:02.902920Z"}
api-1       | {"claimed": 50, "event": "outbox_dispatch_batch_completed", "lease_lost": 0, "level": "info", "published": 50, "retry_scheduled": 0, "role": "outbox_dispatcher", "timestamp": "2026-08-07T11:48:03.575404Z"}
api-1       | {"claimed": 50, "event": "outbox_dispatch_batch_completed", "lease_lost": 0, "level": "info", "published": 50, "retry_scheduled": 0, "role": "outbox_dispatcher", "timestamp": "2026-08-07T11:48:04.259267Z"}
api-1       | {"claimed": 50, "event": "outbox_dispatch_batch_completed", "lease_lost": 0, "level": "info", "published": 50, "retry_scheduled": 0, "role": "outbox_dispatcher", "timestamp": "2026-08-07T11:48:04.908369Z"}
api-1       | {"claimed": 50, "event": "outbox_dispatch_batch_completed", "lease_lost": 0, "level": "info", "published": 50, "retry_scheduled": 0, "role": "outbox_dispatcher", "timestamp": "2026-08-07T11:48:05.548956Z"}
api-1       | {"claimed": 50, "event": "outbox_dispatch_batch_completed", "lease_lost": 0, "level": "info", "published": 50, "retry_scheduled": 0, "role": "outbox_dispatcher", "timestamp": "2026-08-07T11:48:06.370953Z"}
api-1       | {"claimed": 50, "event": "outbox_dispatch_batch_completed", "lease_lost": 0, "level": "info", "published": 50, "retry_scheduled": 0, "role": "outbox_dispatcher", "timestamp": "2026-08-07T11:48:07.006583Z"}
api-1       | {"claimed": 50, "event": "outbox_dispatch_batch_completed", "lease_lost": 0, "level": "info", "published": 50, "retry_scheduled": 0, "role": "outbox_dispatcher", "timestamp": "2026-08-07T11:48:07.720021Z"}
api-1       | {"event": "Context impl PostgresqlImpl.", "level": "info", "request_id": "ef230bfb-b10f-4550-aa62-51d6cf30d79e", "timestamp": "2026-08-07T11:48:08.140595Z", "trace_id": "8e3f808baa1941faf66d2020779f70e4"}
api-1       | {"event": "Will assume transactional DDL.", "level": "info", "request_id": "ef230bfb-b10f-4550-aa62-51d6cf30d79e", "timestamp": "2026-08-07T11:48:08.140717Z", "trace_id": "8e3f808baa1941faf66d2020779f70e4"}
api-1       | INFO:     127.0.0.1:53688 - "GET /health/ready HTTP/1.1" 200 OK
api-1       | {"duration_ms": 25.193, "event": "http_request_completed", "level": "info", "method": "GET", "outcome": "success", "path": "/health/ready", "request_id": "ef230bfb-b10f-4550-aa62-51d6cf30d79e", "status_code": 200, "timestamp": "2026-08-07T11:48:08.147341Z", "trace_id": "8e3f808baa1941faf66d2020779f70e4"}
api-1       | {"claimed": 50, "event": "outbox_dispatch_batch_completed", "lease_lost": 0, "level": "info", "published": 50, "retry_scheduled": 0, "role": "outbox_dispatcher", "timestamp": "2026-08-07T11:48:08.414665Z"}
api-1       | INFO:     172.18.0.1:56456 - "POST /api/v1/runs HTTP/1.1" 202 Accepted
api-1       | {"api_key_prefix": "evk_64f04950db0a", "duration_ms": 89.127, "event": "http_request_completed", "level": "info", "method": "POST", "outcome": "success", "path": "/api/v1/runs", "request_id": "e13bd6a9-a611-4acd-9999-6eca932b568c", "status_code": 202, "tenant_id": "327d2ffb-1823-49ee-aab0-022efdfc7324", "timestamp": "2026-08-07T11:48:08.824545Z", "trace_id": "75077448594398f485fe3f5daf2e1561"}
api-1       | INFO:     172.18.0.1:56456 - "GET /api/v1/runs/c15182c2-499b-4535-b1ba-897a77fc82ac HTTP/1.1" 200 OK
api-1       | {"api_key_prefix": "evk_64f04950db0a", "duration_ms": 55.141, "event": "http_request_completed", "level": "info", "method": "GET", "outcome": "success", "path": "/api/v1/runs/c15182c2-499b-4535-b1ba-897a77fc82ac", "request_id": "1cfa2f44-827b-42f2-86e4-21fd49594911", "status_code": 200, "tenant_id": "327d2ffb-1823-49ee-aab0-022efdfc7324", "timestamp": "2026-08-07T11:48:08.881349Z", "trace_id": "8358f6a57eff1e87613c5b27a9212fd4"}
api-1       | {"claimed": 50, "event": "outbox_dispatch_batch_completed", "lease_lost": 0, "level": "info", "published": 50, "retry_scheduled": 0, "role": "outbox_dispatcher", "timestamp": "2026-08-07T11:48:09.172696Z"}
api-1       | INFO:     172.18.0.1:56456 - "GET /api/v1/runs/c15182c2-499b-4535-b1ba-897a77fc82ac HTTP/1.1" 200 OK
api-1       | {"api_key_prefix": "evk_64f04950db0a", "duration_ms": 61.362, "event": "http_request_completed", "level": "info", "method": "GET", "outcome": "success", "path": "/api/v1/runs/c15182c2-499b-4535-b1ba-897a77fc82ac", "request_id": "2e27d899-531d-4d47-9a0b-fc88f55c5b5e", "status_code": 200, "tenant_id": "327d2ffb-1823-49ee-aab0-022efdfc7324", "timestamp": "2026-08-07T11:48:09.445658Z", "trace_id": "950b1af1afe288f46aa74c99525f6543"}
api-1       | {"claimed": 50, "event": "outbox_dispatch_batch_completed", "lease_lost": 0, "level": "info", "published": 50, "retry_scheduled": 0, "role": "outbox_dispatcher", "timestamp": "2026-08-07T11:48:09.830896Z"}
api-1       | INFO:     172.18.0.1:56456 - "GET /api/v1/runs/c15182c2-499b-4535-b1ba-897a77fc82ac HTTP/1.1" 200 OK
api-1       | {"api_key_prefix": "evk_64f04950db0a", "duration_ms": 59.209, "event": "http_request_completed", "level": "info", "method": "GET", "outcome": "success", "path": "/api/v1/runs/c15182c2-499b-4535-b1ba-897a77fc82ac", "request_id": "a3069fc7-d76a-4310-9286-b756e56ab407", "status_code": 200, "tenant_id": "327d2ffb-1823-49ee-aab0-022efdfc7324", "timestamp": "2026-08-07T11:48:10.007510Z", "trace_id": "eaf4c6ee925df2973b3544e999cb6835"}
api-1       | {"claimed": 50, "event": "outbox_dispatch_batch_completed", "lease_lost": 0, "level": "info", "published": 50, "retry_scheduled": 0, "role": "outbox_dispatcher", "timestamp": "2026-08-07T11:48:10.473181Z"}
api-1       | INFO:     172.18.0.1:56456 - "GET /api/v1/runs/c15182c2-499b-4535-b1ba-897a77fc82ac HTTP/1.1" 200 OK
api-1       | {"api_key_prefix": "evk_64f04950db0a", "duration_ms": 58.396, "event": "http_request_completed", "level": "info", "method": "GET", "outcome": "success", "path": "/api/v1/runs/c15182c2-499b-4535-b1ba-897a77fc82ac", "request_id": "bf62f0c2-ef1e-4e4d-b74b-c610916999b1", "status_code": 200, "tenant_id": "327d2ffb-1823-49ee-aab0-022efdfc7324", "timestamp": "2026-08-07T11:48:10.568322Z", "trace_id": "553067aad6caf13122f44fac666ac27b"}
api-1       | INFO:     172.18.0.1:56456 - "GET /api/v1/runs/c15182c2-499b-4535-b1ba-897a77fc82ac/cases?limit=200&sort=case_id HTTP/1.1" 200 OK
api-1       | {"api_key_prefix": "evk_64f04950db0a", "duration_ms": 61.656, "event": "http_request_completed", "level": "info", "method": "GET", "outcome": "success", "path": "/api/v1/runs/c15182c2-499b-4535-b1ba-897a77fc82ac/cases", "request_id": "1254d43b-f186-430b-84cb-241f4d071820", "status_code": 200, "tenant_id": "327d2ffb-1823-49ee-aab0-022efdfc7324", "timestamp": "2026-08-07T11:48:10.631539Z", "trace_id": "c138ae0439114cab205106e295c1e7e8"}
api-1       | {"claimed": 50, "event": "outbox_dispatch_batch_completed", "lease_lost": 0, "level": "info", "published": 50, "retry_scheduled": 0, "role": "outbox_dispatcher", "timestamp": "2026-08-07T11:48:11.202983Z"}
api-1       | INFO:     127.0.0.1:53740 - "GET /metrics HTTP/1.1" 200 OK
api-1       | {"duration_ms": 65.748, "event": "http_request_completed", "level": "info", "method": "GET", "outcome": "success", "path": "/metrics", "request_id": "30b8c062-ca78-4295-ba14-a38a836a3ec6", "status_code": 200, "timestamp": "2026-08-07T11:48:11.216650Z", "trace_id": "51c900f80e1d378042e9bd1937b00c7c"}
api-1       | {"claimed": 50, "event": "outbox_dispatch_batch_completed", "lease_lost": 0, "level": "info", "published": 50, "retry_scheduled": 0, "role": "outbox_dispatcher", "timestamp": "2026-08-07T11:48:11.912187Z"}
api-1       | INFO:     172.18.0.1:56456 - "POST /api/v1/runs HTTP/1.1" 202 Accepted
api-1       | {"api_key_prefix": "evk_64f04950db0a", "duration_ms": 225.583, "event": "http_request_completed", "level": "info", "method": "POST", "outcome": "success", "path": "/api/v1/runs", "request_id": "3528d966-62e6-4765-81ed-16a79087eef7", "status_code": 202, "tenant_id": "327d2ffb-1823-49ee-aab0-022efdfc7324", "timestamp": "2026-08-07T11:48:12.339478Z", "trace_id": "2b87f0eff2951f12d85ae14282159c2f"}
api-1       | INFO:     172.18.0.1:56456 - "GET /api/v1/runs/f6111806-1a61-4b60-ae43-a2d2f01a1c5c HTTP/1.1" 200 OK
api-1       | {"api_key_prefix": "evk_64f04950db0a", "duration_ms": 48.779, "event": "http_request_completed", "level": "info", "method": "GET", "outcome": "success", "path": "/api/v1/runs/f6111806-1a61-4b60-ae43-a2d2f01a1c5c", "request_id": "459c8d58-4815-43a4-8b4b-805349a98818", "status_code": 200, "tenant_id": "327d2ffb-1823-49ee-aab0-022efdfc7324", "timestamp": "2026-08-07T11:48:12.389793Z", "trace_id": "3c325e6501b1136e11aa0b0a86b77391"}
api-1       | {"claimed": 8, "event": "outbox_dispatch_batch_completed", "lease_lost": 0, "level": "info", "published": 8, "retry_scheduled": 0, "role": "outbox_dispatcher", "timestamp": "2026-08-07T11:48:12.449305Z"}
api-1       | INFO:     172.18.0.1:56456 - "GET /api/v1/runs/f6111806-1a61-4b60-ae43-a2d2f01a1c5c HTTP/1.1" 200 OK
api-1       | {"api_key_prefix": "evk_64f04950db0a", "duration_ms": 59.647, "event": "http_request_completed", "level": "info", "method": "GET", "outcome": "success", "path": "/api/v1/runs/f6111806-1a61-4b60-ae43-a2d2f01a1c5c", "request_id": "4f6b5f52-7623-4f04-a0dc-9af57a175a9f", "status_code": 200, "tenant_id": "327d2ffb-1823-49ee-aab0-022efdfc7324", "timestamp": "2026-08-07T11:48:12.952160Z", "trace_id": "fef54bee164d0e7140a256fe60a5ac0c"}
api-1       | {"claimed": 18, "event": "outbox_dispatch_batch_completed", "lease_lost": 0, "level": "info", "published": 18, "retry_scheduled": 0, "role": "outbox_dispatcher", "timestamp": "2026-08-07T11:48:13.071242Z"}
api-1       | {"event": "Context impl PostgresqlImpl.", "level": "info", "request_id": "761417d9-b416-496f-ab55-651064a3015e", "timestamp": "2026-08-07T11:48:13.470290Z", "trace_id": "f385942dea72935bccdd43affe94cb00"}
api-1       | {"event": "Will assume transactional DDL.", "level": "info", "request_id": "761417d9-b416-496f-ab55-651064a3015e", "timestamp": "2026-08-07T11:48:13.470444Z", "trace_id": "f385942dea72935bccdd43affe94cb00"}
api-1       | INFO:     127.0.0.1:46204 - "GET /health/ready HTTP/1.1" 200 OK
api-1       | {"duration_ms": 25.976, "event": "http_request_completed", "level": "info", "method": "GET", "outcome": "success", "path": "/health/ready", "request_id": "761417d9-b416-496f-ab55-651064a3015e", "status_code": 200, "timestamp": "2026-08-07T11:48:13.478445Z", "trace_id": "f385942dea72935bccdd43affe94cb00"}
api-1       | INFO:     172.18.0.1:56456 - "GET /api/v1/runs/f6111806-1a61-4b60-ae43-a2d2f01a1c5c HTTP/1.1" 200 OK
api-1       | {"api_key_prefix": "evk_64f04950db0a", "duration_ms": 84.715, "event": "http_request_completed", "level": "info", "method": "GET", "outcome": "success", "path": "/api/v1/runs/f6111806-1a61-4b60-ae43-a2d2f01a1c5c", "request_id": "3b9a52c7-6fe4-4e51-a31f-ff6d0600eea8", "status_code": 200, "tenant_id": "327d2ffb-1823-49ee-aab0-022efdfc7324", "timestamp": "2026-08-07T11:48:13.540196Z", "trace_id": "9afc19f1fc1c10fff6c3c2cd4bccf239"}
api-1       | {"claimed": 50, "event": "outbox_dispatch_batch_completed", "lease_lost": 0, "level": "info", "published": 50, "retry_scheduled": 0, "role": "outbox_dispatcher", "timestamp": "2026-08-07T11:48:13.763448Z"}
api-1       | INFO:     172.18.0.1:56456 - "GET /api/v1/runs/f6111806-1a61-4b60-ae43-a2d2f01a1c5c HTTP/1.1" 200 OK
api-1       | {"api_key_prefix": "evk_64f04950db0a", "duration_ms": 58.618, "event": "http_request_completed", "level": "info", "method": "GET", "outcome": "success", "path": "/api/v1/runs/f6111806-1a61-4b60-ae43-a2d2f01a1c5c", "request_id": "47e4f465-2217-45cd-b706-5615b30208d9", "status_code": 200, "tenant_id": "327d2ffb-1823-49ee-aab0-022efdfc7324", "timestamp": "2026-08-07T11:48:14.101287Z", "trace_id": "d3188656d8bf7cb1e2a3842479366e84"}
api-1       | {"claimed": 50, "event": "outbox_dispatch_batch_completed", "lease_lost": 0, "level": "info", "published": 50, "retry_scheduled": 0, "role": "outbox_dispatcher", "timestamp": "2026-08-07T11:48:14.463487Z"}
api-1       | INFO:     172.18.0.1:56456 - "GET /api/v1/runs/f6111806-1a61-4b60-ae43-a2d2f01a1c5c HTTP/1.1" 200 OK
api-1       | {"api_key_prefix": "evk_64f04950db0a", "duration_ms": 58.266, "event": "http_request_completed", "level": "info", "method": "GET", "outcome": "success", "path": "/api/v1/runs/f6111806-1a61-4b60-ae43-a2d2f01a1c5c", "request_id": "858271d5-1038-4191-8806-6b74fdd2ed2a", "status_code": 200, "tenant_id": "327d2ffb-1823-49ee-aab0-022efdfc7324", "timestamp": "2026-08-07T11:48:14.662524Z", "trace_id": "6300b72c925afc7e1c798e953602498d"}
api-1       | {"claimed": 50, "event": "outbox_dispatch_batch_completed", "lease_lost": 0, "level": "info", "published": 50, "retry_scheduled": 0, "role": "outbox_dispatcher", "timestamp": "2026-08-07T11:48:15.127153Z"}
api-1       | INFO:     172.18.0.1:56456 - "GET /api/v1/runs/f6111806-1a61-4b60-ae43-a2d2f01a1c5c HTTP/1.1" 200 OK
api-1       | {"api_key_prefix": "evk_64f04950db0a", "duration_ms": 61.29, "event": "http_request_completed", "level": "info", "method": "GET", "outcome": "success", "path": "/api/v1/runs/f6111806-1a61-4b60-ae43-a2d2f01a1c5c", "request_id": "44081137-4862-4143-91bd-bd9f776415e7", "status_code": 200, "tenant_id": "327d2ffb-1823-49ee-aab0-022efdfc7324", "timestamp": "2026-08-07T11:48:15.227969Z", "trace_id": "e16b5e0563bc143d0b1e8fd64d99611e"}
api-1       | {"claimed": 50, "event": "outbox_dispatch_batch_completed", "lease_lost": 0, "level": "info", "published": 50, "retry_scheduled": 0, "role": "outbox_dispatcher", "timestamp": "2026-08-07T11:48:15.815318Z"}
api-1       | INFO:     172.18.0.1:56456 - "GET /api/v1/runs/f6111806-1a61-4b60-ae43-a2d2f01a1c5c HTTP/1.1" 200 OK
api-1       | {"api_key_prefix": "evk_64f04950db0a", "duration_ms": 155.68, "event": "http_request_completed", "level": "info", "method": "GET", "outcome": "success", "path": "/api/v1/runs/f6111806-1a61-4b60-ae43-a2d2f01a1c5c", "request_id": "6648032a-0613-4e5c-9a3a-b68032aa9f19", "status_code": 200, "tenant_id": "327d2ffb-1823-49ee-aab0-022efdfc7324", "timestamp": "2026-08-07T11:48:15.894385Z", "trace_id": "8446ef3b2b49726438b08df5aaa152e1"}
api-1       | {"claimed": 50, "event": "outbox_dispatch_batch_completed", "lease_lost": 0, "level": "info", "published": 50, "retry_scheduled": 0, "role": "outbox_dispatcher", "timestamp": "2026-08-07T11:48:16.563589Z"}
api-1       | INFO:     172.18.0.1:56456 - "GET /api/v1/runs/f6111806-1a61-4b60-ae43-a2d2f01a1c5c HTTP/1.1" 200 OK
api-1       | {"api_key_prefix": "evk_64f04950db0a", "duration_ms": 199.434, "event": "http_request_completed", "level": "info", "method": "GET", "outcome": "success", "path": "/api/v1/runs/f6111806-1a61-4b60-ae43-a2d2f01a1c5c", "request_id": "872340a9-6c53-4aee-8a5e-7ed5a5ac691d", "status_code": 200, "tenant_id": "327d2ffb-1823-49ee-aab0-022efdfc7324", "timestamp": "2026-08-07T11:48:16.622908Z", "trace_id": "eccdb4def960229e4739036332d4acfb"}
api-1       | {"claimed": 50, "event": "outbox_dispatch_batch_completed", "lease_lost": 0, "level": "info", "published": 50, "retry_scheduled": 0, "role": "outbox_dispatcher", "timestamp": "2026-08-07T11:48:17.265777Z"}
api-1       | INFO:     172.18.0.1:56456 - "GET /api/v1/runs/f6111806-1a61-4b60-ae43-a2d2f01a1c5c HTTP/1.1" 200 OK
api-1       | {"api_key_prefix": "evk_64f04950db0a", "duration_ms": 163.307, "event": "http_request_completed", "level": "info", "method": "GET", "outcome": "success", "path": "/api/v1/runs/f6111806-1a61-4b60-ae43-a2d2f01a1c5c", "request_id": "3602613f-40b1-4745-8433-f2c28d639825", "status_code": 200, "tenant_id": "327d2ffb-1823-49ee-aab0-022efdfc7324", "timestamp": "2026-08-07T11:48:17.321450Z", "trace_id": "abd3ccc23658be82cf477fc56203fae6"}
api-1       | {"claimed": 50, "event": "outbox_dispatch_batch_completed", "lease_lost": 0, "level": "info", "published": 50, "retry_scheduled": 0, "role": "outbox_dispatcher", "timestamp": "2026-08-07T11:48:17.938757Z"}
api-1       | INFO:     172.18.0.1:56456 - "GET /api/v1/runs/f6111806-1a61-4b60-ae43-a2d2f01a1c5c HTTP/1.1" 200 OK
api-1       | {"api_key_prefix": "evk_64f04950db0a", "duration_ms": 196.379, "event": "http_request_completed", "level": "info", "method": "GET", "outcome": "success", "path": "/api/v1/runs/f6111806-1a61-4b60-ae43-a2d2f01a1c5c", "request_id": "e810657c-48f7-4afd-9461-9bd5cf3d5fa3", "status_code": 200, "tenant_id": "327d2ffb-1823-49ee-aab0-022efdfc7324", "timestamp": "2026-08-07T11:48:18.022210Z", "trace_id": "b9326a79002fb08b91a27a22eb189a8c"}
api-1       | {"claimed": 50, "event": "outbox_dispatch_batch_completed", "lease_lost": 0, "level": "info", "published": 50, "retry_scheduled": 0, "role": "outbox_dispatcher", "timestamp": "2026-08-07T11:48:18.665856Z"}
api-1       | INFO:     172.18.0.1:56456 - "GET /api/v1/runs/f6111806-1a61-4b60-ae43-a2d2f01a1c5c HTTP/1.1" 200 OK
api-1       | {"api_key_prefix": "evk_64f04950db0a", "duration_ms": 289.487, "event": "http_request_completed", "level": "info", "method": "GET", "outcome": "success", "path": "/api/v1/runs/f6111806-1a61-4b60-ae43-a2d2f01a1c5c", "request_id": "810ca89d-830e-4ca9-a9a0-8d418ba6d038", "status_code": 200, "tenant_id": "327d2ffb-1823-49ee-aab0-022efdfc7324", "timestamp": "2026-08-07T11:48:18.833311Z", "trace_id": "42eee76884e2bd70534093747567b39b"}
api-1       | {"event": "Context impl PostgresqlImpl.", "level": "info", "request_id": "28c79937-4f64-4774-adff-fe73d22fe13b", "timestamp": "2026-08-07T11:48:18.978640Z", "trace_id": "01cb5b58f1c7d9705cdc4b44dd959aa0"}
api-1       | {"event": "Will assume transactional DDL.", "level": "info", "request_id": "28c79937-4f64-4774-adff-fe73d22fe13b", "timestamp": "2026-08-07T11:48:18.978779Z", "trace_id": "01cb5b58f1c7d9705cdc4b44dd959aa0"}
api-1       | INFO:     127.0.0.1:46210 - "GET /health/ready HTTP/1.1" 200 OK
api-1       | {"duration_ms": 23.463, "event": "http_request_completed", "level": "info", "method": "GET", "outcome": "success", "path": "/health/ready", "request_id": "28c79937-4f64-4774-adff-fe73d22fe13b", "status_code": 200, "timestamp": "2026-08-07T11:48:18.984295Z", "trace_id": "01cb5b58f1c7d9705cdc4b44dd959aa0"}
api-1       | {"claimed": 50, "event": "outbox_dispatch_batch_completed", "lease_lost": 0, "level": "info", "published": 50, "retry_scheduled": 0, "role": "outbox_dispatcher", "timestamp": "2026-08-07T11:48:19.366988Z"}
api-1       | INFO:     172.18.0.1:56456 - "GET /api/v1/runs/f6111806-1a61-4b60-ae43-a2d2f01a1c5c HTTP/1.1" 200 OK
api-1       | {"api_key_prefix": "evk_64f04950db0a", "duration_ms": 85.079, "event": "http_request_completed", "level": "info", "method": "GET", "outcome": "success", "path": "/api/v1/runs/f6111806-1a61-4b60-ae43-a2d2f01a1c5c", "request_id": "0c665594-bd23-43e5-a5a8-6c33c8dbfc8f", "status_code": 200, "tenant_id": "327d2ffb-1823-49ee-aab0-022efdfc7324", "timestamp": "2026-08-07T11:48:19.422134Z", "trace_id": "08600e3f7c76472779c33366f3f6dce0"}
api-1       | {"claimed": 50, "event": "outbox_dispatch_batch_completed", "lease_lost": 0, "level": "info", "published": 50, "retry_scheduled": 0, "role": "outbox_dispatcher", "timestamp": "2026-08-07T11:48:20.062776Z"}
api-1       | INFO:     172.18.0.1:56456 - "GET /api/v1/runs/f6111806-1a61-4b60-ae43-a2d2f01a1c5c HTTP/1.1" 200 OK
api-1       | {"api_key_prefix": "evk_64f04950db0a", "duration_ms": 195.486, "event": "http_request_completed", "level": "info", "method": "GET", "outcome": "success", "path": "/api/v1/runs/f6111806-1a61-4b60-ae43-a2d2f01a1c5c", "request_id": "5c17415a-517f-4c9f-aa43-9b4506f63d72", "status_code": 200, "tenant_id": "327d2ffb-1823-49ee-aab0-022efdfc7324", "timestamp": "2026-08-07T11:48:20.122785Z", "trace_id": "df384667c9134396714b588365f5e781"}
api-1       | {"claimed": 50, "event": "outbox_dispatch_batch_completed", "lease_lost": 0, "level": "info", "published": 50, "retry_scheduled": 0, "role": "outbox_dispatcher", "timestamp": "2026-08-07T11:48:20.768167Z"}
api-1       | INFO:     172.18.0.1:56456 - "GET /api/v1/runs/f6111806-1a61-4b60-ae43-a2d2f01a1c5c HTTP/1.1" 200 OK
api-1       | {"api_key_prefix": "evk_64f04950db0a", "duration_ms": 197.619, "event": "http_request_completed", "level": "info", "method": "GET", "outcome": "success", "path": "/api/v1/runs/f6111806-1a61-4b60-ae43-a2d2f01a1c5c", "request_id": "4177fc25-a318-44d5-8208-0a782dd119c6", "status_code": 200, "tenant_id": "327d2ffb-1823-49ee-aab0-022efdfc7324", "timestamp": "2026-08-07T11:48:20.826798Z", "trace_id": "1b1dca2c180265c59f6be68190bd2d0d"}
api-1       | {"claimed": 50, "event": "outbox_dispatch_batch_completed", "lease_lost": 0, "level": "info", "published": 50, "retry_scheduled": 0, "role": "outbox_dispatcher", "timestamp": "2026-08-07T11:48:21.461973Z"}
api-1       | INFO:     172.18.0.1:56456 - "GET /api/v1/runs/f6111806-1a61-4b60-ae43-a2d2f01a1c5c HTTP/1.1" 200 OK
api-1       | {"api_key_prefix": "evk_64f04950db0a", "duration_ms": 182.038, "event": "http_request_completed", "level": "info", "method": "GET", "outcome": "success", "path": "/api/v1/runs/f6111806-1a61-4b60-ae43-a2d2f01a1c5c", "request_id": "dbe78571-d311-4937-b699-69576f831de3", "status_code": 200, "tenant_id": "327d2ffb-1823-49ee-aab0-022efdfc7324", "timestamp": "2026-08-07T11:48:21.516601Z", "trace_id": "3910ab52d0d42459991830b9d2784c88"}
api-1       | {"claimed": 50, "event": "outbox_dispatch_batch_completed", "lease_lost": 0, "level": "info", "published": 50, "retry_scheduled": 0, "role": "outbox_dispatcher", "timestamp": "2026-08-07T11:48:22.198813Z"}
api-1       | INFO:     172.18.0.1:56456 - "GET /api/v1/runs/f6111806-1a61-4b60-ae43-a2d2f01a1c5c HTTP/1.1" 200 OK
api-1       | {"api_key_prefix": "evk_64f04950db0a", "duration_ms": 183.695, "event": "http_request_completed", "level": "info", "method": "GET", "outcome": "success", "path": "/api/v1/runs/f6111806-1a61-4b60-ae43-a2d2f01a1c5c", "request_id": "e3a5f327-c158-4cd0-aa1d-d0a5b79a9b27", "status_code": 200, "tenant_id": "327d2ffb-1823-49ee-aab0-022efdfc7324", "timestamp": "2026-08-07T11:48:22.263022Z", "trace_id": "b3b34a7b71ab409db85c1a35175d8076"}
api-1       | {"claimed": 50, "event": "outbox_dispatch_batch_completed", "lease_lost": 0, "level": "info", "published": 50, "retry_scheduled": 0, "role": "outbox_dispatcher", "timestamp": "2026-08-07T11:48:22.865092Z"}
api-1       | INFO:     172.18.0.1:56456 - "GET /api/v1/runs/f6111806-1a61-4b60-ae43-a2d2f01a1c5c HTTP/1.1" 200 OK
api-1       | {"api_key_prefix": "evk_64f04950db0a", "duration_ms": 155.609, "event": "http_request_completed", "level": "info", "method": "GET", "outcome": "success", "path": "/api/v1/runs/f6111806-1a61-4b60-ae43-a2d2f01a1c5c", "request_id": "70e79056-e64b-4a7a-ba6e-c1c53677c07f", "status_code": 200, "tenant_id": "327d2ffb-1823-49ee-aab0-022efdfc7324", "timestamp": "2026-08-07T11:48:22.928270Z", "trace_id": "5df22864595891184047134954dcfa15"}
api-1       | {"claimed": 50, "event": "outbox_dispatch_batch_completed", "lease_lost": 0, "level": "info", "published": 50, "retry_scheduled": 0, "role": "outbox_dispatcher", "timestamp": "2026-08-07T11:48:23.568432Z"}
api-1       | INFO:     172.18.0.1:56456 - "GET /api/v1/runs/f6111806-1a61-4b60-ae43-a2d2f01a1c5c HTTP/1.1" 200 OK
api-1       | {"api_key_prefix": "evk_64f04950db0a", "duration_ms": 192.836, "event": "http_request_completed", "level": "info", "method": "GET", "outcome": "success", "path": "/api/v1/runs/f6111806-1a61-4b60-ae43-a2d2f01a1c5c", "request_id": "98cec358-b55f-4cc2-848c-c63df3f25843", "status_code": 200, "tenant_id": "327d2ffb-1823-49ee-aab0-022efdfc7324", "timestamp": "2026-08-07T11:48:23.626732Z", "trace_id": "2e359b8f36a0d23dd9719f8fc5c449bd"}
api-1       | {"claimed": 50, "event": "outbox_dispatch_batch_completed", "lease_lost": 0, "level": "info", "published": 50, "retry_scheduled": 0, "role": "outbox_dispatcher", "timestamp": "2026-08-07T11:48:24.370152Z"}
api-1       | INFO:     172.18.0.1:56456 - "GET /api/v1/runs/f6111806-1a61-4b60-ae43-a2d2f01a1c5c HTTP/1.1" 200 OK
api-1       | {"api_key_prefix": "evk_64f04950db0a", "duration_ms": 312.25, "event": "http_request_completed", "level": "info", "method": "GET", "outcome": "success", "path": "/api/v1/runs/f6111806-1a61-4b60-ae43-a2d2f01a1c5c", "request_id": "656d2eb2-da19-4568-8235-2442e0db7b32", "status_code": 200, "tenant_id": "327d2ffb-1823-49ee-aab0-022efdfc7324", "timestamp": "2026-08-07T11:48:24.478963Z", "trace_id": "415f42f015a467287a0bcd93a22bcda6"}
api-1       | {"event": "Context impl PostgresqlImpl.", "level": "info", "request_id": "3cfb3e86-aa32-4b64-9a8c-c96c81036ef9", "timestamp": "2026-08-07T11:48:24.531490Z", "trace_id": "69f98cb53432a45750b26d0fe190294f"}
api-1       | {"event": "Will assume transactional DDL.", "level": "info", "request_id": "3cfb3e86-aa32-4b64-9a8c-c96c81036ef9", "timestamp": "2026-08-07T11:48:24.531598Z", "trace_id": "69f98cb53432a45750b26d0fe190294f"}
api-1       | INFO:     127.0.0.1:48368 - "GET /health/ready HTTP/1.1" 200 OK
api-1       | {"duration_ms": 68.836, "event": "http_request_completed", "level": "info", "method": "GET", "outcome": "success", "path": "/health/ready", "request_id": "3cfb3e86-aa32-4b64-9a8c-c96c81036ef9", "status_code": 200, "timestamp": "2026-08-07T11:48:24.537151Z", "trace_id": "69f98cb53432a45750b26d0fe190294f"}
api-1       | INFO:     172.18.0.1:56456 - "GET /api/v1/runs/f6111806-1a61-4b60-ae43-a2d2f01a1c5c/cases?limit=200&sort=case_id HTTP/1.1" 200 OK
api-1       | {"api_key_prefix": "evk_64f04950db0a", "duration_ms": 110.829, "event": "http_request_completed", "level": "info", "method": "GET", "outcome": "success", "path": "/api/v1/runs/f6111806-1a61-4b60-ae43-a2d2f01a1c5c/cases", "request_id": "43ac5404-ddaa-4810-92ec-a03d9c95a0b4", "status_code": 200, "tenant_id": "327d2ffb-1823-49ee-aab0-022efdfc7324", "timestamp": "2026-08-07T11:48:24.591007Z", "trace_id": "df50d0e3d2f1f369d092911427d505ce"}
api-1       | INFO:     172.18.0.1:56456 - "GET /api/v1/runs/f6111806-1a61-4b60-ae43-a2d2f01a1c5c/cases?limit=200&sort=case_id&cursor=eyJkaXJlY3Rpb24iOiJhc2MiLCJlcnJvcl9jb2RlIjpudWxsLCJqb2JfaWQiOiJjY2FiOWFiMy1jZGE3LTRmNDQtODg4MC1lYTkwZjU0OTlmYjMiLCJtZXRyaWMiOm51bGwsInNvcnQiOiJjYXNlX2lkIiwic3RhdHVzIjpudWxsLCJ2IjoxLCJ2YWx1ZSI6ImxvYWQtMDE5OSJ9 HTTP/1.1" 200 OK
api-1       | {"api_key_prefix": "evk_64f04950db0a", "duration_ms": 75.508, "event": "http_request_completed", "level": "info", "method": "GET", "outcome": "success", "path": "/api/v1/runs/f6111806-1a61-4b60-ae43-a2d2f01a1c5c/cases", "request_id": "7c96f804-3124-4905-bf3a-c0755255b98b", "status_code": 200, "tenant_id": "327d2ffb-1823-49ee-aab0-022efdfc7324", "timestamp": "2026-08-07T11:48:24.669021Z", "trace_id": "51a72eea3f7daf6642dc62c1373eaf2b"}
api-1       | INFO:     172.18.0.1:56456 - "GET /api/v1/runs/f6111806-1a61-4b60-ae43-a2d2f01a1c5c/cases?limit=200&sort=case_id&cursor=eyJkaXJlY3Rpb24iOiJhc2MiLCJlcnJvcl9jb2RlIjpudWxsLCJqb2JfaWQiOiJhMGJkNDU4NS0yZTdmLTQ5YWEtOTZhOC1lMzVhOGEyYmE5ZGIiLCJtZXRyaWMiOm51bGwsInNvcnQiOiJjYXNlX2lkIiwic3RhdHVzIjpudWxsLCJ2IjoxLCJ2YWx1ZSI6ImxvYWQtMDM5OSJ9 HTTP/1.1" 200 OK
api-1       | {"api_key_prefix": "evk_64f04950db0a", "duration_ms": 58.699, "event": "http_request_completed", "level": "info", "method": "GET", "outcome": "success", "path": "/api/v1/runs/f6111806-1a61-4b60-ae43-a2d2f01a1c5c/cases", "request_id": "a6fbdfe1-65e0-4a14-a2db-7fed1b47edfb", "status_code": 200, "tenant_id": "327d2ffb-1823-49ee-aab0-022efdfc7324", "timestamp": "2026-08-07T11:48:24.729979Z", "trace_id": "74e2be58f9a4e380eb9d01f0e529c53b"}
api-1       | {"claimed": 50, "event": "outbox_dispatch_batch_completed", "lease_lost": 0, "level": "info", "published": 50, "retry_scheduled": 0, "role": "outbox_dispatcher", "timestamp": "2026-08-07T11:48:25.148494Z"}
api-1       | INFO:     127.0.0.1:48374 - "GET /metrics HTTP/1.1" 200 OK
api-1       | {"duration_ms": 13.732, "event": "http_request_completed", "level": "info", "method": "GET", "outcome": "success", "path": "/metrics", "request_id": "386c8587-f2c9-4ac4-9909-668d111165c6", "status_code": 200, "timestamp": "2026-08-07T11:48:25.256645Z", "trace_id": "b207c444a9e420edb14e74035ed2829c"}
api-1       | {"claimed": 50, "event": "outbox_dispatch_batch_completed", "lease_lost": 0, "level": "info", "published": 50, "retry_scheduled": 0, "role": "outbox_dispatcher", "timestamp": "2026-08-07T11:48:25.823480Z"}
api-1       | {"claimed": 50, "event": "outbox_dispatch_batch_completed", "lease_lost": 0, "level": "info", "published": 50, "retry_scheduled": 0, "role": "outbox_dispatcher", "timestamp": "2026-08-07T11:48:26.525580Z"}
api-1       | {"claimed": 34, "event": "outbox_dispatch_batch_completed", "lease_lost": 0, "level": "info", "published": 34, "retry_scheduled": 0, "role": "outbox_dispatcher", "timestamp": "2026-08-07T11:48:27.162708Z"}
api-1       | INFO:     172.18.0.1:56456 - "POST /api/v1/runs HTTP/1.1" 202 Accepted
api-1       | {"api_key_prefix": "evk_64f04950db0a", "duration_ms": 79.785, "event": "http_request_completed", "level": "info", "method": "POST", "outcome": "success", "path": "/api/v1/runs", "request_id": "eb560a0e-3ba1-4cd0-ac86-a2b0f0ebea57", "status_code": 202, "tenant_id": "327d2ffb-1823-49ee-aab0-022efdfc7324", "timestamp": "2026-08-07T11:48:29.149694Z", "trace_id": "12c92921e33dcf5c0aa56b9676711552"}
api-1       | INFO:     172.18.0.1:56456 - "GET /api/v1/runs/24062d4c-6c8e-4f29-b7c9-96fdaab895f6 HTTP/1.1" 200 OK
api-1       | {"api_key_prefix": "evk_64f04950db0a", "duration_ms": 52.73, "event": "http_request_completed", "level": "info", "method": "GET", "outcome": "success", "path": "/api/v1/runs/24062d4c-6c8e-4f29-b7c9-96fdaab895f6", "request_id": "5d644279-e99f-497d-af90-b3453b01e303", "status_code": 200, "tenant_id": "327d2ffb-1823-49ee-aab0-022efdfc7324", "timestamp": "2026-08-07T11:48:29.203868Z", "trace_id": "0188f3ed010c160795ba104db90fddb4"}
api-1       | {"claimed": 27, "event": "outbox_dispatch_batch_completed", "lease_lost": 0, "level": "info", "published": 27, "retry_scheduled": 0, "role": "outbox_dispatcher", "timestamp": "2026-08-07T11:48:29.882649Z"}
api-1       | {"event": "Context impl PostgresqlImpl.", "level": "info", "request_id": "a9833667-cdc6-46bd-9334-9f0a9fd008f2", "timestamp": "2026-08-07T11:48:29.975361Z", "trace_id": "cda0c0a32996a2ce8be1e0561e88dfd0"}
api-1       | {"event": "Will assume transactional DDL.", "level": "info", "request_id": "a9833667-cdc6-46bd-9334-9f0a9fd008f2", "timestamp": "2026-08-07T11:48:29.975507Z", "trace_id": "cda0c0a32996a2ce8be1e0561e88dfd0"}
api-1       | INFO:     172.18.0.1:56456 - "GET /api/v1/runs/24062d4c-6c8e-4f29-b7c9-96fdaab895f6 HTTP/1.1" 200 OK
api-1       | {"api_key_prefix": "evk_64f04950db0a", "duration_ms": 246.048, "event": "http_request_completed", "level": "info", "method": "GET", "outcome": "success", "path": "/api/v1/runs/24062d4c-6c8e-4f29-b7c9-96fdaab895f6", "request_id": "5eddf10f-d916-4ed6-908a-00e1e8e48547", "status_code": 200, "tenant_id": "327d2ffb-1823-49ee-aab0-022efdfc7324", "timestamp": "2026-08-07T11:48:29.982433Z", "trace_id": "30a431deb128d67b6f3d4d312f4d05d9"}
api-1       | INFO:     127.0.0.1:48378 - "GET /health/ready HTTP/1.1" 200 OK
api-1       | {"duration_ms": 26.386, "event": "http_request_completed", "level": "info", "method": "GET", "outcome": "success", "path": "/health/ready", "request_id": "a9833667-cdc6-46bd-9334-9f0a9fd008f2", "status_code": 200, "timestamp": "2026-08-07T11:48:29.983655Z", "trace_id": "cda0c0a32996a2ce8be1e0561e88dfd0"}
api-1       | {"claimed": 35, "event": "outbox_dispatch_batch_completed", "lease_lost": 0, "level": "info", "published": 35, "retry_scheduled": 0, "role": "outbox_dispatcher", "timestamp": "2026-08-07T11:48:30.509756Z"}
api-1       | INFO:     172.18.0.1:56456 - "GET /api/v1/runs/24062d4c-6c8e-4f29-b7c9-96fdaab895f6 HTTP/1.1" 200 OK
api-1       | {"api_key_prefix": "evk_64f04950db0a", "duration_ms": 75.7, "event": "http_request_completed", "level": "info", "method": "GET", "outcome": "success", "path": "/api/v1/runs/24062d4c-6c8e-4f29-b7c9-96fdaab895f6", "request_id": "fdf152be-a00f-4ac7-bc77-9356403b43b7", "status_code": 200, "tenant_id": "327d2ffb-1823-49ee-aab0-022efdfc7324", "timestamp": "2026-08-07T11:48:30.564532Z", "trace_id": "de8989d497e7ca2f830a1beb748a73cc"}
api-1       | {"claimed": 31, "event": "outbox_dispatch_batch_completed", "lease_lost": 0, "level": "info", "published": 31, "retry_scheduled": 0, "role": "outbox_dispatcher", "timestamp": "2026-08-07T11:48:31.161761Z"}
api-1       | INFO:     172.18.0.1:56456 - "GET /api/v1/runs/24062d4c-6c8e-4f29-b7c9-96fdaab895f6 HTTP/1.1" 200 OK
api-1       | {"api_key_prefix": "evk_64f04950db0a", "duration_ms": 137.034, "event": "http_request_completed", "level": "info", "method": "GET", "outcome": "success", "path": "/api/v1/runs/24062d4c-6c8e-4f29-b7c9-96fdaab895f6", "request_id": "ba3dba6a-29df-4928-9e80-1f2da14472e2", "status_code": 200, "tenant_id": "327d2ffb-1823-49ee-aab0-022efdfc7324", "timestamp": "2026-08-07T11:48:31.223029Z", "trace_id": "30c7fc98fc82dae717b6c2e8ddac65d9"}
api-1       | INFO:     172.18.0.1:56456 - "GET /api/v1/runs/24062d4c-6c8e-4f29-b7c9-96fdaab895f6/cases?limit=200&sort=case_id HTTP/1.1" 200 OK
api-1       | {"api_key_prefix": "evk_64f04950db0a", "duration_ms": 63.606, "event": "http_request_completed", "level": "info", "method": "GET", "outcome": "success", "path": "/api/v1/runs/24062d4c-6c8e-4f29-b7c9-96fdaab895f6/cases", "request_id": "69eef510-500b-4868-9a34-515c0346a72c", "status_code": 200, "tenant_id": "327d2ffb-1823-49ee-aab0-022efdfc7324", "timestamp": "2026-08-07T11:48:31.288363Z", "trace_id": "d96c8b9ac3a7b3ca94aff70fd4c3fd61"}
api-1       | {"claimed": 9, "event": "outbox_dispatch_batch_completed", "lease_lost": 0, "level": "info", "published": 9, "retry_scheduled": 0, "role": "outbox_dispatcher", "timestamp": "2026-08-07T11:48:31.714990Z"}
api-1       | INFO:     127.0.0.1:48392 - "GET /metrics HTTP/1.1" 200 OK
api-1       | {"duration_ms": 44.738, "event": "http_request_completed", "level": "info", "method": "GET", "outcome": "success", "path": "/metrics", "request_id": "d513b068-9b44-4acd-a0d5-210056396e10", "status_code": 200, "timestamp": "2026-08-07T11:48:31.725799Z", "trace_id": "b456499881a1ef5ed18ecb79223810d5"}
api-1       | INFO:     172.18.0.1:56456 - "POST /api/v1/runs HTTP/1.1" 202 Accepted
api-1       | {"api_key_prefix": "evk_64f04950db0a", "duration_ms": 185.448, "event": "http_request_completed", "level": "info", "method": "POST", "outcome": "success", "path": "/api/v1/runs", "request_id": "3d0c4108-5207-44f2-ad07-48e56f14eed5", "status_code": 202, "tenant_id": "327d2ffb-1823-49ee-aab0-022efdfc7324", "timestamp": "2026-08-07T11:48:32.473810Z", "trace_id": "62830180f09a2070238cfe70d65088d8"}
api-1       | INFO:     172.18.0.1:56456 - "GET /api/v1/runs/c851a07e-912e-4406-872e-146369aeaee8 HTTP/1.1" 200 OK
api-1       | {"api_key_prefix": "evk_64f04950db0a", "duration_ms": 53.488, "event": "http_request_completed", "level": "info", "method": "GET", "outcome": "success", "path": "/api/v1/runs/c851a07e-912e-4406-872e-146369aeaee8", "request_id": "202cc1d7-d57f-4cdf-8402-e59b6a2a6aea", "status_code": 200, "tenant_id": "327d2ffb-1823-49ee-aab0-022efdfc7324", "timestamp": "2026-08-07T11:48:32.528885Z", "trace_id": "d173b33d64c65f621e1496afd1c5dd53"}
api-1       | INFO:     172.18.0.1:56456 - "GET /api/v1/runs/c851a07e-912e-4406-872e-146369aeaee8 HTTP/1.1" 200 OK
api-1       | {"api_key_prefix": "evk_64f04950db0a", "duration_ms": 54.138, "event": "http_request_completed", "level": "info", "method": "GET", "outcome": "success", "path": "/api/v1/runs/c851a07e-912e-4406-872e-146369aeaee8", "request_id": "ff615ff0-9390-4054-a2bd-7401fa8008ce", "status_code": 200, "tenant_id": "327d2ffb-1823-49ee-aab0-022efdfc7324", "timestamp": "2026-08-07T11:48:33.085334Z", "trace_id": "5e43f0e9a27aea31b48707ba73c30c3d"}
api-1       | {"claimed": 26, "event": "outbox_dispatch_batch_completed", "lease_lost": 0, "level": "info", "published": 26, "retry_scheduled": 0, "role": "outbox_dispatcher", "timestamp": "2026-08-07T11:48:33.361587Z"}
api-1       | INFO:     172.18.0.1:56456 - "GET /api/v1/runs/c851a07e-912e-4406-872e-146369aeaee8 HTTP/1.1" 200 OK
api-1       | {"api_key_prefix": "evk_64f04950db0a", "duration_ms": 54.768, "event": "http_request_completed", "level": "info", "method": "GET", "outcome": "success", "path": "/api/v1/runs/c851a07e-912e-4406-872e-146369aeaee8", "request_id": "ccda6b1e-2517-47a8-a864-6310a4df3991", "status_code": 200, "tenant_id": "327d2ffb-1823-49ee-aab0-022efdfc7324", "timestamp": "2026-08-07T11:48:33.642914Z", "trace_id": "43734cd8dc8115415b9d0bd316c087a3"}
api-1       | {"claimed": 30, "event": "outbox_dispatch_batch_completed", "lease_lost": 0, "level": "info", "published": 30, "retry_scheduled": 0, "role": "outbox_dispatcher", "timestamp": "2026-08-07T11:48:34.064076Z"}
api-1       | INFO:     172.18.0.1:56456 - "GET /api/v1/runs/c851a07e-912e-4406-872e-146369aeaee8 HTTP/1.1" 200 OK
api-1       | {"api_key_prefix": "evk_64f04950db0a", "duration_ms": 56.074, "event": "http_request_completed", "level": "info", "method": "GET", "outcome": "success", "path": "/api/v1/runs/c851a07e-912e-4406-872e-146369aeaee8", "request_id": "20a29bc4-a8eb-4a38-9139-41068a4b2fbc", "status_code": 200, "tenant_id": "327d2ffb-1823-49ee-aab0-022efdfc7324", "timestamp": "2026-08-07T11:48:34.201663Z", "trace_id": "656d1eaaccfacb8f170535b61dec543b"}
api-1       | {"claimed": 32, "event": "outbox_dispatch_batch_completed", "lease_lost": 0, "level": "info", "published": 32, "retry_scheduled": 0, "role": "outbox_dispatcher", "timestamp": "2026-08-07T11:48:34.686773Z"}
api-1       | INFO:     172.18.0.1:56456 - "GET /api/v1/runs/c851a07e-912e-4406-872e-146369aeaee8 HTTP/1.1" 200 OK
api-1       | {"api_key_prefix": "evk_64f04950db0a", "duration_ms": 51.108, "event": "http_request_completed", "level": "info", "method": "GET", "outcome": "success", "path": "/api/v1/runs/c851a07e-912e-4406-872e-146369aeaee8", "request_id": "ce87a789-4449-460a-ae04-841d9d8c1bb0", "status_code": 200, "tenant_id": "327d2ffb-1823-49ee-aab0-022efdfc7324", "timestamp": "2026-08-07T11:48:34.755232Z", "trace_id": "da064a4d285c67a32689e7f999d30fb6"}
api-1       | {"claimed": 30, "event": "outbox_dispatch_batch_completed", "lease_lost": 0, "level": "info", "published": 30, "retry_scheduled": 0, "role": "outbox_dispatcher", "timestamp": "2026-08-07T11:48:35.450626Z"}
api-1       | {"event": "Context impl PostgresqlImpl.", "level": "info", "request_id": "6cd63cbe-325e-459c-816e-f9356cf2c04d", "timestamp": "2026-08-07T11:48:35.542388Z", "trace_id": "4a04e6374c0f5deb2738ed1b710cef7e"}
api-1       | {"event": "Will assume transactional DDL.", "level": "info", "request_id": "6cd63cbe-325e-459c-816e-f9356cf2c04d", "timestamp": "2026-08-07T11:48:35.542521Z", "trace_id": "4a04e6374c0f5deb2738ed1b710cef7e"}
api-1       | INFO:     127.0.0.1:40900 - "GET /health/ready HTTP/1.1" 200 OK
api-1       | {"duration_ms": 21.146, "event": "http_request_completed", "level": "info", "method": "GET", "outcome": "success", "path": "/health/ready", "request_id": "6cd63cbe-325e-459c-816e-f9356cf2c04d", "status_code": 200, "timestamp": "2026-08-07T11:48:35.548524Z", "trace_id": "4a04e6374c0f5deb2738ed1b710cef7e"}
api-1       | INFO:     172.18.0.1:56456 - "GET /api/v1/runs/c851a07e-912e-4406-872e-146369aeaee8 HTTP/1.1" 200 OK
api-1       | {"api_key_prefix": "evk_64f04950db0a", "duration_ms": 231.101, "event": "http_request_completed", "level": "info", "method": "GET", "outcome": "success", "path": "/api/v1/runs/c851a07e-912e-4406-872e-146369aeaee8", "request_id": "558b55d6-ce9e-4e3d-8f3c-22c16838561b", "status_code": 200, "tenant_id": "327d2ffb-1823-49ee-aab0-022efdfc7324", "timestamp": "2026-08-07T11:48:35.559794Z", "trace_id": "5b97a489eb1877efa04032055b3b69f6"}
api-1       | {"claimed": 36, "event": "outbox_dispatch_batch_completed", "lease_lost": 0, "level": "info", "published": 36, "retry_scheduled": 0, "role": "outbox_dispatcher", "timestamp": "2026-08-07T11:48:36.113503Z"}
api-1       | INFO:     172.18.0.1:56456 - "GET /api/v1/runs/c851a07e-912e-4406-872e-146369aeaee8 HTTP/1.1" 200 OK
api-1       | {"api_key_prefix": "evk_64f04950db0a", "duration_ms": 84.799, "event": "http_request_completed", "level": "info", "method": "GET", "outcome": "success", "path": "/api/v1/runs/c851a07e-912e-4406-872e-146369aeaee8", "request_id": "0cb22768-3896-44f6-96c2-d2ea53966339", "status_code": 200, "tenant_id": "327d2ffb-1823-49ee-aab0-022efdfc7324", "timestamp": "2026-08-07T11:48:36.153810Z", "trace_id": "57cb37f71e16240eb18e2c2d81fed4e6"}
api-1       | {"claimed": 32, "event": "outbox_dispatch_batch_completed", "lease_lost": 0, "level": "info", "published": 32, "retry_scheduled": 0, "role": "outbox_dispatcher", "timestamp": "2026-08-07T11:48:36.763636Z"}
api-1       | INFO:     172.18.0.1:56456 - "GET /api/v1/runs/c851a07e-912e-4406-872e-146369aeaee8 HTTP/1.1" 200 OK
api-1       | {"api_key_prefix": "evk_64f04950db0a", "duration_ms": 159.422, "event": "http_request_completed", "level": "info", "method": "GET", "outcome": "success", "path": "/api/v1/runs/c851a07e-912e-4406-872e-146369aeaee8", "request_id": "745adb37-3e0f-4a7b-9990-704f6fbc35aa", "status_code": 200, "tenant_id": "327d2ffb-1823-49ee-aab0-022efdfc7324", "timestamp": "2026-08-07T11:48:36.818652Z", "trace_id": "3a0ba3ec14b3a0b87a1bf2b33b9c5a2b"}
api-1       | {"claimed": 30, "event": "outbox_dispatch_batch_completed", "lease_lost": 0, "level": "info", "published": 30, "retry_scheduled": 0, "role": "outbox_dispatcher", "timestamp": "2026-08-07T11:48:37.386839Z"}
api-1       | INFO:     172.18.0.1:56456 - "GET /api/v1/runs/c851a07e-912e-4406-872e-146369aeaee8 HTTP/1.1" 200 OK
api-1       | {"api_key_prefix": "evk_64f04950db0a", "duration_ms": 95.605, "event": "http_request_completed", "level": "info", "method": "GET", "outcome": "success", "path": "/api/v1/runs/c851a07e-912e-4406-872e-146369aeaee8", "request_id": "d9a1799f-8fcc-465a-8a76-f15c55c760c6", "status_code": 200, "tenant_id": "327d2ffb-1823-49ee-aab0-022efdfc7324", "timestamp": "2026-08-07T11:48:37.443706Z", "trace_id": "d5c58e8fab7c7e1be81ccfe983665444"}
api-1       | {"claimed": 30, "event": "outbox_dispatch_batch_completed", "lease_lost": 0, "level": "info", "published": 30, "retry_scheduled": 0, "role": "outbox_dispatcher", "timestamp": "2026-08-07T11:48:38.009220Z"}
api-1       | INFO:     172.18.0.1:56456 - "GET /api/v1/runs/c851a07e-912e-4406-872e-146369aeaee8 HTTP/1.1" 200 OK
api-1       | {"api_key_prefix": "evk_64f04950db0a", "duration_ms": 107.35, "event": "http_request_completed", "level": "info", "method": "GET", "outcome": "success", "path": "/api/v1/runs/c851a07e-912e-4406-872e-146369aeaee8", "request_id": "914097d2-20c3-453c-9a2c-0ab68bb3b9a8", "status_code": 200, "tenant_id": "327d2ffb-1823-49ee-aab0-022efdfc7324", "timestamp": "2026-08-07T11:48:38.073747Z", "trace_id": "f15acc3435baa6c87d18a72b26a4e039"}
api-1       | {"claimed": 30, "event": "outbox_dispatch_batch_completed", "lease_lost": 0, "level": "info", "published": 30, "retry_scheduled": 0, "role": "outbox_dispatcher", "timestamp": "2026-08-07T11:48:38.663457Z"}
api-1       | INFO:     172.18.0.1:56456 - "GET /api/v1/runs/c851a07e-912e-4406-872e-146369aeaee8 HTTP/1.1" 200 OK
api-1       | {"api_key_prefix": "evk_64f04950db0a", "duration_ms": 91.947, "event": "http_request_completed", "level": "info", "method": "GET", "outcome": "success", "path": "/api/v1/runs/c851a07e-912e-4406-872e-146369aeaee8", "request_id": "bcbd980d-600e-4b57-beb4-99eaa52721d3", "status_code": 200, "tenant_id": "327d2ffb-1823-49ee-aab0-022efdfc7324", "timestamp": "2026-08-07T11:48:38.689182Z", "trace_id": "7a5cb6e701eebb952907ca45f8b74ae3"}
api-1       | {"claimed": 30, "event": "outbox_dispatch_batch_completed", "lease_lost": 0, "level": "info", "published": 30, "retry_scheduled": 0, "role": "outbox_dispatcher", "timestamp": "2026-08-07T11:48:39.288686Z"}
api-1       | INFO:     172.18.0.1:56456 - "GET /api/v1/runs/c851a07e-912e-4406-872e-146369aeaee8 HTTP/1.1" 200 OK
api-1       | {"api_key_prefix": "evk_64f04950db0a", "duration_ms": 143.992, "event": "http_request_completed", "level": "info", "method": "GET", "outcome": "success", "path": "/api/v1/runs/c851a07e-912e-4406-872e-146369aeaee8", "request_id": "ab983911-08fd-4d56-b9c2-5288a1291ab5", "status_code": 200, "tenant_id": "327d2ffb-1823-49ee-aab0-022efdfc7324", "timestamp": "2026-08-07T11:48:39.345120Z", "trace_id": "1a090dc396592defb04fa0674c16381f"}
api-1       | {"claimed": 30, "event": "outbox_dispatch_batch_completed", "lease_lost": 0, "level": "info", "published": 30, "retry_scheduled": 0, "role": "outbox_dispatcher", "timestamp": "2026-08-07T11:48:39.916604Z"}
api-1       | INFO:     172.18.0.1:56456 - "GET /api/v1/runs/c851a07e-912e-4406-872e-146369aeaee8 HTTP/1.1" 200 OK
api-1       | {"api_key_prefix": "evk_64f04950db0a", "duration_ms": 100.736, "event": "http_request_completed", "level": "info", "method": "GET", "outcome": "success", "path": "/api/v1/runs/c851a07e-912e-4406-872e-146369aeaee8", "request_id": "2308bab1-82da-4921-a1eb-4ba11edd1847", "status_code": 200, "tenant_id": "327d2ffb-1823-49ee-aab0-022efdfc7324", "timestamp": "2026-08-07T11:48:39.971881Z", "trace_id": "133c65073d99f2b5c364a2b617a767b5"}
api-1       | {"claimed": 30, "event": "outbox_dispatch_batch_completed", "lease_lost": 0, "level": "info", "published": 30, "retry_scheduled": 0, "role": "outbox_dispatcher", "timestamp": "2026-08-07T11:48:40.566067Z"}
api-1       | INFO:     172.18.0.1:56456 - "GET /api/v1/runs/c851a07e-912e-4406-872e-146369aeaee8 HTTP/1.1" 200 OK
api-1       | {"api_key_prefix": "evk_64f04950db0a", "duration_ms": 99.193, "event": "http_request_completed", "level": "info", "method": "GET", "outcome": "success", "path": "/api/v1/runs/c851a07e-912e-4406-872e-146369aeaee8", "request_id": "2d210b8f-7484-47ad-9d6a-ab17cc5b2e7c", "status_code": 200, "tenant_id": "327d2ffb-1823-49ee-aab0-022efdfc7324", "timestamp": "2026-08-07T11:48:40.594558Z", "trace_id": "0bbfb73166f50cfc8334f49fc5e899bc"}
api-1       | {"event": "Context impl PostgresqlImpl.", "level": "info", "request_id": "e7bf6c6d-96fc-4b7b-8d94-0662b84e41a2", "timestamp": "2026-08-07T11:48:40.849101Z", "trace_id": "066f1ec60d6f4d590ad09f2cc95c9d00"}
api-1       | {"event": "Will assume transactional DDL.", "level": "info", "request_id": "e7bf6c6d-96fc-4b7b-8d94-0662b84e41a2", "timestamp": "2026-08-07T11:48:40.849206Z", "trace_id": "066f1ec60d6f4d590ad09f2cc95c9d00"}
api-1       | INFO:     127.0.0.1:40908 - "GET /health/ready HTTP/1.1" 200 OK
api-1       | {"duration_ms": 19.25, "event": "http_request_completed", "level": "info", "method": "GET", "outcome": "success", "path": "/health/ready", "request_id": "e7bf6c6d-96fc-4b7b-8d94-0662b84e41a2", "status_code": 200, "timestamp": "2026-08-07T11:48:40.854681Z", "trace_id": "066f1ec60d6f4d590ad09f2cc95c9d00"}
api-1       | {"claimed": 30, "event": "outbox_dispatch_batch_completed", "lease_lost": 0, "level": "info", "published": 30, "retry_scheduled": 0, "role": "outbox_dispatcher", "timestamp": "2026-08-07T11:48:41.195684Z"}
api-1       | INFO:     172.18.0.1:56456 - "GET /api/v1/runs/c851a07e-912e-4406-872e-146369aeaee8 HTTP/1.1" 200 OK
api-1       | {"api_key_prefix": "evk_64f04950db0a", "duration_ms": 148.743, "event": "http_request_completed", "level": "info", "method": "GET", "outcome": "success", "path": "/api/v1/runs/c851a07e-912e-4406-872e-146369aeaee8", "request_id": "f65fcb2f-25cc-4a9e-a9ac-bf7af8e57605", "status_code": 200, "tenant_id": "327d2ffb-1823-49ee-aab0-022efdfc7324", "timestamp": "2026-08-07T11:48:41.254741Z", "trace_id": "29f6c026a3f0399277e3ebfca47d18d4"}
api-1       | {"claimed": 30, "event": "outbox_dispatch_batch_completed", "lease_lost": 0, "level": "info", "published": 30, "retry_scheduled": 0, "role": "outbox_dispatcher", "timestamp": "2026-08-07T11:48:41.869319Z"}
api-1       | INFO:     172.18.0.1:56456 - "GET /api/v1/runs/c851a07e-912e-4406-872e-146369aeaee8 HTTP/1.1" 200 OK
api-1       | {"api_key_prefix": "evk_64f04950db0a", "duration_ms": 150.694, "event": "http_request_completed", "level": "info", "method": "GET", "outcome": "success", "path": "/api/v1/runs/c851a07e-912e-4406-872e-146369aeaee8", "request_id": "1d3d0040-2545-453c-bc64-49bbbba031c3", "status_code": 200, "tenant_id": "327d2ffb-1823-49ee-aab0-022efdfc7324", "timestamp": "2026-08-07T11:48:41.924539Z", "trace_id": "289389f92ff33ffdfe782cd5adc5c613"}
api-1       | {"claimed": 32, "event": "outbox_dispatch_batch_completed", "lease_lost": 0, "level": "info", "published": 32, "retry_scheduled": 0, "role": "outbox_dispatcher", "timestamp": "2026-08-07T11:48:42.500490Z"}
api-1       | INFO:     172.18.0.1:56456 - "GET /api/v1/runs/c851a07e-912e-4406-872e-146369aeaee8 HTTP/1.1" 200 OK
api-1       | {"api_key_prefix": "evk_64f04950db0a", "duration_ms": 173.981, "event": "http_request_completed", "level": "info", "method": "GET", "outcome": "success", "path": "/api/v1/runs/c851a07e-912e-4406-872e-146369aeaee8", "request_id": "cd21308e-5036-4d43-b204-e881720b0d09", "status_code": 200, "tenant_id": "327d2ffb-1823-49ee-aab0-022efdfc7324", "timestamp": "2026-08-07T11:48:42.615519Z", "trace_id": "6b16fd81787b857229a806d695841739"}
api-1       | {"claimed": 28, "event": "outbox_dispatch_batch_completed", "lease_lost": 0, "level": "info", "published": 28, "retry_scheduled": 0, "role": "outbox_dispatcher", "timestamp": "2026-08-07T11:48:43.162073Z"}
api-1       | INFO:     172.18.0.1:56456 - "GET /api/v1/runs/c851a07e-912e-4406-872e-146369aeaee8 HTTP/1.1" 200 OK
api-1       | {"api_key_prefix": "evk_64f04950db0a", "duration_ms": 62.17, "event": "http_request_completed", "level": "info", "method": "GET", "outcome": "success", "path": "/api/v1/runs/c851a07e-912e-4406-872e-146369aeaee8", "request_id": "71acdffa-b74a-4bad-bdd0-7959b632973c", "status_code": 200, "tenant_id": "327d2ffb-1823-49ee-aab0-022efdfc7324", "timestamp": "2026-08-07T11:48:43.180501Z", "trace_id": "992de373e21af5a37fd33da9d4e5b79e"}
api-1       | {"claimed": 30, "event": "outbox_dispatch_batch_completed", "lease_lost": 0, "level": "info", "published": 30, "retry_scheduled": 0, "role": "outbox_dispatcher", "timestamp": "2026-08-07T11:48:43.784000Z"}
api-1       | INFO:     172.18.0.1:56456 - "GET /api/v1/runs/c851a07e-912e-4406-872e-146369aeaee8 HTTP/1.1" 200 OK
api-1       | {"api_key_prefix": "evk_64f04950db0a", "duration_ms": 137.431, "event": "http_request_completed", "level": "info", "method": "GET", "outcome": "success", "path": "/api/v1/runs/c851a07e-912e-4406-872e-146369aeaee8", "request_id": "68f32f02-3462-473f-83eb-e58b7de58adb", "status_code": 200, "tenant_id": "327d2ffb-1823-49ee-aab0-022efdfc7324", "timestamp": "2026-08-07T11:48:43.838069Z", "trace_id": "7ff7300e00cb3a9365d59e880ac7dfdd"}
api-1       | {"claimed": 32, "event": "outbox_dispatch_batch_completed", "lease_lost": 0, "level": "info", "published": 32, "retry_scheduled": 0, "role": "outbox_dispatcher", "timestamp": "2026-08-07T11:48:44.473340Z"}
api-1       | INFO:     172.18.0.1:56456 - "GET /api/v1/runs/c851a07e-912e-4406-872e-146369aeaee8 HTTP/1.1" 200 OK
api-1       | {"api_key_prefix": "evk_64f04950db0a", "duration_ms": 137.608, "event": "http_request_completed", "level": "info", "method": "GET", "outcome": "success", "path": "/api/v1/runs/c851a07e-912e-4406-872e-146369aeaee8", "request_id": "a3143a44-e2e4-403a-bb8d-eafbdcd09760", "status_code": 200, "tenant_id": "327d2ffb-1823-49ee-aab0-022efdfc7324", "timestamp": "2026-08-07T11:48:44.509506Z", "trace_id": "8db4851599b89a6db5fa943562689407"}
api-1       | {"claimed": 34, "event": "outbox_dispatch_batch_completed", "lease_lost": 0, "level": "info", "published": 34, "retry_scheduled": 0, "role": "outbox_dispatcher", "timestamp": "2026-08-07T11:48:45.127035Z"}
api-1       | INFO:     172.18.0.1:56456 - "GET /api/v1/runs/c851a07e-912e-4406-872e-146369aeaee8 HTTP/1.1" 200 OK
api-1       | {"api_key_prefix": "evk_64f04950db0a", "duration_ms": 153.125, "event": "http_request_completed", "level": "info", "method": "GET", "outcome": "success", "path": "/api/v1/runs/c851a07e-912e-4406-872e-146369aeaee8", "request_id": "44a03914-c4ba-44e0-8a9b-8a66933fc048", "status_code": 200, "tenant_id": "327d2ffb-1823-49ee-aab0-022efdfc7324", "timestamp": "2026-08-07T11:48:45.167933Z", "trace_id": "9a764fe23b3fd9b429fd19345a241fdd"}
api-1       | {"claimed": 28, "event": "outbox_dispatch_batch_completed", "lease_lost": 0, "level": "info", "published": 28, "retry_scheduled": 0, "role": "outbox_dispatcher", "timestamp": "2026-08-07T11:48:45.766630Z"}
api-1       | INFO:     172.18.0.1:56456 - "GET /api/v1/runs/c851a07e-912e-4406-872e-146369aeaee8 HTTP/1.1" 200 OK
api-1       | {"api_key_prefix": "evk_64f04950db0a", "duration_ms": 146.467, "event": "http_request_completed", "level": "info", "method": "GET", "outcome": "success", "path": "/api/v1/runs/c851a07e-912e-4406-872e-146369aeaee8", "request_id": "01876b46-ec0c-454d-89b4-e292fe860863", "status_code": 200, "tenant_id": "327d2ffb-1823-49ee-aab0-022efdfc7324", "timestamp": "2026-08-07T11:48:45.824793Z", "trace_id": "781b30e7e06b5da41f0a14a5aaae7e29"}
api-1       | {"event": "Context impl PostgresqlImpl.", "level": "info", "request_id": "3ade78e3-8f61-4b64-89fa-ef1c65ba421d", "timestamp": "2026-08-07T11:48:46.156369Z", "trace_id": "4e33d53585b7fe0312e22de10dc25ca7"}
api-1       | {"event": "Will assume transactional DDL.", "level": "info", "request_id": "3ade78e3-8f61-4b64-89fa-ef1c65ba421d", "timestamp": "2026-08-07T11:48:46.156478Z", "trace_id": "4e33d53585b7fe0312e22de10dc25ca7"}
api-1       | INFO:     127.0.0.1:41892 - "GET /health/ready HTTP/1.1" 200 OK
api-1       | {"duration_ms": 22.851, "event": "http_request_completed", "level": "info", "method": "GET", "outcome": "success", "path": "/health/ready", "request_id": "3ade78e3-8f61-4b64-89fa-ef1c65ba421d", "status_code": 200, "timestamp": "2026-08-07T11:48:46.161651Z", "trace_id": "4e33d53585b7fe0312e22de10dc25ca7"}
api-1       | {"claimed": 30, "event": "outbox_dispatch_batch_completed", "lease_lost": 0, "level": "info", "published": 30, "retry_scheduled": 0, "role": "outbox_dispatcher", "timestamp": "2026-08-07T11:48:46.400153Z"}
api-1       | INFO:     172.18.0.1:56456 - "GET /api/v1/runs/c851a07e-912e-4406-872e-146369aeaee8 HTTP/1.1" 200 OK
api-1       | {"api_key_prefix": "evk_64f04950db0a", "duration_ms": 114.94, "event": "http_request_completed", "level": "info", "method": "GET", "outcome": "success", "path": "/api/v1/runs/c851a07e-912e-4406-872e-146369aeaee8", "request_id": "a07bac54-a5a2-4204-9687-7df30f53d5da", "status_code": 200, "tenant_id": "327d2ffb-1823-49ee-aab0-022efdfc7324", "timestamp": "2026-08-07T11:48:46.455418Z", "trace_id": "59e5d9a669555264a9a97518b194a6e1"}
api-1       | {"claimed": 30, "event": "outbox_dispatch_batch_completed", "lease_lost": 0, "level": "info", "published": 30, "retry_scheduled": 0, "role": "outbox_dispatcher", "timestamp": "2026-08-07T11:48:47.068202Z"}
api-1       | INFO:     172.18.0.1:56456 - "GET /api/v1/runs/c851a07e-912e-4406-872e-146369aeaee8 HTTP/1.1" 200 OK
api-1       | {"api_key_prefix": "evk_64f04950db0a", "duration_ms": 161.586, "event": "http_request_completed", "level": "info", "method": "GET", "outcome": "success", "path": "/api/v1/runs/c851a07e-912e-4406-872e-146369aeaee8", "request_id": "cecdcaf9-e326-4f8b-abd8-aedd04d14ed4", "status_code": 200, "tenant_id": "327d2ffb-1823-49ee-aab0-022efdfc7324", "timestamp": "2026-08-07T11:48:47.122927Z", "trace_id": "10bf4417ca4fe1609d7c9377fabc9a60"}
api-1       | {"claimed": 32, "event": "outbox_dispatch_batch_completed", "lease_lost": 0, "level": "info", "published": 32, "retry_scheduled": 0, "role": "outbox_dispatcher", "timestamp": "2026-08-07T11:48:47.688866Z"}
api-1       | INFO:     172.18.0.1:56456 - "GET /api/v1/runs/c851a07e-912e-4406-872e-146369aeaee8 HTTP/1.1" 200 OK
api-1       | {"api_key_prefix": "evk_64f04950db0a", "duration_ms": 93.423, "event": "http_request_completed", "level": "info", "method": "GET", "outcome": "success", "path": "/api/v1/runs/c851a07e-912e-4406-872e-146369aeaee8", "request_id": "dedef835-229e-430a-bfa7-31afc63e7f2c", "status_code": 200, "tenant_id": "327d2ffb-1823-49ee-aab0-022efdfc7324", "timestamp": "2026-08-07T11:48:47.742380Z", "trace_id": "f4ba1d7c8aee7ce70663e2950b5d2d17"}
api-1       | {"claimed": 32, "event": "outbox_dispatch_batch_completed", "lease_lost": 0, "level": "info", "published": 32, "retry_scheduled": 0, "role": "outbox_dispatcher", "timestamp": "2026-08-07T11:48:48.313596Z"}
api-1       | INFO:     172.18.0.1:56456 - "GET /api/v1/runs/c851a07e-912e-4406-872e-146369aeaee8 HTTP/1.1" 200 OK
api-1       | {"api_key_prefix": "evk_64f04950db0a", "duration_ms": 102.725, "event": "http_request_completed", "level": "info", "method": "GET", "outcome": "success", "path": "/api/v1/runs/c851a07e-912e-4406-872e-146369aeaee8", "request_id": "781be30a-8668-42fc-ab5a-dddb03a390ef", "status_code": 200, "tenant_id": "327d2ffb-1823-49ee-aab0-022efdfc7324", "timestamp": "2026-08-07T11:48:48.372500Z", "trace_id": "39d26ebf97d6fb2fef9c48b0b0fc8dc2"}
api-1       | {"claimed": 30, "event": "outbox_dispatch_batch_completed", "lease_lost": 0, "level": "info", "published": 30, "retry_scheduled": 0, "role": "outbox_dispatcher", "timestamp": "2026-08-07T11:48:48.961430Z"}
api-1       | INFO:     172.18.0.1:56456 - "GET /api/v1/runs/c851a07e-912e-4406-872e-146369aeaee8 HTTP/1.1" 200 OK
api-1       | {"api_key_prefix": "evk_64f04950db0a", "duration_ms": 122.713, "event": "http_request_completed", "level": "info", "method": "GET", "outcome": "success", "path": "/api/v1/runs/c851a07e-912e-4406-872e-146369aeaee8", "request_id": "e07ad1b7-4cd8-4d58-b675-05d63ec005fb", "status_code": 200, "tenant_id": "327d2ffb-1823-49ee-aab0-022efdfc7324", "timestamp": "2026-08-07T11:48:49.019702Z", "trace_id": "74b0c51cb1ef5bee4c81feff5efc69de"}
api-1       | {"claimed": 30, "event": "outbox_dispatch_batch_completed", "lease_lost": 0, "level": "info", "published": 30, "retry_scheduled": 0, "role": "outbox_dispatcher", "timestamp": "2026-08-07T11:48:49.582975Z"}
api-1       | INFO:     172.18.0.1:56456 - "GET /api/v1/runs/c851a07e-912e-4406-872e-146369aeaee8 HTTP/1.1" 200 OK
api-1       | {"api_key_prefix": "evk_64f04950db0a", "duration_ms": 89.371, "event": "http_request_completed", "level": "info", "method": "GET", "outcome": "success", "path": "/api/v1/runs/c851a07e-912e-4406-872e-146369aeaee8", "request_id": "bb2b5d7a-8fdc-4e63-b163-d11debc5cf29", "status_code": 200, "tenant_id": "327d2ffb-1823-49ee-aab0-022efdfc7324", "timestamp": "2026-08-07T11:48:49.632650Z", "trace_id": "6b816dbb060c3abcb100918cb5124855"}
api-1       | {"claimed": 32, "event": "outbox_dispatch_batch_completed", "lease_lost": 0, "level": "info", "published": 32, "retry_scheduled": 0, "role": "outbox_dispatcher", "timestamp": "2026-08-07T11:48:50.213523Z"}
api-1       | INFO:     172.18.0.1:56456 - "GET /api/v1/runs/c851a07e-912e-4406-872e-146369aeaee8 HTTP/1.1" 200 OK
api-1       | {"api_key_prefix": "evk_64f04950db0a", "duration_ms": 111.163, "event": "http_request_completed", "level": "info", "method": "GET", "outcome": "success", "path": "/api/v1/runs/c851a07e-912e-4406-872e-146369aeaee8", "request_id": "d5f0ce20-864b-4a0f-a9c3-3864c2614322", "status_code": 200, "tenant_id": "327d2ffb-1823-49ee-aab0-022efdfc7324", "timestamp": "2026-08-07T11:48:50.268331Z", "trace_id": "059820a39c1ab03e678cc13134aadf06"}
api-1       | {"claimed": 30, "event": "outbox_dispatch_batch_completed", "lease_lost": 0, "level": "info", "published": 30, "retry_scheduled": 0, "role": "outbox_dispatcher", "timestamp": "2026-08-07T11:48:50.834571Z"}
api-1       | INFO:     172.18.0.1:56456 - "GET /api/v1/runs/c851a07e-912e-4406-872e-146369aeaee8 HTTP/1.1" 200 OK
api-1       | {"api_key_prefix": "evk_64f04950db0a", "duration_ms": 94.339, "event": "http_request_completed", "level": "info", "method": "GET", "outcome": "success", "path": "/api/v1/runs/c851a07e-912e-4406-872e-146369aeaee8", "request_id": "f00f96b5-e2f4-4715-ad03-8bc3ec47135a", "status_code": 200, "tenant_id": "327d2ffb-1823-49ee-aab0-022efdfc7324", "timestamp": "2026-08-07T11:48:50.887289Z", "trace_id": "53d64912df7888db89e3bdc423b5bc67"}
api-1       | {"event": "Context impl PostgresqlImpl.", "level": "info", "request_id": "fee55b19-8e53-445e-b97d-066ac7471aaf", "timestamp": "2026-08-07T11:48:51.585095Z", "trace_id": "7f4e6f2052b0bf23f625083f759aa710"}
api-1       | {"event": "Will assume transactional DDL.", "level": "info", "request_id": "fee55b19-8e53-445e-b97d-066ac7471aaf", "timestamp": "2026-08-07T11:48:51.585275Z", "trace_id": "7f4e6f2052b0bf23f625083f759aa710"}
api-1       | {"claimed": 31, "event": "outbox_dispatch_batch_completed", "lease_lost": 0, "level": "info", "published": 31, "retry_scheduled": 0, "role": "outbox_dispatcher", "timestamp": "2026-08-07T11:48:51.588266Z"}
api-1       | INFO:     127.0.0.1:41906 - "GET /health/ready HTTP/1.1" 200 OK
api-1       | {"duration_ms": 39.99, "event": "http_request_completed", "level": "info", "method": "GET", "outcome": "success", "path": "/health/ready", "request_id": "fee55b19-8e53-445e-b97d-066ac7471aaf", "status_code": 200, "timestamp": "2026-08-07T11:48:51.598884Z", "trace_id": "7f4e6f2052b0bf23f625083f759aa710"}
api-1       | INFO:     172.18.0.1:56456 - "GET /api/v1/runs/c851a07e-912e-4406-872e-146369aeaee8 HTTP/1.1" 200 OK
api-1       | {"api_key_prefix": "evk_64f04950db0a", "duration_ms": 235.694, "event": "http_request_completed", "level": "info", "method": "GET", "outcome": "success", "path": "/api/v1/runs/c851a07e-912e-4406-872e-146369aeaee8", "request_id": "709f50a6-9739-4c16-a9dc-7e81e595fac1", "status_code": 200, "tenant_id": "327d2ffb-1823-49ee-aab0-022efdfc7324", "timestamp": "2026-08-07T11:48:51.667063Z", "trace_id": "75d26840ba3645e970c39d45efeb4903"}
api-1       | {"claimed": 37, "event": "outbox_dispatch_batch_completed", "lease_lost": 0, "level": "info", "published": 37, "retry_scheduled": 0, "role": "outbox_dispatcher", "timestamp": "2026-08-07T11:48:52.264501Z"}
api-1       | INFO:     172.18.0.1:56456 - "GET /api/v1/runs/c851a07e-912e-4406-872e-146369aeaee8 HTTP/1.1" 200 OK
api-1       | {"api_key_prefix": "evk_64f04950db0a", "duration_ms": 105.479, "event": "http_request_completed", "level": "info", "method": "GET", "outcome": "success", "path": "/api/v1/runs/c851a07e-912e-4406-872e-146369aeaee8", "request_id": "ae30fc0c-ef42-49c1-8ad9-c518afe563cb", "status_code": 200, "tenant_id": "327d2ffb-1823-49ee-aab0-022efdfc7324", "timestamp": "2026-08-07T11:48:52.300594Z", "trace_id": "e0cb83a86c6d1ec9676949dcaee28944"}
api-1       | {"claimed": 32, "event": "outbox_dispatch_batch_completed", "lease_lost": 0, "level": "info", "published": 32, "retry_scheduled": 0, "role": "outbox_dispatcher", "timestamp": "2026-08-07T11:48:52.890365Z"}
api-1       | INFO:     172.18.0.1:56456 - "GET /api/v1/runs/c851a07e-912e-4406-872e-146369aeaee8 HTTP/1.1" 200 OK
api-1       | {"api_key_prefix": "evk_64f04950db0a", "duration_ms": 138.01, "event": "http_request_completed", "level": "info", "method": "GET", "outcome": "success", "path": "/api/v1/runs/c851a07e-912e-4406-872e-146369aeaee8", "request_id": "256af1fa-1f18-4457-b116-22384d887ddc", "status_code": 200, "tenant_id": "327d2ffb-1823-49ee-aab0-022efdfc7324", "timestamp": "2026-08-07T11:48:52.942879Z", "trace_id": "d31ac6cdac71541241412077a3df82fd"}
api-1       | {"claimed": 30, "event": "outbox_dispatch_batch_completed", "lease_lost": 0, "level": "info", "published": 30, "retry_scheduled": 0, "role": "outbox_dispatcher", "timestamp": "2026-08-07T11:48:53.520180Z"}
api-1       | INFO:     172.18.0.1:56456 - "GET /api/v1/runs/c851a07e-912e-4406-872e-146369aeaee8 HTTP/1.1" 200 OK
api-1       | {"api_key_prefix": "evk_64f04950db0a", "duration_ms": 114.735, "event": "http_request_completed", "level": "info", "method": "GET", "outcome": "success", "path": "/api/v1/runs/c851a07e-912e-4406-872e-146369aeaee8", "request_id": "23700411-2aba-4b21-bf9d-38ee9b904aaf", "status_code": 200, "tenant_id": "327d2ffb-1823-49ee-aab0-022efdfc7324", "timestamp": "2026-08-07T11:48:53.574626Z", "trace_id": "5fe62bbb006a3f4fe0e7d838156e3a67"}
api-1       | {"claimed": 16, "event": "outbox_dispatch_batch_completed", "lease_lost": 0, "level": "info", "published": 16, "retry_scheduled": 0, "role": "outbox_dispatcher", "timestamp": "2026-08-07T11:48:54.113941Z"}
api-1       | INFO:     172.18.0.1:56456 - "GET /api/v1/runs/c851a07e-912e-4406-872e-146369aeaee8 HTTP/1.1" 200 OK
api-1       | {"api_key_prefix": "evk_64f04950db0a", "duration_ms": 82.354, "event": "http_request_completed", "level": "info", "method": "GET", "outcome": "success", "path": "/api/v1/runs/c851a07e-912e-4406-872e-146369aeaee8", "request_id": "cec0e1f6-f64f-4f8d-a0b1-c466a511ad3d", "status_code": 200, "tenant_id": "327d2ffb-1823-49ee-aab0-022efdfc7324", "timestamp": "2026-08-07T11:48:54.166599Z", "trace_id": "7329323153c9cdd8dae41a723db939a6"}
api-1       | INFO:     172.18.0.1:56456 - "GET /api/v1/runs/c851a07e-912e-4406-872e-146369aeaee8/cases?limit=200&sort=case_id HTTP/1.1" 200 OK
api-1       | {"api_key_prefix": "evk_64f04950db0a", "duration_ms": 133.339, "event": "http_request_completed", "level": "info", "method": "GET", "outcome": "success", "path": "/api/v1/runs/c851a07e-912e-4406-872e-146369aeaee8/cases", "request_id": "5e333516-4ae2-4114-87ac-1000de399efb", "status_code": 200, "tenant_id": "327d2ffb-1823-49ee-aab0-022efdfc7324", "timestamp": "2026-08-07T11:48:54.302339Z", "trace_id": "8d3ceea3c79c58c7d6a8c87ec170a6cd"}
api-1       | INFO:     172.18.0.1:56456 - "GET /api/v1/runs/c851a07e-912e-4406-872e-146369aeaee8/cases?limit=200&sort=case_id&cursor=eyJkaXJlY3Rpb24iOiJhc2MiLCJlcnJvcl9jb2RlIjpudWxsLCJqb2JfaWQiOiIzNDUyZjNkMi0yMGRlLTQwNjQtYTljOC1hM2QwODg1NGY1MzQiLCJtZXRyaWMiOm51bGwsInNvcnQiOiJjYXNlX2lkIiwic3RhdHVzIjpudWxsLCJ2IjoxLCJ2YWx1ZSI6ImxvYWQtMDE5OSJ9 HTTP/1.1" 200 OK
api-1       | {"api_key_prefix": "evk_64f04950db0a", "duration_ms": 62.946, "event": "http_request_completed", "level": "info", "method": "GET", "outcome": "success", "path": "/api/v1/runs/c851a07e-912e-4406-872e-146369aeaee8/cases", "request_id": "9e57f38a-4dd8-4e3e-856c-bc5d46080678", "status_code": 200, "tenant_id": "327d2ffb-1823-49ee-aab0-022efdfc7324", "timestamp": "2026-08-07T11:48:54.367883Z", "trace_id": "20829dc5a6e93a72ba92152309e8487c"}
api-1       | INFO:     172.18.0.1:56456 - "GET /api/v1/runs/c851a07e-912e-4406-872e-146369aeaee8/cases?limit=200&sort=case_id&cursor=eyJkaXJlY3Rpb24iOiJhc2MiLCJlcnJvcl9jb2RlIjpudWxsLCJqb2JfaWQiOiJmMzU2ZDAxMi01MWNmLTRmZWUtODQ5NC01MGFjOTc2Yzc1ZWEiLCJtZXRyaWMiOm51bGwsInNvcnQiOiJjYXNlX2lkIiwic3RhdHVzIjpudWxsLCJ2IjoxLCJ2YWx1ZSI6ImxvYWQtMDM5OSJ9 HTTP/1.1" 200 OK
api-1       | {"api_key_prefix": "evk_64f04950db0a", "duration_ms": 61.821, "event": "http_request_completed", "level": "info", "method": "GET", "outcome": "success", "path": "/api/v1/runs/c851a07e-912e-4406-872e-146369aeaee8/cases", "request_id": "8b448375-f723-451d-bbaa-efcafca49e81", "status_code": 200, "tenant_id": "327d2ffb-1823-49ee-aab0-022efdfc7324", "timestamp": "2026-08-07T11:48:54.432124Z", "trace_id": "38b2fd2b1e9dd4712ae2ca0a882cfbf9"}
api-1       | INFO:     127.0.0.1:44444 - "GET /metrics HTTP/1.1" 200 OK
api-1       | {"duration_ms": 13.122, "event": "http_request_completed", "level": "info", "method": "GET", "outcome": "success", "path": "/metrics", "request_id": "f5e2f523-2a7d-4b91-8ec5-d126b2fdb168", "status_code": 200, "timestamp": "2026-08-07T11:48:54.799479Z", "trace_id": "9687903bd414c2c0d6da6628c9703fa6"}
api-1       | {"event": "Context impl PostgresqlImpl.", "level": "info", "request_id": "33235cd4-6ecc-47e1-9dd2-ca19217009b9", "timestamp": "2026-08-07T11:48:56.909968Z", "trace_id": "6329cd65f43e83d6bbc7e8505e3ee1ee"}
api-1       | {"event": "Will assume transactional DDL.", "level": "info", "request_id": "33235cd4-6ecc-47e1-9dd2-ca19217009b9", "timestamp": "2026-08-07T11:48:56.910113Z", "trace_id": "6329cd65f43e83d6bbc7e8505e3ee1ee"}
api-1       | INFO:     127.0.0.1:44452 - "GET /health/ready HTTP/1.1" 200 OK
api-1       | {"duration_ms": 23.3, "event": "http_request_completed", "level": "info", "method": "GET", "outcome": "success", "path": "/health/ready", "request_id": "33235cd4-6ecc-47e1-9dd2-ca19217009b9", "status_code": 200, "timestamp": "2026-08-07T11:48:56.917496Z", "trace_id": "6329cd65f43e83d6bbc7e8505e3ee1ee"}
api-1       | INFO:     172.18.0.1:56456 - "POST /api/v1/runs HTTP/1.1" 202 Accepted
api-1       | {"api_key_prefix": "evk_64f04950db0a", "duration_ms": 76.458, "event": "http_request_completed", "level": "info", "method": "POST", "outcome": "success", "path": "/api/v1/runs", "request_id": "314099de-9188-40b7-bb48-02a75de15d19", "status_code": 202, "tenant_id": "327d2ffb-1823-49ee-aab0-022efdfc7324", "timestamp": "2026-08-07T11:48:59.408870Z", "trace_id": "54a0252db81cdc49314a2ac14bfb525c"}
api-1       | INFO:     172.18.0.1:56456 - "GET /api/v1/runs/4adc5fbc-1ec3-4ba0-883f-cecc9cfc4137 HTTP/1.1" 200 OK
api-1       | {"api_key_prefix": "evk_64f04950db0a", "duration_ms": 55.649, "event": "http_request_completed", "level": "info", "method": "GET", "outcome": "success", "path": "/api/v1/runs/4adc5fbc-1ec3-4ba0-883f-cecc9cfc4137", "request_id": "3b071db0-75a4-4c5c-9021-b73c25f1857e", "status_code": 200, "tenant_id": "327d2ffb-1823-49ee-aab0-022efdfc7324", "timestamp": "2026-08-07T11:48:59.466479Z", "trace_id": "75030286c9bd26b5f20c2f0221d9a6e5"}
api-1       | INFO:     172.18.0.1:56456 - "GET /api/v1/runs/4adc5fbc-1ec3-4ba0-883f-cecc9cfc4137 HTTP/1.1" 200 OK
api-1       | {"api_key_prefix": "evk_64f04950db0a", "duration_ms": 55.894, "event": "http_request_completed", "level": "info", "method": "GET", "outcome": "success", "path": "/api/v1/runs/4adc5fbc-1ec3-4ba0-883f-cecc9cfc4137", "request_id": "c11864e6-059c-460d-b81c-ba7c84e75acb", "status_code": 200, "tenant_id": "327d2ffb-1823-49ee-aab0-022efdfc7324", "timestamp": "2026-08-07T11:49:00.025191Z", "trace_id": "cc117bd30b034ae836e777cc05cdda96"}
api-1       | {"claimed": 18, "event": "outbox_dispatch_batch_completed", "lease_lost": 0, "level": "info", "published": 18, "retry_scheduled": 0, "role": "outbox_dispatcher", "timestamp": "2026-08-07T11:49:00.290687Z"}
api-1       | INFO:     172.18.0.1:56456 - "GET /api/v1/runs/4adc5fbc-1ec3-4ba0-883f-cecc9cfc4137 HTTP/1.1" 200 OK
api-1       | {"api_key_prefix": "evk_64f04950db0a", "duration_ms": 56.026, "event": "http_request_completed", "level": "info", "method": "GET", "outcome": "success", "path": "/api/v1/runs/4adc5fbc-1ec3-4ba0-883f-cecc9cfc4137", "request_id": "09de2248-98ef-4c9d-be62-7ee5323ef687", "status_code": 200, "tenant_id": "327d2ffb-1823-49ee-aab0-022efdfc7324", "timestamp": "2026-08-07T11:49:00.584032Z", "trace_id": "7b6183fe8265ee0fecb4e6ff61b5feee"}
api-1       | {"claimed": 43, "event": "outbox_dispatch_batch_completed", "lease_lost": 0, "level": "info", "published": 43, "retry_scheduled": 0, "role": "outbox_dispatcher", "timestamp": "2026-08-07T11:49:00.969889Z"}
api-1       | INFO:     172.18.0.1:56456 - "GET /api/v1/runs/4adc5fbc-1ec3-4ba0-883f-cecc9cfc4137 HTTP/1.1" 200 OK
api-1       | {"api_key_prefix": "evk_64f04950db0a", "duration_ms": 62.94, "event": "http_request_completed", "level": "info", "method": "GET", "outcome": "success", "path": "/api/v1/runs/4adc5fbc-1ec3-4ba0-883f-cecc9cfc4137", "request_id": "274021af-ee60-45a5-ad2a-381cbe743214", "status_code": 200, "tenant_id": "327d2ffb-1823-49ee-aab0-022efdfc7324", "timestamp": "2026-08-07T11:49:01.149690Z", "trace_id": "8c1218d54bf65a9ef5672aa5da0b7c09"}
api-1       | {"claimed": 41, "event": "outbox_dispatch_batch_completed", "lease_lost": 0, "level": "info", "published": 41, "retry_scheduled": 0, "role": "outbox_dispatcher", "timestamp": "2026-08-07T11:49:01.596236Z"}
api-1       | INFO:     172.18.0.1:56456 - "GET /api/v1/runs/4adc5fbc-1ec3-4ba0-883f-cecc9cfc4137 HTTP/1.1" 200 OK
api-1       | {"api_key_prefix": "evk_64f04950db0a", "duration_ms": 54.74, "event": "http_request_completed", "level": "info", "method": "GET", "outcome": "success", "path": "/api/v1/runs/4adc5fbc-1ec3-4ba0-883f-cecc9cfc4137", "request_id": "78f95965-6ed8-45f3-8a65-3a61ad83d2cf", "status_code": 200, "tenant_id": "327d2ffb-1823-49ee-aab0-022efdfc7324", "timestamp": "2026-08-07T11:49:01.706930Z", "trace_id": "23eb6a0870b28d29b6b93627182a1250"}
api-1       | INFO:     172.18.0.1:56456 - "GET /api/v1/runs/4adc5fbc-1ec3-4ba0-883f-cecc9cfc4137/cases?limit=200&sort=case_id HTTP/1.1" 200 OK
api-1       | {"api_key_prefix": "evk_64f04950db0a", "duration_ms": 59.276, "event": "http_request_completed", "level": "info", "method": "GET", "outcome": "success", "path": "/api/v1/runs/4adc5fbc-1ec3-4ba0-883f-cecc9cfc4137/cases", "request_id": "db5138df-f81b-4f17-8453-fa13ab3a84f6", "status_code": 200, "tenant_id": "327d2ffb-1823-49ee-aab0-022efdfc7324", "timestamp": "2026-08-07T11:49:01.767808Z", "trace_id": "4a3f2997b3401869dee45a42a6f8cc2e"}
api-1       | INFO:     127.0.0.1:59710 - "GET /metrics HTTP/1.1" 200 OK
api-1       | {"duration_ms": 16.196, "event": "http_request_completed", "level": "info", "method": "GET", "outcome": "success", "path": "/metrics", "request_id": "51622081-b4cc-436f-adec-a2d464d7e220", "status_code": 200, "timestamp": "2026-08-07T11:49:02.351740Z", "trace_id": "74c5c91bd70d7cbf74df019cce091407"}
api-1       | {"event": "Context impl PostgresqlImpl.", "level": "info", "request_id": "0d53e95e-256a-4b49-92c9-fd21f38bc2c7", "timestamp": "2026-08-07T11:49:02.467450Z", "trace_id": "42841736a61bf34fb6dfc8b17b40d161"}
api-1       | {"event": "Will assume transactional DDL.", "level": "info", "request_id": "0d53e95e-256a-4b49-92c9-fd21f38bc2c7", "timestamp": "2026-08-07T11:49:02.467556Z", "trace_id": "42841736a61bf34fb6dfc8b17b40d161"}
api-1       | INFO:     127.0.0.1:59716 - "GET /health/ready HTTP/1.1" 200 OK
api-1       | {"duration_ms": 18.639, "event": "http_request_completed", "level": "info", "method": "GET", "outcome": "success", "path": "/health/ready", "request_id": "0d53e95e-256a-4b49-92c9-fd21f38bc2c7", "status_code": 200, "timestamp": "2026-08-07T11:49:02.472181Z", "trace_id": "42841736a61bf34fb6dfc8b17b40d161"}
api-1       | INFO:     172.18.0.1:56456 - "POST /api/v1/runs HTTP/1.1" 202 Accepted
api-1       | {"api_key_prefix": "evk_64f04950db0a", "duration_ms": 251.117, "event": "http_request_completed", "level": "info", "method": "POST", "outcome": "success", "path": "/api/v1/runs", "request_id": "a4c5978e-bf89-4fe5-9229-2a629c0de64b", "status_code": 202, "tenant_id": "327d2ffb-1823-49ee-aab0-022efdfc7324", "timestamp": "2026-08-07T11:49:03.558865Z", "trace_id": "5b51c4c822265c505c8e99a130633b2b"}
api-1       | INFO:     172.18.0.1:56456 - "GET /api/v1/runs/56f76a7f-f7c9-4712-96cd-a89d07931c6e HTTP/1.1" 200 OK
api-1       | {"api_key_prefix": "evk_64f04950db0a", "duration_ms": 52.547, "event": "http_request_completed", "level": "info", "method": "GET", "outcome": "success", "path": "/api/v1/runs/56f76a7f-f7c9-4712-96cd-a89d07931c6e", "request_id": "bdfe8659-ed76-478c-a52b-fd2e57444b21", "status_code": 200, "tenant_id": "327d2ffb-1823-49ee-aab0-022efdfc7324", "timestamp": "2026-08-07T11:49:03.613103Z", "trace_id": "9247f12f234aeb45699e8b0196950932"}
api-1       | {"claimed": 38, "event": "outbox_dispatch_batch_completed", "lease_lost": 0, "level": "info", "published": 38, "retry_scheduled": 0, "role": "outbox_dispatcher", "timestamp": "2026-08-07T11:49:04.325699Z"}
api-1       | INFO:     172.18.0.1:56456 - "GET /api/v1/runs/56f76a7f-f7c9-4712-96cd-a89d07931c6e HTTP/1.1" 200 OK
api-1       | {"api_key_prefix": "evk_64f04950db0a", "duration_ms": 255.118, "event": "http_request_completed", "level": "info", "method": "GET", "outcome": "success", "path": "/api/v1/runs/56f76a7f-f7c9-4712-96cd-a89d07931c6e", "request_id": "7d42d5b8-409b-4485-9fba-eef2cdb26557", "status_code": 200, "tenant_id": "327d2ffb-1823-49ee-aab0-022efdfc7324", "timestamp": "2026-08-07T11:49:04.370297Z", "trace_id": "db961322c755203017787469c1a27959"}
api-1       | {"claimed": 47, "event": "outbox_dispatch_batch_completed", "lease_lost": 0, "level": "info", "published": 47, "retry_scheduled": 0, "role": "outbox_dispatcher", "timestamp": "2026-08-07T11:49:04.992144Z"}
api-1       | INFO:     172.18.0.1:56456 - "GET /api/v1/runs/56f76a7f-f7c9-4712-96cd-a89d07931c6e HTTP/1.1" 200 OK
api-1       | {"api_key_prefix": "evk_64f04950db0a", "duration_ms": 170.301, "event": "http_request_completed", "level": "info", "method": "GET", "outcome": "success", "path": "/api/v1/runs/56f76a7f-f7c9-4712-96cd-a89d07931c6e", "request_id": "8ddc3c4c-fa36-42ca-81ae-d3eade14cb6d", "status_code": 200, "tenant_id": "327d2ffb-1823-49ee-aab0-022efdfc7324", "timestamp": "2026-08-07T11:49:05.049499Z", "trace_id": "957c69aa9ec8f9246dae24854d47275f"}
api-1       | {"claimed": 50, "event": "outbox_dispatch_batch_completed", "lease_lost": 0, "level": "info", "published": 50, "retry_scheduled": 0, "role": "outbox_dispatcher", "timestamp": "2026-08-07T11:49:05.682853Z"}
api-1       | INFO:     172.18.0.1:56456 - "GET /api/v1/runs/56f76a7f-f7c9-4712-96cd-a89d07931c6e HTTP/1.1" 200 OK
api-1       | {"api_key_prefix": "evk_64f04950db0a", "duration_ms": 176.14, "event": "http_request_completed", "level": "info", "method": "GET", "outcome": "success", "path": "/api/v1/runs/56f76a7f-f7c9-4712-96cd-a89d07931c6e", "request_id": "8ea630de-ddde-4799-bdbe-9b67fdb1f18e", "status_code": 200, "tenant_id": "327d2ffb-1823-49ee-aab0-022efdfc7324", "timestamp": "2026-08-07T11:49:05.740631Z", "trace_id": "d7ecb0e4fd1a6b06cd04bb91b2854efe"}
api-1       | {"claimed": 50, "event": "outbox_dispatch_batch_completed", "lease_lost": 0, "level": "info", "published": 50, "retry_scheduled": 0, "role": "outbox_dispatcher", "timestamp": "2026-08-07T11:49:06.364856Z"}
api-1       | INFO:     172.18.0.1:56456 - "GET /api/v1/runs/56f76a7f-f7c9-4712-96cd-a89d07931c6e HTTP/1.1" 200 OK
api-1       | {"api_key_prefix": "evk_64f04950db0a", "duration_ms": 160.893, "event": "http_request_completed", "level": "info", "method": "GET", "outcome": "success", "path": "/api/v1/runs/56f76a7f-f7c9-4712-96cd-a89d07931c6e", "request_id": "375ac960-5935-48bc-8ae4-6b5a6f9747c0", "status_code": 200, "tenant_id": "327d2ffb-1823-49ee-aab0-022efdfc7324", "timestamp": "2026-08-07T11:49:06.427930Z", "trace_id": "cace11c3a18652e5fbf835847e7c2ff2"}
api-1       | {"claimed": 50, "event": "outbox_dispatch_batch_completed", "lease_lost": 0, "level": "info", "published": 50, "retry_scheduled": 0, "role": "outbox_dispatcher", "timestamp": "2026-08-07T11:49:07.068881Z"}
api-1       | INFO:     172.18.0.1:56456 - "GET /api/v1/runs/56f76a7f-f7c9-4712-96cd-a89d07931c6e HTTP/1.1" 200 OK
api-1       | {"api_key_prefix": "evk_64f04950db0a", "duration_ms": 164.47, "event": "http_request_completed", "level": "info", "method": "GET", "outcome": "success", "path": "/api/v1/runs/56f76a7f-f7c9-4712-96cd-a89d07931c6e", "request_id": "91b89b2f-afbb-42f7-900c-2b76525555bb", "status_code": 200, "tenant_id": "327d2ffb-1823-49ee-aab0-022efdfc7324", "timestamp": "2026-08-07T11:49:07.098701Z", "trace_id": "e1bf3b19bb577612ac5c3fdc69ddd9eb"}
api-1       | {"claimed": 50, "event": "outbox_dispatch_batch_completed", "lease_lost": 0, "level": "info", "published": 50, "retry_scheduled": 0, "role": "outbox_dispatcher", "timestamp": "2026-08-07T11:49:07.872933Z"}
api-1       | INFO:     172.18.0.1:56456 - "GET /api/v1/runs/56f76a7f-f7c9-4712-96cd-a89d07931c6e HTTP/1.1" 200 OK
api-1       | {"api_key_prefix": "evk_64f04950db0a", "duration_ms": 325.388, "event": "http_request_completed", "level": "info", "method": "GET", "outcome": "success", "path": "/api/v1/runs/56f76a7f-f7c9-4712-96cd-a89d07931c6e", "request_id": "a4e5205a-7695-4188-8664-2ab033740d51", "status_code": 200, "tenant_id": "327d2ffb-1823-49ee-aab0-022efdfc7324", "timestamp": "2026-08-07T11:49:07.978509Z", "trace_id": "787f3ca5f72a46e3e52ef2180f0b27b0"}
api-1       | {"event": "Context impl PostgresqlImpl.", "level": "info", "request_id": "5fb89758-475b-4273-bf9f-981e4129ede9", "timestamp": "2026-08-07T11:49:08.031425Z", "trace_id": "c4f5ff2d06ec42c82464e054fd402489"}
api-1       | {"event": "Will assume transactional DDL.", "level": "info", "request_id": "5fb89758-475b-4273-bf9f-981e4129ede9", "timestamp": "2026-08-07T11:49:08.031537Z", "trace_id": "c4f5ff2d06ec42c82464e054fd402489"}
api-1       | INFO:     127.0.0.1:59748 - "GET /health/ready HTTP/1.1" 200 OK
api-1       | {"duration_ms": 63.039, "event": "http_request_completed", "level": "info", "method": "GET", "outcome": "success", "path": "/health/ready", "request_id": "5fb89758-475b-4273-bf9f-981e4129ede9", "status_code": 200, "timestamp": "2026-08-07T11:49:08.037408Z", "trace_id": "c4f5ff2d06ec42c82464e054fd402489"}
api-1       | {"claimed": 50, "event": "outbox_dispatch_batch_completed", "lease_lost": 0, "level": "info", "published": 50, "retry_scheduled": 0, "role": "outbox_dispatcher", "timestamp": "2026-08-07T11:49:08.564329Z"}
api-1       | INFO:     172.18.0.1:56456 - "GET /api/v1/runs/56f76a7f-f7c9-4712-96cd-a89d07931c6e HTTP/1.1" 200 OK
api-1       | {"api_key_prefix": "evk_64f04950db0a", "duration_ms": 137.011, "event": "http_request_completed", "level": "info", "method": "GET", "outcome": "success", "path": "/api/v1/runs/56f76a7f-f7c9-4712-96cd-a89d07931c6e", "request_id": "2b9f4c0c-83ed-4282-b455-750512b8b615", "status_code": 200, "tenant_id": "327d2ffb-1823-49ee-aab0-022efdfc7324", "timestamp": "2026-08-07T11:49:08.625216Z", "trace_id": "0172ced23a7014f67d9cd100144bc1d7"}
api-1       | {"claimed": 50, "event": "outbox_dispatch_batch_completed", "lease_lost": 0, "level": "info", "published": 50, "retry_scheduled": 0, "role": "outbox_dispatcher", "timestamp": "2026-08-07T11:49:09.406533Z"}
api-1       | INFO:     172.18.0.1:56456 - "GET /api/v1/runs/56f76a7f-f7c9-4712-96cd-a89d07931c6e HTTP/1.1" 200 OK
api-1       | {"api_key_prefix": "evk_64f04950db0a", "duration_ms": 281.045, "event": "http_request_completed", "level": "info", "method": "GET", "outcome": "success", "path": "/api/v1/runs/56f76a7f-f7c9-4712-96cd-a89d07931c6e", "request_id": "a5e2c44c-35f3-4ef8-91d9-f2e419b00dc9", "status_code": 200, "tenant_id": "327d2ffb-1823-49ee-aab0-022efdfc7324", "timestamp": "2026-08-07T11:49:09.469723Z", "trace_id": "fc15f0cf1c8da1de21594d2b3ac00137"}
api-1       | {"claimed": 50, "event": "outbox_dispatch_batch_completed", "lease_lost": 0, "level": "info", "published": 50, "retry_scheduled": 0, "role": "outbox_dispatcher", "timestamp": "2026-08-07T11:49:10.097668Z"}
api-1       | INFO:     172.18.0.1:56456 - "GET /api/v1/runs/56f76a7f-f7c9-4712-96cd-a89d07931c6e HTTP/1.1" 200 OK
api-1       | {"api_key_prefix": "evk_64f04950db0a", "duration_ms": 180.834, "event": "http_request_completed", "level": "info", "method": "GET", "outcome": "success", "path": "/api/v1/runs/56f76a7f-f7c9-4712-96cd-a89d07931c6e", "request_id": "aa4c8bf6-0d04-45d2-b821-6f93488d9570", "status_code": 200, "tenant_id": "327d2ffb-1823-49ee-aab0-022efdfc7324", "timestamp": "2026-08-07T11:49:10.156585Z", "trace_id": "0353e8724f5814eb986dac24adf92245"}
api-1       | {"claimed": 50, "event": "outbox_dispatch_batch_completed", "lease_lost": 0, "level": "info", "published": 50, "retry_scheduled": 0, "role": "outbox_dispatcher", "timestamp": "2026-08-07T11:49:10.799962Z"}
api-1       | INFO:     172.18.0.1:56456 - "GET /api/v1/runs/56f76a7f-f7c9-4712-96cd-a89d07931c6e HTTP/1.1" 200 OK
api-1       | {"api_key_prefix": "evk_64f04950db0a", "duration_ms": 195.795, "event": "http_request_completed", "level": "info", "method": "GET", "outcome": "success", "path": "/api/v1/runs/56f76a7f-f7c9-4712-96cd-a89d07931c6e", "request_id": "7d8f54f4-83c6-4ffa-8695-30b5c300e46d", "status_code": 200, "tenant_id": "327d2ffb-1823-49ee-aab0-022efdfc7324", "timestamp": "2026-08-07T11:49:10.859000Z", "trace_id": "d47c83b8ebab538d7044dc5975d51d56"}
api-1       | {"claimed": 50, "event": "outbox_dispatch_batch_completed", "lease_lost": 0, "level": "info", "published": 50, "retry_scheduled": 0, "role": "outbox_dispatcher", "timestamp": "2026-08-07T11:49:11.496005Z"}
api-1       | INFO:     172.18.0.1:56456 - "GET /api/v1/runs/56f76a7f-f7c9-4712-96cd-a89d07931c6e HTTP/1.1" 200 OK
api-1       | {"api_key_prefix": "evk_64f04950db0a", "duration_ms": 200.577, "event": "http_request_completed", "level": "info", "method": "GET", "outcome": "success", "path": "/api/v1/runs/56f76a7f-f7c9-4712-96cd-a89d07931c6e", "request_id": "5813e7ff-431c-4fa8-835c-d6cde72f341f", "status_code": 200, "tenant_id": "327d2ffb-1823-49ee-aab0-022efdfc7324", "timestamp": "2026-08-07T11:49:11.564044Z", "trace_id": "5cbb64dd74342e90f35df5e7bd8ed942"}
api-1       | {"claimed": 50, "event": "outbox_dispatch_batch_completed", "lease_lost": 0, "level": "info", "published": 50, "retry_scheduled": 0, "role": "outbox_dispatcher", "timestamp": "2026-08-07T11:49:12.174237Z"}
api-1       | INFO:     172.18.0.1:56456 - "GET /api/v1/runs/56f76a7f-f7c9-4712-96cd-a89d07931c6e HTTP/1.1" 200 OK
api-1       | {"api_key_prefix": "evk_64f04950db0a", "duration_ms": 147.077, "event": "http_request_completed", "level": "info", "method": "GET", "outcome": "success", "path": "/api/v1/runs/56f76a7f-f7c9-4712-96cd-a89d07931c6e", "request_id": "0be07960-49fd-4c11-9fa3-73b73d1e6f1f", "status_code": 200, "tenant_id": "327d2ffb-1823-49ee-aab0-022efdfc7324", "timestamp": "2026-08-07T11:49:12.230699Z", "trace_id": "e117d8992b618d3f63d1d988503f4cf8"}
api-1       | {"claimed": 50, "event": "outbox_dispatch_batch_completed", "lease_lost": 0, "level": "info", "published": 50, "retry_scheduled": 0, "role": "outbox_dispatcher", "timestamp": "2026-08-07T11:49:12.888928Z"}
api-1       | INFO:     172.18.0.1:56456 - "GET /api/v1/runs/56f76a7f-f7c9-4712-96cd-a89d07931c6e HTTP/1.1" 200 OK
api-1       | {"api_key_prefix": "evk_64f04950db0a", "duration_ms": 206.847, "event": "http_request_completed", "level": "info", "method": "GET", "outcome": "success", "path": "/api/v1/runs/56f76a7f-f7c9-4712-96cd-a89d07931c6e", "request_id": "7fa218a6-9827-488d-b5a5-b0d1d61e870e", "status_code": 200, "tenant_id": "327d2ffb-1823-49ee-aab0-022efdfc7324", "timestamp": "2026-08-07T11:49:12.950774Z", "trace_id": "44d3624498798c293d7210a3f2fcbcf6"}
api-1       | {"event": "Context impl PostgresqlImpl.", "level": "info", "request_id": "18d073d6-3623-480f-abd1-976c56f66266", "timestamp": "2026-08-07T11:49:13.358660Z", "trace_id": "ca59616928b5d115236ddfb39a7f66f2"}
api-1       | {"event": "Will assume transactional DDL.", "level": "info", "request_id": "18d073d6-3623-480f-abd1-976c56f66266", "timestamp": "2026-08-07T11:49:13.358830Z", "trace_id": "ca59616928b5d115236ddfb39a7f66f2"}
api-1       | INFO:     127.0.0.1:44622 - "GET /health/ready HTTP/1.1" 200 OK
api-1       | {"duration_ms": 25.393, "event": "http_request_completed", "level": "info", "method": "GET", "outcome": "success", "path": "/health/ready", "request_id": "18d073d6-3623-480f-abd1-976c56f66266", "status_code": 200, "timestamp": "2026-08-07T11:49:13.364908Z", "trace_id": "ca59616928b5d115236ddfb39a7f66f2"}
api-1       | {"claimed": 50, "event": "outbox_dispatch_batch_completed", "lease_lost": 0, "level": "info", "published": 50, "retry_scheduled": 0, "role": "outbox_dispatcher", "timestamp": "2026-08-07T11:49:13.575114Z"}
api-1       | INFO:     172.18.0.1:56456 - "GET /api/v1/runs/56f76a7f-f7c9-4712-96cd-a89d07931c6e HTTP/1.1" 200 OK
api-1       | {"api_key_prefix": "evk_64f04950db0a", "duration_ms": 155.802, "event": "http_request_completed", "level": "info", "method": "GET", "outcome": "success", "path": "/api/v1/runs/56f76a7f-f7c9-4712-96cd-a89d07931c6e", "request_id": "c1844ae9-1a1d-43bf-89dd-7a6973102a6d", "status_code": 200, "tenant_id": "327d2ffb-1823-49ee-aab0-022efdfc7324", "timestamp": "2026-08-07T11:49:13.632017Z", "trace_id": "9c13150bfc401d6cd9880d3fb400cc66"}
api-1       | {"claimed": 50, "event": "outbox_dispatch_batch_completed", "lease_lost": 0, "level": "info", "published": 50, "retry_scheduled": 0, "role": "outbox_dispatcher", "timestamp": "2026-08-07T11:49:14.277642Z"}
api-1       | INFO:     172.18.0.1:56456 - "GET /api/v1/runs/56f76a7f-f7c9-4712-96cd-a89d07931c6e HTTP/1.1" 200 OK
api-1       | {"api_key_prefix": "evk_64f04950db0a", "duration_ms": 182.22, "event": "http_request_completed", "level": "info", "method": "GET", "outcome": "success", "path": "/api/v1/runs/56f76a7f-f7c9-4712-96cd-a89d07931c6e", "request_id": "84e4806f-992c-458b-903d-06291ed3634f", "status_code": 200, "tenant_id": "327d2ffb-1823-49ee-aab0-022efdfc7324", "timestamp": "2026-08-07T11:49:14.331794Z", "trace_id": "7fe4321f18c8b80dcf04999f8cef8220"}
api-1       | {"claimed": 50, "event": "outbox_dispatch_batch_completed", "lease_lost": 0, "level": "info", "published": 50, "retry_scheduled": 0, "role": "outbox_dispatcher", "timestamp": "2026-08-07T11:49:14.972803Z"}
api-1       | INFO:     172.18.0.1:56456 - "GET /api/v1/runs/56f76a7f-f7c9-4712-96cd-a89d07931c6e HTTP/1.1" 200 OK
api-1       | {"api_key_prefix": "evk_64f04950db0a", "duration_ms": 192.39, "event": "http_request_completed", "level": "info", "method": "GET", "outcome": "success", "path": "/api/v1/runs/56f76a7f-f7c9-4712-96cd-a89d07931c6e", "request_id": "54e51ea7-207e-49e1-9610-11496695d373", "status_code": 200, "tenant_id": "327d2ffb-1823-49ee-aab0-022efdfc7324", "timestamp": "2026-08-07T11:49:15.032807Z", "trace_id": "3763cab86d311e2fb80cb9684b79572c"}
api-1       | {"claimed": 50, "event": "outbox_dispatch_batch_completed", "lease_lost": 0, "level": "info", "published": 50, "retry_scheduled": 0, "role": "outbox_dispatcher", "timestamp": "2026-08-07T11:49:15.679226Z"}
api-1       | INFO:     172.18.0.1:56456 - "GET /api/v1/runs/56f76a7f-f7c9-4712-96cd-a89d07931c6e HTTP/1.1" 200 OK
api-1       | {"api_key_prefix": "evk_64f04950db0a", "duration_ms": 186.507, "event": "http_request_completed", "level": "info", "method": "GET", "outcome": "success", "path": "/api/v1/runs/56f76a7f-f7c9-4712-96cd-a89d07931c6e", "request_id": "7a658e52-f5f2-43c0-8e93-4d56831c2447", "status_code": 200, "tenant_id": "327d2ffb-1823-49ee-aab0-022efdfc7324", "timestamp": "2026-08-07T11:49:15.728861Z", "trace_id": "009659a7367b5b170955547f40151e69"}
api-1       | INFO:     172.18.0.1:56456 - "GET /api/v1/runs/56f76a7f-f7c9-4712-96cd-a89d07931c6e/cases?limit=200&sort=case_id HTTP/1.1" 200 OK
api-1       | {"api_key_prefix": "evk_64f04950db0a", "duration_ms": 66.896, "event": "http_request_completed", "level": "info", "method": "GET", "outcome": "success", "path": "/api/v1/runs/56f76a7f-f7c9-4712-96cd-a89d07931c6e/cases", "request_id": "6ca49d39-2b49-469e-a295-2505c1dcff99", "status_code": 200, "tenant_id": "327d2ffb-1823-49ee-aab0-022efdfc7324", "timestamp": "2026-08-07T11:49:15.797365Z", "trace_id": "907ccd0ff8c05292c8fbc8066028565f"}
api-1       | INFO:     172.18.0.1:56456 - "GET /api/v1/runs/56f76a7f-f7c9-4712-96cd-a89d07931c6e/cases?limit=200&sort=case_id&cursor=eyJkaXJlY3Rpb24iOiJhc2MiLCJlcnJvcl9jb2RlIjpudWxsLCJqb2JfaWQiOiJjODUxYmVlMS1jZGY3LTQ3NGUtODk0MC01MDZmMmM2ZTEyNzEiLCJtZXRyaWMiOm51bGwsInNvcnQiOiJjYXNlX2lkIiwic3RhdHVzIjpudWxsLCJ2IjoxLCJ2YWx1ZSI6ImxvYWQtMDE5OSJ9 HTTP/1.1" 200 OK
api-1       | {"api_key_prefix": "evk_64f04950db0a", "duration_ms": 67.747, "event": "http_request_completed", "level": "info", "method": "GET", "outcome": "success", "path": "/api/v1/runs/56f76a7f-f7c9-4712-96cd-a89d07931c6e/cases", "request_id": "3419f565-3ac8-424f-bc2a-6699fcccbc6a", "status_code": 200, "tenant_id": "327d2ffb-1823-49ee-aab0-022efdfc7324", "timestamp": "2026-08-07T11:49:15.867589Z", "trace_id": "04920ad427a28ba6c077d615d2cbe1e9"}
api-1       | INFO:     172.18.0.1:56456 - "GET /api/v1/runs/56f76a7f-f7c9-4712-96cd-a89d07931c6e/cases?limit=200&sort=case_id&cursor=eyJkaXJlY3Rpb24iOiJhc2MiLCJlcnJvcl9jb2RlIjpudWxsLCJqb2JfaWQiOiI4NGZlNWIzMi1lNjIyLTRmODItOTJjNi0yZjYzYTU2NmVhZGYiLCJtZXRyaWMiOm51bGwsInNvcnQiOiJjYXNlX2lkIiwic3RhdHVzIjpudWxsLCJ2IjoxLCJ2YWx1ZSI6ImxvYWQtMDM5OSJ9 HTTP/1.1" 200 OK
api-1       | {"api_key_prefix": "evk_64f04950db0a", "duration_ms": 60.858, "event": "http_request_completed", "level": "info", "method": "GET", "outcome": "success", "path": "/api/v1/runs/56f76a7f-f7c9-4712-96cd-a89d07931c6e/cases", "request_id": "731ce6ee-4218-482a-958a-6000172e4ea3", "status_code": 200, "tenant_id": "327d2ffb-1823-49ee-aab0-022efdfc7324", "timestamp": "2026-08-07T11:49:15.930584Z", "trace_id": "ead3d07295d00293843c80af2bfa02fe"}
api-1       | {"claimed": 50, "event": "outbox_dispatch_batch_completed", "lease_lost": 0, "level": "info", "published": 50, "retry_scheduled": 0, "role": "outbox_dispatcher", "timestamp": "2026-08-07T11:49:16.467402Z"}
api-1       | INFO:     127.0.0.1:44640 - "GET /metrics HTTP/1.1" 200 OK
api-1       | {"duration_ms": 42.7, "event": "http_request_completed", "level": "info", "method": "GET", "outcome": "success", "path": "/metrics", "request_id": "088292af-c649-4f08-9358-4f7daa1723d3", "status_code": 200, "timestamp": "2026-08-07T11:49:16.481992Z", "trace_id": "de35eaa8bb29a4e8eea41eba7640e477"}
api-1       | {"claimed": 50, "event": "outbox_dispatch_batch_completed", "lease_lost": 0, "level": "info", "published": 50, "retry_scheduled": 0, "role": "outbox_dispatcher", "timestamp": "2026-08-07T11:49:17.161684Z"}
api-1       | {"claimed": 50, "event": "outbox_dispatch_batch_completed", "lease_lost": 0, "level": "info", "published": 50, "retry_scheduled": 0, "role": "outbox_dispatcher", "timestamp": "2026-08-07T11:49:17.805805Z"}
api-1       | {"claimed": 17, "event": "outbox_dispatch_batch_completed", "lease_lost": 0, "level": "info", "published": 17, "retry_scheduled": 0, "role": "outbox_dispatcher", "timestamp": "2026-08-07T11:49:18.425910Z"}
api-1       | {"event": "Context impl PostgresqlImpl.", "level": "info", "request_id": "622e30c2-4f63-4f49-95e0-c42af0be1f73", "timestamp": "2026-08-07T11:49:18.669667Z", "trace_id": "e04ff21a4a2dca3f87fcfec415a2b91b"}
api-1       | {"event": "Will assume transactional DDL.", "level": "info", "request_id": "622e30c2-4f63-4f49-95e0-c42af0be1f73", "timestamp": "2026-08-07T11:49:18.669770Z", "trace_id": "e04ff21a4a2dca3f87fcfec415a2b91b"}
api-1       | INFO:     127.0.0.1:44648 - "GET /health/ready HTTP/1.1" 200 OK
api-1       | {"duration_ms": 19.883, "event": "http_request_completed", "level": "info", "method": "GET", "outcome": "success", "path": "/health/ready", "request_id": "622e30c2-4f63-4f49-95e0-c42af0be1f73", "status_code": 200, "timestamp": "2026-08-07T11:49:18.675802Z", "trace_id": "e04ff21a4a2dca3f87fcfec415a2b91b"}
api-1       | INFO:     172.18.0.1:56456 - "POST /api/v1/runs HTTP/1.1" 202 Accepted
api-1       | {"api_key_prefix": "evk_64f04950db0a", "duration_ms": 121.741, "event": "http_request_completed", "level": "info", "method": "POST", "outcome": "success", "path": "/api/v1/runs", "request_id": "29fb39bd-3bc7-4ff5-8770-baacfa280e2f", "status_code": 202, "tenant_id": "327d2ffb-1823-49ee-aab0-022efdfc7324", "timestamp": "2026-08-07T11:49:20.193208Z", "trace_id": "9fd1fb60994ebd4415e52502d25ce5a2"}
api-1       | INFO:     172.18.0.1:56456 - "GET /api/v1/runs/c5dc688b-6311-4441-ab3d-002cb8e7d022 HTTP/1.1" 200 OK
api-1       | {"api_key_prefix": "evk_64f04950db0a", "duration_ms": 66.896, "event": "http_request_completed", "level": "info", "method": "GET", "outcome": "success", "path": "/api/v1/runs/c5dc688b-6311-4441-ab3d-002cb8e7d022", "request_id": "51acd451-22d9-4118-b17d-72c707415871", "status_code": 200, "tenant_id": "327d2ffb-1823-49ee-aab0-022efdfc7324", "timestamp": "2026-08-07T11:49:20.261142Z", "trace_id": "7786cc7b79a610bd8806c9b1c54f0eb8"}
api-1       | {"claimed": 2, "event": "outbox_dispatch_batch_completed", "lease_lost": 0, "level": "info", "published": 2, "retry_scheduled": 0, "role": "outbox_dispatcher", "timestamp": "2026-08-07T11:49:20.461194Z"}
api-1       | INFO:     172.18.0.1:56456 - "GET /api/v1/runs/c5dc688b-6311-4441-ab3d-002cb8e7d022 HTTP/1.1" 200 OK
api-1       | {"api_key_prefix": "evk_64f04950db0a", "duration_ms": 77.779, "event": "http_request_completed", "level": "info", "method": "GET", "outcome": "success", "path": "/api/v1/runs/c5dc688b-6311-4441-ab3d-002cb8e7d022", "request_id": "7427338d-b1c2-4109-8d28-5abf06ae40d6", "status_code": 200, "tenant_id": "327d2ffb-1823-49ee-aab0-022efdfc7324", "timestamp": "2026-08-07T11:49:20.840631Z", "trace_id": "8c95c094988e5aa67bd2602b3165404e"}
api-1       | {"claimed": 46, "event": "outbox_dispatch_batch_completed", "lease_lost": 0, "level": "info", "published": 46, "retry_scheduled": 0, "role": "outbox_dispatcher", "timestamp": "2026-08-07T11:49:21.210708Z"}
api-1       | INFO:     172.18.0.1:56456 - "GET /api/v1/runs/c5dc688b-6311-4441-ab3d-002cb8e7d022 HTTP/1.1" 200 OK
api-1       | {"api_key_prefix": "evk_64f04950db0a", "duration_ms": 64.08, "event": "http_request_completed", "level": "info", "method": "GET", "outcome": "success", "path": "/api/v1/runs/c5dc688b-6311-4441-ab3d-002cb8e7d022", "request_id": "98e4a8f8-5183-44f4-8c35-a5394db67818", "status_code": 200, "tenant_id": "327d2ffb-1823-49ee-aab0-022efdfc7324", "timestamp": "2026-08-07T11:49:21.408125Z", "trace_id": "d2dc2e88644c8a8740095f00efd69f1f"}
api-1       | {"claimed": 50, "event": "outbox_dispatch_batch_completed", "lease_lost": 0, "level": "info", "published": 50, "retry_scheduled": 0, "role": "outbox_dispatcher", "timestamp": "2026-08-07T11:49:21.901776Z"}
api-1       | INFO:     172.18.0.1:56456 - "GET /api/v1/runs/c5dc688b-6311-4441-ab3d-002cb8e7d022 HTTP/1.1" 200 OK
api-1       | {"api_key_prefix": "evk_64f04950db0a", "duration_ms": 54.222, "event": "http_request_completed", "level": "info", "method": "GET", "outcome": "success", "path": "/api/v1/runs/c5dc688b-6311-4441-ab3d-002cb8e7d022", "request_id": "c1173a48-bf72-4c94-ba0d-7eed44c975cf", "status_code": 200, "tenant_id": "327d2ffb-1823-49ee-aab0-022efdfc7324", "timestamp": "2026-08-07T11:49:21.964449Z", "trace_id": "9f623f723b3c1e6bd6105ebf0a536c95"}
api-1       | INFO:     172.18.0.1:56456 - "GET /api/v1/runs/c5dc688b-6311-4441-ab3d-002cb8e7d022/cases?limit=200&sort=case_id HTTP/1.1" 200 OK
api-1       | {"api_key_prefix": "evk_64f04950db0a", "duration_ms": 57.948, "event": "http_request_completed", "level": "info", "method": "GET", "outcome": "success", "path": "/api/v1/runs/c5dc688b-6311-4441-ab3d-002cb8e7d022/cases", "request_id": "cb1b234a-b923-41b1-8fa2-d919870d7496", "status_code": 200, "tenant_id": "327d2ffb-1823-49ee-aab0-022efdfc7324", "timestamp": "2026-08-07T11:49:22.023928Z", "trace_id": "6443286a2680bfd6ca68e6199d543c1d"}
api-1       | INFO:     127.0.0.1:52280 - "GET /metrics HTTP/1.1" 200 OK
api-1       | {"duration_ms": 21.999, "event": "http_request_completed", "level": "info", "method": "GET", "outcome": "success", "path": "/metrics", "request_id": "fe694acd-8105-4b22-b204-40f112c26639", "status_code": 200, "timestamp": "2026-08-07T11:49:22.417434Z", "trace_id": "066e5fccc8e75ab00eef78e0611e8127"}
api-1       | {"claimed": 4, "event": "outbox_dispatch_batch_completed", "lease_lost": 0, "level": "info", "published": 4, "retry_scheduled": 0, "role": "outbox_dispatcher", "timestamp": "2026-08-07T11:49:22.420179Z"}
api-1       | {"event": "Context impl PostgresqlImpl.", "level": "info", "request_id": "a7749965-60ba-49fe-a10d-2de933005de8", "timestamp": "2026-08-07T11:49:24.074538Z", "trace_id": "820dcf756b6834651d08dddcc2a0846d"}
api-1       | {"event": "Will assume transactional DDL.", "level": "info", "request_id": "a7749965-60ba-49fe-a10d-2de933005de8", "timestamp": "2026-08-07T11:49:24.074659Z", "trace_id": "820dcf756b6834651d08dddcc2a0846d"}
api-1       | INFO:     127.0.0.1:52300 - "GET /health/ready HTTP/1.1" 200 OK
api-1       | {"duration_ms": 20.918, "event": "http_request_completed", "level": "info", "method": "GET", "outcome": "success", "path": "/health/ready", "request_id": "a7749965-60ba-49fe-a10d-2de933005de8", "status_code": 200, "timestamp": "2026-08-07T11:49:24.081418Z", "trace_id": "820dcf756b6834651d08dddcc2a0846d"}
api-1       | INFO:     172.18.0.1:56456 - "POST /api/v1/runs HTTP/1.1" 202 Accepted
api-1       | {"api_key_prefix": "evk_64f04950db0a", "duration_ms": 298.457, "event": "http_request_completed", "level": "info", "method": "POST", "outcome": "success", "path": "/api/v1/runs", "request_id": "53af2191-80f0-43bb-8b6f-e6529433a135", "status_code": 202, "tenant_id": "327d2ffb-1823-49ee-aab0-022efdfc7324", "timestamp": "2026-08-07T11:49:24.133705Z", "trace_id": "9bcd28cd1d755d53afcf1fba7c40fb43"}
api-1       | INFO:     172.18.0.1:56456 - "GET /api/v1/runs/5ff69a15-6f2b-43de-80aa-643eba87faba HTTP/1.1" 200 OK
api-1       | {"api_key_prefix": "evk_64f04950db0a", "duration_ms": 49.619, "event": "http_request_completed", "level": "info", "method": "GET", "outcome": "success", "path": "/api/v1/runs/5ff69a15-6f2b-43de-80aa-643eba87faba", "request_id": "a38be662-a294-44ed-b497-523912d25834", "status_code": 200, "tenant_id": "327d2ffb-1823-49ee-aab0-022efdfc7324", "timestamp": "2026-08-07T11:49:24.184872Z", "trace_id": "af7c8039f54df20b76973e7bf459cd9b"}
api-1       | INFO:     172.18.0.1:56456 - "GET /api/v1/runs/5ff69a15-6f2b-43de-80aa-643eba87faba HTTP/1.1" 200 OK
api-1       | {"api_key_prefix": "evk_64f04950db0a", "duration_ms": 60.616, "event": "http_request_completed", "level": "info", "method": "GET", "outcome": "success", "path": "/api/v1/runs/5ff69a15-6f2b-43de-80aa-643eba87faba", "request_id": "7c5443f7-859c-4a9d-abff-b7517d69e3a9", "status_code": 200, "tenant_id": "327d2ffb-1823-49ee-aab0-022efdfc7324", "timestamp": "2026-08-07T11:49:24.747929Z", "trace_id": "1f8cc17f7441f189007cd27a2ba3cc70"}
api-1       | {"claimed": 50, "event": "outbox_dispatch_batch_completed", "lease_lost": 0, "level": "info", "published": 50, "retry_scheduled": 0, "role": "outbox_dispatcher", "timestamp": "2026-08-07T11:49:25.236780Z"}
api-1       | INFO:     172.18.0.1:56456 - "GET /api/v1/runs/5ff69a15-6f2b-43de-80aa-643eba87faba HTTP/1.1" 200 OK
api-1       | {"api_key_prefix": "evk_64f04950db0a", "duration_ms": 73.688, "event": "http_request_completed", "level": "info", "method": "GET", "outcome": "success", "path": "/api/v1/runs/5ff69a15-6f2b-43de-80aa-643eba87faba", "request_id": "1ce505eb-6910-47ac-9696-dd668a66c960", "status_code": 200, "tenant_id": "327d2ffb-1823-49ee-aab0-022efdfc7324", "timestamp": "2026-08-07T11:49:25.324130Z", "trace_id": "c6b84b637606dd89b8c1be03d99af6ae"}
api-1       | {"claimed": 50, "event": "outbox_dispatch_batch_completed", "lease_lost": 0, "level": "info", "published": 50, "retry_scheduled": 0, "role": "outbox_dispatcher", "timestamp": "2026-08-07T11:49:25.979122Z"}
api-1       | INFO:     172.18.0.1:56456 - "GET /api/v1/runs/5ff69a15-6f2b-43de-80aa-643eba87faba HTTP/1.1" 200 OK
api-1       | {"api_key_prefix": "evk_64f04950db0a", "duration_ms": 200.354, "event": "http_request_completed", "level": "info", "method": "GET", "outcome": "success", "path": "/api/v1/runs/5ff69a15-6f2b-43de-80aa-643eba87faba", "request_id": "2e12f3f3-0351-497a-a0a4-a1ee51a315cd", "status_code": 200, "tenant_id": "327d2ffb-1823-49ee-aab0-022efdfc7324", "timestamp": "2026-08-07T11:49:26.051249Z", "trace_id": "3c1d1388a95cfd51f13d0b11a123b336"}
api-1       | {"claimed": 50, "event": "outbox_dispatch_batch_completed", "lease_lost": 0, "level": "info", "published": 50, "retry_scheduled": 0, "role": "outbox_dispatcher", "timestamp": "2026-08-07T11:49:26.767419Z"}
api-1       | INFO:     172.18.0.1:56456 - "GET /api/v1/runs/5ff69a15-6f2b-43de-80aa-643eba87faba HTTP/1.1" 200 OK
api-1       | {"api_key_prefix": "evk_64f04950db0a", "duration_ms": 231.463, "event": "http_request_completed", "level": "info", "method": "GET", "outcome": "success", "path": "/api/v1/runs/5ff69a15-6f2b-43de-80aa-643eba87faba", "request_id": "8711b58d-95f8-4b72-8e18-401a5c5a0c5e", "status_code": 200, "tenant_id": "327d2ffb-1823-49ee-aab0-022efdfc7324", "timestamp": "2026-08-07T11:49:26.838131Z", "trace_id": "2fe1d315fe076fa931122819d7853577"}
api-1       | {"claimed": 50, "event": "outbox_dispatch_batch_completed", "lease_lost": 0, "level": "info", "published": 50, "retry_scheduled": 0, "role": "outbox_dispatcher", "timestamp": "2026-08-07T11:49:27.486202Z"}
api-1       | INFO:     172.18.0.1:56456 - "GET /api/v1/runs/5ff69a15-6f2b-43de-80aa-643eba87faba HTTP/1.1" 200 OK
api-1       | {"api_key_prefix": "evk_64f04950db0a", "duration_ms": 230.951, "event": "http_request_completed", "level": "info", "method": "GET", "outcome": "success", "path": "/api/v1/runs/5ff69a15-6f2b-43de-80aa-643eba87faba", "request_id": "c46a9350-0dab-49d7-9f17-03573decdb13", "status_code": 200, "tenant_id": "327d2ffb-1823-49ee-aab0-022efdfc7324", "timestamp": "2026-08-07T11:49:27.578533Z", "trace_id": "e187539be2bb2e5b522f6c6d721612a7"}
api-1       | {"claimed": 50, "event": "outbox_dispatch_batch_completed", "lease_lost": 0, "level": "info", "published": 50, "retry_scheduled": 0, "role": "outbox_dispatcher", "timestamp": "2026-08-07T11:49:28.203101Z"}
api-1       | INFO:     172.18.0.1:56456 - "GET /api/v1/runs/5ff69a15-6f2b-43de-80aa-643eba87faba HTTP/1.1" 200 OK
api-1       | {"api_key_prefix": "evk_64f04950db0a", "duration_ms": 163.931, "event": "http_request_completed", "level": "info", "method": "GET", "outcome": "success", "path": "/api/v1/runs/5ff69a15-6f2b-43de-80aa-643eba87faba", "request_id": "d297473e-7b92-4406-8a93-1a5d18806cfd", "status_code": 200, "tenant_id": "327d2ffb-1823-49ee-aab0-022efdfc7324", "timestamp": "2026-08-07T11:49:28.272990Z", "trace_id": "0373e022a9f402a6ee3e032996a7fb6c"}
api-1       | {"claimed": 50, "event": "outbox_dispatch_batch_completed", "lease_lost": 0, "level": "info", "published": 50, "retry_scheduled": 0, "role": "outbox_dispatcher", "timestamp": "2026-08-07T11:49:28.935749Z"}
api-1       | INFO:     172.18.0.1:56456 - "GET /api/v1/runs/5ff69a15-6f2b-43de-80aa-643eba87faba HTTP/1.1" 200 OK
api-1       | {"api_key_prefix": "evk_64f04950db0a", "duration_ms": 197.553, "event": "http_request_completed", "level": "info", "method": "GET", "outcome": "success", "path": "/api/v1/runs/5ff69a15-6f2b-43de-80aa-643eba87faba", "request_id": "920510cd-5284-49fb-9477-aa3c6075f711", "status_code": 200, "tenant_id": "327d2ffb-1823-49ee-aab0-022efdfc7324", "timestamp": "2026-08-07T11:49:28.976097Z", "trace_id": "e9b98f62bc4a83f817a35618f22e1551"}
api-1       | {"event": "Context impl PostgresqlImpl.", "level": "info", "request_id": "eeda268d-9477-4b3c-9fad-5fb275901e7d", "timestamp": "2026-08-07T11:49:29.427863Z", "trace_id": "61019411412eb5082f41bdc2a6d95bfa"}
api-1       | {"event": "Will assume transactional DDL.", "level": "info", "request_id": "eeda268d-9477-4b3c-9fad-5fb275901e7d", "timestamp": "2026-08-07T11:49:29.427980Z", "trace_id": "61019411412eb5082f41bdc2a6d95bfa"}
api-1       | INFO:     127.0.0.1:52344 - "GET /health/ready HTTP/1.1" 200 OK
api-1       | {"duration_ms": 23.517, "event": "http_request_completed", "level": "info", "method": "GET", "outcome": "success", "path": "/health/ready", "request_id": "eeda268d-9477-4b3c-9fad-5fb275901e7d", "status_code": 200, "timestamp": "2026-08-07T11:49:29.437456Z", "trace_id": "61019411412eb5082f41bdc2a6d95bfa"}
api-1       | {"claimed": 50, "event": "outbox_dispatch_batch_completed", "lease_lost": 0, "level": "info", "published": 50, "retry_scheduled": 0, "role": "outbox_dispatcher", "timestamp": "2026-08-07T11:49:29.670369Z"}
api-1       | INFO:     172.18.0.1:56456 - "GET /api/v1/runs/5ff69a15-6f2b-43de-80aa-643eba87faba HTTP/1.1" 200 OK
api-1       | {"api_key_prefix": "evk_64f04950db0a", "duration_ms": 185.368, "event": "http_request_completed", "level": "info", "method": "GET", "outcome": "success", "path": "/api/v1/runs/5ff69a15-6f2b-43de-80aa-643eba87faba", "request_id": "4ab6bbd8-6caa-4cfb-82e4-716346cc2548", "status_code": 200, "tenant_id": "327d2ffb-1823-49ee-aab0-022efdfc7324", "timestamp": "2026-08-07T11:49:29.695405Z", "trace_id": "dfa50b70c924a611713908526f9b682a"}
api-1       | {"claimed": 50, "event": "outbox_dispatch_batch_completed", "lease_lost": 0, "level": "info", "published": 50, "retry_scheduled": 0, "role": "outbox_dispatcher", "timestamp": "2026-08-07T11:49:30.394945Z"}
api-1       | INFO:     172.18.0.1:56456 - "GET /api/v1/runs/5ff69a15-6f2b-43de-80aa-643eba87faba HTTP/1.1" 200 OK
api-1       | {"api_key_prefix": "evk_64f04950db0a", "duration_ms": 264.934, "event": "http_request_completed", "level": "info", "method": "GET", "outcome": "success", "path": "/api/v1/runs/5ff69a15-6f2b-43de-80aa-643eba87faba", "request_id": "dbbad2e7-4161-4f46-83fa-ca5b41833d31", "status_code": 200, "tenant_id": "327d2ffb-1823-49ee-aab0-022efdfc7324", "timestamp": "2026-08-07T11:49:30.484092Z", "trace_id": "b6ae58774fc3c0e577f0928f7173f28c"}
api-1       | {"claimed": 50, "event": "outbox_dispatch_batch_completed", "lease_lost": 0, "level": "info", "published": 50, "retry_scheduled": 0, "role": "outbox_dispatcher", "timestamp": "2026-08-07T11:49:31.112923Z"}
api-1       | INFO:     172.18.0.1:56456 - "GET /api/v1/runs/5ff69a15-6f2b-43de-80aa-643eba87faba HTTP/1.1" 200 OK
api-1       | {"api_key_prefix": "evk_64f04950db0a", "duration_ms": 158.719, "event": "http_request_completed", "level": "info", "method": "GET", "outcome": "success", "path": "/api/v1/runs/5ff69a15-6f2b-43de-80aa-643eba87faba", "request_id": "be3318c1-ff1f-46f0-be19-e71ee2eb532f", "status_code": 200, "tenant_id": "327d2ffb-1823-49ee-aab0-022efdfc7324", "timestamp": "2026-08-07T11:49:31.165849Z", "trace_id": "936d73c403c647d5320cf63ce5974075"}
api-1       | {"claimed": 50, "event": "outbox_dispatch_batch_completed", "lease_lost": 0, "level": "info", "published": 50, "retry_scheduled": 0, "role": "outbox_dispatcher", "timestamp": "2026-08-07T11:49:31.780576Z"}
api-1       | INFO:     172.18.0.1:56456 - "GET /api/v1/runs/5ff69a15-6f2b-43de-80aa-643eba87faba HTTP/1.1" 200 OK
api-1       | {"api_key_prefix": "evk_64f04950db0a", "duration_ms": 140.844, "event": "http_request_completed", "level": "info", "method": "GET", "outcome": "success", "path": "/api/v1/runs/5ff69a15-6f2b-43de-80aa-643eba87faba", "request_id": "239a0f81-0d57-41bb-a3e7-3cf1f3dce10d", "status_code": 200, "tenant_id": "327d2ffb-1823-49ee-aab0-022efdfc7324", "timestamp": "2026-08-07T11:49:31.830523Z", "trace_id": "8723e134ea8049421bc80611db4f57e5"}
api-1       | INFO:     172.18.0.1:56456 - "GET /api/v1/runs/5ff69a15-6f2b-43de-80aa-643eba87faba/cases?limit=200&sort=case_id HTTP/1.1" 200 OK
api-1       | {"api_key_prefix": "evk_64f04950db0a", "duration_ms": 67.768, "event": "http_request_completed", "level": "info", "method": "GET", "outcome": "success", "path": "/api/v1/runs/5ff69a15-6f2b-43de-80aa-643eba87faba/cases", "request_id": "63ea3100-ae40-40f0-80c8-1a52e1ecca94", "status_code": 200, "tenant_id": "327d2ffb-1823-49ee-aab0-022efdfc7324", "timestamp": "2026-08-07T11:49:31.899875Z", "trace_id": "a55ddbc18e882d11f6a1b8252e1c23f1"}
api-1       | INFO:     172.18.0.1:56456 - "GET /api/v1/runs/5ff69a15-6f2b-43de-80aa-643eba87faba/cases?limit=200&sort=case_id&cursor=eyJkaXJlY3Rpb24iOiJhc2MiLCJlcnJvcl9jb2RlIjpudWxsLCJqb2JfaWQiOiI3MTM1OGMwZi1mYzI0LTQ1YzYtOTEwOC01MzkyY2E5MzI2NDEiLCJtZXRyaWMiOm51bGwsInNvcnQiOiJjYXNlX2lkIiwic3RhdHVzIjpudWxsLCJ2IjoxLCJ2YWx1ZSI6ImxvYWQtMDE5OSJ9 HTTP/1.1" 200 OK
api-1       | {"api_key_prefix": "evk_64f04950db0a", "duration_ms": 111.923, "event": "http_request_completed", "level": "info", "method": "GET", "outcome": "success", "path": "/api/v1/runs/5ff69a15-6f2b-43de-80aa-643eba87faba/cases", "request_id": "9d9dbd9f-c4ca-4d36-ac29-4022acf9e6e2", "status_code": 200, "tenant_id": "327d2ffb-1823-49ee-aab0-022efdfc7324", "timestamp": "2026-08-07T11:49:32.014169Z", "trace_id": "3b01c964582330a632aa7682805c8c2a"}
api-1       | INFO:     172.18.0.1:56456 - "GET /api/v1/runs/5ff69a15-6f2b-43de-80aa-643eba87faba/cases?limit=200&sort=case_id&cursor=eyJkaXJlY3Rpb24iOiJhc2MiLCJlcnJvcl9jb2RlIjpudWxsLCJqb2JfaWQiOiJmNmU3N2Y4My04Y2NlLTRhOGQtODU1NS05NzU2NGI2Y2ZlOGMiLCJtZXRyaWMiOm51bGwsInNvcnQiOiJjYXNlX2lkIiwic3RhdHVzIjpudWxsLCJ2IjoxLCJ2YWx1ZSI6ImxvYWQtMDM5OSJ9 HTTP/1.1" 200 OK
api-1       | {"api_key_prefix": "evk_64f04950db0a", "duration_ms": 59.739, "event": "http_request_completed", "level": "info", "method": "GET", "outcome": "success", "path": "/api/v1/runs/5ff69a15-6f2b-43de-80aa-643eba87faba/cases", "request_id": "9a319ca2-cd25-4ea8-ab1a-a1a5187ce73c", "status_code": 200, "tenant_id": "327d2ffb-1823-49ee-aab0-022efdfc7324", "timestamp": "2026-08-07T11:49:32.076360Z", "trace_id": "b636541c44d153069028f8a8880d82af"}
api-1       | {"claimed": 50, "event": "outbox_dispatch_batch_completed", "lease_lost": 0, "level": "info", "published": 50, "retry_scheduled": 0, "role": "outbox_dispatcher", "timestamp": "2026-08-07T11:49:32.567030Z"}
api-1       | INFO:     127.0.0.1:42224 - "GET /metrics HTTP/1.1" 200 OK
api-1       | {"duration_ms": 14.079, "event": "http_request_completed", "level": "info", "method": "GET", "outcome": "success", "path": "/metrics", "request_id": "e11f651b-d65c-4f34-a9a9-d0f9b3933fe0", "status_code": 200, "timestamp": "2026-08-07T11:49:32.590550Z", "trace_id": "75e40ef978d409d6ff1be2d4cfc18850"}
api-1       | {"claimed": 50, "event": "outbox_dispatch_batch_completed", "lease_lost": 0, "level": "info", "published": 50, "retry_scheduled": 0, "role": "outbox_dispatcher", "timestamp": "2026-08-07T11:49:33.238401Z"}
api-1       | {"claimed": 50, "event": "outbox_dispatch_batch_completed", "lease_lost": 0, "level": "info", "published": 50, "retry_scheduled": 0, "role": "outbox_dispatcher", "timestamp": "2026-08-07T11:49:33.919853Z"}
api-1       | {"claimed": 50, "event": "outbox_dispatch_batch_completed", "lease_lost": 0, "level": "info", "published": 50, "retry_scheduled": 0, "role": "outbox_dispatcher", "timestamp": "2026-08-07T11:49:34.785030Z"}
api-1       | {"event": "Context impl PostgresqlImpl.", "level": "info", "request_id": "edc0e7b6-2ba3-4e74-ae6a-aa81a91b420d", "timestamp": "2026-08-07T11:49:34.969967Z", "trace_id": "06c573ee3d60c2d4bfd99809345e195b"}
api-1       | {"event": "Will assume transactional DDL.", "level": "info", "request_id": "edc0e7b6-2ba3-4e74-ae6a-aa81a91b420d", "timestamp": "2026-08-07T11:49:34.970099Z", "trace_id": "06c573ee3d60c2d4bfd99809345e195b"}
api-1       | INFO:     127.0.0.1:42250 - "GET /health/ready HTTP/1.1" 200 OK
api-1       | {"duration_ms": 20.549, "event": "http_request_completed", "level": "info", "method": "GET", "outcome": "success", "path": "/health/ready", "request_id": "edc0e7b6-2ba3-4e74-ae6a-aa81a91b420d", "status_code": 200, "timestamp": "2026-08-07T11:49:34.975971Z", "trace_id": "06c573ee3d60c2d4bfd99809345e195b"}
api-1       | {"claimed": 50, "event": "outbox_dispatch_batch_completed", "lease_lost": 0, "level": "info", "published": 50, "retry_scheduled": 0, "role": "outbox_dispatcher", "timestamp": "2026-08-07T11:49:35.434648Z"}
api-1       | {"claimed": 50, "event": "outbox_dispatch_batch_completed", "lease_lost": 0, "level": "info", "published": 50, "retry_scheduled": 0, "role": "outbox_dispatcher", "timestamp": "2026-08-07T11:49:36.101855Z"}
api-1       | {"claimed": 50, "event": "outbox_dispatch_batch_completed", "lease_lost": 0, "level": "info", "published": 50, "retry_scheduled": 0, "role": "outbox_dispatcher", "timestamp": "2026-08-07T11:49:36.795963Z"}
api-1       | INFO:     172.18.0.1:46718 - "POST /api/v1/runs HTTP/1.1" 202 Accepted
api-1       | {"api_key_prefix": "evk_64f04950db0a", "duration_ms": 125.197, "event": "http_request_completed", "level": "info", "method": "POST", "outcome": "success", "path": "/api/v1/runs", "request_id": "8987f0db-f936-415f-8906-092fceab648b", "status_code": 202, "tenant_id": "327d2ffb-1823-49ee-aab0-022efdfc7324", "timestamp": "2026-08-07T11:49:37.264122Z", "trace_id": "222a902b9c7e85fcd872e977462705c1"}
api-1       | {"claimed": 50, "event": "outbox_dispatch_batch_completed", "lease_lost": 0, "level": "info", "published": 50, "retry_scheduled": 0, "role": "outbox_dispatcher", "timestamp": "2026-08-07T11:49:37.447392Z"}
api-1       | INFO:     172.18.0.1:46718 - "GET /api/v1/runs/4ad0f042-6538-46c9-8df6-98410a24b400 HTTP/1.1" 200 OK
api-1       | {"api_key_prefix": "evk_64f04950db0a", "duration_ms": 195.325, "event": "http_request_completed", "level": "info", "method": "GET", "outcome": "success", "path": "/api/v1/runs/4ad0f042-6538-46c9-8df6-98410a24b400", "request_id": "27d8d83b-82a7-4203-b37d-376f2474e1bc", "status_code": 200, "tenant_id": "327d2ffb-1823-49ee-aab0-022efdfc7324", "timestamp": "2026-08-07T11:49:37.460956Z", "trace_id": "363f1d5c09792463b6f6c13db276f5ab"}
api-1       | {"claimed": 50, "event": "outbox_dispatch_batch_completed", "lease_lost": 0, "level": "info", "published": 50, "retry_scheduled": 0, "role": "outbox_dispatcher", "timestamp": "2026-08-07T11:49:38.148614Z"}
api-1       | INFO:     172.18.0.1:46718 - "GET /api/v1/runs/4ad0f042-6538-46c9-8df6-98410a24b400 HTTP/1.1" 200 OK
api-1       | {"api_key_prefix": "evk_64f04950db0a", "duration_ms": 206.772, "event": "http_request_completed", "level": "info", "method": "GET", "outcome": "success", "path": "/api/v1/runs/4ad0f042-6538-46c9-8df6-98410a24b400", "request_id": "7731a451-c915-47d4-a953-ff07b4834a94", "status_code": 200, "tenant_id": "327d2ffb-1823-49ee-aab0-022efdfc7324", "timestamp": "2026-08-07T11:49:38.171591Z", "trace_id": "a1032a0676f9e57f880260433ea7388d"}
api-1       | {"claimed": 50, "event": "outbox_dispatch_batch_completed", "lease_lost": 0, "level": "info", "published": 50, "retry_scheduled": 0, "role": "outbox_dispatcher", "timestamp": "2026-08-07T11:49:38.808199Z"}
api-1       | INFO:     172.18.0.1:46718 - "GET /api/v1/runs/4ad0f042-6538-46c9-8df6-98410a24b400 HTTP/1.1" 200 OK
api-1       | {"api_key_prefix": "evk_64f04950db0a", "duration_ms": 161.809, "event": "http_request_completed", "level": "info", "method": "GET", "outcome": "success", "path": "/api/v1/runs/4ad0f042-6538-46c9-8df6-98410a24b400", "request_id": "7dd68a21-dc1c-4a58-95c7-761a81acef17", "status_code": 200, "tenant_id": "327d2ffb-1823-49ee-aab0-022efdfc7324", "timestamp": "2026-08-07T11:49:38.864430Z", "trace_id": "938fac3573e2291edef870ce5b540fc5"}
api-1       | {"claimed": 50, "event": "outbox_dispatch_batch_completed", "lease_lost": 0, "level": "info", "published": 50, "retry_scheduled": 0, "role": "outbox_dispatcher", "timestamp": "2026-08-07T11:49:39.464526Z"}
api-1       | INFO:     172.18.0.1:46718 - "GET /api/v1/runs/4ad0f042-6538-46c9-8df6-98410a24b400 HTTP/1.1" 200 OK
api-1       | {"api_key_prefix": "evk_64f04950db0a", "duration_ms": 131.368, "event": "http_request_completed", "level": "info", "method": "GET", "outcome": "success", "path": "/api/v1/runs/4ad0f042-6538-46c9-8df6-98410a24b400", "request_id": "d58b9918-7a0f-43ec-bbde-8f3ea8f8dfcd", "status_code": 200, "tenant_id": "327d2ffb-1823-49ee-aab0-022efdfc7324", "timestamp": "2026-08-07T11:49:39.517687Z", "trace_id": "edd28fb1783c3c6172d6a99a46afc2e8"}
api-1       | INFO:     172.18.0.1:46718 - "GET /api/v1/runs/4ad0f042-6538-46c9-8df6-98410a24b400/cases?limit=200&sort=case_id HTTP/1.1" 200 OK
api-1       | {"api_key_prefix": "evk_64f04950db0a", "duration_ms": 57.587, "event": "http_request_completed", "level": "info", "method": "GET", "outcome": "success", "path": "/api/v1/runs/4ad0f042-6538-46c9-8df6-98410a24b400/cases", "request_id": "d8076b8f-6076-440d-87f3-df11768a1a83", "status_code": 200, "tenant_id": "327d2ffb-1823-49ee-aab0-022efdfc7324", "timestamp": "2026-08-07T11:49:39.576933Z", "trace_id": "67fde78e797125258c5640695c37581d"}
api-1       | INFO:     127.0.0.1:42264 - "GET /metrics HTTP/1.1" 200 OK
api-1       | {"duration_ms": 15.391, "event": "http_request_completed", "level": "info", "method": "GET", "outcome": "success", "path": "/metrics", "request_id": "52326357-4eb2-475e-a348-bab0ac1fcedc", "status_code": 200, "timestamp": "2026-08-07T11:49:39.952095Z", "trace_id": "0aa03c0968ad60e785e5be349bdede23"}
api-1       | {"claimed": 50, "event": "outbox_dispatch_batch_completed", "lease_lost": 0, "level": "info", "published": 50, "retry_scheduled": 0, "role": "outbox_dispatcher", "timestamp": "2026-08-07T11:49:40.257908Z"}
api-1       | {"event": "Context impl PostgresqlImpl.", "level": "info", "request_id": "4d389124-96aa-4a99-a747-6cad4a7fc7ee", "timestamp": "2026-08-07T11:49:40.437041Z", "trace_id": "84a0427ff88ba544d370f819d78522b2"}
api-1       | {"event": "Will assume transactional DDL.", "level": "info", "request_id": "4d389124-96aa-4a99-a747-6cad4a7fc7ee", "timestamp": "2026-08-07T11:49:40.437167Z", "trace_id": "84a0427ff88ba544d370f819d78522b2"}
api-1       | INFO:     127.0.0.1:42278 - "GET /health/ready HTTP/1.1" 200 OK
api-1       | {"duration_ms": 26.505, "event": "http_request_completed", "level": "info", "method": "GET", "outcome": "success", "path": "/health/ready", "request_id": "4d389124-96aa-4a99-a747-6cad4a7fc7ee", "status_code": 200, "timestamp": "2026-08-07T11:49:40.442973Z", "trace_id": "84a0427ff88ba544d370f819d78522b2"}
api-1       | {"claimed": 4, "event": "outbox_dispatch_batch_completed", "lease_lost": 0, "level": "info", "published": 4, "retry_scheduled": 0, "role": "outbox_dispatcher", "timestamp": "2026-08-07T11:49:40.777459Z"}
api-1       | INFO:     172.18.0.1:46718 - "POST /api/v1/runs HTTP/1.1" 202 Accepted
api-1       | {"api_key_prefix": "evk_64f04950db0a", "duration_ms": 230.681, "event": "http_request_completed", "level": "info", "method": "POST", "outcome": "success", "path": "/api/v1/runs", "request_id": "65ada849-cc0b-46ae-99ae-10f781f6b161", "status_code": 202, "tenant_id": "327d2ffb-1823-49ee-aab0-022efdfc7324", "timestamp": "2026-08-07T11:49:40.813827Z", "trace_id": "74b443858aed77bceaa1e2fe2983d5e3"}
api-1       | INFO:     172.18.0.1:46718 - "GET /api/v1/runs/3af92f72-0b20-44c3-abde-b64873615059 HTTP/1.1" 200 OK
api-1       | {"api_key_prefix": "evk_64f04950db0a", "duration_ms": 51.375, "event": "http_request_completed", "level": "info", "method": "GET", "outcome": "success", "path": "/api/v1/runs/3af92f72-0b20-44c3-abde-b64873615059", "request_id": "95cec49d-3f85-4fd5-9ad7-2382a033ff66", "status_code": 200, "tenant_id": "327d2ffb-1823-49ee-aab0-022efdfc7324", "timestamp": "2026-08-07T11:49:40.866801Z", "trace_id": "dba7a5c7a8f6e61cb52334d43c1b1d3d"}
api-1       | INFO:     172.18.0.1:46718 - "GET /api/v1/runs/3af92f72-0b20-44c3-abde-b64873615059 HTTP/1.1" 200 OK
api-1       | {"api_key_prefix": "evk_64f04950db0a", "duration_ms": 53.605, "event": "http_request_completed", "level": "info", "method": "GET", "outcome": "success", "path": "/api/v1/runs/3af92f72-0b20-44c3-abde-b64873615059", "request_id": "d8adcf1e-8129-489d-8e8f-14b743b31ea3", "status_code": 200, "tenant_id": "327d2ffb-1823-49ee-aab0-022efdfc7324", "timestamp": "2026-08-07T11:49:41.423213Z", "trace_id": "958839bd887b8b09ed9546c34664326c"}
api-1       | {"claimed": 26, "event": "outbox_dispatch_batch_completed", "lease_lost": 0, "level": "info", "published": 26, "retry_scheduled": 0, "role": "outbox_dispatcher", "timestamp": "2026-08-07T11:49:41.893433Z"}
api-1       | INFO:     172.18.0.1:46718 - "GET /api/v1/runs/3af92f72-0b20-44c3-abde-b64873615059 HTTP/1.1" 200 OK
api-1       | {"api_key_prefix": "evk_64f04950db0a", "duration_ms": 57.134, "event": "http_request_completed", "level": "info", "method": "GET", "outcome": "success", "path": "/api/v1/runs/3af92f72-0b20-44c3-abde-b64873615059", "request_id": "b4554a63-ffcf-46cc-98ed-465b265c27a6", "status_code": 200, "tenant_id": "327d2ffb-1823-49ee-aab0-022efdfc7324", "timestamp": "2026-08-07T11:49:41.982885Z", "trace_id": "6079721dd616eafd3dc8fa5adb9963f2"}
api-1       | {"claimed": 30, "event": "outbox_dispatch_batch_completed", "lease_lost": 0, "level": "info", "published": 30, "retry_scheduled": 0, "role": "outbox_dispatcher", "timestamp": "2026-08-07T11:49:42.512493Z"}
api-1       | INFO:     172.18.0.1:46718 - "GET /api/v1/runs/3af92f72-0b20-44c3-abde-b64873615059 HTTP/1.1" 200 OK
api-1       | {"api_key_prefix": "evk_64f04950db0a", "duration_ms": 83.517, "event": "http_request_completed", "level": "info", "method": "GET", "outcome": "success", "path": "/api/v1/runs/3af92f72-0b20-44c3-abde-b64873615059", "request_id": "fed5846e-600a-4ce1-b561-3def878c0ba4", "status_code": 200, "tenant_id": "327d2ffb-1823-49ee-aab0-022efdfc7324", "timestamp": "2026-08-07T11:49:42.570520Z", "trace_id": "d3bfa9e83946d02f2cd292704f88175f"}
api-1       | {"claimed": 27, "event": "outbox_dispatch_batch_completed", "lease_lost": 0, "level": "info", "published": 27, "retry_scheduled": 0, "role": "outbox_dispatcher", "timestamp": "2026-08-07T11:49:43.163981Z"}
api-1       | INFO:     172.18.0.1:46718 - "GET /api/v1/runs/3af92f72-0b20-44c3-abde-b64873615059 HTTP/1.1" 200 OK
api-1       | {"api_key_prefix": "evk_64f04950db0a", "duration_ms": 86.679, "event": "http_request_completed", "level": "info", "method": "GET", "outcome": "success", "path": "/api/v1/runs/3af92f72-0b20-44c3-abde-b64873615059", "request_id": "f3b5672f-1ac5-47b1-9e1f-7e727a556da2", "status_code": 200, "tenant_id": "327d2ffb-1823-49ee-aab0-022efdfc7324", "timestamp": "2026-08-07T11:49:43.174973Z", "trace_id": "00906d890d189651cbd832ea9a74d825"}
api-1       | {"claimed": 29, "event": "outbox_dispatch_batch_completed", "lease_lost": 0, "level": "info", "published": 29, "retry_scheduled": 0, "role": "outbox_dispatcher", "timestamp": "2026-08-07T11:49:43.819984Z"}
api-1       | INFO:     172.18.0.1:46718 - "GET /api/v1/runs/3af92f72-0b20-44c3-abde-b64873615059 HTTP/1.1" 200 OK
api-1       | {"api_key_prefix": "evk_64f04950db0a", "duration_ms": 183.731, "event": "http_request_completed", "level": "info", "method": "GET", "outcome": "success", "path": "/api/v1/runs/3af92f72-0b20-44c3-abde-b64873615059", "request_id": "f70be873-fbd2-4974-919b-db71334de003", "status_code": 200, "tenant_id": "327d2ffb-1823-49ee-aab0-022efdfc7324", "timestamp": "2026-08-07T11:49:43.865797Z", "trace_id": "cd643abd236a51e56c2517ea0dc2cd27"}
api-1       | {"claimed": 31, "event": "outbox_dispatch_batch_completed", "lease_lost": 0, "level": "info", "published": 31, "retry_scheduled": 0, "role": "outbox_dispatcher", "timestamp": "2026-08-07T11:49:44.468084Z"}
api-1       | INFO:     172.18.0.1:46718 - "GET /api/v1/runs/3af92f72-0b20-44c3-abde-b64873615059 HTTP/1.1" 200 OK
api-1       | {"api_key_prefix": "evk_64f04950db0a", "duration_ms": 134.473, "event": "http_request_completed", "level": "info", "method": "GET", "outcome": "success", "path": "/api/v1/runs/3af92f72-0b20-44c3-abde-b64873615059", "request_id": "df9f042b-ac9e-4987-9b99-c13efe49e59c", "status_code": 200, "tenant_id": "327d2ffb-1823-49ee-aab0-022efdfc7324", "timestamp": "2026-08-07T11:49:44.522188Z", "trace_id": "31b6b63bc1dcb365fd69214dda53ecb8"}
api-1       | {"claimed": 31, "event": "outbox_dispatch_batch_completed", "lease_lost": 0, "level": "info", "published": 31, "retry_scheduled": 0, "role": "outbox_dispatcher", "timestamp": "2026-08-07T11:49:45.109029Z"}
api-1       | INFO:     172.18.0.1:46718 - "GET /api/v1/runs/3af92f72-0b20-44c3-abde-b64873615059 HTTP/1.1" 200 OK
api-1       | {"api_key_prefix": "evk_64f04950db0a", "duration_ms": 126.15, "event": "http_request_completed", "level": "info", "method": "GET", "outcome": "success", "path": "/api/v1/runs/3af92f72-0b20-44c3-abde-b64873615059", "request_id": "e8307471-3736-4453-af3b-9d8091829cf4", "status_code": 200, "tenant_id": "327d2ffb-1823-49ee-aab0-022efdfc7324", "timestamp": "2026-08-07T11:49:45.168313Z", "trace_id": "c2fcd031f39739fbaccad716124a4925"}
api-1       | {"claimed": 27, "event": "outbox_dispatch_batch_completed", "lease_lost": 0, "level": "info", "published": 27, "retry_scheduled": 0, "role": "outbox_dispatcher", "timestamp": "2026-08-07T11:49:45.844721Z"}
api-1       | {"event": "Context impl PostgresqlImpl.", "level": "info", "request_id": "d897abd1-ab8e-4399-b6a9-4c5dacf03ea2", "timestamp": "2026-08-07T11:49:45.864609Z", "trace_id": "7818259e405334d6a8ddef21d8c11b9d"}
api-1       | {"event": "Will assume transactional DDL.", "level": "info", "request_id": "d897abd1-ab8e-4399-b6a9-4c5dacf03ea2", "timestamp": "2026-08-07T11:49:45.864720Z", "trace_id": "7818259e405334d6a8ddef21d8c11b9d"}
api-1       | INFO:     127.0.0.1:53968 - "GET /health/ready HTTP/1.1" 200 OK
api-1       | {"duration_ms": 28.501, "event": "http_request_completed", "level": "info", "method": "GET", "outcome": "success", "path": "/health/ready", "request_id": "d897abd1-ab8e-4399-b6a9-4c5dacf03ea2", "status_code": 200, "timestamp": "2026-08-07T11:49:45.870080Z", "trace_id": "7818259e405334d6a8ddef21d8c11b9d"}
api-1       | INFO:     172.18.0.1:46718 - "GET /api/v1/runs/3af92f72-0b20-44c3-abde-b64873615059 HTTP/1.1" 200 OK
api-1       | {"api_key_prefix": "evk_64f04950db0a", "duration_ms": 199.598, "event": "http_request_completed", "level": "info", "method": "GET", "outcome": "success", "path": "/api/v1/runs/3af92f72-0b20-44c3-abde-b64873615059", "request_id": "9ab7ea54-e7f8-46e8-9189-f4f0776a9b33", "status_code": 200, "tenant_id": "327d2ffb-1823-49ee-aab0-022efdfc7324", "timestamp": "2026-08-07T11:49:45.941403Z", "trace_id": "2d4676f57129fbf6fe314d92e58e65b0"}
api-1       | {"claimed": 35, "event": "outbox_dispatch_batch_completed", "lease_lost": 0, "level": "info", "published": 35, "retry_scheduled": 0, "role": "outbox_dispatcher", "timestamp": "2026-08-07T11:49:46.474900Z"}
api-1       | INFO:     172.18.0.1:46718 - "GET /api/v1/runs/3af92f72-0b20-44c3-abde-b64873615059 HTTP/1.1" 200 OK
api-1       | {"api_key_prefix": "evk_64f04950db0a", "duration_ms": 81.004, "event": "http_request_completed", "level": "info", "method": "GET", "outcome": "success", "path": "/api/v1/runs/3af92f72-0b20-44c3-abde-b64873615059", "request_id": "8b4a92ce-4335-4d42-b409-214522e5d3c3", "status_code": 200, "tenant_id": "327d2ffb-1823-49ee-aab0-022efdfc7324", "timestamp": "2026-08-07T11:49:46.531032Z", "trace_id": "f9a0f32f90ee5657db3431b6bb508731"}
api-1       | {"claimed": 32, "event": "outbox_dispatch_batch_completed", "lease_lost": 0, "level": "info", "published": 32, "retry_scheduled": 0, "role": "outbox_dispatcher", "timestamp": "2026-08-07T11:49:47.092743Z"}
api-1       | INFO:     172.18.0.1:46718 - "GET /api/v1/runs/3af92f72-0b20-44c3-abde-b64873615059 HTTP/1.1" 200 OK
api-1       | {"api_key_prefix": "evk_64f04950db0a", "duration_ms": 99.685, "event": "http_request_completed", "level": "info", "method": "GET", "outcome": "success", "path": "/api/v1/runs/3af92f72-0b20-44c3-abde-b64873615059", "request_id": "4d1e580b-7d61-45a8-b292-dec527eed223", "status_code": 200, "tenant_id": "327d2ffb-1823-49ee-aab0-022efdfc7324", "timestamp": "2026-08-07T11:49:47.150194Z", "trace_id": "0bff491bd5590d35a185977a5130aff1"}
api-1       | {"claimed": 30, "event": "outbox_dispatch_batch_completed", "lease_lost": 0, "level": "info", "published": 30, "retry_scheduled": 0, "role": "outbox_dispatcher", "timestamp": "2026-08-07T11:49:47.764227Z"}
api-1       | INFO:     172.18.0.1:46718 - "GET /api/v1/runs/3af92f72-0b20-44c3-abde-b64873615059 HTTP/1.1" 200 OK
api-1       | {"api_key_prefix": "evk_64f04950db0a", "duration_ms": 149.967, "event": "http_request_completed", "level": "info", "method": "GET", "outcome": "success", "path": "/api/v1/runs/3af92f72-0b20-44c3-abde-b64873615059", "request_id": "33f27f02-7020-4a05-9159-16bb58debbba", "status_code": 200, "tenant_id": "327d2ffb-1823-49ee-aab0-022efdfc7324", "timestamp": "2026-08-07T11:49:47.820717Z", "trace_id": "d3ceb217af67a8f8a9c8d164a0255a54"}
api-1       | {"claimed": 31, "event": "outbox_dispatch_batch_completed", "lease_lost": 0, "level": "info", "published": 31, "retry_scheduled": 0, "role": "outbox_dispatcher", "timestamp": "2026-08-07T11:49:48.395132Z"}
api-1       | INFO:     172.18.0.1:46718 - "GET /api/v1/runs/3af92f72-0b20-44c3-abde-b64873615059 HTTP/1.1" 200 OK
api-1       | {"api_key_prefix": "evk_64f04950db0a", "duration_ms": 108.322, "event": "http_request_completed", "level": "info", "method": "GET", "outcome": "success", "path": "/api/v1/runs/3af92f72-0b20-44c3-abde-b64873615059", "request_id": "078cbb8d-0c84-4aea-b889-1782e12df832", "status_code": 200, "tenant_id": "327d2ffb-1823-49ee-aab0-022efdfc7324", "timestamp": "2026-08-07T11:49:48.454216Z", "trace_id": "0c4d3501e5b3faa15939f8523389b476"}
api-1       | {"claimed": 31, "event": "outbox_dispatch_batch_completed", "lease_lost": 0, "level": "info", "published": 31, "retry_scheduled": 0, "role": "outbox_dispatcher", "timestamp": "2026-08-07T11:49:49.072732Z"}
api-1       | INFO:     172.18.0.1:46718 - "GET /api/v1/runs/3af92f72-0b20-44c3-abde-b64873615059 HTTP/1.1" 200 OK
api-1       | {"api_key_prefix": "evk_64f04950db0a", "duration_ms": 140.409, "event": "http_request_completed", "level": "info", "method": "GET", "outcome": "success", "path": "/api/v1/runs/3af92f72-0b20-44c3-abde-b64873615059", "request_id": "50ce8057-c66b-4bed-8e15-aecf7193ef30", "status_code": 200, "tenant_id": "327d2ffb-1823-49ee-aab0-022efdfc7324", "timestamp": "2026-08-07T11:49:49.123255Z", "trace_id": "55ce10cb38139ca83e5e85a681ae7f69"}
api-1       | {"claimed": 32, "event": "outbox_dispatch_batch_completed", "lease_lost": 0, "level": "info", "published": 32, "retry_scheduled": 0, "role": "outbox_dispatcher", "timestamp": "2026-08-07T11:49:49.696706Z"}
api-1       | INFO:     172.18.0.1:46718 - "GET /api/v1/runs/3af92f72-0b20-44c3-abde-b64873615059 HTTP/1.1" 200 OK
api-1       | {"api_key_prefix": "evk_64f04950db0a", "duration_ms": 111.377, "event": "http_request_completed", "level": "info", "method": "GET", "outcome": "success", "path": "/api/v1/runs/3af92f72-0b20-44c3-abde-b64873615059", "request_id": "6deaf2e9-bdaf-457e-b473-3466116e213c", "status_code": 200, "tenant_id": "327d2ffb-1823-49ee-aab0-022efdfc7324", "timestamp": "2026-08-07T11:49:49.748196Z", "trace_id": "0b1379573b3cf32ba5bebf275541dcea"}
api-1       | {"claimed": 32, "event": "outbox_dispatch_batch_completed", "lease_lost": 0, "level": "info", "published": 32, "retry_scheduled": 0, "role": "outbox_dispatcher", "timestamp": "2026-08-07T11:49:50.322403Z"}
api-1       | INFO:     172.18.0.1:46718 - "GET /api/v1/runs/3af92f72-0b20-44c3-abde-b64873615059 HTTP/1.1" 200 OK
api-1       | {"api_key_prefix": "evk_64f04950db0a", "duration_ms": 122.463, "event": "http_request_completed", "level": "info", "method": "GET", "outcome": "success", "path": "/api/v1/runs/3af92f72-0b20-44c3-abde-b64873615059", "request_id": "fb4ef6e6-e8c5-402b-a866-6690ecd0f81f", "status_code": 200, "tenant_id": "327d2ffb-1823-49ee-aab0-022efdfc7324", "timestamp": "2026-08-07T11:49:50.380627Z", "trace_id": "21bf0790fdf5fb35de99191e8f0d755d"}
api-1       | {"claimed": 30, "event": "outbox_dispatch_batch_completed", "lease_lost": 0, "level": "info", "published": 30, "retry_scheduled": 0, "role": "outbox_dispatcher", "timestamp": "2026-08-07T11:49:50.970287Z"}
api-1       | INFO:     172.18.0.1:46718 - "GET /api/v1/runs/3af92f72-0b20-44c3-abde-b64873615059 HTTP/1.1" 200 OK
api-1       | {"api_key_prefix": "evk_64f04950db0a", "duration_ms": 153.545, "event": "http_request_completed", "level": "info", "method": "GET", "outcome": "success", "path": "/api/v1/runs/3af92f72-0b20-44c3-abde-b64873615059", "request_id": "09d50942-7285-49e8-be1f-b3eea588f989", "status_code": 200, "tenant_id": "327d2ffb-1823-49ee-aab0-022efdfc7324", "timestamp": "2026-08-07T11:49:51.066397Z", "trace_id": "89c18a79c1235af8902a4bd9cbe35677"}
api-1       | {"event": "Context impl PostgresqlImpl.", "level": "info", "request_id": "93fe48e7-b7b8-4622-8d5d-65945a1843d3", "timestamp": "2026-08-07T11:49:51.261493Z", "trace_id": "c55907e956e41bdc7f38151d353958c6"}
api-1       | {"event": "Will assume transactional DDL.", "level": "info", "request_id": "93fe48e7-b7b8-4622-8d5d-65945a1843d3", "timestamp": "2026-08-07T11:49:51.261609Z", "trace_id": "c55907e956e41bdc7f38151d353958c6"}
api-1       | INFO:     127.0.0.1:53980 - "GET /health/ready HTTP/1.1" 200 OK
api-1       | {"duration_ms": 20.776, "event": "http_request_completed", "level": "info", "method": "GET", "outcome": "success", "path": "/health/ready", "request_id": "93fe48e7-b7b8-4622-8d5d-65945a1843d3", "status_code": 200, "timestamp": "2026-08-07T11:49:51.267665Z", "trace_id": "c55907e956e41bdc7f38151d353958c6"}
api-1       | {"claimed": 32, "event": "outbox_dispatch_batch_completed", "lease_lost": 0, "level": "info", "published": 32, "retry_scheduled": 0, "role": "outbox_dispatcher", "timestamp": "2026-08-07T11:49:51.609124Z"}
api-1       | INFO:     172.18.0.1:46718 - "GET /api/v1/runs/3af92f72-0b20-44c3-abde-b64873615059 HTTP/1.1" 200 OK
api-1       | {"api_key_prefix": "evk_64f04950db0a", "duration_ms": 140.789, "event": "http_request_completed", "level": "info", "method": "GET", "outcome": "success", "path": "/api/v1/runs/3af92f72-0b20-44c3-abde-b64873615059", "request_id": "7bfb80d1-21c6-470f-86e8-a204fd3517aa", "status_code": 200, "tenant_id": "327d2ffb-1823-49ee-aab0-022efdfc7324", "timestamp": "2026-08-07T11:49:51.712790Z", "trace_id": "394bf0a91a159e55eab6cc6aaf220e2a"}
api-1       | {"claimed": 30, "event": "outbox_dispatch_batch_completed", "lease_lost": 0, "level": "info", "published": 30, "retry_scheduled": 0, "role": "outbox_dispatcher", "timestamp": "2026-08-07T11:49:52.263996Z"}
api-1       | INFO:     172.18.0.1:46718 - "GET /api/v1/runs/3af92f72-0b20-44c3-abde-b64873615059 HTTP/1.1" 200 OK
api-1       | {"api_key_prefix": "evk_64f04950db0a", "duration_ms": 104.368, "event": "http_request_completed", "level": "info", "method": "GET", "outcome": "success", "path": "/api/v1/runs/3af92f72-0b20-44c3-abde-b64873615059", "request_id": "baf64886-492d-4a95-a6c3-53b53c8694fa", "status_code": 200, "tenant_id": "327d2ffb-1823-49ee-aab0-022efdfc7324", "timestamp": "2026-08-07T11:49:52.320136Z", "trace_id": "a5cb6449362181eba46f2fd6da486934"}
api-1       | {"claimed": 32, "event": "outbox_dispatch_batch_completed", "lease_lost": 0, "level": "info", "published": 32, "retry_scheduled": 0, "role": "outbox_dispatcher", "timestamp": "2026-08-07T11:49:52.884704Z"}
api-1       | INFO:     172.18.0.1:46718 - "GET /api/v1/runs/3af92f72-0b20-44c3-abde-b64873615059 HTTP/1.1" 200 OK
api-1       | {"api_key_prefix": "evk_64f04950db0a", "duration_ms": 93.906, "event": "http_request_completed", "level": "info", "method": "GET", "outcome": "success", "path": "/api/v1/runs/3af92f72-0b20-44c3-abde-b64873615059", "request_id": "8240a752-3cb4-4c45-9d96-8ce9165beb2b", "status_code": 200, "tenant_id": "327d2ffb-1823-49ee-aab0-022efdfc7324", "timestamp": "2026-08-07T11:49:52.936910Z", "trace_id": "3d1a8fce826da9f043735fbc4dea58ae"}
api-1       | {"claimed": 32, "event": "outbox_dispatch_batch_completed", "lease_lost": 0, "level": "info", "published": 32, "retry_scheduled": 0, "role": "outbox_dispatcher", "timestamp": "2026-08-07T11:49:53.561287Z"}
api-1       | INFO:     172.18.0.1:46718 - "GET /api/v1/runs/3af92f72-0b20-44c3-abde-b64873615059 HTTP/1.1" 200 OK
api-1       | {"api_key_prefix": "evk_64f04950db0a", "duration_ms": 107.252, "event": "http_request_completed", "level": "info", "method": "GET", "outcome": "success", "path": "/api/v1/runs/3af92f72-0b20-44c3-abde-b64873615059", "request_id": "b96c0593-a89f-468c-b26b-956a719e1a96", "status_code": 200, "tenant_id": "327d2ffb-1823-49ee-aab0-022efdfc7324", "timestamp": "2026-08-07T11:49:53.567845Z", "trace_id": "f71b60f80e6f5e17f35612f8bd0513d9"}
api-1       | {"claimed": 31, "event": "outbox_dispatch_batch_completed", "lease_lost": 0, "level": "info", "published": 31, "retry_scheduled": 0, "role": "outbox_dispatcher", "timestamp": "2026-08-07T11:49:54.261332Z"}
api-1       | INFO:     172.18.0.1:46718 - "GET /api/v1/runs/3af92f72-0b20-44c3-abde-b64873615059 HTTP/1.1" 200 OK
api-1       | {"api_key_prefix": "evk_64f04950db0a", "duration_ms": 192.658, "event": "http_request_completed", "level": "info", "method": "GET", "outcome": "success", "path": "/api/v1/runs/3af92f72-0b20-44c3-abde-b64873615059", "request_id": "5d9df55f-9cf6-4278-aafa-3126674dc243", "status_code": 200, "tenant_id": "327d2ffb-1823-49ee-aab0-022efdfc7324", "timestamp": "2026-08-07T11:49:54.264794Z", "trace_id": "7687be8e77f13333dc2a9082a605e307"}
api-1       | {"claimed": 32, "event": "outbox_dispatch_batch_completed", "lease_lost": 0, "level": "info", "published": 32, "retry_scheduled": 0, "role": "outbox_dispatcher", "timestamp": "2026-08-07T11:49:54.888529Z"}
api-1       | INFO:     172.18.0.1:46718 - "GET /api/v1/runs/3af92f72-0b20-44c3-abde-b64873615059 HTTP/1.1" 200 OK
api-1       | {"api_key_prefix": "evk_64f04950db0a", "duration_ms": 129.54, "event": "http_request_completed", "level": "info", "method": "GET", "outcome": "success", "path": "/api/v1/runs/3af92f72-0b20-44c3-abde-b64873615059", "request_id": "fe4e3fce-314b-49cb-bb09-907df4bc8097", "status_code": 200, "tenant_id": "327d2ffb-1823-49ee-aab0-022efdfc7324", "timestamp": "2026-08-07T11:49:54.897026Z", "trace_id": "a9a833f76bab13216805f1627a844ddb"}
api-1       | {"claimed": 31, "event": "outbox_dispatch_batch_completed", "lease_lost": 0, "level": "info", "published": 31, "retry_scheduled": 0, "role": "outbox_dispatcher", "timestamp": "2026-08-07T11:49:55.573458Z"}
api-1       | INFO:     172.18.0.1:46718 - "GET /api/v1/runs/3af92f72-0b20-44c3-abde-b64873615059 HTTP/1.1" 200 OK
api-1       | {"api_key_prefix": "evk_64f04950db0a", "duration_ms": 184.147, "event": "http_request_completed", "level": "info", "method": "GET", "outcome": "success", "path": "/api/v1/runs/3af92f72-0b20-44c3-abde-b64873615059", "request_id": "1e5d1ab8-cb12-4bf8-b289-d358e9d2ed07", "status_code": 200, "tenant_id": "327d2ffb-1823-49ee-aab0-022efdfc7324", "timestamp": "2026-08-07T11:49:55.584248Z", "trace_id": "d988971725c926daa2a6be3575cd3f0f"}
api-1       | {"claimed": 30, "event": "outbox_dispatch_batch_completed", "lease_lost": 0, "level": "info", "published": 30, "retry_scheduled": 0, "role": "outbox_dispatcher", "timestamp": "2026-08-07T11:49:56.192385Z"}
api-1       | INFO:     172.18.0.1:46718 - "GET /api/v1/runs/3af92f72-0b20-44c3-abde-b64873615059 HTTP/1.1" 200 OK
api-1       | {"api_key_prefix": "evk_64f04950db0a", "duration_ms": 151.623, "event": "http_request_completed", "level": "info", "method": "GET", "outcome": "success", "path": "/api/v1/runs/3af92f72-0b20-44c3-abde-b64873615059", "request_id": "f75a7041-7b78-41c4-9eb3-512119fb30e7", "status_code": 200, "tenant_id": "327d2ffb-1823-49ee-aab0-022efdfc7324", "timestamp": "2026-08-07T11:49:56.244341Z", "trace_id": "7fcabd2520c869d5900093307af7eb59"}
api-1       | {"event": "Context impl PostgresqlImpl.", "level": "info", "request_id": "c1d7e93b-097c-4016-a30d-a316711e139c", "timestamp": "2026-08-07T11:49:56.555914Z", "trace_id": "53480fe7a0a9c475d6088156c5ea2724"}
api-1       | {"event": "Will assume transactional DDL.", "level": "info", "request_id": "c1d7e93b-097c-4016-a30d-a316711e139c", "timestamp": "2026-08-07T11:49:56.556017Z", "trace_id": "53480fe7a0a9c475d6088156c5ea2724"}
api-1       | INFO:     127.0.0.1:60280 - "GET /health/ready HTTP/1.1" 200 OK
api-1       | {"duration_ms": 20.129, "event": "http_request_completed", "level": "info", "method": "GET", "outcome": "success", "path": "/health/ready", "request_id": "c1d7e93b-097c-4016-a30d-a316711e139c", "status_code": 200, "timestamp": "2026-08-07T11:49:56.561444Z", "trace_id": "53480fe7a0a9c475d6088156c5ea2724"}
api-1       | {"claimed": 30, "event": "outbox_dispatch_batch_completed", "lease_lost": 0, "level": "info", "published": 30, "retry_scheduled": 0, "role": "outbox_dispatcher", "timestamp": "2026-08-07T11:49:56.860680Z"}
api-1       | INFO:     172.18.0.1:46718 - "GET /api/v1/runs/3af92f72-0b20-44c3-abde-b64873615059 HTTP/1.1" 200 OK
api-1       | {"api_key_prefix": "evk_64f04950db0a", "duration_ms": 163.567, "event": "http_request_completed", "level": "info", "method": "GET", "outcome": "success", "path": "/api/v1/runs/3af92f72-0b20-44c3-abde-b64873615059", "request_id": "eb2236c4-34c7-40e5-9328-1405b1a908ab", "status_code": 200, "tenant_id": "327d2ffb-1823-49ee-aab0-022efdfc7324", "timestamp": "2026-08-07T11:49:56.917777Z", "trace_id": "9ae226d4695cb7d92a59e3b6219d8450"}
api-1       | {"claimed": 32, "event": "outbox_dispatch_batch_completed", "lease_lost": 0, "level": "info", "published": 32, "retry_scheduled": 0, "role": "outbox_dispatcher", "timestamp": "2026-08-07T11:49:57.565074Z"}
api-1       | INFO:     172.18.0.1:46718 - "GET /api/v1/runs/3af92f72-0b20-44c3-abde-b64873615059 HTTP/1.1" 200 OK
api-1       | {"api_key_prefix": "evk_64f04950db0a", "duration_ms": 152.293, "event": "http_request_completed", "level": "info", "method": "GET", "outcome": "success", "path": "/api/v1/runs/3af92f72-0b20-44c3-abde-b64873615059", "request_id": "5a549603-ad11-4b7e-b8e8-294732a630af", "status_code": 200, "tenant_id": "327d2ffb-1823-49ee-aab0-022efdfc7324", "timestamp": "2026-08-07T11:49:57.573296Z", "trace_id": "77eec0d9e7020de716f3f2815c527744"}
api-1       | {"claimed": 34, "event": "outbox_dispatch_batch_completed", "lease_lost": 0, "level": "info", "published": 34, "retry_scheduled": 0, "role": "outbox_dispatcher", "timestamp": "2026-08-07T11:49:58.230249Z"}
api-1       | INFO:     172.18.0.1:46718 - "GET /api/v1/runs/3af92f72-0b20-44c3-abde-b64873615059 HTTP/1.1" 200 OK
api-1       | {"api_key_prefix": "evk_64f04950db0a", "duration_ms": 165.776, "event": "http_request_completed", "level": "info", "method": "GET", "outcome": "success", "path": "/api/v1/runs/3af92f72-0b20-44c3-abde-b64873615059", "request_id": "4676fbc3-74b5-4c45-a427-77e763cbe3f8", "status_code": 200, "tenant_id": "327d2ffb-1823-49ee-aab0-022efdfc7324", "timestamp": "2026-08-07T11:49:58.241955Z", "trace_id": "7512361415d6755895ba9efff0c47ddc"}
api-1       | {"claimed": 35, "event": "outbox_dispatch_batch_completed", "lease_lost": 0, "level": "info", "published": 35, "retry_scheduled": 0, "role": "outbox_dispatcher", "timestamp": "2026-08-07T11:49:58.905840Z"}
api-1       | INFO:     172.18.0.1:46718 - "GET /api/v1/runs/3af92f72-0b20-44c3-abde-b64873615059 HTTP/1.1" 200 OK
api-1       | {"api_key_prefix": "evk_64f04950db0a", "duration_ms": 166.7, "event": "http_request_completed", "level": "info", "method": "GET", "outcome": "success", "path": "/api/v1/runs/3af92f72-0b20-44c3-abde-b64873615059", "request_id": "c69a4b71-2900-4d82-9d3c-15adacd60170", "status_code": 200, "tenant_id": "327d2ffb-1823-49ee-aab0-022efdfc7324", "timestamp": "2026-08-07T11:49:58.911235Z", "trace_id": "5885168f8f9933ab7913d3140296c2b5"}
api-1       | {"claimed": 33, "event": "outbox_dispatch_batch_completed", "lease_lost": 0, "level": "info", "published": 33, "retry_scheduled": 0, "role": "outbox_dispatcher", "timestamp": "2026-08-07T11:49:59.573014Z"}
api-1       | INFO:     172.18.0.1:46718 - "GET /api/v1/runs/3af92f72-0b20-44c3-abde-b64873615059 HTTP/1.1" 200 OK
api-1       | {"api_key_prefix": "evk_64f04950db0a", "duration_ms": 166.74, "event": "http_request_completed", "level": "info", "method": "GET", "outcome": "success", "path": "/api/v1/runs/3af92f72-0b20-44c3-abde-b64873615059", "request_id": "54b62816-1950-4497-b6a4-2f4fc90e4f2a", "status_code": 200, "tenant_id": "327d2ffb-1823-49ee-aab0-022efdfc7324", "timestamp": "2026-08-07T11:49:59.581204Z", "trace_id": "7e1ed95ebfdec11b5d4bcb81543316b0"}
api-1       | {"claimed": 34, "event": "outbox_dispatch_batch_completed", "lease_lost": 0, "level": "info", "published": 34, "retry_scheduled": 0, "role": "outbox_dispatcher", "timestamp": "2026-08-07T11:50:00.242346Z"}
api-1       | INFO:     172.18.0.1:46718 - "GET /api/v1/runs/3af92f72-0b20-44c3-abde-b64873615059 HTTP/1.1" 200 OK
api-1       | {"api_key_prefix": "evk_64f04950db0a", "duration_ms": 181.961, "event": "http_request_completed", "level": "info", "method": "GET", "outcome": "success", "path": "/api/v1/runs/3af92f72-0b20-44c3-abde-b64873615059", "request_id": "f26dc668-6039-42ca-abd8-e9a697521227", "status_code": 200, "tenant_id": "327d2ffb-1823-49ee-aab0-022efdfc7324", "timestamp": "2026-08-07T11:50:00.265350Z", "trace_id": "be023c10234fc86f345259c3ecaaa0f0"}
api-1       | {"claimed": 31, "event": "outbox_dispatch_batch_completed", "lease_lost": 0, "level": "info", "published": 31, "retry_scheduled": 0, "role": "outbox_dispatcher", "timestamp": "2026-08-07T11:50:00.872296Z"}
api-1       | INFO:     172.18.0.1:46718 - "GET /api/v1/runs/3af92f72-0b20-44c3-abde-b64873615059 HTTP/1.1" 200 OK
api-1       | {"api_key_prefix": "evk_64f04950db0a", "duration_ms": 144.689, "event": "http_request_completed", "level": "info", "method": "GET", "outcome": "success", "path": "/api/v1/runs/3af92f72-0b20-44c3-abde-b64873615059", "request_id": "5abf0add-bd39-4dff-a924-4f3444dfd7ea", "status_code": 200, "tenant_id": "327d2ffb-1823-49ee-aab0-022efdfc7324", "timestamp": "2026-08-07T11:50:00.925062Z", "trace_id": "1a04b0591cc9e9c88dbdfbc61476595f"}
api-1       | {"claimed": 31, "event": "outbox_dispatch_batch_completed", "lease_lost": 0, "level": "info", "published": 31, "retry_scheduled": 0, "role": "outbox_dispatcher", "timestamp": "2026-08-07T11:50:01.504200Z"}
api-1       | INFO:     172.18.0.1:46718 - "GET /api/v1/runs/3af92f72-0b20-44c3-abde-b64873615059 HTTP/1.1" 200 OK
api-1       | {"api_key_prefix": "evk_64f04950db0a", "duration_ms": 121.141, "event": "http_request_completed", "level": "info", "method": "GET", "outcome": "success", "path": "/api/v1/runs/3af92f72-0b20-44c3-abde-b64873615059", "request_id": "2b7875da-f3b0-4374-9e29-ad33461d8ca5", "status_code": 200, "tenant_id": "327d2ffb-1823-49ee-aab0-022efdfc7324", "timestamp": "2026-08-07T11:50:01.565214Z", "trace_id": "a9c757af021b4b5b24a0107f00fbb94c"}
api-1       | {"event": "Context impl PostgresqlImpl.", "level": "info", "request_id": "cd14a5a6-036a-44d3-bb3c-d3d355aa83b9", "timestamp": "2026-08-07T11:50:01.856908Z", "trace_id": "030cdcc061f0b4e00bf8dd490d212251"}
api-1       | {"event": "Will assume transactional DDL.", "level": "info", "request_id": "cd14a5a6-036a-44d3-bb3c-d3d355aa83b9", "timestamp": "2026-08-07T11:50:01.857019Z", "trace_id": "030cdcc061f0b4e00bf8dd490d212251"}
api-1       | INFO:     127.0.0.1:60286 - "GET /health/ready HTTP/1.1" 200 OK
api-1       | {"duration_ms": 19.675, "event": "http_request_completed", "level": "info", "method": "GET", "outcome": "success", "path": "/health/ready", "request_id": "cd14a5a6-036a-44d3-bb3c-d3d355aa83b9", "status_code": 200, "timestamp": "2026-08-07T11:50:01.862799Z", "trace_id": "030cdcc061f0b4e00bf8dd490d212251"}
api-1       | {"claimed": 30, "event": "outbox_dispatch_batch_completed", "lease_lost": 0, "level": "info", "published": 30, "retry_scheduled": 0, "role": "outbox_dispatcher", "timestamp": "2026-08-07T11:50:02.121935Z"}
api-1       | INFO:     172.18.0.1:46718 - "GET /api/v1/runs/3af92f72-0b20-44c3-abde-b64873615059 HTTP/1.1" 200 OK
api-1       | {"api_key_prefix": "evk_64f04950db0a", "duration_ms": 92.984, "event": "http_request_completed", "level": "info", "method": "GET", "outcome": "success", "path": "/api/v1/runs/3af92f72-0b20-44c3-abde-b64873615059", "request_id": "c747af76-4191-42bd-a29d-bde6dc171810", "status_code": 200, "tenant_id": "327d2ffb-1823-49ee-aab0-022efdfc7324", "timestamp": "2026-08-07T11:50:02.176774Z", "trace_id": "aaab06b0c5bf1394716357ed8dd0ed7d"}
api-1       | {"claimed": 8, "event": "outbox_dispatch_batch_completed", "lease_lost": 0, "level": "info", "published": 8, "retry_scheduled": 0, "role": "outbox_dispatcher", "timestamp": "2026-08-07T11:50:02.660380Z"}
api-1       | INFO:     172.18.0.1:46718 - "GET /api/v1/runs/3af92f72-0b20-44c3-abde-b64873615059 HTTP/1.1" 200 OK
api-1       | {"api_key_prefix": "evk_64f04950db0a", "duration_ms": 50.347, "event": "http_request_completed", "level": "info", "method": "GET", "outcome": "success", "path": "/api/v1/runs/3af92f72-0b20-44c3-abde-b64873615059", "request_id": "76930c2d-2164-42ee-ad67-09e7eae312da", "status_code": 200, "tenant_id": "327d2ffb-1823-49ee-aab0-022efdfc7324", "timestamp": "2026-08-07T11:50:02.729911Z", "trace_id": "b63f3a6213c81ab628a533548d547f4c"}
api-1       | INFO:     172.18.0.1:46718 - "GET /api/v1/runs/3af92f72-0b20-44c3-abde-b64873615059/cases?limit=200&sort=case_id HTTP/1.1" 200 OK
api-1       | {"api_key_prefix": "evk_64f04950db0a", "duration_ms": 73.78, "event": "http_request_completed", "level": "info", "method": "GET", "outcome": "success", "path": "/api/v1/runs/3af92f72-0b20-44c3-abde-b64873615059/cases", "request_id": "b699543e-bac2-462e-aeaf-0fa26da0933d", "status_code": 200, "tenant_id": "327d2ffb-1823-49ee-aab0-022efdfc7324", "timestamp": "2026-08-07T11:50:02.805258Z", "trace_id": "72ee3a7533696c90d1cb073ec9b3ece0"}
api-1       | INFO:     172.18.0.1:46718 - "GET /api/v1/runs/3af92f72-0b20-44c3-abde-b64873615059/cases?limit=200&sort=case_id&cursor=eyJkaXJlY3Rpb24iOiJhc2MiLCJlcnJvcl9jb2RlIjpudWxsLCJqb2JfaWQiOiI4YTIwNzYzNS0zNzE3LTQ4ZDEtOWM3Ni1mODMyMzhiYWJjNWYiLCJtZXRyaWMiOm51bGwsInNvcnQiOiJjYXNlX2lkIiwic3RhdHVzIjpudWxsLCJ2IjoxLCJ2YWx1ZSI6ImxvYWQtMDE5OSJ9 HTTP/1.1" 200 OK
api-1       | {"api_key_prefix": "evk_64f04950db0a", "duration_ms": 65.584, "event": "http_request_completed", "level": "info", "method": "GET", "outcome": "success", "path": "/api/v1/runs/3af92f72-0b20-44c3-abde-b64873615059/cases", "request_id": "b502ab44-6420-417d-8791-bf17bdbc4e0a", "status_code": 200, "tenant_id": "327d2ffb-1823-49ee-aab0-022efdfc7324", "timestamp": "2026-08-07T11:50:02.875129Z", "trace_id": "d0ff5ad24d402cedb4c8a181786319e1"}
api-1       | INFO:     172.18.0.1:46718 - "GET /api/v1/runs/3af92f72-0b20-44c3-abde-b64873615059/cases?limit=200&sort=case_id&cursor=eyJkaXJlY3Rpb24iOiJhc2MiLCJlcnJvcl9jb2RlIjpudWxsLCJqb2JfaWQiOiIyZTJhMjUwYi05MDgxLTRkYzctYTU0MS0zYmViYWU2YzNiMjQiLCJtZXRyaWMiOm51bGwsInNvcnQiOiJjYXNlX2lkIiwic3RhdHVzIjpudWxsLCJ2IjoxLCJ2YWx1ZSI6ImxvYWQtMDM5OSJ9 HTTP/1.1" 200 OK
api-1       | {"api_key_prefix": "evk_64f04950db0a", "duration_ms": 58.22, "event": "http_request_completed", "level": "info", "method": "GET", "outcome": "success", "path": "/api/v1/runs/3af92f72-0b20-44c3-abde-b64873615059/cases", "request_id": "999ff843-0330-4e49-beeb-2172e1d159ee", "status_code": 200, "tenant_id": "327d2ffb-1823-49ee-aab0-022efdfc7324", "timestamp": "2026-08-07T11:50:02.935686Z", "trace_id": "c73dbb9d59be05b876318c4dd73d114f"}
api-1       | INFO:     127.0.0.1:43916 - "GET /metrics HTTP/1.1" 200 OK
api-1       | {"duration_ms": 14.232, "event": "http_request_completed", "level": "info", "method": "GET", "outcome": "success", "path": "/metrics", "request_id": "432a6e24-8a1e-4d25-aa3b-0e4794e9a916", "status_code": 200, "timestamp": "2026-08-07T11:50:03.301779Z", "trace_id": "8ed4f33f060c47562e2c6f5169c43e9d"}
api-1       | {"event": "Context impl PostgresqlImpl.", "level": "info", "request_id": "54c40cf2-edc9-4825-be2f-10297b4d7663", "timestamp": "2026-08-07T11:50:07.188277Z", "trace_id": "acc2f0e1663bc9538bc75c2b74bcd21c"}
api-1       | {"event": "Will assume transactional DDL.", "level": "info", "request_id": "54c40cf2-edc9-4825-be2f-10297b4d7663", "timestamp": "2026-08-07T11:50:07.188397Z", "trace_id": "acc2f0e1663bc9538bc75c2b74bcd21c"}
api-1       | INFO:     127.0.0.1:43934 - "GET /health/ready HTTP/1.1" 200 OK
api-1       | {"duration_ms": 27.791, "event": "http_request_completed", "level": "info", "method": "GET", "outcome": "success", "path": "/health/ready", "request_id": "54c40cf2-edc9-4825-be2f-10297b4d7663", "status_code": 200, "timestamp": "2026-08-07T11:50:07.194568Z", "trace_id": "acc2f0e1663bc9538bc75c2b74bcd21c"}
api-1       | INFO:     172.18.0.1:60248 - "POST /api/v1/runs HTTP/1.1" 202 Accepted
api-1       | {"api_key_prefix": "evk_64f04950db0a", "duration_ms": 332.017, "event": "http_request_completed", "level": "info", "method": "POST", "outcome": "success", "path": "/api/v1/runs", "request_id": "6e8f8ee0-125c-4cd6-ba4b-89102da3991b", "status_code": 202, "tenant_id": "327d2ffb-1823-49ee-aab0-022efdfc7324", "timestamp": "2026-08-07T11:50:09.209214Z", "trace_id": "e9bdac939fbf19ffb3e1757ea2cda3d1"}
api-1       | INFO:     172.18.0.1:60248 - "GET /api/v1/runs/3ac3ae7e-0c08-4350-97a1-2f747791e9f4 HTTP/1.1" 200 OK
api-1       | {"api_key_prefix": "evk_64f04950db0a", "duration_ms": 199.045, "event": "http_request_completed", "level": "info", "method": "GET", "outcome": "success", "path": "/api/v1/runs/3ac3ae7e-0c08-4350-97a1-2f747791e9f4", "request_id": "dcac8925-5ab0-45e9-b8aa-d9dc301a35cf", "status_code": 200, "tenant_id": "327d2ffb-1823-49ee-aab0-022efdfc7324", "timestamp": "2026-08-07T11:50:09.408767Z", "trace_id": "9394904af1b19db1b62062010b5dd47b"}
api-1       | {"claimed": 10, "event": "outbox_dispatch_batch_completed", "lease_lost": 0, "level": "info", "published": 10, "retry_scheduled": 0, "role": "outbox_dispatcher", "timestamp": "2026-08-07T11:50:10.010643Z"}
api-1       | INFO:     172.18.0.1:60248 - "GET /api/v1/runs/3ac3ae7e-0c08-4350-97a1-2f747791e9f4 HTTP/1.1" 200 OK
api-1       | {"api_key_prefix": "evk_64f04950db0a", "duration_ms": 198.919, "event": "http_request_completed", "level": "info", "method": "GET", "outcome": "success", "path": "/api/v1/runs/3ac3ae7e-0c08-4350-97a1-2f747791e9f4", "request_id": "459b5614-1b53-4800-b1f9-4a7ded9fc5a5", "status_code": 200, "tenant_id": "327d2ffb-1823-49ee-aab0-022efdfc7324", "timestamp": "2026-08-07T11:50:10.112774Z", "trace_id": "e308210929163fc5a15d5d55bcb00cc6"}
api-1       | INFO:     172.18.0.1:60248 - "GET /api/v1/runs/3ac3ae7e-0c08-4350-97a1-2f747791e9f4 HTTP/1.1" 200 OK
api-1       | {"api_key_prefix": "evk_64f04950db0a", "duration_ms": 320.362, "event": "http_request_completed", "level": "info", "method": "GET", "outcome": "success", "path": "/api/v1/runs/3ac3ae7e-0c08-4350-97a1-2f747791e9f4", "request_id": "b2ebe408-98af-4e28-9bc1-76d2b2200cac", "status_code": 200, "tenant_id": "327d2ffb-1823-49ee-aab0-022efdfc7324", "timestamp": "2026-08-07T11:50:10.949788Z", "trace_id": "07e2446bd67a4809829d0021fde247f9"}
api-1       | {"claimed": 16, "event": "outbox_dispatch_batch_completed", "lease_lost": 0, "level": "info", "published": 16, "retry_scheduled": 0, "role": "outbox_dispatcher", "timestamp": "2026-08-07T11:50:10.996775Z"}
api-1       | INFO:     172.18.0.1:60248 - "GET /api/v1/runs/3ac3ae7e-0c08-4350-97a1-2f747791e9f4 HTTP/1.1" 200 OK
api-1       | {"api_key_prefix": "evk_64f04950db0a", "duration_ms": 569.021, "event": "http_request_completed", "level": "info", "method": "GET", "outcome": "success", "path": "/api/v1/runs/3ac3ae7e-0c08-4350-97a1-2f747791e9f4", "request_id": "fd70a6e1-f1a2-40d4-b81f-eb495ac05aae", "status_code": 200, "tenant_id": "327d2ffb-1823-49ee-aab0-022efdfc7324", "timestamp": "2026-08-07T11:50:12.020532Z", "trace_id": "3f34dae8d0f4646eadc0d531931fb83d"}
api-1       | {"claimed": 40, "event": "outbox_dispatch_batch_completed", "lease_lost": 0, "level": "info", "published": 40, "retry_scheduled": 0, "role": "outbox_dispatcher", "timestamp": "2026-08-07T11:50:12.021146Z"}
api-1       | INFO:     172.18.0.1:60248 - "GET /api/v1/runs/3ac3ae7e-0c08-4350-97a1-2f747791e9f4/cases?limit=200&sort=case_id HTTP/1.1" 200 OK
api-1       | {"api_key_prefix": "evk_64f04950db0a", "duration_ms": 96.532, "event": "http_request_completed", "level": "info", "method": "GET", "outcome": "success", "path": "/api/v1/runs/3ac3ae7e-0c08-4350-97a1-2f747791e9f4/cases", "request_id": "9d93679c-ec56-4f08-955c-a551c52563d5", "status_code": 200, "tenant_id": "327d2ffb-1823-49ee-aab0-022efdfc7324", "timestamp": "2026-08-07T11:50:12.119630Z", "trace_id": "c677b4ee71fba5993e7be637fd828652"}
api-1       | {"event": "Context impl PostgresqlImpl.", "level": "info", "request_id": "b2e2394e-de4f-4162-ae55-be3f1b391dd8", "timestamp": "2026-08-07T11:50:12.993882Z", "trace_id": "598f563f3511d289985f03e65a89952c"}
api-1       | {"event": "Will assume transactional DDL.", "level": "info", "request_id": "b2e2394e-de4f-4162-ae55-be3f1b391dd8", "timestamp": "2026-08-07T11:50:12.994029Z", "trace_id": "598f563f3511d289985f03e65a89952c"}
api-1       | {"claimed": 36, "event": "outbox_dispatch_batch_completed", "lease_lost": 0, "level": "info", "published": 36, "retry_scheduled": 0, "role": "outbox_dispatcher", "timestamp": "2026-08-07T11:50:13.019520Z"}
api-1       | INFO:     127.0.0.1:50692 - "GET /health/ready HTTP/1.1" 200 OK
api-1       | {"duration_ms": 156.062, "event": "http_request_completed", "level": "info", "method": "GET", "outcome": "success", "path": "/health/ready", "request_id": "b2e2394e-de4f-4162-ae55-be3f1b391dd8", "status_code": 200, "timestamp": "2026-08-07T11:50:13.031481Z", "trace_id": "598f563f3511d289985f03e65a89952c"}
api-1       | INFO:     127.0.0.1:50696 - "GET /metrics HTTP/1.1" 200 OK
api-1       | {"duration_ms": 124.071, "event": "http_request_completed", "level": "info", "method": "GET", "outcome": "success", "path": "/metrics", "request_id": "09a81c51-d276-4a28-869b-2fba516412f2", "status_code": 200, "timestamp": "2026-08-07T11:50:13.057744Z", "trace_id": "c6757f732677504cb41fc479448950ae"}
api-1       | INFO:     172.18.0.1:60248 - "POST /api/v1/runs HTTP/1.1" 202 Accepted
api-1       | {"api_key_prefix": "evk_64f04950db0a", "duration_ms": 176.618, "event": "http_request_completed", "level": "info", "method": "POST", "outcome": "success", "path": "/api/v1/runs", "request_id": "e8b087c4-b46b-46f6-af32-d1e9d6a32441", "status_code": 202, "tenant_id": "327d2ffb-1823-49ee-aab0-022efdfc7324", "timestamp": "2026-08-07T11:50:15.932397Z", "trace_id": "ee4ba21fbb53fa1b2f8e29316a429b92"}
api-1       | INFO:     172.18.0.1:60248 - "GET /api/v1/runs/72913c60-ea75-4c13-90a0-3e081f4a92e0 HTTP/1.1" 200 OK
api-1       | {"api_key_prefix": "evk_64f04950db0a", "duration_ms": 54.887, "event": "http_request_completed", "level": "info", "method": "GET", "outcome": "success", "path": "/api/v1/runs/72913c60-ea75-4c13-90a0-3e081f4a92e0", "request_id": "5765214a-cee5-4ff3-817e-7b6e7529292d", "status_code": 200, "tenant_id": "327d2ffb-1823-49ee-aab0-022efdfc7324", "timestamp": "2026-08-07T11:50:15.988901Z", "trace_id": "86af781d41440f8586ef02461fd43703"}
api-1       | {"claimed": 10, "event": "outbox_dispatch_batch_completed", "lease_lost": 0, "level": "info", "published": 10, "retry_scheduled": 0, "role": "outbox_dispatcher", "timestamp": "2026-08-07T11:50:16.177352Z"}
api-1       | INFO:     172.18.0.1:60248 - "GET /api/v1/runs/72913c60-ea75-4c13-90a0-3e081f4a92e0 HTTP/1.1" 200 OK
api-1       | {"api_key_prefix": "evk_64f04950db0a", "duration_ms": 80.809, "event": "http_request_completed", "level": "info", "method": "GET", "outcome": "success", "path": "/api/v1/runs/72913c60-ea75-4c13-90a0-3e081f4a92e0", "request_id": "09730747-757f-474b-a3b9-694e2dec345d", "status_code": 200, "tenant_id": "327d2ffb-1823-49ee-aab0-022efdfc7324", "timestamp": "2026-08-07T11:50:16.573807Z", "trace_id": "c2738a63ad2cf10e977773d5cf9be6ba"}
api-1       | {"claimed": 50, "event": "outbox_dispatch_batch_completed", "lease_lost": 0, "level": "info", "published": 50, "retry_scheduled": 0, "role": "outbox_dispatcher", "timestamp": "2026-08-07T11:50:17.014084Z"}
api-1       | INFO:     172.18.0.1:60248 - "GET /api/v1/runs/72913c60-ea75-4c13-90a0-3e081f4a92e0 HTTP/1.1" 200 OK
api-1       | {"api_key_prefix": "evk_64f04950db0a", "duration_ms": 86.42, "event": "http_request_completed", "level": "info", "method": "GET", "outcome": "success", "path": "/api/v1/runs/72913c60-ea75-4c13-90a0-3e081f4a92e0", "request_id": "e4b95334-731c-492b-9e18-d1f7a3fbb17a", "status_code": 200, "tenant_id": "327d2ffb-1823-49ee-aab0-022efdfc7324", "timestamp": "2026-08-07T11:50:17.164003Z", "trace_id": "8b4290610f1ba25d59ad68c27d5931e5"}
api-1       | {"claimed": 50, "event": "outbox_dispatch_batch_completed", "lease_lost": 0, "level": "info", "published": 50, "retry_scheduled": 0, "role": "outbox_dispatcher", "timestamp": "2026-08-07T11:50:17.794163Z"}
api-1       | INFO:     172.18.0.1:60248 - "GET /api/v1/runs/72913c60-ea75-4c13-90a0-3e081f4a92e0 HTTP/1.1" 200 OK
api-1       | {"api_key_prefix": "evk_64f04950db0a", "duration_ms": 196.012, "event": "http_request_completed", "level": "info", "method": "GET", "outcome": "success", "path": "/api/v1/runs/72913c60-ea75-4c13-90a0-3e081f4a92e0", "request_id": "206cf06e-5f9f-4f13-aefd-27994dd72b6d", "status_code": 200, "tenant_id": "327d2ffb-1823-49ee-aab0-022efdfc7324", "timestamp": "2026-08-07T11:50:17.869243Z", "trace_id": "c7ccdc5d355674d42d4b22cfbe368d36"}
api-1       | {"event": "Context impl PostgresqlImpl.", "level": "info", "request_id": "7d855540-a3f8-44f9-82ad-c9d8f48eab83", "timestamp": "2026-08-07T11:50:19.186979Z", "trace_id": "ca1742ccd4d1132a65685c0a47c6b239"}
api-1       | {"event": "Will assume transactional DDL.", "level": "info", "request_id": "7d855540-a3f8-44f9-82ad-c9d8f48eab83", "timestamp": "2026-08-07T11:50:19.188192Z", "trace_id": "ca1742ccd4d1132a65685c0a47c6b239"}
api-1       | {"claimed": 50, "event": "outbox_dispatch_batch_completed", "lease_lost": 0, "level": "info", "published": 50, "retry_scheduled": 0, "role": "outbox_dispatcher", "timestamp": "2026-08-07T11:50:19.216671Z"}
api-1       | INFO:     127.0.0.1:50804 - "GET /health/ready HTTP/1.1" 200 OK
api-1       | {"duration_ms": 302.936, "event": "http_request_completed", "level": "info", "method": "GET", "outcome": "success", "path": "/health/ready", "request_id": "7d855540-a3f8-44f9-82ad-c9d8f48eab83", "status_code": 200, "timestamp": "2026-08-07T11:50:19.239397Z", "trace_id": "ca1742ccd4d1132a65685c0a47c6b239"}
api-1       | INFO:     172.18.0.1:60248 - "GET /api/v1/runs/72913c60-ea75-4c13-90a0-3e081f4a92e0 HTTP/1.1" 200 OK
api-1       | {"api_key_prefix": "evk_64f04950db0a", "duration_ms": 905.213, "event": "http_request_completed", "level": "info", "method": "GET", "outcome": "success", "path": "/api/v1/runs/72913c60-ea75-4c13-90a0-3e081f4a92e0", "request_id": "fa61858c-3bfc-4872-9913-349c6a682210", "status_code": 200, "tenant_id": "327d2ffb-1823-49ee-aab0-022efdfc7324", "timestamp": "2026-08-07T11:50:19.277036Z", "trace_id": "b3bbaa78bcbe07439eb777e8e39d50f2"}
api-1       | {"claimed": 50, "event": "outbox_dispatch_batch_completed", "lease_lost": 0, "level": "info", "published": 50, "retry_scheduled": 0, "role": "outbox_dispatcher", "timestamp": "2026-08-07T11:50:19.994474Z"}
api-1       | INFO:     172.18.0.1:60248 - "GET /api/v1/runs/72913c60-ea75-4c13-90a0-3e081f4a92e0 HTTP/1.1" 200 OK
api-1       | {"api_key_prefix": "evk_64f04950db0a", "duration_ms": 250.64, "event": "http_request_completed", "level": "info", "method": "GET", "outcome": "success", "path": "/api/v1/runs/72913c60-ea75-4c13-90a0-3e081f4a92e0", "request_id": "1308d92b-6af6-415d-a17e-3e2dd4491cc2", "status_code": 200, "tenant_id": "327d2ffb-1823-49ee-aab0-022efdfc7324", "timestamp": "2026-08-07T11:50:20.078133Z", "trace_id": "a5e144762f4ea96137fc8e73369f0ff3"}
api-1       | {"claimed": 50, "event": "outbox_dispatch_batch_completed", "lease_lost": 0, "level": "info", "published": 50, "retry_scheduled": 0, "role": "outbox_dispatcher", "timestamp": "2026-08-07T11:50:20.768873Z"}
api-1       | INFO:     172.18.0.1:60248 - "GET /api/v1/runs/72913c60-ea75-4c13-90a0-3e081f4a92e0 HTTP/1.1" 200 OK
api-1       | {"api_key_prefix": "evk_64f04950db0a", "duration_ms": 273.844, "event": "http_request_completed", "level": "info", "method": "GET", "outcome": "success", "path": "/api/v1/runs/72913c60-ea75-4c13-90a0-3e081f4a92e0", "request_id": "99d251bf-7995-4d80-971d-59dbc5d93109", "status_code": 200, "tenant_id": "327d2ffb-1823-49ee-aab0-022efdfc7324", "timestamp": "2026-08-07T11:50:20.862413Z", "trace_id": "6396e3f3090f69f500a213cf29cfbf50"}
api-1       | {"claimed": 50, "event": "outbox_dispatch_batch_completed", "lease_lost": 0, "level": "info", "published": 50, "retry_scheduled": 0, "role": "outbox_dispatcher", "timestamp": "2026-08-07T11:50:21.561982Z"}
api-1       | INFO:     172.18.0.1:60248 - "GET /api/v1/runs/72913c60-ea75-4c13-90a0-3e081f4a92e0 HTTP/1.1" 200 OK
api-1       | {"api_key_prefix": "evk_64f04950db0a", "duration_ms": 272.866, "event": "http_request_completed", "level": "info", "method": "GET", "outcome": "success", "path": "/api/v1/runs/72913c60-ea75-4c13-90a0-3e081f4a92e0", "request_id": "4e40485b-72c6-46e4-b0ca-a5e5c804bfae", "status_code": 200, "tenant_id": "327d2ffb-1823-49ee-aab0-022efdfc7324", "timestamp": "2026-08-07T11:50:21.645210Z", "trace_id": "51409bab8db479637d3c6b1a6bc0a874"}
api-1       | {"claimed": 50, "event": "outbox_dispatch_batch_completed", "lease_lost": 0, "level": "info", "published": 50, "retry_scheduled": 0, "role": "outbox_dispatcher", "timestamp": "2026-08-07T11:50:22.213430Z"}
api-1       | INFO:     172.18.0.1:60248 - "GET /api/v1/runs/72913c60-ea75-4c13-90a0-3e081f4a92e0 HTTP/1.1" 200 OK
api-1       | {"api_key_prefix": "evk_64f04950db0a", "duration_ms": 118.418, "event": "http_request_completed", "level": "info", "method": "GET", "outcome": "success", "path": "/api/v1/runs/72913c60-ea75-4c13-90a0-3e081f4a92e0", "request_id": "445e0a31-8fb4-47ba-b66a-5a0edc9405bf", "status_code": 200, "tenant_id": "327d2ffb-1823-49ee-aab0-022efdfc7324", "timestamp": "2026-08-07T11:50:22.272917Z", "trace_id": "f4c9f2841fb7e42ebf36b31464dde7d2"}
api-1       | INFO:     172.18.0.1:60248 - "GET /api/v1/runs/72913c60-ea75-4c13-90a0-3e081f4a92e0/cases?limit=200&sort=case_id HTTP/1.1" 200 OK
api-1       | {"api_key_prefix": "evk_64f04950db0a", "duration_ms": 68.569, "event": "http_request_completed", "level": "info", "method": "GET", "outcome": "success", "path": "/api/v1/runs/72913c60-ea75-4c13-90a0-3e081f4a92e0/cases", "request_id": "56cdcbea-c0e4-4fbf-b580-c82a0f97fa8c", "status_code": 200, "tenant_id": "327d2ffb-1823-49ee-aab0-022efdfc7324", "timestamp": "2026-08-07T11:50:22.343641Z", "trace_id": "6f4f2393dbb7959b135ae391f357c8dd"}
api-1       | INFO:     172.18.0.1:60248 - "GET /api/v1/runs/72913c60-ea75-4c13-90a0-3e081f4a92e0/cases?limit=200&sort=case_id&cursor=eyJkaXJlY3Rpb24iOiJhc2MiLCJlcnJvcl9jb2RlIjpudWxsLCJqb2JfaWQiOiIyNjVmMDg0Zi0wNGI4LTRiMGQtOTkzNC1mMDQ0ZGY3ZjQyMjkiLCJtZXRyaWMiOm51bGwsInNvcnQiOiJjYXNlX2lkIiwic3RhdHVzIjpudWxsLCJ2IjoxLCJ2YWx1ZSI6ImxvYWQtMDE5OSJ9 HTTP/1.1" 200 OK
api-1       | {"api_key_prefix": "evk_64f04950db0a", "duration_ms": 65.662, "event": "http_request_completed", "level": "info", "method": "GET", "outcome": "success", "path": "/api/v1/runs/72913c60-ea75-4c13-90a0-3e081f4a92e0/cases", "request_id": "63b01d47-fc4e-47ed-bafe-95bcdc73ea7c", "status_code": 200, "tenant_id": "327d2ffb-1823-49ee-aab0-022efdfc7324", "timestamp": "2026-08-07T11:50:22.411698Z", "trace_id": "4fd443fb6d3066da36f1f7bfe41362c7"}
api-1       | INFO:     172.18.0.1:60248 - "GET /api/v1/runs/72913c60-ea75-4c13-90a0-3e081f4a92e0/cases?limit=200&sort=case_id&cursor=eyJkaXJlY3Rpb24iOiJhc2MiLCJlcnJvcl9jb2RlIjpudWxsLCJqb2JfaWQiOiI3NTJlZTdkNS04YTJlLTQxNDQtYWFmMC1hZTdhNDZlZWFlMTMiLCJtZXRyaWMiOm51bGwsInNvcnQiOiJjYXNlX2lkIiwic3RhdHVzIjpudWxsLCJ2IjoxLCJ2YWx1ZSI6ImxvYWQtMDM5OSJ9 HTTP/1.1" 200 OK
api-1       | {"api_key_prefix": "evk_64f04950db0a", "duration_ms": 60.937, "event": "http_request_completed", "level": "info", "method": "GET", "outcome": "success", "path": "/api/v1/runs/72913c60-ea75-4c13-90a0-3e081f4a92e0/cases", "request_id": "a8c80ba3-5a1f-4610-8ab8-5b5829cd6e5a", "status_code": 200, "tenant_id": "327d2ffb-1823-49ee-aab0-022efdfc7324", "timestamp": "2026-08-07T11:50:22.474784Z", "trace_id": "64067f8f893dfa36e72f245221133000"}
api-1       | {"claimed": 50, "event": "outbox_dispatch_batch_completed", "lease_lost": 0, "level": "info", "published": 50, "retry_scheduled": 0, "role": "outbox_dispatcher", "timestamp": "2026-08-07T11:50:22.967516Z"}
api-1       | INFO:     127.0.0.1:48714 - "GET /metrics HTTP/1.1" 200 OK
api-1       | {"duration_ms": 24.352, "event": "http_request_completed", "level": "info", "method": "GET", "outcome": "success", "path": "/metrics", "request_id": "80a2f43d-0adc-4fa4-a6c1-19810b722a34", "status_code": 200, "timestamp": "2026-08-07T11:50:22.981070Z", "trace_id": "b55f5bb103358d11f7571d16b35aec09"}
api-1       | {"claimed": 50, "event": "outbox_dispatch_batch_completed", "lease_lost": 0, "level": "info", "published": 50, "retry_scheduled": 0, "role": "outbox_dispatcher", "timestamp": "2026-08-07T11:50:23.688896Z"}
api-1       | {"claimed": 50, "event": "outbox_dispatch_batch_completed", "lease_lost": 0, "level": "info", "published": 50, "retry_scheduled": 0, "role": "outbox_dispatcher", "timestamp": "2026-08-07T11:50:24.433740Z"}
api-1       | {"event": "Context impl PostgresqlImpl.", "level": "info", "request_id": "394e68c2-2128-4388-8b6a-ff23070979cf", "timestamp": "2026-08-07T11:50:24.669138Z", "trace_id": "ec0f323c7539ced78a3cd4b1a34c318a"}
api-1       | {"event": "Will assume transactional DDL.", "level": "info", "request_id": "394e68c2-2128-4388-8b6a-ff23070979cf", "timestamp": "2026-08-07T11:50:24.669317Z", "trace_id": "ec0f323c7539ced78a3cd4b1a34c318a"}
api-1       | INFO:     127.0.0.1:48718 - "GET /health/ready HTTP/1.1" 200 OK
api-1       | {"duration_ms": 31.756, "event": "http_request_completed", "level": "info", "method": "GET", "outcome": "success", "path": "/health/ready", "request_id": "394e68c2-2128-4388-8b6a-ff23070979cf", "status_code": 200, "timestamp": "2026-08-07T11:50:24.678125Z", "trace_id": "ec0f323c7539ced78a3cd4b1a34c318a"}
api-1       | {"claimed": 50, "event": "outbox_dispatch_batch_completed", "lease_lost": 0, "level": "info", "published": 50, "retry_scheduled": 0, "role": "outbox_dispatcher", "timestamp": "2026-08-07T11:50:25.120001Z"}
api-1       | {"claimed": 50, "event": "outbox_dispatch_batch_completed", "lease_lost": 0, "level": "info", "published": 50, "retry_scheduled": 0, "role": "outbox_dispatcher", "timestamp": "2026-08-07T11:50:25.779438Z"}
api-1       | {"claimed": 50, "event": "outbox_dispatch_batch_completed", "lease_lost": 0, "level": "info", "published": 50, "retry_scheduled": 0, "role": "outbox_dispatcher", "timestamp": "2026-08-07T11:50:26.722308Z"}
api-1       | {"claimed": 50, "event": "outbox_dispatch_batch_completed", "lease_lost": 0, "level": "info", "published": 50, "retry_scheduled": 0, "role": "outbox_dispatcher", "timestamp": "2026-08-07T11:50:27.377023Z"}
api-1       | {"claimed": 50, "event": "outbox_dispatch_batch_completed", "lease_lost": 0, "level": "info", "published": 50, "retry_scheduled": 0, "role": "outbox_dispatcher", "timestamp": "2026-08-07T11:50:28.058416Z"}
api-1       | {"claimed": 50, "event": "outbox_dispatch_batch_completed", "lease_lost": 0, "level": "info", "published": 50, "retry_scheduled": 0, "role": "outbox_dispatcher", "timestamp": "2026-08-07T11:50:28.764707Z"}
api-1       | INFO:     172.18.0.1:42124 - "POST /api/v1/runs HTTP/1.1" 202 Accepted
api-1       | {"api_key_prefix": "evk_64f04950db0a", "duration_ms": 170.887, "event": "http_request_completed", "level": "info", "method": "POST", "outcome": "success", "path": "/api/v1/runs", "request_id": "517e06be-87ff-49c3-ab1f-941580dc19c6", "status_code": 202, "tenant_id": "327d2ffb-1823-49ee-aab0-022efdfc7324", "timestamp": "2026-08-07T11:50:29.379890Z", "trace_id": "91754d5c62386e3e6faccbab87c50c1c"}
api-1       | {"claimed": 50, "event": "outbox_dispatch_batch_completed", "lease_lost": 0, "level": "info", "published": 50, "retry_scheduled": 0, "role": "outbox_dispatcher", "timestamp": "2026-08-07T11:50:29.483757Z"}
api-1       | INFO:     172.18.0.1:42124 - "GET /api/v1/runs/b37fa76c-c575-4459-8c69-37c7ffb1690e HTTP/1.1" 200 OK
api-1       | {"api_key_prefix": "evk_64f04950db0a", "duration_ms": 114.83, "event": "http_request_completed", "level": "info", "method": "GET", "outcome": "success", "path": "/api/v1/runs/b37fa76c-c575-4459-8c69-37c7ffb1690e", "request_id": "d211fdcb-cf9e-4ff3-a319-b1e5fa5eff87", "status_code": 200, "tenant_id": "327d2ffb-1823-49ee-aab0-022efdfc7324", "timestamp": "2026-08-07T11:50:29.498743Z", "trace_id": "53795fa0800dfd00333090f0a2342d9d"}
api-1       | {"event": "Context impl PostgresqlImpl.", "level": "info", "request_id": "a47609ef-a108-492d-bb1c-383e38df1e2a", "timestamp": "2026-08-07T11:50:29.964671Z", "trace_id": "b48282a1c395f3c9708e08d0d6740800"}
api-1       | {"event": "Will assume transactional DDL.", "level": "info", "request_id": "a47609ef-a108-492d-bb1c-383e38df1e2a", "timestamp": "2026-08-07T11:50:29.964778Z", "trace_id": "b48282a1c395f3c9708e08d0d6740800"}
api-1       | INFO:     127.0.0.1:48746 - "GET /health/ready HTTP/1.1" 200 OK
api-1       | {"duration_ms": 19.391, "event": "http_request_completed", "level": "info", "method": "GET", "outcome": "success", "path": "/health/ready", "request_id": "a47609ef-a108-492d-bb1c-383e38df1e2a", "status_code": 200, "timestamp": "2026-08-07T11:50:29.970265Z", "trace_id": "b48282a1c395f3c9708e08d0d6740800"}
api-1       | {"claimed": 50, "event": "outbox_dispatch_batch_completed", "lease_lost": 0, "level": "info", "published": 50, "retry_scheduled": 0, "role": "outbox_dispatcher", "timestamp": "2026-08-07T11:50:30.165220Z"}
api-1       | INFO:     172.18.0.1:42124 - "GET /api/v1/runs/b37fa76c-c575-4459-8c69-37c7ffb1690e HTTP/1.1" 200 OK
api-1       | {"api_key_prefix": "evk_64f04950db0a", "duration_ms": 202.172, "event": "http_request_completed", "level": "info", "method": "GET", "outcome": "success", "path": "/api/v1/runs/b37fa76c-c575-4459-8c69-37c7ffb1690e", "request_id": "cbe3d4bf-6a9a-4ada-ba81-c6406becb460", "status_code": 200, "tenant_id": "327d2ffb-1823-49ee-aab0-022efdfc7324", "timestamp": "2026-08-07T11:50:30.216570Z", "trace_id": "629b5f589f3dc9f769bf5e38983df828"}
api-1       | {"claimed": 50, "event": "outbox_dispatch_batch_completed", "lease_lost": 0, "level": "info", "published": 50, "retry_scheduled": 0, "role": "outbox_dispatcher", "timestamp": "2026-08-07T11:50:30.832148Z"}
api-1       | INFO:     172.18.0.1:42124 - "GET /api/v1/runs/b37fa76c-c575-4459-8c69-37c7ffb1690e HTTP/1.1" 200 OK
api-1       | {"api_key_prefix": "evk_64f04950db0a", "duration_ms": 175.586, "event": "http_request_completed", "level": "info", "method": "GET", "outcome": "success", "path": "/api/v1/runs/b37fa76c-c575-4459-8c69-37c7ffb1690e", "request_id": "12925ceb-cca9-4ce8-9bb7-625d6b6b5586", "status_code": 200, "tenant_id": "327d2ffb-1823-49ee-aab0-022efdfc7324", "timestamp": "2026-08-07T11:50:30.897392Z", "trace_id": "320c292ada4f1cb3d5f86e8797128a48"}
api-1       | {"claimed": 50, "event": "outbox_dispatch_batch_completed", "lease_lost": 0, "level": "info", "published": 50, "retry_scheduled": 0, "role": "outbox_dispatcher", "timestamp": "2026-08-07T11:50:31.491191Z"}
api-1       | INFO:     172.18.0.1:42124 - "GET /api/v1/runs/b37fa76c-c575-4459-8c69-37c7ffb1690e HTTP/1.1" 200 OK
api-1       | {"api_key_prefix": "evk_64f04950db0a", "duration_ms": 121.624, "event": "http_request_completed", "level": "info", "method": "GET", "outcome": "success", "path": "/api/v1/runs/b37fa76c-c575-4459-8c69-37c7ffb1690e", "request_id": "278a4680-5f7e-4bde-b0e7-9ef146c7d01c", "status_code": 200, "tenant_id": "327d2ffb-1823-49ee-aab0-022efdfc7324", "timestamp": "2026-08-07T11:50:31.544769Z", "trace_id": "f8f170f70653fa4ec997e38c1a9bc0c1"}
api-1       | {"claimed": 50, "event": "outbox_dispatch_batch_completed", "lease_lost": 0, "level": "info", "published": 50, "retry_scheduled": 0, "role": "outbox_dispatcher", "timestamp": "2026-08-07T11:50:32.161715Z"}
api-1       | INFO:     172.18.0.1:42124 - "GET /api/v1/runs/b37fa76c-c575-4459-8c69-37c7ffb1690e HTTP/1.1" 200 OK
api-1       | {"api_key_prefix": "evk_64f04950db0a", "duration_ms": 154.603, "event": "http_request_completed", "level": "info", "method": "GET", "outcome": "success", "path": "/api/v1/runs/b37fa76c-c575-4459-8c69-37c7ffb1690e", "request_id": "029c4a76-ae9d-470f-8f87-fa7859e14adb", "status_code": 200, "tenant_id": "327d2ffb-1823-49ee-aab0-022efdfc7324", "timestamp": "2026-08-07T11:50:32.214721Z", "trace_id": "16f2b1e6b43a1e95fa0c728080506732"}
api-1       | {"claimed": 45, "event": "outbox_dispatch_batch_completed", "lease_lost": 0, "level": "info", "published": 45, "retry_scheduled": 0, "role": "outbox_dispatcher", "timestamp": "2026-08-07T11:50:32.803915Z"}
api-1       | INFO:     172.18.0.1:42124 - "GET /api/v1/runs/b37fa76c-c575-4459-8c69-37c7ffb1690e HTTP/1.1" 200 OK
api-1       | {"api_key_prefix": "evk_64f04950db0a", "duration_ms": 126.634, "event": "http_request_completed", "level": "info", "method": "GET", "outcome": "success", "path": "/api/v1/runs/b37fa76c-c575-4459-8c69-37c7ffb1690e", "request_id": "de905b7f-904d-49e0-9a6b-7759ef75b9a6", "status_code": 200, "tenant_id": "327d2ffb-1823-49ee-aab0-022efdfc7324", "timestamp": "2026-08-07T11:50:32.854701Z", "trace_id": "6591cd997bdd60edc39074a08fd9899e"}
api-1       | {"claimed": 3, "event": "outbox_dispatch_batch_completed", "lease_lost": 0, "level": "info", "published": 3, "retry_scheduled": 0, "role": "outbox_dispatcher", "timestamp": "2026-08-07T11:50:33.317644Z"}
api-1       | INFO:     172.18.0.1:42124 - "GET /api/v1/runs/b37fa76c-c575-4459-8c69-37c7ffb1690e HTTP/1.1" 200 OK
api-1       | {"api_key_prefix": "evk_64f04950db0a", "duration_ms": 54.473, "event": "http_request_completed", "level": "info", "method": "GET", "outcome": "success", "path": "/api/v1/runs/b37fa76c-c575-4459-8c69-37c7ffb1690e", "request_id": "02ca13ed-873c-48da-a358-53025b1d7edb", "status_code": 200, "tenant_id": "327d2ffb-1823-49ee-aab0-022efdfc7324", "timestamp": "2026-08-07T11:50:33.411663Z", "trace_id": "9787996968aef0ff2910d01e540de08c"}
api-1       | INFO:     172.18.0.1:42124 - "GET /api/v1/runs/b37fa76c-c575-4459-8c69-37c7ffb1690e/cases?limit=200&sort=case_id HTTP/1.1" 200 OK
api-1       | {"api_key_prefix": "evk_64f04950db0a", "duration_ms": 56.832, "event": "http_request_completed", "level": "info", "method": "GET", "outcome": "success", "path": "/api/v1/runs/b37fa76c-c575-4459-8c69-37c7ffb1690e/cases", "request_id": "bf850422-4daf-484a-baf8-7e515edae951", "status_code": 200, "tenant_id": "327d2ffb-1823-49ee-aab0-022efdfc7324", "timestamp": "2026-08-07T11:50:33.470135Z", "trace_id": "140c599c37a23a32d5c7a88e075a4246"}
api-1       | INFO:     127.0.0.1:39788 - "GET /metrics HTTP/1.1" 200 OK
api-1       | {"duration_ms": 15.448, "event": "http_request_completed", "level": "info", "method": "GET", "outcome": "success", "path": "/metrics", "request_id": "ac850b92-a179-40b8-bef8-b07b79698d5b", "status_code": 200, "timestamp": "2026-08-07T11:50:33.849768Z", "trace_id": "d1641f55759e799913af711569dd6664"}
api-1       | INFO:     172.18.0.1:42124 - "POST /api/v1/runs HTTP/1.1" 202 Accepted
api-1       | {"api_key_prefix": "evk_64f04950db0a", "duration_ms": 237.887, "event": "http_request_completed", "level": "info", "method": "POST", "outcome": "success", "path": "/api/v1/runs", "request_id": "97e05f88-77f8-4b4a-bdc4-ef1dfb406f7e", "status_code": 202, "tenant_id": "327d2ffb-1823-49ee-aab0-022efdfc7324", "timestamp": "2026-08-07T11:50:34.649593Z", "trace_id": "b061b060c368c9d2a81acd6fefbf567f"}
api-1       | INFO:     172.18.0.1:42124 - "GET /api/v1/runs/ecc6d778-af2b-4684-bd7e-f414faf65534 HTTP/1.1" 200 OK
api-1       | {"api_key_prefix": "evk_64f04950db0a", "duration_ms": 50.361, "event": "http_request_completed", "level": "info", "method": "GET", "outcome": "success", "path": "/api/v1/runs/ecc6d778-af2b-4684-bd7e-f414faf65534", "request_id": "2a2a2ea0-346f-4713-a9cc-fbbd8b92b014", "status_code": 200, "tenant_id": "327d2ffb-1823-49ee-aab0-022efdfc7324", "timestamp": "2026-08-07T11:50:34.701627Z", "trace_id": "8f366af2f396a7ff536e19de75de5e1a"}
api-1       | INFO:     172.18.0.1:42124 - "GET /api/v1/runs/ecc6d778-af2b-4684-bd7e-f414faf65534 HTTP/1.1" 200 OK
api-1       | {"api_key_prefix": "evk_64f04950db0a", "duration_ms": 72.168, "event": "http_request_completed", "level": "info", "method": "GET", "outcome": "success", "path": "/api/v1/runs/ecc6d778-af2b-4684-bd7e-f414faf65534", "request_id": "f715e124-263b-4ec4-9850-40870e6b8e32", "status_code": 200, "tenant_id": "327d2ffb-1823-49ee-aab0-022efdfc7324", "timestamp": "2026-08-07T11:50:35.276807Z", "trace_id": "cbe2c9745ac8427533cd36e5d7003ec5"}
api-1       | {"event": "Context impl PostgresqlImpl.", "level": "info", "request_id": "a7210b7e-f642-4e1f-94e0-2f5d088acef3", "timestamp": "2026-08-07T11:50:35.391345Z", "trace_id": "390a9cc39ff119c71d77e9a3910b9e47"}
api-1       | {"event": "Will assume transactional DDL.", "level": "info", "request_id": "a7210b7e-f642-4e1f-94e0-2f5d088acef3", "timestamp": "2026-08-07T11:50:35.391460Z", "trace_id": "390a9cc39ff119c71d77e9a3910b9e47"}
api-1       | INFO:     127.0.0.1:39816 - "GET /health/ready HTTP/1.1" 200 OK
api-1       | {"duration_ms": 106.468, "event": "http_request_completed", "level": "info", "method": "GET", "outcome": "success", "path": "/health/ready", "request_id": "a7210b7e-f642-4e1f-94e0-2f5d088acef3", "status_code": 200, "timestamp": "2026-08-07T11:50:35.444282Z", "trace_id": "390a9cc39ff119c71d77e9a3910b9e47"}
api-1       | {"claimed": 18, "event": "outbox_dispatch_batch_completed", "lease_lost": 0, "level": "info", "published": 18, "retry_scheduled": 0, "role": "outbox_dispatcher", "timestamp": "2026-08-07T11:50:35.472642Z"}
api-1       | INFO:     172.18.0.1:42124 - "GET /api/v1/runs/ecc6d778-af2b-4684-bd7e-f414faf65534 HTTP/1.1" 200 OK
api-1       | {"api_key_prefix": "evk_64f04950db0a", "duration_ms": 50.773, "event": "http_request_completed", "level": "info", "method": "GET", "outcome": "success", "path": "/api/v1/runs/ecc6d778-af2b-4684-bd7e-f414faf65534", "request_id": "feeb3517-2af9-40d7-8175-20b5cd9abca9", "status_code": 200, "tenant_id": "327d2ffb-1823-49ee-aab0-022efdfc7324", "timestamp": "2026-08-07T11:50:35.830013Z", "trace_id": "fb903b0e900d269cf8893cee44641009"}
api-1       | {"claimed": 30, "event": "outbox_dispatch_batch_completed", "lease_lost": 0, "level": "info", "published": 30, "retry_scheduled": 0, "role": "outbox_dispatcher", "timestamp": "2026-08-07T11:50:36.090798Z"}
api-1       | INFO:     172.18.0.1:42124 - "GET /api/v1/runs/ecc6d778-af2b-4684-bd7e-f414faf65534 HTTP/1.1" 200 OK
api-1       | {"api_key_prefix": "evk_64f04950db0a", "duration_ms": 55.628, "event": "http_request_completed", "level": "info", "method": "GET", "outcome": "success", "path": "/api/v1/runs/ecc6d778-af2b-4684-bd7e-f414faf65534", "request_id": "31321e7c-55fb-4efe-a17a-a542d31df059", "status_code": 200, "tenant_id": "327d2ffb-1823-49ee-aab0-022efdfc7324", "timestamp": "2026-08-07T11:50:36.388463Z", "trace_id": "4bc81fc1ce72cb838648a1bce39f44ba"}
api-1       | {"claimed": 30, "event": "outbox_dispatch_batch_completed", "lease_lost": 0, "level": "info", "published": 30, "retry_scheduled": 0, "role": "outbox_dispatcher", "timestamp": "2026-08-07T11:50:36.762814Z"}
api-1       | INFO:     172.18.0.1:42124 - "GET /api/v1/runs/ecc6d778-af2b-4684-bd7e-f414faf65534 HTTP/1.1" 200 OK
api-1       | {"api_key_prefix": "evk_64f04950db0a", "duration_ms": 56.508, "event": "http_request_completed", "level": "info", "method": "GET", "outcome": "success", "path": "/api/v1/runs/ecc6d778-af2b-4684-bd7e-f414faf65534", "request_id": "3620188d-0b4f-49f4-8111-c190c31862d5", "status_code": 200, "tenant_id": "327d2ffb-1823-49ee-aab0-022efdfc7324", "timestamp": "2026-08-07T11:50:36.948340Z", "trace_id": "c91868df31b9acd47fac771bdcdb13db"}
api-1       | {"claimed": 30, "event": "outbox_dispatch_batch_completed", "lease_lost": 0, "level": "info", "published": 30, "retry_scheduled": 0, "role": "outbox_dispatcher", "timestamp": "2026-08-07T11:50:37.391957Z"}
api-1       | INFO:     172.18.0.1:42124 - "GET /api/v1/runs/ecc6d778-af2b-4684-bd7e-f414faf65534 HTTP/1.1" 200 OK
api-1       | {"api_key_prefix": "evk_64f04950db0a", "duration_ms": 59.564, "event": "http_request_completed", "level": "info", "method": "GET", "outcome": "success", "path": "/api/v1/runs/ecc6d778-af2b-4684-bd7e-f414faf65534", "request_id": "4463db37-c5a9-4a2d-9428-f63ed5415b54", "status_code": 200, "tenant_id": "327d2ffb-1823-49ee-aab0-022efdfc7324", "timestamp": "2026-08-07T11:50:37.511343Z", "trace_id": "f385237ecf6cac42a6d32889387bb1b2"}
api-1       | {"claimed": 28, "event": "outbox_dispatch_batch_completed", "lease_lost": 0, "level": "info", "published": 28, "retry_scheduled": 0, "role": "outbox_dispatcher", "timestamp": "2026-08-07T11:50:38.001731Z"}
api-1       | INFO:     172.18.0.1:42124 - "GET /api/v1/runs/ecc6d778-af2b-4684-bd7e-f414faf65534 HTTP/1.1" 200 OK
api-1       | {"api_key_prefix": "evk_64f04950db0a", "duration_ms": 58.169, "event": "http_request_completed", "level": "info", "method": "GET", "outcome": "success", "path": "/api/v1/runs/ecc6d778-af2b-4684-bd7e-f414faf65534", "request_id": "4a77a67a-294b-4d42-94fd-61e66c4f63bd", "status_code": 200, "tenant_id": "327d2ffb-1823-49ee-aab0-022efdfc7324", "timestamp": "2026-08-07T11:50:38.072085Z", "trace_id": "879057d10753bd6b00efd8752a542d2d"}
api-1       | {"claimed": 26, "event": "outbox_dispatch_batch_completed", "lease_lost": 0, "level": "info", "published": 26, "retry_scheduled": 0, "role": "outbox_dispatcher", "timestamp": "2026-08-07T11:50:38.660678Z"}
api-1       | INFO:     172.18.0.1:42124 - "GET /api/v1/runs/ecc6d778-af2b-4684-bd7e-f414faf65534 HTTP/1.1" 200 OK
api-1       | {"api_key_prefix": "evk_64f04950db0a", "duration_ms": 89.044, "event": "http_request_completed", "level": "info", "method": "GET", "outcome": "success", "path": "/api/v1/runs/ecc6d778-af2b-4684-bd7e-f414faf65534", "request_id": "a7a2977b-c0d1-407e-b320-2b48a0244357", "status_code": 200, "tenant_id": "327d2ffb-1823-49ee-aab0-022efdfc7324", "timestamp": "2026-08-07T11:50:38.668208Z", "trace_id": "bd618407c40382bbd43fabb4f7fa6934"}
api-1       | {"claimed": 30, "event": "outbox_dispatch_batch_completed", "lease_lost": 0, "level": "info", "published": 30, "retry_scheduled": 0, "role": "outbox_dispatcher", "timestamp": "2026-08-07T11:50:39.304567Z"}
api-1       | INFO:     172.18.0.1:42124 - "GET /api/v1/runs/ecc6d778-af2b-4684-bd7e-f414faf65534 HTTP/1.1" 200 OK
api-1       | {"api_key_prefix": "evk_64f04950db0a", "duration_ms": 139.746, "event": "http_request_completed", "level": "info", "method": "GET", "outcome": "success", "path": "/api/v1/runs/ecc6d778-af2b-4684-bd7e-f414faf65534", "request_id": "d934c62e-b35e-4db3-bf0d-9a3ec8f3b627", "status_code": 200, "tenant_id": "327d2ffb-1823-49ee-aab0-022efdfc7324", "timestamp": "2026-08-07T11:50:39.311112Z", "trace_id": "67d8bf96a37afea9cc28c355177300e9"}
api-1       | {"claimed": 29, "event": "outbox_dispatch_batch_completed", "lease_lost": 0, "level": "info", "published": 29, "retry_scheduled": 0, "role": "outbox_dispatcher", "timestamp": "2026-08-07T11:50:39.968002Z"}
api-1       | INFO:     172.18.0.1:42124 - "GET /api/v1/runs/ecc6d778-af2b-4684-bd7e-f414faf65534 HTTP/1.1" 200 OK
api-1       | {"api_key_prefix": "evk_64f04950db0a", "duration_ms": 165.367, "event": "http_request_completed", "level": "info", "method": "GET", "outcome": "success", "path": "/api/v1/runs/ecc6d778-af2b-4684-bd7e-f414faf65534", "request_id": "b982839d-123c-4ac4-83c5-3e151f5fd76e", "status_code": 200, "tenant_id": "327d2ffb-1823-49ee-aab0-022efdfc7324", "timestamp": "2026-08-07T11:50:39.979669Z", "trace_id": "92fd383f4ed073cd14280783cfd573eb"}
api-1       | {"claimed": 31, "event": "outbox_dispatch_batch_completed", "lease_lost": 0, "level": "info", "published": 31, "retry_scheduled": 0, "role": "outbox_dispatcher", "timestamp": "2026-08-07T11:50:40.747885Z"}
api-1       | INFO:     172.18.0.1:42124 - "GET /api/v1/runs/ecc6d778-af2b-4684-bd7e-f414faf65534 HTTP/1.1" 200 OK
api-1       | {"api_key_prefix": "evk_64f04950db0a", "duration_ms": 272.642, "event": "http_request_completed", "level": "info", "method": "GET", "outcome": "success", "path": "/api/v1/runs/ecc6d778-af2b-4684-bd7e-f414faf65534", "request_id": "07928b19-2a1c-41cf-812a-481eddd752c6", "status_code": 200, "tenant_id": "327d2ffb-1823-49ee-aab0-022efdfc7324", "timestamp": "2026-08-07T11:50:40.755564Z", "trace_id": "a8ff00be71552504e4f8a4cee5275281"}
api-1       | {"event": "Context impl PostgresqlImpl.", "level": "info", "request_id": "fb704188-29c2-40f9-9143-3b8ff273e767", "timestamp": "2026-08-07T11:50:40.917501Z", "trace_id": "362c503b16aa71f245bf6b7fa5af6cb9"}
api-1       | {"event": "Will assume transactional DDL.", "level": "info", "request_id": "fb704188-29c2-40f9-9143-3b8ff273e767", "timestamp": "2026-08-07T11:50:40.917607Z", "trace_id": "362c503b16aa71f245bf6b7fa5af6cb9"}
api-1       | INFO:     127.0.0.1:39846 - "GET /health/ready HTTP/1.1" 200 OK
api-1       | {"duration_ms": 19.897, "event": "http_request_completed", "level": "info", "method": "GET", "outcome": "success", "path": "/health/ready", "request_id": "fb704188-29c2-40f9-9143-3b8ff273e767", "status_code": 200, "timestamp": "2026-08-07T11:50:40.923807Z", "trace_id": "362c503b16aa71f245bf6b7fa5af6cb9"}
api-1       | {"claimed": 38, "event": "outbox_dispatch_batch_completed", "lease_lost": 0, "level": "info", "published": 38, "retry_scheduled": 0, "role": "outbox_dispatcher", "timestamp": "2026-08-07T11:50:41.404947Z"}
api-1       | INFO:     172.18.0.1:42124 - "GET /api/v1/runs/ecc6d778-af2b-4684-bd7e-f414faf65534 HTTP/1.1" 200 OK
api-1       | {"api_key_prefix": "evk_64f04950db0a", "duration_ms": 158.461, "event": "http_request_completed", "level": "info", "method": "GET", "outcome": "success", "path": "/api/v1/runs/ecc6d778-af2b-4684-bd7e-f414faf65534", "request_id": "473b4c9f-55ad-4373-939b-3fdbd83d60ec", "status_code": 200, "tenant_id": "327d2ffb-1823-49ee-aab0-022efdfc7324", "timestamp": "2026-08-07T11:50:41.416704Z", "trace_id": "7898ccd47d42e6962b38149a2d256972"}
api-1       | {"claimed": 28, "event": "outbox_dispatch_batch_completed", "lease_lost": 0, "level": "info", "published": 28, "retry_scheduled": 0, "role": "outbox_dispatcher", "timestamp": "2026-08-07T11:50:42.063676Z"}
api-1       | INFO:     172.18.0.1:42124 - "GET /api/v1/runs/ecc6d778-af2b-4684-bd7e-f414faf65534 HTTP/1.1" 200 OK
api-1       | {"api_key_prefix": "evk_64f04950db0a", "duration_ms": 156.941, "event": "http_request_completed", "level": "info", "method": "GET", "outcome": "success", "path": "/api/v1/runs/ecc6d778-af2b-4684-bd7e-f414faf65534", "request_id": "2a13a7e1-3221-45cf-af55-b4e46c83c1d9", "status_code": 200, "tenant_id": "327d2ffb-1823-49ee-aab0-022efdfc7324", "timestamp": "2026-08-07T11:50:42.080612Z", "trace_id": "d35133c8636e6c1614fa722d3898813c"}
api-1       | {"claimed": 32, "event": "outbox_dispatch_batch_completed", "lease_lost": 0, "level": "info", "published": 32, "retry_scheduled": 0, "role": "outbox_dispatcher", "timestamp": "2026-08-07T11:50:42.695423Z"}
api-1       | INFO:     172.18.0.1:42124 - "GET /api/v1/runs/ecc6d778-af2b-4684-bd7e-f414faf65534 HTTP/1.1" 200 OK
api-1       | {"api_key_prefix": "evk_64f04950db0a", "duration_ms": 148.127, "event": "http_request_completed", "level": "info", "method": "GET", "outcome": "success", "path": "/api/v1/runs/ecc6d778-af2b-4684-bd7e-f414faf65534", "request_id": "842f38cd-97aa-4ae2-9353-d2453c73404f", "status_code": 200, "tenant_id": "327d2ffb-1823-49ee-aab0-022efdfc7324", "timestamp": "2026-08-07T11:50:42.748554Z", "trace_id": "755e43c2d0dbd2acf0371b3e961cc997"}
api-1       | {"claimed": 31, "event": "outbox_dispatch_batch_completed", "lease_lost": 0, "level": "info", "published": 31, "retry_scheduled": 0, "role": "outbox_dispatcher", "timestamp": "2026-08-07T11:50:43.387626Z"}
api-1       | INFO:     172.18.0.1:42124 - "GET /api/v1/runs/ecc6d778-af2b-4684-bd7e-f414faf65534 HTTP/1.1" 200 OK
api-1       | {"api_key_prefix": "evk_64f04950db0a", "duration_ms": 139.843, "event": "http_request_completed", "level": "info", "method": "GET", "outcome": "success", "path": "/api/v1/runs/ecc6d778-af2b-4684-bd7e-f414faf65534", "request_id": "9006ff6c-2bf5-4c84-8463-28d7aab1b7e0", "status_code": 200, "tenant_id": "327d2ffb-1823-49ee-aab0-022efdfc7324", "timestamp": "2026-08-07T11:50:43.438712Z", "trace_id": "83215a735576414cbd9fac11ca570665"}
api-1       | {"claimed": 33, "event": "outbox_dispatch_batch_completed", "lease_lost": 0, "level": "info", "published": 33, "retry_scheduled": 0, "role": "outbox_dispatcher", "timestamp": "2026-08-07T11:50:44.020610Z"}
api-1       | INFO:     172.18.0.1:42124 - "GET /api/v1/runs/ecc6d778-af2b-4684-bd7e-f414faf65534 HTTP/1.1" 200 OK
api-1       | {"api_key_prefix": "evk_64f04950db0a", "duration_ms": 149.529, "event": "http_request_completed", "level": "info", "method": "GET", "outcome": "success", "path": "/api/v1/runs/ecc6d778-af2b-4684-bd7e-f414faf65534", "request_id": "6aa79d57-54f0-4590-b67a-db2a7a64f9ee", "status_code": 200, "tenant_id": "327d2ffb-1823-49ee-aab0-022efdfc7324", "timestamp": "2026-08-07T11:50:44.118731Z", "trace_id": "c9588f5b8b4e8243a89f8cb55c4f46fc"}
api-1       | {"claimed": 30, "event": "outbox_dispatch_batch_completed", "lease_lost": 0, "level": "info", "published": 30, "retry_scheduled": 0, "role": "outbox_dispatcher", "timestamp": "2026-08-07T11:50:44.673013Z"}
api-1       | INFO:     172.18.0.1:42124 - "GET /api/v1/runs/ecc6d778-af2b-4684-bd7e-f414faf65534 HTTP/1.1" 200 OK
api-1       | {"api_key_prefix": "evk_64f04950db0a", "duration_ms": 96.775, "event": "http_request_completed", "level": "info", "method": "GET", "outcome": "success", "path": "/api/v1/runs/ecc6d778-af2b-4684-bd7e-f414faf65534", "request_id": "580d26d7-e958-4739-bd6a-d114bfe9bd90", "status_code": 200, "tenant_id": "327d2ffb-1823-49ee-aab0-022efdfc7324", "timestamp": "2026-08-07T11:50:44.724356Z", "trace_id": "8cd7940e0c925d8e8205315588302132"}
api-1       | {"claimed": 30, "event": "outbox_dispatch_batch_completed", "lease_lost": 0, "level": "info", "published": 30, "retry_scheduled": 0, "role": "outbox_dispatcher", "timestamp": "2026-08-07T11:50:45.361606Z"}
api-1       | INFO:     172.18.0.1:42124 - "GET /api/v1/runs/ecc6d778-af2b-4684-bd7e-f414faf65534 HTTP/1.1" 200 OK
api-1       | {"api_key_prefix": "evk_64f04950db0a", "duration_ms": 205.944, "event": "http_request_completed", "level": "info", "method": "GET", "outcome": "success", "path": "/api/v1/runs/ecc6d778-af2b-4684-bd7e-f414faf65534", "request_id": "535ce412-cd0f-4894-b4bd-a92d33e2d660", "status_code": 200, "tenant_id": "327d2ffb-1823-49ee-aab0-022efdfc7324", "timestamp": "2026-08-07T11:50:45.447540Z", "trace_id": "c5a9eeee09fefe1569118c7b99b78972"}
api-1       | {"claimed": 30, "event": "outbox_dispatch_batch_completed", "lease_lost": 0, "level": "info", "published": 30, "retry_scheduled": 0, "role": "outbox_dispatcher", "timestamp": "2026-08-07T11:50:46.002672Z"}
api-1       | INFO:     172.18.0.1:42124 - "GET /api/v1/runs/ecc6d778-af2b-4684-bd7e-f414faf65534 HTTP/1.1" 200 OK
api-1       | {"api_key_prefix": "evk_64f04950db0a", "duration_ms": 119.899, "event": "http_request_completed", "level": "info", "method": "GET", "outcome": "success", "path": "/api/v1/runs/ecc6d778-af2b-4684-bd7e-f414faf65534", "request_id": "599309d3-f7f0-40a8-bc66-f01a0a515c32", "status_code": 200, "tenant_id": "327d2ffb-1823-49ee-aab0-022efdfc7324", "timestamp": "2026-08-07T11:50:46.077600Z", "trace_id": "f6dfd43a6b31e03fe05b564303394890"}
api-1       | {"event": "Context impl PostgresqlImpl.", "level": "info", "request_id": "947e094e-4eac-46dc-b66c-228f46150118", "timestamp": "2026-08-07T11:50:46.313716Z", "trace_id": "f624d9d20ac33cff6fe9d59ce0a2960e"}
api-1       | {"event": "Will assume transactional DDL.", "level": "info", "request_id": "947e094e-4eac-46dc-b66c-228f46150118", "timestamp": "2026-08-07T11:50:46.313831Z", "trace_id": "f624d9d20ac33cff6fe9d59ce0a2960e"}
api-1       | INFO:     127.0.0.1:35298 - "GET /health/ready HTTP/1.1" 200 OK
api-1       | {"duration_ms": 22.022, "event": "http_request_completed", "level": "info", "method": "GET", "outcome": "success", "path": "/health/ready", "request_id": "947e094e-4eac-46dc-b66c-228f46150118", "status_code": 200, "timestamp": "2026-08-07T11:50:46.319164Z", "trace_id": "f624d9d20ac33cff6fe9d59ce0a2960e"}
api-1       | {"claimed": 32, "event": "outbox_dispatch_batch_completed", "lease_lost": 0, "level": "info", "published": 32, "retry_scheduled": 0, "role": "outbox_dispatcher", "timestamp": "2026-08-07T11:50:46.669521Z"}
api-1       | INFO:     172.18.0.1:42124 - "GET /api/v1/runs/ecc6d778-af2b-4684-bd7e-f414faf65534 HTTP/1.1" 200 OK
api-1       | {"api_key_prefix": "evk_64f04950db0a", "duration_ms": 88.9, "event": "http_request_completed", "level": "info", "method": "GET", "outcome": "success", "path": "/api/v1/runs/ecc6d778-af2b-4684-bd7e-f414faf65534", "request_id": "fa380e4c-ae0b-4ba4-a268-eef54bc313b5", "status_code": 200, "tenant_id": "327d2ffb-1823-49ee-aab0-022efdfc7324", "timestamp": "2026-08-07T11:50:46.678193Z", "trace_id": "c487d70322d05bd829b9fa2b4c565ba4"}
api-1       | {"claimed": 26, "event": "outbox_dispatch_batch_completed", "lease_lost": 0, "level": "info", "published": 26, "retry_scheduled": 0, "role": "outbox_dispatcher", "timestamp": "2026-08-07T11:50:47.299650Z"}
api-1       | INFO:     172.18.0.1:42124 - "GET /api/v1/runs/ecc6d778-af2b-4684-bd7e-f414faf65534 HTTP/1.1" 200 OK
api-1       | {"api_key_prefix": "evk_64f04950db0a", "duration_ms": 183.823, "event": "http_request_completed", "level": "info", "method": "GET", "outcome": "success", "path": "/api/v1/runs/ecc6d778-af2b-4684-bd7e-f414faf65534", "request_id": "351f734f-145a-4ab6-81c8-590f22e7271f", "status_code": 200, "tenant_id": "327d2ffb-1823-49ee-aab0-022efdfc7324", "timestamp": "2026-08-07T11:50:47.364712Z", "trace_id": "ef054a34c254607e7d577e3f78d2d26c"}
api-1       | {"claimed": 26, "event": "outbox_dispatch_batch_completed", "lease_lost": 0, "level": "info", "published": 26, "retry_scheduled": 0, "role": "outbox_dispatcher", "timestamp": "2026-08-07T11:50:47.918805Z"}
api-1       | INFO:     172.18.0.1:42124 - "GET /api/v1/runs/ecc6d778-af2b-4684-bd7e-f414faf65534 HTTP/1.1" 200 OK
api-1       | {"api_key_prefix": "evk_64f04950db0a", "duration_ms": 89.778, "event": "http_request_completed", "level": "info", "method": "GET", "outcome": "success", "path": "/api/v1/runs/ecc6d778-af2b-4684-bd7e-f414faf65534", "request_id": "ed020249-e226-4a6c-8f4f-383d1fb4ad92", "status_code": 200, "tenant_id": "327d2ffb-1823-49ee-aab0-022efdfc7324", "timestamp": "2026-08-07T11:50:47.972529Z", "trace_id": "a4538abf2b608ee8faf6c69a8af6615b"}
api-1       | {"claimed": 28, "event": "outbox_dispatch_batch_completed", "lease_lost": 0, "level": "info", "published": 28, "retry_scheduled": 0, "role": "outbox_dispatcher", "timestamp": "2026-08-07T11:50:48.562360Z"}
api-1       | INFO:     172.18.0.1:42124 - "GET /api/v1/runs/ecc6d778-af2b-4684-bd7e-f414faf65534 HTTP/1.1" 200 OK
api-1       | {"api_key_prefix": "evk_64f04950db0a", "duration_ms": 124.501, "event": "http_request_completed", "level": "info", "method": "GET", "outcome": "success", "path": "/api/v1/runs/ecc6d778-af2b-4684-bd7e-f414faf65534", "request_id": "0db46138-e45d-48af-81a4-631a3b02733e", "status_code": 200, "tenant_id": "327d2ffb-1823-49ee-aab0-022efdfc7324", "timestamp": "2026-08-07T11:50:48.620561Z", "trace_id": "b47b1c92988ee63e3daebe8d9a3c2dae"}
api-1       | {"claimed": 30, "event": "outbox_dispatch_batch_completed", "lease_lost": 0, "level": "info", "published": 30, "retry_scheduled": 0, "role": "outbox_dispatcher", "timestamp": "2026-08-07T11:50:49.185741Z"}
api-1       | INFO:     172.18.0.1:42124 - "GET /api/v1/runs/ecc6d778-af2b-4684-bd7e-f414faf65534 HTTP/1.1" 200 OK
api-1       | {"api_key_prefix": "evk_64f04950db0a", "duration_ms": 96.804, "event": "http_request_completed", "level": "info", "method": "GET", "outcome": "success", "path": "/api/v1/runs/ecc6d778-af2b-4684-bd7e-f414faf65534", "request_id": "45f783d2-04e0-4f1a-8443-749787fb1148", "status_code": 200, "tenant_id": "327d2ffb-1823-49ee-aab0-022efdfc7324", "timestamp": "2026-08-07T11:50:49.238980Z", "trace_id": "0220a4beea8e754719357ed517d14e11"}
api-1       | {"claimed": 30, "event": "outbox_dispatch_batch_completed", "lease_lost": 0, "level": "info", "published": 30, "retry_scheduled": 0, "role": "outbox_dispatcher", "timestamp": "2026-08-07T11:50:49.809136Z"}
api-1       | INFO:     172.18.0.1:42124 - "GET /api/v1/runs/ecc6d778-af2b-4684-bd7e-f414faf65534 HTTP/1.1" 200 OK
api-1       | {"api_key_prefix": "evk_64f04950db0a", "duration_ms": 108.259, "event": "http_request_completed", "level": "info", "method": "GET", "outcome": "success", "path": "/api/v1/runs/ecc6d778-af2b-4684-bd7e-f414faf65534", "request_id": "fb53d6e2-9f28-42bc-b09d-0a257fce5ecf", "status_code": 200, "tenant_id": "327d2ffb-1823-49ee-aab0-022efdfc7324", "timestamp": "2026-08-07T11:50:49.869275Z", "trace_id": "b1e85d68a01b70a6600aa735981bf094"}
api-1       | {"claimed": 30, "event": "outbox_dispatch_batch_completed", "lease_lost": 0, "level": "info", "published": 30, "retry_scheduled": 0, "role": "outbox_dispatcher", "timestamp": "2026-08-07T11:50:50.426228Z"}
api-1       | INFO:     172.18.0.1:42124 - "GET /api/v1/runs/ecc6d778-af2b-4684-bd7e-f414faf65534 HTTP/1.1" 200 OK
api-1       | {"api_key_prefix": "evk_64f04950db0a", "duration_ms": 138.623, "event": "http_request_completed", "level": "info", "method": "GET", "outcome": "success", "path": "/api/v1/runs/ecc6d778-af2b-4684-bd7e-f414faf65534", "request_id": "5d9bccaf-1d37-4f63-9c92-f0650c6fbf84", "status_code": 200, "tenant_id": "327d2ffb-1823-49ee-aab0-022efdfc7324", "timestamp": "2026-08-07T11:50:50.519407Z", "trace_id": "24a85cd7dd0f56bd462f6d0b477f07d5"}
api-1       | {"claimed": 30, "event": "outbox_dispatch_batch_completed", "lease_lost": 0, "level": "info", "published": 30, "retry_scheduled": 0, "role": "outbox_dispatcher", "timestamp": "2026-08-07T11:50:51.061188Z"}
api-1       | INFO:     172.18.0.1:42124 - "GET /api/v1/runs/ecc6d778-af2b-4684-bd7e-f414faf65534 HTTP/1.1" 200 OK
api-1       | {"api_key_prefix": "evk_64f04950db0a", "duration_ms": 100.7, "event": "http_request_completed", "level": "info", "method": "GET", "outcome": "success", "path": "/api/v1/runs/ecc6d778-af2b-4684-bd7e-f414faf65534", "request_id": "0bf2860d-9f66-4931-84a9-3306df67f942", "status_code": 200, "tenant_id": "327d2ffb-1823-49ee-aab0-022efdfc7324", "timestamp": "2026-08-07T11:50:51.123932Z", "trace_id": "1c9259c95493099bfe2fe257d9f6d01b"}
api-1       | {"event": "Context impl PostgresqlImpl.", "level": "info", "request_id": "ed6f7e5b-6309-404a-826c-66a457863765", "timestamp": "2026-08-07T11:50:51.726333Z", "trace_id": "7b63019b3895e2f9f2ed084f6ecee6c5"}
api-1       | {"event": "Will assume transactional DDL.", "level": "info", "request_id": "ed6f7e5b-6309-404a-826c-66a457863765", "timestamp": "2026-08-07T11:50:51.726497Z", "trace_id": "7b63019b3895e2f9f2ed084f6ecee6c5"}
api-1       | {"claimed": 30, "event": "outbox_dispatch_batch_completed", "lease_lost": 0, "level": "info", "published": 30, "retry_scheduled": 0, "role": "outbox_dispatcher", "timestamp": "2026-08-07T11:50:51.760945Z"}
api-1       | INFO:     127.0.0.1:35314 - "GET /health/ready HTTP/1.1" 200 OK
api-1       | {"duration_ms": 131.362, "event": "http_request_completed", "level": "info", "method": "GET", "outcome": "success", "path": "/health/ready", "request_id": "ed6f7e5b-6309-404a-826c-66a457863765", "status_code": 200, "timestamp": "2026-08-07T11:50:51.768331Z", "trace_id": "7b63019b3895e2f9f2ed084f6ecee6c5"}
api-1       | INFO:     172.18.0.1:42124 - "GET /api/v1/runs/ecc6d778-af2b-4684-bd7e-f414faf65534 HTTP/1.1" 200 OK
api-1       | {"api_key_prefix": "evk_64f04950db0a", "duration_ms": 186.922, "event": "http_request_completed", "level": "info", "method": "GET", "outcome": "success", "path": "/api/v1/runs/ecc6d778-af2b-4684-bd7e-f414faf65534", "request_id": "a20a98a3-5e03-4700-a27c-736f11eecd8f", "status_code": 200, "tenant_id": "327d2ffb-1823-49ee-aab0-022efdfc7324", "timestamp": "2026-08-07T11:50:51.819813Z", "trace_id": "c8034e0891d4735e78df3654f0746a52"}
api-1       | {"claimed": 34, "event": "outbox_dispatch_batch_completed", "lease_lost": 0, "level": "info", "published": 34, "retry_scheduled": 0, "role": "outbox_dispatcher", "timestamp": "2026-08-07T11:50:52.449521Z"}
api-1       | INFO:     172.18.0.1:42124 - "GET /api/v1/runs/ecc6d778-af2b-4684-bd7e-f414faf65534 HTTP/1.1" 200 OK
api-1       | {"api_key_prefix": "evk_64f04950db0a", "duration_ms": 188.572, "event": "http_request_completed", "level": "info", "method": "GET", "outcome": "success", "path": "/api/v1/runs/ecc6d778-af2b-4684-bd7e-f414faf65534", "request_id": "db17e249-dbe6-4970-b0de-8b930bcd44df", "status_code": 200, "tenant_id": "327d2ffb-1823-49ee-aab0-022efdfc7324", "timestamp": "2026-08-07T11:50:52.516358Z", "trace_id": "233939f423ef6a732c93f2f7aee59817"}
api-1       | {"claimed": 32, "event": "outbox_dispatch_batch_completed", "lease_lost": 0, "level": "info", "published": 32, "retry_scheduled": 0, "role": "outbox_dispatcher", "timestamp": "2026-08-07T11:50:53.082369Z"}
api-1       | INFO:     172.18.0.1:42124 - "GET /api/v1/runs/ecc6d778-af2b-4684-bd7e-f414faf65534 HTTP/1.1" 200 OK
api-1       | {"api_key_prefix": "evk_64f04950db0a", "duration_ms": 100.268, "event": "http_request_completed", "level": "info", "method": "GET", "outcome": "success", "path": "/api/v1/runs/ecc6d778-af2b-4684-bd7e-f414faf65534", "request_id": "70151bde-0f7e-42ee-ae6a-be53e81da103", "status_code": 200, "tenant_id": "327d2ffb-1823-49ee-aab0-022efdfc7324", "timestamp": "2026-08-07T11:50:53.136721Z", "trace_id": "cb1b949b1d9b7b6bd38ed170c7441935"}
api-1       | {"claimed": 28, "event": "outbox_dispatch_batch_completed", "lease_lost": 0, "level": "info", "published": 28, "retry_scheduled": 0, "role": "outbox_dispatcher", "timestamp": "2026-08-07T11:50:53.695099Z"}
api-1       | INFO:     172.18.0.1:42124 - "GET /api/v1/runs/ecc6d778-af2b-4684-bd7e-f414faf65534 HTTP/1.1" 200 OK
api-1       | {"api_key_prefix": "evk_64f04950db0a", "duration_ms": 90.898, "event": "http_request_completed", "level": "info", "method": "GET", "outcome": "success", "path": "/api/v1/runs/ecc6d778-af2b-4684-bd7e-f414faf65534", "request_id": "d4a47457-6e9b-4033-a5aa-a22005ff6f63", "status_code": 200, "tenant_id": "327d2ffb-1823-49ee-aab0-022efdfc7324", "timestamp": "2026-08-07T11:50:53.748698Z", "trace_id": "754e591cda06f5b642c1690e7c12cb0f"}
api-1       | {"claimed": 30, "event": "outbox_dispatch_batch_completed", "lease_lost": 0, "level": "info", "published": 30, "retry_scheduled": 0, "role": "outbox_dispatcher", "timestamp": "2026-08-07T11:50:54.430546Z"}
api-1       | INFO:     172.18.0.1:42124 - "GET /api/v1/runs/ecc6d778-af2b-4684-bd7e-f414faf65534 HTTP/1.1" 200 OK
api-1       | {"api_key_prefix": "evk_64f04950db0a", "duration_ms": 182.74, "event": "http_request_completed", "level": "info", "method": "GET", "outcome": "success", "path": "/api/v1/runs/ecc6d778-af2b-4684-bd7e-f414faf65534", "request_id": "d6e33efb-8bce-4513-9fdb-4f2cae2ebbfc", "status_code": 200, "tenant_id": "327d2ffb-1823-49ee-aab0-022efdfc7324", "timestamp": "2026-08-07T11:50:54.434010Z", "trace_id": "1130c23375f4febddd543b29eb10f9d6"}
api-1       | {"claimed": 29, "event": "outbox_dispatch_batch_completed", "lease_lost": 0, "level": "info", "published": 29, "retry_scheduled": 0, "role": "outbox_dispatcher", "timestamp": "2026-08-07T11:50:55.093868Z"}
api-1       | INFO:     172.18.0.1:42124 - "GET /api/v1/runs/ecc6d778-af2b-4684-bd7e-f414faf65534 HTTP/1.1" 200 OK
api-1       | {"api_key_prefix": "evk_64f04950db0a", "duration_ms": 165.157, "event": "http_request_completed", "level": "info", "method": "GET", "outcome": "success", "path": "/api/v1/runs/ecc6d778-af2b-4684-bd7e-f414faf65534", "request_id": "25c3be4e-6e31-42ba-82c2-432cccb5939d", "status_code": 200, "tenant_id": "327d2ffb-1823-49ee-aab0-022efdfc7324", "timestamp": "2026-08-07T11:50:55.102706Z", "trace_id": "57cf3c3c0bae035a71282cb2fded6444"}
api-1       | {"claimed": 33, "event": "outbox_dispatch_batch_completed", "lease_lost": 0, "level": "info", "published": 33, "retry_scheduled": 0, "role": "outbox_dispatcher", "timestamp": "2026-08-07T11:50:55.791182Z"}
api-1       | INFO:     172.18.0.1:42124 - "GET /api/v1/runs/ecc6d778-af2b-4684-bd7e-f414faf65534 HTTP/1.1" 200 OK
api-1       | {"api_key_prefix": "evk_64f04950db0a", "duration_ms": 194.213, "event": "http_request_completed", "level": "info", "method": "GET", "outcome": "success", "path": "/api/v1/runs/ecc6d778-af2b-4684-bd7e-f414faf65534", "request_id": "8950deec-8536-4293-b142-84ecb34919ba", "status_code": 200, "tenant_id": "327d2ffb-1823-49ee-aab0-022efdfc7324", "timestamp": "2026-08-07T11:50:55.800681Z", "trace_id": "e1c58f4edf8ebaed1ddcc6fa5be2138e"}
api-1       | {"claimed": 34, "event": "outbox_dispatch_batch_completed", "lease_lost": 0, "level": "info", "published": 34, "retry_scheduled": 0, "role": "outbox_dispatcher", "timestamp": "2026-08-07T11:50:56.449849Z"}
api-1       | INFO:     172.18.0.1:42124 - "GET /api/v1/runs/ecc6d778-af2b-4684-bd7e-f414faf65534 HTTP/1.1" 200 OK
api-1       | {"api_key_prefix": "evk_64f04950db0a", "duration_ms": 167.286, "event": "http_request_completed", "level": "info", "method": "GET", "outcome": "success", "path": "/api/v1/runs/ecc6d778-af2b-4684-bd7e-f414faf65534", "request_id": "62db36eb-c5fb-4825-bee1-fd50da173f0a", "status_code": 200, "tenant_id": "327d2ffb-1823-49ee-aab0-022efdfc7324", "timestamp": "2026-08-07T11:50:56.472289Z", "trace_id": "2421a87cd84b2dd6e7b66c6d6b15ea38"}
api-1       | {"event": "Context impl PostgresqlImpl.", "level": "info", "request_id": "a77e935b-87f8-417a-89eb-6ad35c8fcc2d", "timestamp": "2026-08-07T11:50:57.240818Z", "trace_id": "b8c345f0126cad7292244f033167a44f"}
api-1       | {"event": "Will assume transactional DDL.", "level": "info", "request_id": "a77e935b-87f8-417a-89eb-6ad35c8fcc2d", "timestamp": "2026-08-07T11:50:57.240975Z", "trace_id": "b8c345f0126cad7292244f033167a44f"}
api-1       | {"claimed": 32, "event": "outbox_dispatch_batch_completed", "lease_lost": 0, "level": "info", "published": 32, "retry_scheduled": 0, "role": "outbox_dispatcher", "timestamp": "2026-08-07T11:50:57.241557Z"}
api-1       | INFO:     127.0.0.1:37186 - "GET /health/ready HTTP/1.1" 200 OK
api-1       | {"duration_ms": 71.617, "event": "http_request_completed", "level": "info", "method": "GET", "outcome": "success", "path": "/health/ready", "request_id": "a77e935b-87f8-417a-89eb-6ad35c8fcc2d", "status_code": 200, "timestamp": "2026-08-07T11:50:57.247759Z", "trace_id": "b8c345f0126cad7292244f033167a44f"}
api-1       | INFO:     172.18.0.1:42124 - "GET /api/v1/runs/ecc6d778-af2b-4684-bd7e-f414faf65534 HTTP/1.1" 200 OK
api-1       | {"api_key_prefix": "evk_64f04950db0a", "duration_ms": 265.556, "event": "http_request_completed", "level": "info", "method": "GET", "outcome": "success", "path": "/api/v1/runs/ecc6d778-af2b-4684-bd7e-f414faf65534", "request_id": "4b8f0698-466a-465f-9eb0-e34419580ab5", "status_code": 200, "tenant_id": "327d2ffb-1823-49ee-aab0-022efdfc7324", "timestamp": "2026-08-07T11:50:57.297586Z", "trace_id": "6ca92bfd374b85380edbfd0f2b6d16cb"}
api-1       | {"claimed": 29, "event": "outbox_dispatch_batch_completed", "lease_lost": 0, "level": "info", "published": 29, "retry_scheduled": 0, "role": "outbox_dispatcher", "timestamp": "2026-08-07T11:50:57.869472Z"}
api-1       | INFO:     172.18.0.1:42124 - "GET /api/v1/runs/ecc6d778-af2b-4684-bd7e-f414faf65534 HTTP/1.1" 200 OK
api-1       | {"api_key_prefix": "evk_64f04950db0a", "duration_ms": 106.912, "event": "http_request_completed", "level": "info", "method": "GET", "outcome": "success", "path": "/api/v1/runs/ecc6d778-af2b-4684-bd7e-f414faf65534", "request_id": "7310fae8-88a3-4cee-9ad1-42770823ae59", "status_code": 200, "tenant_id": "327d2ffb-1823-49ee-aab0-022efdfc7324", "timestamp": "2026-08-07T11:50:57.922416Z", "trace_id": "f5454865c36e3a582c415f3d679253fa"}
api-1       | {"claimed": 2, "event": "outbox_dispatch_batch_completed", "lease_lost": 0, "level": "info", "published": 2, "retry_scheduled": 0, "role": "outbox_dispatcher", "timestamp": "2026-08-07T11:50:58.383657Z"}
api-1       | INFO:     172.18.0.1:42124 - "GET /api/v1/runs/ecc6d778-af2b-4684-bd7e-f414faf65534 HTTP/1.1" 200 OK
api-1       | {"api_key_prefix": "evk_64f04950db0a", "duration_ms": 51.295, "event": "http_request_completed", "level": "info", "method": "GET", "outcome": "success", "path": "/api/v1/runs/ecc6d778-af2b-4684-bd7e-f414faf65534", "request_id": "edca0600-b123-4400-9b2e-01982398aa9e", "status_code": 200, "tenant_id": "327d2ffb-1823-49ee-aab0-022efdfc7324", "timestamp": "2026-08-07T11:50:58.476458Z", "trace_id": "a7a06d479cb45fa5deb39dd562f287e1"}
api-1       | {"claimed": 3, "event": "outbox_dispatch_batch_completed", "lease_lost": 0, "level": "info", "published": 3, "retry_scheduled": 0, "role": "outbox_dispatcher", "timestamp": "2026-08-07T11:50:58.896647Z"}
api-1       | INFO:     172.18.0.1:42124 - "GET /api/v1/runs/ecc6d778-af2b-4684-bd7e-f414faf65534 HTTP/1.1" 200 OK
api-1       | {"api_key_prefix": "evk_64f04950db0a", "duration_ms": 54.417, "event": "http_request_completed", "level": "info", "method": "GET", "outcome": "success", "path": "/api/v1/runs/ecc6d778-af2b-4684-bd7e-f414faf65534", "request_id": "e8bd9228-1f4b-47fa-bab3-5a4eec422975", "status_code": 200, "tenant_id": "327d2ffb-1823-49ee-aab0-022efdfc7324", "timestamp": "2026-08-07T11:50:59.033687Z", "trace_id": "499f229815391c432b858ae5d8aa1188"}
api-1       | INFO:     172.18.0.1:42124 - "GET /api/v1/runs/ecc6d778-af2b-4684-bd7e-f414faf65534/cases?limit=200&sort=case_id HTTP/1.1" 200 OK
api-1       | {"api_key_prefix": "evk_64f04950db0a", "duration_ms": 64.314, "event": "http_request_completed", "level": "info", "method": "GET", "outcome": "success", "path": "/api/v1/runs/ecc6d778-af2b-4684-bd7e-f414faf65534/cases", "request_id": "8fcbd89c-5272-47fa-8e67-03c4c6fccf88", "status_code": 200, "tenant_id": "327d2ffb-1823-49ee-aab0-022efdfc7324", "timestamp": "2026-08-07T11:50:59.099698Z", "trace_id": "bb68631cbc9e1fd4bd3e8a93170154f8"}
api-1       | INFO:     172.18.0.1:42124 - "GET /api/v1/runs/ecc6d778-af2b-4684-bd7e-f414faf65534/cases?limit=200&sort=case_id&cursor=eyJkaXJlY3Rpb24iOiJhc2MiLCJlcnJvcl9jb2RlIjpudWxsLCJqb2JfaWQiOiJkNjRlMDg2ZC1jOTMwLTQ1YTItYjcyZi01NGZlNTQzNTM3NmIiLCJtZXRyaWMiOm51bGwsInNvcnQiOiJjYXNlX2lkIiwic3RhdHVzIjpudWxsLCJ2IjoxLCJ2YWx1ZSI6ImxvYWQtMDE5OSJ9 HTTP/1.1" 200 OK
api-1       | {"api_key_prefix": "evk_64f04950db0a", "duration_ms": 65.535, "event": "http_request_completed", "level": "info", "method": "GET", "outcome": "success", "path": "/api/v1/runs/ecc6d778-af2b-4684-bd7e-f414faf65534/cases", "request_id": "9afe5749-3b31-4c2b-9726-59c5c16efc35", "status_code": 200, "tenant_id": "327d2ffb-1823-49ee-aab0-022efdfc7324", "timestamp": "2026-08-07T11:50:59.167686Z", "trace_id": "997b4d9946101958c0d206af1cfa1c2b"}
api-1       | INFO:     172.18.0.1:42124 - "GET /api/v1/runs/ecc6d778-af2b-4684-bd7e-f414faf65534/cases?limit=200&sort=case_id&cursor=eyJkaXJlY3Rpb24iOiJhc2MiLCJlcnJvcl9jb2RlIjpudWxsLCJqb2JfaWQiOiI2NWE2ZjI1OC1mYTAxLTQxOGMtYjg0Ny1mYjMxZGE4YjdjMGUiLCJtZXRyaWMiOm51bGwsInNvcnQiOiJjYXNlX2lkIiwic3RhdHVzIjpudWxsLCJ2IjoxLCJ2YWx1ZSI6ImxvYWQtMDM5OSJ9 HTTP/1.1" 200 OK
api-1       | {"api_key_prefix": "evk_64f04950db0a", "duration_ms": 59.539, "event": "http_request_completed", "level": "info", "method": "GET", "outcome": "success", "path": "/api/v1/runs/ecc6d778-af2b-4684-bd7e-f414faf65534/cases", "request_id": "28d976a0-2cde-46d4-9f10-b7ee2211823d", "status_code": 200, "tenant_id": "327d2ffb-1823-49ee-aab0-022efdfc7324", "timestamp": "2026-08-07T11:50:59.229754Z", "trace_id": "91906a6828f4288f1531ff4a188fe389"}
api-1       | INFO:     127.0.0.1:37202 - "GET /metrics HTTP/1.1" 200 OK
api-1       | {"duration_ms": 15.504, "event": "http_request_completed", "level": "info", "method": "GET", "outcome": "success", "path": "/metrics", "request_id": "68fafb79-cd3d-4fe4-b1fb-3b9f9b968b08", "status_code": 200, "timestamp": "2026-08-07T11:50:59.594335Z", "trace_id": "5c5738700f2752bc4283dacb0b233ec9"}
api-1       | {"event": "Context impl PostgresqlImpl.", "level": "info", "request_id": "9ec3786c-35cb-4579-922d-ce7428b01a02", "timestamp": "2026-08-07T11:51:02.537148Z", "trace_id": "55d2b1445d4b0d580ef19c42e9b1d334"}
api-1       | {"event": "Will assume transactional DDL.", "level": "info", "request_id": "9ec3786c-35cb-4579-922d-ce7428b01a02", "timestamp": "2026-08-07T11:51:02.537268Z", "trace_id": "55d2b1445d4b0d580ef19c42e9b1d334"}
api-1       | INFO:     127.0.0.1:57344 - "GET /health/ready HTTP/1.1" 200 OK
api-1       | {"duration_ms": 19.814, "event": "http_request_completed", "level": "info", "method": "GET", "outcome": "success", "path": "/health/ready", "request_id": "9ec3786c-35cb-4579-922d-ce7428b01a02", "status_code": 200, "timestamp": "2026-08-07T11:51:02.543275Z", "trace_id": "55d2b1445d4b0d580ef19c42e9b1d334"}
api-1       | INFO:     172.18.0.1:50578 - "POST /api/v1/runs HTTP/1.1" 202 Accepted
api-1       | {"api_key_prefix": "evk_64f04950db0a", "duration_ms": 78.187, "event": "http_request_completed", "level": "info", "method": "POST", "outcome": "success", "path": "/api/v1/runs", "request_id": "c039224d-dc38-41a4-9adf-944d82b42316", "status_code": 202, "tenant_id": "327d2ffb-1823-49ee-aab0-022efdfc7324", "timestamp": "2026-08-07T11:51:05.152632Z", "trace_id": "22f955967ed0ef2dd4b39c9b9012bfb5"}
api-1       | INFO:     172.18.0.1:50578 - "GET /api/v1/runs/e2714cf7-86ec-4082-867a-be96fb7ac70b HTTP/1.1" 200 OK
api-1       | {"api_key_prefix": "evk_64f04950db0a", "duration_ms": 51.891, "event": "http_request_completed", "level": "info", "method": "GET", "outcome": "success", "path": "/api/v1/runs/e2714cf7-86ec-4082-867a-be96fb7ac70b", "request_id": "0ae580a4-feb2-41b8-9d0d-bdaf4833c7ff", "status_code": 200, "tenant_id": "327d2ffb-1823-49ee-aab0-022efdfc7324", "timestamp": "2026-08-07T11:51:05.206337Z", "trace_id": "6957ab216977a7274a2d62dd8573dfac"}
api-1       | {"claimed": 14, "event": "outbox_dispatch_batch_completed", "lease_lost": 0, "level": "info", "published": 14, "retry_scheduled": 0, "role": "outbox_dispatcher", "timestamp": "2026-08-07T11:51:05.568028Z"}
api-1       | INFO:     172.18.0.1:50578 - "GET /api/v1/runs/e2714cf7-86ec-4082-867a-be96fb7ac70b HTTP/1.1" 200 OK
api-1       | {"api_key_prefix": "evk_64f04950db0a", "duration_ms": 54.239, "event": "http_request_completed", "level": "info", "method": "GET", "outcome": "success", "path": "/api/v1/runs/e2714cf7-86ec-4082-867a-be96fb7ac70b", "request_id": "0f92d064-9b41-477e-8dc5-1c94b36f6a27", "status_code": 200, "tenant_id": "327d2ffb-1823-49ee-aab0-022efdfc7324", "timestamp": "2026-08-07T11:51:05.763356Z", "trace_id": "531d3a62dd38c934ca518a611b2e1382"}
api-1       | {"claimed": 29, "event": "outbox_dispatch_batch_completed", "lease_lost": 0, "level": "info", "published": 29, "retry_scheduled": 0, "role": "outbox_dispatcher", "timestamp": "2026-08-07T11:51:06.244678Z"}
api-1       | INFO:     172.18.0.1:50578 - "GET /api/v1/runs/e2714cf7-86ec-4082-867a-be96fb7ac70b HTTP/1.1" 200 OK
api-1       | {"api_key_prefix": "evk_64f04950db0a", "duration_ms": 57.468, "event": "http_request_completed", "level": "info", "method": "GET", "outcome": "success", "path": "/api/v1/runs/e2714cf7-86ec-4082-867a-be96fb7ac70b", "request_id": "4b96b824-699c-4f34-ac09-b7b8653f8af2", "status_code": 200, "tenant_id": "327d2ffb-1823-49ee-aab0-022efdfc7324", "timestamp": "2026-08-07T11:51:06.323756Z", "trace_id": "b7c3a9e4120f7c1a6b69868fbb62e86b"}
api-1       | {"claimed": 50, "event": "outbox_dispatch_batch_completed", "lease_lost": 0, "level": "info", "published": 50, "retry_scheduled": 0, "role": "outbox_dispatcher", "timestamp": "2026-08-07T11:51:06.966206Z"}
api-1       | INFO:     172.18.0.1:50578 - "GET /api/v1/runs/e2714cf7-86ec-4082-867a-be96fb7ac70b HTTP/1.1" 200 OK
api-1       | {"api_key_prefix": "evk_64f04950db0a", "duration_ms": 163.674, "event": "http_request_completed", "level": "info", "method": "GET", "outcome": "success", "path": "/api/v1/runs/e2714cf7-86ec-4082-867a-be96fb7ac70b", "request_id": "1b371e52-9ad1-4b4c-aa65-b4ef95439fd5", "status_code": 200, "tenant_id": "327d2ffb-1823-49ee-aab0-022efdfc7324", "timestamp": "2026-08-07T11:51:07.015800Z", "trace_id": "c5957517eb9aa81bf5347dc9f3ed8737"}
api-1       | {"claimed": 10, "event": "outbox_dispatch_batch_completed", "lease_lost": 0, "level": "info", "published": 10, "retry_scheduled": 0, "role": "outbox_dispatcher", "timestamp": "2026-08-07T11:51:07.528037Z"}
api-1       | INFO:     172.18.0.1:50578 - "GET /api/v1/runs/e2714cf7-86ec-4082-867a-be96fb7ac70b HTTP/1.1" 200 OK
api-1       | {"api_key_prefix": "evk_64f04950db0a", "duration_ms": 62.512, "event": "http_request_completed", "level": "info", "method": "GET", "outcome": "success", "path": "/api/v1/runs/e2714cf7-86ec-4082-867a-be96fb7ac70b", "request_id": "d238ade0-22e5-49fd-b7ce-329a21e799e0", "status_code": 200, "tenant_id": "327d2ffb-1823-49ee-aab0-022efdfc7324", "timestamp": "2026-08-07T11:51:07.584006Z", "trace_id": "a7fbcbd5598ce7150bf03669d8a99f2a"}
api-1       | {"event": "Context impl PostgresqlImpl.", "level": "info", "request_id": "8d0e7439-6ce2-4daa-a5c3-1c885cb89102", "timestamp": "2026-08-07T11:51:07.818172Z", "trace_id": "c95015a980c373710b32ad1986e2f9e4"}
api-1       | {"event": "Will assume transactional DDL.", "level": "info", "request_id": "8d0e7439-6ce2-4daa-a5c3-1c885cb89102", "timestamp": "2026-08-07T11:51:07.818293Z", "trace_id": "c95015a980c373710b32ad1986e2f9e4"}
api-1       | INFO:     127.0.0.1:57372 - "GET /health/ready HTTP/1.1" 200 OK
api-1       | {"duration_ms": 18.78, "event": "http_request_completed", "level": "info", "method": "GET", "outcome": "success", "path": "/health/ready", "request_id": "8d0e7439-6ce2-4daa-a5c3-1c885cb89102", "status_code": 200, "timestamp": "2026-08-07T11:51:07.823631Z", "trace_id": "c95015a980c373710b32ad1986e2f9e4"}
api-1       | {"claimed": 3, "event": "outbox_dispatch_batch_completed", "lease_lost": 0, "level": "info", "published": 3, "retry_scheduled": 0, "role": "outbox_dispatcher", "timestamp": "2026-08-07T11:51:08.044613Z"}
api-1       | INFO:     172.18.0.1:50578 - "GET /api/v1/runs/e2714cf7-86ec-4082-867a-be96fb7ac70b HTTP/1.1" 200 OK
api-1       | {"api_key_prefix": "evk_64f04950db0a", "duration_ms": 57.874, "event": "http_request_completed", "level": "info", "method": "GET", "outcome": "success", "path": "/api/v1/runs/e2714cf7-86ec-4082-867a-be96fb7ac70b", "request_id": "31a45992-e721-47e0-bbe8-f97573481c29", "status_code": 200, "tenant_id": "327d2ffb-1823-49ee-aab0-022efdfc7324", "timestamp": "2026-08-07T11:51:08.144545Z", "trace_id": "3e92e6d49adfba31343185436078f8c6"}
api-1       | INFO:     172.18.0.1:50578 - "GET /api/v1/runs/e2714cf7-86ec-4082-867a-be96fb7ac70b/cases?limit=200&sort=case_id HTTP/1.1" 200 OK
api-1       | {"api_key_prefix": "evk_64f04950db0a", "duration_ms": 56.553, "event": "http_request_completed", "level": "info", "method": "GET", "outcome": "success", "path": "/api/v1/runs/e2714cf7-86ec-4082-867a-be96fb7ac70b/cases", "request_id": "e73b058f-3687-4a4d-b205-cc89e4743472", "status_code": 200, "tenant_id": "327d2ffb-1823-49ee-aab0-022efdfc7324", "timestamp": "2026-08-07T11:51:08.203170Z", "trace_id": "f5d6ebeec6fb2623a11c4d64d2d343f3"}
api-1       | INFO:     127.0.0.1:57376 - "GET /metrics HTTP/1.1" 200 OK
api-1       | {"duration_ms": 15.525, "event": "http_request_completed", "level": "info", "method": "GET", "outcome": "success", "path": "/metrics", "request_id": "22616b56-bd59-4e8a-bc47-17349c33d5ae", "status_code": 200, "timestamp": "2026-08-07T11:51:08.590868Z", "trace_id": "4f0092409231f4bd13b535629270efcf"}
api-1       | INFO:     172.18.0.1:50578 - "POST /api/v1/runs HTTP/1.1" 202 Accepted
api-1       | {"api_key_prefix": "evk_64f04950db0a", "duration_ms": 180.399, "event": "http_request_completed", "level": "info", "method": "POST", "outcome": "success", "path": "/api/v1/runs", "request_id": "951c454e-0522-4a68-aa66-719983e1e80f", "status_code": 202, "tenant_id": "327d2ffb-1823-49ee-aab0-022efdfc7324", "timestamp": "2026-08-07T11:51:09.616003Z", "trace_id": "1c6911a376de20cd6041e8ab16016c9d"}
api-1       | INFO:     172.18.0.1:50578 - "GET /api/v1/runs/9ff8ede2-8217-41d7-a02c-a7dc1732e516 HTTP/1.1" 200 OK
api-1       | {"api_key_prefix": "evk_64f04950db0a", "duration_ms": 52.512, "event": "http_request_completed", "level": "info", "method": "GET", "outcome": "success", "path": "/api/v1/runs/9ff8ede2-8217-41d7-a02c-a7dc1732e516", "request_id": "08b299e2-805e-4e90-8b25-d74b0d311251", "status_code": 200, "tenant_id": "327d2ffb-1823-49ee-aab0-022efdfc7324", "timestamp": "2026-08-07T11:51:09.670134Z", "trace_id": "9dd36e166fdcabef56866ebc3452d875"}
api-1       | {"claimed": 17, "event": "outbox_dispatch_batch_completed", "lease_lost": 0, "level": "info", "published": 17, "retry_scheduled": 0, "role": "outbox_dispatcher", "timestamp": "2026-08-07T11:51:10.217158Z"}
api-1       | INFO:     172.18.0.1:50578 - "GET /api/v1/runs/9ff8ede2-8217-41d7-a02c-a7dc1732e516 HTTP/1.1" 200 OK
api-1       | {"api_key_prefix": "evk_64f04950db0a", "duration_ms": 69.39, "event": "http_request_completed", "level": "info", "method": "GET", "outcome": "success", "path": "/api/v1/runs/9ff8ede2-8217-41d7-a02c-a7dc1732e516", "request_id": "d2e8ed61-4353-426e-8e5d-dff7207e95a9", "status_code": 200, "tenant_id": "327d2ffb-1823-49ee-aab0-022efdfc7324", "timestamp": "2026-08-07T11:51:10.242425Z", "trace_id": "615e5cad3384cc88b79d8f84da3f3b99"}
api-1       | {"claimed": 50, "event": "outbox_dispatch_batch_completed", "lease_lost": 0, "level": "info", "published": 50, "retry_scheduled": 0, "role": "outbox_dispatcher", "timestamp": "2026-08-07T11:51:10.898877Z"}
api-1       | INFO:     172.18.0.1:50578 - "GET /api/v1/runs/9ff8ede2-8217-41d7-a02c-a7dc1732e516 HTTP/1.1" 200 OK
api-1       | {"api_key_prefix": "evk_64f04950db0a", "duration_ms": 192.963, "event": "http_request_completed", "level": "info", "method": "GET", "outcome": "success", "path": "/api/v1/runs/9ff8ede2-8217-41d7-a02c-a7dc1732e516", "request_id": "e1da0ce6-ecf9-4376-b0fd-d84cb2b2d8aa", "status_code": 200, "tenant_id": "327d2ffb-1823-49ee-aab0-022efdfc7324", "timestamp": "2026-08-07T11:51:10.962995Z", "trace_id": "c102623b0998d13b6854db7e43ca7635"}
api-1       | {"claimed": 50, "event": "outbox_dispatch_batch_completed", "lease_lost": 0, "level": "info", "published": 50, "retry_scheduled": 0, "role": "outbox_dispatcher", "timestamp": "2026-08-07T11:51:11.679734Z"}
api-1       | INFO:     172.18.0.1:50578 - "GET /api/v1/runs/9ff8ede2-8217-41d7-a02c-a7dc1732e516 HTTP/1.1" 200 OK
api-1       | {"api_key_prefix": "evk_64f04950db0a", "duration_ms": 213.559, "event": "http_request_completed", "level": "info", "method": "GET", "outcome": "success", "path": "/api/v1/runs/9ff8ede2-8217-41d7-a02c-a7dc1732e516", "request_id": "873ff66d-3b57-486e-bcfe-d57fb4bc5b37", "status_code": 200, "tenant_id": "327d2ffb-1823-49ee-aab0-022efdfc7324", "timestamp": "2026-08-07T11:51:11.731028Z", "trace_id": "266aacf2b814a9a62fcf817657c34946"}
api-1       | {"claimed": 50, "event": "outbox_dispatch_batch_completed", "lease_lost": 0, "level": "info", "published": 50, "retry_scheduled": 0, "role": "outbox_dispatcher", "timestamp": "2026-08-07T11:51:12.380029Z"}
api-1       | INFO:     172.18.0.1:50578 - "GET /api/v1/runs/9ff8ede2-8217-41d7-a02c-a7dc1732e516 HTTP/1.1" 200 OK
api-1       | {"api_key_prefix": "evk_64f04950db0a", "duration_ms": 202.759, "event": "http_request_completed", "level": "info", "method": "GET", "outcome": "success", "path": "/api/v1/runs/9ff8ede2-8217-41d7-a02c-a7dc1732e516", "request_id": "f46991dc-ea99-49c5-b3e0-4c41703bb761", "status_code": 200, "tenant_id": "327d2ffb-1823-49ee-aab0-022efdfc7324", "timestamp": "2026-08-07T11:51:12.438752Z", "trace_id": "3aad4828574c3ab9aef7c762394a9ad5"}
api-1       | {"claimed": 50, "event": "outbox_dispatch_batch_completed", "lease_lost": 0, "level": "info", "published": 50, "retry_scheduled": 0, "role": "outbox_dispatcher", "timestamp": "2026-08-07T11:51:13.254212Z"}
api-1       | INFO:     172.18.0.1:50578 - "GET /api/v1/runs/9ff8ede2-8217-41d7-a02c-a7dc1732e516 HTTP/1.1" 200 OK
api-1       | {"api_key_prefix": "evk_64f04950db0a", "duration_ms": 397.631, "event": "http_request_completed", "level": "info", "method": "GET", "outcome": "success", "path": "/api/v1/runs/9ff8ede2-8217-41d7-a02c-a7dc1732e516", "request_id": "ae183f39-c53a-4585-91a0-ba448c7f130c", "status_code": 200, "tenant_id": "327d2ffb-1823-49ee-aab0-022efdfc7324", "timestamp": "2026-08-07T11:51:13.364366Z", "trace_id": "f6b4d0970c2737fbcda2f42e11929940"}
api-1       | {"event": "Context impl PostgresqlImpl.", "level": "info", "request_id": "ae50a3aa-df1b-4e83-af69-aee5b1e828d0", "timestamp": "2026-08-07T11:51:13.381918Z", "trace_id": "22f9acc71601484b5bc3fd4f12b26341"}
api-1       | {"event": "Will assume transactional DDL.", "level": "info", "request_id": "ae50a3aa-df1b-4e83-af69-aee5b1e828d0", "timestamp": "2026-08-07T11:51:13.382022Z", "trace_id": "22f9acc71601484b5bc3fd4f12b26341"}
api-1       | INFO:     127.0.0.1:48810 - "GET /health/ready HTTP/1.1" 200 OK
api-1       | {"duration_ms": 18.742, "event": "http_request_completed", "level": "info", "method": "GET", "outcome": "success", "path": "/health/ready", "request_id": "ae50a3aa-df1b-4e83-af69-aee5b1e828d0", "status_code": 200, "timestamp": "2026-08-07T11:51:13.387598Z", "trace_id": "22f9acc71601484b5bc3fd4f12b26341"}
api-1       | {"claimed": 50, "event": "outbox_dispatch_batch_completed", "lease_lost": 0, "level": "info", "published": 50, "retry_scheduled": 0, "role": "outbox_dispatcher", "timestamp": "2026-08-07T11:51:13.927614Z"}
api-1       | INFO:     172.18.0.1:50578 - "GET /api/v1/runs/9ff8ede2-8217-41d7-a02c-a7dc1732e516 HTTP/1.1" 200 OK
api-1       | {"api_key_prefix": "evk_64f04950db0a", "duration_ms": 150.471, "event": "http_request_completed", "level": "info", "method": "GET", "outcome": "success", "path": "/api/v1/runs/9ff8ede2-8217-41d7-a02c-a7dc1732e516", "request_id": "b48059d9-938e-4d22-8e38-dd6f40e009f1", "status_code": 200, "tenant_id": "327d2ffb-1823-49ee-aab0-022efdfc7324", "timestamp": "2026-08-07T11:51:14.021078Z", "trace_id": "4c1f9ec15c13eac42c46dccbd4b20d8c"}
api-1       | {"claimed": 50, "event": "outbox_dispatch_batch_completed", "lease_lost": 0, "level": "info", "published": 50, "retry_scheduled": 0, "role": "outbox_dispatcher", "timestamp": "2026-08-07T11:51:14.611648Z"}
api-1       | INFO:     172.18.0.1:50578 - "GET /api/v1/runs/9ff8ede2-8217-41d7-a02c-a7dc1732e516 HTTP/1.1" 200 OK
api-1       | {"api_key_prefix": "evk_64f04950db0a", "duration_ms": 120.872, "event": "http_request_completed", "level": "info", "method": "GET", "outcome": "success", "path": "/api/v1/runs/9ff8ede2-8217-41d7-a02c-a7dc1732e516", "request_id": "e5c6cc43-6d70-4451-bfdf-fd98e029593b", "status_code": 200, "tenant_id": "327d2ffb-1823-49ee-aab0-022efdfc7324", "timestamp": "2026-08-07T11:51:14.660667Z", "trace_id": "d4f037fb40439b0751c78febe28dde0e"}
api-1       | {"claimed": 50, "event": "outbox_dispatch_batch_completed", "lease_lost": 0, "level": "info", "published": 50, "retry_scheduled": 0, "role": "outbox_dispatcher", "timestamp": "2026-08-07T11:51:15.308514Z"}
api-1       | INFO:     172.18.0.1:50578 - "GET /api/v1/runs/9ff8ede2-8217-41d7-a02c-a7dc1732e516 HTTP/1.1" 200 OK
api-1       | {"api_key_prefix": "evk_64f04950db0a", "duration_ms": 195.314, "event": "http_request_completed", "level": "info", "method": "GET", "outcome": "success", "path": "/api/v1/runs/9ff8ede2-8217-41d7-a02c-a7dc1732e516", "request_id": "eff148bf-772e-4cbf-bbea-745e0e311c08", "status_code": 200, "tenant_id": "327d2ffb-1823-49ee-aab0-022efdfc7324", "timestamp": "2026-08-07T11:51:15.367502Z", "trace_id": "bc2c5728c468619bbf839b089b76921d"}
api-1       | {"claimed": 50, "event": "outbox_dispatch_batch_completed", "lease_lost": 0, "level": "info", "published": 50, "retry_scheduled": 0, "role": "outbox_dispatcher", "timestamp": "2026-08-07T11:51:15.999084Z"}
api-1       | INFO:     172.18.0.1:50578 - "GET /api/v1/runs/9ff8ede2-8217-41d7-a02c-a7dc1732e516 HTTP/1.1" 200 OK
api-1       | {"api_key_prefix": "evk_64f04950db0a", "duration_ms": 184.431, "event": "http_request_completed", "level": "info", "method": "GET", "outcome": "success", "path": "/api/v1/runs/9ff8ede2-8217-41d7-a02c-a7dc1732e516", "request_id": "fa25193e-fb2b-46ea-a120-ec069ff8b36a", "status_code": 200, "tenant_id": "327d2ffb-1823-49ee-aab0-022efdfc7324", "timestamp": "2026-08-07T11:51:16.060257Z", "trace_id": "0b60e1a363b5a0a82d0ca1fe5383326a"}
api-1       | {"claimed": 50, "event": "outbox_dispatch_batch_completed", "lease_lost": 0, "level": "info", "published": 50, "retry_scheduled": 0, "role": "outbox_dispatcher", "timestamp": "2026-08-07T11:51:16.683161Z"}
api-1       | INFO:     172.18.0.1:50578 - "GET /api/v1/runs/9ff8ede2-8217-41d7-a02c-a7dc1732e516 HTTP/1.1" 200 OK
api-1       | {"api_key_prefix": "evk_64f04950db0a", "duration_ms": 148.736, "event": "http_request_completed", "level": "info", "method": "GET", "outcome": "success", "path": "/api/v1/runs/9ff8ede2-8217-41d7-a02c-a7dc1732e516", "request_id": "f4808bfe-511b-480b-a2b0-e0857ee666bc", "status_code": 200, "tenant_id": "327d2ffb-1823-49ee-aab0-022efdfc7324", "timestamp": "2026-08-07T11:51:16.741852Z", "trace_id": "10bef510d57a4e49a144376dc85e08c9"}
api-1       | {"claimed": 50, "event": "outbox_dispatch_batch_completed", "lease_lost": 0, "level": "info", "published": 50, "retry_scheduled": 0, "role": "outbox_dispatcher", "timestamp": "2026-08-07T11:51:17.417685Z"}
api-1       | INFO:     172.18.0.1:50578 - "GET /api/v1/runs/9ff8ede2-8217-41d7-a02c-a7dc1732e516 HTTP/1.1" 200 OK
api-1       | {"api_key_prefix": "evk_64f04950db0a", "duration_ms": 173.935, "event": "http_request_completed", "level": "info", "method": "GET", "outcome": "success", "path": "/api/v1/runs/9ff8ede2-8217-41d7-a02c-a7dc1732e516", "request_id": "97bca526-61ac-4ac0-8a5b-6627ade36e91", "status_code": 200, "tenant_id": "327d2ffb-1823-49ee-aab0-022efdfc7324", "timestamp": "2026-08-07T11:51:17.471615Z", "trace_id": "19db11c9e33e8c86c30ef5cfbc9a028c"}
api-1       | {"claimed": 50, "event": "outbox_dispatch_batch_completed", "lease_lost": 0, "level": "info", "published": 50, "retry_scheduled": 0, "role": "outbox_dispatcher", "timestamp": "2026-08-07T11:51:18.110913Z"}
api-1       | INFO:     172.18.0.1:50578 - "GET /api/v1/runs/9ff8ede2-8217-41d7-a02c-a7dc1732e516 HTTP/1.1" 200 OK
api-1       | {"api_key_prefix": "evk_64f04950db0a", "duration_ms": 188.426, "event": "http_request_completed", "level": "info", "method": "GET", "outcome": "success", "path": "/api/v1/runs/9ff8ede2-8217-41d7-a02c-a7dc1732e516", "request_id": "4f12f8cf-72f4-4aa2-b6fa-24d3da9c8d7a", "status_code": 200, "tenant_id": "327d2ffb-1823-49ee-aab0-022efdfc7324", "timestamp": "2026-08-07T11:51:18.165239Z", "trace_id": "dc4ef6006d63ff776c8182633ce26fea"}
api-1       | {"event": "Context impl PostgresqlImpl.", "level": "info", "request_id": "6602b4c4-420a-41d2-a8b8-431e0bbad5bc", "timestamp": "2026-08-07T11:51:18.956361Z", "trace_id": "cd56fb0658ef09e69ab59848652b6171"}
api-1       | {"event": "Will assume transactional DDL.", "level": "info", "request_id": "6602b4c4-420a-41d2-a8b8-431e0bbad5bc", "timestamp": "2026-08-07T11:51:18.956478Z", "trace_id": "cd56fb0658ef09e69ab59848652b6171"}
api-1       | {"claimed": 50, "event": "outbox_dispatch_batch_completed", "lease_lost": 0, "level": "info", "published": 50, "retry_scheduled": 0, "role": "outbox_dispatcher", "timestamp": "2026-08-07T11:51:18.974191Z"}
api-1       | INFO:     127.0.0.1:48852 - "GET /health/ready HTTP/1.1" 200 OK
api-1       | {"duration_ms": 90.342, "event": "http_request_completed", "level": "info", "method": "GET", "outcome": "success", "path": "/health/ready", "request_id": "6602b4c4-420a-41d2-a8b8-431e0bbad5bc", "status_code": 200, "timestamp": "2026-08-07T11:51:18.975200Z", "trace_id": "cd56fb0658ef09e69ab59848652b6171"}
api-1       | INFO:     172.18.0.1:50578 - "GET /api/v1/runs/9ff8ede2-8217-41d7-a02c-a7dc1732e516 HTTP/1.1" 200 OK
api-1       | {"api_key_prefix": "evk_64f04950db0a", "duration_ms": 303.463, "event": "http_request_completed", "level": "info", "method": "GET", "outcome": "success", "path": "/api/v1/runs/9ff8ede2-8217-41d7-a02c-a7dc1732e516", "request_id": "fefa936b-ada6-42f2-a652-28aa1a713011", "status_code": 200, "tenant_id": "327d2ffb-1823-49ee-aab0-022efdfc7324", "timestamp": "2026-08-07T11:51:19.042533Z", "trace_id": "d431f71e97e51e2b190c7c4fccc59f78"}
api-1       | {"claimed": 50, "event": "outbox_dispatch_batch_completed", "lease_lost": 0, "level": "info", "published": 50, "retry_scheduled": 0, "role": "outbox_dispatcher", "timestamp": "2026-08-07T11:51:19.669129Z"}
api-1       | INFO:     172.18.0.1:50578 - "GET /api/v1/runs/9ff8ede2-8217-41d7-a02c-a7dc1732e516 HTTP/1.1" 200 OK
api-1       | {"api_key_prefix": "evk_64f04950db0a", "duration_ms": 135.424, "event": "http_request_completed", "level": "info", "method": "GET", "outcome": "success", "path": "/api/v1/runs/9ff8ede2-8217-41d7-a02c-a7dc1732e516", "request_id": "cb65876d-90d1-426e-9a89-01cb37029eda", "status_code": 200, "tenant_id": "327d2ffb-1823-49ee-aab0-022efdfc7324", "timestamp": "2026-08-07T11:51:19.698623Z", "trace_id": "9c2de88aacaf1b8d540d731429c16d66"}
api-1       | {"claimed": 50, "event": "outbox_dispatch_batch_completed", "lease_lost": 0, "level": "info", "published": 50, "retry_scheduled": 0, "role": "outbox_dispatcher", "timestamp": "2026-08-07T11:51:20.364573Z"}
api-1       | INFO:     172.18.0.1:50578 - "GET /api/v1/runs/9ff8ede2-8217-41d7-a02c-a7dc1732e516 HTTP/1.1" 200 OK
api-1       | {"api_key_prefix": "evk_64f04950db0a", "duration_ms": 204.162, "event": "http_request_completed", "level": "info", "method": "GET", "outcome": "success", "path": "/api/v1/runs/9ff8ede2-8217-41d7-a02c-a7dc1732e516", "request_id": "f2f27ded-cc9e-4f42-bfcf-bcd1813cb026", "status_code": 200, "tenant_id": "327d2ffb-1823-49ee-aab0-022efdfc7324", "timestamp": "2026-08-07T11:51:20.427855Z", "trace_id": "94493117294a97375b66bb0eebd459ea"}
api-1       | {"claimed": 50, "event": "outbox_dispatch_batch_completed", "lease_lost": 0, "level": "info", "published": 50, "retry_scheduled": 0, "role": "outbox_dispatcher", "timestamp": "2026-08-07T11:51:21.062651Z"}
api-1       | INFO:     172.18.0.1:50578 - "GET /api/v1/runs/9ff8ede2-8217-41d7-a02c-a7dc1732e516 HTTP/1.1" 200 OK
api-1       | {"api_key_prefix": "evk_64f04950db0a", "duration_ms": 195.91, "event": "http_request_completed", "level": "info", "method": "GET", "outcome": "success", "path": "/api/v1/runs/9ff8ede2-8217-41d7-a02c-a7dc1732e516", "request_id": "042bb197-41e8-414c-a01b-fceb4c258df5", "status_code": 200, "tenant_id": "327d2ffb-1823-49ee-aab0-022efdfc7324", "timestamp": "2026-08-07T11:51:21.126698Z", "trace_id": "94f28657440f2437bae6166fad4cc9e9"}
api-1       | {"claimed": 50, "event": "outbox_dispatch_batch_completed", "lease_lost": 0, "level": "info", "published": 50, "retry_scheduled": 0, "role": "outbox_dispatcher", "timestamp": "2026-08-07T11:51:21.714977Z"}
api-1       | INFO:     172.18.0.1:50578 - "GET /api/v1/runs/9ff8ede2-8217-41d7-a02c-a7dc1732e516 HTTP/1.1" 200 OK
api-1       | {"api_key_prefix": "evk_64f04950db0a", "duration_ms": 133.138, "event": "http_request_completed", "level": "info", "method": "GET", "outcome": "success", "path": "/api/v1/runs/9ff8ede2-8217-41d7-a02c-a7dc1732e516", "request_id": "e9025f3b-d18c-47e2-b1a4-40b1bacbeb51", "status_code": 200, "tenant_id": "327d2ffb-1823-49ee-aab0-022efdfc7324", "timestamp": "2026-08-07T11:51:21.766811Z", "trace_id": "eff0d63b285c4eb9fc68d32302f3b715"}
api-1       | {"claimed": 50, "event": "outbox_dispatch_batch_completed", "lease_lost": 0, "level": "info", "published": 50, "retry_scheduled": 0, "role": "outbox_dispatcher", "timestamp": "2026-08-07T11:51:22.369012Z"}
api-1       | INFO:     172.18.0.1:50578 - "GET /api/v1/runs/9ff8ede2-8217-41d7-a02c-a7dc1732e516 HTTP/1.1" 200 OK
api-1       | {"api_key_prefix": "evk_64f04950db0a", "duration_ms": 144.258, "event": "http_request_completed", "level": "info", "method": "GET", "outcome": "success", "path": "/api/v1/runs/9ff8ede2-8217-41d7-a02c-a7dc1732e516", "request_id": "37ae9172-884e-4196-bf26-4f6789cec22c", "status_code": 200, "tenant_id": "327d2ffb-1823-49ee-aab0-022efdfc7324", "timestamp": "2026-08-07T11:51:22.420808Z", "trace_id": "91904caf1c0fda69e1bb406e41b5a10a"}
api-1       | {"claimed": 50, "event": "outbox_dispatch_batch_completed", "lease_lost": 0, "level": "info", "published": 50, "retry_scheduled": 0, "role": "outbox_dispatcher", "timestamp": "2026-08-07T11:51:23.082433Z"}
api-1       | INFO:     172.18.0.1:50578 - "GET /api/v1/runs/9ff8ede2-8217-41d7-a02c-a7dc1732e516 HTTP/1.1" 200 OK
api-1       | {"api_key_prefix": "evk_64f04950db0a", "duration_ms": 167.258, "event": "http_request_completed", "level": "info", "method": "GET", "outcome": "success", "path": "/api/v1/runs/9ff8ede2-8217-41d7-a02c-a7dc1732e516", "request_id": "1868572c-367a-449a-aced-536835164921", "status_code": 200, "tenant_id": "327d2ffb-1823-49ee-aab0-022efdfc7324", "timestamp": "2026-08-07T11:51:23.135152Z", "trace_id": "f54b28c4ba97a227a3b2c4e6187f45d1"}
api-1       | INFO:     172.18.0.1:50578 - "GET /api/v1/runs/9ff8ede2-8217-41d7-a02c-a7dc1732e516/cases?limit=200&sort=case_id HTTP/1.1" 200 OK
api-1       | {"api_key_prefix": "evk_64f04950db0a", "duration_ms": 66.896, "event": "http_request_completed", "level": "info", "method": "GET", "outcome": "success", "path": "/api/v1/runs/9ff8ede2-8217-41d7-a02c-a7dc1732e516/cases", "request_id": "39ac2d31-4cb0-4b32-8e5c-c017cdaab589", "status_code": 200, "tenant_id": "327d2ffb-1823-49ee-aab0-022efdfc7324", "timestamp": "2026-08-07T11:51:23.203599Z", "trace_id": "ea4d0f4313066b2921e7529fc421d569"}
api-1       | INFO:     172.18.0.1:50578 - "GET /api/v1/runs/9ff8ede2-8217-41d7-a02c-a7dc1732e516/cases?limit=200&sort=case_id&cursor=eyJkaXJlY3Rpb24iOiJhc2MiLCJlcnJvcl9jb2RlIjpudWxsLCJqb2JfaWQiOiIyYjIwMzI5Ny05MmVhLTQyZjctYmUyZi0xYWY4M2U4ODBlYjEiLCJtZXRyaWMiOm51bGwsInNvcnQiOiJjYXNlX2lkIiwic3RhdHVzIjpudWxsLCJ2IjoxLCJ2YWx1ZSI6ImxvYWQtMDE5OSJ9 HTTP/1.1" 200 OK
api-1       | {"api_key_prefix": "evk_64f04950db0a", "duration_ms": 64.34, "event": "http_request_completed", "level": "info", "method": "GET", "outcome": "success", "path": "/api/v1/runs/9ff8ede2-8217-41d7-a02c-a7dc1732e516/cases", "request_id": "80febc45-d65d-41d3-abd7-7e33c77a1050", "status_code": 200, "tenant_id": "327d2ffb-1823-49ee-aab0-022efdfc7324", "timestamp": "2026-08-07T11:51:23.270639Z", "trace_id": "5eb0aa24ea0bc918acd618656a0fe6b4"}
api-1       | INFO:     172.18.0.1:50578 - "GET /api/v1/runs/9ff8ede2-8217-41d7-a02c-a7dc1732e516/cases?limit=200&sort=case_id&cursor=eyJkaXJlY3Rpb24iOiJhc2MiLCJlcnJvcl9jb2RlIjpudWxsLCJqb2JfaWQiOiJjNWM3MDU3My05MDE5LTRlZjItODc2NC02ODRjZTdiOTBlNzIiLCJtZXRyaWMiOm51bGwsInNvcnQiOiJjYXNlX2lkIiwic3RhdHVzIjpudWxsLCJ2IjoxLCJ2YWx1ZSI6ImxvYWQtMDM5OSJ9 HTTP/1.1" 200 OK
api-1       | {"api_key_prefix": "evk_64f04950db0a", "duration_ms": 58.372, "event": "http_request_completed", "level": "info", "method": "GET", "outcome": "success", "path": "/api/v1/runs/9ff8ede2-8217-41d7-a02c-a7dc1732e516/cases", "request_id": "241eaa90-a0e3-4f18-9dd6-e0bd70ab6c58", "status_code": 200, "tenant_id": "327d2ffb-1823-49ee-aab0-022efdfc7324", "timestamp": "2026-08-07T11:51:23.343066Z", "trace_id": "489f54aaece48395f9d1d37c5fe26580"}
api-1       | {"claimed": 50, "event": "outbox_dispatch_batch_completed", "lease_lost": 0, "level": "info", "published": 50, "retry_scheduled": 0, "role": "outbox_dispatcher", "timestamp": "2026-08-07T11:51:23.862560Z"}
api-1       | INFO:     127.0.0.1:45656 - "GET /metrics HTTP/1.1" 200 OK
api-1       | {"duration_ms": 38.92, "event": "http_request_completed", "level": "info", "method": "GET", "outcome": "success", "path": "/metrics", "request_id": "00cce8e1-da94-4e24-84af-254cff649ffb", "status_code": 200, "timestamp": "2026-08-07T11:51:23.872354Z", "trace_id": "c1b2ea71788203c413b6b3bd13dba527"}
api-1       | {"event": "Context impl PostgresqlImpl.", "level": "info", "request_id": "db207174-0938-4b3e-ad84-47514700ffb3", "timestamp": "2026-08-07T11:51:24.318857Z", "trace_id": "818ea383d7421ee3d5c48fd0659554d1"}
api-1       | {"event": "Will assume transactional DDL.", "level": "info", "request_id": "db207174-0938-4b3e-ad84-47514700ffb3", "timestamp": "2026-08-07T11:51:24.319006Z", "trace_id": "818ea383d7421ee3d5c48fd0659554d1"}
api-1       | INFO:     127.0.0.1:45660 - "GET /health/ready HTTP/1.1" 200 OK
api-1       | {"duration_ms": 21.976, "event": "http_request_completed", "level": "info", "method": "GET", "outcome": "success", "path": "/health/ready", "request_id": "db207174-0938-4b3e-ad84-47514700ffb3", "status_code": 200, "timestamp": "2026-08-07T11:51:24.326014Z", "trace_id": "818ea383d7421ee3d5c48fd0659554d1"}
api-1       | {"claimed": 50, "event": "outbox_dispatch_batch_completed", "lease_lost": 0, "level": "info", "published": 50, "retry_scheduled": 0, "role": "outbox_dispatcher", "timestamp": "2026-08-07T11:51:24.526140Z"}
api-1       | {"claimed": 35, "event": "outbox_dispatch_batch_completed", "lease_lost": 0, "level": "info", "published": 35, "retry_scheduled": 0, "role": "outbox_dispatcher", "timestamp": "2026-08-07T11:51:25.165171Z"}
api-1       | {"event": "Context impl PostgresqlImpl.", "level": "info", "request_id": "bc2a0a49-bc92-43d7-9eb1-80e692345cc3", "timestamp": "2026-08-07T11:51:29.852750Z", "trace_id": "886ea28694671ad89aa4462e8637257a"}
api-1       | {"event": "Will assume transactional DDL.", "level": "info", "request_id": "bc2a0a49-bc92-43d7-9eb1-80e692345cc3", "timestamp": "2026-08-07T11:51:29.853068Z", "trace_id": "886ea28694671ad89aa4462e8637257a"}
api-1       | INFO:     127.0.0.1:45690 - "GET /health/ready HTTP/1.1" 200 OK
api-1       | {"duration_ms": 34.998, "event": "http_request_completed", "level": "info", "method": "GET", "outcome": "success", "path": "/health/ready", "request_id": "bc2a0a49-bc92-43d7-9eb1-80e692345cc3", "status_code": 200, "timestamp": "2026-08-07T11:51:29.862870Z", "trace_id": "886ea28694671ad89aa4462e8637257a"}
api-1       | INFO:     172.18.0.1:57840 - "POST /api/v1/runs HTTP/1.1" 202 Accepted
api-1       | {"api_key_prefix": "evk_64f04950db0a", "duration_ms": 232.408, "event": "http_request_completed", "level": "info", "method": "POST", "outcome": "success", "path": "/api/v1/runs", "request_id": "f8d297f3-16de-400f-8510-b5203cb30936", "status_code": 202, "tenant_id": "327d2ffb-1823-49ee-aab0-022efdfc7324", "timestamp": "2026-08-07T11:51:30.610206Z", "trace_id": "fb761a459b9bdc4637ef61a6bc5eea6d"}
api-1       | INFO:     172.18.0.1:57840 - "GET /api/v1/runs/cdd423d1-4115-44b8-9786-f404c8f6e36d HTTP/1.1" 200 OK
api-1       | {"api_key_prefix": "evk_64f04950db0a", "duration_ms": 131.389, "event": "http_request_completed", "level": "info", "method": "GET", "outcome": "success", "path": "/api/v1/runs/cdd423d1-4115-44b8-9786-f404c8f6e36d", "request_id": "211450f5-c9a8-4ac4-8f2e-0db66573c1b9", "status_code": 200, "tenant_id": "327d2ffb-1823-49ee-aab0-022efdfc7324", "timestamp": "2026-08-07T11:51:30.743621Z", "trace_id": "5d58fe5599f2abb195295c6e26b06786"}
api-1       | {"claimed": 2, "event": "outbox_dispatch_batch_completed", "lease_lost": 0, "level": "info", "published": 2, "retry_scheduled": 0, "role": "outbox_dispatcher", "timestamp": "2026-08-07T11:51:30.773469Z"}
api-1       | {"claimed": 32, "event": "outbox_dispatch_batch_completed", "lease_lost": 0, "level": "info", "published": 32, "retry_scheduled": 0, "role": "outbox_dispatcher", "timestamp": "2026-08-07T11:51:31.808724Z"}
api-1       | INFO:     172.18.0.1:57840 - "GET /api/v1/runs/cdd423d1-4115-44b8-9786-f404c8f6e36d HTTP/1.1" 200 OK
api-1       | {"api_key_prefix": "evk_64f04950db0a", "duration_ms": 577.819, "event": "http_request_completed", "level": "info", "method": "GET", "outcome": "success", "path": "/api/v1/runs/cdd423d1-4115-44b8-9786-f404c8f6e36d", "request_id": "3474e758-9885-489d-84e0-4120985f13cc", "status_code": 200, "tenant_id": "327d2ffb-1823-49ee-aab0-022efdfc7324", "timestamp": "2026-08-07T11:51:31.824270Z", "trace_id": "64142ec33ad7282079d6c6ca0879ecf7"}
api-1       | {"claimed": 50, "event": "outbox_dispatch_batch_completed", "lease_lost": 0, "level": "info", "published": 50, "retry_scheduled": 0, "role": "outbox_dispatcher", "timestamp": "2026-08-07T11:51:32.791288Z"}
api-1       | INFO:     172.18.0.1:57840 - "GET /api/v1/runs/cdd423d1-4115-44b8-9786-f404c8f6e36d HTTP/1.1" 200 OK
api-1       | {"api_key_prefix": "evk_64f04950db0a", "duration_ms": 480.006, "event": "http_request_completed", "level": "info", "method": "GET", "outcome": "success", "path": "/api/v1/runs/cdd423d1-4115-44b8-9786-f404c8f6e36d", "request_id": "0e93c042-bef9-4222-9d3c-67942b69407c", "status_code": 200, "tenant_id": "327d2ffb-1823-49ee-aab0-022efdfc7324", "timestamp": "2026-08-07T11:51:32.809449Z", "trace_id": "e51626b985b81a0c1218f89b3edbd121"}
api-1       | {"claimed": 19, "event": "outbox_dispatch_batch_completed", "lease_lost": 0, "level": "info", "published": 19, "retry_scheduled": 0, "role": "outbox_dispatcher", "timestamp": "2026-08-07T11:51:33.391158Z"}
api-1       | INFO:     172.18.0.1:57840 - "GET /api/v1/runs/cdd423d1-4115-44b8-9786-f404c8f6e36d HTTP/1.1" 200 OK
api-1       | {"api_key_prefix": "evk_64f04950db0a", "duration_ms": 145.347, "event": "http_request_completed", "level": "info", "method": "GET", "outcome": "success", "path": "/api/v1/runs/cdd423d1-4115-44b8-9786-f404c8f6e36d", "request_id": "8fa23438-5328-4ab5-bc7c-be9cb2059244", "status_code": 200, "tenant_id": "327d2ffb-1823-49ee-aab0-022efdfc7324", "timestamp": "2026-08-07T11:51:33.462174Z", "trace_id": "b1cc26670be4a70e44cd45bd4c896016"}
api-1       | {"claimed": 3, "event": "outbox_dispatch_batch_completed", "lease_lost": 0, "level": "info", "published": 3, "retry_scheduled": 0, "role": "outbox_dispatcher", "timestamp": "2026-08-07T11:51:33.903010Z"}
api-1       | INFO:     172.18.0.1:57840 - "GET /api/v1/runs/cdd423d1-4115-44b8-9786-f404c8f6e36d HTTP/1.1" 200 OK
api-1       | {"api_key_prefix": "evk_64f04950db0a", "duration_ms": 53.601, "event": "http_request_completed", "level": "info", "method": "GET", "outcome": "success", "path": "/api/v1/runs/cdd423d1-4115-44b8-9786-f404c8f6e36d", "request_id": "5486197b-ce63-4ea8-870a-4251855df088", "status_code": 200, "tenant_id": "327d2ffb-1823-49ee-aab0-022efdfc7324", "timestamp": "2026-08-07T11:51:34.018336Z", "trace_id": "772276e2a8f9205f9fe1129a5973a7e0"}
api-1       | INFO:     172.18.0.1:57840 - "GET /api/v1/runs/cdd423d1-4115-44b8-9786-f404c8f6e36d/cases?limit=200&sort=case_id HTTP/1.1" 200 OK
api-1       | {"api_key_prefix": "evk_64f04950db0a", "duration_ms": 57.915, "event": "http_request_completed", "level": "info", "method": "GET", "outcome": "success", "path": "/api/v1/runs/cdd423d1-4115-44b8-9786-f404c8f6e36d/cases", "request_id": "63cd74f2-b92d-4e90-911d-6dd03558af5f", "status_code": 200, "tenant_id": "327d2ffb-1823-49ee-aab0-022efdfc7324", "timestamp": "2026-08-07T11:51:34.077866Z", "trace_id": "ac0fb4b78d59497e23fc7a6fe1d12794"}
api-1       | INFO:     127.0.0.1:52404 - "GET /metrics HTTP/1.1" 200 OK
api-1       | {"duration_ms": 28.579, "event": "http_request_completed", "level": "info", "method": "GET", "outcome": "success", "path": "/metrics", "request_id": "8431a479-811d-4a3a-833a-c5a8f22703c2", "status_code": 200, "timestamp": "2026-08-07T11:51:34.504536Z", "trace_id": "e2ea1f7bdc3abd3492c34952c9f6e7f4"}
api-1       | {"event": "Context impl PostgresqlImpl.", "level": "info", "request_id": "923b10d8-afd0-485d-8adc-79c69cf69f85", "timestamp": "2026-08-07T11:51:35.325067Z", "trace_id": "109c0078560899effc2021886bd4d776"}
api-1       | {"event": "Will assume transactional DDL.", "level": "info", "request_id": "923b10d8-afd0-485d-8adc-79c69cf69f85", "timestamp": "2026-08-07T11:51:35.325274Z", "trace_id": "109c0078560899effc2021886bd4d776"}
api-1       | INFO:     127.0.0.1:52456 - "GET /health/ready HTTP/1.1" 200 OK
api-1       | {"duration_ms": 32.295, "event": "http_request_completed", "level": "info", "method": "GET", "outcome": "success", "path": "/health/ready", "request_id": "923b10d8-afd0-485d-8adc-79c69cf69f85", "status_code": 200, "timestamp": "2026-08-07T11:51:35.335451Z", "trace_id": "109c0078560899effc2021886bd4d776"}
api-1       | INFO:     172.18.0.1:57840 - "POST /api/v1/runs HTTP/1.1" 202 Accepted
api-1       | {"api_key_prefix": "evk_64f04950db0a", "duration_ms": 229.389, "event": "http_request_completed", "level": "info", "method": "POST", "outcome": "success", "path": "/api/v1/runs", "request_id": "5dcbffc0-a675-48fe-870a-29c963bfbefb", "status_code": 202, "tenant_id": "327d2ffb-1823-49ee-aab0-022efdfc7324", "timestamp": "2026-08-07T11:51:37.543451Z", "trace_id": "f0eb4bcb40bb2a39e1fb49e24a14685b"}
api-1       | INFO:     172.18.0.1:57840 - "GET /api/v1/runs/c31c41a3-a1dd-47a0-940a-119965b08aad HTTP/1.1" 200 OK
api-1       | {"api_key_prefix": "evk_64f04950db0a", "duration_ms": 55.889, "event": "http_request_completed", "level": "info", "method": "GET", "outcome": "success", "path": "/api/v1/runs/c31c41a3-a1dd-47a0-940a-119965b08aad", "request_id": "7752125b-8439-416a-a4d9-0a69fdc56dab", "status_code": 200, "tenant_id": "327d2ffb-1823-49ee-aab0-022efdfc7324", "timestamp": "2026-08-07T11:51:37.601293Z", "trace_id": "dc6d46386a8014c62fb077e296566ca5"}
api-1       | {"claimed": 50, "event": "outbox_dispatch_batch_completed", "lease_lost": 0, "level": "info", "published": 50, "retry_scheduled": 0, "role": "outbox_dispatcher", "timestamp": "2026-08-07T11:51:38.303177Z"}
api-1       | INFO:     172.18.0.1:57840 - "GET /api/v1/runs/c31c41a3-a1dd-47a0-940a-119965b08aad HTTP/1.1" 200 OK
api-1       | {"api_key_prefix": "evk_64f04950db0a", "duration_ms": 244.257, "event": "http_request_completed", "level": "info", "method": "GET", "outcome": "success", "path": "/api/v1/runs/c31c41a3-a1dd-47a0-940a-119965b08aad", "request_id": "d89b4dd8-f983-479e-bf7f-61a05c12642a", "status_code": 200, "tenant_id": "327d2ffb-1823-49ee-aab0-022efdfc7324", "timestamp": "2026-08-07T11:51:38.373238Z", "trace_id": "ba9b165b92a388918014f17b4068d40f"}
api-1       | {"claimed": 50, "event": "outbox_dispatch_batch_completed", "lease_lost": 0, "level": "info", "published": 50, "retry_scheduled": 0, "role": "outbox_dispatcher", "timestamp": "2026-08-07T11:51:39.108723Z"}
api-1       | INFO:     172.18.0.1:57840 - "GET /api/v1/runs/c31c41a3-a1dd-47a0-940a-119965b08aad HTTP/1.1" 200 OK
api-1       | {"api_key_prefix": "evk_64f04950db0a", "duration_ms": 304.937, "event": "http_request_completed", "level": "info", "method": "GET", "outcome": "success", "path": "/api/v1/runs/c31c41a3-a1dd-47a0-940a-119965b08aad", "request_id": "2359f2c0-59b8-47d9-b870-56616027ff93", "status_code": 200, "tenant_id": "327d2ffb-1823-49ee-aab0-022efdfc7324", "timestamp": "2026-08-07T11:51:39.193620Z", "trace_id": "ab03dc084a65e9940f59b3d2904cba40"}
api-1       | {"claimed": 50, "event": "outbox_dispatch_batch_completed", "lease_lost": 0, "level": "info", "published": 50, "retry_scheduled": 0, "role": "outbox_dispatcher", "timestamp": "2026-08-07T11:51:39.976559Z"}
api-1       | INFO:     172.18.0.1:57840 - "GET /api/v1/runs/c31c41a3-a1dd-47a0-940a-119965b08aad HTTP/1.1" 200 OK
api-1       | {"api_key_prefix": "evk_64f04950db0a", "duration_ms": 362.952, "event": "http_request_completed", "level": "info", "method": "GET", "outcome": "success", "path": "/api/v1/runs/c31c41a3-a1dd-47a0-940a-119965b08aad", "request_id": "1736c3e5-5a8b-4d84-9c77-223b4a530bc4", "status_code": 200, "tenant_id": "327d2ffb-1823-49ee-aab0-022efdfc7324", "timestamp": "2026-08-07T11:51:40.115173Z", "trace_id": "eababc6446ac8e8f7180fcb41dab1eaa"}
api-1       | {"event": "Context impl PostgresqlImpl.", "level": "info", "request_id": "204a5ba0-88af-4395-bdb3-6b5d99d8a0d8", "timestamp": "2026-08-07T11:51:41.198261Z", "trace_id": "f153616fff1a21f58df9f767d0bec370"}
api-1       | {"event": "Will assume transactional DDL.", "level": "info", "request_id": "204a5ba0-88af-4395-bdb3-6b5d99d8a0d8", "timestamp": "2026-08-07T11:51:41.198404Z", "trace_id": "f153616fff1a21f58df9f767d0bec370"}
api-1       | {"claimed": 50, "event": "outbox_dispatch_batch_completed", "lease_lost": 0, "level": "info", "published": 50, "retry_scheduled": 0, "role": "outbox_dispatcher", "timestamp": "2026-08-07T11:51:41.207496Z"}
api-1       | INFO:     127.0.0.1:52540 - "GET /health/ready HTTP/1.1" 200 OK
api-1       | {"duration_ms": 97.821, "event": "http_request_completed", "level": "info", "method": "GET", "outcome": "success", "path": "/health/ready", "request_id": "204a5ba0-88af-4395-bdb3-6b5d99d8a0d8", "status_code": 200, "timestamp": "2026-08-07T11:51:41.234132Z", "trace_id": "f153616fff1a21f58df9f767d0bec370"}
api-1       | INFO:     172.18.0.1:57840 - "GET /api/v1/runs/c31c41a3-a1dd-47a0-940a-119965b08aad HTTP/1.1" 200 OK
api-1       | {"api_key_prefix": "evk_64f04950db0a", "duration_ms": 556.688, "event": "http_request_completed", "level": "info", "method": "GET", "outcome": "success", "path": "/api/v1/runs/c31c41a3-a1dd-47a0-940a-119965b08aad", "request_id": "f66f6ef9-8859-47b4-b4b6-3665f6ad6d5a", "status_code": 200, "tenant_id": "327d2ffb-1823-49ee-aab0-022efdfc7324", "timestamp": "2026-08-07T11:51:41.308605Z", "trace_id": "2ce5fb0ba4dead9871d54ff6bc27e091"}
api-1       | {"claimed": 50, "event": "outbox_dispatch_batch_completed", "lease_lost": 0, "level": "info", "published": 50, "retry_scheduled": 0, "role": "outbox_dispatcher", "timestamp": "2026-08-07T11:51:42.070353Z"}
api-1       | INFO:     172.18.0.1:57840 - "GET /api/v1/runs/c31c41a3-a1dd-47a0-940a-119965b08aad HTTP/1.1" 200 OK
api-1       | {"api_key_prefix": "evk_64f04950db0a", "duration_ms": 283.355, "event": "http_request_completed", "level": "info", "method": "GET", "outcome": "success", "path": "/api/v1/runs/c31c41a3-a1dd-47a0-940a-119965b08aad", "request_id": "82caa644-c439-4199-9177-4be37dc742ec", "status_code": 200, "tenant_id": "327d2ffb-1823-49ee-aab0-022efdfc7324", "timestamp": "2026-08-07T11:51:42.146842Z", "trace_id": "ee5b6bb5ddd5071a67b55c12e75a463c"}
api-1       | {"claimed": 50, "event": "outbox_dispatch_batch_completed", "lease_lost": 0, "level": "info", "published": 50, "retry_scheduled": 0, "role": "outbox_dispatcher", "timestamp": "2026-08-07T11:51:42.871835Z"}
api-1       | INFO:     172.18.0.1:57840 - "GET /api/v1/runs/c31c41a3-a1dd-47a0-940a-119965b08aad HTTP/1.1" 200 OK
api-1       | {"api_key_prefix": "evk_64f04950db0a", "duration_ms": 282.471, "event": "http_request_completed", "level": "info", "method": "GET", "outcome": "success", "path": "/api/v1/runs/c31c41a3-a1dd-47a0-940a-119965b08aad", "request_id": "fc6080fe-74e3-4593-bfea-d5f25a60a078", "status_code": 200, "tenant_id": "327d2ffb-1823-49ee-aab0-022efdfc7324", "timestamp": "2026-08-07T11:51:42.953633Z", "trace_id": "72fa70cd91db0c3509542850621f108a"}
api-1       | {"claimed": 50, "event": "outbox_dispatch_batch_completed", "lease_lost": 0, "level": "info", "published": 50, "retry_scheduled": 0, "role": "outbox_dispatcher", "timestamp": "2026-08-07T11:51:43.563104Z"}
api-1       | INFO:     172.18.0.1:57840 - "GET /api/v1/runs/c31c41a3-a1dd-47a0-940a-119965b08aad HTTP/1.1" 200 OK
api-1       | {"api_key_prefix": "evk_64f04950db0a", "duration_ms": 104.379, "event": "http_request_completed", "level": "info", "method": "GET", "outcome": "success", "path": "/api/v1/runs/c31c41a3-a1dd-47a0-940a-119965b08aad", "request_id": "8a186b13-ae33-40e1-9c93-06b983f883a9", "status_code": 200, "tenant_id": "327d2ffb-1823-49ee-aab0-022efdfc7324", "timestamp": "2026-08-07T11:51:43.569294Z", "trace_id": "25f5206df7a2560a9d7c96b3e0ee29a5"}
api-1       | {"claimed": 50, "event": "outbox_dispatch_batch_completed", "lease_lost": 0, "level": "info", "published": 50, "retry_scheduled": 0, "role": "outbox_dispatcher", "timestamp": "2026-08-07T11:51:44.263350Z"}
api-1       | INFO:     172.18.0.1:57840 - "GET /api/v1/runs/c31c41a3-a1dd-47a0-940a-119965b08aad HTTP/1.1" 200 OK
api-1       | {"api_key_prefix": "evk_64f04950db0a", "duration_ms": 202.955, "event": "http_request_completed", "level": "info", "method": "GET", "outcome": "success", "path": "/api/v1/runs/c31c41a3-a1dd-47a0-940a-119965b08aad", "request_id": "15c3add2-258f-4ff8-98a7-7eb9891e0496", "status_code": 200, "tenant_id": "327d2ffb-1823-49ee-aab0-022efdfc7324", "timestamp": "2026-08-07T11:51:44.275654Z", "trace_id": "c634662cefd7aac54ace19be2c85f693"}
api-1       | {"claimed": 50, "event": "outbox_dispatch_batch_completed", "lease_lost": 0, "level": "info", "published": 50, "retry_scheduled": 0, "role": "outbox_dispatcher", "timestamp": "2026-08-07T11:51:44.947774Z"}
api-1       | INFO:     172.18.0.1:57840 - "GET /api/v1/runs/c31c41a3-a1dd-47a0-940a-119965b08aad HTTP/1.1" 200 OK
api-1       | {"api_key_prefix": "evk_64f04950db0a", "duration_ms": 192.926, "event": "http_request_completed", "level": "info", "method": "GET", "outcome": "success", "path": "/api/v1/runs/c31c41a3-a1dd-47a0-940a-119965b08aad", "request_id": "1e7b84f4-e181-4e0d-ab4d-3f0b650b2bc9", "status_code": 200, "tenant_id": "327d2ffb-1823-49ee-aab0-022efdfc7324", "timestamp": "2026-08-07T11:51:44.971183Z", "trace_id": "9c79af8448068cc86c8c99e3d3300db0"}
api-1       | INFO:     172.18.0.1:57840 - "GET /api/v1/runs/c31c41a3-a1dd-47a0-940a-119965b08aad/cases?limit=200&sort=case_id HTTP/1.1" 200 OK
api-1       | {"api_key_prefix": "evk_64f04950db0a", "duration_ms": 66.026, "event": "http_request_completed", "level": "info", "method": "GET", "outcome": "success", "path": "/api/v1/runs/c31c41a3-a1dd-47a0-940a-119965b08aad/cases", "request_id": "19beeb0c-f963-407f-bc21-183bced00f79", "status_code": 200, "tenant_id": "327d2ffb-1823-49ee-aab0-022efdfc7324", "timestamp": "2026-08-07T11:51:45.038765Z", "trace_id": "b2cad018c9029e20d2c47c9759f0697d"}
api-1       | INFO:     172.18.0.1:57840 - "GET /api/v1/runs/c31c41a3-a1dd-47a0-940a-119965b08aad/cases?limit=200&sort=case_id&cursor=eyJkaXJlY3Rpb24iOiJhc2MiLCJlcnJvcl9jb2RlIjpudWxsLCJqb2JfaWQiOiJkMDk3ZjcxMC05NTEyLTRhOGUtOTU4ZS1mYjEwZWZlYTgxMTgiLCJtZXRyaWMiOm51bGwsInNvcnQiOiJjYXNlX2lkIiwic3RhdHVzIjpudWxsLCJ2IjoxLCJ2YWx1ZSI6ImxvYWQtMDE5OSJ9 HTTP/1.1" 200 OK
api-1       | {"api_key_prefix": "evk_64f04950db0a", "duration_ms": 66.8, "event": "http_request_completed", "level": "info", "method": "GET", "outcome": "success", "path": "/api/v1/runs/c31c41a3-a1dd-47a0-940a-119965b08aad/cases", "request_id": "4ae5e071-340b-4048-8416-8dcb68609add", "status_code": 200, "tenant_id": "327d2ffb-1823-49ee-aab0-022efdfc7324", "timestamp": "2026-08-07T11:51:45.108166Z", "trace_id": "290582ac135009d9b8acd640cc70f583"}
api-1       | INFO:     172.18.0.1:57840 - "GET /api/v1/runs/c31c41a3-a1dd-47a0-940a-119965b08aad/cases?limit=200&sort=case_id&cursor=eyJkaXJlY3Rpb24iOiJhc2MiLCJlcnJvcl9jb2RlIjpudWxsLCJqb2JfaWQiOiJkNTYwNDAxMy1hNzVkLTQ1YTktODM5ZC1jZmNkM2Q4Zjc2OTgiLCJtZXRyaWMiOm51bGwsInNvcnQiOiJjYXNlX2lkIiwic3RhdHVzIjpudWxsLCJ2IjoxLCJ2YWx1ZSI6ImxvYWQtMDM5OSJ9 HTTP/1.1" 200 OK
api-1       | {"api_key_prefix": "evk_64f04950db0a", "duration_ms": 60.495, "event": "http_request_completed", "level": "info", "method": "GET", "outcome": "success", "path": "/api/v1/runs/c31c41a3-a1dd-47a0-940a-119965b08aad/cases", "request_id": "4122ce67-620e-44b1-a203-1676908d401e", "status_code": 200, "tenant_id": "327d2ffb-1823-49ee-aab0-022efdfc7324", "timestamp": "2026-08-07T11:51:45.171245Z", "trace_id": "5083aae54e02649adb54a4a5692cba56"}
api-1       | {"claimed": 50, "event": "outbox_dispatch_batch_completed", "lease_lost": 0, "level": "info", "published": 50, "retry_scheduled": 0, "role": "outbox_dispatcher", "timestamp": "2026-08-07T11:51:45.689820Z"}
api-1       | INFO:     127.0.0.1:39084 - "GET /metrics HTTP/1.1" 200 OK
api-1       | {"duration_ms": 62.545, "event": "http_request_completed", "level": "info", "method": "GET", "outcome": "success", "path": "/metrics", "request_id": "cfcd534b-cad5-425d-a562-0608a73954c5", "status_code": 200, "timestamp": "2026-08-07T11:51:45.704652Z", "trace_id": "5e4af50b86c4ad339fd3589c03b13d35"}
api-1       | {"claimed": 50, "event": "outbox_dispatch_batch_completed", "lease_lost": 0, "level": "info", "published": 50, "retry_scheduled": 0, "role": "outbox_dispatcher", "timestamp": "2026-08-07T11:51:46.550583Z"}
api-1       | {"event": "Context impl PostgresqlImpl.", "level": "info", "request_id": "116c4840-4b09-4c02-946b-4be71125fd52", "timestamp": "2026-08-07T11:51:46.756984Z", "trace_id": "e495121f41d1a30b49fb29dbc55341a8"}
api-1       | {"event": "Will assume transactional DDL.", "level": "info", "request_id": "116c4840-4b09-4c02-946b-4be71125fd52", "timestamp": "2026-08-07T11:51:46.757142Z", "trace_id": "e495121f41d1a30b49fb29dbc55341a8"}
api-1       | INFO:     127.0.0.1:39100 - "GET /health/ready HTTP/1.1" 200 OK
api-1       | {"duration_ms": 18.782, "event": "http_request_completed", "level": "info", "method": "GET", "outcome": "success", "path": "/health/ready", "request_id": "116c4840-4b09-4c02-946b-4be71125fd52", "status_code": 200, "timestamp": "2026-08-07T11:51:46.762428Z", "trace_id": "e495121f41d1a30b49fb29dbc55341a8"}
api-1       | {"claimed": 50, "event": "outbox_dispatch_batch_completed", "lease_lost": 0, "level": "info", "published": 50, "retry_scheduled": 0, "role": "outbox_dispatcher", "timestamp": "2026-08-07T11:51:47.279745Z"}
api-1       | {"claimed": 50, "event": "outbox_dispatch_batch_completed", "lease_lost": 0, "level": "info", "published": 50, "retry_scheduled": 0, "role": "outbox_dispatcher", "timestamp": "2026-08-07T11:51:47.969937Z"}
api-1       | {"claimed": 50, "event": "outbox_dispatch_batch_completed", "lease_lost": 0, "level": "info", "published": 50, "retry_scheduled": 0, "role": "outbox_dispatcher", "timestamp": "2026-08-07T11:51:48.691844Z"}
api-1       | {"claimed": 50, "event": "outbox_dispatch_batch_completed", "lease_lost": 0, "level": "info", "published": 50, "retry_scheduled": 0, "role": "outbox_dispatcher", "timestamp": "2026-08-07T11:51:49.365707Z"}
api-1       | {"claimed": 50, "event": "outbox_dispatch_batch_completed", "lease_lost": 0, "level": "info", "published": 50, "retry_scheduled": 0, "role": "outbox_dispatcher", "timestamp": "2026-08-07T11:51:50.005466Z"}
api-1       | {"claimed": 50, "event": "outbox_dispatch_batch_completed", "lease_lost": 0, "level": "info", "published": 50, "retry_scheduled": 0, "role": "outbox_dispatcher", "timestamp": "2026-08-07T11:51:50.696086Z"}
api-1       | {"claimed": 50, "event": "outbox_dispatch_batch_completed", "lease_lost": 0, "level": "info", "published": 50, "retry_scheduled": 0, "role": "outbox_dispatcher", "timestamp": "2026-08-07T11:51:51.421805Z"}
api-1       | {"event": "Context impl PostgresqlImpl.", "level": "info", "request_id": "5982cc6f-cb48-4865-be2e-91c7ddaa4308", "timestamp": "2026-08-07T11:51:52.411565Z", "trace_id": "d6f92ab492138487e0251618c6cfcf22"}
api-1       | {"event": "Will assume transactional DDL.", "level": "info", "request_id": "5982cc6f-cb48-4865-be2e-91c7ddaa4308", "timestamp": "2026-08-07T11:51:52.411702Z", "trace_id": "d6f92ab492138487e0251618c6cfcf22"}
api-1       | {"claimed": 50, "event": "outbox_dispatch_batch_completed", "lease_lost": 0, "level": "info", "published": 50, "retry_scheduled": 0, "role": "outbox_dispatcher", "timestamp": "2026-08-07T11:51:52.418642Z"}
api-1       | INFO:     127.0.0.1:60438 - "GET /health/ready HTTP/1.1" 200 OK
api-1       | {"duration_ms": 147.614, "event": "http_request_completed", "level": "info", "method": "GET", "outcome": "success", "path": "/health/ready", "request_id": "5982cc6f-cb48-4865-be2e-91c7ddaa4308", "status_code": 200, "timestamp": "2026-08-07T11:51:52.422990Z", "trace_id": "d6f92ab492138487e0251618c6cfcf22"}
api-1       | {"claimed": 50, "event": "outbox_dispatch_batch_completed", "lease_lost": 0, "level": "info", "published": 50, "retry_scheduled": 0, "role": "outbox_dispatcher", "timestamp": "2026-08-07T11:51:53.091020Z"}
api-1       | {"claimed": 50, "event": "outbox_dispatch_batch_completed", "lease_lost": 0, "level": "info", "published": 50, "retry_scheduled": 0, "role": "outbox_dispatcher", "timestamp": "2026-08-07T11:51:53.748568Z"}
api-1       | {"claimed": 2, "event": "outbox_dispatch_batch_completed", "lease_lost": 0, "level": "info", "published": 2, "retry_scheduled": 0, "role": "outbox_dispatcher", "timestamp": "2026-08-07T11:51:54.259330Z"}
api-1       | INFO:     172.18.0.1:52924 - "POST /api/v1/runs HTTP/1.1" 202 Accepted
api-1       | {"api_key_prefix": "evk_64f04950db0a", "duration_ms": 78.57, "event": "http_request_completed", "level": "info", "method": "POST", "outcome": "success", "path": "/api/v1/runs", "request_id": "823b16ae-2260-4866-a7fe-db08968e90f3", "status_code": 202, "tenant_id": "327d2ffb-1823-49ee-aab0-022efdfc7324", "timestamp": "2026-08-07T11:51:54.586797Z", "trace_id": "b6970506daa257ae9ccd36881220e064"}
api-1       | INFO:     172.18.0.1:52924 - "GET /api/v1/runs/a1ac22af-9ceb-4801-a632-17ebbe41340a HTTP/1.1" 200 OK
api-1       | {"api_key_prefix": "evk_64f04950db0a", "duration_ms": 51.0, "event": "http_request_completed", "level": "info", "method": "GET", "outcome": "success", "path": "/api/v1/runs/a1ac22af-9ceb-4801-a632-17ebbe41340a", "request_id": "0459f641-2860-4ec4-83d4-68fcc615c4a8", "status_code": 200, "tenant_id": "327d2ffb-1823-49ee-aab0-022efdfc7324", "timestamp": "2026-08-07T11:51:54.639240Z", "trace_id": "585d5e0eede9953acf53342647361fd0"}
api-1       | INFO:     172.18.0.1:52924 - "GET /api/v1/runs/a1ac22af-9ceb-4801-a632-17ebbe41340a HTTP/1.1" 200 OK
api-1       | {"api_key_prefix": "evk_64f04950db0a", "duration_ms": 63.065, "event": "http_request_completed", "level": "info", "method": "GET", "outcome": "success", "path": "/api/v1/runs/a1ac22af-9ceb-4801-a632-17ebbe41340a", "request_id": "a38a7511-3151-4ad2-af23-148004ec63ee", "status_code": 200, "tenant_id": "327d2ffb-1823-49ee-aab0-022efdfc7324", "timestamp": "2026-08-07T11:51:55.205505Z", "trace_id": "e10dbae0a1eacdd42c50ec3b409369fc"}
api-1       | {"claimed": 50, "event": "outbox_dispatch_batch_completed", "lease_lost": 0, "level": "info", "published": 50, "retry_scheduled": 0, "role": "outbox_dispatcher", "timestamp": "2026-08-07T11:51:55.466323Z"}
api-1       | INFO:     172.18.0.1:52924 - "GET /api/v1/runs/a1ac22af-9ceb-4801-a632-17ebbe41340a HTTP/1.1" 200 OK
api-1       | {"api_key_prefix": "evk_64f04950db0a", "duration_ms": 55.665, "event": "http_request_completed", "level": "info", "method": "GET", "outcome": "success", "path": "/api/v1/runs/a1ac22af-9ceb-4801-a632-17ebbe41340a", "request_id": "d6dbec44-2fcc-4865-abd8-65febdc4e4fc", "status_code": 200, "tenant_id": "327d2ffb-1823-49ee-aab0-022efdfc7324", "timestamp": "2026-08-07T11:51:55.764091Z", "trace_id": "d48d80bde295b13aff39c7dce0892bcb"}
api-1       | {"claimed": 50, "event": "outbox_dispatch_batch_completed", "lease_lost": 0, "level": "info", "published": 50, "retry_scheduled": 0, "role": "outbox_dispatcher", "timestamp": "2026-08-07T11:51:56.110441Z"}
api-1       | INFO:     172.18.0.1:52924 - "GET /api/v1/runs/a1ac22af-9ceb-4801-a632-17ebbe41340a HTTP/1.1" 200 OK
api-1       | {"api_key_prefix": "evk_64f04950db0a", "duration_ms": 56.095, "event": "http_request_completed", "level": "info", "method": "GET", "outcome": "success", "path": "/api/v1/runs/a1ac22af-9ceb-4801-a632-17ebbe41340a", "request_id": "a30ebd3a-cf45-48db-8bb3-8fbae380d9d6", "status_code": 200, "tenant_id": "327d2ffb-1823-49ee-aab0-022efdfc7324", "timestamp": "2026-08-07T11:51:56.322717Z", "trace_id": "bbaf23c56fa483cca3da4cb2970ac0ab"}
api-1       | {"claimed": 6, "event": "outbox_dispatch_batch_completed", "lease_lost": 0, "level": "info", "published": 6, "retry_scheduled": 0, "role": "outbox_dispatcher", "timestamp": "2026-08-07T11:51:56.636279Z"}
api-1       | INFO:     172.18.0.1:52924 - "GET /api/v1/runs/a1ac22af-9ceb-4801-a632-17ebbe41340a HTTP/1.1" 200 OK
api-1       | {"api_key_prefix": "evk_64f04950db0a", "duration_ms": 55.977, "event": "http_request_completed", "level": "info", "method": "GET", "outcome": "success", "path": "/api/v1/runs/a1ac22af-9ceb-4801-a632-17ebbe41340a", "request_id": "0abc4f1f-30d4-4be4-82d0-b74179b2f869", "status_code": 200, "tenant_id": "327d2ffb-1823-49ee-aab0-022efdfc7324", "timestamp": "2026-08-07T11:51:56.881175Z", "trace_id": "e16cd96e744571e345a61163e1fcbb30"}
api-1       | INFO:     172.18.0.1:52924 - "GET /api/v1/runs/a1ac22af-9ceb-4801-a632-17ebbe41340a/cases?limit=200&sort=case_id HTTP/1.1" 200 OK
api-1       | {"api_key_prefix": "evk_64f04950db0a", "duration_ms": 59.293, "event": "http_request_completed", "level": "info", "method": "GET", "outcome": "success", "path": "/api/v1/runs/a1ac22af-9ceb-4801-a632-17ebbe41340a/cases", "request_id": "b9360722-c7be-4864-b9d2-60c22c8b1e0f", "status_code": 200, "tenant_id": "327d2ffb-1823-49ee-aab0-022efdfc7324", "timestamp": "2026-08-07T11:51:56.942526Z", "trace_id": "fdcdec49e24189f6eb60e40fe84480d0"}
api-1       | INFO:     127.0.0.1:60472 - "GET /metrics HTTP/1.1" 200 OK
api-1       | {"duration_ms": 18.589, "event": "http_request_completed", "level": "info", "method": "GET", "outcome": "success", "path": "/metrics", "request_id": "0e39dfb5-b2c0-4ba7-9fb1-b45689d7b40c", "status_code": 200, "timestamp": "2026-08-07T11:51:57.342903Z", "trace_id": "d62ce8419bcfdda9471c367e93fb6dd1"}
api-1       | {"event": "Context impl PostgresqlImpl.", "level": "info", "request_id": "e14f0540-b17e-439b-ae18-507d023f132d", "timestamp": "2026-08-07T11:51:57.763454Z", "trace_id": "d747a40b05c66db7789c43806181deb3"}
api-1       | {"event": "Will assume transactional DDL.", "level": "info", "request_id": "e14f0540-b17e-439b-ae18-507d023f132d", "timestamp": "2026-08-07T11:51:57.763568Z", "trace_id": "d747a40b05c66db7789c43806181deb3"}
api-1       | INFO:     127.0.0.1:60486 - "GET /health/ready HTTP/1.1" 200 OK
api-1       | {"duration_ms": 19.539, "event": "http_request_completed", "level": "info", "method": "GET", "outcome": "success", "path": "/health/ready", "request_id": "e14f0540-b17e-439b-ae18-507d023f132d", "status_code": 200, "timestamp": "2026-08-07T11:51:57.769457Z", "trace_id": "d747a40b05c66db7789c43806181deb3"}
api-1       | INFO:     172.18.0.1:52924 - "POST /api/v1/runs HTTP/1.1" 202 Accepted
api-1       | {"api_key_prefix": "evk_64f04950db0a", "duration_ms": 238.165, "event": "http_request_completed", "level": "info", "method": "POST", "outcome": "success", "path": "/api/v1/runs", "request_id": "221ef4f9-2c8d-40a6-89b0-3cca0c8e1bd7", "status_code": 202, "tenant_id": "327d2ffb-1823-49ee-aab0-022efdfc7324", "timestamp": "2026-08-07T11:51:59.164705Z", "trace_id": "a1cee6d46d8d4fe9b31a6b16b891e6a6"}
api-1       | INFO:     172.18.0.1:52924 - "GET /api/v1/runs/e93d25fc-99f9-451e-bead-2e197d914c7d HTTP/1.1" 200 OK
api-1       | {"api_key_prefix": "evk_64f04950db0a", "duration_ms": 50.453, "event": "http_request_completed", "level": "info", "method": "GET", "outcome": "success", "path": "/api/v1/runs/e93d25fc-99f9-451e-bead-2e197d914c7d", "request_id": "b135c5dd-a5a5-4c06-a8a1-6c7e93fe9ba7", "status_code": 200, "tenant_id": "327d2ffb-1823-49ee-aab0-022efdfc7324", "timestamp": "2026-08-07T11:51:59.216777Z", "trace_id": "5e267f930684f589cfcc6a1a13ffb020"}
api-1       | {"claimed": 35, "event": "outbox_dispatch_batch_completed", "lease_lost": 0, "level": "info", "published": 35, "retry_scheduled": 0, "role": "outbox_dispatcher", "timestamp": "2026-08-07T11:51:59.878045Z"}
api-1       | INFO:     172.18.0.1:52924 - "GET /api/v1/runs/e93d25fc-99f9-451e-bead-2e197d914c7d HTTP/1.1" 200 OK
api-1       | {"api_key_prefix": "evk_64f04950db0a", "duration_ms": 216.952, "event": "http_request_completed", "level": "info", "method": "GET", "outcome": "success", "path": "/api/v1/runs/e93d25fc-99f9-451e-bead-2e197d914c7d", "request_id": "79e1c0dc-04e5-4587-a69d-82d6f7fa1723", "status_code": 200, "tenant_id": "327d2ffb-1823-49ee-aab0-022efdfc7324", "timestamp": "2026-08-07T11:51:59.938594Z", "trace_id": "863e340dfc8ed490d9267c76bfe5d03c"}
api-1       | {"claimed": 50, "event": "outbox_dispatch_batch_completed", "lease_lost": 0, "level": "info", "published": 50, "retry_scheduled": 0, "role": "outbox_dispatcher", "timestamp": "2026-08-07T11:52:00.606831Z"}
api-1       | INFO:     172.18.0.1:52924 - "GET /api/v1/runs/e93d25fc-99f9-451e-bead-2e197d914c7d HTTP/1.1" 200 OK
api-1       | {"api_key_prefix": "evk_64f04950db0a", "duration_ms": 237.215, "event": "http_request_completed", "level": "info", "method": "GET", "outcome": "success", "path": "/api/v1/runs/e93d25fc-99f9-451e-bead-2e197d914c7d", "request_id": "a861e681-3b86-4439-90b4-3851b41f863b", "status_code": 200, "tenant_id": "327d2ffb-1823-49ee-aab0-022efdfc7324", "timestamp": "2026-08-07T11:52:00.680968Z", "trace_id": "4594984ccecbf37536a4e59e57cf8592"}
api-1       | {"claimed": 50, "event": "outbox_dispatch_batch_completed", "lease_lost": 0, "level": "info", "published": 50, "retry_scheduled": 0, "role": "outbox_dispatcher", "timestamp": "2026-08-07T11:52:01.372325Z"}
api-1       | INFO:     172.18.0.1:52924 - "GET /api/v1/runs/e93d25fc-99f9-451e-bead-2e197d914c7d HTTP/1.1" 200 OK
api-1       | {"api_key_prefix": "evk_64f04950db0a", "duration_ms": 257.706, "event": "http_request_completed", "level": "info", "method": "GET", "outcome": "success", "path": "/api/v1/runs/e93d25fc-99f9-451e-bead-2e197d914c7d", "request_id": "e57f4d54-1b27-4f7e-8d8c-924032ea4d79", "status_code": 200, "tenant_id": "327d2ffb-1823-49ee-aab0-022efdfc7324", "timestamp": "2026-08-07T11:52:01.441687Z", "trace_id": "8308bc31932933b5807c0179e5d8c567"}
api-1       | {"claimed": 50, "event": "outbox_dispatch_batch_completed", "lease_lost": 0, "level": "info", "published": 50, "retry_scheduled": 0, "role": "outbox_dispatcher", "timestamp": "2026-08-07T11:52:02.084438Z"}
api-1       | INFO:     172.18.0.1:52924 - "GET /api/v1/runs/e93d25fc-99f9-451e-bead-2e197d914c7d HTTP/1.1" 200 OK
api-1       | {"api_key_prefix": "evk_64f04950db0a", "duration_ms": 188.667, "event": "http_request_completed", "level": "info", "method": "GET", "outcome": "success", "path": "/api/v1/runs/e93d25fc-99f9-451e-bead-2e197d914c7d", "request_id": "af42cf8b-5e6e-4d60-b927-4a180452c1e5", "status_code": 200, "tenant_id": "327d2ffb-1823-49ee-aab0-022efdfc7324", "timestamp": "2026-08-07T11:52:02.141704Z", "trace_id": "4a88c1775f347ef0d63743c0cce684b6"}
api-1       | {"claimed": 50, "event": "outbox_dispatch_batch_completed", "lease_lost": 0, "level": "info", "published": 50, "retry_scheduled": 0, "role": "outbox_dispatcher", "timestamp": "2026-08-07T11:52:02.863115Z"}
api-1       | INFO:     172.18.0.1:52924 - "GET /api/v1/runs/e93d25fc-99f9-451e-bead-2e197d914c7d HTTP/1.1" 200 OK
api-1       | {"api_key_prefix": "evk_64f04950db0a", "duration_ms": 271.248, "event": "http_request_completed", "level": "info", "method": "GET", "outcome": "success", "path": "/api/v1/runs/e93d25fc-99f9-451e-bead-2e197d914c7d", "request_id": "2f0f53cf-f7f1-4a8a-a1e7-a40ac7fcf777", "status_code": 200, "tenant_id": "327d2ffb-1823-49ee-aab0-022efdfc7324", "timestamp": "2026-08-07T11:52:02.940755Z", "trace_id": "ccae69d9a13cb5e63eb52def608258f0"}
api-1       | {"event": "Context impl PostgresqlImpl.", "level": "info", "request_id": "4e883b59-ccf1-4ef7-b60d-93eee1f0a59f", "timestamp": "2026-08-07T11:52:03.206328Z", "trace_id": "9f811a00bde613322ba9c2954cff3215"}
api-1       | {"event": "Will assume transactional DDL.", "level": "info", "request_id": "4e883b59-ccf1-4ef7-b60d-93eee1f0a59f", "timestamp": "2026-08-07T11:52:03.207151Z", "trace_id": "9f811a00bde613322ba9c2954cff3215"}
api-1       | INFO:     127.0.0.1:54028 - "GET /health/ready HTTP/1.1" 200 OK
api-1       | {"duration_ms": 29.93, "event": "http_request_completed", "level": "info", "method": "GET", "outcome": "success", "path": "/health/ready", "request_id": "4e883b59-ccf1-4ef7-b60d-93eee1f0a59f", "status_code": 200, "timestamp": "2026-08-07T11:52:03.214792Z", "trace_id": "9f811a00bde613322ba9c2954cff3215"}
api-1       | {"claimed": 50, "event": "outbox_dispatch_batch_completed", "lease_lost": 0, "level": "info", "published": 50, "retry_scheduled": 0, "role": "outbox_dispatcher", "timestamp": "2026-08-07T11:52:03.572965Z"}
api-1       | INFO:     172.18.0.1:52924 - "GET /api/v1/runs/e93d25fc-99f9-451e-bead-2e197d914c7d HTTP/1.1" 200 OK
api-1       | {"api_key_prefix": "evk_64f04950db0a", "duration_ms": 186.399, "event": "http_request_completed", "level": "info", "method": "GET", "outcome": "success", "path": "/api/v1/runs/e93d25fc-99f9-451e-bead-2e197d914c7d", "request_id": "fbc10f4e-800d-4b8a-b19b-f7da9f5e48d2", "status_code": 200, "tenant_id": "327d2ffb-1823-49ee-aab0-022efdfc7324", "timestamp": "2026-08-07T11:52:03.645172Z", "trace_id": "557935a6fc0fca4552f4c7d7cb7052c6"}
api-1       | {"claimed": 50, "event": "outbox_dispatch_batch_completed", "lease_lost": 0, "level": "info", "published": 50, "retry_scheduled": 0, "role": "outbox_dispatcher", "timestamp": "2026-08-07T11:52:04.327928Z"}
api-1       | INFO:     172.18.0.1:52924 - "GET /api/v1/runs/e93d25fc-99f9-451e-bead-2e197d914c7d HTTP/1.1" 200 OK
api-1       | {"api_key_prefix": "evk_64f04950db0a", "duration_ms": 189.94, "event": "http_request_completed", "level": "info", "method": "GET", "outcome": "success", "path": "/api/v1/runs/e93d25fc-99f9-451e-bead-2e197d914c7d", "request_id": "30fde7cc-dc5d-4ae3-ace4-3705730670fb", "status_code": 200, "tenant_id": "327d2ffb-1823-49ee-aab0-022efdfc7324", "timestamp": "2026-08-07T11:52:04.393218Z", "trace_id": "b1c811e219c1060c73f36a4f5dd2cd2c"}
api-1       | {"claimed": 50, "event": "outbox_dispatch_batch_completed", "lease_lost": 0, "level": "info", "published": 50, "retry_scheduled": 0, "role": "outbox_dispatcher", "timestamp": "2026-08-07T11:52:05.021654Z"}
api-1       | INFO:     172.18.0.1:52924 - "GET /api/v1/runs/e93d25fc-99f9-451e-bead-2e197d914c7d HTTP/1.1" 200 OK
api-1       | {"api_key_prefix": "evk_64f04950db0a", "duration_ms": 230.959, "event": "http_request_completed", "level": "info", "method": "GET", "outcome": "success", "path": "/api/v1/runs/e93d25fc-99f9-451e-bead-2e197d914c7d", "request_id": "5115db9b-64e1-4e32-bb6b-5e91dbe89873", "status_code": 200, "tenant_id": "327d2ffb-1823-49ee-aab0-022efdfc7324", "timestamp": "2026-08-07T11:52:05.129830Z", "trace_id": "9ebdf8dbe3917927d9501494cd1d9e27"}
api-1       | {"claimed": 50, "event": "outbox_dispatch_batch_completed", "lease_lost": 0, "level": "info", "published": 50, "retry_scheduled": 0, "role": "outbox_dispatcher", "timestamp": "2026-08-07T11:52:05.708881Z"}
api-1       | INFO:     172.18.0.1:52924 - "GET /api/v1/runs/e93d25fc-99f9-451e-bead-2e197d914c7d HTTP/1.1" 200 OK
api-1       | {"api_key_prefix": "evk_64f04950db0a", "duration_ms": 128.53, "event": "http_request_completed", "level": "info", "method": "GET", "outcome": "success", "path": "/api/v1/runs/e93d25fc-99f9-451e-bead-2e197d914c7d", "request_id": "49fe10a1-066c-4d11-baa5-47645b9d28d2", "status_code": 200, "tenant_id": "327d2ffb-1823-49ee-aab0-022efdfc7324", "timestamp": "2026-08-07T11:52:05.769528Z", "trace_id": "20c45f3bdb798a3b77d7a0266c281c3c"}
api-1       | {"claimed": 50, "event": "outbox_dispatch_batch_completed", "lease_lost": 0, "level": "info", "published": 50, "retry_scheduled": 0, "role": "outbox_dispatcher", "timestamp": "2026-08-07T11:52:06.431376Z"}
api-1       | INFO:     172.18.0.1:52924 - "GET /api/v1/runs/e93d25fc-99f9-451e-bead-2e197d914c7d HTTP/1.1" 200 OK
api-1       | {"api_key_prefix": "evk_64f04950db0a", "duration_ms": 226.509, "event": "http_request_completed", "level": "info", "method": "GET", "outcome": "success", "path": "/api/v1/runs/e93d25fc-99f9-451e-bead-2e197d914c7d", "request_id": "1b1b72c6-1f88-4ddd-80ea-c9b7704dbf10", "status_code": 200, "tenant_id": "327d2ffb-1823-49ee-aab0-022efdfc7324", "timestamp": "2026-08-07T11:52:06.501772Z", "trace_id": "7b57d6f028fb938fa765ec5ea188422a"}
api-1       | {"claimed": 50, "event": "outbox_dispatch_batch_completed", "lease_lost": 0, "level": "info", "published": 50, "retry_scheduled": 0, "role": "outbox_dispatcher", "timestamp": "2026-08-07T11:52:07.093540Z"}
api-1       | INFO:     172.18.0.1:52924 - "GET /api/v1/runs/e93d25fc-99f9-451e-bead-2e197d914c7d HTTP/1.1" 200 OK
api-1       | {"api_key_prefix": "evk_64f04950db0a", "duration_ms": 117.753, "event": "http_request_completed", "level": "info", "method": "GET", "outcome": "success", "path": "/api/v1/runs/e93d25fc-99f9-451e-bead-2e197d914c7d", "request_id": "df7d1514-0248-442f-9cb0-0f7de249fe26", "status_code": 200, "tenant_id": "327d2ffb-1823-49ee-aab0-022efdfc7324", "timestamp": "2026-08-07T11:52:07.133997Z", "trace_id": "725dbbad889720f7405bc313712cb7a0"}
api-1       | {"claimed": 50, "event": "outbox_dispatch_batch_completed", "lease_lost": 0, "level": "info", "published": 50, "retry_scheduled": 0, "role": "outbox_dispatcher", "timestamp": "2026-08-07T11:52:07.741780Z"}
api-1       | INFO:     172.18.0.1:52924 - "GET /api/v1/runs/e93d25fc-99f9-451e-bead-2e197d914c7d HTTP/1.1" 200 OK
api-1       | {"api_key_prefix": "evk_64f04950db0a", "duration_ms": 168.28, "event": "http_request_completed", "level": "info", "method": "GET", "outcome": "success", "path": "/api/v1/runs/e93d25fc-99f9-451e-bead-2e197d914c7d", "request_id": "79d3335f-d7f2-4980-bd83-440a160e0d7f", "status_code": 200, "tenant_id": "327d2ffb-1823-49ee-aab0-022efdfc7324", "timestamp": "2026-08-07T11:52:07.813101Z", "trace_id": "1c36d3d2b1ef5b96aa5f99efe62a9bcf"}
api-1       | INFO:     172.18.0.1:52924 - "GET /api/v1/runs/e93d25fc-99f9-451e-bead-2e197d914c7d/cases?limit=200&sort=case_id HTTP/1.1" 200 OK
api-1       | {"api_key_prefix": "evk_64f04950db0a", "duration_ms": 67.837, "event": "http_request_completed", "level": "info", "method": "GET", "outcome": "success", "path": "/api/v1/runs/e93d25fc-99f9-451e-bead-2e197d914c7d/cases", "request_id": "bc6a2521-10a8-4cb1-b332-7c7cb9312b1c", "status_code": 200, "tenant_id": "327d2ffb-1823-49ee-aab0-022efdfc7324", "timestamp": "2026-08-07T11:52:07.882600Z", "trace_id": "9094012d9bbb17b60267348ccd4a76a4"}
api-1       | INFO:     172.18.0.1:52924 - "GET /api/v1/runs/e93d25fc-99f9-451e-bead-2e197d914c7d/cases?limit=200&sort=case_id&cursor=eyJkaXJlY3Rpb24iOiJhc2MiLCJlcnJvcl9jb2RlIjpudWxsLCJqb2JfaWQiOiJhNzJmNmQ4Ny1hNDE4LTQyMjMtYTBiZS05N2MwM2U1ZWY4MTYiLCJtZXRyaWMiOm51bGwsInNvcnQiOiJjYXNlX2lkIiwic3RhdHVzIjpudWxsLCJ2IjoxLCJ2YWx1ZSI6ImxvYWQtMDE5OSJ9 HTTP/1.1" 200 OK
api-1       | {"api_key_prefix": "evk_64f04950db0a", "duration_ms": 64.352, "event": "http_request_completed", "level": "info", "method": "GET", "outcome": "success", "path": "/api/v1/runs/e93d25fc-99f9-451e-bead-2e197d914c7d/cases", "request_id": "52e5a8a9-efac-428f-996e-30d1610544e2", "status_code": 200, "tenant_id": "327d2ffb-1823-49ee-aab0-022efdfc7324", "timestamp": "2026-08-07T11:52:07.949278Z", "trace_id": "0aa5eac59499c755b69cf3e35f8c3f56"}
api-1       | INFO:     172.18.0.1:52924 - "GET /api/v1/runs/e93d25fc-99f9-451e-bead-2e197d914c7d/cases?limit=200&sort=case_id&cursor=eyJkaXJlY3Rpb24iOiJhc2MiLCJlcnJvcl9jb2RlIjpudWxsLCJqb2JfaWQiOiJkMjdhOTc5Zi1mNzhjLTQyMjAtYjBlMy01ZmExZDExYzliYWYiLCJtZXRyaWMiOm51bGwsInNvcnQiOiJjYXNlX2lkIiwic3RhdHVzIjpudWxsLCJ2IjoxLCJ2YWx1ZSI6ImxvYWQtMDM5OSJ9 HTTP/1.1" 200 OK
api-1       | {"api_key_prefix": "evk_64f04950db0a", "duration_ms": 65.798, "event": "http_request_completed", "level": "info", "method": "GET", "outcome": "success", "path": "/api/v1/runs/e93d25fc-99f9-451e-bead-2e197d914c7d/cases", "request_id": "02139eac-1d38-42c0-8731-0d705ec6765d", "status_code": 200, "tenant_id": "327d2ffb-1823-49ee-aab0-022efdfc7324", "timestamp": "2026-08-07T11:52:08.017269Z", "trace_id": "5a2fbe4cc046428e04020ce060b8c450"}
api-1       | {"claimed": 50, "event": "outbox_dispatch_batch_completed", "lease_lost": 0, "level": "info", "published": 50, "retry_scheduled": 0, "role": "outbox_dispatcher", "timestamp": "2026-08-07T11:52:08.861252Z"}
api-1       | INFO:     127.0.0.1:54046 - "GET /metrics HTTP/1.1" 200 OK
api-1       | {"duration_ms": 124.299, "event": "http_request_completed", "level": "info", "method": "GET", "outcome": "success", "path": "/metrics", "request_id": "233d3df8-e454-4771-90bc-5b9408405eb0", "status_code": 200, "timestamp": "2026-08-07T11:52:08.883287Z", "trace_id": "5c10503827559c0c205e004be180f311"}
api-1       | {"event": "Context impl PostgresqlImpl.", "level": "info", "request_id": "6c8fcd29-ce03-4b2e-ba22-3fe6e80c933a", "timestamp": "2026-08-07T11:52:09.028032Z", "trace_id": "552b5610407d77708a3abcc71aa6b4d0"}
api-1       | {"event": "Will assume transactional DDL.", "level": "info", "request_id": "6c8fcd29-ce03-4b2e-ba22-3fe6e80c933a", "timestamp": "2026-08-07T11:52:09.028245Z", "trace_id": "552b5610407d77708a3abcc71aa6b4d0"}
api-1       | INFO:     127.0.0.1:54060 - "GET /health/ready HTTP/1.1" 200 OK
api-1       | {"duration_ms": 46.603, "event": "http_request_completed", "level": "info", "method": "GET", "outcome": "success", "path": "/health/ready", "request_id": "6c8fcd29-ce03-4b2e-ba22-3fe6e80c933a", "status_code": 200, "timestamp": "2026-08-07T11:52:09.039083Z", "trace_id": "552b5610407d77708a3abcc71aa6b4d0"}
api-1       | {"claimed": 50, "event": "outbox_dispatch_batch_completed", "lease_lost": 0, "level": "info", "published": 50, "retry_scheduled": 0, "role": "outbox_dispatcher", "timestamp": "2026-08-07T11:52:09.600952Z"}
api-1       | {"claimed": 50, "event": "outbox_dispatch_batch_completed", "lease_lost": 0, "level": "info", "published": 50, "retry_scheduled": 0, "role": "outbox_dispatcher", "timestamp": "2026-08-07T11:52:10.382507Z"}
api-1       | {"claimed": 50, "event": "outbox_dispatch_batch_completed", "lease_lost": 0, "level": "info", "published": 50, "retry_scheduled": 0, "role": "outbox_dispatcher", "timestamp": "2026-08-07T11:52:11.064288Z"}
api-1       | {"claimed": 50, "event": "outbox_dispatch_batch_completed", "lease_lost": 0, "level": "info", "published": 50, "retry_scheduled": 0, "role": "outbox_dispatcher", "timestamp": "2026-08-07T11:52:11.712323Z"}
api-1       | {"claimed": 50, "event": "outbox_dispatch_batch_completed", "lease_lost": 0, "level": "info", "published": 50, "retry_scheduled": 0, "role": "outbox_dispatcher", "timestamp": "2026-08-07T11:52:12.370043Z"}
api-1       | {"claimed": 50, "event": "outbox_dispatch_batch_completed", "lease_lost": 0, "level": "info", "published": 50, "retry_scheduled": 0, "role": "outbox_dispatcher", "timestamp": "2026-08-07T11:52:13.037796Z"}
api-1       | {"claimed": 50, "event": "outbox_dispatch_batch_completed", "lease_lost": 0, "level": "info", "published": 50, "retry_scheduled": 0, "role": "outbox_dispatcher", "timestamp": "2026-08-07T11:52:13.719044Z"}
api-1       | {"claimed": 50, "event": "outbox_dispatch_batch_completed", "lease_lost": 0, "level": "info", "published": 50, "retry_scheduled": 0, "role": "outbox_dispatcher", "timestamp": "2026-08-07T11:52:14.562171Z"}
api-1       | {"event": "Context impl PostgresqlImpl.", "level": "info", "request_id": "225d286d-8ec8-45db-a5da-0d2baa6e44b4", "timestamp": "2026-08-07T11:52:14.567466Z", "trace_id": "23ee48eaa7a41e4f952ccadea703bec0"}
api-1       | {"event": "Will assume transactional DDL.", "level": "info", "request_id": "225d286d-8ec8-45db-a5da-0d2baa6e44b4", "timestamp": "2026-08-07T11:52:14.567605Z", "trace_id": "23ee48eaa7a41e4f952ccadea703bec0"}
api-1       | INFO:     127.0.0.1:54150 - "GET /health/ready HTTP/1.1" 200 OK
api-1       | {"duration_ms": 100.636, "event": "http_request_completed", "level": "info", "method": "GET", "outcome": "success", "path": "/health/ready", "request_id": "225d286d-8ec8-45db-a5da-0d2baa6e44b4", "status_code": 200, "timestamp": "2026-08-07T11:52:14.575085Z", "trace_id": "23ee48eaa7a41e4f952ccadea703bec0"}
api-1       | {"claimed": 17, "event": "outbox_dispatch_batch_completed", "lease_lost": 0, "level": "info", "published": 17, "retry_scheduled": 0, "role": "outbox_dispatcher", "timestamp": "2026-08-07T11:52:15.162437Z"}
api-1       | INFO:     172.18.0.1:47948 - "POST /api/v1/runs HTTP/1.1" 202 Accepted
api-1       | {"api_key_prefix": "evk_64f04950db0a", "duration_ms": 211.894, "event": "http_request_completed", "level": "info", "method": "POST", "outcome": "success", "path": "/api/v1/runs", "request_id": "786656c0-8bfb-47bc-8c9f-94ff6555d66f", "status_code": 202, "tenant_id": "327d2ffb-1823-49ee-aab0-022efdfc7324", "timestamp": "2026-08-07T11:52:16.123250Z", "trace_id": "0496b12de6f5ab8735432b485b72cc44"}
api-1       | INFO:     172.18.0.1:47948 - "GET /api/v1/runs/59497316-9d84-412f-a768-d4ef2a8349c2 HTTP/1.1" 200 OK
api-1       | {"api_key_prefix": "evk_64f04950db0a", "duration_ms": 235.568, "event": "http_request_completed", "level": "info", "method": "GET", "outcome": "success", "path": "/api/v1/runs/59497316-9d84-412f-a768-d4ef2a8349c2", "request_id": "08074114-5de0-430f-820f-da88618e0605", "status_code": 200, "tenant_id": "327d2ffb-1823-49ee-aab0-022efdfc7324", "timestamp": "2026-08-07T11:52:16.361166Z", "trace_id": "53d93201b69b3469dd3e25f57445cafe"}
api-1       | {"claimed": 50, "event": "outbox_dispatch_batch_completed", "lease_lost": 0, "level": "info", "published": 50, "retry_scheduled": 0, "role": "outbox_dispatcher", "timestamp": "2026-08-07T11:52:17.094834Z"}
api-1       | INFO:     172.18.0.1:47948 - "GET /api/v1/runs/59497316-9d84-412f-a768-d4ef2a8349c2 HTTP/1.1" 200 OK
api-1       | {"api_key_prefix": "evk_64f04950db0a", "duration_ms": 367.585, "event": "http_request_completed", "level": "info", "method": "GET", "outcome": "success", "path": "/api/v1/runs/59497316-9d84-412f-a768-d4ef2a8349c2", "request_id": "c6c56e19-3295-4ff6-b770-e659ccac370b", "status_code": 200, "tenant_id": "327d2ffb-1823-49ee-aab0-022efdfc7324", "timestamp": "2026-08-07T11:52:17.245473Z", "trace_id": "da111b74dba7438dc7771f15bdf39204"}
api-1       | {"claimed": 50, "event": "outbox_dispatch_batch_completed", "lease_lost": 0, "level": "info", "published": 50, "retry_scheduled": 0, "role": "outbox_dispatcher", "timestamp": "2026-08-07T11:52:17.921770Z"}
api-1       | INFO:     172.18.0.1:47948 - "GET /api/v1/runs/59497316-9d84-412f-a768-d4ef2a8349c2 HTTP/1.1" 200 OK
api-1       | {"api_key_prefix": "evk_64f04950db0a", "duration_ms": 199.352, "event": "http_request_completed", "level": "info", "method": "GET", "outcome": "success", "path": "/api/v1/runs/59497316-9d84-412f-a768-d4ef2a8349c2", "request_id": "e7ecd4a5-af80-4ad3-b1c3-59baaf14608d", "status_code": 200, "tenant_id": "327d2ffb-1823-49ee-aab0-022efdfc7324", "timestamp": "2026-08-07T11:52:17.971576Z", "trace_id": "b8558b1cae5bdbbb6982526ae6006fc9"}
api-1       | INFO:     172.18.0.1:47948 - "GET /api/v1/runs/59497316-9d84-412f-a768-d4ef2a8349c2/cases?limit=200&sort=case_id HTTP/1.1" 200 OK
api-1       | {"api_key_prefix": "evk_64f04950db0a", "duration_ms": 66.086, "event": "http_request_completed", "level": "info", "method": "GET", "outcome": "success", "path": "/api/v1/runs/59497316-9d84-412f-a768-d4ef2a8349c2/cases", "request_id": "157381f8-ff1f-4a1b-8dfa-d7793379cd8b", "status_code": 200, "tenant_id": "327d2ffb-1823-49ee-aab0-022efdfc7324", "timestamp": "2026-08-07T11:52:18.040394Z", "trace_id": "93dc6fcdd7c29488180ac8ea88bad79f"}
api-1       | {"claimed": 2, "event": "outbox_dispatch_batch_completed", "lease_lost": 0, "level": "info", "published": 2, "retry_scheduled": 0, "role": "outbox_dispatcher", "timestamp": "2026-08-07T11:52:18.439707Z"}
api-1       | INFO:     127.0.0.1:54180 - "GET /metrics HTTP/1.1" 200 OK
api-1       | {"duration_ms": 22.819, "event": "http_request_completed", "level": "info", "method": "GET", "outcome": "success", "path": "/metrics", "request_id": "2ab47a49-05c4-4040-bacf-862f1c90ad7e", "status_code": 200, "timestamp": "2026-08-07T11:52:18.451409Z", "trace_id": "faae1d28fbfca614c42a370810f9a06d"}
api-1       | {"event": "Context impl PostgresqlImpl.", "level": "info", "request_id": "cdfaae8e-00d6-4215-8dfd-07bcf9d82374", "timestamp": "2026-08-07T11:52:19.870156Z", "trace_id": "26035119b320378934a5bd526d8c4339"}
api-1       | {"event": "Will assume transactional DDL.", "level": "info", "request_id": "cdfaae8e-00d6-4215-8dfd-07bcf9d82374", "timestamp": "2026-08-07T11:52:19.870308Z", "trace_id": "26035119b320378934a5bd526d8c4339"}
api-1       | INFO:     127.0.0.1:54198 - "GET /health/ready HTTP/1.1" 200 OK
api-1       | {"duration_ms": 22.329, "event": "http_request_completed", "level": "info", "method": "GET", "outcome": "success", "path": "/health/ready", "request_id": "cdfaae8e-00d6-4215-8dfd-07bcf9d82374", "status_code": 200, "timestamp": "2026-08-07T11:52:19.876505Z", "trace_id": "26035119b320378934a5bd526d8c4339"}
api-1       | INFO:     172.18.0.1:47948 - "POST /api/v1/runs HTTP/1.1" 202 Accepted
api-1       | {"api_key_prefix": "evk_64f04950db0a", "duration_ms": 208.914, "event": "http_request_completed", "level": "info", "method": "POST", "outcome": "success", "path": "/api/v1/runs", "request_id": "81193130-be92-47f9-bf44-c6cb222bbd6e", "status_code": 202, "tenant_id": "327d2ffb-1823-49ee-aab0-022efdfc7324", "timestamp": "2026-08-07T11:52:21.587157Z", "trace_id": "419fa5a36d7dd74772d9754a48721af7"}
api-1       | INFO:     172.18.0.1:47948 - "GET /api/v1/runs/797b0514-c783-4055-9292-cb50072be44c HTTP/1.1" 200 OK
api-1       | {"api_key_prefix": "evk_64f04950db0a", "duration_ms": 53.281, "event": "http_request_completed", "level": "info", "method": "GET", "outcome": "success", "path": "/api/v1/runs/797b0514-c783-4055-9292-cb50072be44c", "request_id": "46c30a4a-b6d8-40cf-9bc0-149eac67cf27", "status_code": 200, "tenant_id": "327d2ffb-1823-49ee-aab0-022efdfc7324", "timestamp": "2026-08-07T11:52:21.641959Z", "trace_id": "68bd0164424bcb2ea7d007e83cccabc1"}
api-1       | {"claimed": 50, "event": "outbox_dispatch_batch_completed", "lease_lost": 0, "level": "info", "published": 50, "retry_scheduled": 0, "role": "outbox_dispatcher", "timestamp": "2026-08-07T11:52:22.376801Z"}
api-1       | INFO:     172.18.0.1:47948 - "GET /api/v1/runs/797b0514-c783-4055-9292-cb50072be44c HTTP/1.1" 200 OK
api-1       | {"api_key_prefix": "evk_64f04950db0a", "duration_ms": 325.894, "event": "http_request_completed", "level": "info", "method": "GET", "outcome": "success", "path": "/api/v1/runs/797b0514-c783-4055-9292-cb50072be44c", "request_id": "915a33e5-84b3-4358-b5c1-07cb76c64ad5", "status_code": 200, "tenant_id": "327d2ffb-1823-49ee-aab0-022efdfc7324", "timestamp": "2026-08-07T11:52:22.487369Z", "trace_id": "3477e708ce259804ec9f27617769534d"}
api-1       | {"claimed": 50, "event": "outbox_dispatch_batch_completed", "lease_lost": 0, "level": "info", "published": 50, "retry_scheduled": 0, "role": "outbox_dispatcher", "timestamp": "2026-08-07T11:52:23.176182Z"}
api-1       | INFO:     172.18.0.1:47948 - "GET /api/v1/runs/797b0514-c783-4055-9292-cb50072be44c HTTP/1.1" 200 OK
api-1       | {"api_key_prefix": "evk_64f04950db0a", "duration_ms": 257.175, "event": "http_request_completed", "level": "info", "method": "GET", "outcome": "success", "path": "/api/v1/runs/797b0514-c783-4055-9292-cb50072be44c", "request_id": "d0be3d0b-af9c-442f-ab6e-5e118f0db90f", "status_code": 200, "tenant_id": "327d2ffb-1823-49ee-aab0-022efdfc7324", "timestamp": "2026-08-07T11:52:23.279694Z", "trace_id": "37cec35bc2685ad8b8c0094befd76540"}
api-1       | {"claimed": 50, "event": "outbox_dispatch_batch_completed", "lease_lost": 0, "level": "info", "published": 50, "retry_scheduled": 0, "role": "outbox_dispatcher", "timestamp": "2026-08-07T11:52:23.985691Z"}
api-1       | INFO:     172.18.0.1:47948 - "GET /api/v1/runs/797b0514-c783-4055-9292-cb50072be44c HTTP/1.1" 200 OK
api-1       | {"api_key_prefix": "evk_64f04950db0a", "duration_ms": 268.732, "event": "http_request_completed", "level": "info", "method": "GET", "outcome": "success", "path": "/api/v1/runs/797b0514-c783-4055-9292-cb50072be44c", "request_id": "1eade374-6214-4f40-a7a7-bcffcd0e48d2", "status_code": 200, "tenant_id": "327d2ffb-1823-49ee-aab0-022efdfc7324", "timestamp": "2026-08-07T11:52:24.078533Z", "trace_id": "f04083e7a179e2922710131a9b3b8371"}
api-1       | {"claimed": 50, "event": "outbox_dispatch_batch_completed", "lease_lost": 0, "level": "info", "published": 50, "retry_scheduled": 0, "role": "outbox_dispatcher", "timestamp": "2026-08-07T11:52:24.865181Z"}
api-1       | INFO:     172.18.0.1:47948 - "GET /api/v1/runs/797b0514-c783-4055-9292-cb50072be44c HTTP/1.1" 200 OK
api-1       | {"api_key_prefix": "evk_64f04950db0a", "duration_ms": 334.512, "event": "http_request_completed", "level": "info", "method": "GET", "outcome": "success", "path": "/api/v1/runs/797b0514-c783-4055-9292-cb50072be44c", "request_id": "b4fd9fe8-bd77-42cf-835e-8593be2abb59", "status_code": 200, "tenant_id": "327d2ffb-1823-49ee-aab0-022efdfc7324", "timestamp": "2026-08-07T11:52:24.983498Z", "trace_id": "fbc1e99018d12a052379b10ace40fccc"}
api-1       | {"event": "Context impl PostgresqlImpl.", "level": "info", "request_id": "17b08c59-c3b3-4d72-be12-f205f975a5d8", "timestamp": "2026-08-07T11:52:25.384618Z", "trace_id": "6f159c2c642487d9d08cb537c9439cd5"}
api-1       | {"event": "Will assume transactional DDL.", "level": "info", "request_id": "17b08c59-c3b3-4d72-be12-f205f975a5d8", "timestamp": "2026-08-07T11:52:25.384774Z", "trace_id": "6f159c2c642487d9d08cb537c9439cd5"}
api-1       | INFO:     127.0.0.1:33324 - "GET /health/ready HTTP/1.1" 200 OK
api-1       | {"duration_ms": 42.879, "event": "http_request_completed", "level": "info", "method": "GET", "outcome": "success", "path": "/health/ready", "request_id": "17b08c59-c3b3-4d72-be12-f205f975a5d8", "status_code": 200, "timestamp": "2026-08-07T11:52:25.395083Z", "trace_id": "6f159c2c642487d9d08cb537c9439cd5"}
api-1       | {"claimed": 50, "event": "outbox_dispatch_batch_completed", "lease_lost": 0, "level": "info", "published": 50, "retry_scheduled": 0, "role": "outbox_dispatcher", "timestamp": "2026-08-07T11:52:25.670996Z"}
api-1       | INFO:     172.18.0.1:47948 - "GET /api/v1/runs/797b0514-c783-4055-9292-cb50072be44c HTTP/1.1" 200 OK
api-1       | {"api_key_prefix": "evk_64f04950db0a", "duration_ms": 238.76, "event": "http_request_completed", "level": "info", "method": "GET", "outcome": "success", "path": "/api/v1/runs/797b0514-c783-4055-9292-cb50072be44c", "request_id": "884e0d2c-e13f-4cc7-afca-180fa46d2f26", "status_code": 200, "tenant_id": "327d2ffb-1823-49ee-aab0-022efdfc7324", "timestamp": "2026-08-07T11:52:25.764761Z", "trace_id": "438671b64001ef911553960209c81989"}
api-1       | {"claimed": 50, "event": "outbox_dispatch_batch_completed", "lease_lost": 0, "level": "info", "published": 50, "retry_scheduled": 0, "role": "outbox_dispatcher", "timestamp": "2026-08-07T11:52:26.540640Z"}
api-1       | INFO:     172.18.0.1:47948 - "GET /api/v1/runs/797b0514-c783-4055-9292-cb50072be44c HTTP/1.1" 200 OK
api-1       | {"api_key_prefix": "evk_64f04950db0a", "duration_ms": 316.937, "event": "http_request_completed", "level": "info", "method": "GET", "outcome": "success", "path": "/api/v1/runs/797b0514-c783-4055-9292-cb50072be44c", "request_id": "2af74157-d4b7-4dc0-8de7-0dad3befab5a", "status_code": 200, "tenant_id": "327d2ffb-1823-49ee-aab0-022efdfc7324", "timestamp": "2026-08-07T11:52:26.640245Z", "trace_id": "8afc995ce1571e9409dd0375e681b8d4"}
api-1       | {"claimed": 50, "event": "outbox_dispatch_batch_completed", "lease_lost": 0, "level": "info", "published": 50, "retry_scheduled": 0, "role": "outbox_dispatcher", "timestamp": "2026-08-07T11:52:27.238705Z"}
api-1       | INFO:     172.18.0.1:47948 - "GET /api/v1/runs/797b0514-c783-4055-9292-cb50072be44c HTTP/1.1" 200 OK
api-1       | {"api_key_prefix": "evk_64f04950db0a", "duration_ms": 132.442, "event": "http_request_completed", "level": "info", "method": "GET", "outcome": "success", "path": "/api/v1/runs/797b0514-c783-4055-9292-cb50072be44c", "request_id": "6ea436d0-fb0a-4ebc-823f-3387a60219b8", "status_code": 200, "tenant_id": "327d2ffb-1823-49ee-aab0-022efdfc7324", "timestamp": "2026-08-07T11:52:27.290157Z", "trace_id": "ede7995f40d52242d792d048631c059f"}
api-1       | INFO:     172.18.0.1:47948 - "GET /api/v1/runs/797b0514-c783-4055-9292-cb50072be44c/cases?limit=200&sort=case_id HTTP/1.1" 200 OK
api-1       | {"api_key_prefix": "evk_64f04950db0a", "duration_ms": 68.027, "event": "http_request_completed", "level": "info", "method": "GET", "outcome": "success", "path": "/api/v1/runs/797b0514-c783-4055-9292-cb50072be44c/cases", "request_id": "bcf33ad5-b075-4bc4-9e10-d8a355a59128", "status_code": 200, "tenant_id": "327d2ffb-1823-49ee-aab0-022efdfc7324", "timestamp": "2026-08-07T11:52:27.359684Z", "trace_id": "51123aee7f912f5db5fce152ec934612"}
api-1       | INFO:     172.18.0.1:47948 - "GET /api/v1/runs/797b0514-c783-4055-9292-cb50072be44c/cases?limit=200&sort=case_id&cursor=eyJkaXJlY3Rpb24iOiJhc2MiLCJlcnJvcl9jb2RlIjpudWxsLCJqb2JfaWQiOiJlYzk4OTQ5MC02MGIyLTRmNWYtYTAzNC1lMjZhNzE3Y2M5MzEiLCJtZXRyaWMiOm51bGwsInNvcnQiOiJjYXNlX2lkIiwic3RhdHVzIjpudWxsLCJ2IjoxLCJ2YWx1ZSI6ImxvYWQtMDE5OSJ9 HTTP/1.1" 200 OK
api-1       | {"api_key_prefix": "evk_64f04950db0a", "duration_ms": 70.177, "event": "http_request_completed", "level": "info", "method": "GET", "outcome": "success", "path": "/api/v1/runs/797b0514-c783-4055-9292-cb50072be44c/cases", "request_id": "340b84c1-4a5e-4d85-9f64-b8de176e76b4", "status_code": 200, "tenant_id": "327d2ffb-1823-49ee-aab0-022efdfc7324", "timestamp": "2026-08-07T11:52:27.434222Z", "trace_id": "bb94951e70acd45e15f884e9698ed3b7"}
api-1       | INFO:     172.18.0.1:47948 - "GET /api/v1/runs/797b0514-c783-4055-9292-cb50072be44c/cases?limit=200&sort=case_id&cursor=eyJkaXJlY3Rpb24iOiJhc2MiLCJlcnJvcl9jb2RlIjpudWxsLCJqb2JfaWQiOiJhNTYwMTcxMi0yNjM1LTQ3M2UtYTZlZC05ZWQ5YzE1NGU3YWQiLCJtZXRyaWMiOm51bGwsInNvcnQiOiJjYXNlX2lkIiwic3RhdHVzIjpudWxsLCJ2IjoxLCJ2YWx1ZSI6ImxvYWQtMDM5OSJ9 HTTP/1.1" 200 OK
api-1       | {"api_key_prefix": "evk_64f04950db0a", "duration_ms": 59.647, "event": "http_request_completed", "level": "info", "method": "GET", "outcome": "success", "path": "/api/v1/runs/797b0514-c783-4055-9292-cb50072be44c/cases", "request_id": "22832761-572a-4abc-b45f-70606d5c4800", "status_code": 200, "tenant_id": "327d2ffb-1823-49ee-aab0-022efdfc7324", "timestamp": "2026-08-07T11:52:27.495821Z", "trace_id": "33534fbe816768ab7bbf2a83755dec33"}
api-1       | {"claimed": 50, "event": "outbox_dispatch_batch_completed", "lease_lost": 0, "level": "info", "published": 50, "retry_scheduled": 0, "role": "outbox_dispatcher", "timestamp": "2026-08-07T11:52:28.048703Z"}
api-1       | INFO:     127.0.0.1:33376 - "GET /metrics HTTP/1.1" 200 OK
api-1       | {"duration_ms": 31.416, "event": "http_request_completed", "level": "info", "method": "GET", "outcome": "success", "path": "/metrics", "request_id": "2e0b868d-428b-4331-b0d7-6c430b3e1d8d", "status_code": 200, "timestamp": "2026-08-07T11:52:28.065396Z", "trace_id": "f53f12483e2b8433658e8b9bbff9f885"}
api-1       | {"claimed": 50, "event": "outbox_dispatch_batch_completed", "lease_lost": 0, "level": "info", "published": 50, "retry_scheduled": 0, "role": "outbox_dispatcher", "timestamp": "2026-08-07T11:52:28.738563Z"}
api-1       | {"claimed": 50, "event": "outbox_dispatch_batch_completed", "lease_lost": 0, "level": "info", "published": 50, "retry_scheduled": 0, "role": "outbox_dispatcher", "timestamp": "2026-08-07T11:52:29.470738Z"}
api-1       | {"claimed": 50, "event": "outbox_dispatch_batch_completed", "lease_lost": 0, "level": "info", "published": 50, "retry_scheduled": 0, "role": "outbox_dispatcher", "timestamp": "2026-08-07T11:52:30.145691Z"}
api-1       | {"event": "Context impl PostgresqlImpl.", "level": "info", "request_id": "5432a2b7-a672-4fea-a3f1-d3b0e160d810", "timestamp": "2026-08-07T11:52:30.877872Z", "trace_id": "bb604121d92bdc428b66e269d1431c42"}
api-1       | {"event": "Will assume transactional DDL.", "level": "info", "request_id": "5432a2b7-a672-4fea-a3f1-d3b0e160d810", "timestamp": "2026-08-07T11:52:30.877991Z", "trace_id": "bb604121d92bdc428b66e269d1431c42"}
api-1       | INFO:     127.0.0.1:33410 - "GET /health/ready HTTP/1.1" 200 OK
api-1       | {"duration_ms": 133.605, "event": "http_request_completed", "level": "info", "method": "GET", "outcome": "success", "path": "/health/ready", "request_id": "5432a2b7-a672-4fea-a3f1-d3b0e160d810", "status_code": 200, "timestamp": "2026-08-07T11:52:30.888849Z", "trace_id": "bb604121d92bdc428b66e269d1431c42"}
api-1       | {"claimed": 50, "event": "outbox_dispatch_batch_completed", "lease_lost": 0, "level": "info", "published": 50, "retry_scheduled": 0, "role": "outbox_dispatcher", "timestamp": "2026-08-07T11:52:30.895709Z"}
api-1       | {"claimed": 50, "event": "outbox_dispatch_batch_completed", "lease_lost": 0, "level": "info", "published": 50, "retry_scheduled": 0, "role": "outbox_dispatcher", "timestamp": "2026-08-07T11:52:31.562121Z"}
api-1       | {"claimed": 50, "event": "outbox_dispatch_batch_completed", "lease_lost": 0, "level": "info", "published": 50, "retry_scheduled": 0, "role": "outbox_dispatcher", "timestamp": "2026-08-07T11:52:32.426707Z"}
api-1       | {"claimed": 50, "event": "outbox_dispatch_batch_completed", "lease_lost": 0, "level": "info", "published": 50, "retry_scheduled": 0, "role": "outbox_dispatcher", "timestamp": "2026-08-07T11:52:33.072386Z"}
api-1       | {"claimed": 50, "event": "outbox_dispatch_batch_completed", "lease_lost": 0, "level": "info", "published": 50, "retry_scheduled": 0, "role": "outbox_dispatcher", "timestamp": "2026-08-07T11:52:33.730733Z"}
api-1       | {"claimed": 50, "event": "outbox_dispatch_batch_completed", "lease_lost": 0, "level": "info", "published": 50, "retry_scheduled": 0, "role": "outbox_dispatcher", "timestamp": "2026-08-07T11:52:34.412250Z"}
api-1       | INFO:     172.18.0.1:54478 - "POST /api/v1/runs HTTP/1.1" 202 Accepted
api-1       | {"api_key_prefix": "evk_64f04950db0a", "duration_ms": 79.171, "event": "http_request_completed", "level": "info", "method": "POST", "outcome": "success", "path": "/api/v1/runs", "request_id": "8ae48365-572f-4756-aeec-10bcbec48382", "status_code": 202, "tenant_id": "327d2ffb-1823-49ee-aab0-022efdfc7324", "timestamp": "2026-08-07T11:52:34.894701Z", "trace_id": "0e39136491878648dfcda30f057f7d43"}
api-1       | {"claimed": 50, "event": "outbox_dispatch_batch_completed", "lease_lost": 0, "level": "info", "published": 50, "retry_scheduled": 0, "role": "outbox_dispatcher", "timestamp": "2026-08-07T11:52:35.116433Z"}
api-1       | INFO:     172.18.0.1:54478 - "GET /api/v1/runs/d47fe3e1-e4f7-46c8-ad20-20657921b6e8 HTTP/1.1" 200 OK
api-1       | {"api_key_prefix": "evk_64f04950db0a", "duration_ms": 224.483, "event": "http_request_completed", "level": "info", "method": "GET", "outcome": "success", "path": "/api/v1/runs/d47fe3e1-e4f7-46c8-ad20-20657921b6e8", "request_id": "63c120fe-1fe7-4b9f-9aa3-b85823ee4008", "status_code": 200, "tenant_id": "327d2ffb-1823-49ee-aab0-022efdfc7324", "timestamp": "2026-08-07T11:52:35.120696Z", "trace_id": "28c1cf4376338b2b8ad270c7195f8bb2"}
api-1       | {"claimed": 50, "event": "outbox_dispatch_batch_completed", "lease_lost": 0, "level": "info", "published": 50, "retry_scheduled": 0, "role": "outbox_dispatcher", "timestamp": "2026-08-07T11:52:35.864233Z"}
api-1       | INFO:     172.18.0.1:54478 - "GET /api/v1/runs/d47fe3e1-e4f7-46c8-ad20-20657921b6e8 HTTP/1.1" 200 OK
api-1       | {"api_key_prefix": "evk_64f04950db0a", "duration_ms": 246.529, "event": "http_request_completed", "level": "info", "method": "GET", "outcome": "success", "path": "/api/v1/runs/d47fe3e1-e4f7-46c8-ad20-20657921b6e8", "request_id": "ff8405e2-174d-451a-84d2-a10009e3fde8", "status_code": 200, "tenant_id": "327d2ffb-1823-49ee-aab0-022efdfc7324", "timestamp": "2026-08-07T11:52:35.870706Z", "trace_id": "2523a985794dbb26b499edc13ad0716e"}
api-1       | {"event": "Context impl PostgresqlImpl.", "level": "info", "request_id": "8d62bc2c-ab4c-46a8-ac16-c02273f07d7c", "timestamp": "2026-08-07T11:52:36.185584Z", "trace_id": "69132d09fbb44ebb67bf3bcadcd8be98"}
api-1       | {"event": "Will assume transactional DDL.", "level": "info", "request_id": "8d62bc2c-ab4c-46a8-ac16-c02273f07d7c", "timestamp": "2026-08-07T11:52:36.185692Z", "trace_id": "69132d09fbb44ebb67bf3bcadcd8be98"}
api-1       | INFO:     127.0.0.1:51802 - "GET /health/ready HTTP/1.1" 200 OK
api-1       | {"duration_ms": 23.098, "event": "http_request_completed", "level": "info", "method": "GET", "outcome": "success", "path": "/health/ready", "request_id": "8d62bc2c-ab4c-46a8-ac16-c02273f07d7c", "status_code": 200, "timestamp": "2026-08-07T11:52:36.192792Z", "trace_id": "69132d09fbb44ebb67bf3bcadcd8be98"}
api-1       | {"claimed": 50, "event": "outbox_dispatch_batch_completed", "lease_lost": 0, "level": "info", "published": 50, "retry_scheduled": 0, "role": "outbox_dispatcher", "timestamp": "2026-08-07T11:52:36.564935Z"}
api-1       | INFO:     172.18.0.1:54478 - "GET /api/v1/runs/d47fe3e1-e4f7-46c8-ad20-20657921b6e8 HTTP/1.1" 200 OK
api-1       | {"api_key_prefix": "evk_64f04950db0a", "duration_ms": 198.885, "event": "http_request_completed", "level": "info", "method": "GET", "outcome": "success", "path": "/api/v1/runs/d47fe3e1-e4f7-46c8-ad20-20657921b6e8", "request_id": "475f4995-69e9-4a9c-96ad-2b107654fd90", "status_code": 200, "tenant_id": "327d2ffb-1823-49ee-aab0-022efdfc7324", "timestamp": "2026-08-07T11:52:36.573165Z", "trace_id": "d5ff0055b436dbba655ed56e9836d96b"}
api-1       | {"claimed": 50, "event": "outbox_dispatch_batch_completed", "lease_lost": 0, "level": "info", "published": 50, "retry_scheduled": 0, "role": "outbox_dispatcher", "timestamp": "2026-08-07T11:52:37.237436Z"}
api-1       | INFO:     172.18.0.1:54478 - "GET /api/v1/runs/d47fe3e1-e4f7-46c8-ad20-20657921b6e8 HTTP/1.1" 200 OK
api-1       | {"api_key_prefix": "evk_64f04950db0a", "duration_ms": 191.66, "event": "http_request_completed", "level": "info", "method": "GET", "outcome": "success", "path": "/api/v1/runs/d47fe3e1-e4f7-46c8-ad20-20657921b6e8", "request_id": "fd6b1949-1522-4b70-9022-ccc95e17b80e", "status_code": 200, "tenant_id": "327d2ffb-1823-49ee-aab0-022efdfc7324", "timestamp": "2026-08-07T11:52:37.268271Z", "trace_id": "91e5a37d5dae74858b6d5798dfef8bad"}
api-1       | {"claimed": 50, "event": "outbox_dispatch_batch_completed", "lease_lost": 0, "level": "info", "published": 50, "retry_scheduled": 0, "role": "outbox_dispatcher", "timestamp": "2026-08-07T11:52:37.882378Z"}
api-1       | INFO:     172.18.0.1:54478 - "GET /api/v1/runs/d47fe3e1-e4f7-46c8-ad20-20657921b6e8 HTTP/1.1" 200 OK
api-1       | {"api_key_prefix": "evk_64f04950db0a", "duration_ms": 146.277, "event": "http_request_completed", "level": "info", "method": "GET", "outcome": "success", "path": "/api/v1/runs/d47fe3e1-e4f7-46c8-ad20-20657921b6e8", "request_id": "cc53affb-b268-4a91-9c17-418e79a93fdd", "status_code": 200, "tenant_id": "327d2ffb-1823-49ee-aab0-022efdfc7324", "timestamp": "2026-08-07T11:52:37.934439Z", "trace_id": "745395dcd01f7049ec86b7c026d7fa5f"}
api-1       | INFO:     172.18.0.1:54478 - "GET /api/v1/runs/d47fe3e1-e4f7-46c8-ad20-20657921b6e8/cases?limit=200&sort=case_id HTTP/1.1" 200 OK
api-1       | {"api_key_prefix": "evk_64f04950db0a", "duration_ms": 58.357, "event": "http_request_completed", "level": "info", "method": "GET", "outcome": "success", "path": "/api/v1/runs/d47fe3e1-e4f7-46c8-ad20-20657921b6e8/cases", "request_id": "65bd5aba-7b95-4c6e-a98b-a918ba42a896", "status_code": 200, "tenant_id": "327d2ffb-1823-49ee-aab0-022efdfc7324", "timestamp": "2026-08-07T11:52:37.994431Z", "trace_id": "7194aa8ee46cd35cee8a26b44146e68e"}
api-1       | INFO:     127.0.0.1:51816 - "GET /metrics HTTP/1.1" 200 OK
api-1       | {"duration_ms": 17.283, "event": "http_request_completed", "level": "info", "method": "GET", "outcome": "success", "path": "/metrics", "request_id": "1466bc8b-ecbd-4f58-a92e-a82b87d073e4", "status_code": 200, "timestamp": "2026-08-07T11:52:38.370731Z", "trace_id": "4d0755e901e66ae7396d8609f12d2d28"}
api-1       | {"claimed": 4, "event": "outbox_dispatch_batch_completed", "lease_lost": 0, "level": "info", "published": 4, "retry_scheduled": 0, "role": "outbox_dispatcher", "timestamp": "2026-08-07T11:52:38.406669Z"}
api-1       | INFO:     172.18.0.1:54478 - "POST /api/v1/runs HTTP/1.1" 202 Accepted
api-1       | {"api_key_prefix": "evk_64f04950db0a", "duration_ms": 261.545, "event": "http_request_completed", "level": "info", "method": "POST", "outcome": "success", "path": "/api/v1/runs", "request_id": "be3a23d8-be49-409e-b40c-98dad4cfcec0", "status_code": 202, "tenant_id": "327d2ffb-1823-49ee-aab0-022efdfc7324", "timestamp": "2026-08-07T11:52:39.194847Z", "trace_id": "4248f43653331df670d855cf4b3f3077"}
api-1       | INFO:     172.18.0.1:54478 - "GET /api/v1/runs/143ed6be-bb9c-4612-a11b-576c9154856f HTTP/1.1" 200 OK
api-1       | {"api_key_prefix": "evk_64f04950db0a", "duration_ms": 49.558, "event": "http_request_completed", "level": "info", "method": "GET", "outcome": "success", "path": "/api/v1/runs/143ed6be-bb9c-4612-a11b-576c9154856f", "request_id": "630039c6-682d-4282-8127-7fa404b59f51", "status_code": 200, "tenant_id": "327d2ffb-1823-49ee-aab0-022efdfc7324", "timestamp": "2026-08-07T11:52:39.246034Z", "trace_id": "8f1dd4e3d838e561103af60b4ab66837"}
api-1       | {"claimed": 2, "event": "outbox_dispatch_batch_completed", "lease_lost": 0, "level": "info", "published": 2, "retry_scheduled": 0, "role": "outbox_dispatcher", "timestamp": "2026-08-07T11:52:39.420208Z"}
api-1       | INFO:     172.18.0.1:54478 - "GET /api/v1/runs/143ed6be-bb9c-4612-a11b-576c9154856f HTTP/1.1" 200 OK
api-1       | {"api_key_prefix": "evk_64f04950db0a", "duration_ms": 53.87, "event": "http_request_completed", "level": "info", "method": "GET", "outcome": "success", "path": "/api/v1/runs/143ed6be-bb9c-4612-a11b-576c9154856f", "request_id": "27581f58-9bb1-431d-8755-d52815902c1d", "status_code": 200, "tenant_id": "327d2ffb-1823-49ee-aab0-022efdfc7324", "timestamp": "2026-08-07T11:52:39.802519Z", "trace_id": "24cfd83a8baf140bc6c44feafcfe4c0e"}
api-1       | {"claimed": 25, "event": "outbox_dispatch_batch_completed", "lease_lost": 0, "level": "info", "published": 25, "retry_scheduled": 0, "role": "outbox_dispatcher", "timestamp": "2026-08-07T11:52:40.062248Z"}
api-1       | INFO:     172.18.0.1:54478 - "GET /api/v1/runs/143ed6be-bb9c-4612-a11b-576c9154856f HTTP/1.1" 200 OK
api-1       | {"api_key_prefix": "evk_64f04950db0a", "duration_ms": 57.172, "event": "http_request_completed", "level": "info", "method": "GET", "outcome": "success", "path": "/api/v1/runs/143ed6be-bb9c-4612-a11b-576c9154856f", "request_id": "1a2876f3-5db6-4f14-bafa-af000823ab17", "status_code": 200, "tenant_id": "327d2ffb-1823-49ee-aab0-022efdfc7324", "timestamp": "2026-08-07T11:52:40.362792Z", "trace_id": "b34909269b9f69238c79cea1efa8813d"}
api-1       | {"claimed": 29, "event": "outbox_dispatch_batch_completed", "lease_lost": 0, "level": "info", "published": 29, "retry_scheduled": 0, "role": "outbox_dispatcher", "timestamp": "2026-08-07T11:52:40.674147Z"}
api-1       | INFO:     172.18.0.1:54478 - "GET /api/v1/runs/143ed6be-bb9c-4612-a11b-576c9154856f HTTP/1.1" 200 OK
api-1       | {"api_key_prefix": "evk_64f04950db0a", "duration_ms": 54.818, "event": "http_request_completed", "level": "info", "method": "GET", "outcome": "success", "path": "/api/v1/runs/143ed6be-bb9c-4612-a11b-576c9154856f", "request_id": "9b9c372f-cac8-455b-bd53-081857ba10a6", "status_code": 200, "tenant_id": "327d2ffb-1823-49ee-aab0-022efdfc7324", "timestamp": "2026-08-07T11:52:40.920275Z", "trace_id": "ffb98c2fc2b707f9ef1eab962d13ed5b"}
api-1       | {"claimed": 28, "event": "outbox_dispatch_batch_completed", "lease_lost": 0, "level": "info", "published": 28, "retry_scheduled": 0, "role": "outbox_dispatcher", "timestamp": "2026-08-07T11:52:41.386527Z"}
api-1       | INFO:     172.18.0.1:54478 - "GET /api/v1/runs/143ed6be-bb9c-4612-a11b-576c9154856f HTTP/1.1" 200 OK
api-1       | {"api_key_prefix": "evk_64f04950db0a", "duration_ms": 119.661, "event": "http_request_completed", "level": "info", "method": "GET", "outcome": "success", "path": "/api/v1/runs/143ed6be-bb9c-4612-a11b-576c9154856f", "request_id": "b022d6bb-3d8c-45c5-aa7a-c861ee1558d6", "status_code": 200, "tenant_id": "327d2ffb-1823-49ee-aab0-022efdfc7324", "timestamp": "2026-08-07T11:52:41.542671Z", "trace_id": "1ab492cdb7f7963068d5a888ecc18904"}
api-1       | {"event": "Context impl PostgresqlImpl.", "level": "info", "request_id": "fc876a68-f79f-4e38-ae17-ba883db3e39d", "timestamp": "2026-08-07T11:52:41.676096Z", "trace_id": "02400469d13f1044d049cb55146f2e84"}
api-1       | {"event": "Will assume transactional DDL.", "level": "info", "request_id": "fc876a68-f79f-4e38-ae17-ba883db3e39d", "timestamp": "2026-08-07T11:52:41.676215Z", "trace_id": "02400469d13f1044d049cb55146f2e84"}
api-1       | INFO:     127.0.0.1:51838 - "GET /health/ready HTTP/1.1" 200 OK
api-1       | {"duration_ms": 21.463, "event": "http_request_completed", "level": "info", "method": "GET", "outcome": "success", "path": "/health/ready", "request_id": "fc876a68-f79f-4e38-ae17-ba883db3e39d", "status_code": 200, "timestamp": "2026-08-07T11:52:41.682384Z", "trace_id": "02400469d13f1044d049cb55146f2e84"}
api-1       | {"claimed": 30, "event": "outbox_dispatch_batch_completed", "lease_lost": 0, "level": "info", "published": 30, "retry_scheduled": 0, "role": "outbox_dispatcher", "timestamp": "2026-08-07T11:52:42.003555Z"}
api-1       | INFO:     172.18.0.1:54478 - "GET /api/v1/runs/143ed6be-bb9c-4612-a11b-576c9154856f HTTP/1.1" 200 OK
api-1       | {"api_key_prefix": "evk_64f04950db0a", "duration_ms": 54.405, "event": "http_request_completed", "level": "info", "method": "GET", "outcome": "success", "path": "/api/v1/runs/143ed6be-bb9c-4612-a11b-576c9154856f", "request_id": "f29a6f7c-1089-4225-a214-2a946e2a52a8", "status_code": 200, "tenant_id": "327d2ffb-1823-49ee-aab0-022efdfc7324", "timestamp": "2026-08-07T11:52:42.101044Z", "trace_id": "c7837b77d04cc9f2d644eac38e5c9e56"}
api-1       | {"claimed": 28, "event": "outbox_dispatch_batch_completed", "lease_lost": 0, "level": "info", "published": 28, "retry_scheduled": 0, "role": "outbox_dispatcher", "timestamp": "2026-08-07T11:52:42.626811Z"}
api-1       | INFO:     172.18.0.1:54478 - "GET /api/v1/runs/143ed6be-bb9c-4612-a11b-576c9154856f HTTP/1.1" 200 OK
api-1       | {"api_key_prefix": "evk_64f04950db0a", "duration_ms": 119.454, "event": "http_request_completed", "level": "info", "method": "GET", "outcome": "success", "path": "/api/v1/runs/143ed6be-bb9c-4612-a11b-576c9154856f", "request_id": "ec89163d-6080-47cf-9a88-d19c475641d4", "status_code": 200, "tenant_id": "327d2ffb-1823-49ee-aab0-022efdfc7324", "timestamp": "2026-08-07T11:52:42.726137Z", "trace_id": "a1a92284b092871bebf487c7d689b8df"}
api-1       | {"claimed": 28, "event": "outbox_dispatch_batch_completed", "lease_lost": 0, "level": "info", "published": 28, "retry_scheduled": 0, "role": "outbox_dispatcher", "timestamp": "2026-08-07T11:52:43.267137Z"}
api-1       | INFO:     172.18.0.1:54478 - "GET /api/v1/runs/143ed6be-bb9c-4612-a11b-576c9154856f HTTP/1.1" 200 OK
api-1       | {"api_key_prefix": "evk_64f04950db0a", "duration_ms": 85.573, "event": "http_request_completed", "level": "info", "method": "GET", "outcome": "success", "path": "/api/v1/runs/143ed6be-bb9c-4612-a11b-576c9154856f", "request_id": "0b5db907-8d7c-4991-af69-d9eb3049f6b1", "status_code": 200, "tenant_id": "327d2ffb-1823-49ee-aab0-022efdfc7324", "timestamp": "2026-08-07T11:52:43.317529Z", "trace_id": "ad6a08f01aa200d9fe947107eae99447"}
api-1       | {"claimed": 29, "event": "outbox_dispatch_batch_completed", "lease_lost": 0, "level": "info", "published": 29, "retry_scheduled": 0, "role": "outbox_dispatcher", "timestamp": "2026-08-07T11:52:43.881311Z"}
api-1       | INFO:     172.18.0.1:54478 - "GET /api/v1/runs/143ed6be-bb9c-4612-a11b-576c9154856f HTTP/1.1" 200 OK
api-1       | {"api_key_prefix": "evk_64f04950db0a", "duration_ms": 105.133, "event": "http_request_completed", "level": "info", "method": "GET", "outcome": "success", "path": "/api/v1/runs/143ed6be-bb9c-4612-a11b-576c9154856f", "request_id": "8e6b5d64-305d-45d5-93ab-3c55e9f815b7", "status_code": 200, "tenant_id": "327d2ffb-1823-49ee-aab0-022efdfc7324", "timestamp": "2026-08-07T11:52:43.934332Z", "trace_id": "e37e1d7885bd7862e064b1eca0fd3e80"}
api-1       | {"claimed": 29, "event": "outbox_dispatch_batch_completed", "lease_lost": 0, "level": "info", "published": 29, "retry_scheduled": 0, "role": "outbox_dispatcher", "timestamp": "2026-08-07T11:52:44.505497Z"}
api-1       | INFO:     172.18.0.1:54478 - "GET /api/v1/runs/143ed6be-bb9c-4612-a11b-576c9154856f HTTP/1.1" 200 OK
api-1       | {"api_key_prefix": "evk_64f04950db0a", "duration_ms": 126.781, "event": "http_request_completed", "level": "info", "method": "GET", "outcome": "success", "path": "/api/v1/runs/143ed6be-bb9c-4612-a11b-576c9154856f", "request_id": "7f17205c-7c34-4857-8a28-6e0d7b3526b0", "status_code": 200, "tenant_id": "327d2ffb-1823-49ee-aab0-022efdfc7324", "timestamp": "2026-08-07T11:52:44.568864Z", "trace_id": "9aa8b5cd767a4d77df71f4cc375b072b"}
api-1       | {"claimed": 30, "event": "outbox_dispatch_batch_completed", "lease_lost": 0, "level": "info", "published": 30, "retry_scheduled": 0, "role": "outbox_dispatcher", "timestamp": "2026-08-07T11:52:45.162484Z"}
api-1       | INFO:     172.18.0.1:54478 - "GET /api/v1/runs/143ed6be-bb9c-4612-a11b-576c9154856f HTTP/1.1" 200 OK
api-1       | {"api_key_prefix": "evk_64f04950db0a", "duration_ms": 90.224, "event": "http_request_completed", "level": "info", "method": "GET", "outcome": "success", "path": "/api/v1/runs/143ed6be-bb9c-4612-a11b-576c9154856f", "request_id": "7015045a-8473-4f86-a29a-dabb0c96cb9e", "status_code": 200, "tenant_id": "327d2ffb-1823-49ee-aab0-022efdfc7324", "timestamp": "2026-08-07T11:52:45.179127Z", "trace_id": "7ace2f423674cbdeb7e9bce03996f918"}
api-1       | {"claimed": 30, "event": "outbox_dispatch_batch_completed", "lease_lost": 0, "level": "info", "published": 30, "retry_scheduled": 0, "role": "outbox_dispatcher", "timestamp": "2026-08-07T11:52:45.787576Z"}
api-1       | INFO:     172.18.0.1:54478 - "GET /api/v1/runs/143ed6be-bb9c-4612-a11b-576c9154856f HTTP/1.1" 200 OK
api-1       | {"api_key_prefix": "evk_64f04950db0a", "duration_ms": 135.0, "event": "http_request_completed", "level": "info", "method": "GET", "outcome": "success", "path": "/api/v1/runs/143ed6be-bb9c-4612-a11b-576c9154856f", "request_id": "04479416-24e4-4c23-bbf3-8f81557755cd", "status_code": 200, "tenant_id": "327d2ffb-1823-49ee-aab0-022efdfc7324", "timestamp": "2026-08-07T11:52:45.835559Z", "trace_id": "7f3a73ab9a66162162da6dc8fd368cf6"}
api-1       | {"claimed": 30, "event": "outbox_dispatch_batch_completed", "lease_lost": 0, "level": "info", "published": 30, "retry_scheduled": 0, "role": "outbox_dispatcher", "timestamp": "2026-08-07T11:52:46.424933Z"}
api-1       | INFO:     172.18.0.1:54478 - "GET /api/v1/runs/143ed6be-bb9c-4612-a11b-576c9154856f HTTP/1.1" 200 OK
api-1       | {"api_key_prefix": "evk_64f04950db0a", "duration_ms": 132.565, "event": "http_request_completed", "level": "info", "method": "GET", "outcome": "success", "path": "/api/v1/runs/143ed6be-bb9c-4612-a11b-576c9154856f", "request_id": "d45e98e3-fbdb-4bdf-a5ea-84ce2fb62f33", "status_code": 200, "tenant_id": "327d2ffb-1823-49ee-aab0-022efdfc7324", "timestamp": "2026-08-07T11:52:46.477080Z", "trace_id": "89b73442b0acfb863f4149b32ee389bd"}
api-1       | {"event": "Context impl PostgresqlImpl.", "level": "info", "request_id": "687867b9-5ae3-4f11-9916-60315a724c79", "timestamp": "2026-08-07T11:52:47.102943Z", "trace_id": "befa0519d2f24fa3be61eed309cfb783"}
api-1       | {"event": "Will assume transactional DDL.", "level": "info", "request_id": "687867b9-5ae3-4f11-9916-60315a724c79", "timestamp": "2026-08-07T11:52:47.103085Z", "trace_id": "befa0519d2f24fa3be61eed309cfb783"}
api-1       | {"claimed": 30, "event": "outbox_dispatch_batch_completed", "lease_lost": 0, "level": "info", "published": 30, "retry_scheduled": 0, "role": "outbox_dispatcher", "timestamp": "2026-08-07T11:52:47.110374Z"}
api-1       | INFO:     127.0.0.1:34118 - "GET /health/ready HTTP/1.1" 200 OK
api-1       | {"duration_ms": 191.019, "event": "http_request_completed", "level": "info", "method": "GET", "outcome": "success", "path": "/health/ready", "request_id": "687867b9-5ae3-4f11-9916-60315a724c79", "status_code": 200, "timestamp": "2026-08-07T11:52:47.164547Z", "trace_id": "befa0519d2f24fa3be61eed309cfb783"}
api-1       | INFO:     172.18.0.1:54478 - "GET /api/v1/runs/143ed6be-bb9c-4612-a11b-576c9154856f HTTP/1.1" 200 OK
api-1       | {"api_key_prefix": "evk_64f04950db0a", "duration_ms": 191.363, "event": "http_request_completed", "level": "info", "method": "GET", "outcome": "success", "path": "/api/v1/runs/143ed6be-bb9c-4612-a11b-576c9154856f", "request_id": "a9813b83-cf3c-4c0e-bc12-5e5915f80837", "status_code": 200, "tenant_id": "327d2ffb-1823-49ee-aab0-022efdfc7324", "timestamp": "2026-08-07T11:52:47.177182Z", "trace_id": "1f065a3fcec1b6b881602634925ff3d1"}
api-1       | {"claimed": 32, "event": "outbox_dispatch_batch_completed", "lease_lost": 0, "level": "info", "published": 32, "retry_scheduled": 0, "role": "outbox_dispatcher", "timestamp": "2026-08-07T11:52:47.763036Z"}
api-1       | INFO:     172.18.0.1:54478 - "GET /api/v1/runs/143ed6be-bb9c-4612-a11b-576c9154856f HTTP/1.1" 200 OK
api-1       | {"api_key_prefix": "evk_64f04950db0a", "duration_ms": 93.025, "event": "http_request_completed", "level": "info", "method": "GET", "outcome": "success", "path": "/api/v1/runs/143ed6be-bb9c-4612-a11b-576c9154856f", "request_id": "debee302-34ed-448d-84bb-b75056829d02", "status_code": 200, "tenant_id": "327d2ffb-1823-49ee-aab0-022efdfc7324", "timestamp": "2026-08-07T11:52:47.789615Z", "trace_id": "82b6191b4a015eb9e3d4aa01e4943a88"}
api-1       | {"claimed": 30, "event": "outbox_dispatch_batch_completed", "lease_lost": 0, "level": "info", "published": 30, "retry_scheduled": 0, "role": "outbox_dispatcher", "timestamp": "2026-08-07T11:52:48.463867Z"}
api-1       | INFO:     172.18.0.1:54478 - "GET /api/v1/runs/143ed6be-bb9c-4612-a11b-576c9154856f HTTP/1.1" 200 OK
api-1       | {"api_key_prefix": "evk_64f04950db0a", "duration_ms": 143.603, "event": "http_request_completed", "level": "info", "method": "GET", "outcome": "success", "path": "/api/v1/runs/143ed6be-bb9c-4612-a11b-576c9154856f", "request_id": "fd400a53-3bde-4a2c-911d-4a61b6699c23", "status_code": 200, "tenant_id": "327d2ffb-1823-49ee-aab0-022efdfc7324", "timestamp": "2026-08-07T11:52:48.492113Z", "trace_id": "c371e10674f65d6711ae6c1b5f8a4eee"}
api-1       | {"claimed": 32, "event": "outbox_dispatch_batch_completed", "lease_lost": 0, "level": "info", "published": 32, "retry_scheduled": 0, "role": "outbox_dispatcher", "timestamp": "2026-08-07T11:52:49.091667Z"}
api-1       | INFO:     172.18.0.1:54478 - "GET /api/v1/runs/143ed6be-bb9c-4612-a11b-576c9154856f HTTP/1.1" 200 OK
api-1       | {"api_key_prefix": "evk_64f04950db0a", "duration_ms": 138.74, "event": "http_request_completed", "level": "info", "method": "GET", "outcome": "success", "path": "/api/v1/runs/143ed6be-bb9c-4612-a11b-576c9154856f", "request_id": "86f6efa2-b6af-4c0b-94ef-9ab58e2b89b9", "status_code": 200, "tenant_id": "327d2ffb-1823-49ee-aab0-022efdfc7324", "timestamp": "2026-08-07T11:52:49.146373Z", "trace_id": "6274071f9a0ef3ad832e5c2bc2866035"}
api-1       | {"claimed": 30, "event": "outbox_dispatch_batch_completed", "lease_lost": 0, "level": "info", "published": 30, "retry_scheduled": 0, "role": "outbox_dispatcher", "timestamp": "2026-08-07T11:52:49.716769Z"}
api-1       | INFO:     172.18.0.1:54478 - "GET /api/v1/runs/143ed6be-bb9c-4612-a11b-576c9154856f HTTP/1.1" 200 OK
api-1       | {"api_key_prefix": "evk_64f04950db0a", "duration_ms": 132.842, "event": "http_request_completed", "level": "info", "method": "GET", "outcome": "success", "path": "/api/v1/runs/143ed6be-bb9c-4612-a11b-576c9154856f", "request_id": "0b31c6dd-e1c2-45e4-b922-039c2fa795c4", "status_code": 200, "tenant_id": "327d2ffb-1823-49ee-aab0-022efdfc7324", "timestamp": "2026-08-07T11:52:49.812106Z", "trace_id": "bce50061e5db6ef9ac4b5385d5362ed8"}
api-1       | {"claimed": 28, "event": "outbox_dispatch_batch_completed", "lease_lost": 0, "level": "info", "published": 28, "retry_scheduled": 0, "role": "outbox_dispatcher", "timestamp": "2026-08-07T11:52:50.324925Z"}
api-1       | INFO:     172.18.0.1:54478 - "GET /api/v1/runs/143ed6be-bb9c-4612-a11b-576c9154856f HTTP/1.1" 200 OK
api-1       | {"api_key_prefix": "evk_64f04950db0a", "duration_ms": 99.769, "event": "http_request_completed", "level": "info", "method": "GET", "outcome": "success", "path": "/api/v1/runs/143ed6be-bb9c-4612-a11b-576c9154856f", "request_id": "81b16825-a0ce-4d66-ac79-3b39218a3994", "status_code": 200, "tenant_id": "327d2ffb-1823-49ee-aab0-022efdfc7324", "timestamp": "2026-08-07T11:52:50.416751Z", "trace_id": "2aace382a89d8ce59c74375f61cb63a1"}
api-1       | {"claimed": 28, "event": "outbox_dispatch_batch_completed", "lease_lost": 0, "level": "info", "published": 28, "retry_scheduled": 0, "role": "outbox_dispatcher", "timestamp": "2026-08-07T11:52:50.963939Z"}
api-1       | INFO:     172.18.0.1:54478 - "GET /api/v1/runs/143ed6be-bb9c-4612-a11b-576c9154856f HTTP/1.1" 200 OK
api-1       | {"api_key_prefix": "evk_64f04950db0a", "duration_ms": 97.927, "event": "http_request_completed", "level": "info", "method": "GET", "outcome": "success", "path": "/api/v1/runs/143ed6be-bb9c-4612-a11b-576c9154856f", "request_id": "e59b75ed-09dd-4555-9677-d5fbf7a8a9fe", "status_code": 200, "tenant_id": "327d2ffb-1823-49ee-aab0-022efdfc7324", "timestamp": "2026-08-07T11:52:51.020905Z", "trace_id": "e0e70bf88ad8496ce096501a4f504348"}
api-1       | {"claimed": 30, "event": "outbox_dispatch_batch_completed", "lease_lost": 0, "level": "info", "published": 30, "retry_scheduled": 0, "role": "outbox_dispatcher", "timestamp": "2026-08-07T11:52:51.592840Z"}
api-1       | INFO:     172.18.0.1:54478 - "GET /api/v1/runs/143ed6be-bb9c-4612-a11b-576c9154856f HTTP/1.1" 200 OK
api-1       | {"api_key_prefix": "evk_64f04950db0a", "duration_ms": 113.466, "event": "http_request_completed", "level": "info", "method": "GET", "outcome": "success", "path": "/api/v1/runs/143ed6be-bb9c-4612-a11b-576c9154856f", "request_id": "fec38ec8-b892-4855-83b8-a9a42546f9c5", "status_code": 200, "tenant_id": "327d2ffb-1823-49ee-aab0-022efdfc7324", "timestamp": "2026-08-07T11:52:51.653873Z", "trace_id": "5e0421f56db7b525c0dab023965e0151"}
api-1       | {"claimed": 30, "event": "outbox_dispatch_batch_completed", "lease_lost": 0, "level": "info", "published": 30, "retry_scheduled": 0, "role": "outbox_dispatcher", "timestamp": "2026-08-07T11:52:52.262107Z"}
api-1       | INFO:     172.18.0.1:54478 - "GET /api/v1/runs/143ed6be-bb9c-4612-a11b-576c9154856f HTTP/1.1" 200 OK
api-1       | {"api_key_prefix": "evk_64f04950db0a", "duration_ms": 148.914, "event": "http_request_completed", "level": "info", "method": "GET", "outcome": "success", "path": "/api/v1/runs/143ed6be-bb9c-4612-a11b-576c9154856f", "request_id": "7c29af6e-1511-4dbc-a57a-d6ce2bfeb6d9", "status_code": 200, "tenant_id": "327d2ffb-1823-49ee-aab0-022efdfc7324", "timestamp": "2026-08-07T11:52:52.327441Z", "trace_id": "9ef815808dba9d2af4f8fd466984bf7f"}
api-1       | {"event": "Context impl PostgresqlImpl.", "level": "info", "request_id": "292bc0e0-1229-442b-90a0-d450c3854d07", "timestamp": "2026-08-07T11:52:52.554503Z", "trace_id": "e6d32093e90754f3c1da90b421071af5"}
api-1       | {"event": "Will assume transactional DDL.", "level": "info", "request_id": "292bc0e0-1229-442b-90a0-d450c3854d07", "timestamp": "2026-08-07T11:52:52.554648Z", "trace_id": "e6d32093e90754f3c1da90b421071af5"}
api-1       | INFO:     127.0.0.1:52098 - "GET /health/ready HTTP/1.1" 200 OK
api-1       | {"duration_ms": 23.003, "event": "http_request_completed", "level": "info", "method": "GET", "outcome": "success", "path": "/health/ready", "request_id": "292bc0e0-1229-442b-90a0-d450c3854d07", "status_code": 200, "timestamp": "2026-08-07T11:52:52.561833Z", "trace_id": "e6d32093e90754f3c1da90b421071af5"}
api-1       | {"claimed": 30, "event": "outbox_dispatch_batch_completed", "lease_lost": 0, "level": "info", "published": 30, "retry_scheduled": 0, "role": "outbox_dispatcher", "timestamp": "2026-08-07T11:52:52.881325Z"}
api-1       | INFO:     172.18.0.1:54478 - "GET /api/v1/runs/143ed6be-bb9c-4612-a11b-576c9154856f HTTP/1.1" 200 OK
api-1       | {"api_key_prefix": "evk_64f04950db0a", "duration_ms": 93.075, "event": "http_request_completed", "level": "info", "method": "GET", "outcome": "success", "path": "/api/v1/runs/143ed6be-bb9c-4612-a11b-576c9154856f", "request_id": "189a38bf-1337-4baa-a270-7e1ab269b62c", "status_code": 200, "tenant_id": "327d2ffb-1823-49ee-aab0-022efdfc7324", "timestamp": "2026-08-07T11:52:52.934794Z", "trace_id": "adabd08983416b4aa4948e36160cfda3"}
api-1       | {"claimed": 30, "event": "outbox_dispatch_batch_completed", "lease_lost": 0, "level": "info", "published": 30, "retry_scheduled": 0, "role": "outbox_dispatcher", "timestamp": "2026-08-07T11:52:53.510981Z"}
api-1       | INFO:     172.18.0.1:54478 - "GET /api/v1/runs/143ed6be-bb9c-4612-a11b-576c9154856f HTTP/1.1" 200 OK
api-1       | {"api_key_prefix": "evk_64f04950db0a", "duration_ms": 112.806, "event": "http_request_completed", "level": "info", "method": "GET", "outcome": "success", "path": "/api/v1/runs/143ed6be-bb9c-4612-a11b-576c9154856f", "request_id": "59fea8b7-e6e9-4b85-8aab-1979cfa3f0ed", "status_code": 200, "tenant_id": "327d2ffb-1823-49ee-aab0-022efdfc7324", "timestamp": "2026-08-07T11:52:53.571880Z", "trace_id": "5ede273b4805a291a850dccd69ec271c"}
api-1       | {"claimed": 30, "event": "outbox_dispatch_batch_completed", "lease_lost": 0, "level": "info", "published": 30, "retry_scheduled": 0, "role": "outbox_dispatcher", "timestamp": "2026-08-07T11:52:54.169596Z"}
api-1       | INFO:     172.18.0.1:54478 - "GET /api/v1/runs/143ed6be-bb9c-4612-a11b-576c9154856f HTTP/1.1" 200 OK
api-1       | {"api_key_prefix": "evk_64f04950db0a", "duration_ms": 88.978, "event": "http_request_completed", "level": "info", "method": "GET", "outcome": "success", "path": "/api/v1/runs/143ed6be-bb9c-4612-a11b-576c9154856f", "request_id": "a7c2a378-924e-4b6e-b66a-b2d13c579f93", "status_code": 200, "tenant_id": "327d2ffb-1823-49ee-aab0-022efdfc7324", "timestamp": "2026-08-07T11:52:54.184989Z", "trace_id": "e3df48fca70d64fd26e3d1d99c701279"}
api-1       | {"claimed": 30, "event": "outbox_dispatch_batch_completed", "lease_lost": 0, "level": "info", "published": 30, "retry_scheduled": 0, "role": "outbox_dispatcher", "timestamp": "2026-08-07T11:52:54.800963Z"}
api-1       | INFO:     172.18.0.1:54478 - "GET /api/v1/runs/143ed6be-bb9c-4612-a11b-576c9154856f HTTP/1.1" 200 OK
api-1       | {"api_key_prefix": "evk_64f04950db0a", "duration_ms": 150.965, "event": "http_request_completed", "level": "info", "method": "GET", "outcome": "success", "path": "/api/v1/runs/143ed6be-bb9c-4612-a11b-576c9154856f", "request_id": "93ba6d5b-1bfd-481c-8f13-24a70e8c7107", "status_code": 200, "tenant_id": "327d2ffb-1823-49ee-aab0-022efdfc7324", "timestamp": "2026-08-07T11:52:54.855180Z", "trace_id": "7e6f2f91123bb7985916b116030b63fe"}
api-1       | {"claimed": 31, "event": "outbox_dispatch_batch_completed", "lease_lost": 0, "level": "info", "published": 31, "retry_scheduled": 0, "role": "outbox_dispatcher", "timestamp": "2026-08-07T11:52:55.431690Z"}
api-1       | INFO:     172.18.0.1:54478 - "GET /api/v1/runs/143ed6be-bb9c-4612-a11b-576c9154856f HTTP/1.1" 200 OK
api-1       | {"api_key_prefix": "evk_64f04950db0a", "duration_ms": 116.043, "event": "http_request_completed", "level": "info", "method": "GET", "outcome": "success", "path": "/api/v1/runs/143ed6be-bb9c-4612-a11b-576c9154856f", "request_id": "ca9f194d-223a-46e9-9dc2-b3adb6ba0238", "status_code": 200, "tenant_id": "327d2ffb-1823-49ee-aab0-022efdfc7324", "timestamp": "2026-08-07T11:52:55.487002Z", "trace_id": "68190313a66c6bc31c1f37ada87de05c"}
api-1       | {"claimed": 29, "event": "outbox_dispatch_batch_completed", "lease_lost": 0, "level": "info", "published": 29, "retry_scheduled": 0, "role": "outbox_dispatcher", "timestamp": "2026-08-07T11:52:56.069614Z"}
api-1       | INFO:     172.18.0.1:54478 - "GET /api/v1/runs/143ed6be-bb9c-4612-a11b-576c9154856f HTTP/1.1" 200 OK
api-1       | {"api_key_prefix": "evk_64f04950db0a", "duration_ms": 115.042, "event": "http_request_completed", "level": "info", "method": "GET", "outcome": "success", "path": "/api/v1/runs/143ed6be-bb9c-4612-a11b-576c9154856f", "request_id": "4d9513ee-5458-4bed-b290-7dd648971283", "status_code": 200, "tenant_id": "327d2ffb-1823-49ee-aab0-022efdfc7324", "timestamp": "2026-08-07T11:52:56.121423Z", "trace_id": "b850ce8f99ae0b1627494edf3d5ee61e"}
api-1       | {"claimed": 33, "event": "outbox_dispatch_batch_completed", "lease_lost": 0, "level": "info", "published": 33, "retry_scheduled": 0, "role": "outbox_dispatcher", "timestamp": "2026-08-07T11:52:56.688999Z"}
api-1       | INFO:     172.18.0.1:54478 - "GET /api/v1/runs/143ed6be-bb9c-4612-a11b-576c9154856f HTTP/1.1" 200 OK
api-1       | {"api_key_prefix": "evk_64f04950db0a", "duration_ms": 99.098, "event": "http_request_completed", "level": "info", "method": "GET", "outcome": "success", "path": "/api/v1/runs/143ed6be-bb9c-4612-a11b-576c9154856f", "request_id": "8fab0b30-a9e9-4d39-afc5-a644c2b50e9e", "status_code": 200, "tenant_id": "327d2ffb-1823-49ee-aab0-022efdfc7324", "timestamp": "2026-08-07T11:52:56.748445Z", "trace_id": "3618da4444a9cc20a6d4c99f5975c7a7"}
api-1       | {"claimed": 31, "event": "outbox_dispatch_batch_completed", "lease_lost": 0, "level": "info", "published": 31, "retry_scheduled": 0, "role": "outbox_dispatcher", "timestamp": "2026-08-07T11:52:57.388027Z"}
api-1       | INFO:     172.18.0.1:54478 - "GET /api/v1/runs/143ed6be-bb9c-4612-a11b-576c9154856f HTTP/1.1" 200 OK
api-1       | {"api_key_prefix": "evk_64f04950db0a", "duration_ms": 145.937, "event": "http_request_completed", "level": "info", "method": "GET", "outcome": "success", "path": "/api/v1/runs/143ed6be-bb9c-4612-a11b-576c9154856f", "request_id": "fbe489de-d63b-48a3-89dc-02884559c777", "status_code": 200, "tenant_id": "327d2ffb-1823-49ee-aab0-022efdfc7324", "timestamp": "2026-08-07T11:52:57.442622Z", "trace_id": "39d48176fc369b48a2c31520fec009a8"}
api-1       | {"event": "Context impl PostgresqlImpl.", "level": "info", "request_id": "84a0220c-84bf-4f28-ba85-eff900daa3f8", "timestamp": "2026-08-07T11:52:57.854888Z", "trace_id": "bcc841a8c16ccdc6197b1ec193fc8fed"}
api-1       | {"event": "Will assume transactional DDL.", "level": "info", "request_id": "84a0220c-84bf-4f28-ba85-eff900daa3f8", "timestamp": "2026-08-07T11:52:57.855008Z", "trace_id": "bcc841a8c16ccdc6197b1ec193fc8fed"}
api-1       | INFO:     127.0.0.1:52106 - "GET /health/ready HTTP/1.1" 200 OK
api-1       | {"duration_ms": 20.61, "event": "http_request_completed", "level": "info", "method": "GET", "outcome": "success", "path": "/health/ready", "request_id": "84a0220c-84bf-4f28-ba85-eff900daa3f8", "status_code": 200, "timestamp": "2026-08-07T11:52:57.860722Z", "trace_id": "bcc841a8c16ccdc6197b1ec193fc8fed"}
api-1       | {"claimed": 34, "event": "outbox_dispatch_batch_completed", "lease_lost": 0, "level": "info", "published": 34, "retry_scheduled": 0, "role": "outbox_dispatcher", "timestamp": "2026-08-07T11:52:58.005683Z"}
api-1       | INFO:     172.18.0.1:54478 - "GET /api/v1/runs/143ed6be-bb9c-4612-a11b-576c9154856f HTTP/1.1" 200 OK
api-1       | {"api_key_prefix": "evk_64f04950db0a", "duration_ms": 109.22, "event": "http_request_completed", "level": "info", "method": "GET", "outcome": "success", "path": "/api/v1/runs/143ed6be-bb9c-4612-a11b-576c9154856f", "request_id": "85a760bc-5d87-43b1-8655-e5cd3891d8bd", "status_code": 200, "tenant_id": "327d2ffb-1823-49ee-aab0-022efdfc7324", "timestamp": "2026-08-07T11:52:58.071374Z", "trace_id": "3b325cd8285b10d3c107df4468216a6b"}
api-1       | {"claimed": 28, "event": "outbox_dispatch_batch_completed", "lease_lost": 0, "level": "info", "published": 28, "retry_scheduled": 0, "role": "outbox_dispatcher", "timestamp": "2026-08-07T11:52:58.631250Z"}
api-1       | INFO:     172.18.0.1:54478 - "GET /api/v1/runs/143ed6be-bb9c-4612-a11b-576c9154856f HTTP/1.1" 200 OK
api-1       | {"api_key_prefix": "evk_64f04950db0a", "duration_ms": 124.074, "event": "http_request_completed", "level": "info", "method": "GET", "outcome": "success", "path": "/api/v1/runs/143ed6be-bb9c-4612-a11b-576c9154856f", "request_id": "1e4ddf77-eafa-447b-ac36-ceab9f1381c9", "status_code": 200, "tenant_id": "327d2ffb-1823-49ee-aab0-022efdfc7324", "timestamp": "2026-08-07T11:52:58.715970Z", "trace_id": "0768bce1b19280a115579dae0dfd135d"}
api-1       | {"claimed": 30, "event": "outbox_dispatch_batch_completed", "lease_lost": 0, "level": "info", "published": 30, "retry_scheduled": 0, "role": "outbox_dispatcher", "timestamp": "2026-08-07T11:52:59.276624Z"}
api-1       | INFO:     172.18.0.1:54478 - "GET /api/v1/runs/143ed6be-bb9c-4612-a11b-576c9154856f HTTP/1.1" 200 OK
api-1       | {"api_key_prefix": "evk_64f04950db0a", "duration_ms": 75.884, "event": "http_request_completed", "level": "info", "method": "GET", "outcome": "success", "path": "/api/v1/runs/143ed6be-bb9c-4612-a11b-576c9154856f", "request_id": "b6113ca3-00bd-45e2-a8d1-396f71d00734", "status_code": 200, "tenant_id": "327d2ffb-1823-49ee-aab0-022efdfc7324", "timestamp": "2026-08-07T11:52:59.298339Z", "trace_id": "11ea88d63556c1be26ed9b193864eba3"}
api-1       | {"claimed": 32, "event": "outbox_dispatch_batch_completed", "lease_lost": 0, "level": "info", "published": 32, "retry_scheduled": 0, "role": "outbox_dispatcher", "timestamp": "2026-08-07T11:52:59.924162Z"}
api-1       | INFO:     172.18.0.1:54478 - "GET /api/v1/runs/143ed6be-bb9c-4612-a11b-576c9154856f HTTP/1.1" 200 OK
api-1       | {"api_key_prefix": "evk_64f04950db0a", "duration_ms": 152.944, "event": "http_request_completed", "level": "info", "method": "GET", "outcome": "success", "path": "/api/v1/runs/143ed6be-bb9c-4612-a11b-576c9154856f", "request_id": "6c5eadb2-9b27-4fd8-a111-9ac424f536c6", "status_code": 200, "tenant_id": "327d2ffb-1823-49ee-aab0-022efdfc7324", "timestamp": "2026-08-07T11:52:59.978356Z", "trace_id": "d48526c0221ce33a6bfc82c21df4451b"}
api-1       | {"claimed": 30, "event": "outbox_dispatch_batch_completed", "lease_lost": 0, "level": "info", "published": 30, "retry_scheduled": 0, "role": "outbox_dispatcher", "timestamp": "2026-08-07T11:53:00.570822Z"}
api-1       | INFO:     172.18.0.1:54478 - "GET /api/v1/runs/143ed6be-bb9c-4612-a11b-576c9154856f HTTP/1.1" 200 OK
api-1       | {"api_key_prefix": "evk_64f04950db0a", "duration_ms": 123.112, "event": "http_request_completed", "level": "info", "method": "GET", "outcome": "success", "path": "/api/v1/runs/143ed6be-bb9c-4612-a11b-576c9154856f", "request_id": "b2e2c89b-c147-42e0-9aa7-9b47f080064b", "status_code": 200, "tenant_id": "327d2ffb-1823-49ee-aab0-022efdfc7324", "timestamp": "2026-08-07T11:53:00.623378Z", "trace_id": "f757ea9ec22fe5fec76fe47ac41762ac"}
api-1       | {"claimed": 16, "event": "outbox_dispatch_batch_completed", "lease_lost": 0, "level": "info", "published": 16, "retry_scheduled": 0, "role": "outbox_dispatcher", "timestamp": "2026-08-07T11:53:01.167418Z"}
api-1       | INFO:     172.18.0.1:54478 - "GET /api/v1/runs/143ed6be-bb9c-4612-a11b-576c9154856f HTTP/1.1" 200 OK
api-1       | {"api_key_prefix": "evk_64f04950db0a", "duration_ms": 69.05, "event": "http_request_completed", "level": "info", "method": "GET", "outcome": "success", "path": "/api/v1/runs/143ed6be-bb9c-4612-a11b-576c9154856f", "request_id": "c8119635-bfc4-4b0d-b165-d12442111030", "status_code": 200, "tenant_id": "327d2ffb-1823-49ee-aab0-022efdfc7324", "timestamp": "2026-08-07T11:53:01.205007Z", "trace_id": "add1088bd2f8edd9e7b326766227765d"}
api-1       | INFO:     172.18.0.1:54478 - "GET /api/v1/runs/143ed6be-bb9c-4612-a11b-576c9154856f/cases?limit=200&sort=case_id HTTP/1.1" 200 OK
api-1       | {"api_key_prefix": "evk_64f04950db0a", "duration_ms": 69.486, "event": "http_request_completed", "level": "info", "method": "GET", "outcome": "success", "path": "/api/v1/runs/143ed6be-bb9c-4612-a11b-576c9154856f/cases", "request_id": "c16dc69c-9f36-492d-aa90-4e47196a1bc3", "status_code": 200, "tenant_id": "327d2ffb-1823-49ee-aab0-022efdfc7324", "timestamp": "2026-08-07T11:53:01.276011Z", "trace_id": "162d67e8de829b9cbf481d7359d18f3b"}
api-1       | INFO:     172.18.0.1:54478 - "GET /api/v1/runs/143ed6be-bb9c-4612-a11b-576c9154856f/cases?limit=200&sort=case_id&cursor=eyJkaXJlY3Rpb24iOiJhc2MiLCJlcnJvcl9jb2RlIjpudWxsLCJqb2JfaWQiOiJmNjE4YzgzOC03ZmJmLTQxNWQtYjgyYi00MDYzMjM1N2I2NGQiLCJtZXRyaWMiOm51bGwsInNvcnQiOiJjYXNlX2lkIiwic3RhdHVzIjpudWxsLCJ2IjoxLCJ2YWx1ZSI6ImxvYWQtMDE5OSJ9 HTTP/1.1" 200 OK
api-1       | {"api_key_prefix": "evk_64f04950db0a", "duration_ms": 66.197, "event": "http_request_completed", "level": "info", "method": "GET", "outcome": "success", "path": "/api/v1/runs/143ed6be-bb9c-4612-a11b-576c9154856f/cases", "request_id": "9acedd48-9b08-44cc-8067-83a71dee457e", "status_code": 200, "tenant_id": "327d2ffb-1823-49ee-aab0-022efdfc7324", "timestamp": "2026-08-07T11:53:01.344651Z", "trace_id": "a8294486ad6fa969270b70efdc8519e4"}
api-1       | INFO:     172.18.0.1:54478 - "GET /api/v1/runs/143ed6be-bb9c-4612-a11b-576c9154856f/cases?limit=200&sort=case_id&cursor=eyJkaXJlY3Rpb24iOiJhc2MiLCJlcnJvcl9jb2RlIjpudWxsLCJqb2JfaWQiOiI5ZWRjZmIwNC1hYWRlLTRmZDctYjhjMy01YTI2MzIwYjUwZmYiLCJtZXRyaWMiOm51bGwsInNvcnQiOiJjYXNlX2lkIiwic3RhdHVzIjpudWxsLCJ2IjoxLCJ2YWx1ZSI6ImxvYWQtMDM5OSJ9 HTTP/1.1" 200 OK
api-1       | {"api_key_prefix": "evk_64f04950db0a", "duration_ms": 58.991, "event": "http_request_completed", "level": "info", "method": "GET", "outcome": "success", "path": "/api/v1/runs/143ed6be-bb9c-4612-a11b-576c9154856f/cases", "request_id": "f44a99a7-b5f2-42d3-a544-4bc2f8bfabb6", "status_code": 200, "tenant_id": "327d2ffb-1823-49ee-aab0-022efdfc7324", "timestamp": "2026-08-07T11:53:01.405961Z", "trace_id": "971fa8412b086e4e807fb9ae96623e8f"}
api-1       | INFO:     127.0.0.1:52116 - "GET /metrics HTTP/1.1" 200 OK
api-1       | {"duration_ms": 17.634, "event": "http_request_completed", "level": "info", "method": "GET", "outcome": "success", "path": "/metrics", "request_id": "64d1a4b0-744d-4e6f-8cad-3872940795bc", "status_code": 200, "timestamp": "2026-08-07T11:53:01.772903Z", "trace_id": "fe9bfa83c41593c9f90c27ea7a1df3b8"}
api-1       | {"event": "Context impl PostgresqlImpl.", "level": "info", "request_id": "178ab159-d20d-43ca-8832-fa0e058f7aee", "timestamp": "2026-08-07T11:53:03.135747Z", "trace_id": "1a2d1c2930cdd17b88b1c0eea890077f"}
api-1       | {"event": "Will assume transactional DDL.", "level": "info", "request_id": "178ab159-d20d-43ca-8832-fa0e058f7aee", "timestamp": "2026-08-07T11:53:03.135855Z", "trace_id": "1a2d1c2930cdd17b88b1c0eea890077f"}
api-1       | INFO:     127.0.0.1:43566 - "GET /health/ready HTTP/1.1" 200 OK
api-1       | {"duration_ms": 19.009, "event": "http_request_completed", "level": "info", "method": "GET", "outcome": "success", "path": "/health/ready", "request_id": "178ab159-d20d-43ca-8832-fa0e058f7aee", "status_code": 200, "timestamp": "2026-08-07T11:53:03.141127Z", "trace_id": "1a2d1c2930cdd17b88b1c0eea890077f"}
api-1       | INFO:     172.18.0.1:54478 - "POST /api/v1/runs HTTP/1.1" 202 Accepted
api-1       | {"api_key_prefix": "evk_64f04950db0a", "duration_ms": 101.208, "event": "http_request_completed", "level": "info", "method": "POST", "outcome": "success", "path": "/api/v1/runs", "request_id": "2df10231-15c4-45b3-8a8d-1b07f440006d", "status_code": 202, "tenant_id": "327d2ffb-1823-49ee-aab0-022efdfc7324", "timestamp": "2026-08-07T11:53:06.418482Z", "trace_id": "98d3bf96bf8f19c88bf3a686fb953b2b"}
api-1       | INFO:     172.18.0.1:54478 - "GET /api/v1/runs/a5aa83f4-434d-4e9f-88e5-6ea495eb69b0 HTTP/1.1" 200 OK
api-1       | {"api_key_prefix": "evk_64f04950db0a", "duration_ms": 65.484, "event": "http_request_completed", "level": "info", "method": "GET", "outcome": "success", "path": "/api/v1/runs/a5aa83f4-434d-4e9f-88e5-6ea495eb69b0", "request_id": "19d87442-2d33-4311-b0b8-8541863630a7", "status_code": 200, "tenant_id": "327d2ffb-1823-49ee-aab0-022efdfc7324", "timestamp": "2026-08-07T11:53:06.484561Z", "trace_id": "cb3d20f8b689d88df25777fc7318a347"}
api-1       | INFO:     172.18.0.1:54478 - "GET /api/v1/runs/a5aa83f4-434d-4e9f-88e5-6ea495eb69b0 HTTP/1.1" 200 OK
api-1       | {"api_key_prefix": "evk_64f04950db0a", "duration_ms": 101.248, "event": "http_request_completed", "level": "info", "method": "GET", "outcome": "success", "path": "/api/v1/runs/a5aa83f4-434d-4e9f-88e5-6ea495eb69b0", "request_id": "6e40d3c3-c534-4fd3-8845-41a16e6d9617", "status_code": 200, "tenant_id": "327d2ffb-1823-49ee-aab0-022efdfc7324", "timestamp": "2026-08-07T11:53:07.087664Z", "trace_id": "7d1b9676a3b5afea04c2272631957bd2"}
api-1       | {"claimed": 16, "event": "outbox_dispatch_batch_completed", "lease_lost": 0, "level": "info", "published": 16, "retry_scheduled": 0, "role": "outbox_dispatcher", "timestamp": "2026-08-07T11:53:07.463101Z"}
api-1       | INFO:     172.18.0.1:54478 - "GET /api/v1/runs/a5aa83f4-434d-4e9f-88e5-6ea495eb69b0 HTTP/1.1" 200 OK
api-1       | {"api_key_prefix": "evk_64f04950db0a", "duration_ms": 67.439, "event": "http_request_completed", "level": "info", "method": "GET", "outcome": "success", "path": "/api/v1/runs/a5aa83f4-434d-4e9f-88e5-6ea495eb69b0", "request_id": "f2260a87-0487-43fc-a8f5-3b5dabb38341", "status_code": 200, "tenant_id": "327d2ffb-1823-49ee-aab0-022efdfc7324", "timestamp": "2026-08-07T11:53:07.657877Z", "trace_id": "7723721f114a1e2ab77e547c5bcbe22e"}
api-1       | {"claimed": 50, "event": "outbox_dispatch_batch_completed", "lease_lost": 0, "level": "info", "published": 50, "retry_scheduled": 0, "role": "outbox_dispatcher", "timestamp": "2026-08-07T11:53:08.192224Z"}
api-1       | INFO:     172.18.0.1:54478 - "GET /api/v1/runs/a5aa83f4-434d-4e9f-88e5-6ea495eb69b0 HTTP/1.1" 200 OK
api-1       | {"api_key_prefix": "evk_64f04950db0a", "duration_ms": 88.505, "event": "http_request_completed", "level": "info", "method": "GET", "outcome": "success", "path": "/api/v1/runs/a5aa83f4-434d-4e9f-88e5-6ea495eb69b0", "request_id": "41bff439-a52e-4531-bbd8-e1e20a32a9af", "status_code": 200, "tenant_id": "327d2ffb-1823-49ee-aab0-022efdfc7324", "timestamp": "2026-08-07T11:53:08.248870Z", "trace_id": "9e6a91ec9b1c53dee53eed799d9257be"}
api-1       | INFO:     172.18.0.1:54478 - "GET /api/v1/runs/a5aa83f4-434d-4e9f-88e5-6ea495eb69b0/cases?limit=200&sort=case_id HTTP/1.1" 200 OK
api-1       | {"api_key_prefix": "evk_64f04950db0a", "duration_ms": 107.62, "event": "http_request_completed", "level": "info", "method": "GET", "outcome": "success", "path": "/api/v1/runs/a5aa83f4-434d-4e9f-88e5-6ea495eb69b0/cases", "request_id": "cadaec59-4445-426b-93fd-236fad72b455", "status_code": 200, "tenant_id": "327d2ffb-1823-49ee-aab0-022efdfc7324", "timestamp": "2026-08-07T11:53:08.358623Z", "trace_id": "71c4f0039f20a115ebe1db2fe0e02bb9"}
api-1       | {"event": "Context impl PostgresqlImpl.", "level": "info", "request_id": "9b4f6e1f-7757-438a-9eb0-e61887dcf360", "timestamp": "2026-08-07T11:53:08.555886Z", "trace_id": "76201cc3fdbffd2dcabf827597150435"}
api-1       | {"event": "Will assume transactional DDL.", "level": "info", "request_id": "9b4f6e1f-7757-438a-9eb0-e61887dcf360", "timestamp": "2026-08-07T11:53:08.556026Z", "trace_id": "76201cc3fdbffd2dcabf827597150435"}
api-1       | INFO:     127.0.0.1:43578 - "GET /health/ready HTTP/1.1" 200 OK
api-1       | {"duration_ms": 20.192, "event": "http_request_completed", "level": "info", "method": "GET", "outcome": "success", "path": "/health/ready", "request_id": "9b4f6e1f-7757-438a-9eb0-e61887dcf360", "status_code": 200, "timestamp": "2026-08-07T11:53:08.561835Z", "trace_id": "76201cc3fdbffd2dcabf827597150435"}
api-1       | {"claimed": 36, "event": "outbox_dispatch_batch_completed", "lease_lost": 0, "level": "info", "published": 36, "retry_scheduled": 0, "role": "outbox_dispatcher", "timestamp": "2026-08-07T11:53:09.060917Z"}
api-1       | INFO:     127.0.0.1:43594 - "GET /metrics HTTP/1.1" 200 OK
api-1       | {"duration_ms": 134.657, "event": "http_request_completed", "level": "info", "method": "GET", "outcome": "success", "path": "/metrics", "request_id": "6da9f195-5e18-4349-ba38-0e24360a4bae", "status_code": 200, "timestamp": "2026-08-07T11:53:09.076417Z", "trace_id": "a6a7283f4e32fb39f1b23887f2004719"}
api-1       | INFO:     172.18.0.1:54478 - "POST /api/v1/runs HTTP/1.1" 202 Accepted
api-1       | {"api_key_prefix": "evk_64f04950db0a", "duration_ms": 235.29, "event": "http_request_completed", "level": "info", "method": "POST", "outcome": "success", "path": "/api/v1/runs", "request_id": "d5879683-bb5e-454f-9a25-8820da31f92c", "status_code": 202, "tenant_id": "327d2ffb-1823-49ee-aab0-022efdfc7324", "timestamp": "2026-08-07T11:53:10.760842Z", "trace_id": "d9ee632a09bf2ea000592b16b749f0ba"}
api-1       | INFO:     172.18.0.1:54478 - "GET /api/v1/runs/8d86e525-6579-4320-a748-db65c2e0926b HTTP/1.1" 200 OK
api-1       | {"api_key_prefix": "evk_64f04950db0a", "duration_ms": 50.669, "event": "http_request_completed", "level": "info", "method": "GET", "outcome": "success", "path": "/api/v1/runs/8d86e525-6579-4320-a748-db65c2e0926b", "request_id": "7b1396d7-8ea8-434c-bfef-620c46fa7d75", "status_code": 200, "tenant_id": "327d2ffb-1823-49ee-aab0-022efdfc7324", "timestamp": "2026-08-07T11:53:10.813423Z", "trace_id": "d79422f86182435f65ed935017107063"}
api-1       | INFO:     172.18.0.1:54478 - "GET /api/v1/runs/8d86e525-6579-4320-a748-db65c2e0926b HTTP/1.1" 200 OK
api-1       | {"api_key_prefix": "evk_64f04950db0a", "duration_ms": 67.144, "event": "http_request_completed", "level": "info", "method": "GET", "outcome": "success", "path": "/api/v1/runs/8d86e525-6579-4320-a748-db65c2e0926b", "request_id": "fdf432fd-f6aa-4371-8f29-eabd9520c670", "status_code": 200, "tenant_id": "327d2ffb-1823-49ee-aab0-022efdfc7324", "timestamp": "2026-08-07T11:53:11.383973Z", "trace_id": "f2ea5e944ede0104c7133e4722a121f3"}
api-1       | {"claimed": 50, "event": "outbox_dispatch_batch_completed", "lease_lost": 0, "level": "info", "published": 50, "retry_scheduled": 0, "role": "outbox_dispatcher", "timestamp": "2026-08-07T11:53:11.800373Z"}
api-1       | INFO:     172.18.0.1:54478 - "GET /api/v1/runs/8d86e525-6579-4320-a748-db65c2e0926b HTTP/1.1" 200 OK
api-1       | {"api_key_prefix": "evk_64f04950db0a", "duration_ms": 59.591, "event": "http_request_completed", "level": "info", "method": "GET", "outcome": "success", "path": "/api/v1/runs/8d86e525-6579-4320-a748-db65c2e0926b", "request_id": "6d2be2b0-9af4-4913-a980-b7778c8caee5", "status_code": 200, "tenant_id": "327d2ffb-1823-49ee-aab0-022efdfc7324", "timestamp": "2026-08-07T11:53:11.946318Z", "trace_id": "054bfc16d9f372d1d7abf1eff48b8c36"}
api-1       | {"claimed": 50, "event": "outbox_dispatch_batch_completed", "lease_lost": 0, "level": "info", "published": 50, "retry_scheduled": 0, "role": "outbox_dispatcher", "timestamp": "2026-08-07T11:53:12.517424Z"}
api-1       | INFO:     172.18.0.1:54478 - "GET /api/v1/runs/8d86e525-6579-4320-a748-db65c2e0926b HTTP/1.1" 200 OK
api-1       | {"api_key_prefix": "evk_64f04950db0a", "duration_ms": 134.069, "event": "http_request_completed", "level": "info", "method": "GET", "outcome": "success", "path": "/api/v1/runs/8d86e525-6579-4320-a748-db65c2e0926b", "request_id": "5ea99d94-0731-4ca0-a0a6-5ef7ccb3186f", "status_code": 200, "tenant_id": "327d2ffb-1823-49ee-aab0-022efdfc7324", "timestamp": "2026-08-07T11:53:12.585697Z", "trace_id": "8d8b4e5b3577c995d5e88fdcc7b4192a"}
api-1       | {"claimed": 50, "event": "outbox_dispatch_batch_completed", "lease_lost": 0, "level": "info", "published": 50, "retry_scheduled": 0, "role": "outbox_dispatcher", "timestamp": "2026-08-07T11:53:13.219540Z"}
api-1       | INFO:     172.18.0.1:54478 - "GET /api/v1/runs/8d86e525-6579-4320-a748-db65c2e0926b HTTP/1.1" 200 OK
api-1       | {"api_key_prefix": "evk_64f04950db0a", "duration_ms": 167.232, "event": "http_request_completed", "level": "info", "method": "GET", "outcome": "success", "path": "/api/v1/runs/8d86e525-6579-4320-a748-db65c2e0926b", "request_id": "9503ec3e-f74b-41e5-986d-fe15102a51ef", "status_code": 200, "tenant_id": "327d2ffb-1823-49ee-aab0-022efdfc7324", "timestamp": "2026-08-07T11:53:13.279360Z", "trace_id": "c85b8253a3396b54beb7b09f67f4fbee"}
api-1       | {"claimed": 50, "event": "outbox_dispatch_batch_completed", "lease_lost": 0, "level": "info", "published": 50, "retry_scheduled": 0, "role": "outbox_dispatcher", "timestamp": "2026-08-07T11:53:14.110078Z"}
api-1       | {"event": "Context impl PostgresqlImpl.", "level": "info", "request_id": "5ba18391-55bb-4a60-9a6a-51ce14945174", "timestamp": "2026-08-07T11:53:14.113654Z", "trace_id": "87a12be4cc666b64f646ecd30885bd21"}
api-1       | {"event": "Will assume transactional DDL.", "level": "info", "request_id": "5ba18391-55bb-4a60-9a6a-51ce14945174", "timestamp": "2026-08-07T11:53:14.113803Z", "trace_id": "87a12be4cc666b64f646ecd30885bd21"}
api-1       | INFO:     127.0.0.1:38568 - "GET /health/ready HTTP/1.1" 200 OK
api-1       | {"duration_ms": 73.713, "event": "http_request_completed", "level": "info", "method": "GET", "outcome": "success", "path": "/health/ready", "request_id": "5ba18391-55bb-4a60-9a6a-51ce14945174", "status_code": 200, "timestamp": "2026-08-07T11:53:14.124700Z", "trace_id": "87a12be4cc666b64f646ecd30885bd21"}
api-1       | INFO:     172.18.0.1:54478 - "GET /api/v1/runs/8d86e525-6579-4320-a748-db65c2e0926b HTTP/1.1" 200 OK
api-1       | {"api_key_prefix": "evk_64f04950db0a", "duration_ms": 317.231, "event": "http_request_completed", "level": "info", "method": "GET", "outcome": "success", "path": "/api/v1/runs/8d86e525-6579-4320-a748-db65c2e0926b", "request_id": "e2199a7f-be36-476c-9fe4-054c080a7e8c", "status_code": 200, "tenant_id": "327d2ffb-1823-49ee-aab0-022efdfc7324", "timestamp": "2026-08-07T11:53:14.181200Z", "trace_id": "a789fa1a22e0d8b3feea1ccb28c037f1"}
api-1       | {"claimed": 50, "event": "outbox_dispatch_batch_completed", "lease_lost": 0, "level": "info", "published": 50, "retry_scheduled": 0, "role": "outbox_dispatcher", "timestamp": "2026-08-07T11:53:14.909617Z"}
api-1       | INFO:     172.18.0.1:54478 - "GET /api/v1/runs/8d86e525-6579-4320-a748-db65c2e0926b HTTP/1.1" 200 OK
api-1       | {"api_key_prefix": "evk_64f04950db0a", "duration_ms": 212.8, "event": "http_request_completed", "level": "info", "method": "GET", "outcome": "success", "path": "/api/v1/runs/8d86e525-6579-4320-a748-db65c2e0926b", "request_id": "774eb8c0-4e6a-412b-a4eb-47068efcab25", "status_code": 200, "tenant_id": "327d2ffb-1823-49ee-aab0-022efdfc7324", "timestamp": "2026-08-07T11:53:14.966186Z", "trace_id": "d02c27fb7486cd0918bc7cc066e591cf"}
api-1       | {"claimed": 50, "event": "outbox_dispatch_batch_completed", "lease_lost": 0, "level": "info", "published": 50, "retry_scheduled": 0, "role": "outbox_dispatcher", "timestamp": "2026-08-07T11:53:15.609307Z"}
api-1       | INFO:     172.18.0.1:54478 - "GET /api/v1/runs/8d86e525-6579-4320-a748-db65c2e0926b HTTP/1.1" 200 OK
api-1       | {"api_key_prefix": "evk_64f04950db0a", "duration_ms": 251.299, "event": "http_request_completed", "level": "info", "method": "GET", "outcome": "success", "path": "/api/v1/runs/8d86e525-6579-4320-a748-db65c2e0926b", "request_id": "e8ecf131-2cd8-465e-9488-891652379133", "status_code": 200, "tenant_id": "327d2ffb-1823-49ee-aab0-022efdfc7324", "timestamp": "2026-08-07T11:53:15.725794Z", "trace_id": "a27835572cfa75dbd31c5ce98f76b59d"}
api-1       | {"claimed": 50, "event": "outbox_dispatch_batch_completed", "lease_lost": 0, "level": "info", "published": 50, "retry_scheduled": 0, "role": "outbox_dispatcher", "timestamp": "2026-08-07T11:53:16.328086Z"}
api-1       | INFO:     172.18.0.1:54478 - "GET /api/v1/runs/8d86e525-6579-4320-a748-db65c2e0926b HTTP/1.1" 200 OK
api-1       | {"api_key_prefix": "evk_64f04950db0a", "duration_ms": 184.595, "event": "http_request_completed", "level": "info", "method": "GET", "outcome": "success", "path": "/api/v1/runs/8d86e525-6579-4320-a748-db65c2e0926b", "request_id": "9a4c0a12-6a42-452a-b0a2-b95a1a138d76", "status_code": 200, "tenant_id": "327d2ffb-1823-49ee-aab0-022efdfc7324", "timestamp": "2026-08-07T11:53:16.416927Z", "trace_id": "95c8d3a8f4524eaa810c90a44d92e2be"}
api-1       | {"claimed": 50, "event": "outbox_dispatch_batch_completed", "lease_lost": 0, "level": "info", "published": 50, "retry_scheduled": 0, "role": "outbox_dispatcher", "timestamp": "2026-08-07T11:53:17.069735Z"}
api-1       | INFO:     172.18.0.1:54478 - "GET /api/v1/runs/8d86e525-6579-4320-a748-db65c2e0926b HTTP/1.1" 200 OK
api-1       | {"api_key_prefix": "evk_64f04950db0a", "duration_ms": 183.19, "event": "http_request_completed", "level": "info", "method": "GET", "outcome": "success", "path": "/api/v1/runs/8d86e525-6579-4320-a748-db65c2e0926b", "request_id": "63b90aa1-f6a8-440e-8730-4604dcbf4881", "status_code": 200, "tenant_id": "327d2ffb-1823-49ee-aab0-022efdfc7324", "timestamp": "2026-08-07T11:53:17.113792Z", "trace_id": "68d7585adc6467ff787bd6dae407db69"}
api-1       | {"claimed": 50, "event": "outbox_dispatch_batch_completed", "lease_lost": 0, "level": "info", "published": 50, "retry_scheduled": 0, "role": "outbox_dispatcher", "timestamp": "2026-08-07T11:53:17.781544Z"}
api-1       | INFO:     172.18.0.1:54478 - "GET /api/v1/runs/8d86e525-6579-4320-a748-db65c2e0926b HTTP/1.1" 200 OK
api-1       | {"api_key_prefix": "evk_64f04950db0a", "duration_ms": 210.383, "event": "http_request_completed", "level": "info", "method": "GET", "outcome": "success", "path": "/api/v1/runs/8d86e525-6579-4320-a748-db65c2e0926b", "request_id": "1b63e6e2-b2b4-4a2b-979a-539bb3e428ee", "status_code": 200, "tenant_id": "327d2ffb-1823-49ee-aab0-022efdfc7324", "timestamp": "2026-08-07T11:53:17.847009Z", "trace_id": "8fd5be387a1faa345f081dedccd9f69b"}
api-1       | {"claimed": 50, "event": "outbox_dispatch_batch_completed", "lease_lost": 0, "level": "info", "published": 50, "retry_scheduled": 0, "role": "outbox_dispatcher", "timestamp": "2026-08-07T11:53:18.426586Z"}
api-1       | INFO:     172.18.0.1:54478 - "GET /api/v1/runs/8d86e525-6579-4320-a748-db65c2e0926b HTTP/1.1" 200 OK
api-1       | {"api_key_prefix": "evk_64f04950db0a", "duration_ms": 112.422, "event": "http_request_completed", "level": "info", "method": "GET", "outcome": "success", "path": "/api/v1/runs/8d86e525-6579-4320-a748-db65c2e0926b", "request_id": "78db7c52-c3e6-4f58-a68a-b8a633573f98", "status_code": 200, "tenant_id": "327d2ffb-1823-49ee-aab0-022efdfc7324", "timestamp": "2026-08-07T11:53:18.479998Z", "trace_id": "9a7255c77d1de4f4d01067c9140a14f5"}
api-1       | INFO:     172.18.0.1:54478 - "GET /api/v1/runs/8d86e525-6579-4320-a748-db65c2e0926b/cases?limit=200&sort=case_id HTTP/1.1" 200 OK
api-1       | {"api_key_prefix": "evk_64f04950db0a", "duration_ms": 65.842, "event": "http_request_completed", "level": "info", "method": "GET", "outcome": "success", "path": "/api/v1/runs/8d86e525-6579-4320-a748-db65c2e0926b/cases", "request_id": "0714bfd3-d7ed-4bfd-a36d-0a824dc35e1d", "status_code": 200, "tenant_id": "327d2ffb-1823-49ee-aab0-022efdfc7324", "timestamp": "2026-08-07T11:53:18.547419Z", "trace_id": "3e62a77a290b6678816f8fb3eb4bbda1"}
api-1       | INFO:     172.18.0.1:54478 - "GET /api/v1/runs/8d86e525-6579-4320-a748-db65c2e0926b/cases?limit=200&sort=case_id&cursor=eyJkaXJlY3Rpb24iOiJhc2MiLCJlcnJvcl9jb2RlIjpudWxsLCJqb2JfaWQiOiIxNTE0NGZkZC0yMDJhLTRjZWItYjI4OS03MmJhNDdjNDY5YmMiLCJtZXRyaWMiOm51bGwsInNvcnQiOiJjYXNlX2lkIiwic3RhdHVzIjpudWxsLCJ2IjoxLCJ2YWx1ZSI6ImxvYWQtMDE5OSJ9 HTTP/1.1" 200 OK
api-1       | {"api_key_prefix": "evk_64f04950db0a", "duration_ms": 63.869, "event": "http_request_completed", "level": "info", "method": "GET", "outcome": "success", "path": "/api/v1/runs/8d86e525-6579-4320-a748-db65c2e0926b/cases", "request_id": "29eebe9b-9f64-4fb4-8a19-81c631a5de29", "status_code": 200, "tenant_id": "327d2ffb-1823-49ee-aab0-022efdfc7324", "timestamp": "2026-08-07T11:53:18.613521Z", "trace_id": "8b742acca53a82942f360294ccf3527a"}
api-1       | INFO:     172.18.0.1:54478 - "GET /api/v1/runs/8d86e525-6579-4320-a748-db65c2e0926b/cases?limit=200&sort=case_id&cursor=eyJkaXJlY3Rpb24iOiJhc2MiLCJlcnJvcl9jb2RlIjpudWxsLCJqb2JfaWQiOiIyZDgwMTViZC05YjQzLTQ2ZTYtODM0ZC0zOWM3YzFkNjc2NDAiLCJtZXRyaWMiOm51bGwsInNvcnQiOiJjYXNlX2lkIiwic3RhdHVzIjpudWxsLCJ2IjoxLCJ2YWx1ZSI6ImxvYWQtMDM5OSJ9 HTTP/1.1" 200 OK
api-1       | {"api_key_prefix": "evk_64f04950db0a", "duration_ms": 58.084, "event": "http_request_completed", "level": "info", "method": "GET", "outcome": "success", "path": "/api/v1/runs/8d86e525-6579-4320-a748-db65c2e0926b/cases", "request_id": "ce869862-746e-4788-bbf5-69b0c148a61a", "status_code": 200, "tenant_id": "327d2ffb-1823-49ee-aab0-022efdfc7324", "timestamp": "2026-08-07T11:53:18.673867Z", "trace_id": "e76e0c50fb88bea46bd42388da534853"}
api-1       | {"claimed": 50, "event": "outbox_dispatch_batch_completed", "lease_lost": 0, "level": "info", "published": 50, "retry_scheduled": 0, "role": "outbox_dispatcher", "timestamp": "2026-08-07T11:53:19.267927Z"}
api-1       | INFO:     127.0.0.1:38606 - "GET /metrics HTTP/1.1" 200 OK
api-1       | {"duration_ms": 197.973, "event": "http_request_completed", "level": "info", "method": "GET", "outcome": "success", "path": "/metrics", "request_id": "e31d2c8a-337d-48e7-beb4-36c316d4e851", "status_code": 200, "timestamp": "2026-08-07T11:53:19.328400Z", "trace_id": "da2e990ec5398341de844f03f5a3ee5d"}
api-1       | {"event": "Context impl PostgresqlImpl.", "level": "info", "request_id": "c19459c7-b5a3-48e4-bc67-8c27f764eae1", "timestamp": "2026-08-07T11:53:19.539545Z", "trace_id": "fbb1adc94b489d390679c27ac0e186dc"}
api-1       | {"event": "Will assume transactional DDL.", "level": "info", "request_id": "c19459c7-b5a3-48e4-bc67-8c27f764eae1", "timestamp": "2026-08-07T11:53:19.539691Z", "trace_id": "fbb1adc94b489d390679c27ac0e186dc"}
api-1       | INFO:     127.0.0.1:38618 - "GET /health/ready HTTP/1.1" 200 OK
api-1       | {"duration_ms": 26.231, "event": "http_request_completed", "level": "info", "method": "GET", "outcome": "success", "path": "/health/ready", "request_id": "c19459c7-b5a3-48e4-bc67-8c27f764eae1", "status_code": 200, "timestamp": "2026-08-07T11:53:19.545781Z", "trace_id": "fbb1adc94b489d390679c27ac0e186dc"}
api-1       | {"claimed": 50, "event": "outbox_dispatch_batch_completed", "lease_lost": 0, "level": "info", "published": 50, "retry_scheduled": 0, "role": "outbox_dispatcher", "timestamp": "2026-08-07T11:53:19.950646Z"}
api-1       | {"claimed": 50, "event": "outbox_dispatch_batch_completed", "lease_lost": 0, "level": "info", "published": 50, "retry_scheduled": 0, "role": "outbox_dispatcher", "timestamp": "2026-08-07T11:53:20.630191Z"}
api-1       | {"claimed": 50, "event": "outbox_dispatch_batch_completed", "lease_lost": 0, "level": "info", "published": 50, "retry_scheduled": 0, "role": "outbox_dispatcher", "timestamp": "2026-08-07T11:53:21.368258Z"}
api-1       | {"claimed": 50, "event": "outbox_dispatch_batch_completed", "lease_lost": 0, "level": "info", "published": 50, "retry_scheduled": 0, "role": "outbox_dispatcher", "timestamp": "2026-08-07T11:53:22.012803Z"}
api-1       | {"claimed": 50, "event": "outbox_dispatch_batch_completed", "lease_lost": 0, "level": "info", "published": 50, "retry_scheduled": 0, "role": "outbox_dispatcher", "timestamp": "2026-08-07T11:53:22.696163Z"}
api-1       | {"claimed": 50, "event": "outbox_dispatch_batch_completed", "lease_lost": 0, "level": "info", "published": 50, "retry_scheduled": 0, "role": "outbox_dispatcher", "timestamp": "2026-08-07T11:53:23.382770Z"}
api-1       | INFO:     172.18.0.1:58816 - "POST /api/v1/runs HTTP/1.1" 202 Accepted
api-1       | {"api_key_prefix": "evk_64f04950db0a", "duration_ms": 87.952, "event": "http_request_completed", "level": "info", "method": "POST", "outcome": "success", "path": "/api/v1/runs", "request_id": "c129673b-a444-48bf-91c8-07545a988bd7", "status_code": 202, "tenant_id": "327d2ffb-1823-49ee-aab0-022efdfc7324", "timestamp": "2026-08-07T11:53:23.869993Z", "trace_id": "5750b12f1473dd184e9253582e9ea8ae"}
api-1       | {"claimed": 50, "event": "outbox_dispatch_batch_completed", "lease_lost": 0, "level": "info", "published": 50, "retry_scheduled": 0, "role": "outbox_dispatcher", "timestamp": "2026-08-07T11:53:24.029002Z"}
api-1       | INFO:     172.18.0.1:58816 - "GET /api/v1/runs/bc9f9220-9fc1-4eec-a700-d97ce4a99942 HTTP/1.1" 200 OK
api-1       | {"api_key_prefix": "evk_64f04950db0a", "duration_ms": 195.754, "event": "http_request_completed", "level": "info", "method": "GET", "outcome": "success", "path": "/api/v1/runs/bc9f9220-9fc1-4eec-a700-d97ce4a99942", "request_id": "3546e99a-2775-4cbc-a32c-671115e52f48", "status_code": 200, "tenant_id": "327d2ffb-1823-49ee-aab0-022efdfc7324", "timestamp": "2026-08-07T11:53:24.067167Z", "trace_id": "402219658b21e84d218031e7b77097a2"}
api-1       | {"claimed": 50, "event": "outbox_dispatch_batch_completed", "lease_lost": 0, "level": "info", "published": 50, "retry_scheduled": 0, "role": "outbox_dispatcher", "timestamp": "2026-08-07T11:53:24.967556Z"}
api-1       | INFO:     172.18.0.1:58816 - "GET /api/v1/runs/bc9f9220-9fc1-4eec-a700-d97ce4a99942 HTTP/1.1" 200 OK
api-1       | {"api_key_prefix": "evk_64f04950db0a", "duration_ms": 400.922, "event": "http_request_completed", "level": "info", "method": "GET", "outcome": "success", "path": "/api/v1/runs/bc9f9220-9fc1-4eec-a700-d97ce4a99942", "request_id": "312320fc-b517-4eb6-b9cd-ae93515717ec", "status_code": 200, "tenant_id": "327d2ffb-1823-49ee-aab0-022efdfc7324", "timestamp": "2026-08-07T11:53:25.128312Z", "trace_id": "64478865f0583e696bd56a4bfccf13e8"}
api-1       | {"event": "Context impl PostgresqlImpl.", "level": "info", "request_id": "ae590cde-990e-4f16-8494-03bb27a828e0", "timestamp": "2026-08-07T11:53:25.193613Z", "trace_id": "4b88f99841bd186562d35cc1b4a591ea"}
api-1       | {"event": "Will assume transactional DDL.", "level": "info", "request_id": "ae590cde-990e-4f16-8494-03bb27a828e0", "timestamp": "2026-08-07T11:53:25.193726Z", "trace_id": "4b88f99841bd186562d35cc1b4a591ea"}
api-1       | INFO:     127.0.0.1:52492 - "GET /health/ready HTTP/1.1" 200 OK
api-1       | {"duration_ms": 22.07, "event": "http_request_completed", "level": "info", "method": "GET", "outcome": "success", "path": "/health/ready", "request_id": "ae590cde-990e-4f16-8494-03bb27a828e0", "status_code": 200, "timestamp": "2026-08-07T11:53:25.199243Z", "trace_id": "4b88f99841bd186562d35cc1b4a591ea"}
api-1       | {"claimed": 50, "event": "outbox_dispatch_batch_completed", "lease_lost": 0, "level": "info", "published": 50, "retry_scheduled": 0, "role": "outbox_dispatcher", "timestamp": "2026-08-07T11:53:25.613474Z"}
api-1       | INFO:     172.18.0.1:58816 - "GET /api/v1/runs/bc9f9220-9fc1-4eec-a700-d97ce4a99942 HTTP/1.1" 200 OK
api-1       | {"api_key_prefix": "evk_64f04950db0a", "duration_ms": 52.628, "event": "http_request_completed", "level": "info", "method": "GET", "outcome": "success", "path": "/api/v1/runs/bc9f9220-9fc1-4eec-a700-d97ce4a99942", "request_id": "01670dda-ed13-434a-b779-7558e8c453ad", "status_code": 200, "tenant_id": "327d2ffb-1823-49ee-aab0-022efdfc7324", "timestamp": "2026-08-07T11:53:25.683672Z", "trace_id": "392d250d4e72c7d760760b435a3b0cf0"}
api-1       | INFO:     172.18.0.1:58816 - "GET /api/v1/runs/bc9f9220-9fc1-4eec-a700-d97ce4a99942/cases?limit=200&sort=case_id HTTP/1.1" 200 OK
api-1       | {"api_key_prefix": "evk_64f04950db0a", "duration_ms": 54.163, "event": "http_request_completed", "level": "info", "method": "GET", "outcome": "success", "path": "/api/v1/runs/bc9f9220-9fc1-4eec-a700-d97ce4a99942/cases", "request_id": "f6d265e5-f4a7-4991-a3b5-717c85d8b68a", "status_code": 200, "tenant_id": "327d2ffb-1823-49ee-aab0-022efdfc7324", "timestamp": "2026-08-07T11:53:25.739362Z", "trace_id": "b04e7ecf12536eda96c4ebae987481ec"}
api-1       | INFO:     127.0.0.1:52504 - "GET /metrics HTTP/1.1" 200 OK
api-1       | {"duration_ms": 20.808, "event": "http_request_completed", "level": "info", "method": "GET", "outcome": "success", "path": "/metrics", "request_id": "256f3fa0-dc6b-4d04-bbfb-2937dc2b2042", "status_code": 200, "timestamp": "2026-08-07T11:53:26.125357Z", "trace_id": "ca0e2688ee430784a2c7f5aac6935c90"}
api-1       | {"claimed": 50, "event": "outbox_dispatch_batch_completed", "lease_lost": 0, "level": "info", "published": 50, "retry_scheduled": 0, "role": "outbox_dispatcher", "timestamp": "2026-08-07T11:53:26.288466Z"}
api-1       | {"claimed": 50, "event": "outbox_dispatch_batch_completed", "lease_lost": 0, "level": "info", "published": 50, "retry_scheduled": 0, "role": "outbox_dispatcher", "timestamp": "2026-08-07T11:53:26.975655Z"}
api-1       | INFO:     172.18.0.1:58816 - "POST /api/v1/runs HTTP/1.1" 202 Accepted
api-1       | {"api_key_prefix": "evk_64f04950db0a", "duration_ms": 275.15, "event": "http_request_completed", "level": "info", "method": "POST", "outcome": "success", "path": "/api/v1/runs", "request_id": "3391e0ad-61d3-4f4f-883a-b9fef385af17", "status_code": 202, "tenant_id": "327d2ffb-1823-49ee-aab0-022efdfc7324", "timestamp": "2026-08-07T11:53:27.366447Z", "trace_id": "b1351c13975e9999196b90bb5887fcfc"}
api-1       | INFO:     172.18.0.1:58816 - "GET /api/v1/runs/026a1806-6b96-487a-9f73-aac7fde2ff47 HTTP/1.1" 200 OK
api-1       | {"api_key_prefix": "evk_64f04950db0a", "duration_ms": 55.685, "event": "http_request_completed", "level": "info", "method": "GET", "outcome": "success", "path": "/api/v1/runs/026a1806-6b96-487a-9f73-aac7fde2ff47", "request_id": "f8cd1ba0-52ae-4994-8d5f-0ed2d54822b6", "status_code": 200, "tenant_id": "327d2ffb-1823-49ee-aab0-022efdfc7324", "timestamp": "2026-08-07T11:53:27.423893Z", "trace_id": "79642725fd05101b7c64476367949324"}
api-1       | {"claimed": 8, "event": "outbox_dispatch_batch_completed", "lease_lost": 0, "level": "info", "published": 8, "retry_scheduled": 0, "role": "outbox_dispatcher", "timestamp": "2026-08-07T11:53:27.514853Z"}
api-1       | INFO:     172.18.0.1:58816 - "GET /api/v1/runs/026a1806-6b96-487a-9f73-aac7fde2ff47 HTTP/1.1" 200 OK
api-1       | {"api_key_prefix": "evk_64f04950db0a", "duration_ms": 53.034, "event": "http_request_completed", "level": "info", "method": "GET", "outcome": "success", "path": "/api/v1/runs/026a1806-6b96-487a-9f73-aac7fde2ff47", "request_id": "2e4f3cb6-f1f3-424d-9b08-51f93ad959cf", "status_code": 200, "tenant_id": "327d2ffb-1823-49ee-aab0-022efdfc7324", "timestamp": "2026-08-07T11:53:27.979558Z", "trace_id": "44c21f111b746d79cafc6eca59c2affc"}
api-1       | {"claimed": 35, "event": "outbox_dispatch_batch_completed", "lease_lost": 0, "level": "info", "published": 35, "retry_scheduled": 0, "role": "outbox_dispatcher", "timestamp": "2026-08-07T11:53:28.187699Z"}
api-1       | INFO:     172.18.0.1:58816 - "GET /api/v1/runs/026a1806-6b96-487a-9f73-aac7fde2ff47 HTTP/1.1" 200 OK
api-1       | {"api_key_prefix": "evk_64f04950db0a", "duration_ms": 57.204, "event": "http_request_completed", "level": "info", "method": "GET", "outcome": "success", "path": "/api/v1/runs/026a1806-6b96-487a-9f73-aac7fde2ff47", "request_id": "26194b96-5728-4c0a-957d-ba5af1f58267", "status_code": 200, "tenant_id": "327d2ffb-1823-49ee-aab0-022efdfc7324", "timestamp": "2026-08-07T11:53:28.539198Z", "trace_id": "b59d9155cbe3fd249deeca538cb10d8d"}
api-1       | {"claimed": 50, "event": "outbox_dispatch_batch_completed", "lease_lost": 0, "level": "info", "published": 50, "retry_scheduled": 0, "role": "outbox_dispatcher", "timestamp": "2026-08-07T11:53:28.898839Z"}
api-1       | INFO:     172.18.0.1:58816 - "GET /api/v1/runs/026a1806-6b96-487a-9f73-aac7fde2ff47 HTTP/1.1" 200 OK
api-1       | {"api_key_prefix": "evk_64f04950db0a", "duration_ms": 54.816, "event": "http_request_completed", "level": "info", "method": "GET", "outcome": "success", "path": "/api/v1/runs/026a1806-6b96-487a-9f73-aac7fde2ff47", "request_id": "f7ad1541-55f6-408e-974c-ed4e72b9d318", "status_code": 200, "tenant_id": "327d2ffb-1823-49ee-aab0-022efdfc7324", "timestamp": "2026-08-07T11:53:29.097448Z", "trace_id": "faf26916e64a636afd12110e3ff1e3d1"}
api-1       | {"claimed": 50, "event": "outbox_dispatch_batch_completed", "lease_lost": 0, "level": "info", "published": 50, "retry_scheduled": 0, "role": "outbox_dispatcher", "timestamp": "2026-08-07T11:53:29.592943Z"}
api-1       | INFO:     172.18.0.1:58816 - "GET /api/v1/runs/026a1806-6b96-487a-9f73-aac7fde2ff47 HTTP/1.1" 200 OK
api-1       | {"api_key_prefix": "evk_64f04950db0a", "duration_ms": 56.028, "event": "http_request_completed", "level": "info", "method": "GET", "outcome": "success", "path": "/api/v1/runs/026a1806-6b96-487a-9f73-aac7fde2ff47", "request_id": "eabf45f0-e738-4c63-8ad0-85d3a1982c79", "status_code": 200, "tenant_id": "327d2ffb-1823-49ee-aab0-022efdfc7324", "timestamp": "2026-08-07T11:53:29.656096Z", "trace_id": "a1c3fb0398f10098b601fbfbc358c5a5"}
api-1       | {"claimed": 50, "event": "outbox_dispatch_batch_completed", "lease_lost": 0, "level": "info", "published": 50, "retry_scheduled": 0, "role": "outbox_dispatcher", "timestamp": "2026-08-07T11:53:30.297390Z"}
api-1       | INFO:     172.18.0.1:58816 - "GET /api/v1/runs/026a1806-6b96-487a-9f73-aac7fde2ff47 HTTP/1.1" 200 OK
api-1       | {"api_key_prefix": "evk_64f04950db0a", "duration_ms": 268.609, "event": "http_request_completed", "level": "info", "method": "GET", "outcome": "success", "path": "/api/v1/runs/026a1806-6b96-487a-9f73-aac7fde2ff47", "request_id": "b338719b-8908-424b-b334-adc68dfe54b4", "status_code": 200, "tenant_id": "327d2ffb-1823-49ee-aab0-022efdfc7324", "timestamp": "2026-08-07T11:53:30.434397Z", "trace_id": "935144a8fc5d616dac1ba308d8a7c702"}
api-1       | {"event": "Context impl PostgresqlImpl.", "level": "info", "request_id": "aacaa2a4-a3c8-4c32-8dd1-847fcf255fbf", "timestamp": "2026-08-07T11:53:30.640923Z", "trace_id": "ac1df36431a5691125a78200e7313d43"}
api-1       | {"event": "Will assume transactional DDL.", "level": "info", "request_id": "aacaa2a4-a3c8-4c32-8dd1-847fcf255fbf", "timestamp": "2026-08-07T11:53:30.641093Z", "trace_id": "ac1df36431a5691125a78200e7313d43"}
api-1       | INFO:     127.0.0.1:52524 - "GET /health/ready HTTP/1.1" 200 OK
api-1       | {"duration_ms": 31.025, "event": "http_request_completed", "level": "info", "method": "GET", "outcome": "success", "path": "/health/ready", "request_id": "aacaa2a4-a3c8-4c32-8dd1-847fcf255fbf", "status_code": 200, "timestamp": "2026-08-07T11:53:30.649485Z", "trace_id": "ac1df36431a5691125a78200e7313d43"}
api-1       | {"claimed": 50, "event": "outbox_dispatch_batch_completed", "lease_lost": 0, "level": "info", "published": 50, "retry_scheduled": 0, "role": "outbox_dispatcher", "timestamp": "2026-08-07T11:53:31.006025Z"}
api-1       | INFO:     172.18.0.1:58816 - "GET /api/v1/runs/026a1806-6b96-487a-9f73-aac7fde2ff47 HTTP/1.1" 200 OK
api-1       | {"api_key_prefix": "evk_64f04950db0a", "duration_ms": 126.838, "event": "http_request_completed", "level": "info", "method": "GET", "outcome": "success", "path": "/api/v1/runs/026a1806-6b96-487a-9f73-aac7fde2ff47", "request_id": "4d26e715-25cf-494c-a708-8650f9b9072a", "status_code": 200, "tenant_id": "327d2ffb-1823-49ee-aab0-022efdfc7324", "timestamp": "2026-08-07T11:53:31.068847Z", "trace_id": "4abaa8d7c0dd5ee0cbc0bcd40e6c9971"}
api-1       | {"claimed": 50, "event": "outbox_dispatch_batch_completed", "lease_lost": 0, "level": "info", "published": 50, "retry_scheduled": 0, "role": "outbox_dispatcher", "timestamp": "2026-08-07T11:53:31.700807Z"}
api-1       | INFO:     172.18.0.1:58816 - "GET /api/v1/runs/026a1806-6b96-487a-9f73-aac7fde2ff47 HTTP/1.1" 200 OK
api-1       | {"api_key_prefix": "evk_64f04950db0a", "duration_ms": 171.803, "event": "http_request_completed", "level": "info", "method": "GET", "outcome": "success", "path": "/api/v1/runs/026a1806-6b96-487a-9f73-aac7fde2ff47", "request_id": "428da04b-0829-4729-84d2-2a4bb586ef1a", "status_code": 200, "tenant_id": "327d2ffb-1823-49ee-aab0-022efdfc7324", "timestamp": "2026-08-07T11:53:31.759297Z", "trace_id": "f9a92863ccacd3338d8041c474a50d79"}
api-1       | {"claimed": 50, "event": "outbox_dispatch_batch_completed", "lease_lost": 0, "level": "info", "published": 50, "retry_scheduled": 0, "role": "outbox_dispatcher", "timestamp": "2026-08-07T11:53:32.397212Z"}
api-1       | INFO:     172.18.0.1:58816 - "GET /api/v1/runs/026a1806-6b96-487a-9f73-aac7fde2ff47 HTTP/1.1" 200 OK
api-1       | {"api_key_prefix": "evk_64f04950db0a", "duration_ms": 196.713, "event": "http_request_completed", "level": "info", "method": "GET", "outcome": "success", "path": "/api/v1/runs/026a1806-6b96-487a-9f73-aac7fde2ff47", "request_id": "42e2c8c5-c62a-4c48-8f23-4d6c74fc3dff", "status_code": 200, "tenant_id": "327d2ffb-1823-49ee-aab0-022efdfc7324", "timestamp": "2026-08-07T11:53:32.459631Z", "trace_id": "7ead1a322a20f70ca7c381f1bca929d0"}
api-1       | {"claimed": 50, "event": "outbox_dispatch_batch_completed", "lease_lost": 0, "level": "info", "published": 50, "retry_scheduled": 0, "role": "outbox_dispatcher", "timestamp": "2026-08-07T11:53:33.167251Z"}
api-1       | INFO:     172.18.0.1:58816 - "GET /api/v1/runs/026a1806-6b96-487a-9f73-aac7fde2ff47 HTTP/1.1" 200 OK
api-1       | {"api_key_prefix": "evk_64f04950db0a", "duration_ms": 205.783, "event": "http_request_completed", "level": "info", "method": "GET", "outcome": "success", "path": "/api/v1/runs/026a1806-6b96-487a-9f73-aac7fde2ff47", "request_id": "c1a8e619-f1f0-4302-81a8-b8b3553a6d61", "status_code": 200, "tenant_id": "327d2ffb-1823-49ee-aab0-022efdfc7324", "timestamp": "2026-08-07T11:53:33.229106Z", "trace_id": "ef6861e6787a564777faf2583ab04903"}
api-1       | {"claimed": 50, "event": "outbox_dispatch_batch_completed", "lease_lost": 0, "level": "info", "published": 50, "retry_scheduled": 0, "role": "outbox_dispatcher", "timestamp": "2026-08-07T11:53:33.867419Z"}
api-1       | INFO:     172.18.0.1:58816 - "GET /api/v1/runs/026a1806-6b96-487a-9f73-aac7fde2ff47 HTTP/1.1" 200 OK
api-1       | {"api_key_prefix": "evk_64f04950db0a", "duration_ms": 191.425, "event": "http_request_completed", "level": "info", "method": "GET", "outcome": "success", "path": "/api/v1/runs/026a1806-6b96-487a-9f73-aac7fde2ff47", "request_id": "1f4f4594-e22e-43dd-846f-49651b147f98", "status_code": 200, "tenant_id": "327d2ffb-1823-49ee-aab0-022efdfc7324", "timestamp": "2026-08-07T11:53:33.929782Z", "trace_id": "ca311ea0d17a5743f5ee7a57c968777c"}
api-1       | {"claimed": 50, "event": "outbox_dispatch_batch_completed", "lease_lost": 0, "level": "info", "published": 50, "retry_scheduled": 0, "role": "outbox_dispatcher", "timestamp": "2026-08-07T11:53:34.596885Z"}
api-1       | INFO:     172.18.0.1:58816 - "GET /api/v1/runs/026a1806-6b96-487a-9f73-aac7fde2ff47 HTTP/1.1" 200 OK
api-1       | {"api_key_prefix": "evk_64f04950db0a", "duration_ms": 215.668, "event": "http_request_completed", "level": "info", "method": "GET", "outcome": "success", "path": "/api/v1/runs/026a1806-6b96-487a-9f73-aac7fde2ff47", "request_id": "7efd3273-42e3-4192-830c-12e5996caa48", "status_code": 200, "tenant_id": "327d2ffb-1823-49ee-aab0-022efdfc7324", "timestamp": "2026-08-07T11:53:34.651127Z", "trace_id": "1c68030fe946089623a5291e858533bb"}
api-1       | {"claimed": 50, "event": "outbox_dispatch_batch_completed", "lease_lost": 0, "level": "info", "published": 50, "retry_scheduled": 0, "role": "outbox_dispatcher", "timestamp": "2026-08-07T11:53:35.295737Z"}
api-1       | INFO:     172.18.0.1:58816 - "GET /api/v1/runs/026a1806-6b96-487a-9f73-aac7fde2ff47 HTTP/1.1" 200 OK
api-1       | {"api_key_prefix": "evk_64f04950db0a", "duration_ms": 192.842, "event": "http_request_completed", "level": "info", "method": "GET", "outcome": "success", "path": "/api/v1/runs/026a1806-6b96-487a-9f73-aac7fde2ff47", "request_id": "1c2dadd9-5510-44a7-9588-f882ad0fe95b", "status_code": 200, "tenant_id": "327d2ffb-1823-49ee-aab0-022efdfc7324", "timestamp": "2026-08-07T11:53:35.350957Z", "trace_id": "8833e78e6e3ecb8be5afd75be7431f4b"}
api-1       | {"event": "Context impl PostgresqlImpl.", "level": "info", "request_id": "96ea7a0a-e0fc-4cd9-9bca-805f60d1b67e", "timestamp": "2026-08-07T11:53:36.167002Z", "trace_id": "a0448cd48ec80ea990722e65733e8c36"}
api-1       | {"event": "Will assume transactional DDL.", "level": "info", "request_id": "96ea7a0a-e0fc-4cd9-9bca-805f60d1b67e", "timestamp": "2026-08-07T11:53:36.167220Z", "trace_id": "a0448cd48ec80ea990722e65733e8c36"}
api-1       | {"claimed": 50, "event": "outbox_dispatch_batch_completed", "lease_lost": 0, "level": "info", "published": 50, "retry_scheduled": 0, "role": "outbox_dispatcher", "timestamp": "2026-08-07T11:53:36.175889Z"}
api-1       | INFO:     127.0.0.1:44492 - "GET /health/ready HTTP/1.1" 200 OK
api-1       | {"duration_ms": 46.463, "event": "http_request_completed", "level": "info", "method": "GET", "outcome": "success", "path": "/health/ready", "request_id": "96ea7a0a-e0fc-4cd9-9bca-805f60d1b67e", "status_code": 200, "timestamp": "2026-08-07T11:53:36.180880Z", "trace_id": "a0448cd48ec80ea990722e65733e8c36"}
api-1       | INFO:     172.18.0.1:58816 - "GET /api/v1/runs/026a1806-6b96-487a-9f73-aac7fde2ff47 HTTP/1.1" 200 OK
api-1       | {"api_key_prefix": "evk_64f04950db0a", "duration_ms": 320.398, "event": "http_request_completed", "level": "info", "method": "GET", "outcome": "success", "path": "/api/v1/runs/026a1806-6b96-487a-9f73-aac7fde2ff47", "request_id": "80c5642a-32dc-48a7-9720-2040bcd50d60", "status_code": 200, "tenant_id": "327d2ffb-1823-49ee-aab0-022efdfc7324", "timestamp": "2026-08-07T11:53:36.248089Z", "trace_id": "f98a2e0542c74813e3afa6d70a9411a3"}
api-1       | {"claimed": 50, "event": "outbox_dispatch_batch_completed", "lease_lost": 0, "level": "info", "published": 50, "retry_scheduled": 0, "role": "outbox_dispatcher", "timestamp": "2026-08-07T11:53:36.876027Z"}
api-1       | INFO:     172.18.0.1:58816 - "GET /api/v1/runs/026a1806-6b96-487a-9f73-aac7fde2ff47 HTTP/1.1" 200 OK
api-1       | {"api_key_prefix": "evk_64f04950db0a", "duration_ms": 161.786, "event": "http_request_completed", "level": "info", "method": "GET", "outcome": "success", "path": "/api/v1/runs/026a1806-6b96-487a-9f73-aac7fde2ff47", "request_id": "b0473c03-b6a9-4eb7-92b4-4870c3103a43", "status_code": 200, "tenant_id": "327d2ffb-1823-49ee-aab0-022efdfc7324", "timestamp": "2026-08-07T11:53:36.930261Z", "trace_id": "0c42484f1d2989ed57217bb3345790a2"}
api-1       | {"claimed": 50, "event": "outbox_dispatch_batch_completed", "lease_lost": 0, "level": "info", "published": 50, "retry_scheduled": 0, "role": "outbox_dispatcher", "timestamp": "2026-08-07T11:53:37.590740Z"}
api-1       | INFO:     172.18.0.1:58816 - "GET /api/v1/runs/026a1806-6b96-487a-9f73-aac7fde2ff47 HTTP/1.1" 200 OK
api-1       | {"api_key_prefix": "evk_64f04950db0a", "duration_ms": 199.334, "event": "http_request_completed", "level": "info", "method": "GET", "outcome": "success", "path": "/api/v1/runs/026a1806-6b96-487a-9f73-aac7fde2ff47", "request_id": "cb881329-6339-402a-b04f-fd4c22629c0d", "status_code": 200, "tenant_id": "327d2ffb-1823-49ee-aab0-022efdfc7324", "timestamp": "2026-08-07T11:53:37.652737Z", "trace_id": "532653110d48793b1bc16c997d503430"}
api-1       | {"claimed": 50, "event": "outbox_dispatch_batch_completed", "lease_lost": 0, "level": "info", "published": 50, "retry_scheduled": 0, "role": "outbox_dispatcher", "timestamp": "2026-08-07T11:53:38.301016Z"}
api-1       | INFO:     172.18.0.1:58816 - "GET /api/v1/runs/026a1806-6b96-487a-9f73-aac7fde2ff47 HTTP/1.1" 200 OK
api-1       | {"api_key_prefix": "evk_64f04950db0a", "duration_ms": 201.404, "event": "http_request_completed", "level": "info", "method": "GET", "outcome": "success", "path": "/api/v1/runs/026a1806-6b96-487a-9f73-aac7fde2ff47", "request_id": "4c5711d5-f4d3-40eb-b5f6-05c579eb2777", "status_code": 200, "tenant_id": "327d2ffb-1823-49ee-aab0-022efdfc7324", "timestamp": "2026-08-07T11:53:38.360108Z", "trace_id": "78c2efe81304537e4c2e3f1e7522fce8"}
api-1       | {"claimed": 50, "event": "outbox_dispatch_batch_completed", "lease_lost": 0, "level": "info", "published": 50, "retry_scheduled": 0, "role": "outbox_dispatcher", "timestamp": "2026-08-07T11:53:38.964138Z"}
api-1       | INFO:     172.18.0.1:58816 - "GET /api/v1/runs/026a1806-6b96-487a-9f73-aac7fde2ff47 HTTP/1.1" 200 OK
api-1       | {"api_key_prefix": "evk_64f04950db0a", "duration_ms": 132.233, "event": "http_request_completed", "level": "info", "method": "GET", "outcome": "success", "path": "/api/v1/runs/026a1806-6b96-487a-9f73-aac7fde2ff47", "request_id": "11fc3943-fa09-4fcc-9316-a296ca7742ae", "status_code": 200, "tenant_id": "327d2ffb-1823-49ee-aab0-022efdfc7324", "timestamp": "2026-08-07T11:53:39.016171Z", "trace_id": "5072df5178972ba89be9275e7be2502d"}
api-1       | INFO:     172.18.0.1:58816 - "GET /api/v1/runs/026a1806-6b96-487a-9f73-aac7fde2ff47/cases?limit=200&sort=case_id HTTP/1.1" 200 OK
api-1       | {"api_key_prefix": "evk_64f04950db0a", "duration_ms": 114.293, "event": "http_request_completed", "level": "info", "method": "GET", "outcome": "success", "path": "/api/v1/runs/026a1806-6b96-487a-9f73-aac7fde2ff47/cases", "request_id": "14a57144-adcc-434c-ba12-093fbaca797e", "status_code": 200, "tenant_id": "327d2ffb-1823-49ee-aab0-022efdfc7324", "timestamp": "2026-08-07T11:53:39.132142Z", "trace_id": "2456810dce8dbd2d641c153380931023"}
api-1       | INFO:     172.18.0.1:58816 - "GET /api/v1/runs/026a1806-6b96-487a-9f73-aac7fde2ff47/cases?limit=200&sort=case_id&cursor=eyJkaXJlY3Rpb24iOiJhc2MiLCJlcnJvcl9jb2RlIjpudWxsLCJqb2JfaWQiOiI0NzE5NjJlYy1lZjdiLTQyZjMtYjUyOC0wOTkzOTcxMTRjNTkiLCJtZXRyaWMiOm51bGwsInNvcnQiOiJjYXNlX2lkIiwic3RhdHVzIjpudWxsLCJ2IjoxLCJ2YWx1ZSI6ImxvYWQtMDE5OSJ9 HTTP/1.1" 200 OK
api-1       | {"api_key_prefix": "evk_64f04950db0a", "duration_ms": 64.771, "event": "http_request_completed", "level": "info", "method": "GET", "outcome": "success", "path": "/api/v1/runs/026a1806-6b96-487a-9f73-aac7fde2ff47/cases", "request_id": "6ec1a77b-37cd-42e4-815c-3623ded0591e", "status_code": 200, "tenant_id": "327d2ffb-1823-49ee-aab0-022efdfc7324", "timestamp": "2026-08-07T11:53:39.199477Z", "trace_id": "c58307eb44a2354c85b2d2bfa195374d"}
api-1       | INFO:     172.18.0.1:58816 - "GET /api/v1/runs/026a1806-6b96-487a-9f73-aac7fde2ff47/cases?limit=200&sort=case_id&cursor=eyJkaXJlY3Rpb24iOiJhc2MiLCJlcnJvcl9jb2RlIjpudWxsLCJqb2JfaWQiOiJhMThjZDZiZS03YjUyLTRmZmItOTRiYi1jOGNiNmI1ZDI3MGYiLCJtZXRyaWMiOm51bGwsInNvcnQiOiJjYXNlX2lkIiwic3RhdHVzIjpudWxsLCJ2IjoxLCJ2YWx1ZSI6ImxvYWQtMDM5OSJ9 HTTP/1.1" 200 OK
api-1       | {"api_key_prefix": "evk_64f04950db0a", "duration_ms": 59.014, "event": "http_request_completed", "level": "info", "method": "GET", "outcome": "success", "path": "/api/v1/runs/026a1806-6b96-487a-9f73-aac7fde2ff47/cases", "request_id": "62d6e7f4-9a4c-44be-bf3e-10abac6f19c0", "status_code": 200, "tenant_id": "327d2ffb-1823-49ee-aab0-022efdfc7324", "timestamp": "2026-08-07T11:53:39.260859Z", "trace_id": "ab03d2e4477fe258c898cf4cdeb8d2bc"}
api-1       | {"claimed": 50, "event": "outbox_dispatch_batch_completed", "lease_lost": 0, "level": "info", "published": 50, "retry_scheduled": 0, "role": "outbox_dispatcher", "timestamp": "2026-08-07T11:53:39.763083Z"}
api-1       | INFO:     127.0.0.1:44506 - "GET /metrics HTTP/1.1" 200 OK
api-1       | {"duration_ms": 18.613, "event": "http_request_completed", "level": "info", "method": "GET", "outcome": "success", "path": "/metrics", "request_id": "5307db33-a9e5-4859-a7db-ce93c8b943c2", "status_code": 200, "timestamp": "2026-08-07T11:53:39.798640Z", "trace_id": "e89ef9e504e55f18c2286c689359eefd"}
api-1       | {"claimed": 50, "event": "outbox_dispatch_batch_completed", "lease_lost": 0, "level": "info", "published": 50, "retry_scheduled": 0, "role": "outbox_dispatcher", "timestamp": "2026-08-07T11:53:40.463665Z"}
api-1       | {"claimed": 50, "event": "outbox_dispatch_batch_completed", "lease_lost": 0, "level": "info", "published": 50, "retry_scheduled": 0, "role": "outbox_dispatcher", "timestamp": "2026-08-07T11:53:41.165280Z"}
api-1       | {"event": "Context impl PostgresqlImpl.", "level": "info", "request_id": "b0c59927-5236-4464-ac42-687df8ee021b", "timestamp": "2026-08-07T11:53:41.467882Z", "trace_id": "a711e2caef1ac59390249e6fdc40f639"}
api-1       | {"event": "Will assume transactional DDL.", "level": "info", "request_id": "b0c59927-5236-4464-ac42-687df8ee021b", "timestamp": "2026-08-07T11:53:41.467986Z", "trace_id": "a711e2caef1ac59390249e6fdc40f639"}
api-1       | INFO:     127.0.0.1:44524 - "GET /health/ready HTTP/1.1" 200 OK
api-1       | {"duration_ms": 20.407, "event": "http_request_completed", "level": "info", "method": "GET", "outcome": "success", "path": "/health/ready", "request_id": "b0c59927-5236-4464-ac42-687df8ee021b", "status_code": 200, "timestamp": "2026-08-07T11:53:41.473884Z", "trace_id": "a711e2caef1ac59390249e6fdc40f639"}
api-1       | {"claimed": 50, "event": "outbox_dispatch_batch_completed", "lease_lost": 0, "level": "info", "published": 50, "retry_scheduled": 0, "role": "outbox_dispatcher", "timestamp": "2026-08-07T11:53:41.807491Z"}
api-1       | {"claimed": 13, "event": "outbox_dispatch_batch_completed", "lease_lost": 0, "level": "info", "published": 13, "retry_scheduled": 0, "role": "outbox_dispatcher", "timestamp": "2026-08-07T11:53:42.419319Z"}
