worker-1  | {"event": "worker_started", "level": "info", "role": "worker", "timestamp": "2026-08-08T08:08:28.676355Z", "worker_id": "489ea78b44a4:1:d0dd4a72"}
worker-1  | {"event": "worker_started", "level": "info", "role": "worker", "timestamp": "2026-08-08T08:08:36.530371Z", "worker_id": "489ea78b44a4:1:d41b73bb"}
worker-1  | {"event": "worker_stopped", "level": "info", "role": "worker", "timestamp": "2026-08-08T08:09:10.566972Z", "worker_id": "489ea78b44a4:1:d41b73bb"}
worker-1  | {"event": "worker_started", "level": "info", "role": "worker", "timestamp": "2026-08-08T08:09:14.866365Z", "worker_id": "489ea78b44a4:1:8eec970e"}
worker-1  | {"event": "worker_stopped", "level": "info", "role": "worker", "timestamp": "2026-08-08T08:09:37.894069Z", "worker_id": "489ea78b44a4:1:8eec970e"}
worker-1  | {"event": "worker_started", "level": "info", "role": "worker", "timestamp": "2026-08-08T08:09:39.228882Z", "worker_id": "489ea78b44a4:1:65d0d3ed"}
worker-1  | {"event": "worker_started", "level": "info", "role": "worker", "timestamp": "2026-08-08T08:09:43.987439Z", "worker_id": "489ea78b44a4:1:4d2bb4d4"}
worker-1  | {"event": "worker_stopped", "level": "info", "role": "worker", "timestamp": "2026-08-08T08:10:23.030282Z", "worker_id": "489ea78b44a4:1:4d2bb4d4"}
worker-1  | {"event": "worker_started", "level": "info", "role": "worker", "timestamp": "2026-08-08T08:10:27.268487Z", "worker_id": "489ea78b44a4:1:db96b16e"}
worker-1  | {"event": "worker_stopped", "level": "info", "role": "worker", "timestamp": "2026-08-08T08:10:49.793480Z", "worker_id": "489ea78b44a4:1:db96b16e"}
worker-1  | {"event": "worker_started", "level": "info", "role": "worker", "timestamp": "2026-08-08T08:10:51.106248Z", "worker_id": "489ea78b44a4:1:c485fec9"}
worker-1  | {"event": "worker_started", "level": "info", "role": "worker", "timestamp": "2026-08-08T08:10:55.849244Z", "worker_id": "489ea78b44a4:1:26580b99"}
worker-1  | {"event": "worker_stopped", "level": "info", "role": "worker", "timestamp": "2026-08-08T08:11:30.887210Z", "worker_id": "489ea78b44a4:1:26580b99"}
worker-1  | {"event": "worker_started", "level": "info", "role": "worker", "timestamp": "2026-08-08T08:11:35.353659Z", "worker_id": "489ea78b44a4:1:d7896dc3"}
worker-1  | {"event": "worker_stopped", "level": "info", "role": "worker", "timestamp": "2026-08-08T08:11:58.378284Z", "worker_id": "489ea78b44a4:1:d7896dc3"}
worker-1  | {"event": "worker_started", "level": "info", "role": "worker", "timestamp": "2026-08-08T08:11:59.696675Z", "worker_id": "489ea78b44a4:1:a59ece4e"}
reaper-1  | {"event": "reaper_started", "level": "info", "reaper_id": "0491e9f978bd:1:62364754", "role": "reaper", "timestamp": "2026-08-08T08:08:28.578054Z"}
reaper-1  | {"count": 1, "event": "reaper_batch_completed", "level": "info", "reaper_id": "0491e9f978bd:1:62364754", "role": "reaper", "timestamp": "2026-08-08T08:09:03.687473Z"}
reaper-1  | {"event": "reaper_stopped", "level": "info", "reaper_id": "0491e9f978bd:1:62364754", "role": "reaper", "timestamp": "2026-08-08T08:09:10.623620Z"}
reaper-1  | {"event": "reaper_started", "level": "info", "reaper_id": "0491e9f978bd:1:5e9e3bcf", "role": "reaper", "timestamp": "2026-08-08T08:09:14.989686Z"}
reaper-1  | {"error_type": "OperationalError", "event": "reaper_iteration_failed", "level": "error", "reaper_id": "0491e9f978bd:1:5e9e3bcf", "role": "reaper", "timestamp": "2026-08-08T08:09:25.075250Z"}
reaper-1  | {"attempt": 1, "delay_seconds": 0.5950518724731628, "event": "reaper_database_reconnect_scheduled", "level": "warning", "reaper_id": "0491e9f978bd:1:5e9e3bcf", "role": "reaper", "timestamp": "2026-08-08T08:09:25.075481Z"}
reaper-1  | {"count": 1, "event": "reaper_batch_completed", "level": "info", "reaper_id": "0491e9f978bd:1:5e9e3bcf", "role": "reaper", "timestamp": "2026-08-08T08:10:15.789750Z"}
reaper-1  | {"event": "reaper_stopped", "level": "info", "reaper_id": "0491e9f978bd:1:5e9e3bcf", "role": "reaper", "timestamp": "2026-08-08T08:10:22.562366Z"}
reaper-1  | {"event": "reaper_started", "level": "info", "reaper_id": "0491e9f978bd:1:736bfabe", "role": "reaper", "timestamp": "2026-08-08T08:10:27.278981Z"}
reaper-1  | {"error_type": "OperationalError", "event": "reaper_iteration_failed", "level": "error", "reaper_id": "0491e9f978bd:1:736bfabe", "role": "reaper", "timestamp": "2026-08-08T08:10:37.333662Z"}
reaper-1  | {"attempt": 1, "delay_seconds": 0.47495645335817693, "event": "reaper_database_reconnect_scheduled", "level": "warning", "reaper_id": "0491e9f978bd:1:736bfabe", "role": "reaper", "timestamp": "2026-08-08T08:10:37.333844Z"}
reaper-1  | {"error_type": "OperationalError", "event": "reaper_iteration_failed", "level": "error", "reaper_id": "0491e9f978bd:1:736bfabe", "role": "reaper", "timestamp": "2026-08-08T08:10:37.814620Z"}
reaper-1  | {"attempt": 2, "delay_seconds": 0.9470159484053994, "event": "reaper_database_reconnect_scheduled", "level": "warning", "reaper_id": "0491e9f978bd:1:736bfabe", "role": "reaper", "timestamp": "2026-08-08T08:10:37.814835Z"}
reaper-1  | {"count": 1, "event": "reaper_batch_completed", "level": "info", "reaper_id": "0491e9f978bd:1:736bfabe", "role": "reaper", "timestamp": "2026-08-08T08:11:23.869757Z"}
reaper-1  | {"event": "reaper_stopped", "level": "info", "reaper_id": "0491e9f978bd:1:736bfabe", "role": "reaper", "timestamp": "2026-08-08T08:11:30.848062Z"}
reaper-1  | {"event": "reaper_started", "level": "info", "reaper_id": "0491e9f978bd:1:79ea4a35", "role": "reaper", "timestamp": "2026-08-08T08:11:35.333918Z"}
reaper-1  | {"error_type": "OperationalError", "event": "reaper_iteration_failed", "level": "error", "reaper_id": "0491e9f978bd:1:79ea4a35", "role": "reaper", "timestamp": "2026-08-08T08:11:45.401784Z"}
reaper-1  | {"attempt": 1, "delay_seconds": 0.504905174885127, "event": "reaper_database_reconnect_scheduled", "level": "warning", "reaper_id": "0491e9f978bd:1:79ea4a35", "role": "reaper", "timestamp": "2026-08-08T08:11:45.401979Z"}
reaper-1  | {"error_type": "OperationalError", "event": "reaper_iteration_failed", "level": "error", "reaper_id": "0491e9f978bd:1:79ea4a35", "role": "reaper", "timestamp": "2026-08-08T08:11:45.912508Z"}
reaper-1  | {"attempt": 2, "delay_seconds": 1.0671329304111423, "event": "reaper_database_reconnect_scheduled", "level": "warning", "reaper_id": "0491e9f978bd:1:79ea4a35", "role": "reaper", "timestamp": "2026-08-08T08:11:45.912715Z"}
migrate-1  | INFO  [alembic.runtime.migration] Context impl PostgresqlImpl.
migrate-1  | INFO  [alembic.runtime.migration] Will assume transactional DDL.
migrate-1  | INFO  [alembic.runtime.migration] Context impl PostgresqlImpl.
migrate-1  | INFO  [alembic.runtime.migration] Will assume transactional DDL.
migrate-1  | INFO  [alembic.runtime.migration] Context impl PostgresqlImpl.
migrate-1  | INFO  [alembic.runtime.migration] Will assume transactional DDL.
migrate-1  | INFO  [alembic.runtime.migration] Context impl PostgresqlImpl.
migrate-1  | INFO  [alembic.runtime.migration] Will assume transactional DDL.
migrate-1  | INFO  [alembic.runtime.migration] Context impl PostgresqlImpl.
migrate-1  | INFO  [alembic.runtime.migration] Will assume transactional DDL.
migrate-1  | INFO  [alembic.runtime.migration] Context impl PostgresqlImpl.
postgres-1  | chmod: /var/run/postgresql: Operation not permitted
postgres-1  | The files belonging to this database system will be owned by user "postgres".
postgres-1  | This user must also own the server process.
postgres-1  | 
postgres-1  | The database cluster will be initialized with locale "en_US.utf8".
postgres-1  | The default database encoding has accordingly been set to "UTF8".
postgres-1  | The default text search configuration will be set to "english".
postgres-1  | 
postgres-1  | Data page checksums are enabled.
postgres-1  | 
postgres-1  | fixing permissions on existing directory /var/lib/postgresql/18/docker ... ok
postgres-1  | creating subdirectories ... ok
postgres-1  | selecting dynamic shared memory implementation ... posix
postgres-1  | selecting default "max_connections" ... 100
postgres-1  | selecting default "shared_buffers" ... 128MB
postgres-1  | selecting default time zone ... UTC
postgres-1  | creating configuration files ... ok
postgres-1  | running bootstrap script ... ok
postgres-1  | sh: locale: not found
postgres-1  | 2026-08-08 08:08:20.541 UTC [24] WARNING:  no usable system locales were found
postgres-1  | performing post-bootstrap initialization ... ok
postgres-1  | initdb: warning: enabling "trust" authentication for local connections
postgres-1  | initdb: hint: You can change this by editing pg_hba.conf or using the option -A, or --auth-local and --auth-host, the next time you run initdb.
postgres-1  | syncing data to disk ... ok
postgres-1  | 
postgres-1  | 
postgres-1  | Success. You can now start the database server using:
postgres-1  | 
postgres-1  |     pg_ctl -D /var/lib/postgresql/18/docker -l logfile start
postgres-1  | 
postgres-1  | waiting for server to start....2026-08-08 08:08:21.372 UTC [30] LOG:  starting PostgreSQL 18.4 on x86_64-pc-linux-musl, compiled by gcc (Alpine 15.2.0) 15.2.0, 64-bit
postgres-1  | 2026-08-08 08:08:21.372 UTC [30] LOG:  listening on Unix socket "/var/run/postgresql/.s.PGSQL.5432"
postgres-1  | 2026-08-08 08:08:21.375 UTC [36] LOG:  database system was shut down at 2026-08-08 08:08:20 UTC
postgres-1  | 2026-08-08 08:08:21.377 UTC [30] LOG:  database system is ready to accept connections
postgres-1  |  done
postgres-1  | server started
postgres-1  | CREATE DATABASE
postgres-1  | 
postgres-1  | 
postgres-1  | /usr/local/bin/docker-entrypoint.sh: ignoring /docker-entrypoint-initdb.d/*
postgres-1  | 
postgres-1  | waiting for server to shut down....2026-08-08 08:08:21.527 UTC [30] LOG:  received fast shutdown request
postgres-1  | 2026-08-08 08:08:21.528 UTC [30] LOG:  aborting any active transactions
postgres-1  | 2026-08-08 08:08:21.530 UTC [30] LOG:  background worker "logical replication launcher" (PID 39) exited with exit code 1
postgres-1  | 2026-08-08 08:08:21.532 UTC [34] LOG:  shutting down
postgres-1  | 2026-08-08 08:08:21.532 UTC [34] LOG:  checkpoint starting: shutdown immediate
postgres-1  | 2026-08-08 08:08:21.636 UTC [34] LOG:  checkpoint complete: wrote 943 buffers (5.8%), wrote 3 SLRU buffers; 0 WAL file(s) added, 0 removed, 0 recycled; write=0.072 s, sync=0.031 s, total=0.105 s; sync files=303, longest=0.013 s, average=0.001 s; distance=4362 kB, estimate=4362 kB; lsn=0/1BA6820, redo lsn=0/1BA6820
postgres-1  | 2026-08-08 08:08:21.646 UTC [30] LOG:  database system is shut down
postgres-1  |  done
postgres-1  | server stopped
postgres-1  | 
postgres-1  | PostgreSQL init process complete; ready for start up.
postgres-1  | 
postgres-1  | 2026-08-08 08:08:21.747 UTC [1] LOG:  starting PostgreSQL 18.4 on x86_64-pc-linux-musl, compiled by gcc (Alpine 15.2.0) 15.2.0, 64-bit
postgres-1  | 2026-08-08 08:08:21.747 UTC [1] LOG:  listening on IPv4 address "0.0.0.0", port 5432
postgres-1  | 2026-08-08 08:08:21.747 UTC [1] LOG:  listening on IPv6 address "::", port 5432
postgres-1  | 2026-08-08 08:08:21.748 UTC [1] LOG:  listening on Unix socket "/var/run/postgresql/.s.PGSQL.5432"
postgres-1  | 2026-08-08 08:08:21.751 UTC [52] LOG:  database system was shut down at 2026-08-08 08:08:21 UTC
postgres-1  | 2026-08-08 08:08:21.754 UTC [1] LOG:  database system is ready to accept connections
postgres-1  | 2026-08-08 08:09:22.190 UTC [1] LOG:  received fast shutdown request
postgres-1  | 2026-08-08 08:09:22.190 UTC [1] LOG:  aborting any active transactions
postgres-1  | 2026-08-08 08:09:22.190 UTC [171] FATAL:  terminating connection due to administrator command
postgres-1  | 2026-08-08 08:09:22.190 UTC [169] FATAL:  terminating connection due to administrator command
postgres-1  | 2026-08-08 08:09:22.190 UTC [204] FATAL:  terminating connection due to administrator command
postgres-1  | 2026-08-08 08:09:22.190 UTC [203] FATAL:  terminating connection due to administrator command
postgres-1  | 2026-08-08 08:09:22.191 UTC [199] FATAL:  terminating connection due to administrator command
postgres-1  | 2026-08-08 08:09:22.193 UTC [202] FATAL:  terminating connection due to administrator command
postgres-1  | 2026-08-08 08:09:22.196 UTC [67] FATAL:  terminating connection due to administrator command
postgres-1  | 2026-08-08 08:09:22.198 UTC [1] LOG:  background worker "logical replication launcher" (PID 55) exited with exit code 1
postgres-1  | 2026-08-08 08:09:22.200 UTC [50] LOG:  shutting down
postgres-1  | 2026-08-08 08:09:22.200 UTC [50] LOG:  checkpoint starting: shutdown immediate
postgres-1  | 2026-08-08 08:09:22.222 UTC [50] LOG:  checkpoint complete: wrote 325 buffers (2.0%), wrote 3 SLRU buffers; 0 WAL file(s) added, 0 removed, 0 recycled; write=0.009 s, sync=0.011 s, total=0.022 s; sync files=168, longest=0.002 s, average=0.001 s; distance=2112 kB, estimate=2112 kB; lsn=0/1DB6A40, redo lsn=0/1DB6A40
postgres-1  | 2026-08-08 08:09:22.230 UTC [1] LOG:  database system is shut down
postgres-1  | chmod: /var/run/postgresql: Operation not permitted
postgres-1  | 
postgres-1  | PostgreSQL Database directory appears to contain a database; Skipping initialization
postgres-1  | 
postgres-1  | 2026-08-08 08:09:25.525 UTC [1] LOG:  starting PostgreSQL 18.4 on x86_64-pc-linux-musl, compiled by gcc (Alpine 15.2.0) 15.2.0, 64-bit
postgres-1  | 2026-08-08 08:09:25.525 UTC [1] LOG:  listening on IPv4 address "0.0.0.0", port 5432
postgres-1  | 2026-08-08 08:09:25.525 UTC [1] LOG:  listening on IPv6 address "::", port 5432
postgres-1  | 2026-08-08 08:09:25.525 UTC [1] LOG:  listening on Unix socket "/var/run/postgresql/.s.PGSQL.5432"
postgres-1  | 2026-08-08 08:09:25.528 UTC [19] LOG:  database system was shut down at 2026-08-08 08:09:22 UTC
postgres-1  | 2026-08-08 08:09:25.611 UTC [1] LOG:  database system is ready to accept connections
postgres-1  | 2026-08-08 08:09:39.592 UTC [48] ERROR:  duplicate key value violates unique constraint "uq_evaluation_runs_tenant_id_idempotency_key"
postgres-1  | 2026-08-08 08:09:39.592 UTC [48] DETAIL:  Key (tenant_id, idempotency_key)=(af38dd83-ad35-4947-b935-ca7cc6357e17, fault-i-1-43386ebb87684f5a9ae74c03d718f17d) already exists.
postgres-1  | 2026-08-08 08:09:39.592 UTC [48] STATEMENT:  INSERT INTO evaluation_runs (id, tenant_id, dataset_version_id, dataset_hash, idempotency_key, request_hash, target_type, target_config_json, target_config_hash, evaluator_type, evaluator_config_json, evaluator_config_hash, target_version, evaluator_version, source_commit, origin_traceparent, status, total_jobs, succeeded_jobs, failed_jobs, cancelled_jobs, created_by, started_at, finished_at, cancel_requested_at, version) VALUES ($1::UUID, $2::UUID, $3::UUID, $4::VARCHAR, $5::VARCHAR, $6::VARCHAR, $7::VARCHAR, $8::JSONB, $9::VARCHAR, $10::VARCHAR, $11::JSONB, $12::VARCHAR, $13::VARCHAR, $14::VARCHAR, $15::VARCHAR, $16::VARCHAR, $17, $18::INTEGER, $19::INTEGER, $20::INTEGER, $21::INTEGER, $22::UUID, $23::TIMESTAMP WITH TIME ZONE, $24::TIMESTAMP WITH TIME ZONE, $25::TIMESTAMP WITH TIME ZONE, $26::INTEGER) RETURNING evaluation_runs.created_at
postgres-1  | 2026-08-08 08:09:39.600 UTC [57] ERROR:  duplicate key value violates unique constraint "uq_evaluation_runs_tenant_id_idempotency_key"
postgres-1  | 2026-08-08 08:09:39.600 UTC [57] DETAIL:  Key (tenant_id, idempotency_key)=(af38dd83-ad35-4947-b935-ca7cc6357e17, fault-i-1-43386ebb87684f5a9ae74c03d718f17d) already exists.
postgres-1  | 2026-08-08 08:09:39.600 UTC [57] STATEMENT:  INSERT INTO evaluation_runs (id, tenant_id, dataset_version_id, dataset_hash, idempotency_key, request_hash, target_type, target_config_json, target_config_hash, evaluator_type, evaluator_config_json, evaluator_config_hash, target_version, evaluator_version, source_commit, origin_traceparent, status, total_jobs, succeeded_jobs, failed_jobs, cancelled_jobs, created_by, started_at, finished_at, cancel_requested_at, version) VALUES ($1::UUID, $2::UUID, $3::UUID, $4::VARCHAR, $5::VARCHAR, $6::VARCHAR, $7::VARCHAR, $8::JSONB, $9::VARCHAR, $10::VARCHAR, $11::JSONB, $12::VARCHAR, $13::VARCHAR, $14::VARCHAR, $15::VARCHAR, $16::VARCHAR, $17, $18::INTEGER, $19::INTEGER, $20::INTEGER, $21::INTEGER, $22::UUID, $23::TIMESTAMP WITH TIME ZONE, $24::TIMESTAMP WITH TIME ZONE, $25::TIMESTAMP WITH TIME ZONE, $26::INTEGER) RETURNING evaluation_runs.created_at
postgres-1  | 2026-08-08 08:09:39.608 UTC [58] ERROR:  duplicate key value violates unique constraint "uq_evaluation_runs_tenant_id_idempotency_key"
postgres-1  | 2026-08-08 08:09:39.608 UTC [58] DETAIL:  Key (tenant_id, idempotency_key)=(af38dd83-ad35-4947-b935-ca7cc6357e17, fault-i-1-43386ebb87684f5a9ae74c03d718f17d) already exists.
postgres-1  | 2026-08-08 08:09:39.608 UTC [58] STATEMENT:  INSERT INTO evaluation_runs (id, tenant_id, dataset_version_id, dataset_hash, idempotency_key, request_hash, target_type, target_config_json, target_config_hash, evaluator_type, evaluator_config_json, evaluator_config_hash, target_version, evaluator_version, source_commit, origin_traceparent, status, total_jobs, succeeded_jobs, failed_jobs, cancelled_jobs, created_by, started_at, finished_at, cancel_requested_at, version) VALUES ($1::UUID, $2::UUID, $3::UUID, $4::VARCHAR, $5::VARCHAR, $6::VARCHAR, $7::VARCHAR, $8::JSONB, $9::VARCHAR, $10::VARCHAR, $11::JSONB, $12::VARCHAR, $13::VARCHAR, $14::VARCHAR, $15::VARCHAR, $16::VARCHAR, $17, $18::INTEGER, $19::INTEGER, $20::INTEGER, $21::INTEGER, $22::UUID, $23::TIMESTAMP WITH TIME ZONE, $24::TIMESTAMP WITH TIME ZONE, $25::TIMESTAMP WITH TIME ZONE, $26::INTEGER) RETURNING evaluation_runs.created_at
postgres-1  | 2026-08-08 08:09:39.608 UTC [60] ERROR:  duplicate key value violates unique constraint "uq_evaluation_runs_tenant_id_idempotency_key"
postgres-1  | 2026-08-08 08:09:39.608 UTC [60] DETAIL:  Key (tenant_id, idempotency_key)=(af38dd83-ad35-4947-b935-ca7cc6357e17, fault-i-1-43386ebb87684f5a9ae74c03d718f17d) already exists.
postgres-1  | 2026-08-08 08:09:39.608 UTC [60] STATEMENT:  INSERT INTO evaluation_runs (id, tenant_id, dataset_version_id, dataset_hash, idempotency_key, request_hash, target_type, target_config_json, target_config_hash, evaluator_type, evaluator_config_json, evaluator_config_hash, target_version, evaluator_version, source_commit, origin_traceparent, status, total_jobs, succeeded_jobs, failed_jobs, cancelled_jobs, created_by, started_at, finished_at, cancel_requested_at, version) VALUES ($1::UUID, $2::UUID, $3::UUID, $4::VARCHAR, $5::VARCHAR, $6::VARCHAR, $7::VARCHAR, $8::JSONB, $9::VARCHAR, $10::VARCHAR, $11::JSONB, $12::VARCHAR, $13::VARCHAR, $14::VARCHAR, $15::VARCHAR, $16::VARCHAR, $17, $18::INTEGER, $19::INTEGER, $20::INTEGER, $21::INTEGER, $22::UUID, $23::TIMESTAMP WITH TIME ZONE, $24::TIMESTAMP WITH TIME ZONE, $25::TIMESTAMP WITH TIME ZONE, $26::INTEGER) RETURNING evaluation_runs.created_at
postgres-1  | 2026-08-08 08:09:39.610 UTC [62] ERROR:  duplicate key value violates unique constraint "uq_evaluation_runs_tenant_id_idempotency_key"
postgres-1  | 2026-08-08 08:09:39.610 UTC [62] DETAIL:  Key (tenant_id, idempotency_key)=(af38dd83-ad35-4947-b935-ca7cc6357e17, fault-i-1-43386ebb87684f5a9ae74c03d718f17d) already exists.
postgres-1  | 2026-08-08 08:09:39.610 UTC [62] STATEMENT:  INSERT INTO evaluation_runs (id, tenant_id, dataset_version_id, dataset_hash, idempotency_key, request_hash, target_type, target_config_json, target_config_hash, evaluator_type, evaluator_config_json, evaluator_config_hash, target_version, evaluator_version, source_commit, origin_traceparent, status, total_jobs, succeeded_jobs, failed_jobs, cancelled_jobs, created_by, started_at, finished_at, cancel_requested_at, version) VALUES ($1::UUID, $2::UUID, $3::UUID, $4::VARCHAR, $5::VARCHAR, $6::VARCHAR, $7::VARCHAR, $8::JSONB, $9::VARCHAR, $10::VARCHAR, $11::JSONB, $12::VARCHAR, $13::VARCHAR, $14::VARCHAR, $15::VARCHAR, $16::VARCHAR, $17, $18::INTEGER, $19::INTEGER, $20::INTEGER, $21::INTEGER, $22::UUID, $23::TIMESTAMP WITH TIME ZONE, $24::TIMESTAMP WITH TIME ZONE, $25::TIMESTAMP WITH TIME ZONE, $26::INTEGER) RETURNING evaluation_runs.created_at
postgres-1  | 2026-08-08 08:09:39.611 UTC [63] ERROR:  duplicate key value violates unique constraint "uq_evaluation_runs_tenant_id_idempotency_key"
postgres-1  | 2026-08-08 08:09:39.611 UTC [63] DETAIL:  Key (tenant_id, idempotency_key)=(af38dd83-ad35-4947-b935-ca7cc6357e17, fault-i-1-43386ebb87684f5a9ae74c03d718f17d) already exists.
postgres-1  | 2026-08-08 08:09:39.611 UTC [63] STATEMENT:  INSERT INTO evaluation_runs (id, tenant_id, dataset_version_id, dataset_hash, idempotency_key, request_hash, target_type, target_config_json, target_config_hash, evaluator_type, evaluator_config_json, evaluator_config_hash, target_version, evaluator_version, source_commit, origin_traceparent, status, total_jobs, succeeded_jobs, failed_jobs, cancelled_jobs, created_by, started_at, finished_at, cancel_requested_at, version) VALUES ($1::UUID, $2::UUID, $3::UUID, $4::VARCHAR, $5::VARCHAR, $6::VARCHAR, $7::VARCHAR, $8::JSONB, $9::VARCHAR, $10::VARCHAR, $11::JSONB, $12::VARCHAR, $13::VARCHAR, $14::VARCHAR, $15::VARCHAR, $16::VARCHAR, $17, $18::INTEGER, $19::INTEGER, $20::INTEGER, $21::INTEGER, $22::UUID, $23::TIMESTAMP WITH TIME ZONE, $24::TIMESTAMP WITH TIME ZONE, $25::TIMESTAMP WITH TIME ZONE, $26::INTEGER) RETURNING evaluation_runs.created_at
postgres-1  | 2026-08-08 08:09:39.611 UTC [61] ERROR:  duplicate key value violates unique constraint "uq_evaluation_runs_tenant_id_idempotency_key"
postgres-1  | 2026-08-08 08:09:39.611 UTC [61] DETAIL:  Key (tenant_id, idempotency_key)=(af38dd83-ad35-4947-b935-ca7cc6357e17, fault-i-1-43386ebb87684f5a9ae74c03d718f17d) already exists.
postgres-1  | 2026-08-08 08:09:39.611 UTC [61] STATEMENT:  INSERT INTO evaluation_runs (id, tenant_id, dataset_version_id, dataset_hash, idempotency_key, request_hash, target_type, target_config_json, target_config_hash, evaluator_type, evaluator_config_json, evaluator_config_hash, target_version, evaluator_version, source_commit, origin_traceparent, status, total_jobs, succeeded_jobs, failed_jobs, cancelled_jobs, created_by, started_at, finished_at, cancel_requested_at, version) VALUES ($1::UUID, $2::UUID, $3::UUID, $4::VARCHAR, $5::VARCHAR, $6::VARCHAR, $7::VARCHAR, $8::JSONB, $9::VARCHAR, $10::VARCHAR, $11::JSONB, $12::VARCHAR, $13::VARCHAR, $14::VARCHAR, $15::VARCHAR, $16::VARCHAR, $17, $18::INTEGER, $19::INTEGER, $20::INTEGER, $21::INTEGER, $22::UUID, $23::TIMESTAMP WITH TIME ZONE, $24::TIMESTAMP WITH TIME ZONE, $25::TIMESTAMP WITH TIME ZONE, $26::INTEGER) RETURNING evaluation_runs.created_at
postgres-1  | 2026-08-08 08:09:39.611 UTC [66] ERROR:  duplicate key value violates unique constraint "uq_evaluation_runs_tenant_id_idempotency_key"
postgres-1  | 2026-08-08 08:09:39.611 UTC [66] DETAIL:  Key (tenant_id, idempotency_key)=(af38dd83-ad35-4947-b935-ca7cc6357e17, fault-i-1-43386ebb87684f5a9ae74c03d718f17d) already exists.
postgres-1  | 2026-08-08 08:09:39.611 UTC [66] STATEMENT:  INSERT INTO evaluation_runs (id, tenant_id, dataset_version_id, dataset_hash, idempotency_key, request_hash, target_type, target_config_json, target_config_hash, evaluator_type, evaluator_config_json, evaluator_config_hash, target_version, evaluator_version, source_commit, origin_traceparent, status, total_jobs, succeeded_jobs, failed_jobs, cancelled_jobs, created_by, started_at, finished_at, cancel_requested_at, version) VALUES ($1::UUID, $2::UUID, $3::UUID, $4::VARCHAR, $5::VARCHAR, $6::VARCHAR, $7::VARCHAR, $8::JSONB, $9::VARCHAR, $10::VARCHAR, $11::JSONB, $12::VARCHAR, $13::VARCHAR, $14::VARCHAR, $15::VARCHAR, $16::VARCHAR, $17, $18::INTEGER, $19::INTEGER, $20::INTEGER, $21::INTEGER, $22::UUID, $23::TIMESTAMP WITH TIME ZONE, $24::TIMESTAMP WITH TIME ZONE, $25::TIMESTAMP WITH TIME ZONE, $26::INTEGER) RETURNING evaluation_runs.created_at
postgres-1  | 2026-08-08 08:09:39.611 UTC [59] ERROR:  duplicate key value violates unique constraint "uq_evaluation_runs_tenant_id_idempotency_key"
postgres-1  | 2026-08-08 08:09:39.611 UTC [59] DETAIL:  Key (tenant_id, idempotency_key)=(af38dd83-ad35-4947-b935-ca7cc6357e17, fault-i-1-43386ebb87684f5a9ae74c03d718f17d) already exists.
postgres-1  | 2026-08-08 08:09:39.611 UTC [59] STATEMENT:  INSERT INTO evaluation_runs (id, tenant_id, dataset_version_id, dataset_hash, idempotency_key, request_hash, target_type, target_config_json, target_config_hash, evaluator_type, evaluator_config_json, evaluator_config_hash, target_version, evaluator_version, source_commit, origin_traceparent, status, total_jobs, succeeded_jobs, failed_jobs, cancelled_jobs, created_by, started_at, finished_at, cancel_requested_at, version) VALUES ($1::UUID, $2::UUID, $3::UUID, $4::VARCHAR, $5::VARCHAR, $6::VARCHAR, $7::VARCHAR, $8::JSONB, $9::VARCHAR, $10::VARCHAR, $11::JSONB, $12::VARCHAR, $13::VARCHAR, $14::VARCHAR, $15::VARCHAR, $16::VARCHAR, $17, $18::INTEGER, $19::INTEGER, $20::INTEGER, $21::INTEGER, $22::UUID, $23::TIMESTAMP WITH TIME ZONE, $24::TIMESTAMP WITH TIME ZONE, $25::TIMESTAMP WITH TIME ZONE, $26::INTEGER) RETURNING evaluation_runs.created_at
postgres-1  | 2026-08-08 08:09:39.612 UTC [25] ERROR:  duplicate key value violates unique constraint "uq_evaluation_runs_tenant_id_idempotency_key"
postgres-1  | 2026-08-08 08:09:39.612 UTC [25] DETAIL:  Key (tenant_id, idempotency_key)=(af38dd83-ad35-4947-b935-ca7cc6357e17, fault-i-1-43386ebb87684f5a9ae74c03d718f17d) already exists.
postgres-1  | 2026-08-08 08:09:39.612 UTC [25] STATEMENT:  INSERT INTO evaluation_runs (id, tenant_id, dataset_version_id, dataset_hash, idempotency_key, request_hash, target_type, target_config_json, target_config_hash, evaluator_type, evaluator_config_json, evaluator_config_hash, target_version, evaluator_version, source_commit, origin_traceparent, status, total_jobs, succeeded_jobs, failed_jobs, cancelled_jobs, created_by, started_at, finished_at, cancel_requested_at, version) VALUES ($1::UUID, $2::UUID, $3::UUID, $4::VARCHAR, $5::VARCHAR, $6::VARCHAR, $7::VARCHAR, $8::JSONB, $9::VARCHAR, $10::VARCHAR, $11::JSONB, $12::VARCHAR, $13::VARCHAR, $14::VARCHAR, $15::VARCHAR, $16::VARCHAR, $17, $18::INTEGER, $19::INTEGER, $20::INTEGER, $21::INTEGER, $22::UUID, $23::TIMESTAMP WITH TIME ZONE, $24::TIMESTAMP WITH TIME ZONE, $25::TIMESTAMP WITH TIME ZONE, $26::INTEGER) RETURNING evaluation_runs.created_at
postgres-1  | 2026-08-08 08:10:34.507 UTC [1] LOG:  received fast shutdown request
postgres-1  | 2026-08-08 08:10:34.507 UTC [1] LOG:  aborting any active transactions
postgres-1  | 2026-08-08 08:10:34.507 UTC [198] FATAL:  terminating connection due to administrator command
postgres-1  | 2026-08-08 08:10:34.507 UTC [197] FATAL:  terminating connection due to administrator command
postgres-1  | 2026-08-08 08:10:34.507 UTC [190] FATAL:  terminating connection due to administrator command
postgres-1  | 2026-08-08 08:10:34.507 UTC [191] FATAL:  terminating connection due to administrator command
postgres-1  | 2026-08-08 08:10:34.508 UTC [180] FATAL:  terminating connection due to administrator command
postgres-1  | 2026-08-08 08:10:34.508 UTC [167] FATAL:  terminating connection due to administrator command
postgres-1  | 2026-08-08 08:10:34.510 UTC [166] FATAL:  terminating connection due to administrator command
postgres-1  | 2026-08-08 08:10:34.515 UTC [1] LOG:  background worker "logical replication launcher" (PID 22) exited with exit code 1
postgres-1  | 2026-08-08 08:10:34.517 UTC [17] LOG:  shutting down
postgres-1  | 2026-08-08 08:10:34.517 UTC [17] LOG:  checkpoint starting: shutdown immediate
postgres-1  | 2026-08-08 08:10:34.529 UTC [17] LOG:  checkpoint complete: wrote 149 buffers (0.9%), wrote 4 SLRU buffers; 0 WAL file(s) added, 0 removed, 0 recycled; write=0.003 s, sync=0.007 s, total=0.012 s; sync files=78, longest=0.003 s, average=0.001 s; distance=1095 kB, estimate=1095 kB; lsn=0/1EC8900, redo lsn=0/1EC8900
postgres-1  | 2026-08-08 08:10:34.537 UTC [1] LOG:  database system is shut down
postgres-1  | chmod: /var/run/postgresql: Operation not permitted
postgres-1  | 
postgres-1  | PostgreSQL Database directory appears to contain a database; Skipping initialization
postgres-1  | 
postgres-1  | 2026-08-08 08:10:37.842 UTC [1] LOG:  starting PostgreSQL 18.4 on x86_64-pc-linux-musl, compiled by gcc (Alpine 15.2.0) 15.2.0, 64-bit
postgres-1  | 2026-08-08 08:10:37.842 UTC [1] LOG:  listening on IPv4 address "0.0.0.0", port 5432
postgres-1  | 2026-08-08 08:10:37.842 UTC [1] LOG:  listening on IPv6 address "::", port 5432
postgres-1  | 2026-08-08 08:10:37.843 UTC [1] LOG:  listening on Unix socket "/var/run/postgresql/.s.PGSQL.5432"
postgres-1  | 2026-08-08 08:10:37.846 UTC [19] LOG:  database system was shut down at 2026-08-08 08:10:34 UTC
postgres-1  | 2026-08-08 08:10:37.850 UTC [1] LOG:  database system is ready to accept connections
postgres-1  | 2026-08-08 08:10:51.370 UTC [50] ERROR:  duplicate key value violates unique constraint "uq_evaluation_runs_tenant_id_idempotency_key"
postgres-1  | 2026-08-08 08:10:51.370 UTC [50] DETAIL:  Key (tenant_id, idempotency_key)=(af38dd83-ad35-4947-b935-ca7cc6357e17, fault-i-2-c98ebc2abf814ab6b9af30fe1f59ee43) already exists.
postgres-1  | 2026-08-08 08:10:51.370 UTC [50] STATEMENT:  INSERT INTO evaluation_runs (id, tenant_id, dataset_version_id, dataset_hash, idempotency_key, request_hash, target_type, target_config_json, target_config_hash, evaluator_type, evaluator_config_json, evaluator_config_hash, target_version, evaluator_version, source_commit, origin_traceparent, status, total_jobs, succeeded_jobs, failed_jobs, cancelled_jobs, created_by, started_at, finished_at, cancel_requested_at, version) VALUES ($1::UUID, $2::UUID, $3::UUID, $4::VARCHAR, $5::VARCHAR, $6::VARCHAR, $7::VARCHAR, $8::JSONB, $9::VARCHAR, $10::VARCHAR, $11::JSONB, $12::VARCHAR, $13::VARCHAR, $14::VARCHAR, $15::VARCHAR, $16::VARCHAR, $17, $18::INTEGER, $19::INTEGER, $20::INTEGER, $21::INTEGER, $22::UUID, $23::TIMESTAMP WITH TIME ZONE, $24::TIMESTAMP WITH TIME ZONE, $25::TIMESTAMP WITH TIME ZONE, $26::INTEGER) RETURNING evaluation_runs.created_at
postgres-1  | 2026-08-08 08:10:51.371 UTC [49] ERROR:  duplicate key value violates unique constraint "uq_evaluation_runs_tenant_id_idempotency_key"
postgres-1  | 2026-08-08 08:10:51.371 UTC [49] DETAIL:  Key (tenant_id, idempotency_key)=(af38dd83-ad35-4947-b935-ca7cc6357e17, fault-i-2-c98ebc2abf814ab6b9af30fe1f59ee43) already exists.
postgres-1  | 2026-08-08 08:10:51.371 UTC [49] STATEMENT:  INSERT INTO evaluation_runs (id, tenant_id, dataset_version_id, dataset_hash, idempotency_key, request_hash, target_type, target_config_json, target_config_hash, evaluator_type, evaluator_config_json, evaluator_config_hash, target_version, evaluator_version, source_commit, origin_traceparent, status, total_jobs, succeeded_jobs, failed_jobs, cancelled_jobs, created_by, started_at, finished_at, cancel_requested_at, version) VALUES ($1::UUID, $2::UUID, $3::UUID, $4::VARCHAR, $5::VARCHAR, $6::VARCHAR, $7::VARCHAR, $8::JSONB, $9::VARCHAR, $10::VARCHAR, $11::JSONB, $12::VARCHAR, $13::VARCHAR, $14::VARCHAR, $15::VARCHAR, $16::VARCHAR, $17, $18::INTEGER, $19::INTEGER, $20::INTEGER, $21::INTEGER, $22::UUID, $23::TIMESTAMP WITH TIME ZONE, $24::TIMESTAMP WITH TIME ZONE, $25::TIMESTAMP WITH TIME ZONE, $26::INTEGER) RETURNING evaluation_runs.created_at
postgres-1  | 2026-08-08 08:10:51.381 UTC [48] ERROR:  duplicate key value violates unique constraint "uq_evaluation_runs_tenant_id_idempotency_key"
postgres-1  | 2026-08-08 08:10:51.381 UTC [48] DETAIL:  Key (tenant_id, idempotency_key)=(af38dd83-ad35-4947-b935-ca7cc6357e17, fault-i-2-c98ebc2abf814ab6b9af30fe1f59ee43) already exists.
postgres-1  | 2026-08-08 08:10:51.381 UTC [48] STATEMENT:  INSERT INTO evaluation_runs (id, tenant_id, dataset_version_id, dataset_hash, idempotency_key, request_hash, target_type, target_config_json, target_config_hash, evaluator_type, evaluator_config_json, evaluator_config_hash, target_version, evaluator_version, source_commit, origin_traceparent, status, total_jobs, succeeded_jobs, failed_jobs, cancelled_jobs, created_by, started_at, finished_at, cancel_requested_at, version) VALUES ($1::UUID, $2::UUID, $3::UUID, $4::VARCHAR, $5::VARCHAR, $6::VARCHAR, $7::VARCHAR, $8::JSONB, $9::VARCHAR, $10::VARCHAR, $11::JSONB, $12::VARCHAR, $13::VARCHAR, $14::VARCHAR, $15::VARCHAR, $16::VARCHAR, $17, $18::INTEGER, $19::INTEGER, $20::INTEGER, $21::INTEGER, $22::UUID, $23::TIMESTAMP WITH TIME ZONE, $24::TIMESTAMP WITH TIME ZONE, $25::TIMESTAMP WITH TIME ZONE, $26::INTEGER) RETURNING evaluation_runs.created_at
postgres-1  | 2026-08-08 08:10:51.490 UTC [57] ERROR:  duplicate key value violates unique constraint "uq_evaluation_runs_tenant_id_idempotency_key"
postgres-1  | 2026-08-08 08:10:51.490 UTC [57] DETAIL:  Key (tenant_id, idempotency_key)=(af38dd83-ad35-4947-b935-ca7cc6357e17, fault-i-2-c98ebc2abf814ab6b9af30fe1f59ee43) already exists.
postgres-1  | 2026-08-08 08:10:51.490 UTC [57] STATEMENT:  INSERT INTO evaluation_runs (id, tenant_id, dataset_version_id, dataset_hash, idempotency_key, request_hash, target_type, target_config_json, target_config_hash, evaluator_type, evaluator_config_json, evaluator_config_hash, target_version, evaluator_version, source_commit, origin_traceparent, status, total_jobs, succeeded_jobs, failed_jobs, cancelled_jobs, created_by, started_at, finished_at, cancel_requested_at, version) VALUES ($1::UUID, $2::UUID, $3::UUID, $4::VARCHAR, $5::VARCHAR, $6::VARCHAR, $7::VARCHAR, $8::JSONB, $9::VARCHAR, $10::VARCHAR, $11::JSONB, $12::VARCHAR, $13::VARCHAR, $14::VARCHAR, $15::VARCHAR, $16::VARCHAR, $17, $18::INTEGER, $19::INTEGER, $20::INTEGER, $21::INTEGER, $22::UUID, $23::TIMESTAMP WITH TIME ZONE, $24::TIMESTAMP WITH TIME ZONE, $25::TIMESTAMP WITH TIME ZONE, $26::INTEGER) RETURNING evaluation_runs.created_at
postgres-1  | 2026-08-08 08:10:51.494 UTC [59] ERROR:  duplicate key value violates unique constraint "uq_evaluation_runs_tenant_id_idempotency_key"
postgres-1  | 2026-08-08 08:10:51.494 UTC [59] DETAIL:  Key (tenant_id, idempotency_key)=(af38dd83-ad35-4947-b935-ca7cc6357e17, fault-i-2-c98ebc2abf814ab6b9af30fe1f59ee43) already exists.
postgres-1  | 2026-08-08 08:10:51.494 UTC [59] STATEMENT:  INSERT INTO evaluation_runs (id, tenant_id, dataset_version_id, dataset_hash, idempotency_key, request_hash, target_type, target_config_json, target_config_hash, evaluator_type, evaluator_config_json, evaluator_config_hash, target_version, evaluator_version, source_commit, origin_traceparent, status, total_jobs, succeeded_jobs, failed_jobs, cancelled_jobs, created_by, started_at, finished_at, cancel_requested_at, version) VALUES ($1::UUID, $2::UUID, $3::UUID, $4::VARCHAR, $5::VARCHAR, $6::VARCHAR, $7::VARCHAR, $8::JSONB, $9::VARCHAR, $10::VARCHAR, $11::JSONB, $12::VARCHAR, $13::VARCHAR, $14::VARCHAR, $15::VARCHAR, $16::VARCHAR, $17, $18::INTEGER, $19::INTEGER, $20::INTEGER, $21::INTEGER, $22::UUID, $23::TIMESTAMP WITH TIME ZONE, $24::TIMESTAMP WITH TIME ZONE, $25::TIMESTAMP WITH TIME ZONE, $26::INTEGER) RETURNING evaluation_runs.created_at
postgres-1  | 2026-08-08 08:10:51.495 UTC [58] ERROR:  duplicate key value violates unique constraint "uq_evaluation_runs_tenant_id_idempotency_key"
postgres-1  | 2026-08-08 08:10:51.495 UTC [58] DETAIL:  Key (tenant_id, idempotency_key)=(af38dd83-ad35-4947-b935-ca7cc6357e17, fault-i-2-c98ebc2abf814ab6b9af30fe1f59ee43) already exists.
postgres-1  | 2026-08-08 08:10:51.495 UTC [58] STATEMENT:  INSERT INTO evaluation_runs (id, tenant_id, dataset_version_id, dataset_hash, idempotency_key, request_hash, target_type, target_config_json, target_config_hash, evaluator_type, evaluator_config_json, evaluator_config_hash, target_version, evaluator_version, source_commit, origin_traceparent, status, total_jobs, succeeded_jobs, failed_jobs, cancelled_jobs, created_by, started_at, finished_at, cancel_requested_at, version) VALUES ($1::UUID, $2::UUID, $3::UUID, $4::VARCHAR, $5::VARCHAR, $6::VARCHAR, $7::VARCHAR, $8::JSONB, $9::VARCHAR, $10::VARCHAR, $11::JSONB, $12::VARCHAR, $13::VARCHAR, $14::VARCHAR, $15::VARCHAR, $16::VARCHAR, $17, $18::INTEGER, $19::INTEGER, $20::INTEGER, $21::INTEGER, $22::UUID, $23::TIMESTAMP WITH TIME ZONE, $24::TIMESTAMP WITH TIME ZONE, $25::TIMESTAMP WITH TIME ZONE, $26::INTEGER) RETURNING evaluation_runs.created_at
postgres-1  | 2026-08-08 08:10:51.495 UTC [60] ERROR:  duplicate key value violates unique constraint "uq_evaluation_runs_tenant_id_idempotency_key"
postgres-1  | 2026-08-08 08:10:51.495 UTC [60] DETAIL:  Key (tenant_id, idempotency_key)=(af38dd83-ad35-4947-b935-ca7cc6357e17, fault-i-2-c98ebc2abf814ab6b9af30fe1f59ee43) already exists.
postgres-1  | 2026-08-08 08:10:51.495 UTC [60] STATEMENT:  INSERT INTO evaluation_runs (id, tenant_id, dataset_version_id, dataset_hash, idempotency_key, request_hash, target_type, target_config_json, target_config_hash, evaluator_type, evaluator_config_json, evaluator_config_hash, target_version, evaluator_version, source_commit, origin_traceparent, status, total_jobs, succeeded_jobs, failed_jobs, cancelled_jobs, created_by, started_at, finished_at, cancel_requested_at, version) VALUES ($1::UUID, $2::UUID, $3::UUID, $4::VARCHAR, $5::VARCHAR, $6::VARCHAR, $7::VARCHAR, $8::JSONB, $9::VARCHAR, $10::VARCHAR, $11::JSONB, $12::VARCHAR, $13::VARCHAR, $14::VARCHAR, $15::VARCHAR, $16::VARCHAR, $17, $18::INTEGER, $19::INTEGER, $20::INTEGER, $21::INTEGER, $22::UUID, $23::TIMESTAMP WITH TIME ZONE, $24::TIMESTAMP WITH TIME ZONE, $25::TIMESTAMP WITH TIME ZONE, $26::INTEGER) RETURNING evaluation_runs.created_at
postgres-1  | 2026-08-08 08:10:51.504 UTC [61] ERROR:  duplicate key value violates unique constraint "uq_evaluation_runs_tenant_id_idempotency_key"
postgres-1  | 2026-08-08 08:10:51.504 UTC [61] DETAIL:  Key (tenant_id, idempotency_key)=(af38dd83-ad35-4947-b935-ca7cc6357e17, fault-i-2-c98ebc2abf814ab6b9af30fe1f59ee43) already exists.
postgres-1  | 2026-08-08 08:10:51.504 UTC [61] STATEMENT:  INSERT INTO evaluation_runs (id, tenant_id, dataset_version_id, dataset_hash, idempotency_key, request_hash, target_type, target_config_json, target_config_hash, evaluator_type, evaluator_config_json, evaluator_config_hash, target_version, evaluator_version, source_commit, origin_traceparent, status, total_jobs, succeeded_jobs, failed_jobs, cancelled_jobs, created_by, started_at, finished_at, cancel_requested_at, version) VALUES ($1::UUID, $2::UUID, $3::UUID, $4::VARCHAR, $5::VARCHAR, $6::VARCHAR, $7::VARCHAR, $8::JSONB, $9::VARCHAR, $10::VARCHAR, $11::JSONB, $12::VARCHAR, $13::VARCHAR, $14::VARCHAR, $15::VARCHAR, $16::VARCHAR, $17, $18::INTEGER, $19::INTEGER, $20::INTEGER, $21::INTEGER, $22::UUID, $23::TIMESTAMP WITH TIME ZONE, $24::TIMESTAMP WITH TIME ZONE, $25::TIMESTAMP WITH TIME ZONE, $26::INTEGER) RETURNING evaluation_runs.created_at
postgres-1  | 2026-08-08 08:10:51.505 UTC [62] ERROR:  duplicate key value violates unique constraint "uq_evaluation_runs_tenant_id_idempotency_key"
postgres-1  | 2026-08-08 08:10:51.505 UTC [62] DETAIL:  Key (tenant_id, idempotency_key)=(af38dd83-ad35-4947-b935-ca7cc6357e17, fault-i-2-c98ebc2abf814ab6b9af30fe1f59ee43) already exists.
postgres-1  | 2026-08-08 08:10:51.505 UTC [62] STATEMENT:  INSERT INTO evaluation_runs (id, tenant_id, dataset_version_id, dataset_hash, idempotency_key, request_hash, target_type, target_config_json, target_config_hash, evaluator_type, evaluator_config_json, evaluator_config_hash, target_version, evaluator_version, source_commit, origin_traceparent, status, total_jobs, succeeded_jobs, failed_jobs, cancelled_jobs, created_by, started_at, finished_at, cancel_requested_at, version) VALUES ($1::UUID, $2::UUID, $3::UUID, $4::VARCHAR, $5::VARCHAR, $6::VARCHAR, $7::VARCHAR, $8::JSONB, $9::VARCHAR, $10::VARCHAR, $11::JSONB, $12::VARCHAR, $13::VARCHAR, $14::VARCHAR, $15::VARCHAR, $16::VARCHAR, $17, $18::INTEGER, $19::INTEGER, $20::INTEGER, $21::INTEGER, $22::UUID, $23::TIMESTAMP WITH TIME ZONE, $24::TIMESTAMP WITH TIME ZONE, $25::TIMESTAMP WITH TIME ZONE, $26::INTEGER) RETURNING evaluation_runs.created_at
postgres-1  | 2026-08-08 08:10:51.511 UTC [64] ERROR:  duplicate key value violates unique constraint "uq_evaluation_runs_tenant_id_idempotency_key"
postgres-1  | 2026-08-08 08:10:51.511 UTC [64] DETAIL:  Key (tenant_id, idempotency_key)=(af38dd83-ad35-4947-b935-ca7cc6357e17, fault-i-2-c98ebc2abf814ab6b9af30fe1f59ee43) already exists.
postgres-1  | 2026-08-08 08:10:51.511 UTC [64] STATEMENT:  INSERT INTO evaluation_runs (id, tenant_id, dataset_version_id, dataset_hash, idempotency_key, request_hash, target_type, target_config_json, target_config_hash, evaluator_type, evaluator_config_json, evaluator_config_hash, target_version, evaluator_version, source_commit, origin_traceparent, status, total_jobs, succeeded_jobs, failed_jobs, cancelled_jobs, created_by, started_at, finished_at, cancel_requested_at, version) VALUES ($1::UUID, $2::UUID, $3::UUID, $4::VARCHAR, $5::VARCHAR, $6::VARCHAR, $7::VARCHAR, $8::JSONB, $9::VARCHAR, $10::VARCHAR, $11::JSONB, $12::VARCHAR, $13::VARCHAR, $14::VARCHAR, $15::VARCHAR, $16::VARCHAR, $17, $18::INTEGER, $19::INTEGER, $20::INTEGER, $21::INTEGER, $22::UUID, $23::TIMESTAMP WITH TIME ZONE, $24::TIMESTAMP WITH TIME ZONE, $25::TIMESTAMP WITH TIME ZONE, $26::INTEGER) RETURNING evaluation_runs.created_at
postgres-1  | 2026-08-08 08:10:51.568 UTC [60] ERROR:  duplicate key value violates unique constraint "uq_evaluation_runs_tenant_id_idempotency_key"
postgres-1  | 2026-08-08 08:10:51.568 UTC [60] DETAIL:  Key (tenant_id, idempotency_key)=(af38dd83-ad35-4947-b935-ca7cc6357e17, fault-i-2-c98ebc2abf814ab6b9af30fe1f59ee43) already exists.
postgres-1  | 2026-08-08 08:10:51.568 UTC [60] STATEMENT:  INSERT INTO evaluation_runs (id, tenant_id, dataset_version_id, dataset_hash, idempotency_key, request_hash, target_type, target_config_json, target_config_hash, evaluator_type, evaluator_config_json, evaluator_config_hash, target_version, evaluator_version, source_commit, origin_traceparent, status, total_jobs, succeeded_jobs, failed_jobs, cancelled_jobs, created_by, started_at, finished_at, cancel_requested_at, version) VALUES ($1::UUID, $2::UUID, $3::UUID, $4::VARCHAR, $5::VARCHAR, $6::VARCHAR, $7::VARCHAR, $8::JSONB, $9::VARCHAR, $10::VARCHAR, $11::JSONB, $12::VARCHAR, $13::VARCHAR, $14::VARCHAR, $15::VARCHAR, $16::VARCHAR, $17, $18::INTEGER, $19::INTEGER, $20::INTEGER, $21::INTEGER, $22::UUID, $23::TIMESTAMP WITH TIME ZONE, $24::TIMESTAMP WITH TIME ZONE, $25::TIMESTAMP WITH TIME ZONE, $26::INTEGER) RETURNING evaluation_runs.created_at
postgres-1  | 2026-08-08 08:11:42.592 UTC [1] LOG:  received fast shutdown request
postgres-1  | 2026-08-08 08:11:42.593 UTC [1] LOG:  aborting any active transactions
postgres-1  | 2026-08-08 08:11:42.593 UTC [178] FATAL:  terminating connection due to administrator command
postgres-1  | 2026-08-08 08:11:42.593 UTC [186] FATAL:  terminating connection due to administrator command
postgres-1  | 2026-08-08 08:11:42.593 UTC [185] FATAL:  terminating connection due to administrator command
postgres-1  | 2026-08-08 08:11:42.593 UTC [168] FATAL:  terminating connection due to administrator command
postgres-1  | 2026-08-08 08:11:42.593 UTC [154] FATAL:  terminating connection due to administrator command
postgres-1  | 2026-08-08 08:11:42.595 UTC [155] FATAL:  terminating connection due to administrator command
postgres-1  | 2026-08-08 08:11:42.599 UTC [174] FATAL:  terminating connection due to administrator command
postgres-1  | 2026-08-08 08:11:42.599 UTC [1] LOG:  background worker "logical replication launcher" (PID 22) exited with exit code 1
postgres-1  | 2026-08-08 08:11:42.603 UTC [17] LOG:  shutting down
postgres-1  | 2026-08-08 08:11:42.604 UTC [17] LOG:  checkpoint starting: shutdown immediate
migrate-1   | INFO  [alembic.runtime.migration] Will assume transactional DDL.
postgres-1  | 2026-08-08 08:11:42.615 UTC [17] LOG:  checkpoint complete: wrote 173 buffers (1.1%), wrote 4 SLRU buffers; 0 WAL file(s) added, 0 removed, 1 recycled; write=0.004 s, sync=0.007 s, total=0.012 s; sync files=76, longest=0.002 s, average=0.001 s; distance=1336 kB, estimate=1336 kB; lsn=0/2016A78, redo lsn=0/2016A78
postgres-1  | 2026-08-08 08:11:42.624 UTC [1] LOG:  database system is shut down
postgres-1  | chmod: /var/run/postgresql: Operation not permitted
postgres-1  | 
postgres-1  | PostgreSQL Database directory appears to contain a database; Skipping initialization
postgres-1  | 
postgres-1  | 2026-08-08 08:11:45.923 UTC [1] LOG:  starting PostgreSQL 18.4 on x86_64-pc-linux-musl, compiled by gcc (Alpine 15.2.0) 15.2.0, 64-bit
postgres-1  | 2026-08-08 08:11:45.924 UTC [1] LOG:  listening on IPv4 address "0.0.0.0", port 5432
postgres-1  | 2026-08-08 08:11:45.924 UTC [1] LOG:  listening on IPv6 address "::", port 5432
postgres-1  | 2026-08-08 08:11:45.924 UTC [1] LOG:  listening on Unix socket "/var/run/postgresql/.s.PGSQL.5432"
postgres-1  | 2026-08-08 08:11:45.927 UTC [19] LOG:  database system was shut down at 2026-08-08 08:11:42 UTC
postgres-1  | 2026-08-08 08:11:45.931 UTC [1] LOG:  database system is ready to accept connections
postgres-1  | 2026-08-08 08:12:00.072 UTC [51] ERROR:  duplicate key value violates unique constraint "uq_evaluation_runs_tenant_id_idempotency_key"
postgres-1  | 2026-08-08 08:12:00.072 UTC [51] DETAIL:  Key (tenant_id, idempotency_key)=(af38dd83-ad35-4947-b935-ca7cc6357e17, fault-i-3-ecca1f1e8dfd4cf4afd4bffa76fb698c) already exists.
postgres-1  | 2026-08-08 08:12:00.072 UTC [51] STATEMENT:  INSERT INTO evaluation_runs (id, tenant_id, dataset_version_id, dataset_hash, idempotency_key, request_hash, target_type, target_config_json, target_config_hash, evaluator_type, evaluator_config_json, evaluator_config_hash, target_version, evaluator_version, source_commit, origin_traceparent, status, total_jobs, succeeded_jobs, failed_jobs, cancelled_jobs, created_by, started_at, finished_at, cancel_requested_at, version) VALUES ($1::UUID, $2::UUID, $3::UUID, $4::VARCHAR, $5::VARCHAR, $6::VARCHAR, $7::VARCHAR, $8::JSONB, $9::VARCHAR, $10::VARCHAR, $11::JSONB, $12::VARCHAR, $13::VARCHAR, $14::VARCHAR, $15::VARCHAR, $16::VARCHAR, $17, $18::INTEGER, $19::INTEGER, $20::INTEGER, $21::INTEGER, $22::UUID, $23::TIMESTAMP WITH TIME ZONE, $24::TIMESTAMP WITH TIME ZONE, $25::TIMESTAMP WITH TIME ZONE, $26::INTEGER) RETURNING evaluation_runs.created_at
postgres-1  | 2026-08-08 08:12:00.072 UTC [24] ERROR:  duplicate key value violates unique constraint "uq_evaluation_runs_tenant_id_idempotency_key"
postgres-1  | 2026-08-08 08:12:00.072 UTC [24] DETAIL:  Key (tenant_id, idempotency_key)=(af38dd83-ad35-4947-b935-ca7cc6357e17, fault-i-3-ecca1f1e8dfd4cf4afd4bffa76fb698c) already exists.
postgres-1  | 2026-08-08 08:12:00.072 UTC [24] STATEMENT:  INSERT INTO evaluation_runs (id, tenant_id, dataset_version_id, dataset_hash, idempotency_key, request_hash, target_type, target_config_json, target_config_hash, evaluator_type, evaluator_config_json, evaluator_config_hash, target_version, evaluator_version, source_commit, origin_traceparent, status, total_jobs, succeeded_jobs, failed_jobs, cancelled_jobs, created_by, started_at, finished_at, cancel_requested_at, version) VALUES ($1::UUID, $2::UUID, $3::UUID, $4::VARCHAR, $5::VARCHAR, $6::VARCHAR, $7::VARCHAR, $8::JSONB, $9::VARCHAR, $10::VARCHAR, $11::JSONB, $12::VARCHAR, $13::VARCHAR, $14::VARCHAR, $15::VARCHAR, $16::VARCHAR, $17, $18::INTEGER, $19::INTEGER, $20::INTEGER, $21::INTEGER, $22::UUID, $23::TIMESTAMP WITH TIME ZONE, $24::TIMESTAMP WITH TIME ZONE, $25::TIMESTAMP WITH TIME ZONE, $26::INTEGER) RETURNING evaluation_runs.created_at
postgres-1  | 2026-08-08 08:12:00.102 UTC [60] ERROR:  duplicate key value violates unique constraint "uq_evaluation_runs_tenant_id_idempotency_key"
postgres-1  | 2026-08-08 08:12:00.102 UTC [60] DETAIL:  Key (tenant_id, idempotency_key)=(af38dd83-ad35-4947-b935-ca7cc6357e17, fault-i-3-ecca1f1e8dfd4cf4afd4bffa76fb698c) already exists.
postgres-1  | 2026-08-08 08:12:00.102 UTC [60] STATEMENT:  INSERT INTO evaluation_runs (id, tenant_id, dataset_version_id, dataset_hash, idempotency_key, request_hash, target_type, target_config_json, target_config_hash, evaluator_type, evaluator_config_json, evaluator_config_hash, target_version, evaluator_version, source_commit, origin_traceparent, status, total_jobs, succeeded_jobs, failed_jobs, cancelled_jobs, created_by, started_at, finished_at, cancel_requested_at, version) VALUES ($1::UUID, $2::UUID, $3::UUID, $4::VARCHAR, $5::VARCHAR, $6::VARCHAR, $7::VARCHAR, $8::JSONB, $9::VARCHAR, $10::VARCHAR, $11::JSONB, $12::VARCHAR, $13::VARCHAR, $14::VARCHAR, $15::VARCHAR, $16::VARCHAR, $17, $18::INTEGER, $19::INTEGER, $20::INTEGER, $21::INTEGER, $22::UUID, $23::TIMESTAMP WITH TIME ZONE, $24::TIMESTAMP WITH TIME ZONE, $25::TIMESTAMP WITH TIME ZONE, $26::INTEGER) RETURNING evaluation_runs.created_at
postgres-1  | 2026-08-08 08:12:00.103 UTC [57] ERROR:  duplicate key value violates unique constraint "uq_evaluation_runs_tenant_id_idempotency_key"
postgres-1  | 2026-08-08 08:12:00.103 UTC [57] DETAIL:  Key (tenant_id, idempotency_key)=(af38dd83-ad35-4947-b935-ca7cc6357e17, fault-i-3-ecca1f1e8dfd4cf4afd4bffa76fb698c) already exists.
postgres-1  | 2026-08-08 08:12:00.103 UTC [57] STATEMENT:  INSERT INTO evaluation_runs (id, tenant_id, dataset_version_id, dataset_hash, idempotency_key, request_hash, target_type, target_config_json, target_config_hash, evaluator_type, evaluator_config_json, evaluator_config_hash, target_version, evaluator_version, source_commit, origin_traceparent, status, total_jobs, succeeded_jobs, failed_jobs, cancelled_jobs, created_by, started_at, finished_at, cancel_requested_at, version) VALUES ($1::UUID, $2::UUID, $3::UUID, $4::VARCHAR, $5::VARCHAR, $6::VARCHAR, $7::VARCHAR, $8::JSONB, $9::VARCHAR, $10::VARCHAR, $11::JSONB, $12::VARCHAR, $13::VARCHAR, $14::VARCHAR, $15::VARCHAR, $16::VARCHAR, $17, $18::INTEGER, $19::INTEGER, $20::INTEGER, $21::INTEGER, $22::UUID, $23::TIMESTAMP WITH TIME ZONE, $24::TIMESTAMP WITH TIME ZONE, $25::TIMESTAMP WITH TIME ZONE, $26::INTEGER) RETURNING evaluation_runs.created_at
postgres-1  | 2026-08-08 08:12:00.103 UTC [62] ERROR:  duplicate key value violates unique constraint "uq_evaluation_runs_tenant_id_idempotency_key"
postgres-1  | 2026-08-08 08:12:00.103 UTC [62] DETAIL:  Key (tenant_id, idempotency_key)=(af38dd83-ad35-4947-b935-ca7cc6357e17, fault-i-3-ecca1f1e8dfd4cf4afd4bffa76fb698c) already exists.
postgres-1  | 2026-08-08 08:12:00.103 UTC [62] STATEMENT:  INSERT INTO evaluation_runs (id, tenant_id, dataset_version_id, dataset_hash, idempotency_key, request_hash, target_type, target_config_json, target_config_hash, evaluator_type, evaluator_config_json, evaluator_config_hash, target_version, evaluator_version, source_commit, origin_traceparent, status, total_jobs, succeeded_jobs, failed_jobs, cancelled_jobs, created_by, started_at, finished_at, cancel_requested_at, version) VALUES ($1::UUID, $2::UUID, $3::UUID, $4::VARCHAR, $5::VARCHAR, $6::VARCHAR, $7::VARCHAR, $8::JSONB, $9::VARCHAR, $10::VARCHAR, $11::JSONB, $12::VARCHAR, $13::VARCHAR, $14::VARCHAR, $15::VARCHAR, $16::VARCHAR, $17, $18::INTEGER, $19::INTEGER, $20::INTEGER, $21::INTEGER, $22::UUID, $23::TIMESTAMP WITH TIME ZONE, $24::TIMESTAMP WITH TIME ZONE, $25::TIMESTAMP WITH TIME ZONE, $26::INTEGER) RETURNING evaluation_runs.created_at
postgres-1  | 2026-08-08 08:12:00.104 UTC [63] ERROR:  duplicate key value violates unique constraint "uq_evaluation_runs_tenant_id_idempotency_key"
postgres-1  | 2026-08-08 08:12:00.104 UTC [63] DETAIL:  Key (tenant_id, idempotency_key)=(af38dd83-ad35-4947-b935-ca7cc6357e17, fault-i-3-ecca1f1e8dfd4cf4afd4bffa76fb698c) already exists.
postgres-1  | 2026-08-08 08:12:00.104 UTC [63] STATEMENT:  INSERT INTO evaluation_runs (id, tenant_id, dataset_version_id, dataset_hash, idempotency_key, request_hash, target_type, target_config_json, target_config_hash, evaluator_type, evaluator_config_json, evaluator_config_hash, target_version, evaluator_version, source_commit, origin_traceparent, status, total_jobs, succeeded_jobs, failed_jobs, cancelled_jobs, created_by, started_at, finished_at, cancel_requested_at, version) VALUES ($1::UUID, $2::UUID, $3::UUID, $4::VARCHAR, $5::VARCHAR, $6::VARCHAR, $7::VARCHAR, $8::JSONB, $9::VARCHAR, $10::VARCHAR, $11::JSONB, $12::VARCHAR, $13::VARCHAR, $14::VARCHAR, $15::VARCHAR, $16::VARCHAR, $17, $18::INTEGER, $19::INTEGER, $20::INTEGER, $21::INTEGER, $22::UUID, $23::TIMESTAMP WITH TIME ZONE, $24::TIMESTAMP WITH TIME ZONE, $25::TIMESTAMP WITH TIME ZONE, $26::INTEGER) RETURNING evaluation_runs.created_at
postgres-1  | 2026-08-08 08:12:00.108 UTC [59] ERROR:  duplicate key value violates unique constraint "uq_evaluation_runs_tenant_id_idempotency_key"
postgres-1  | 2026-08-08 08:12:00.108 UTC [59] DETAIL:  Key (tenant_id, idempotency_key)=(af38dd83-ad35-4947-b935-ca7cc6357e17, fault-i-3-ecca1f1e8dfd4cf4afd4bffa76fb698c) already exists.
postgres-1  | 2026-08-08 08:12:00.108 UTC [59] STATEMENT:  INSERT INTO evaluation_runs (id, tenant_id, dataset_version_id, dataset_hash, idempotency_key, request_hash, target_type, target_config_json, target_config_hash, evaluator_type, evaluator_config_json, evaluator_config_hash, target_version, evaluator_version, source_commit, origin_traceparent, status, total_jobs, succeeded_jobs, failed_jobs, cancelled_jobs, created_by, started_at, finished_at, cancel_requested_at, version) VALUES ($1::UUID, $2::UUID, $3::UUID, $4::VARCHAR, $5::VARCHAR, $6::VARCHAR, $7::VARCHAR, $8::JSONB, $9::VARCHAR, $10::VARCHAR, $11::JSONB, $12::VARCHAR, $13::VARCHAR, $14::VARCHAR, $15::VARCHAR, $16::VARCHAR, $17, $18::INTEGER, $19::INTEGER, $20::INTEGER, $21::INTEGER, $22::UUID, $23::TIMESTAMP WITH TIME ZONE, $24::TIMESTAMP WITH TIME ZONE, $25::TIMESTAMP WITH TIME ZONE, $26::INTEGER) RETURNING evaluation_runs.created_at
api-1       | INFO:     Started server process [1]
api-1       | INFO:     Waiting for application startup.
api-1       | {"environment": "development", "event": "application_started", "level": "info", "timestamp": "2026-08-08T08:08:28.817482Z"}
api-1       | INFO:     Application startup complete.
api-1       | INFO:     Uvicorn running on http://0.0.0.0:8000 (Press CTRL+C to quit)
api-1       | {"event": "Context impl PostgresqlImpl.", "level": "info", "request_id": "c7f0d76a-624a-43aa-bb69-2c2a6b7e4794", "timestamp": "2026-08-08T08:08:29.403397Z", "trace_id": "39681e22c6edcf644cdfc415c76e5433"}
api-1       | {"event": "Will assume transactional DDL.", "level": "info", "request_id": "c7f0d76a-624a-43aa-bb69-2c2a6b7e4794", "timestamp": "2026-08-08T08:08:29.403616Z", "trace_id": "39681e22c6edcf644cdfc415c76e5433"}
api-1       | INFO:     172.18.0.1:46680 - "GET /health/ready HTTP/1.1" 200 OK
api-1       | {"duration_ms": 21.937, "event": "http_request_completed", "level": "info", "method": "GET", "outcome": "success", "path": "/health/ready", "request_id": "c7f0d76a-624a-43aa-bb69-2c2a6b7e4794", "status_code": 200, "timestamp": "2026-08-08T08:08:29.409775Z", "trace_id": "39681e22c6edcf644cdfc415c76e5433"}
api-1       | {"event": "Context impl PostgresqlImpl.", "level": "info", "request_id": "2281b0bd-60c8-4676-809d-fe76a4d65c85", "timestamp": "2026-08-08T08:08:32.673288Z", "trace_id": "c5f44a1d22d28b642e7546b9f22426f1"}
postgres-1  | 2026-08-08 08:12:00.111 UTC [61] ERROR:  duplicate key value violates unique constraint "uq_evaluation_runs_tenant_id_idempotency_key"
postgres-1  | 2026-08-08 08:12:00.111 UTC [61] DETAIL:  Key (tenant_id, idempotency_key)=(af38dd83-ad35-4947-b935-ca7cc6357e17, fault-i-3-ecca1f1e8dfd4cf4afd4bffa76fb698c) already exists.
postgres-1  | 2026-08-08 08:12:00.111 UTC [61] STATEMENT:  INSERT INTO evaluation_runs (id, tenant_id, dataset_version_id, dataset_hash, idempotency_key, request_hash, target_type, target_config_json, target_config_hash, evaluator_type, evaluator_config_json, evaluator_config_hash, target_version, evaluator_version, source_commit, origin_traceparent, status, total_jobs, succeeded_jobs, failed_jobs, cancelled_jobs, created_by, started_at, finished_at, cancel_requested_at, version) VALUES ($1::UUID, $2::UUID, $3::UUID, $4::VARCHAR, $5::VARCHAR, $6::VARCHAR, $7::VARCHAR, $8::JSONB, $9::VARCHAR, $10::VARCHAR, $11::JSONB, $12::VARCHAR, $13::VARCHAR, $14::VARCHAR, $15::VARCHAR, $16::VARCHAR, $17, $18::INTEGER, $19::INTEGER, $20::INTEGER, $21::INTEGER, $22::UUID, $23::TIMESTAMP WITH TIME ZONE, $24::TIMESTAMP WITH TIME ZONE, $25::TIMESTAMP WITH TIME ZONE, $26::INTEGER) RETURNING evaluation_runs.created_at
postgres-1  | 2026-08-08 08:12:00.112 UTC [46] ERROR:  duplicate key value violates unique constraint "uq_evaluation_runs_tenant_id_idempotency_key"
postgres-1  | 2026-08-08 08:12:00.112 UTC [46] DETAIL:  Key (tenant_id, idempotency_key)=(af38dd83-ad35-4947-b935-ca7cc6357e17, fault-i-3-ecca1f1e8dfd4cf4afd4bffa76fb698c) already exists.
postgres-1  | 2026-08-08 08:12:00.112 UTC [46] STATEMENT:  INSERT INTO evaluation_runs (id, tenant_id, dataset_version_id, dataset_hash, idempotency_key, request_hash, target_type, target_config_json, target_config_hash, evaluator_type, evaluator_config_json, evaluator_config_hash, target_version, evaluator_version, source_commit, origin_traceparent, status, total_jobs, succeeded_jobs, failed_jobs, cancelled_jobs, created_by, started_at, finished_at, cancel_requested_at, version) VALUES ($1::UUID, $2::UUID, $3::UUID, $4::VARCHAR, $5::VARCHAR, $6::VARCHAR, $7::VARCHAR, $8::JSONB, $9::VARCHAR, $10::VARCHAR, $11::JSONB, $12::VARCHAR, $13::VARCHAR, $14::VARCHAR, $15::VARCHAR, $16::VARCHAR, $17, $18::INTEGER, $19::INTEGER, $20::INTEGER, $21::INTEGER, $22::UUID, $23::TIMESTAMP WITH TIME ZONE, $24::TIMESTAMP WITH TIME ZONE, $25::TIMESTAMP WITH TIME ZONE, $26::INTEGER) RETURNING evaluation_runs.created_at
postgres-1  | 2026-08-08 08:12:00.112 UTC [64] ERROR:  duplicate key value violates unique constraint "uq_evaluation_runs_tenant_id_idempotency_key"
postgres-1  | 2026-08-08 08:12:00.112 UTC [64] DETAIL:  Key (tenant_id, idempotency_key)=(af38dd83-ad35-4947-b935-ca7cc6357e17, fault-i-3-ecca1f1e8dfd4cf4afd4bffa76fb698c) already exists.
postgres-1  | 2026-08-08 08:12:00.112 UTC [64] STATEMENT:  INSERT INTO evaluation_runs (id, tenant_id, dataset_version_id, dataset_hash, idempotency_key, request_hash, target_type, target_config_json, target_config_hash, evaluator_type, evaluator_config_json, evaluator_config_hash, target_version, evaluator_version, source_commit, origin_traceparent, status, total_jobs, succeeded_jobs, failed_jobs, cancelled_jobs, created_by, started_at, finished_at, cancel_requested_at, version) VALUES ($1::UUID, $2::UUID, $3::UUID, $4::VARCHAR, $5::VARCHAR, $6::VARCHAR, $7::VARCHAR, $8::JSONB, $9::VARCHAR, $10::VARCHAR, $11::JSONB, $12::VARCHAR, $13::VARCHAR, $14::VARCHAR, $15::VARCHAR, $16::VARCHAR, $17, $18::INTEGER, $19::INTEGER, $20::INTEGER, $21::INTEGER, $22::UUID, $23::TIMESTAMP WITH TIME ZONE, $24::TIMESTAMP WITH TIME ZONE, $25::TIMESTAMP WITH TIME ZONE, $26::INTEGER) RETURNING evaluation_runs.created_at
postgres-1  | 2026-08-08 08:12:00.113 UTC [58] ERROR:  duplicate key value violates unique constraint "uq_evaluation_runs_tenant_id_idempotency_key"
postgres-1  | 2026-08-08 08:12:00.113 UTC [58] DETAIL:  Key (tenant_id, idempotency_key)=(af38dd83-ad35-4947-b935-ca7cc6357e17, fault-i-3-ecca1f1e8dfd4cf4afd4bffa76fb698c) already exists.
postgres-1  | 2026-08-08 08:12:00.113 UTC [58] STATEMENT:  INSERT INTO evaluation_runs (id, tenant_id, dataset_version_id, dataset_hash, idempotency_key, request_hash, target_type, target_config_json, target_config_hash, evaluator_type, evaluator_config_json, evaluator_config_hash, target_version, evaluator_version, source_commit, origin_traceparent, status, total_jobs, succeeded_jobs, failed_jobs, cancelled_jobs, created_by, started_at, finished_at, cancel_requested_at, version) VALUES ($1::UUID, $2::UUID, $3::UUID, $4::VARCHAR, $5::VARCHAR, $6::VARCHAR, $7::VARCHAR, $8::JSONB, $9::VARCHAR, $10::VARCHAR, $11::JSONB, $12::VARCHAR, $13::VARCHAR, $14::VARCHAR, $15::VARCHAR, $16::VARCHAR, $17, $18::INTEGER, $19::INTEGER, $20::INTEGER, $21::INTEGER, $22::UUID, $23::TIMESTAMP WITH TIME ZONE, $24::TIMESTAMP WITH TIME ZONE, $25::TIMESTAMP WITH TIME ZONE, $26::INTEGER) RETURNING evaluation_runs.created_at
redis-1     | Starting Redis Server
redis-1     | 1:C 08 Aug 2026 08:08:20.152 # WARNING Memory overcommit must be enabled! Without it, a background save or replication may fail under low memory condition. Being disabled, it can also cause failures without low memory condition, see https://github.com/jemalloc/jemalloc/issues/1328. To fix this issue add 'vm.overcommit_memory = 1' to /etc/sysctl.conf and then reboot or run the command 'sysctl vm.overcommit_memory=1' for this to take effect.
redis-1     | 1:M 08 Aug 2026 08:08:20.160 # WARNING: Redis does not require authentication and is not protected by network restrictions. Redis will accept connections from any IP address on any network interface.
redis-1     | 1:signal-handler (1786176553) Received SIGTERM scheduling shutdown...
redis-1     | 1:M 08 Aug 2026 08:09:14.015 # Redis is now ready to exit, bye bye...
redis-1     | Starting Redis Server
redis-1     | 1:C 08 Aug 2026 08:09:15.717 # WARNING Memory overcommit must be enabled! Without it, a background save or replication may fail under low memory condition. Being disabled, it can also cause failures without low memory condition, see https://github.com/jemalloc/jemalloc/issues/1328. To fix this issue add 'vm.overcommit_memory = 1' to /etc/sysctl.conf and then reboot or run the command 'sysctl vm.overcommit_memory=1' for this to take effect.
redis-1     | 1:M 08 Aug 2026 08:09:15.725 # WARNING: Redis does not require authentication and is not protected by network restrictions. Redis will accept connections from any IP address on any network interface.
redis-1     | 1:signal-handler (1786176626) Received SIGTERM scheduling shutdown...
api-1       | {"event": "Will assume transactional DDL.", "level": "info", "request_id": "2281b0bd-60c8-4676-809d-fe76a4d65c85", "timestamp": "2026-08-08T08:08:32.673467Z", "trace_id": "c5f44a1d22d28b642e7546b9f22426f1"}
api-1       | INFO:     127.0.0.1:58772 - "GET /health/ready HTTP/1.1" 200 OK
api-1       | {"duration_ms": 20.994, "event": "http_request_completed", "level": "info", "method": "GET", "outcome": "success", "path": "/health/ready", "request_id": "2281b0bd-60c8-4676-809d-fe76a4d65c85", "status_code": 200, "timestamp": "2026-08-08T08:08:32.675980Z", "trace_id": "c5f44a1d22d28b642e7546b9f22426f1"}
api-1       | INFO:     172.18.0.1:46682 - "POST /api/v1/datasets HTTP/1.1" 201 Created
api-1       | {"api_key_prefix": "evk_f2eea7ceb47c", "duration_ms": 61.323, "event": "http_request_completed", "level": "info", "method": "POST", "outcome": "success", "path": "/api/v1/datasets", "request_id": "313abfdc-3593-4f7c-bdec-732e3273aa33", "status_code": 201, "tenant_id": "af38dd83-ad35-4947-b935-ca7cc6357e17", "timestamp": "2026-08-08T08:08:32.800531Z", "trace_id": "e4d31c5632c80038da40abf0e73fc888"}
api-1       | INFO:     172.18.0.1:46682 - "POST /api/v1/datasets/355dd8cf-7d12-4bab-9a46-b190c5755de9/versions HTTP/1.1" 201 Created
api-1       | {"api_key_prefix": "evk_f2eea7ceb47c", "duration_ms": 57.412, "event": "http_request_completed", "level": "info", "method": "POST", "outcome": "success", "path": "/api/v1/datasets/355dd8cf-7d12-4bab-9a46-b190c5755de9/versions", "request_id": "eb6568e6-079c-4ea5-945a-3dc93f77ff97", "status_code": 201, "tenant_id": "af38dd83-ad35-4947-b935-ca7cc6357e17", "timestamp": "2026-08-08T08:08:32.859807Z", "trace_id": "1e442a0a817a5bca55f9bc4b2d915a6e"}
api-1       | INFO:     172.18.0.1:46682 - "POST /api/v1/runs HTTP/1.1" 202 Accepted
api-1       | {"api_key_prefix": "evk_f2eea7ceb47c", "duration_ms": 67.911, "event": "http_request_completed", "level": "info", "method": "POST", "outcome": "success", "path": "/api/v1/runs", "request_id": "876391dc-2d2a-4bc2-a5b2-c317d59df335", "status_code": 202, "tenant_id": "af38dd83-ad35-4947-b935-ca7cc6357e17", "timestamp": "2026-08-08T08:08:32.929394Z", "trace_id": "5d769a95cfbf9a3971d54ba46dd07679"}
api-1       | INFO:     172.18.0.1:46682 - "GET /api/v1/runs/55eeef00-075c-45ec-8cee-02acecd2d1dc/cases?limit=200&sort=case_id HTTP/1.1" 200 OK
api-1       | {"api_key_prefix": "evk_f2eea7ceb47c", "duration_ms": 46.525, "event": "http_request_completed", "level": "info", "method": "GET", "outcome": "success", "path": "/api/v1/runs/55eeef00-075c-45ec-8cee-02acecd2d1dc/cases", "request_id": "80ee9987-8a79-4610-99fa-b38f39216691", "status_code": 200, "tenant_id": "af38dd83-ad35-4947-b935-ca7cc6357e17", "timestamp": "2026-08-08T08:08:32.977313Z", "trace_id": "d074056b3a991117754bd3e375d4e217"}
api-1       | {"claimed": 2, "event": "outbox_dispatch_batch_completed", "lease_lost": 0, "level": "info", "published": 2, "retry_scheduled": 0, "role": "outbox_dispatcher", "timestamp": "2026-08-08T08:08:33.389663Z"}
api-1       | INFO:     172.18.0.1:46682 - "GET /api/v1/runs/55eeef00-075c-45ec-8cee-02acecd2d1dc/cases?limit=200&sort=case_id HTTP/1.1" 200 OK
api-1       | {"api_key_prefix": "evk_f2eea7ceb47c", "duration_ms": 41.754, "event": "http_request_completed", "level": "info", "method": "GET", "outcome": "success", "path": "/api/v1/runs/55eeef00-075c-45ec-8cee-02acecd2d1dc/cases", "request_id": "9a38b9bb-bcbc-4a24-a55b-9faa41988a37", "status_code": 200, "tenant_id": "af38dd83-ad35-4947-b935-ca7cc6357e17", "timestamp": "2026-08-08T08:08:33.521492Z", "trace_id": "3c9c06db21f5f5171f099d607d14fe6c"}
api-1       | INFO:     172.18.0.1:46682 - "GET /api/v1/runs/55eeef00-075c-45ec-8cee-02acecd2d1dc HTTP/1.1" 200 OK
api-1       | {"api_key_prefix": "evk_f2eea7ceb47c", "duration_ms": 45.188, "event": "http_request_completed", "level": "info", "method": "GET", "outcome": "success", "path": "/api/v1/runs/55eeef00-075c-45ec-8cee-02acecd2d1dc", "request_id": "1be17ea0-1790-4342-9ccf-85ea7639ee64", "status_code": 200, "tenant_id": "af38dd83-ad35-4947-b935-ca7cc6357e17", "timestamp": "2026-08-08T08:08:35.655894Z", "trace_id": "bb9502ab241bb733f24a4ced20a9d8b5"}
api-1       | INFO:     172.18.0.1:46682 - "GET /api/v1/runs/55eeef00-075c-45ec-8cee-02acecd2d1dc HTTP/1.1" 200 OK
api-1       | {"api_key_prefix": "evk_f2eea7ceb47c", "duration_ms": 43.684, "event": "http_request_completed", "level": "info", "method": "GET", "outcome": "success", "path": "/api/v1/runs/55eeef00-075c-45ec-8cee-02acecd2d1dc", "request_id": "069d7597-0c8c-4c27-9fb7-688eb225b09c", "status_code": 200, "tenant_id": "af38dd83-ad35-4947-b935-ca7cc6357e17", "timestamp": "2026-08-08T08:08:36.202336Z", "trace_id": "acb7688363af40182fe3bc92f305a792"}
api-1       | INFO:     172.18.0.1:46682 - "GET /api/v1/runs/55eeef00-075c-45ec-8cee-02acecd2d1dc HTTP/1.1" 200 OK
api-1       | {"api_key_prefix": "evk_f2eea7ceb47c", "duration_ms": 41.204, "event": "http_request_completed", "level": "info", "method": "GET", "outcome": "success", "path": "/api/v1/runs/55eeef00-075c-45ec-8cee-02acecd2d1dc", "request_id": "fca8f5d1-701c-4239-8e44-bcad1bf22bae", "status_code": 200, "tenant_id": "af38dd83-ad35-4947-b935-ca7cc6357e17", "timestamp": "2026-08-08T08:08:36.746001Z", "trace_id": "b3d46cd30fb3305dadac4c140e13fe0c"}
api-1       | INFO:     172.18.0.1:46682 - "GET /api/v1/runs/55eeef00-075c-45ec-8cee-02acecd2d1dc HTTP/1.1" 200 OK
api-1       | {"api_key_prefix": "evk_f2eea7ceb47c", "duration_ms": 40.783, "event": "http_request_completed", "level": "info", "method": "GET", "outcome": "success", "path": "/api/v1/runs/55eeef00-075c-45ec-8cee-02acecd2d1dc", "request_id": "e5e23e0b-5911-4ba0-a369-394d354aadc9", "status_code": 200, "tenant_id": "af38dd83-ad35-4947-b935-ca7cc6357e17", "timestamp": "2026-08-08T08:08:37.289178Z", "trace_id": "1cdb86bedd7fe3366f9a25aaa9059811"}
api-1       | INFO:     172.18.0.1:46682 - "GET /api/v1/runs/55eeef00-075c-45ec-8cee-02acecd2d1dc HTTP/1.1" 200 OK
api-1       | {"api_key_prefix": "evk_f2eea7ceb47c", "duration_ms": 93.568, "event": "http_request_completed", "level": "info", "method": "GET", "outcome": "success", "path": "/api/v1/runs/55eeef00-075c-45ec-8cee-02acecd2d1dc", "request_id": "f6349006-7666-481a-8833-2ffb808a8058", "status_code": 200, "tenant_id": "af38dd83-ad35-4947-b935-ca7cc6357e17", "timestamp": "2026-08-08T08:08:37.885229Z", "trace_id": "d6f57a9203b60a2fdf6f99cd73ed969f"}
api-1       | {"event": "Context impl PostgresqlImpl.", "level": "info", "request_id": "be1ecb95-c2d4-40d9-a8a0-50061c305434", "timestamp": "2026-08-08T08:08:37.976790Z", "trace_id": "4212962978f4f9ce50d431bfa9b4b2aa"}
api-1       | {"event": "Will assume transactional DDL.", "level": "info", "request_id": "be1ecb95-c2d4-40d9-a8a0-50061c305434", "timestamp": "2026-08-08T08:08:37.976894Z", "trace_id": "4212962978f4f9ce50d431bfa9b4b2aa"}
api-1       | INFO:     127.0.0.1:39276 - "GET /health/ready HTTP/1.1" 200 OK
api-1       | {"duration_ms": 14.118, "event": "http_request_completed", "level": "info", "method": "GET", "outcome": "success", "path": "/health/ready", "request_id": "be1ecb95-c2d4-40d9-a8a0-50061c305434", "status_code": 200, "timestamp": "2026-08-08T08:08:37.978915Z", "trace_id": "4212962978f4f9ce50d431bfa9b4b2aa"}
api-1       | INFO:     172.18.0.1:46682 - "GET /api/v1/runs/55eeef00-075c-45ec-8cee-02acecd2d1dc HTTP/1.1" 200 OK
api-1       | {"api_key_prefix": "evk_f2eea7ceb47c", "duration_ms": 41.614, "event": "http_request_completed", "level": "info", "method": "GET", "outcome": "success", "path": "/api/v1/runs/55eeef00-075c-45ec-8cee-02acecd2d1dc", "request_id": "f4baa948-aed5-44fa-8b43-6489bc657f67", "status_code": 200, "tenant_id": "af38dd83-ad35-4947-b935-ca7cc6357e17", "timestamp": "2026-08-08T08:08:38.430347Z", "trace_id": "6c70851ec0485213d1dc478615575b03"}
api-1       | INFO:     172.18.0.1:46682 - "GET /api/v1/runs/55eeef00-075c-45ec-8cee-02acecd2d1dc HTTP/1.1" 200 OK
api-1       | {"api_key_prefix": "evk_f2eea7ceb47c", "duration_ms": 42.242, "event": "http_request_completed", "level": "info", "method": "GET", "outcome": "success", "path": "/api/v1/runs/55eeef00-075c-45ec-8cee-02acecd2d1dc", "request_id": "04241193-4205-40d6-811e-4f2479790d81", "status_code": 200, "tenant_id": "af38dd83-ad35-4947-b935-ca7cc6357e17", "timestamp": "2026-08-08T08:08:38.974665Z", "trace_id": "41c1404cb455c409bd65f4dcb0a4ebae"}
api-1       | INFO:     172.18.0.1:46682 - "GET /api/v1/runs/55eeef00-075c-45ec-8cee-02acecd2d1dc HTTP/1.1" 200 OK
api-1       | {"api_key_prefix": "evk_f2eea7ceb47c", "duration_ms": 41.156, "event": "http_request_completed", "level": "info", "method": "GET", "outcome": "success", "path": "/api/v1/runs/55eeef00-075c-45ec-8cee-02acecd2d1dc", "request_id": "232a24bd-e353-4fbe-93c5-a12f5c5f414f", "status_code": 200, "tenant_id": "af38dd83-ad35-4947-b935-ca7cc6357e17", "timestamp": "2026-08-08T08:08:39.518240Z", "trace_id": "662e173bb9189c5cced51b2fa1750ba5"}
api-1       | INFO:     172.18.0.1:46682 - "GET /api/v1/runs/55eeef00-075c-45ec-8cee-02acecd2d1dc HTTP/1.1" 200 OK
api-1       | {"api_key_prefix": "evk_f2eea7ceb47c", "duration_ms": 41.274, "event": "http_request_completed", "level": "info", "method": "GET", "outcome": "success", "path": "/api/v1/runs/55eeef00-075c-45ec-8cee-02acecd2d1dc", "request_id": "90c38b71-bb43-4c8c-882c-9a122d1f26bf", "status_code": 200, "tenant_id": "af38dd83-ad35-4947-b935-ca7cc6357e17", "timestamp": "2026-08-08T08:08:40.061886Z", "trace_id": "41668e159d21aaf75a9da7fd928c5083"}
api-1       | INFO:     172.18.0.1:46682 - "GET /api/v1/runs/55eeef00-075c-45ec-8cee-02acecd2d1dc HTTP/1.1" 200 OK
api-1       | {"api_key_prefix": "evk_f2eea7ceb47c", "duration_ms": 42.0, "event": "http_request_completed", "level": "info", "method": "GET", "outcome": "success", "path": "/api/v1/runs/55eeef00-075c-45ec-8cee-02acecd2d1dc", "request_id": "6907cc2d-06ed-41c3-8204-3771e15a6990", "status_code": 200, "tenant_id": "af38dd83-ad35-4947-b935-ca7cc6357e17", "timestamp": "2026-08-08T08:08:40.606275Z", "trace_id": "472e0b2fcadc44b78243810755a36baa"}
api-1       | INFO:     172.18.0.1:46682 - "GET /api/v1/runs/55eeef00-075c-45ec-8cee-02acecd2d1dc HTTP/1.1" 200 OK
api-1       | {"api_key_prefix": "evk_f2eea7ceb47c", "duration_ms": 41.338, "event": "http_request_completed", "level": "info", "method": "GET", "outcome": "success", "path": "/api/v1/runs/55eeef00-075c-45ec-8cee-02acecd2d1dc", "request_id": "43fb0427-55ff-4f1e-83ef-d1a8f5d60332", "status_code": 200, "tenant_id": "af38dd83-ad35-4947-b935-ca7cc6357e17", "timestamp": "2026-08-08T08:08:41.149842Z", "trace_id": "2d217b3269f23fa71028f34a56e5d756"}
api-1       | INFO:     172.18.0.1:46682 - "GET /api/v1/runs/55eeef00-075c-45ec-8cee-02acecd2d1dc HTTP/1.1" 200 OK
api-1       | {"api_key_prefix": "evk_f2eea7ceb47c", "duration_ms": 41.463, "event": "http_request_completed", "level": "info", "method": "GET", "outcome": "success", "path": "/api/v1/runs/55eeef00-075c-45ec-8cee-02acecd2d1dc", "request_id": "866c88a7-e84d-4e57-b42f-3a2ecec3721e", "status_code": 200, "tenant_id": "af38dd83-ad35-4947-b935-ca7cc6357e17", "timestamp": "2026-08-08T08:08:41.693666Z", "trace_id": "f0a66f4b0be07074eca873d828c390de"}
api-1       | INFO:     172.18.0.1:46682 - "GET /api/v1/runs/55eeef00-075c-45ec-8cee-02acecd2d1dc HTTP/1.1" 200 OK
api-1       | {"api_key_prefix": "evk_f2eea7ceb47c", "duration_ms": 41.343, "event": "http_request_completed", "level": "info", "method": "GET", "outcome": "success", "path": "/api/v1/runs/55eeef00-075c-45ec-8cee-02acecd2d1dc", "request_id": "650e382b-c60a-4eca-bb45-446fcf5519b4", "status_code": 200, "tenant_id": "af38dd83-ad35-4947-b935-ca7cc6357e17", "timestamp": "2026-08-08T08:08:42.237588Z", "trace_id": "363ec074beecdf9cd223b3fa13682c43"}
api-1       | INFO:     172.18.0.1:46682 - "GET /api/v1/runs/55eeef00-075c-45ec-8cee-02acecd2d1dc HTTP/1.1" 200 OK
api-1       | {"api_key_prefix": "evk_f2eea7ceb47c", "duration_ms": 41.599, "event": "http_request_completed", "level": "info", "method": "GET", "outcome": "success", "path": "/api/v1/runs/55eeef00-075c-45ec-8cee-02acecd2d1dc", "request_id": "d7222c58-5bda-40e3-ba4c-bed09be026b8", "status_code": 200, "tenant_id": "af38dd83-ad35-4947-b935-ca7cc6357e17", "timestamp": "2026-08-08T08:08:42.781705Z", "trace_id": "4790ea17dee06cebcce7e19278f194e9"}
api-1       | {"event": "Context impl PostgresqlImpl.", "level": "info", "request_id": "8004d3f4-6f4f-43dd-876a-7af7e9d7c9e6", "timestamp": "2026-08-08T08:08:43.208796Z", "trace_id": "52d8c0b4ce5472b1a0a04ffccabb6542"}
api-1       | {"event": "Will assume transactional DDL.", "level": "info", "request_id": "8004d3f4-6f4f-43dd-876a-7af7e9d7c9e6", "timestamp": "2026-08-08T08:08:43.208889Z", "trace_id": "52d8c0b4ce5472b1a0a04ffccabb6542"}
api-1       | INFO:     127.0.0.1:39292 - "GET /health/ready HTTP/1.1" 200 OK
api-1       | {"duration_ms": 17.286, "event": "http_request_completed", "level": "info", "method": "GET", "outcome": "success", "path": "/health/ready", "request_id": "8004d3f4-6f4f-43dd-876a-7af7e9d7c9e6", "status_code": 200, "timestamp": "2026-08-08T08:08:43.214304Z", "trace_id": "52d8c0b4ce5472b1a0a04ffccabb6542"}
api-1       | INFO:     172.18.0.1:46682 - "GET /api/v1/runs/55eeef00-075c-45ec-8cee-02acecd2d1dc HTTP/1.1" 200 OK
api-1       | {"api_key_prefix": "evk_f2eea7ceb47c", "duration_ms": 41.228, "event": "http_request_completed", "level": "info", "method": "GET", "outcome": "success", "path": "/api/v1/runs/55eeef00-075c-45ec-8cee-02acecd2d1dc", "request_id": "6dbad367-872c-4b48-888b-820db4435a0b", "status_code": 200, "tenant_id": "af38dd83-ad35-4947-b935-ca7cc6357e17", "timestamp": "2026-08-08T08:08:43.325339Z", "trace_id": "bb73f70de7572886129dc5af31f1e25c"}
api-1       | INFO:     172.18.0.1:46682 - "GET /api/v1/runs/55eeef00-075c-45ec-8cee-02acecd2d1dc HTTP/1.1" 200 OK
api-1       | {"api_key_prefix": "evk_f2eea7ceb47c", "duration_ms": 41.646, "event": "http_request_completed", "level": "info", "method": "GET", "outcome": "success", "path": "/api/v1/runs/55eeef00-075c-45ec-8cee-02acecd2d1dc", "request_id": "3ed148b2-b27a-4ee2-adec-5b6e1f2e1942", "status_code": 200, "tenant_id": "af38dd83-ad35-4947-b935-ca7cc6357e17", "timestamp": "2026-08-08T08:08:43.869318Z", "trace_id": "58d38ee1fb3c07db29c61cba808f5b6d"}
api-1       | INFO:     172.18.0.1:46682 - "GET /api/v1/runs/55eeef00-075c-45ec-8cee-02acecd2d1dc HTTP/1.1" 200 OK
api-1       | {"api_key_prefix": "evk_f2eea7ceb47c", "duration_ms": 41.292, "event": "http_request_completed", "level": "info", "method": "GET", "outcome": "success", "path": "/api/v1/runs/55eeef00-075c-45ec-8cee-02acecd2d1dc", "request_id": "b2049dbd-7a00-4384-9fb4-7718332c2932", "status_code": 200, "tenant_id": "af38dd83-ad35-4947-b935-ca7cc6357e17", "timestamp": "2026-08-08T08:08:44.413035Z", "trace_id": "27c30013c98c4b12ef4a0cdfc2fbff03"}
api-1       | INFO:     172.18.0.1:46682 - "GET /api/v1/runs/55eeef00-075c-45ec-8cee-02acecd2d1dc HTTP/1.1" 200 OK
api-1       | {"api_key_prefix": "evk_f2eea7ceb47c", "duration_ms": 42.48, "event": "http_request_completed", "level": "info", "method": "GET", "outcome": "success", "path": "/api/v1/runs/55eeef00-075c-45ec-8cee-02acecd2d1dc", "request_id": "12843d93-f2ac-4134-af2c-04b2c85feff4", "status_code": 200, "tenant_id": "af38dd83-ad35-4947-b935-ca7cc6357e17", "timestamp": "2026-08-08T08:08:44.957859Z", "trace_id": "e7610da7c590e71862b256903a0da8d1"}
api-1       | INFO:     172.18.0.1:46682 - "GET /api/v1/runs/55eeef00-075c-45ec-8cee-02acecd2d1dc HTTP/1.1" 200 OK
api-1       | {"api_key_prefix": "evk_f2eea7ceb47c", "duration_ms": 40.549, "event": "http_request_completed", "level": "info", "method": "GET", "outcome": "success", "path": "/api/v1/runs/55eeef00-075c-45ec-8cee-02acecd2d1dc", "request_id": "397e2ce1-e514-4d83-961f-9536701719e3", "status_code": 200, "tenant_id": "af38dd83-ad35-4947-b935-ca7cc6357e17", "timestamp": "2026-08-08T08:08:45.500825Z", "trace_id": "eb553847c60610f560a533a9564ad8e7"}
api-1       | INFO:     172.18.0.1:46682 - "GET /api/v1/runs/55eeef00-075c-45ec-8cee-02acecd2d1dc HTTP/1.1" 200 OK
api-1       | {"api_key_prefix": "evk_f2eea7ceb47c", "duration_ms": 43.059, "event": "http_request_completed", "level": "info", "method": "GET", "outcome": "success", "path": "/api/v1/runs/55eeef00-075c-45ec-8cee-02acecd2d1dc", "request_id": "3ed1a357-b5a0-437e-9ac3-de0c4525a7a5", "status_code": 200, "tenant_id": "af38dd83-ad35-4947-b935-ca7cc6357e17", "timestamp": "2026-08-08T08:08:46.046192Z", "trace_id": "d8617a51c8cfffb125ea30c518a9cbbf"}
api-1       | INFO:     172.18.0.1:46682 - "GET /api/v1/runs/55eeef00-075c-45ec-8cee-02acecd2d1dc HTTP/1.1" 200 OK
api-1       | {"api_key_prefix": "evk_f2eea7ceb47c", "duration_ms": 41.52, "event": "http_request_completed", "level": "info", "method": "GET", "outcome": "success", "path": "/api/v1/runs/55eeef00-075c-45ec-8cee-02acecd2d1dc", "request_id": "abe7729a-95a2-4f80-b027-b07be6d1867c", "status_code": 200, "tenant_id": "af38dd83-ad35-4947-b935-ca7cc6357e17", "timestamp": "2026-08-08T08:08:46.590369Z", "trace_id": "e2da7b28bd6c071490ffd620a9b115ac"}
api-1       | INFO:     172.18.0.1:46682 - "GET /api/v1/runs/55eeef00-075c-45ec-8cee-02acecd2d1dc HTTP/1.1" 200 OK
api-1       | {"api_key_prefix": "evk_f2eea7ceb47c", "duration_ms": 41.755, "event": "http_request_completed", "level": "info", "method": "GET", "outcome": "success", "path": "/api/v1/runs/55eeef00-075c-45ec-8cee-02acecd2d1dc", "request_id": "3ab35253-08de-4144-9ecb-55ca250bf8e8", "status_code": 200, "tenant_id": "af38dd83-ad35-4947-b935-ca7cc6357e17", "timestamp": "2026-08-08T08:08:47.134538Z", "trace_id": "66ccefcbfe0aa141d479f833f28475f4"}
api-1       | INFO:     172.18.0.1:46682 - "GET /api/v1/runs/55eeef00-075c-45ec-8cee-02acecd2d1dc HTTP/1.1" 200 OK
api-1       | {"api_key_prefix": "evk_f2eea7ceb47c", "duration_ms": 41.507, "event": "http_request_completed", "level": "info", "method": "GET", "outcome": "success", "path": "/api/v1/runs/55eeef00-075c-45ec-8cee-02acecd2d1dc", "request_id": "17ec5756-4d28-4da0-bb53-05a8c406b318", "status_code": 200, "tenant_id": "af38dd83-ad35-4947-b935-ca7cc6357e17", "timestamp": "2026-08-08T08:08:47.678335Z", "trace_id": "446e15a9e72e7f3069e93a2a1dc630be"}
api-1       | INFO:     172.18.0.1:46682 - "GET /api/v1/runs/55eeef00-075c-45ec-8cee-02acecd2d1dc HTTP/1.1" 200 OK
api-1       | {"api_key_prefix": "evk_f2eea7ceb47c", "duration_ms": 41.496, "event": "http_request_completed", "level": "info", "method": "GET", "outcome": "success", "path": "/api/v1/runs/55eeef00-075c-45ec-8cee-02acecd2d1dc", "request_id": "595898b0-7ee7-40ca-9bbf-54245e6d79da", "status_code": 200, "tenant_id": "af38dd83-ad35-4947-b935-ca7cc6357e17", "timestamp": "2026-08-08T08:08:48.222131Z", "trace_id": "94060fb316c48ed4395ac2d18808d1b6"}
api-1       | {"event": "Context impl PostgresqlImpl.", "level": "info", "request_id": "db951b3a-cab6-4053-9f46-89c70ae2b970", "timestamp": "2026-08-08T08:08:48.445902Z", "trace_id": "b08ae02eb89106c33d1081ee8a2edbcc"}
api-1       | {"event": "Will assume transactional DDL.", "level": "info", "request_id": "db951b3a-cab6-4053-9f46-89c70ae2b970", "timestamp": "2026-08-08T08:08:48.446002Z", "trace_id": "b08ae02eb89106c33d1081ee8a2edbcc"}
api-1       | INFO:     127.0.0.1:52820 - "GET /health/ready HTTP/1.1" 200 OK
api-1       | {"duration_ms": 14.182, "event": "http_request_completed", "level": "info", "method": "GET", "outcome": "success", "path": "/health/ready", "request_id": "db951b3a-cab6-4053-9f46-89c70ae2b970", "status_code": 200, "timestamp": "2026-08-08T08:08:48.448087Z", "trace_id": "b08ae02eb89106c33d1081ee8a2edbcc"}
api-1       | INFO:     172.18.0.1:46682 - "GET /api/v1/runs/55eeef00-075c-45ec-8cee-02acecd2d1dc HTTP/1.1" 200 OK
api-1       | {"api_key_prefix": "evk_f2eea7ceb47c", "duration_ms": 40.991, "event": "http_request_completed", "level": "info", "method": "GET", "outcome": "success", "path": "/api/v1/runs/55eeef00-075c-45ec-8cee-02acecd2d1dc", "request_id": "64863c7b-0c60-4ca9-8ce0-774c4db2402e", "status_code": 200, "tenant_id": "af38dd83-ad35-4947-b935-ca7cc6357e17", "timestamp": "2026-08-08T08:08:48.765490Z", "trace_id": "dc4dcb00b53541f9a17294fdc47b6df4"}
api-1       | INFO:     172.18.0.1:46682 - "GET /api/v1/runs/55eeef00-075c-45ec-8cee-02acecd2d1dc HTTP/1.1" 200 OK
api-1       | {"api_key_prefix": "evk_f2eea7ceb47c", "duration_ms": 41.117, "event": "http_request_completed", "level": "info", "method": "GET", "outcome": "success", "path": "/api/v1/runs/55eeef00-075c-45ec-8cee-02acecd2d1dc", "request_id": "2f4812ef-0c57-48c4-8b5e-8010a5b847bf", "status_code": 200, "tenant_id": "af38dd83-ad35-4947-b935-ca7cc6357e17", "timestamp": "2026-08-08T08:08:49.308917Z", "trace_id": "5c60b018b259a5e6ee91f1b9e058d11f"}
api-1       | INFO:     172.18.0.1:46682 - "GET /api/v1/runs/55eeef00-075c-45ec-8cee-02acecd2d1dc HTTP/1.1" 200 OK
api-1       | {"api_key_prefix": "evk_f2eea7ceb47c", "duration_ms": 40.936, "event": "http_request_completed", "level": "info", "method": "GET", "outcome": "success", "path": "/api/v1/runs/55eeef00-075c-45ec-8cee-02acecd2d1dc", "request_id": "f1809ccf-6a49-4099-85ce-56c58b8fe128", "status_code": 200, "tenant_id": "af38dd83-ad35-4947-b935-ca7cc6357e17", "timestamp": "2026-08-08T08:08:49.852266Z", "trace_id": "c7bee5cc299f3b5f4ce5cd2079ebefa9"}
api-1       | INFO:     172.18.0.1:46682 - "GET /api/v1/runs/55eeef00-075c-45ec-8cee-02acecd2d1dc HTTP/1.1" 200 OK
api-1       | {"api_key_prefix": "evk_f2eea7ceb47c", "duration_ms": 44.309, "event": "http_request_completed", "level": "info", "method": "GET", "outcome": "success", "path": "/api/v1/runs/55eeef00-075c-45ec-8cee-02acecd2d1dc", "request_id": "7dad07b2-740e-4632-a902-0f09779f26f6", "status_code": 200, "tenant_id": "af38dd83-ad35-4947-b935-ca7cc6357e17", "timestamp": "2026-08-08T08:08:50.399112Z", "trace_id": "9d24d3bf53dbfb2c8befee935c4b87a1"}
api-1       | INFO:     172.18.0.1:46682 - "GET /api/v1/runs/55eeef00-075c-45ec-8cee-02acecd2d1dc HTTP/1.1" 200 OK
api-1       | {"api_key_prefix": "evk_f2eea7ceb47c", "duration_ms": 41.171, "event": "http_request_completed", "level": "info", "method": "GET", "outcome": "success", "path": "/api/v1/runs/55eeef00-075c-45ec-8cee-02acecd2d1dc", "request_id": "409b77d1-9636-4f90-9bc7-48543936aa7e", "status_code": 200, "tenant_id": "af38dd83-ad35-4947-b935-ca7cc6357e17", "timestamp": "2026-08-08T08:08:50.942796Z", "trace_id": "9a749ec85d80e32fb30e86bc34e3876b"}
api-1       | INFO:     172.18.0.1:46682 - "GET /api/v1/runs/55eeef00-075c-45ec-8cee-02acecd2d1dc HTTP/1.1" 200 OK
api-1       | {"api_key_prefix": "evk_f2eea7ceb47c", "duration_ms": 41.002, "event": "http_request_completed", "level": "info", "method": "GET", "outcome": "success", "path": "/api/v1/runs/55eeef00-075c-45ec-8cee-02acecd2d1dc", "request_id": "de7354f5-663f-4822-a2ca-10e4cd884090", "status_code": 200, "tenant_id": "af38dd83-ad35-4947-b935-ca7cc6357e17", "timestamp": "2026-08-08T08:08:51.486155Z", "trace_id": "e8a7daba1d581c0ec0033eb26dd91ece"}
api-1       | INFO:     172.18.0.1:46682 - "GET /api/v1/runs/55eeef00-075c-45ec-8cee-02acecd2d1dc HTTP/1.1" 200 OK
api-1       | {"api_key_prefix": "evk_f2eea7ceb47c", "duration_ms": 41.485, "event": "http_request_completed", "level": "info", "method": "GET", "outcome": "success", "path": "/api/v1/runs/55eeef00-075c-45ec-8cee-02acecd2d1dc", "request_id": "48bd3e5e-1a1d-4908-bd3c-eeaaa9e00344", "status_code": 200, "tenant_id": "af38dd83-ad35-4947-b935-ca7cc6357e17", "timestamp": "2026-08-08T08:08:52.029982Z", "trace_id": "c24afb2789452812eceea42a0ec61806"}
api-1       | INFO:     172.18.0.1:46682 - "GET /api/v1/runs/55eeef00-075c-45ec-8cee-02acecd2d1dc HTTP/1.1" 200 OK
api-1       | {"api_key_prefix": "evk_f2eea7ceb47c", "duration_ms": 40.959, "event": "http_request_completed", "level": "info", "method": "GET", "outcome": "success", "path": "/api/v1/runs/55eeef00-075c-45ec-8cee-02acecd2d1dc", "request_id": "7bd33282-9fa8-4b3a-a269-21c3e6bc1122", "status_code": 200, "tenant_id": "af38dd83-ad35-4947-b935-ca7cc6357e17", "timestamp": "2026-08-08T08:08:52.573361Z", "trace_id": "9ab5eee44b6697d27adc7f99604844ee"}
api-1       | INFO:     172.18.0.1:46682 - "GET /api/v1/runs/55eeef00-075c-45ec-8cee-02acecd2d1dc HTTP/1.1" 200 OK
api-1       | {"api_key_prefix": "evk_f2eea7ceb47c", "duration_ms": 41.185, "event": "http_request_completed", "level": "info", "method": "GET", "outcome": "success", "path": "/api/v1/runs/55eeef00-075c-45ec-8cee-02acecd2d1dc", "request_id": "b37fa129-3ae4-4e67-8a37-1de73230d487", "status_code": 200, "tenant_id": "af38dd83-ad35-4947-b935-ca7cc6357e17", "timestamp": "2026-08-08T08:08:53.117013Z", "trace_id": "b6a5ab96c30d7d8b091da37314e7ff46"}
api-1       | INFO:     172.18.0.1:46682 - "GET /api/v1/runs/55eeef00-075c-45ec-8cee-02acecd2d1dc HTTP/1.1" 200 OK
api-1       | {"api_key_prefix": "evk_f2eea7ceb47c", "duration_ms": 62.918, "event": "http_request_completed", "level": "info", "method": "GET", "outcome": "success", "path": "/api/v1/runs/55eeef00-075c-45ec-8cee-02acecd2d1dc", "request_id": "0b73a861-7f9b-4aa0-acb8-6b064bdc5a41", "status_code": 200, "tenant_id": "af38dd83-ad35-4947-b935-ca7cc6357e17", "timestamp": "2026-08-08T08:08:53.682329Z", "trace_id": "dca590fe861091bfc371e91ecc5aaddf"}
api-1       | {"event": "Context impl PostgresqlImpl.", "level": "info", "request_id": "174dc8d3-77a3-4742-823e-13033ebad6b7", "timestamp": "2026-08-08T08:08:53.707110Z", "trace_id": "790ee969a6abc55c0f85000c1b0798d7"}
api-1       | {"event": "Will assume transactional DDL.", "level": "info", "request_id": "174dc8d3-77a3-4742-823e-13033ebad6b7", "timestamp": "2026-08-08T08:08:53.707199Z", "trace_id": "790ee969a6abc55c0f85000c1b0798d7"}
api-1       | INFO:     127.0.0.1:52822 - "GET /health/ready HTTP/1.1" 200 OK
api-1       | {"duration_ms": 13.084, "event": "http_request_completed", "level": "info", "method": "GET", "outcome": "success", "path": "/health/ready", "request_id": "174dc8d3-77a3-4742-823e-13033ebad6b7", "status_code": 200, "timestamp": "2026-08-08T08:08:53.708908Z", "trace_id": "790ee969a6abc55c0f85000c1b0798d7"}
api-1       | INFO:     172.18.0.1:46682 - "GET /api/v1/runs/55eeef00-075c-45ec-8cee-02acecd2d1dc HTTP/1.1" 200 OK
api-1       | {"api_key_prefix": "evk_f2eea7ceb47c", "duration_ms": 41.032, "event": "http_request_completed", "level": "info", "method": "GET", "outcome": "success", "path": "/api/v1/runs/55eeef00-075c-45ec-8cee-02acecd2d1dc", "request_id": "3b7551b0-3554-4ed0-b34d-fe42eb9a491b", "status_code": 200, "tenant_id": "af38dd83-ad35-4947-b935-ca7cc6357e17", "timestamp": "2026-08-08T08:08:54.225516Z", "trace_id": "e17a00a254a1061acae64412978d01de"}
api-1       | INFO:     172.18.0.1:46682 - "GET /api/v1/runs/55eeef00-075c-45ec-8cee-02acecd2d1dc HTTP/1.1" 200 OK
api-1       | {"api_key_prefix": "evk_f2eea7ceb47c", "duration_ms": 41.172, "event": "http_request_completed", "level": "info", "method": "GET", "outcome": "success", "path": "/api/v1/runs/55eeef00-075c-45ec-8cee-02acecd2d1dc", "request_id": "8df0d34d-bcdf-4444-9abe-42428f3f98d9", "status_code": 200, "tenant_id": "af38dd83-ad35-4947-b935-ca7cc6357e17", "timestamp": "2026-08-08T08:08:54.768999Z", "trace_id": "c7541673a4bd46e3602c423e27a5570e"}
api-1       | INFO:     172.18.0.1:46682 - "GET /api/v1/runs/55eeef00-075c-45ec-8cee-02acecd2d1dc HTTP/1.1" 200 OK
api-1       | {"api_key_prefix": "evk_f2eea7ceb47c", "duration_ms": 41.137, "event": "http_request_completed", "level": "info", "method": "GET", "outcome": "success", "path": "/api/v1/runs/55eeef00-075c-45ec-8cee-02acecd2d1dc", "request_id": "7b26365e-86d4-48fe-a52c-2a21c217592a", "status_code": 200, "tenant_id": "af38dd83-ad35-4947-b935-ca7cc6357e17", "timestamp": "2026-08-08T08:08:55.312743Z", "trace_id": "c10bd853596c7de52b74ff0625e510a3"}
api-1       | INFO:     172.18.0.1:46682 - "GET /api/v1/runs/55eeef00-075c-45ec-8cee-02acecd2d1dc HTTP/1.1" 200 OK
api-1       | {"api_key_prefix": "evk_f2eea7ceb47c", "duration_ms": 40.944, "event": "http_request_completed", "level": "info", "method": "GET", "outcome": "success", "path": "/api/v1/runs/55eeef00-075c-45ec-8cee-02acecd2d1dc", "request_id": "50e86d98-b5cb-4410-9850-670567f840e0", "status_code": 200, "tenant_id": "af38dd83-ad35-4947-b935-ca7cc6357e17", "timestamp": "2026-08-08T08:08:55.856067Z", "trace_id": "0c9aadf6274c563d5a53a1c723ac335d"}
api-1       | INFO:     172.18.0.1:46682 - "GET /api/v1/runs/55eeef00-075c-45ec-8cee-02acecd2d1dc HTTP/1.1" 200 OK
api-1       | {"api_key_prefix": "evk_f2eea7ceb47c", "duration_ms": 41.481, "event": "http_request_completed", "level": "info", "method": "GET", "outcome": "success", "path": "/api/v1/runs/55eeef00-075c-45ec-8cee-02acecd2d1dc", "request_id": "08db54b7-42f0-4304-9fe0-8bd90b8ce009", "status_code": 200, "tenant_id": "af38dd83-ad35-4947-b935-ca7cc6357e17", "timestamp": "2026-08-08T08:08:56.399899Z", "trace_id": "28a318aa8f152befbaeef71cf5bd3fbe"}
api-1       | INFO:     172.18.0.1:46682 - "GET /api/v1/runs/55eeef00-075c-45ec-8cee-02acecd2d1dc HTTP/1.1" 200 OK
api-1       | {"api_key_prefix": "evk_f2eea7ceb47c", "duration_ms": 41.407, "event": "http_request_completed", "level": "info", "method": "GET", "outcome": "success", "path": "/api/v1/runs/55eeef00-075c-45ec-8cee-02acecd2d1dc", "request_id": "0e337f5e-067f-47eb-b1b3-53aa2e8b641b", "status_code": 200, "tenant_id": "af38dd83-ad35-4947-b935-ca7cc6357e17", "timestamp": "2026-08-08T08:08:56.943731Z", "trace_id": "9cd20ac82170927038fdfa82822553d5"}
api-1       | INFO:     172.18.0.1:46682 - "GET /api/v1/runs/55eeef00-075c-45ec-8cee-02acecd2d1dc HTTP/1.1" 200 OK
api-1       | {"api_key_prefix": "evk_f2eea7ceb47c", "duration_ms": 41.623, "event": "http_request_completed", "level": "info", "method": "GET", "outcome": "success", "path": "/api/v1/runs/55eeef00-075c-45ec-8cee-02acecd2d1dc", "request_id": "a6bd3382-0dfb-4db9-9fab-7d845adf9b31", "status_code": 200, "tenant_id": "af38dd83-ad35-4947-b935-ca7cc6357e17", "timestamp": "2026-08-08T08:08:57.487705Z", "trace_id": "1d9026694916b83086b62f6394a8ba2d"}
api-1       | INFO:     172.18.0.1:46682 - "GET /api/v1/runs/55eeef00-075c-45ec-8cee-02acecd2d1dc HTTP/1.1" 200 OK
api-1       | {"api_key_prefix": "evk_f2eea7ceb47c", "duration_ms": 42.185, "event": "http_request_completed", "level": "info", "method": "GET", "outcome": "success", "path": "/api/v1/runs/55eeef00-075c-45ec-8cee-02acecd2d1dc", "request_id": "324f9b67-7983-41c0-86d4-b7177e7a8cf6", "status_code": 200, "tenant_id": "af38dd83-ad35-4947-b935-ca7cc6357e17", "timestamp": "2026-08-08T08:08:58.032314Z", "trace_id": "f2be374250453ed0b6e09ee65f4644ca"}
api-1       | INFO:     172.18.0.1:46682 - "GET /api/v1/runs/55eeef00-075c-45ec-8cee-02acecd2d1dc HTTP/1.1" 200 OK
api-1       | {"api_key_prefix": "evk_f2eea7ceb47c", "duration_ms": 41.165, "event": "http_request_completed", "level": "info", "method": "GET", "outcome": "success", "path": "/api/v1/runs/55eeef00-075c-45ec-8cee-02acecd2d1dc", "request_id": "64a24c4d-fd32-4c6a-82bd-65a45f2e0af1", "status_code": 200, "tenant_id": "af38dd83-ad35-4947-b935-ca7cc6357e17", "timestamp": "2026-08-08T08:08:58.575695Z", "trace_id": "7a38565b330eeaced8f045a92c90b5ae"}
api-1       | {"event": "Context impl PostgresqlImpl.", "level": "info", "request_id": "cd41b990-5d21-492c-a09c-bb10955a66c2", "timestamp": "2026-08-08T08:08:58.940309Z", "trace_id": "0a085691fcbe8f3e81e6450a946fbaf8"}
api-1       | {"event": "Will assume transactional DDL.", "level": "info", "request_id": "cd41b990-5d21-492c-a09c-bb10955a66c2", "timestamp": "2026-08-08T08:08:58.940407Z", "trace_id": "0a085691fcbe8f3e81e6450a946fbaf8"}
api-1       | INFO:     127.0.0.1:42744 - "GET /health/ready HTTP/1.1" 200 OK
api-1       | {"duration_ms": 13.636, "event": "http_request_completed", "level": "info", "method": "GET", "outcome": "success", "path": "/health/ready", "request_id": "cd41b990-5d21-492c-a09c-bb10955a66c2", "status_code": 200, "timestamp": "2026-08-08T08:08:58.942234Z", "trace_id": "0a085691fcbe8f3e81e6450a946fbaf8"}
api-1       | INFO:     172.18.0.1:46682 - "GET /api/v1/runs/55eeef00-075c-45ec-8cee-02acecd2d1dc HTTP/1.1" 200 OK
api-1       | {"api_key_prefix": "evk_f2eea7ceb47c", "duration_ms": 40.953, "event": "http_request_completed", "level": "info", "method": "GET", "outcome": "success", "path": "/api/v1/runs/55eeef00-075c-45ec-8cee-02acecd2d1dc", "request_id": "e25c432c-b078-419f-a85f-2bf16fecef1c", "status_code": 200, "tenant_id": "af38dd83-ad35-4947-b935-ca7cc6357e17", "timestamp": "2026-08-08T08:08:59.118922Z", "trace_id": "7582a6882577b5e803c95c19b2049268"}
api-1       | INFO:     172.18.0.1:46682 - "GET /api/v1/runs/55eeef00-075c-45ec-8cee-02acecd2d1dc HTTP/1.1" 200 OK
api-1       | {"api_key_prefix": "evk_f2eea7ceb47c", "duration_ms": 41.234, "event": "http_request_completed", "level": "info", "method": "GET", "outcome": "success", "path": "/api/v1/runs/55eeef00-075c-45ec-8cee-02acecd2d1dc", "request_id": "562cf4c9-fdbc-4836-a136-e47cef0e019c", "status_code": 200, "tenant_id": "af38dd83-ad35-4947-b935-ca7cc6357e17", "timestamp": "2026-08-08T08:08:59.662536Z", "trace_id": "1c9bcd23b1576a97177289e0ac097cc9"}
api-1       | INFO:     172.18.0.1:46682 - "GET /api/v1/runs/55eeef00-075c-45ec-8cee-02acecd2d1dc HTTP/1.1" 200 OK
api-1       | {"api_key_prefix": "evk_f2eea7ceb47c", "duration_ms": 40.871, "event": "http_request_completed", "level": "info", "method": "GET", "outcome": "success", "path": "/api/v1/runs/55eeef00-075c-45ec-8cee-02acecd2d1dc", "request_id": "8a2a5a5b-9957-4912-accf-146ea9cfe1b5", "status_code": 200, "tenant_id": "af38dd83-ad35-4947-b935-ca7cc6357e17", "timestamp": "2026-08-08T08:09:00.205885Z", "trace_id": "ac2f1394187d5416e12f6247a3ebc39a"}
redis-1     | 1:M 08 Aug 2026 08:10:26.333 # Redis is now ready to exit, bye bye...
redis-1     | Starting Redis Server
redis-1     | 1:C 08 Aug 2026 08:10:27.930 # WARNING Memory overcommit must be enabled! Without it, a background save or replication may fail under low memory condition. Being disabled, it can also cause failures without low memory condition, see https://github.com/jemalloc/jemalloc/issues/1328. To fix this issue add 'vm.overcommit_memory = 1' to /etc/sysctl.conf and then reboot or run the command 'sysctl vm.overcommit_memory=1' for this to take effect.
redis-1     | 1:M 08 Aug 2026 08:10:27.937 # WARNING: Redis does not require authentication and is not protected by network restrictions. Redis will accept connections from any IP address on any network interface.
redis-1     | 1:signal-handler (1786176694) Received SIGTERM scheduling shutdown...
redis-1     | 1:M 08 Aug 2026 08:11:34.537 # Redis is now ready to exit, bye bye...
api-1       | INFO:     172.18.0.1:46682 - "GET /api/v1/runs/55eeef00-075c-45ec-8cee-02acecd2d1dc HTTP/1.1" 200 OK
api-1       | {"api_key_prefix": "evk_f2eea7ceb47c", "duration_ms": 41.327, "event": "http_request_completed", "level": "info", "method": "GET", "outcome": "success", "path": "/api/v1/runs/55eeef00-075c-45ec-8cee-02acecd2d1dc", "request_id": "71838e41-6c75-4cf1-a06c-e297d343b7be", "status_code": 200, "tenant_id": "af38dd83-ad35-4947-b935-ca7cc6357e17", "timestamp": "2026-08-08T08:09:00.749649Z", "trace_id": "8664d429421f41e29993608864ef4dc0"}
api-1       | INFO:     172.18.0.1:46682 - "GET /api/v1/runs/55eeef00-075c-45ec-8cee-02acecd2d1dc HTTP/1.1" 200 OK
api-1       | {"api_key_prefix": "evk_f2eea7ceb47c", "duration_ms": 41.045, "event": "http_request_completed", "level": "info", "method": "GET", "outcome": "success", "path": "/api/v1/runs/55eeef00-075c-45ec-8cee-02acecd2d1dc", "request_id": "8529502d-2edd-4617-8a4b-59135a31e139", "status_code": 200, "tenant_id": "af38dd83-ad35-4947-b935-ca7cc6357e17", "timestamp": "2026-08-08T08:09:01.293138Z", "trace_id": "5bc730ae26623f381f8dc882a3135d6a"}
api-1       | INFO:     172.18.0.1:46682 - "GET /api/v1/runs/55eeef00-075c-45ec-8cee-02acecd2d1dc HTTP/1.1" 200 OK
api-1       | {"api_key_prefix": "evk_f2eea7ceb47c", "duration_ms": 41.499, "event": "http_request_completed", "level": "info", "method": "GET", "outcome": "success", "path": "/api/v1/runs/55eeef00-075c-45ec-8cee-02acecd2d1dc", "request_id": "6e571b29-aae1-4c00-b742-c4c43ec52f83", "status_code": 200, "tenant_id": "af38dd83-ad35-4947-b935-ca7cc6357e17", "timestamp": "2026-08-08T08:09:01.837032Z", "trace_id": "f239808cd3c4184629ed50074b254451"}
api-1       | INFO:     172.18.0.1:46682 - "GET /api/v1/runs/55eeef00-075c-45ec-8cee-02acecd2d1dc HTTP/1.1" 200 OK
api-1       | {"api_key_prefix": "evk_f2eea7ceb47c", "duration_ms": 40.933, "event": "http_request_completed", "level": "info", "method": "GET", "outcome": "success", "path": "/api/v1/runs/55eeef00-075c-45ec-8cee-02acecd2d1dc", "request_id": "a5b33192-8631-4149-bc96-48d38655f4fd", "status_code": 200, "tenant_id": "af38dd83-ad35-4947-b935-ca7cc6357e17", "timestamp": "2026-08-08T08:09:02.380331Z", "trace_id": "cb9eea335b31ad50b1deddda93217e0a"}
api-1       | INFO:     172.18.0.1:46682 - "GET /api/v1/runs/55eeef00-075c-45ec-8cee-02acecd2d1dc HTTP/1.1" 200 OK
api-1       | {"api_key_prefix": "evk_f2eea7ceb47c", "duration_ms": 41.322, "event": "http_request_completed", "level": "info", "method": "GET", "outcome": "success", "path": "/api/v1/runs/55eeef00-075c-45ec-8cee-02acecd2d1dc", "request_id": "ca8fb572-1659-4432-98b5-c4f40ac9932b", "status_code": 200, "tenant_id": "af38dd83-ad35-4947-b935-ca7cc6357e17", "timestamp": "2026-08-08T08:09:02.924057Z", "trace_id": "f18a1d9256040256f9f030fcbab19366"}
api-1       | INFO:     172.18.0.1:46682 - "GET /api/v1/runs/55eeef00-075c-45ec-8cee-02acecd2d1dc HTTP/1.1" 200 OK
api-1       | {"api_key_prefix": "evk_f2eea7ceb47c", "duration_ms": 40.913, "event": "http_request_completed", "level": "info", "method": "GET", "outcome": "success", "path": "/api/v1/runs/55eeef00-075c-45ec-8cee-02acecd2d1dc", "request_id": "6a6b192f-b200-4c41-9e6a-b1b1146ba6ed", "status_code": 200, "tenant_id": "af38dd83-ad35-4947-b935-ca7cc6357e17", "timestamp": "2026-08-08T08:09:03.467320Z", "trace_id": "62d6c3910f47cfb61c4b4250cde417dd"}
api-1       | INFO:     172.18.0.1:46682 - "GET /api/v1/runs/55eeef00-075c-45ec-8cee-02acecd2d1dc HTTP/1.1" 200 OK
api-1       | {"api_key_prefix": "evk_f2eea7ceb47c", "duration_ms": 96.567, "event": "http_request_completed", "level": "info", "method": "GET", "outcome": "success", "path": "/api/v1/runs/55eeef00-075c-45ec-8cee-02acecd2d1dc", "request_id": "eaaa2b6b-03a8-42a8-9bb4-73b3562be1d6", "status_code": 200, "tenant_id": "af38dd83-ad35-4947-b935-ca7cc6357e17", "timestamp": "2026-08-08T08:09:04.066137Z", "trace_id": "68b84d17530b53bcbd1958c3e0941281"}
api-1       | {"claimed": 1, "event": "outbox_dispatch_batch_completed", "lease_lost": 0, "level": "info", "published": 1, "retry_scheduled": 0, "role": "outbox_dispatcher", "timestamp": "2026-08-08T08:09:04.072713Z"}
api-1       | {"event": "Context impl PostgresqlImpl.", "level": "info", "request_id": "1ef6545b-6556-40ca-a891-8df4dab4649c", "timestamp": "2026-08-08T08:09:04.228018Z", "trace_id": "025dee1197226b9f40b59d145de4cf25"}
api-1       | {"event": "Will assume transactional DDL.", "level": "info", "request_id": "1ef6545b-6556-40ca-a891-8df4dab4649c", "timestamp": "2026-08-08T08:09:04.228110Z", "trace_id": "025dee1197226b9f40b59d145de4cf25"}
api-1       | INFO:     127.0.0.1:42754 - "GET /health/ready HTTP/1.1" 200 OK
api-1       | {"duration_ms": 14.025, "event": "http_request_completed", "level": "info", "method": "GET", "outcome": "success", "path": "/health/ready", "request_id": "1ef6545b-6556-40ca-a891-8df4dab4649c", "status_code": 200, "timestamp": "2026-08-08T08:09:04.229898Z", "trace_id": "025dee1197226b9f40b59d145de4cf25"}
api-1       | INFO:     172.18.0.1:46682 - "GET /api/v1/runs/55eeef00-075c-45ec-8cee-02acecd2d1dc HTTP/1.1" 200 OK
api-1       | {"api_key_prefix": "evk_f2eea7ceb47c", "duration_ms": 41.772, "event": "http_request_completed", "level": "info", "method": "GET", "outcome": "success", "path": "/api/v1/runs/55eeef00-075c-45ec-8cee-02acecd2d1dc", "request_id": "09a41056-d00b-4b3f-bad8-42f0bd676860", "status_code": 200, "tenant_id": "af38dd83-ad35-4947-b935-ca7cc6357e17", "timestamp": "2026-08-08T08:09:04.610100Z", "trace_id": "0c08e3d095c72634794796b9da1b7d38"}
api-1       | {"claimed": 1, "event": "outbox_dispatch_batch_completed", "lease_lost": 0, "level": "info", "published": 1, "retry_scheduled": 0, "role": "outbox_dispatcher", "timestamp": "2026-08-08T08:09:05.081288Z"}
api-1       | INFO:     172.18.0.1:46682 - "GET /api/v1/runs/55eeef00-075c-45ec-8cee-02acecd2d1dc HTTP/1.1" 200 OK
api-1       | {"api_key_prefix": "evk_f2eea7ceb47c", "duration_ms": 40.43, "event": "http_request_completed", "level": "info", "method": "GET", "outcome": "success", "path": "/api/v1/runs/55eeef00-075c-45ec-8cee-02acecd2d1dc", "request_id": "d134437a-4a71-4ef7-9983-02c812272c38", "status_code": 200, "tenant_id": "af38dd83-ad35-4947-b935-ca7cc6357e17", "timestamp": "2026-08-08T08:09:05.152760Z", "trace_id": "8c0cef25f9bf2c4f2c5d633fd1fbd206"}
api-1       | INFO:     172.18.0.1:46682 - "GET /api/v1/runs/55eeef00-075c-45ec-8cee-02acecd2d1dc HTTP/1.1" 200 OK
api-1       | {"api_key_prefix": "evk_f2eea7ceb47c", "duration_ms": 41.131, "event": "http_request_completed", "level": "info", "method": "GET", "outcome": "success", "path": "/api/v1/runs/55eeef00-075c-45ec-8cee-02acecd2d1dc", "request_id": "e3dd7777-0c55-4e4c-b3db-3285600441d9", "status_code": 200, "tenant_id": "af38dd83-ad35-4947-b935-ca7cc6357e17", "timestamp": "2026-08-08T08:09:05.696237Z", "trace_id": "2e83581daaa0506f4387485788a157f4"}
api-1       | INFO:     172.18.0.1:46682 - "GET /api/v1/runs/55eeef00-075c-45ec-8cee-02acecd2d1dc HTTP/1.1" 200 OK
api-1       | {"api_key_prefix": "evk_f2eea7ceb47c", "duration_ms": 41.131, "event": "http_request_completed", "level": "info", "method": "GET", "outcome": "success", "path": "/api/v1/runs/55eeef00-075c-45ec-8cee-02acecd2d1dc", "request_id": "5de29d87-197f-4508-ad1f-8d866e3b7ba6", "status_code": 200, "tenant_id": "af38dd83-ad35-4947-b935-ca7cc6357e17", "timestamp": "2026-08-08T08:09:06.239706Z", "trace_id": "e7f6bc1e719c27924e776b7ea40258f9"}
api-1       | INFO:     172.18.0.1:46682 - "GET /api/v1/runs/55eeef00-075c-45ec-8cee-02acecd2d1dc HTTP/1.1" 200 OK
api-1       | {"api_key_prefix": "evk_f2eea7ceb47c", "duration_ms": 41.636, "event": "http_request_completed", "level": "info", "method": "GET", "outcome": "success", "path": "/api/v1/runs/55eeef00-075c-45ec-8cee-02acecd2d1dc", "request_id": "fe8f5b5c-5d0c-4342-a1c8-7cfd7eb96e2c", "status_code": 200, "tenant_id": "af38dd83-ad35-4947-b935-ca7cc6357e17", "timestamp": "2026-08-08T08:09:06.783666Z", "trace_id": "387b436da2c5dcfc6769fc0bc96a7652"}
api-1       | INFO:     172.18.0.1:46682 - "GET /api/v1/runs/55eeef00-075c-45ec-8cee-02acecd2d1dc HTTP/1.1" 200 OK
api-1       | {"api_key_prefix": "evk_f2eea7ceb47c", "duration_ms": 41.32, "event": "http_request_completed", "level": "info", "method": "GET", "outcome": "success", "path": "/api/v1/runs/55eeef00-075c-45ec-8cee-02acecd2d1dc", "request_id": "982ad71a-0671-4117-a41c-e92dbd03dc31", "status_code": 200, "tenant_id": "af38dd83-ad35-4947-b935-ca7cc6357e17", "timestamp": "2026-08-08T08:09:07.327590Z", "trace_id": "01d3b86a2768acaede43e1345d3eb945"}
api-1       | INFO:     172.18.0.1:46682 - "GET /api/v1/runs/55eeef00-075c-45ec-8cee-02acecd2d1dc HTTP/1.1" 200 OK
api-1       | {"api_key_prefix": "evk_f2eea7ceb47c", "duration_ms": 41.233, "event": "http_request_completed", "level": "info", "method": "GET", "outcome": "success", "path": "/api/v1/runs/55eeef00-075c-45ec-8cee-02acecd2d1dc", "request_id": "b08ecfd7-5051-46e9-a956-f0ca24563603", "status_code": 200, "tenant_id": "af38dd83-ad35-4947-b935-ca7cc6357e17", "timestamp": "2026-08-08T08:09:07.871148Z", "trace_id": "ac2a8de5005f5447e84275e88efe5324"}
api-1       | INFO:     172.18.0.1:46682 - "GET /api/v1/runs/55eeef00-075c-45ec-8cee-02acecd2d1dc HTTP/1.1" 200 OK
api-1       | {"api_key_prefix": "evk_f2eea7ceb47c", "duration_ms": 42.627, "event": "http_request_completed", "level": "info", "method": "GET", "outcome": "success", "path": "/api/v1/runs/55eeef00-075c-45ec-8cee-02acecd2d1dc", "request_id": "592ce3b0-bd2e-4392-90a6-191316f9edd7", "status_code": 200, "tenant_id": "af38dd83-ad35-4947-b935-ca7cc6357e17", "timestamp": "2026-08-08T08:09:08.416312Z", "trace_id": "58e6b942ce532182405629b80c9146e8"}
api-1       | INFO:     172.18.0.1:46682 - "GET /api/v1/runs/55eeef00-075c-45ec-8cee-02acecd2d1dc HTTP/1.1" 200 OK
api-1       | {"api_key_prefix": "evk_f2eea7ceb47c", "duration_ms": 41.404, "event": "http_request_completed", "level": "info", "method": "GET", "outcome": "success", "path": "/api/v1/runs/55eeef00-075c-45ec-8cee-02acecd2d1dc", "request_id": "3a1144eb-45eb-4edf-bdc8-f90c8ea14294", "status_code": 200, "tenant_id": "af38dd83-ad35-4947-b935-ca7cc6357e17", "timestamp": "2026-08-08T08:09:08.960507Z", "trace_id": "17d2174dfc4632ca99def93ea7c34833"}
api-1       | {"event": "Context impl PostgresqlImpl.", "level": "info", "request_id": "5116b533-480e-4967-8c75-f765e3e5cfef", "timestamp": "2026-08-08T08:09:09.466898Z", "trace_id": "9747185e7983674a0f64bbf4bdd4597a"}
api-1       | {"event": "Will assume transactional DDL.", "level": "info", "request_id": "5116b533-480e-4967-8c75-f765e3e5cfef", "timestamp": "2026-08-08T08:09:09.467003Z", "trace_id": "9747185e7983674a0f64bbf4bdd4597a"}
api-1       | INFO:     127.0.0.1:40806 - "GET /health/ready HTTP/1.1" 200 OK
api-1       | {"duration_ms": 16.4, "event": "http_request_completed", "level": "info", "method": "GET", "outcome": "success", "path": "/health/ready", "request_id": "5116b533-480e-4967-8c75-f765e3e5cfef", "status_code": 200, "timestamp": "2026-08-08T08:09:09.468833Z", "trace_id": "9747185e7983674a0f64bbf4bdd4597a"}
api-1       | INFO:     172.18.0.1:46682 - "GET /api/v1/runs/55eeef00-075c-45ec-8cee-02acecd2d1dc HTTP/1.1" 200 OK
api-1       | {"api_key_prefix": "evk_f2eea7ceb47c", "duration_ms": 44.305, "event": "http_request_completed", "level": "info", "method": "GET", "outcome": "success", "path": "/api/v1/runs/55eeef00-075c-45ec-8cee-02acecd2d1dc", "request_id": "86505814-eae4-4d9f-b2ec-896abda8e510", "status_code": 200, "tenant_id": "af38dd83-ad35-4947-b935-ca7cc6357e17", "timestamp": "2026-08-08T08:09:09.507299Z", "trace_id": "1d939c577958a4bb7864836a4bc79438"}
api-1       | INFO:     172.18.0.1:46682 - "GET /api/v1/runs/55eeef00-075c-45ec-8cee-02acecd2d1dc HTTP/1.1" 200 OK
api-1       | {"api_key_prefix": "evk_f2eea7ceb47c", "duration_ms": 41.469, "event": "http_request_completed", "level": "info", "method": "GET", "outcome": "success", "path": "/api/v1/runs/55eeef00-075c-45ec-8cee-02acecd2d1dc", "request_id": "7cbeb4ef-6e8f-4990-9716-3f61e6f381f3", "status_code": 200, "tenant_id": "af38dd83-ad35-4947-b935-ca7cc6357e17", "timestamp": "2026-08-08T08:09:10.051178Z", "trace_id": "08d9b3275053ceaf39dcf52de7eda6cd"}
api-1       | {"claimed": 2, "event": "outbox_dispatch_batch_completed", "lease_lost": 0, "level": "info", "published": 2, "retry_scheduled": 0, "role": "outbox_dispatcher", "timestamp": "2026-08-08T08:09:10.119628Z"}
api-1       | INFO:     172.18.0.1:46682 - "POST /api/v1/datasets HTTP/1.1" 201 Created
api-1       | {"api_key_prefix": "evk_f2eea7ceb47c", "duration_ms": 41.973, "event": "http_request_completed", "level": "info", "method": "POST", "outcome": "success", "path": "/api/v1/datasets", "request_id": "fa113b3d-e36e-41f3-9bc2-b37fb5b3f451", "status_code": 201, "tenant_id": "af38dd83-ad35-4947-b935-ca7cc6357e17", "timestamp": "2026-08-08T08:09:10.860601Z", "trace_id": "813210474b3fcff15cdc9e1c57b6ea56"}
api-1       | INFO:     172.18.0.1:46682 - "POST /api/v1/datasets/790e7ec3-a79f-4eb6-a568-53159aa4f2cc/versions HTTP/1.1" 201 Created
redis-1     | Starting Redis Server
redis-1     | 1:C 08 Aug 2026 08:11:36.129 # WARNING Memory overcommit must be enabled! Without it, a background save or replication may fail under low memory condition. Being disabled, it can also cause failures without low memory condition, see https://github.com/jemalloc/jemalloc/issues/1328. To fix this issue add 'vm.overcommit_memory = 1' to /etc/sysctl.conf and then reboot or run the command 'sysctl vm.overcommit_memory=1' for this to take effect.
redis-1     | 1:M 08 Aug 2026 08:11:36.138 # WARNING: Redis does not require authentication and is not protected by network restrictions. Redis will accept connections from any IP address on any network interface.
api-1       | {"api_key_prefix": "evk_f2eea7ceb47c", "duration_ms": 47.814, "event": "http_request_completed", "level": "info", "method": "POST", "outcome": "success", "path": "/api/v1/datasets/790e7ec3-a79f-4eb6-a568-53159aa4f2cc/versions", "request_id": "30c47c79-c04d-45dd-a938-dbe8e8ef1f43", "status_code": 201, "tenant_id": "af38dd83-ad35-4947-b935-ca7cc6357e17", "timestamp": "2026-08-08T08:09:10.909913Z", "trace_id": "267f618a329841ae9ab0f0f0abd4b609"}
api-1       | INFO:     172.18.0.1:46682 - "POST /api/v1/runs HTTP/1.1" 202 Accepted
api-1       | {"api_key_prefix": "evk_f2eea7ceb47c", "duration_ms": 46.128, "event": "http_request_completed", "level": "info", "method": "POST", "outcome": "success", "path": "/api/v1/runs", "request_id": "12485bbe-2a67-4dcc-a54d-51cb11e1db96", "status_code": 202, "tenant_id": "af38dd83-ad35-4947-b935-ca7cc6357e17", "timestamp": "2026-08-08T08:09:10.957348Z", "trace_id": "a04161c8f15850013cd754098e32bc67"}
api-1       | INFO:     172.18.0.1:46682 - "POST /api/v1/datasets HTTP/1.1" 201 Created
api-1       | {"api_key_prefix": "evk_f2eea7ceb47c", "duration_ms": 41.524, "event": "http_request_completed", "level": "info", "method": "POST", "outcome": "success", "path": "/api/v1/datasets", "request_id": "4f895457-4b17-4759-b4fb-a7451bb2dd74", "status_code": 201, "tenant_id": "af38dd83-ad35-4947-b935-ca7cc6357e17", "timestamp": "2026-08-08T08:09:11.121998Z", "trace_id": "75321a4212373f7a39391ad151b6fe0a"}
api-1       | {"claimed": 2, "event": "outbox_dispatch_batch_completed", "lease_lost": 0, "level": "info", "published": 2, "retry_scheduled": 0, "role": "outbox_dispatcher", "timestamp": "2026-08-08T08:09:11.131175Z"}
api-1       | INFO:     172.18.0.1:46682 - "POST /api/v1/datasets/67e11bb9-f145-489f-8cb1-0a50a2ec30ff/versions HTTP/1.1" 201 Created
api-1       | {"api_key_prefix": "evk_f2eea7ceb47c", "duration_ms": 49.704, "event": "http_request_completed", "level": "info", "method": "POST", "outcome": "success", "path": "/api/v1/datasets/67e11bb9-f145-489f-8cb1-0a50a2ec30ff/versions", "request_id": "f26d6f41-e35e-473b-a94b-a366b4a3f822", "status_code": 201, "tenant_id": "af38dd83-ad35-4947-b935-ca7cc6357e17", "timestamp": "2026-08-08T08:09:11.173059Z", "trace_id": "0d9a95a20814700f3975b328ffa33e4c"}
api-1       | INFO:     172.18.0.1:46682 - "POST /api/v1/runs HTTP/1.1" 202 Accepted
api-1       | {"api_key_prefix": "evk_f2eea7ceb47c", "duration_ms": 44.194, "event": "http_request_completed", "level": "info", "method": "POST", "outcome": "success", "path": "/api/v1/runs", "request_id": "f70d06da-640b-49f6-a64b-ea23b12b6cb5", "status_code": 202, "tenant_id": "af38dd83-ad35-4947-b935-ca7cc6357e17", "timestamp": "2026-08-08T08:09:11.218677Z", "trace_id": "2fff0724f306b0b83a7bde7ecbceb2e3"}
api-1       | INFO:     172.18.0.1:46682 - "POST /api/v1/datasets HTTP/1.1" 201 Created
api-1       | {"api_key_prefix": "evk_f2eea7ceb47c", "duration_ms": 41.424, "event": "http_request_completed", "level": "info", "method": "POST", "outcome": "success", "path": "/api/v1/datasets", "request_id": "61116e75-5dca-4205-8350-1db379457736", "status_code": 201, "tenant_id": "af38dd83-ad35-4947-b935-ca7cc6357e17", "timestamp": "2026-08-08T08:09:11.337813Z", "trace_id": "8c445e2b19561a1f31d32b28889da6ae"}
api-1       | INFO:     172.18.0.1:46682 - "POST /api/v1/datasets/9b35a165-ec17-4df9-84ed-af360a72823f/versions HTTP/1.1" 201 Created
api-1       | {"api_key_prefix": "evk_f2eea7ceb47c", "duration_ms": 46.349, "event": "http_request_completed", "level": "info", "method": "POST", "outcome": "success", "path": "/api/v1/datasets/9b35a165-ec17-4df9-84ed-af360a72823f/versions", "request_id": "d263e97e-51f1-4d3e-a4a6-b186129f56ea", "status_code": 201, "tenant_id": "af38dd83-ad35-4947-b935-ca7cc6357e17", "timestamp": "2026-08-08T08:09:11.385578Z", "trace_id": "963caac74c3c0b982a4102cb63dbd2cc"}
api-1       | INFO:     172.18.0.1:46682 - "POST /api/v1/runs HTTP/1.1" 202 Accepted
api-1       | {"api_key_prefix": "evk_f2eea7ceb47c", "duration_ms": 44.536, "event": "http_request_completed", "level": "info", "method": "POST", "outcome": "success", "path": "/api/v1/runs", "request_id": "e70091b1-eae3-471f-9443-35b1abdd5e2b", "status_code": 202, "tenant_id": "af38dd83-ad35-4947-b935-ca7cc6357e17", "timestamp": "2026-08-08T08:09:11.431481Z", "trace_id": "8d5365af5ee9391ad3231ededb20c908"}
api-1       | INFO:     172.18.0.1:46682 - "POST /api/v1/datasets HTTP/1.1" 201 Created
api-1       | {"api_key_prefix": "evk_f2eea7ceb47c", "duration_ms": 41.46, "event": "http_request_completed", "level": "info", "method": "POST", "outcome": "success", "path": "/api/v1/datasets", "request_id": "ffb1e248-9d75-4526-9920-32b12b7f92a9", "status_code": 201, "tenant_id": "af38dd83-ad35-4947-b935-ca7cc6357e17", "timestamp": "2026-08-08T08:09:11.550383Z", "trace_id": "5a6b7199cffb80fa9b6cccd360c8e821"}
api-1       | INFO:     172.18.0.1:46682 - "POST /api/v1/datasets/ea751062-1f7a-4dd7-97d1-443ac9664931/versions HTTP/1.1" 201 Created
api-1       | {"api_key_prefix": "evk_f2eea7ceb47c", "duration_ms": 47.074, "event": "http_request_completed", "level": "info", "method": "POST", "outcome": "success", "path": "/api/v1/datasets/ea751062-1f7a-4dd7-97d1-443ac9664931/versions", "request_id": "3c4fe78f-118f-43d1-bbc0-962c96638074", "status_code": 201, "tenant_id": "af38dd83-ad35-4947-b935-ca7cc6357e17", "timestamp": "2026-08-08T08:09:11.598850Z", "trace_id": "8139da14f283b62526d6383ef96c5ca6"}
api-1       | {"claimed": 4, "event": "outbox_dispatch_batch_completed", "lease_lost": 0, "level": "info", "published": 4, "retry_scheduled": 0, "role": "outbox_dispatcher", "timestamp": "2026-08-08T08:09:11.666577Z"}
api-1       | INFO:     172.18.0.1:46682 - "POST /api/v1/runs HTTP/1.1" 202 Accepted
api-1       | {"api_key_prefix": "evk_f2eea7ceb47c", "duration_ms": 69.245, "event": "http_request_completed", "level": "info", "method": "POST", "outcome": "success", "path": "/api/v1/runs", "request_id": "3b34d3ee-eef9-4ad4-9966-fcc36507bb15", "status_code": 202, "tenant_id": "af38dd83-ad35-4947-b935-ca7cc6357e17", "timestamp": "2026-08-08T08:09:11.669500Z", "trace_id": "51643c242e029b080b68dd295da3b649"}
api-1       | {"claimed": 21, "event": "outbox_dispatch_batch_completed", "lease_lost": 0, "level": "info", "published": 21, "retry_scheduled": 0, "role": "outbox_dispatcher", "timestamp": "2026-08-08T08:09:12.266595Z"}
api-1       | INFO:     172.18.0.1:46682 - "POST /api/v1/datasets HTTP/1.1" 201 Created
api-1       | {"api_key_prefix": "evk_f2eea7ceb47c", "duration_ms": 71.294, "event": "http_request_completed", "level": "info", "method": "POST", "outcome": "success", "path": "/api/v1/datasets", "request_id": "2671455d-1de9-43c1-9b6f-aa20c9b9b33d", "status_code": 201, "tenant_id": "af38dd83-ad35-4947-b935-ca7cc6357e17", "timestamp": "2026-08-08T08:09:14.184568Z", "trace_id": "13de1deff4cfa50497a50e12e596bed2"}
api-1       | INFO:     172.18.0.1:46682 - "POST /api/v1/datasets/78fd1d18-18df-48a2-a4cb-8171fa941837/versions HTTP/1.1" 201 Created
api-1       | {"api_key_prefix": "evk_f2eea7ceb47c", "duration_ms": 74.352, "event": "http_request_completed", "level": "info", "method": "POST", "outcome": "success", "path": "/api/v1/datasets/78fd1d18-18df-48a2-a4cb-8171fa941837/versions", "request_id": "e41b4b71-fac7-43fd-98e3-f1961068ac75", "status_code": 201, "tenant_id": "af38dd83-ad35-4947-b935-ca7cc6357e17", "timestamp": "2026-08-08T08:09:14.260602Z", "trace_id": "d183369045a6b371bf6b8dfaa9fb9d77"}
api-1       | {"error_type": "ConnectionError", "event": "progress_event_publish_failed", "event_type": "job_retried", "level": "warning", "run_id": "81664720-abcc-4a1d-afa4-15bd032324b3", "tenant_id": "af38dd83-ad35-4947-b935-ca7cc6357e17", "timestamp": "2026-08-08T08:09:14.295599Z"}
api-1       | {"error_type": "ConnectionError", "event": "progress_event_publish_failed", "event_type": "job_retried", "level": "warning", "run_id": "a1e0f351-d502-4323-848b-cbd6a22871c3", "tenant_id": "af38dd83-ad35-4947-b935-ca7cc6357e17", "timestamp": "2026-08-08T08:09:14.296697Z"}
api-1       | {"claimed": 2, "event": "outbox_dispatch_batch_completed", "lease_lost": 0, "level": "info", "published": 0, "retry_scheduled": 2, "role": "outbox_dispatcher", "timestamp": "2026-08-08T08:09:14.303479Z"}
api-1       | INFO:     172.18.0.1:46682 - "POST /api/v1/runs HTTP/1.1" 202 Accepted
api-1       | {"api_key_prefix": "evk_f2eea7ceb47c", "duration_ms": 79.26, "event": "http_request_completed", "level": "info", "method": "POST", "outcome": "success", "path": "/api/v1/runs", "request_id": "abeb5672-4920-4b51-bc08-4881dc81eda8", "status_code": 202, "tenant_id": "af38dd83-ad35-4947-b935-ca7cc6357e17", "timestamp": "2026-08-08T08:09:14.341824Z", "trace_id": "0150ba1b36bc3fca90a925531df24bcc"}
api-1       | INFO:     172.18.0.1:46682 - "GET /api/v1/runs/bed04328-bfdc-4bf0-9c28-b8273461e0ee HTTP/1.1" 200 OK
api-1       | {"api_key_prefix": "evk_f2eea7ceb47c", "duration_ms": 64.245, "event": "http_request_completed", "level": "info", "method": "GET", "outcome": "success", "path": "/api/v1/runs/bed04328-bfdc-4bf0-9c28-b8273461e0ee", "request_id": "7833cafb-1b49-4330-bf3b-47dc9e3a84e2", "status_code": 200, "tenant_id": "af38dd83-ad35-4947-b935-ca7cc6357e17", "timestamp": "2026-08-08T08:09:14.406577Z", "trace_id": "617b8ac6be9a472bffbf229249d8e91b"}
api-1       | {"event": "Context impl PostgresqlImpl.", "level": "info", "request_id": "0443e93d-cae9-4887-8f53-db52362ac583", "timestamp": "2026-08-08T08:09:14.800892Z", "trace_id": "0f6afd03e7aa40bfc6a145adceac9c0f"}
api-1       | {"event": "Will assume transactional DDL.", "level": "info", "request_id": "0443e93d-cae9-4887-8f53-db52362ac583", "timestamp": "2026-08-08T08:09:14.801193Z", "trace_id": "0f6afd03e7aa40bfc6a145adceac9c0f"}
api-1       | INFO:     127.0.0.1:39904 - "GET /health/ready HTTP/1.1" 503 Service Unavailable
api-1       | {"duration_ms": 23.13, "event": "http_request_completed", "level": "info", "method": "GET", "outcome": "error", "path": "/health/ready", "request_id": "0443e93d-cae9-4887-8f53-db52362ac583", "status_code": 503, "timestamp": "2026-08-08T08:09:14.804125Z", "trace_id": "0f6afd03e7aa40bfc6a145adceac9c0f"}
api-1       | {"error_type": "ConnectionError", "event": "progress_event_publish_failed", "event_type": "job_retried", "level": "warning", "run_id": "ac612105-d39b-4264-996c-c09f69665b2e", "tenant_id": "af38dd83-ad35-4947-b935-ca7cc6357e17", "timestamp": "2026-08-08T08:09:14.829861Z"}
api-1       | {"error_type": "ConnectionError", "event": "progress_event_publish_failed", "event_type": "job_retried", "level": "warning", "run_id": "102e79f2-9fb4-4b99-94e8-22a694bb4d3c", "tenant_id": "af38dd83-ad35-4947-b935-ca7cc6357e17", "timestamp": "2026-08-08T08:09:14.832818Z"}
api-1       | {"error_type": "ConnectionError", "event": "progress_event_publish_failed", "event_type": "job_retried", "level": "warning", "run_id": "ac612105-d39b-4264-996c-c09f69665b2e", "tenant_id": "af38dd83-ad35-4947-b935-ca7cc6357e17", "timestamp": "2026-08-08T08:09:14.835452Z"}
api-1       | {"error_type": "ConnectionError", "event": "progress_event_publish_failed", "event_type": "job_retried", "level": "warning", "run_id": "ac612105-d39b-4264-996c-c09f69665b2e", "tenant_id": "af38dd83-ad35-4947-b935-ca7cc6357e17", "timestamp": "2026-08-08T08:09:14.837496Z"}
api-1       | {"error_type": "ConnectionError", "event": "progress_event_publish_failed", "event_type": "job_retried", "level": "warning", "run_id": "ac612105-d39b-4264-996c-c09f69665b2e", "tenant_id": "af38dd83-ad35-4947-b935-ca7cc6357e17", "timestamp": "2026-08-08T08:09:14.838691Z"}
api-1       | {"error_type": "ConnectionError", "event": "progress_event_publish_failed", "event_type": "job_retried", "level": "warning", "run_id": "ac612105-d39b-4264-996c-c09f69665b2e", "tenant_id": "af38dd83-ad35-4947-b935-ca7cc6357e17", "timestamp": "2026-08-08T08:09:14.839868Z"}
api-1       | {"error_type": "ConnectionError", "event": "progress_event_publish_failed", "event_type": "job_retried", "level": "warning", "run_id": "ac612105-d39b-4264-996c-c09f69665b2e", "tenant_id": "af38dd83-ad35-4947-b935-ca7cc6357e17", "timestamp": "2026-08-08T08:09:14.844249Z"}
api-1       | {"error_type": "ConnectionError", "event": "progress_event_publish_failed", "event_type": "job_retried", "level": "warning", "run_id": "ac612105-d39b-4264-996c-c09f69665b2e", "tenant_id": "af38dd83-ad35-4947-b935-ca7cc6357e17", "timestamp": "2026-08-08T08:09:14.845120Z"}
api-1       | {"error_type": "ConnectionError", "event": "progress_event_publish_failed", "event_type": "job_retried", "level": "warning", "run_id": "ac612105-d39b-4264-996c-c09f69665b2e", "tenant_id": "af38dd83-ad35-4947-b935-ca7cc6357e17", "timestamp": "2026-08-08T08:09:14.846536Z"}
api-1       | {"error_type": "ConnectionError", "event": "progress_event_publish_failed", "event_type": "job_retried", "level": "warning", "run_id": "ac612105-d39b-4264-996c-c09f69665b2e", "tenant_id": "af38dd83-ad35-4947-b935-ca7cc6357e17", "timestamp": "2026-08-08T08:09:14.847587Z"}
api-1       | {"error_type": "ConnectionError", "event": "progress_event_publish_failed", "event_type": "job_retried", "level": "warning", "run_id": "ac612105-d39b-4264-996c-c09f69665b2e", "tenant_id": "af38dd83-ad35-4947-b935-ca7cc6357e17", "timestamp": "2026-08-08T08:09:14.851652Z"}
api-1       | {"error_type": "ConnectionError", "event": "progress_event_publish_failed", "event_type": "job_retried", "level": "warning", "run_id": "ac612105-d39b-4264-996c-c09f69665b2e", "tenant_id": "af38dd83-ad35-4947-b935-ca7cc6357e17", "timestamp": "2026-08-08T08:09:14.852458Z"}
api-1       | {"error_type": "ConnectionError", "event": "progress_event_publish_failed", "event_type": "job_retried", "level": "warning", "run_id": "ac612105-d39b-4264-996c-c09f69665b2e", "tenant_id": "af38dd83-ad35-4947-b935-ca7cc6357e17", "timestamp": "2026-08-08T08:09:14.855187Z"}
api-1       | {"error_type": "ConnectionError", "event": "progress_event_publish_failed", "event_type": "job_retried", "level": "warning", "run_id": "ac612105-d39b-4264-996c-c09f69665b2e", "tenant_id": "af38dd83-ad35-4947-b935-ca7cc6357e17", "timestamp": "2026-08-08T08:09:14.857227Z"}
api-1       | {"error_type": "ConnectionError", "event": "progress_event_publish_failed", "event_type": "job_retried", "level": "warning", "run_id": "ac612105-d39b-4264-996c-c09f69665b2e", "tenant_id": "af38dd83-ad35-4947-b935-ca7cc6357e17", "timestamp": "2026-08-08T08:09:14.864059Z"}
api-1       | {"error_type": "ConnectionError", "event": "progress_event_publish_failed", "event_type": "job_retried", "level": "warning", "run_id": "ac612105-d39b-4264-996c-c09f69665b2e", "tenant_id": "af38dd83-ad35-4947-b935-ca7cc6357e17", "timestamp": "2026-08-08T08:09:14.865203Z"}
api-1       | {"error_type": "ConnectionError", "event": "progress_event_publish_failed", "event_type": "job_retried", "level": "warning", "run_id": "ac612105-d39b-4264-996c-c09f69665b2e", "tenant_id": "af38dd83-ad35-4947-b935-ca7cc6357e17", "timestamp": "2026-08-08T08:09:14.866125Z"}
api-1       | {"error_type": "ConnectionError", "event": "progress_event_publish_failed", "event_type": "job_retried", "level": "warning", "run_id": "ac612105-d39b-4264-996c-c09f69665b2e", "tenant_id": "af38dd83-ad35-4947-b935-ca7cc6357e17", "timestamp": "2026-08-08T08:09:14.866903Z"}
api-1       | {"error_type": "ConnectionError", "event": "progress_event_publish_failed", "event_type": "job_retried", "level": "warning", "run_id": "ac612105-d39b-4264-996c-c09f69665b2e", "tenant_id": "af38dd83-ad35-4947-b935-ca7cc6357e17", "timestamp": "2026-08-08T08:09:14.867605Z"}
api-1       | {"error_type": "ConnectionError", "event": "progress_event_publish_failed", "event_type": "job_retried", "level": "warning", "run_id": "ac612105-d39b-4264-996c-c09f69665b2e", "tenant_id": "af38dd83-ad35-4947-b935-ca7cc6357e17", "timestamp": "2026-08-08T08:09:14.868285Z"}
api-1       | {"error_type": "ConnectionError", "event": "progress_event_publish_failed", "event_type": "job_retried", "level": "warning", "run_id": "ac612105-d39b-4264-996c-c09f69665b2e", "tenant_id": "af38dd83-ad35-4947-b935-ca7cc6357e17", "timestamp": "2026-08-08T08:09:14.868975Z"}
api-1       | {"claimed": 21, "event": "outbox_dispatch_batch_completed", "lease_lost": 0, "level": "info", "published": 0, "retry_scheduled": 21, "role": "outbox_dispatcher", "timestamp": "2026-08-08T08:09:14.949251Z"}
api-1       | INFO:     172.18.0.1:46682 - "GET /api/v1/runs/bed04328-bfdc-4bf0-9c28-b8273461e0ee HTTP/1.1" 200 OK
api-1       | {"api_key_prefix": "evk_f2eea7ceb47c", "duration_ms": 74.263, "event": "http_request_completed", "level": "info", "method": "GET", "outcome": "success", "path": "/api/v1/runs/bed04328-bfdc-4bf0-9c28-b8273461e0ee", "request_id": "d0ed5b34-bd42-48d1-b259-5ea4f3ddcf8a", "status_code": 200, "tenant_id": "af38dd83-ad35-4947-b935-ca7cc6357e17", "timestamp": "2026-08-08T08:09:14.986202Z", "trace_id": "5fcee87d2f50ad9d6831541e754e0324"}
api-1       | {"error_type": "ConnectionError", "event": "progress_event_publish_failed", "event_type": "job_progress", "level": "warning", "run_id": "bed04328-bfdc-4bf0-9c28-b8273461e0ee", "tenant_id": "af38dd83-ad35-4947-b935-ca7cc6357e17", "timestamp": "2026-08-08T08:09:15.462551Z"}
api-1       | {"error_type": "ConnectionError", "event": "progress_event_publish_failed", "event_type": "job_retried", "level": "warning", "run_id": "a1e0f351-d502-4323-848b-cbd6a22871c3", "tenant_id": "af38dd83-ad35-4947-b935-ca7cc6357e17", "timestamp": "2026-08-08T08:09:15.463580Z"}
api-1       | {"error_type": "ConnectionError", "event": "progress_event_publish_failed", "event_type": "run_completed", "level": "warning", "run_id": "bed04328-bfdc-4bf0-9c28-b8273461e0ee", "tenant_id": "af38dd83-ad35-4947-b935-ca7cc6357e17", "timestamp": "2026-08-08T08:09:15.464706Z"}
api-1       | {"error_type": "ConnectionError", "event": "progress_event_publish_failed", "event_type": "job_retried", "level": "warning", "run_id": "81664720-abcc-4a1d-afa4-15bd032324b3", "tenant_id": "af38dd83-ad35-4947-b935-ca7cc6357e17", "timestamp": "2026-08-08T08:09:15.465335Z"}
api-1       | {"error_type": "ConnectionError", "event": "progress_event_publish_failed", "event_type": "run_started", "level": "warning", "run_id": "bed04328-bfdc-4bf0-9c28-b8273461e0ee", "tenant_id": "af38dd83-ad35-4947-b935-ca7cc6357e17", "timestamp": "2026-08-08T08:09:15.465913Z"}
api-1       | {"error_type": "ConnectionError", "event": "progress_event_publish_failed", "event_type": "job_progress", "level": "warning", "run_id": "bed04328-bfdc-4bf0-9c28-b8273461e0ee", "tenant_id": "af38dd83-ad35-4947-b935-ca7cc6357e17", "timestamp": "2026-08-08T08:09:15.466489Z"}
api-1       | {"claimed": 6, "event": "outbox_dispatch_batch_completed", "lease_lost": 0, "level": "info", "published": 0, "retry_scheduled": 6, "role": "outbox_dispatcher", "timestamp": "2026-08-08T08:09:15.479668Z"}
api-1       | INFO:     172.18.0.1:46682 - "GET /api/v1/runs/bed04328-bfdc-4bf0-9c28-b8273461e0ee HTTP/1.1" 200 OK
api-1       | {"api_key_prefix": "evk_f2eea7ceb47c", "duration_ms": 44.906, "event": "http_request_completed", "level": "info", "method": "GET", "outcome": "success", "path": "/api/v1/runs/bed04328-bfdc-4bf0-9c28-b8273461e0ee", "request_id": "afcb72e0-6fc7-4ee5-b037-2e4f18b5f46a", "status_code": 200, "tenant_id": "af38dd83-ad35-4947-b935-ca7cc6357e17", "timestamp": "2026-08-08T08:09:15.533322Z", "trace_id": "3f878458cc37ad990944e7fb1cd6d4a4"}
api-1       | {"claimed": 22, "event": "outbox_dispatch_batch_completed", "lease_lost": 0, "level": "info", "published": 22, "retry_scheduled": 0, "role": "outbox_dispatcher", "timestamp": "2026-08-08T08:09:16.068374Z"}
api-1       | {"claimed": 12, "event": "outbox_dispatch_batch_completed", "lease_lost": 0, "level": "info", "published": 12, "retry_scheduled": 0, "role": "outbox_dispatcher", "timestamp": "2026-08-08T08:09:16.622984Z"}
api-1       | {"claimed": 41, "event": "outbox_dispatch_batch_completed", "lease_lost": 0, "level": "info", "published": 41, "retry_scheduled": 0, "role": "outbox_dispatcher", "timestamp": "2026-08-08T08:09:17.249251Z"}
api-1       | {"claimed": 2, "event": "outbox_dispatch_batch_completed", "lease_lost": 0, "level": "info", "published": 2, "retry_scheduled": 0, "role": "outbox_dispatcher", "timestamp": "2026-08-08T08:09:17.759276Z"}
api-1       | {"event": "Context impl PostgresqlImpl.", "level": "info", "request_id": "82876c99-cfc9-4f5c-8021-409352fb90f6", "timestamp": "2026-08-08T08:09:20.047051Z", "trace_id": "a2b5d28597eba3a8c941326f894cbe48"}
api-1       | {"event": "Will assume transactional DDL.", "level": "info", "request_id": "82876c99-cfc9-4f5c-8021-409352fb90f6", "timestamp": "2026-08-08T08:09:20.047154Z", "trace_id": "a2b5d28597eba3a8c941326f894cbe48"}
api-1       | INFO:     127.0.0.1:39926 - "GET /health/ready HTTP/1.1" 200 OK
api-1       | {"duration_ms": 18.0, "event": "http_request_completed", "level": "info", "method": "GET", "outcome": "success", "path": "/health/ready", "request_id": "82876c99-cfc9-4f5c-8021-409352fb90f6", "status_code": 200, "timestamp": "2026-08-08T08:09:20.052793Z", "trace_id": "a2b5d28597eba3a8c941326f894cbe48"}
api-1       | INFO:     172.18.0.1:39452 - "POST /api/v1/datasets HTTP/1.1" 201 Created
api-1       | {"api_key_prefix": "evk_f2eea7ceb47c", "duration_ms": 44.806, "event": "http_request_completed", "level": "info", "method": "POST", "outcome": "success", "path": "/api/v1/datasets", "request_id": "8702200a-dcd0-49c6-9e27-0dbdf2529ea1", "status_code": 201, "tenant_id": "af38dd83-ad35-4947-b935-ca7cc6357e17", "timestamp": "2026-08-08T08:09:21.353848Z", "trace_id": "f795d06dbad9f0c8b8551361179943c8"}
api-1       | INFO:     172.18.0.1:39452 - "POST /api/v1/datasets/864c65a5-c193-48a6-8dba-33d2e0430ec4/versions HTTP/1.1" 201 Created
api-1       | {"api_key_prefix": "evk_f2eea7ceb47c", "duration_ms": 53.591, "event": "http_request_completed", "level": "info", "method": "POST", "outcome": "success", "path": "/api/v1/datasets/864c65a5-c193-48a6-8dba-33d2e0430ec4/versions", "request_id": "ba5b22e9-ba2e-4f81-8343-e1ffb8cd197f", "status_code": 201, "tenant_id": "af38dd83-ad35-4947-b935-ca7cc6357e17", "timestamp": "2026-08-08T08:09:21.409033Z", "trace_id": "91f4ab29f62213f09c0030607d3ef68b"}
api-1       | INFO:     172.18.0.1:39452 - "POST /api/v1/runs HTTP/1.1" 202 Accepted
api-1       | {"api_key_prefix": "evk_f2eea7ceb47c", "duration_ms": 53.547, "event": "http_request_completed", "level": "info", "method": "POST", "outcome": "success", "path": "/api/v1/runs", "request_id": "b1329e06-a42e-44b7-bb56-226074d65eea", "status_code": 202, "tenant_id": "af38dd83-ad35-4947-b935-ca7cc6357e17", "timestamp": "2026-08-08T08:09:21.464036Z", "trace_id": "9d5a03f57ae864e0244bc2edc4141f0e"}
api-1       | INFO:     172.18.0.1:39452 - "GET /api/v1/runs/27510a49-b2cc-4fbe-b7ee-e65ab00c96fa/cases?limit=200&sort=case_id HTTP/1.1" 200 OK
api-1       | {"api_key_prefix": "evk_f2eea7ceb47c", "duration_ms": 43.469, "event": "http_request_completed", "level": "info", "method": "GET", "outcome": "success", "path": "/api/v1/runs/27510a49-b2cc-4fbe-b7ee-e65ab00c96fa/cases", "request_id": "714657c4-e6ce-4c76-81d6-ebcc569eef05", "status_code": 200, "tenant_id": "af38dd83-ad35-4947-b935-ca7cc6357e17", "timestamp": "2026-08-08T08:09:21.508849Z", "trace_id": "322fc3fb0c8f6e7c9108838aebd3d341"}
api-1       | {"claimed": 2, "event": "outbox_dispatch_batch_completed", "lease_lost": 0, "level": "info", "published": 2, "retry_scheduled": 0, "role": "outbox_dispatcher", "timestamp": "2026-08-08T08:09:21.793448Z"}
api-1       | INFO:     172.18.0.1:39452 - "GET /api/v1/runs/27510a49-b2cc-4fbe-b7ee-e65ab00c96fa/cases?limit=200&sort=case_id HTTP/1.1" 200 OK
api-1       | {"api_key_prefix": "evk_f2eea7ceb47c", "duration_ms": 47.473, "event": "http_request_completed", "level": "info", "method": "GET", "outcome": "success", "path": "/api/v1/runs/27510a49-b2cc-4fbe-b7ee-e65ab00c96fa/cases", "request_id": "5f9df317-a5a7-4244-a050-34d532ece2f3", "status_code": 200, "tenant_id": "af38dd83-ad35-4947-b935-ca7cc6357e17", "timestamp": "2026-08-08T08:09:22.058721Z", "trace_id": "bb69878f2f4f60663e5a37d5eeb29bb0"}
api-1       | INFO:     127.0.0.1:48490 - "GET /health/ready HTTP/1.1" 503 Service Unavailable
api-1       | {"duration_ms": 58.59, "event": "http_request_completed", "level": "info", "method": "GET", "outcome": "error", "path": "/health/ready", "request_id": "df960bf9-a4a7-4c9f-b913-7e50427b0ce1", "status_code": 503, "timestamp": "2026-08-08T08:09:25.334178Z", "trace_id": "7b490e63db84370deb30a54a99b4c531"}
api-1       | {"event": "Context impl PostgresqlImpl.", "level": "info", "request_id": "22476605-7ad7-4d37-aed6-b05ada5f1421", "timestamp": "2026-08-08T08:09:30.580349Z", "trace_id": "be8d5da4700b6c8378a65e2d99056235"}
api-1       | {"event": "Will assume transactional DDL.", "level": "info", "request_id": "22476605-7ad7-4d37-aed6-b05ada5f1421", "timestamp": "2026-08-08T08:09:30.580464Z", "trace_id": "be8d5da4700b6c8378a65e2d99056235"}
api-1       | INFO:     127.0.0.1:48504 - "GET /health/ready HTTP/1.1" 200 OK
api-1       | {"duration_ms": 18.076, "event": "http_request_completed", "level": "info", "method": "GET", "outcome": "success", "path": "/health/ready", "request_id": "22476605-7ad7-4d37-aed6-b05ada5f1421", "status_code": 200, "timestamp": "2026-08-08T08:09:30.586614Z", "trace_id": "be8d5da4700b6c8378a65e2d99056235"}
api-1       | INFO:     172.18.0.1:50272 - "GET /api/v1/runs/27510a49-b2cc-4fbe-b7ee-e65ab00c96fa HTTP/1.1" 200 OK
api-1       | {"api_key_prefix": "evk_f2eea7ceb47c", "duration_ms": 48.707, "event": "http_request_completed", "level": "info", "method": "GET", "outcome": "success", "path": "/api/v1/runs/27510a49-b2cc-4fbe-b7ee-e65ab00c96fa", "request_id": "6059e197-fedf-4e41-beaa-8f412a827b1d", "status_code": 200, "tenant_id": "af38dd83-ad35-4947-b935-ca7cc6357e17", "timestamp": "2026-08-08T08:09:31.058711Z", "trace_id": "a7761c2acc6976bdf88f7858303337fa"}
api-1       | INFO:     172.18.0.1:50272 - "GET /api/v1/runs/27510a49-b2cc-4fbe-b7ee-e65ab00c96fa HTTP/1.1" 200 OK
api-1       | {"api_key_prefix": "evk_f2eea7ceb47c", "duration_ms": 50.575, "event": "http_request_completed", "level": "info", "method": "GET", "outcome": "success", "path": "/api/v1/runs/27510a49-b2cc-4fbe-b7ee-e65ab00c96fa", "request_id": "a2261a0c-aa9d-4297-805f-07ff60d289fc", "status_code": 200, "tenant_id": "af38dd83-ad35-4947-b935-ca7cc6357e17", "timestamp": "2026-08-08T08:09:31.611805Z", "trace_id": "1ed5fe6d9652db52cc8365b8fafe481d"}
api-1       | {"claimed": 2, "event": "outbox_dispatch_batch_completed", "lease_lost": 0, "level": "info", "published": 2, "retry_scheduled": 0, "role": "outbox_dispatcher", "timestamp": "2026-08-08T08:09:31.985605Z"}
api-1       | INFO:     172.18.0.1:50272 - "GET /api/v1/runs/27510a49-b2cc-4fbe-b7ee-e65ab00c96fa HTTP/1.1" 200 OK
api-1       | {"api_key_prefix": "evk_f2eea7ceb47c", "duration_ms": 42.991, "event": "http_request_completed", "level": "info", "method": "GET", "outcome": "success", "path": "/api/v1/runs/27510a49-b2cc-4fbe-b7ee-e65ab00c96fa", "request_id": "f5aadf0d-835b-4224-9cf4-183890483133", "status_code": 200, "tenant_id": "af38dd83-ad35-4947-b935-ca7cc6357e17", "timestamp": "2026-08-08T08:09:32.157403Z", "trace_id": "25654a16eb8c53d9d64a76b8f7ae0af3"}
api-1       | INFO:     172.18.0.1:50272 - "POST /api/v1/datasets HTTP/1.1" 201 Created
api-1       | {"api_key_prefix": "evk_f2eea7ceb47c", "duration_ms": 43.789, "event": "http_request_completed", "level": "info", "method": "POST", "outcome": "success", "path": "/api/v1/datasets", "request_id": "5c5b1159-6487-432b-af0f-cb72ed61bbbe", "status_code": 201, "tenant_id": "af38dd83-ad35-4947-b935-ca7cc6357e17", "timestamp": "2026-08-08T08:09:32.287043Z", "trace_id": "eeb1c71982c64934a0ab32a4b7f862fb"}
api-1       | INFO:     172.18.0.1:50272 - "POST /api/v1/datasets/9f782a6c-e7d0-4568-8b1e-ac8818cf09ce/versions HTTP/1.1" 201 Created
api-1       | {"api_key_prefix": "evk_f2eea7ceb47c", "duration_ms": 56.6, "event": "http_request_completed", "level": "info", "method": "POST", "outcome": "success", "path": "/api/v1/datasets/9f782a6c-e7d0-4568-8b1e-ac8818cf09ce/versions", "request_id": "78d041bc-8771-4b85-a1be-6e859d31c2c9", "status_code": 201, "tenant_id": "af38dd83-ad35-4947-b935-ca7cc6357e17", "timestamp": "2026-08-08T08:09:32.345144Z", "trace_id": "a7b82d598cf895e5f480363a737781e4"}
api-1       | INFO:     172.18.0.1:50272 - "POST /api/v1/runs HTTP/1.1" 202 Accepted
api-1       | {"api_key_prefix": "evk_f2eea7ceb47c", "duration_ms": 53.215, "event": "http_request_completed", "level": "info", "method": "POST", "outcome": "success", "path": "/api/v1/runs", "request_id": "b3403208-8bc8-442d-a48d-702951eadb83", "status_code": 202, "tenant_id": "af38dd83-ad35-4947-b935-ca7cc6357e17", "timestamp": "2026-08-08T08:09:32.400218Z", "trace_id": "210822bc3c0506c920395d3ef18e68d0"}
api-1       | INFO:     172.18.0.1:50272 - "GET /api/v1/runs/9cc19386-2844-4e94-bcef-7a708e787221/cases?limit=200&sort=case_id HTTP/1.1" 200 OK
api-1       | {"api_key_prefix": "evk_f2eea7ceb47c", "duration_ms": 43.771, "event": "http_request_completed", "level": "info", "method": "GET", "outcome": "success", "path": "/api/v1/runs/9cc19386-2844-4e94-bcef-7a708e787221/cases", "request_id": "368e0901-f697-4277-844d-c26114f71754", "status_code": 200, "tenant_id": "af38dd83-ad35-4947-b935-ca7cc6357e17", "timestamp": "2026-08-08T08:09:32.445409Z", "trace_id": "4d2a17235eef321b2e20a1f6bf33cb91"}
api-1       | INFO:     172.18.0.1:50272 - "GET /api/v1/runs/9cc19386-2844-4e94-bcef-7a708e787221/cases?limit=200&sort=case_id HTTP/1.1" 200 OK
api-1       | {"api_key_prefix": "evk_f2eea7ceb47c", "duration_ms": 47.307, "event": "http_request_completed", "level": "info", "method": "GET", "outcome": "success", "path": "/api/v1/runs/9cc19386-2844-4e94-bcef-7a708e787221/cases", "request_id": "759e1b12-29ca-42e9-b800-72cc73a10279", "status_code": 200, "tenant_id": "af38dd83-ad35-4947-b935-ca7cc6357e17", "timestamp": "2026-08-08T08:09:32.995318Z", "trace_id": "f091d74fec9b3eb7affdb60c74e2b212"}
api-1       | {"claimed": 2, "event": "outbox_dispatch_batch_completed", "lease_lost": 0, "level": "info", "published": 2, "retry_scheduled": 0, "role": "outbox_dispatcher", "timestamp": "2026-08-08T08:09:32.996763Z"}
api-1       | {"event": "Context impl PostgresqlImpl.", "level": "info", "request_id": "3a54ed0b-178c-4134-ba0b-6af8989d6575", "timestamp": "2026-08-08T08:09:35.823977Z", "trace_id": "e7cde37aa5d5ce98969cacbb1445a27f"}
api-1       | {"event": "Will assume transactional DDL.", "level": "info", "request_id": "3a54ed0b-178c-4134-ba0b-6af8989d6575", "timestamp": "2026-08-08T08:09:35.824096Z", "trace_id": "e7cde37aa5d5ce98969cacbb1445a27f"}
api-1       | INFO:     127.0.0.1:58858 - "GET /health/ready HTTP/1.1" 200 OK
api-1       | {"duration_ms": 21.379, "event": "http_request_completed", "level": "info", "method": "GET", "outcome": "success", "path": "/health/ready", "request_id": "3a54ed0b-178c-4134-ba0b-6af8989d6575", "status_code": 200, "timestamp": "2026-08-08T08:09:35.829783Z", "trace_id": "e7cde37aa5d5ce98969cacbb1445a27f"}
api-1       | {"claimed": 2, "event": "outbox_dispatch_batch_completed", "lease_lost": 0, "level": "info", "published": 2, "retry_scheduled": 0, "role": "outbox_dispatcher", "timestamp": "2026-08-08T08:09:38.032050Z"}
api-1       | INFO:     172.18.0.1:44460 - "GET /api/v1/runs/9cc19386-2844-4e94-bcef-7a708e787221 HTTP/1.1" 200 OK
api-1       | {"api_key_prefix": "evk_f2eea7ceb47c", "duration_ms": 43.773, "event": "http_request_completed", "level": "info", "method": "GET", "outcome": "success", "path": "/api/v1/runs/9cc19386-2844-4e94-bcef-7a708e787221", "request_id": "03f8ae9a-4a4b-493a-bc39-36c3857b8851", "status_code": 200, "tenant_id": "af38dd83-ad35-4947-b935-ca7cc6357e17", "timestamp": "2026-08-08T08:09:38.186181Z", "trace_id": "39a6303098a7b152020b62d1878c7df1"}
api-1       | INFO:     172.18.0.1:44460 - "POST /api/v1/datasets HTTP/1.1" 201 Created
api-1       | {"api_key_prefix": "evk_f2eea7ceb47c", "duration_ms": 42.38, "event": "http_request_completed", "level": "info", "method": "POST", "outcome": "success", "path": "/api/v1/datasets", "request_id": "1834ca11-ceb9-4a11-86cc-ba453f67e396", "status_code": 201, "tenant_id": "af38dd83-ad35-4947-b935-ca7cc6357e17", "timestamp": "2026-08-08T08:09:38.323143Z", "trace_id": "8a76facbbc2725f0e1760b71631f30d5"}
api-1       | INFO:     172.18.0.1:44460 - "POST /api/v1/datasets/e06064d7-815b-4eb2-b740-8aa819f21bce/versions HTTP/1.1" 201 Created
api-1       | {"api_key_prefix": "evk_f2eea7ceb47c", "duration_ms": 57.469, "event": "http_request_completed", "level": "info", "method": "POST", "outcome": "success", "path": "/api/v1/datasets/e06064d7-815b-4eb2-b740-8aa819f21bce/versions", "request_id": "eb0d551e-dbe5-42dc-9e44-01760295d15c", "status_code": 201, "tenant_id": "af38dd83-ad35-4947-b935-ca7cc6357e17", "timestamp": "2026-08-08T08:09:38.382393Z", "trace_id": "829b5051084d4985eb738f186095f2d2"}
api-1       | INFO:     172.18.0.1:44460 - "POST /api/v1/runs HTTP/1.1" 202 Accepted
api-1       | {"api_key_prefix": "evk_f2eea7ceb47c", "duration_ms": 1171.915, "event": "http_request_completed", "level": "info", "method": "POST", "outcome": "success", "path": "/api/v1/runs", "request_id": "e566cbc4-8946-4665-8291-a9798aec013d", "status_code": 202, "tenant_id": "af38dd83-ad35-4947-b935-ca7cc6357e17", "timestamp": "2026-08-08T08:09:39.563114Z", "trace_id": "be1ef04e59ac2ec8a867ca7312588736"}
api-1       | INFO:     172.18.0.1:44522 - "POST /api/v1/runs HTTP/1.1" 202 Accepted
api-1       | {"api_key_prefix": "evk_f2eea7ceb47c", "duration_ms": 1199.351, "event": "http_request_completed", "level": "info", "method": "POST", "outcome": "success", "path": "/api/v1/runs", "request_id": "809dc83c-9239-417a-966c-509c18c12588", "status_code": 202, "tenant_id": "af38dd83-ad35-4947-b935-ca7cc6357e17", "timestamp": "2026-08-08T08:09:39.604431Z", "trace_id": "394d7a19e642138a31bf3ee6c2cab551"}
api-1       | INFO:     172.18.0.1:44628 - "POST /api/v1/runs HTTP/1.1" 202 Accepted
api-1       | {"api_key_prefix": "evk_f2eea7ceb47c", "duration_ms": 1199.614, "event": "http_request_completed", "level": "info", "method": "POST", "outcome": "success", "path": "/api/v1/runs", "request_id": "aec92b8d-a49e-43b1-bb5f-3374a6fdf91d", "status_code": 202, "tenant_id": "af38dd83-ad35-4947-b935-ca7cc6357e17", "timestamp": "2026-08-08T08:09:39.620905Z", "trace_id": "f982ae4ad7c06b07055f1f9f75b67d8f"}
api-1       | INFO:     172.18.0.1:44536 - "POST /api/v1/runs HTTP/1.1" 202 Accepted
api-1       | {"api_key_prefix": "evk_f2eea7ceb47c", "duration_ms": 1257.906, "event": "http_request_completed", "level": "info", "method": "POST", "outcome": "success", "path": "/api/v1/runs", "request_id": "03ed94b4-9f68-4450-ac26-6f0949ee9330", "status_code": 202, "tenant_id": "af38dd83-ad35-4947-b935-ca7cc6357e17", "timestamp": "2026-08-08T08:09:39.665150Z", "trace_id": "1f88add4409ef648e1dc1df4bfb2feb8"}
api-1       | INFO:     172.18.0.1:44508 - "POST /api/v1/runs HTTP/1.1" 202 Accepted
api-1       | {"api_key_prefix": "evk_f2eea7ceb47c", "duration_ms": 1260.967, "event": "http_request_completed", "level": "info", "method": "POST", "outcome": "success", "path": "/api/v1/runs", "request_id": "835fce69-8e6e-4c76-991a-9d3dbdb7bf59", "status_code": 202, "tenant_id": "af38dd83-ad35-4947-b935-ca7cc6357e17", "timestamp": "2026-08-08T08:09:39.665664Z", "trace_id": "33a2c48e473595e9e5953d34e9bdcf48"}
api-1       | INFO:     172.18.0.1:44580 - "POST /api/v1/runs HTTP/1.1" 202 Accepted
api-1       | {"api_key_prefix": "evk_f2eea7ceb47c", "duration_ms": 1256.035, "event": "http_request_completed", "level": "info", "method": "POST", "outcome": "success", "path": "/api/v1/runs", "request_id": "0d61bbdf-9f9f-4c5e-a67a-e90380dde5ab", "status_code": 202, "tenant_id": "af38dd83-ad35-4947-b935-ca7cc6357e17", "timestamp": "2026-08-08T08:09:39.668750Z", "trace_id": "ec9919432b84ef42148342d848940154"}
api-1       | INFO:     172.18.0.1:44462 - "POST /api/v1/runs HTTP/1.1" 202 Accepted
api-1       | {"api_key_prefix": "evk_f2eea7ceb47c", "duration_ms": 1272.485, "event": "http_request_completed", "level": "info", "method": "POST", "outcome": "success", "path": "/api/v1/runs", "request_id": "dea6424e-76a5-4369-a007-26bfe890dfaf", "status_code": 202, "tenant_id": "af38dd83-ad35-4947-b935-ca7cc6357e17", "timestamp": "2026-08-08T08:09:39.669197Z", "trace_id": "2bb480fd4be84d43ba5dac8c29e93268"}
api-1       | INFO:     172.18.0.1:44554 - "POST /api/v1/runs HTTP/1.1" 202 Accepted
api-1       | {"api_key_prefix": "evk_f2eea7ceb47c", "duration_ms": 1264.273, "event": "http_request_completed", "level": "info", "method": "POST", "outcome": "success", "path": "/api/v1/runs", "request_id": "a85aabcf-1843-45eb-b63f-32769f509d20", "status_code": 202, "tenant_id": "af38dd83-ad35-4947-b935-ca7cc6357e17", "timestamp": "2026-08-08T08:09:39.673816Z", "trace_id": "49ab90e5edce7ca1268947d66121b466"}
api-1       | INFO:     172.18.0.1:44484 - "POST /api/v1/runs HTTP/1.1" 202 Accepted
api-1       | {"api_key_prefix": "evk_f2eea7ceb47c", "duration_ms": 1272.889, "event": "http_request_completed", "level": "info", "method": "POST", "outcome": "success", "path": "/api/v1/runs", "request_id": "68efe309-2bb2-467d-8b0e-9cfa4220d843", "status_code": 202, "tenant_id": "af38dd83-ad35-4947-b935-ca7cc6357e17", "timestamp": "2026-08-08T08:09:39.675632Z", "trace_id": "3a2df45d9365930dded7a2d4ddd61d72"}
api-1       | INFO:     172.18.0.1:44472 - "POST /api/v1/runs HTTP/1.1" 202 Accepted
api-1       | {"api_key_prefix": "evk_f2eea7ceb47c", "duration_ms": 1273.542, "event": "http_request_completed", "level": "info", "method": "POST", "outcome": "success", "path": "/api/v1/runs", "request_id": "6c783249-a349-46a5-b790-92a81028c731", "status_code": 202, "tenant_id": "af38dd83-ad35-4947-b935-ca7cc6357e17", "timestamp": "2026-08-08T08:09:39.676056Z", "trace_id": "32ea2b4e9d75685487111be7fd4db434"}
api-1       | INFO:     172.18.0.1:44496 - "POST /api/v1/runs HTTP/1.1" 202 Accepted
api-1       | {"api_key_prefix": "evk_f2eea7ceb47c", "duration_ms": 1273.251, "event": "http_request_completed", "level": "info", "method": "POST", "outcome": "success", "path": "/api/v1/runs", "request_id": "87cd4616-796b-4f8d-8d19-2e1d526a0754", "status_code": 202, "tenant_id": "af38dd83-ad35-4947-b935-ca7cc6357e17", "timestamp": "2026-08-08T08:09:39.676512Z", "trace_id": "acf2e57343fe80a95115693d20af6084"}
api-1       | INFO:     172.18.0.1:44612 - "POST /api/v1/runs HTTP/1.1" 202 Accepted
api-1       | {"api_key_prefix": "evk_f2eea7ceb47c", "duration_ms": 1263.108, "event": "http_request_completed", "level": "info", "method": "POST", "outcome": "success", "path": "/api/v1/runs", "request_id": "05dbd76b-4d99-40a1-a84a-d6b02ffcfd0a", "status_code": 202, "tenant_id": "af38dd83-ad35-4947-b935-ca7cc6357e17", "timestamp": "2026-08-08T08:09:39.684085Z", "trace_id": "45bbc1e5da607aea07cbbc461f26f8a1"}
api-1       | INFO:     172.18.0.1:44574 - "POST /api/v1/runs HTTP/1.1" 202 Accepted
api-1       | {"api_key_prefix": "evk_f2eea7ceb47c", "duration_ms": 1273.273, "event": "http_request_completed", "level": "info", "method": "POST", "outcome": "success", "path": "/api/v1/runs", "request_id": "898812b3-4b7e-4094-b26e-09e739df855d", "status_code": 202, "tenant_id": "af38dd83-ad35-4947-b935-ca7cc6357e17", "timestamp": "2026-08-08T08:09:39.685196Z", "trace_id": "cc72bfbc15d181e02aa0ac0428e70db6"}
api-1       | INFO:     172.18.0.1:44544 - "POST /api/v1/runs HTTP/1.1" 202 Accepted
api-1       | {"api_key_prefix": "evk_f2eea7ceb47c", "duration_ms": 1277.476, "event": "http_request_completed", "level": "info", "method": "POST", "outcome": "success", "path": "/api/v1/runs", "request_id": "b19625ad-daf4-4675-84a4-3f860edfb73a", "status_code": 202, "tenant_id": "af38dd83-ad35-4947-b935-ca7cc6357e17", "timestamp": "2026-08-08T08:09:39.685706Z", "trace_id": "43d3a250ea44ef4328c66c16092ff939"}
api-1       | INFO:     172.18.0.1:44610 - "POST /api/v1/runs HTTP/1.1" 202 Accepted
api-1       | {"api_key_prefix": "evk_f2eea7ceb47c", "duration_ms": 1269.686, "event": "http_request_completed", "level": "info", "method": "POST", "outcome": "success", "path": "/api/v1/runs", "request_id": "e2d64b84-0da8-44e6-8d9a-fe9491757077", "status_code": 202, "tenant_id": "af38dd83-ad35-4947-b935-ca7cc6357e17", "timestamp": "2026-08-08T08:09:39.687174Z", "trace_id": "c6c57b6ea1de4b9c1ca0dfb61ef6db94"}
api-1       | INFO:     172.18.0.1:44506 - "POST /api/v1/runs HTTP/1.1" 202 Accepted
api-1       | {"api_key_prefix": "evk_f2eea7ceb47c", "duration_ms": 1284.728, "event": "http_request_completed", "level": "info", "method": "POST", "outcome": "success", "path": "/api/v1/runs", "request_id": "4f04e730-041d-43ea-b08f-655effc6183c", "status_code": 202, "tenant_id": "af38dd83-ad35-4947-b935-ca7cc6357e17", "timestamp": "2026-08-08T08:09:39.687684Z", "trace_id": "a5c5f3e022f59b88e8e86a3e53ff2c55"}
api-1       | INFO:     172.18.0.1:44564 - "POST /api/v1/runs HTTP/1.1" 202 Accepted
api-1       | {"api_key_prefix": "evk_f2eea7ceb47c", "duration_ms": 1278.759, "event": "http_request_completed", "level": "info", "method": "POST", "outcome": "success", "path": "/api/v1/runs", "request_id": "f9c506d6-892e-46af-b5d2-d03aec65fb7a", "status_code": 202, "tenant_id": "af38dd83-ad35-4947-b935-ca7cc6357e17", "timestamp": "2026-08-08T08:09:39.688834Z", "trace_id": "072de49229b366de7eed808a25b79b66"}
api-1       | INFO:     172.18.0.1:44602 - "POST /api/v1/runs HTTP/1.1" 202 Accepted
api-1       | {"api_key_prefix": "evk_f2eea7ceb47c", "duration_ms": 1276.308, "event": "http_request_completed", "level": "info", "method": "POST", "outcome": "success", "path": "/api/v1/runs", "request_id": "9373f7fd-5439-4223-9bda-dab0461d1c96", "status_code": 202, "tenant_id": "af38dd83-ad35-4947-b935-ca7cc6357e17", "timestamp": "2026-08-08T08:09:39.692858Z", "trace_id": "9404096864082d51753b4056ad56ddc1"}
api-1       | INFO:     172.18.0.1:44464 - "POST /api/v1/runs HTTP/1.1" 202 Accepted
api-1       | {"api_key_prefix": "evk_f2eea7ceb47c", "duration_ms": 1292.841, "event": "http_request_completed", "level": "info", "method": "POST", "outcome": "success", "path": "/api/v1/runs", "request_id": "df011cee-1043-450d-83ff-92a6671dc20c", "status_code": 202, "tenant_id": "af38dd83-ad35-4947-b935-ca7cc6357e17", "timestamp": "2026-08-08T08:09:39.695063Z", "trace_id": "66f4cf1b15199adfea352564e4ce6fa6"}
api-1       | INFO:     172.18.0.1:44594 - "POST /api/v1/runs HTTP/1.1" 202 Accepted
api-1       | {"api_key_prefix": "evk_f2eea7ceb47c", "duration_ms": 1282.368, "event": "http_request_completed", "level": "info", "method": "POST", "outcome": "success", "path": "/api/v1/runs", "request_id": "97df86f7-685b-46b0-97ed-fc90af2e2495", "status_code": 202, "tenant_id": "af38dd83-ad35-4947-b935-ca7cc6357e17", "timestamp": "2026-08-08T08:09:39.697531Z", "trace_id": "63a39072d2f4e2ec43ef68e49d568720"}
api-1       | INFO:     172.18.0.1:44460 - "GET /api/v1/runs/9880f1d7-20b0-4338-b305-bf53983b581d HTTP/1.1" 200 OK
api-1       | {"api_key_prefix": "evk_f2eea7ceb47c", "duration_ms": 43.423, "event": "http_request_completed", "level": "info", "method": "GET", "outcome": "success", "path": "/api/v1/runs/9880f1d7-20b0-4338-b305-bf53983b581d", "request_id": "ac5e5ea7-c48f-4d10-8227-a47593fdfb4b", "status_code": 200, "tenant_id": "af38dd83-ad35-4947-b935-ca7cc6357e17", "timestamp": "2026-08-08T08:09:39.742551Z", "trace_id": "f8f01555080a4858197b0c83f4d95f22"}
api-1       | {"claimed": 4, "event": "outbox_dispatch_batch_completed", "lease_lost": 0, "level": "info", "published": 4, "retry_scheduled": 0, "role": "outbox_dispatcher", "timestamp": "2026-08-08T08:09:39.996936Z"}
api-1       | INFO:     172.18.0.1:44460 - "GET /api/v1/runs/9880f1d7-20b0-4338-b305-bf53983b581d HTTP/1.1" 200 OK
api-1       | {"api_key_prefix": "evk_f2eea7ceb47c", "duration_ms": 43.434, "event": "http_request_completed", "level": "info", "method": "GET", "outcome": "success", "path": "/api/v1/runs/9880f1d7-20b0-4338-b305-bf53983b581d", "request_id": "996f7ee4-7427-4ce7-a359-ccf52b87898e", "status_code": 200, "tenant_id": "af38dd83-ad35-4947-b935-ca7cc6357e17", "timestamp": "2026-08-08T08:09:40.288823Z", "trace_id": "c2caab5c25a107b13543f5b8401cab65"}
api-1       | INFO:     172.18.0.1:44460 - "POST /api/v1/datasets HTTP/1.1" 201 Created
api-1       | {"api_key_prefix": "evk_f2eea7ceb47c", "duration_ms": 44.045, "event": "http_request_completed", "level": "info", "method": "POST", "outcome": "success", "path": "/api/v1/datasets", "request_id": "b865c193-c3bc-4751-81e8-e4835937e9b5", "status_code": 201, "tenant_id": "af38dd83-ad35-4947-b935-ca7cc6357e17", "timestamp": "2026-08-08T08:09:40.350242Z", "trace_id": "29a67079b92a5c2b7b8372e9c653ece0"}
api-1       | INFO:     172.18.0.1:44460 - "POST /api/v1/datasets/db4e5dcb-ad3c-4a76-82d3-4ab2d8014c60/versions HTTP/1.1" 201 Created
api-1       | {"api_key_prefix": "evk_f2eea7ceb47c", "duration_ms": 53.538, "event": "http_request_completed", "level": "info", "method": "POST", "outcome": "success", "path": "/api/v1/datasets/db4e5dcb-ad3c-4a76-82d3-4ab2d8014c60/versions", "request_id": "5187bc1d-6a20-48c8-b13f-5ba69483b6f0", "status_code": 201, "tenant_id": "af38dd83-ad35-4947-b935-ca7cc6357e17", "timestamp": "2026-08-08T08:09:40.405489Z", "trace_id": "4eed22679e473ecd6a0b5a4020a8a02b"}
api-1       | INFO:     172.18.0.1:44460 - "POST /api/v1/runs HTTP/1.1" 202 Accepted
api-1       | {"api_key_prefix": "evk_f2eea7ceb47c", "duration_ms": 48.99, "event": "http_request_completed", "level": "info", "method": "POST", "outcome": "success", "path": "/api/v1/runs", "request_id": "7b3423dd-89cd-4c61-b1cc-0d2a99ce90a2", "status_code": 202, "tenant_id": "af38dd83-ad35-4947-b935-ca7cc6357e17", "timestamp": "2026-08-08T08:09:40.456270Z", "trace_id": "140374173749456f5c2d6100f5db8f8d"}
api-1       | INFO:     172.18.0.1:44460 - "GET /api/v1/runs/57810777-803b-46ce-8468-c6e4535b400e/cases?limit=200&sort=case_id HTTP/1.1" 200 OK
api-1       | {"api_key_prefix": "evk_f2eea7ceb47c", "duration_ms": 44.422, "event": "http_request_completed", "level": "info", "method": "GET", "outcome": "success", "path": "/api/v1/runs/57810777-803b-46ce-8468-c6e4535b400e/cases", "request_id": "28ca22ed-fb22-4ce9-9007-be0ac6702df5", "status_code": 200, "tenant_id": "af38dd83-ad35-4947-b935-ca7cc6357e17", "timestamp": "2026-08-08T08:09:40.502335Z", "trace_id": "497ac0ec119f80f1a3415e47d854cf04"}
api-1       | {"claimed": 2, "event": "outbox_dispatch_batch_completed", "lease_lost": 0, "level": "info", "published": 2, "retry_scheduled": 0, "role": "outbox_dispatcher", "timestamp": "2026-08-08T08:09:41.012735Z"}
api-1       | INFO:     172.18.0.1:44460 - "GET /api/v1/runs/57810777-803b-46ce-8468-c6e4535b400e/cases?limit=200&sort=case_id HTTP/1.1" 200 OK
api-1       | {"api_key_prefix": "evk_f2eea7ceb47c", "duration_ms": 78.353, "event": "http_request_completed", "level": "info", "method": "GET", "outcome": "success", "path": "/api/v1/runs/57810777-803b-46ce-8468-c6e4535b400e/cases", "request_id": "32f2d7b2-e51c-48ca-a055-6a8490e96c33", "status_code": 200, "tenant_id": "af38dd83-ad35-4947-b935-ca7cc6357e17", "timestamp": "2026-08-08T08:09:41.083286Z", "trace_id": "bbaa0cf11cb6c657775ae386b2bf17be"}
api-1       | {"event": "Context impl PostgresqlImpl.", "level": "info", "request_id": "49d625f9-284d-4921-bc37-65cff257d3fe", "timestamp": "2026-08-08T08:09:41.102215Z", "trace_id": "ac2ee70c6b0673834ad546c6bd51dae7"}
api-1       | {"event": "Will assume transactional DDL.", "level": "info", "request_id": "49d625f9-284d-4921-bc37-65cff257d3fe", "timestamp": "2026-08-08T08:09:41.102320Z", "trace_id": "ac2ee70c6b0673834ad546c6bd51dae7"}
api-1       | INFO:     127.0.0.1:59068 - "GET /health/ready HTTP/1.1" 200 OK
api-1       | {"duration_ms": 21.17, "event": "http_request_completed", "level": "info", "method": "GET", "outcome": "success", "path": "/health/ready", "request_id": "49d625f9-284d-4921-bc37-65cff257d3fe", "status_code": 200, "timestamp": "2026-08-08T08:09:41.109821Z", "trace_id": "ac2ee70c6b0673834ad546c6bd51dae7"}
api-1       | INFO:     172.18.0.1:44460 - "GET /api/v1/runs/57810777-803b-46ce-8468-c6e4535b400e HTTP/1.1" 200 OK
api-1       | {"api_key_prefix": "evk_f2eea7ceb47c", "duration_ms": 44.175, "event": "http_request_completed", "level": "info", "method": "GET", "outcome": "success", "path": "/api/v1/runs/57810777-803b-46ce-8468-c6e4535b400e", "request_id": "8e174015-d410-4311-8f1b-61b5870dbcc7", "status_code": 200, "tenant_id": "af38dd83-ad35-4947-b935-ca7cc6357e17", "timestamp": "2026-08-08T08:09:43.100928Z", "trace_id": "96cda19749d5a05745f38a1f4dbe2fc3"}
api-1       | INFO:     172.18.0.1:44460 - "GET /api/v1/runs/57810777-803b-46ce-8468-c6e4535b400e HTTP/1.1" 200 OK
api-1       | {"api_key_prefix": "evk_f2eea7ceb47c", "duration_ms": 46.112, "event": "http_request_completed", "level": "info", "method": "GET", "outcome": "success", "path": "/api/v1/runs/57810777-803b-46ce-8468-c6e4535b400e", "request_id": "4154d39e-d425-4217-9c4d-a74de3cb1a88", "status_code": 200, "tenant_id": "af38dd83-ad35-4947-b935-ca7cc6357e17", "timestamp": "2026-08-08T08:09:43.650122Z", "trace_id": "3db523bc46c7f2ab3e000b12109bd901"}
api-1       | INFO:     172.18.0.1:44460 - "GET /api/v1/runs/57810777-803b-46ce-8468-c6e4535b400e HTTP/1.1" 200 OK
api-1       | {"api_key_prefix": "evk_f2eea7ceb47c", "duration_ms": 42.482, "event": "http_request_completed", "level": "info", "method": "GET", "outcome": "success", "path": "/api/v1/runs/57810777-803b-46ce-8468-c6e4535b400e", "request_id": "30300204-fba5-49ab-98ae-3136503c33b6", "status_code": 200, "tenant_id": "af38dd83-ad35-4947-b935-ca7cc6357e17", "timestamp": "2026-08-08T08:09:44.195497Z", "trace_id": "6ebc11b60b95e3d6cc06886da6ae140d"}
api-1       | INFO:     172.18.0.1:44460 - "GET /api/v1/runs/57810777-803b-46ce-8468-c6e4535b400e HTTP/1.1" 200 OK
api-1       | {"api_key_prefix": "evk_f2eea7ceb47c", "duration_ms": 42.63, "event": "http_request_completed", "level": "info", "method": "GET", "outcome": "success", "path": "/api/v1/runs/57810777-803b-46ce-8468-c6e4535b400e", "request_id": "70e2fbc0-1477-4a7a-8c4b-ccaea4dfe941", "status_code": 200, "tenant_id": "af38dd83-ad35-4947-b935-ca7cc6357e17", "timestamp": "2026-08-08T08:09:44.741553Z", "trace_id": "16f072665b082a13d0cad6c2bbbf0479"}
api-1       | INFO:     172.18.0.1:44460 - "GET /api/v1/runs/57810777-803b-46ce-8468-c6e4535b400e HTTP/1.1" 200 OK
api-1       | {"api_key_prefix": "evk_f2eea7ceb47c", "duration_ms": 42.422, "event": "http_request_completed", "level": "info", "method": "GET", "outcome": "success", "path": "/api/v1/runs/57810777-803b-46ce-8468-c6e4535b400e", "request_id": "4f9fd8dc-ffa7-458d-8f29-332e6c46766b", "status_code": 200, "tenant_id": "af38dd83-ad35-4947-b935-ca7cc6357e17", "timestamp": "2026-08-08T08:09:45.286396Z", "trace_id": "48d65d232be0b005e8f5cb91cf1fb31f"}
api-1       | INFO:     172.18.0.1:44460 - "GET /api/v1/runs/57810777-803b-46ce-8468-c6e4535b400e HTTP/1.1" 200 OK
api-1       | {"api_key_prefix": "evk_f2eea7ceb47c", "duration_ms": 41.626, "event": "http_request_completed", "level": "info", "method": "GET", "outcome": "success", "path": "/api/v1/runs/57810777-803b-46ce-8468-c6e4535b400e", "request_id": "838329af-d849-4dcf-8cd1-3de87b25bb5c", "status_code": 200, "tenant_id": "af38dd83-ad35-4947-b935-ca7cc6357e17", "timestamp": "2026-08-08T08:09:45.830374Z", "trace_id": "15f781dfc3696b98b4a1e5b66c8c88b3"}
api-1       | {"event": "Context impl PostgresqlImpl.", "level": "info", "request_id": "e5724e76-0d03-4d94-9af4-1f5097a8a597", "timestamp": "2026-08-08T08:09:46.345810Z", "trace_id": "f471730dbdc1db65230cf738f8cbc2ce"}
api-1       | {"event": "Will assume transactional DDL.", "level": "info", "request_id": "e5724e76-0d03-4d94-9af4-1f5097a8a597", "timestamp": "2026-08-08T08:09:46.345903Z", "trace_id": "f471730dbdc1db65230cf738f8cbc2ce"}
api-1       | INFO:     127.0.0.1:37092 - "GET /health/ready HTTP/1.1" 200 OK
api-1       | {"duration_ms": 19.209, "event": "http_request_completed", "level": "info", "method": "GET", "outcome": "success", "path": "/health/ready", "request_id": "e5724e76-0d03-4d94-9af4-1f5097a8a597", "status_code": 200, "timestamp": "2026-08-08T08:09:46.350915Z", "trace_id": "f471730dbdc1db65230cf738f8cbc2ce"}
api-1       | INFO:     172.18.0.1:44460 - "GET /api/v1/runs/57810777-803b-46ce-8468-c6e4535b400e HTTP/1.1" 200 OK
api-1       | {"api_key_prefix": "evk_f2eea7ceb47c", "duration_ms": 54.667, "event": "http_request_completed", "level": "info", "method": "GET", "outcome": "success", "path": "/api/v1/runs/57810777-803b-46ce-8468-c6e4535b400e", "request_id": "47af6eac-0c08-4fca-a0bc-223408fadda8", "status_code": 200, "tenant_id": "af38dd83-ad35-4947-b935-ca7cc6357e17", "timestamp": "2026-08-08T08:09:46.388481Z", "trace_id": "66735075f802507deb07c84d9ee18650"}
api-1       | INFO:     172.18.0.1:44460 - "GET /api/v1/runs/57810777-803b-46ce-8468-c6e4535b400e HTTP/1.1" 200 OK
api-1       | {"api_key_prefix": "evk_f2eea7ceb47c", "duration_ms": 41.717, "event": "http_request_completed", "level": "info", "method": "GET", "outcome": "success", "path": "/api/v1/runs/57810777-803b-46ce-8468-c6e4535b400e", "request_id": "74457c10-945f-4a39-9a56-dd5466ccae0c", "status_code": 200, "tenant_id": "af38dd83-ad35-4947-b935-ca7cc6357e17", "timestamp": "2026-08-08T08:09:46.932680Z", "trace_id": "a4f2745449232ac6ae96adb3ec654e42"}
api-1       | INFO:     172.18.0.1:44460 - "GET /api/v1/runs/57810777-803b-46ce-8468-c6e4535b400e HTTP/1.1" 200 OK
api-1       | {"api_key_prefix": "evk_f2eea7ceb47c", "duration_ms": 41.113, "event": "http_request_completed", "level": "info", "method": "GET", "outcome": "success", "path": "/api/v1/runs/57810777-803b-46ce-8468-c6e4535b400e", "request_id": "f93acc65-7c41-485b-8145-5339a2183d79", "status_code": 200, "tenant_id": "af38dd83-ad35-4947-b935-ca7cc6357e17", "timestamp": "2026-08-08T08:09:47.476133Z", "trace_id": "4c05be659b77d60de05e7f1a9b1cf7b9"}
api-1       | INFO:     172.18.0.1:44460 - "GET /api/v1/runs/57810777-803b-46ce-8468-c6e4535b400e HTTP/1.1" 200 OK
api-1       | {"api_key_prefix": "evk_f2eea7ceb47c", "duration_ms": 41.315, "event": "http_request_completed", "level": "info", "method": "GET", "outcome": "success", "path": "/api/v1/runs/57810777-803b-46ce-8468-c6e4535b400e", "request_id": "de446380-7d8d-4c61-b415-f44d4cee3276", "status_code": 200, "tenant_id": "af38dd83-ad35-4947-b935-ca7cc6357e17", "timestamp": "2026-08-08T08:09:48.019838Z", "trace_id": "5124989f4fdc32092ef662f00d95e130"}
api-1       | INFO:     172.18.0.1:44460 - "GET /api/v1/runs/57810777-803b-46ce-8468-c6e4535b400e HTTP/1.1" 200 OK
api-1       | {"api_key_prefix": "evk_f2eea7ceb47c", "duration_ms": 41.93, "event": "http_request_completed", "level": "info", "method": "GET", "outcome": "success", "path": "/api/v1/runs/57810777-803b-46ce-8468-c6e4535b400e", "request_id": "84966b05-ee4b-46c7-b3d4-c1eb88bf2bc1", "status_code": 200, "tenant_id": "af38dd83-ad35-4947-b935-ca7cc6357e17", "timestamp": "2026-08-08T08:09:48.564155Z", "trace_id": "2119ee66d8aad7cb062e9c304959cc8b"}
api-1       | INFO:     172.18.0.1:44460 - "GET /api/v1/runs/57810777-803b-46ce-8468-c6e4535b400e HTTP/1.1" 200 OK
api-1       | {"api_key_prefix": "evk_f2eea7ceb47c", "duration_ms": 40.36, "event": "http_request_completed", "level": "info", "method": "GET", "outcome": "success", "path": "/api/v1/runs/57810777-803b-46ce-8468-c6e4535b400e", "request_id": "5d2c137a-6de6-40d4-be50-34ccfb6ce107", "status_code": 200, "tenant_id": "af38dd83-ad35-4947-b935-ca7cc6357e17", "timestamp": "2026-08-08T08:09:49.106783Z", "trace_id": "81bdc45dd140df7aea277511aa96fdd7"}
api-1       | INFO:     172.18.0.1:44460 - "GET /api/v1/runs/57810777-803b-46ce-8468-c6e4535b400e HTTP/1.1" 200 OK
api-1       | {"api_key_prefix": "evk_f2eea7ceb47c", "duration_ms": 40.89, "event": "http_request_completed", "level": "info", "method": "GET", "outcome": "success", "path": "/api/v1/runs/57810777-803b-46ce-8468-c6e4535b400e", "request_id": "831f6785-9c80-40bf-afea-b85684b93a4c", "status_code": 200, "tenant_id": "af38dd83-ad35-4947-b935-ca7cc6357e17", "timestamp": "2026-08-08T08:09:49.649986Z", "trace_id": "0369908ef1457f331a55349a69ba30ab"}
api-1       | INFO:     172.18.0.1:44460 - "GET /api/v1/runs/57810777-803b-46ce-8468-c6e4535b400e HTTP/1.1" 200 OK
api-1       | {"api_key_prefix": "evk_f2eea7ceb47c", "duration_ms": 41.048, "event": "http_request_completed", "level": "info", "method": "GET", "outcome": "success", "path": "/api/v1/runs/57810777-803b-46ce-8468-c6e4535b400e", "request_id": "1d66aa55-d1e2-499f-95fc-03485d41c06c", "status_code": 200, "tenant_id": "af38dd83-ad35-4947-b935-ca7cc6357e17", "timestamp": "2026-08-08T08:09:50.193393Z", "trace_id": "60a0557188558365c24d470deba4559e"}
api-1       | INFO:     172.18.0.1:44460 - "GET /api/v1/runs/57810777-803b-46ce-8468-c6e4535b400e HTTP/1.1" 200 OK
api-1       | {"api_key_prefix": "evk_f2eea7ceb47c", "duration_ms": 41.55, "event": "http_request_completed", "level": "info", "method": "GET", "outcome": "success", "path": "/api/v1/runs/57810777-803b-46ce-8468-c6e4535b400e", "request_id": "2bef31bd-ff47-4462-b515-fb62d11c2513", "status_code": 200, "tenant_id": "af38dd83-ad35-4947-b935-ca7cc6357e17", "timestamp": "2026-08-08T08:09:50.737204Z", "trace_id": "9f930c27038e403bba976e35da7488e4"}
api-1       | INFO:     172.18.0.1:44460 - "GET /api/v1/runs/57810777-803b-46ce-8468-c6e4535b400e HTTP/1.1" 200 OK
api-1       | {"api_key_prefix": "evk_f2eea7ceb47c", "duration_ms": 41.155, "event": "http_request_completed", "level": "info", "method": "GET", "outcome": "success", "path": "/api/v1/runs/57810777-803b-46ce-8468-c6e4535b400e", "request_id": "d0793fc5-63d1-42f4-9382-a82ffbe8e0d3", "status_code": 200, "tenant_id": "af38dd83-ad35-4947-b935-ca7cc6357e17", "timestamp": "2026-08-08T08:09:51.280805Z", "trace_id": "321e233e7b19b81e6528b4172896e698"}
api-1       | {"event": "Context impl PostgresqlImpl.", "level": "info", "request_id": "498a5157-58f1-4aab-8f53-6a58d7512ae8", "timestamp": "2026-08-08T08:09:51.593730Z", "trace_id": "2a9f914fefd6dfad8c2ac43d7c4cac75"}
api-1       | {"event": "Will assume transactional DDL.", "level": "info", "request_id": "498a5157-58f1-4aab-8f53-6a58d7512ae8", "timestamp": "2026-08-08T08:09:51.593820Z", "trace_id": "2a9f914fefd6dfad8c2ac43d7c4cac75"}
api-1       | INFO:     127.0.0.1:37104 - "GET /health/ready HTTP/1.1" 200 OK
api-1       | {"duration_ms": 16.917, "event": "http_request_completed", "level": "info", "method": "GET", "outcome": "success", "path": "/health/ready", "request_id": "498a5157-58f1-4aab-8f53-6a58d7512ae8", "status_code": 200, "timestamp": "2026-08-08T08:09:51.599105Z", "trace_id": "2a9f914fefd6dfad8c2ac43d7c4cac75"}
api-1       | INFO:     172.18.0.1:44460 - "GET /api/v1/runs/57810777-803b-46ce-8468-c6e4535b400e HTTP/1.1" 200 OK
api-1       | {"api_key_prefix": "evk_f2eea7ceb47c", "duration_ms": 41.393, "event": "http_request_completed", "level": "info", "method": "GET", "outcome": "success", "path": "/api/v1/runs/57810777-803b-46ce-8468-c6e4535b400e", "request_id": "47a90597-bc57-431b-8b6b-fb0080d7cd63", "status_code": 200, "tenant_id": "af38dd83-ad35-4947-b935-ca7cc6357e17", "timestamp": "2026-08-08T08:09:51.824522Z", "trace_id": "85885855fa47e67add345b5f31f48e63"}
api-1       | INFO:     172.18.0.1:44460 - "GET /api/v1/runs/57810777-803b-46ce-8468-c6e4535b400e HTTP/1.1" 200 OK
api-1       | {"api_key_prefix": "evk_f2eea7ceb47c", "duration_ms": 41.24, "event": "http_request_completed", "level": "info", "method": "GET", "outcome": "success", "path": "/api/v1/runs/57810777-803b-46ce-8468-c6e4535b400e", "request_id": "94caad23-2ebe-46e0-8289-414b4b67247f", "status_code": 200, "tenant_id": "af38dd83-ad35-4947-b935-ca7cc6357e17", "timestamp": "2026-08-08T08:09:52.368163Z", "trace_id": "6a6674b83c58235b12dfd9b44880d8f3"}
api-1       | INFO:     172.18.0.1:44460 - "GET /api/v1/runs/57810777-803b-46ce-8468-c6e4535b400e HTTP/1.1" 200 OK
api-1       | {"api_key_prefix": "evk_f2eea7ceb47c", "duration_ms": 41.325, "event": "http_request_completed", "level": "info", "method": "GET", "outcome": "success", "path": "/api/v1/runs/57810777-803b-46ce-8468-c6e4535b400e", "request_id": "3b4acc27-a845-46df-b902-0a0b5eb1745a", "status_code": 200, "tenant_id": "af38dd83-ad35-4947-b935-ca7cc6357e17", "timestamp": "2026-08-08T08:09:52.911869Z", "trace_id": "8c26957502a18e1a3e7b3b215d8ce3c0"}
api-1       | INFO:     172.18.0.1:44460 - "GET /api/v1/runs/57810777-803b-46ce-8468-c6e4535b400e HTTP/1.1" 200 OK
api-1       | {"api_key_prefix": "evk_f2eea7ceb47c", "duration_ms": 46.203, "event": "http_request_completed", "level": "info", "method": "GET", "outcome": "success", "path": "/api/v1/runs/57810777-803b-46ce-8468-c6e4535b400e", "request_id": "ef02015a-841a-4930-ab65-02e8a38673ff", "status_code": 200, "tenant_id": "af38dd83-ad35-4947-b935-ca7cc6357e17", "timestamp": "2026-08-08T08:09:53.460621Z", "trace_id": "f0fc238243d6bc439f4aeeaa30de1758"}
api-1       | INFO:     172.18.0.1:44460 - "GET /api/v1/runs/57810777-803b-46ce-8468-c6e4535b400e HTTP/1.1" 200 OK
api-1       | {"api_key_prefix": "evk_f2eea7ceb47c", "duration_ms": 41.53, "event": "http_request_completed", "level": "info", "method": "GET", "outcome": "success", "path": "/api/v1/runs/57810777-803b-46ce-8468-c6e4535b400e", "request_id": "0d654099-e929-4358-ae71-6eda45742d18", "status_code": 200, "tenant_id": "af38dd83-ad35-4947-b935-ca7cc6357e17", "timestamp": "2026-08-08T08:09:54.004956Z", "trace_id": "fa57ff4a5fa0fbebd57b3e2bb29f3f6b"}
api-1       | INFO:     172.18.0.1:44460 - "GET /api/v1/runs/57810777-803b-46ce-8468-c6e4535b400e HTTP/1.1" 200 OK
api-1       | {"api_key_prefix": "evk_f2eea7ceb47c", "duration_ms": 40.616, "event": "http_request_completed", "level": "info", "method": "GET", "outcome": "success", "path": "/api/v1/runs/57810777-803b-46ce-8468-c6e4535b400e", "request_id": "b43d65d8-dc85-470e-9f3c-bc22be02930c", "status_code": 200, "tenant_id": "af38dd83-ad35-4947-b935-ca7cc6357e17", "timestamp": "2026-08-08T08:09:54.547968Z", "trace_id": "801d2d6e682b84549961280d8dec55c7"}
api-1       | INFO:     172.18.0.1:44460 - "GET /api/v1/runs/57810777-803b-46ce-8468-c6e4535b400e HTTP/1.1" 200 OK
api-1       | {"api_key_prefix": "evk_f2eea7ceb47c", "duration_ms": 42.423, "event": "http_request_completed", "level": "info", "method": "GET", "outcome": "success", "path": "/api/v1/runs/57810777-803b-46ce-8468-c6e4535b400e", "request_id": "615658f4-a9a2-4524-82a5-684d76ced9ac", "status_code": 200, "tenant_id": "af38dd83-ad35-4947-b935-ca7cc6357e17", "timestamp": "2026-08-08T08:09:55.092806Z", "trace_id": "2a93fe75d1f19ec5db8a09804f190bb8"}
api-1       | INFO:     172.18.0.1:44460 - "GET /api/v1/runs/57810777-803b-46ce-8468-c6e4535b400e HTTP/1.1" 200 OK
api-1       | {"api_key_prefix": "evk_f2eea7ceb47c", "duration_ms": 41.003, "event": "http_request_completed", "level": "info", "method": "GET", "outcome": "success", "path": "/api/v1/runs/57810777-803b-46ce-8468-c6e4535b400e", "request_id": "56e0922d-067a-45b8-8b4c-0d765cf86294", "status_code": 200, "tenant_id": "af38dd83-ad35-4947-b935-ca7cc6357e17", "timestamp": "2026-08-08T08:09:55.636258Z", "trace_id": "1c570438dcd8628b516568a54cacf95a"}
api-1       | INFO:     172.18.0.1:44460 - "GET /api/v1/runs/57810777-803b-46ce-8468-c6e4535b400e HTTP/1.1" 200 OK
api-1       | {"api_key_prefix": "evk_f2eea7ceb47c", "duration_ms": 41.426, "event": "http_request_completed", "level": "info", "method": "GET", "outcome": "success", "path": "/api/v1/runs/57810777-803b-46ce-8468-c6e4535b400e", "request_id": "cc5a4095-13db-4a79-a03e-09d6cc5a61ab", "status_code": 200, "tenant_id": "af38dd83-ad35-4947-b935-ca7cc6357e17", "timestamp": "2026-08-08T08:09:56.180064Z", "trace_id": "26996ba9ff8620d4af5c2be3b68e6525"}
api-1       | INFO:     172.18.0.1:44460 - "GET /api/v1/runs/57810777-803b-46ce-8468-c6e4535b400e HTTP/1.1" 200 OK
api-1       | {"api_key_prefix": "evk_f2eea7ceb47c", "duration_ms": 96.53, "event": "http_request_completed", "level": "info", "method": "GET", "outcome": "success", "path": "/api/v1/runs/57810777-803b-46ce-8468-c6e4535b400e", "request_id": "95391c3c-d9e8-4ef0-b366-52b08bc81091", "status_code": 200, "tenant_id": "af38dd83-ad35-4947-b935-ca7cc6357e17", "timestamp": "2026-08-08T08:09:56.779105Z", "trace_id": "ebb3dca5ec573177ad8c8775d9498231"}
api-1       | {"event": "Context impl PostgresqlImpl.", "level": "info", "request_id": "f40ad53a-6153-47eb-b9e2-bfabe818b75c", "timestamp": "2026-08-08T08:09:56.895388Z", "trace_id": "a8b736a823b855bd073fb387fab0a347"}
api-1       | {"event": "Will assume transactional DDL.", "level": "info", "request_id": "f40ad53a-6153-47eb-b9e2-bfabe818b75c", "timestamp": "2026-08-08T08:09:56.895512Z", "trace_id": "a8b736a823b855bd073fb387fab0a347"}
api-1       | INFO:     127.0.0.1:47734 - "GET /health/ready HTTP/1.1" 200 OK
api-1       | {"duration_ms": 13.692, "event": "http_request_completed", "level": "info", "method": "GET", "outcome": "success", "path": "/health/ready", "request_id": "f40ad53a-6153-47eb-b9e2-bfabe818b75c", "status_code": 200, "timestamp": "2026-08-08T08:09:56.897399Z", "trace_id": "a8b736a823b855bd073fb387fab0a347"}
api-1       | INFO:     172.18.0.1:44460 - "GET /api/v1/runs/57810777-803b-46ce-8468-c6e4535b400e HTTP/1.1" 200 OK
api-1       | {"api_key_prefix": "evk_f2eea7ceb47c", "duration_ms": 41.387, "event": "http_request_completed", "level": "info", "method": "GET", "outcome": "success", "path": "/api/v1/runs/57810777-803b-46ce-8468-c6e4535b400e", "request_id": "c0d61aea-8d4c-4930-91e1-42bbdd38d896", "status_code": 200, "tenant_id": "af38dd83-ad35-4947-b935-ca7cc6357e17", "timestamp": "2026-08-08T08:09:57.323000Z", "trace_id": "d06df9fe233a1a4546bd97beb8a3b3a4"}
api-1       | INFO:     172.18.0.1:44460 - "GET /api/v1/runs/57810777-803b-46ce-8468-c6e4535b400e HTTP/1.1" 200 OK
api-1       | {"api_key_prefix": "evk_f2eea7ceb47c", "duration_ms": 41.833, "event": "http_request_completed", "level": "info", "method": "GET", "outcome": "success", "path": "/api/v1/runs/57810777-803b-46ce-8468-c6e4535b400e", "request_id": "37fd5940-560b-4e5d-9e93-79d67f0216dd", "status_code": 200, "tenant_id": "af38dd83-ad35-4947-b935-ca7cc6357e17", "timestamp": "2026-08-08T08:09:57.867261Z", "trace_id": "40daa3fdffb4254c8288516e29608c42"}
api-1       | INFO:     172.18.0.1:44460 - "GET /api/v1/runs/57810777-803b-46ce-8468-c6e4535b400e HTTP/1.1" 200 OK
api-1       | {"api_key_prefix": "evk_f2eea7ceb47c", "duration_ms": 41.294, "event": "http_request_completed", "level": "info", "method": "GET", "outcome": "success", "path": "/api/v1/runs/57810777-803b-46ce-8468-c6e4535b400e", "request_id": "6798124b-31a9-4b64-bf47-544a3ad9aeef", "status_code": 200, "tenant_id": "af38dd83-ad35-4947-b935-ca7cc6357e17", "timestamp": "2026-08-08T08:09:58.410998Z", "trace_id": "6b5d57880f501d1248f36bb57a0d52cd"}
api-1       | INFO:     172.18.0.1:44460 - "GET /api/v1/runs/57810777-803b-46ce-8468-c6e4535b400e HTTP/1.1" 200 OK
api-1       | {"api_key_prefix": "evk_f2eea7ceb47c", "duration_ms": 41.764, "event": "http_request_completed", "level": "info", "method": "GET", "outcome": "success", "path": "/api/v1/runs/57810777-803b-46ce-8468-c6e4535b400e", "request_id": "1926b101-2323-4676-bd05-1b0dc2ab87fb", "status_code": 200, "tenant_id": "af38dd83-ad35-4947-b935-ca7cc6357e17", "timestamp": "2026-08-08T08:09:58.955199Z", "trace_id": "40db4feeb2e8332795b34bdc0eb442e9"}
api-1       | INFO:     172.18.0.1:44460 - "GET /api/v1/runs/57810777-803b-46ce-8468-c6e4535b400e HTTP/1.1" 200 OK
api-1       | {"api_key_prefix": "evk_f2eea7ceb47c", "duration_ms": 41.638, "event": "http_request_completed", "level": "info", "method": "GET", "outcome": "success", "path": "/api/v1/runs/57810777-803b-46ce-8468-c6e4535b400e", "request_id": "820cb284-3368-425c-98b8-a676715798b7", "status_code": 200, "tenant_id": "af38dd83-ad35-4947-b935-ca7cc6357e17", "timestamp": "2026-08-08T08:09:59.499237Z", "trace_id": "b46cde610957815cb67e57761f93beab"}
api-1       | INFO:     172.18.0.1:44460 - "GET /api/v1/runs/57810777-803b-46ce-8468-c6e4535b400e HTTP/1.1" 200 OK
api-1       | {"api_key_prefix": "evk_f2eea7ceb47c", "duration_ms": 41.595, "event": "http_request_completed", "level": "info", "method": "GET", "outcome": "success", "path": "/api/v1/runs/57810777-803b-46ce-8468-c6e4535b400e", "request_id": "3cbb4fe7-3411-422b-a61b-7255cbc8882b", "status_code": 200, "tenant_id": "af38dd83-ad35-4947-b935-ca7cc6357e17", "timestamp": "2026-08-08T08:10:00.043230Z", "trace_id": "d3f3a21abea1fb1e94c05dd0ebdcfc9b"}
api-1       | INFO:     172.18.0.1:44460 - "GET /api/v1/runs/57810777-803b-46ce-8468-c6e4535b400e HTTP/1.1" 200 OK
api-1       | {"api_key_prefix": "evk_f2eea7ceb47c", "duration_ms": 41.393, "event": "http_request_completed", "level": "info", "method": "GET", "outcome": "success", "path": "/api/v1/runs/57810777-803b-46ce-8468-c6e4535b400e", "request_id": "9713d921-86b9-45ea-8216-8f28402a9185", "status_code": 200, "tenant_id": "af38dd83-ad35-4947-b935-ca7cc6357e17", "timestamp": "2026-08-08T08:10:00.586994Z", "trace_id": "f6a77bd89dbe16b8bc39cde05397f1a6"}
api-1       | INFO:     172.18.0.1:44460 - "GET /api/v1/runs/57810777-803b-46ce-8468-c6e4535b400e HTTP/1.1" 200 OK
api-1       | {"api_key_prefix": "evk_f2eea7ceb47c", "duration_ms": 44.913, "event": "http_request_completed", "level": "info", "method": "GET", "outcome": "success", "path": "/api/v1/runs/57810777-803b-46ce-8468-c6e4535b400e", "request_id": "7cfae377-f77d-48d6-851d-3d6653bcbec4", "status_code": 200, "tenant_id": "af38dd83-ad35-4947-b935-ca7cc6357e17", "timestamp": "2026-08-08T08:10:01.134404Z", "trace_id": "a3d0d3ac35657bafe25121cc017c6060"}
api-1       | INFO:     172.18.0.1:44460 - "GET /api/v1/runs/57810777-803b-46ce-8468-c6e4535b400e HTTP/1.1" 200 OK
api-1       | {"api_key_prefix": "evk_f2eea7ceb47c", "duration_ms": 40.834, "event": "http_request_completed", "level": "info", "method": "GET", "outcome": "success", "path": "/api/v1/runs/57810777-803b-46ce-8468-c6e4535b400e", "request_id": "e734aee9-7e8c-4562-9c65-58cd42bb6dcf", "status_code": 200, "tenant_id": "af38dd83-ad35-4947-b935-ca7cc6357e17", "timestamp": "2026-08-08T08:10:01.677436Z", "trace_id": "d8a551b21c4e32bc97f219b0886d29f4"}
api-1       | {"event": "Context impl PostgresqlImpl.", "level": "info", "request_id": "8220f71f-c8aa-41cd-90ff-d7a93fe44491", "timestamp": "2026-08-08T08:10:02.132697Z", "trace_id": "4c94b0401006ae66b33aba42b99998c9"}
api-1       | {"event": "Will assume transactional DDL.", "level": "info", "request_id": "8220f71f-c8aa-41cd-90ff-d7a93fe44491", "timestamp": "2026-08-08T08:10:02.132788Z", "trace_id": "4c94b0401006ae66b33aba42b99998c9"}
api-1       | INFO:     127.0.0.1:47748 - "GET /health/ready HTTP/1.1" 200 OK
api-1       | {"duration_ms": 17.991, "event": "http_request_completed", "level": "info", "method": "GET", "outcome": "success", "path": "/health/ready", "request_id": "8220f71f-c8aa-41cd-90ff-d7a93fe44491", "status_code": 200, "timestamp": "2026-08-08T08:10:02.138770Z", "trace_id": "4c94b0401006ae66b33aba42b99998c9"}
api-1       | INFO:     172.18.0.1:44460 - "GET /api/v1/runs/57810777-803b-46ce-8468-c6e4535b400e HTTP/1.1" 200 OK
api-1       | {"api_key_prefix": "evk_f2eea7ceb47c", "duration_ms": 42.118, "event": "http_request_completed", "level": "info", "method": "GET", "outcome": "success", "path": "/api/v1/runs/57810777-803b-46ce-8468-c6e4535b400e", "request_id": "b49d7c6d-7346-4997-81bf-a0a40d9c083d", "status_code": 200, "tenant_id": "af38dd83-ad35-4947-b935-ca7cc6357e17", "timestamp": "2026-08-08T08:10:02.221805Z", "trace_id": "905b6f69107709ce535848f6bbb5d6b7"}
api-1       | INFO:     172.18.0.1:44460 - "GET /api/v1/runs/57810777-803b-46ce-8468-c6e4535b400e HTTP/1.1" 200 OK
api-1       | {"api_key_prefix": "evk_f2eea7ceb47c", "duration_ms": 40.905, "event": "http_request_completed", "level": "info", "method": "GET", "outcome": "success", "path": "/api/v1/runs/57810777-803b-46ce-8468-c6e4535b400e", "request_id": "a67ae1e6-9f51-49f3-8672-8b7fba3dea70", "status_code": 200, "tenant_id": "af38dd83-ad35-4947-b935-ca7cc6357e17", "timestamp": "2026-08-08T08:10:02.765053Z", "trace_id": "fe934f80f2a87c07207b09563d8a4cfc"}
api-1       | INFO:     172.18.0.1:44460 - "GET /api/v1/runs/57810777-803b-46ce-8468-c6e4535b400e HTTP/1.1" 200 OK
api-1       | {"api_key_prefix": "evk_f2eea7ceb47c", "duration_ms": 41.049, "event": "http_request_completed", "level": "info", "method": "GET", "outcome": "success", "path": "/api/v1/runs/57810777-803b-46ce-8468-c6e4535b400e", "request_id": "5d07a100-9d3b-48bb-b3a5-1c6e719acc99", "status_code": 200, "tenant_id": "af38dd83-ad35-4947-b935-ca7cc6357e17", "timestamp": "2026-08-08T08:10:03.308811Z", "trace_id": "2b804be5cb8a1f3db99f0167207d638f"}
api-1       | INFO:     172.18.0.1:44460 - "GET /api/v1/runs/57810777-803b-46ce-8468-c6e4535b400e HTTP/1.1" 200 OK
api-1       | {"api_key_prefix": "evk_f2eea7ceb47c", "duration_ms": 41.405, "event": "http_request_completed", "level": "info", "method": "GET", "outcome": "success", "path": "/api/v1/runs/57810777-803b-46ce-8468-c6e4535b400e", "request_id": "ec401379-2d2d-4084-8ba3-69812d350bd9", "status_code": 200, "tenant_id": "af38dd83-ad35-4947-b935-ca7cc6357e17", "timestamp": "2026-08-08T08:10:03.852592Z", "trace_id": "b72e4c6e68bac65503c85f50dca0b776"}
api-1       | INFO:     172.18.0.1:44460 - "GET /api/v1/runs/57810777-803b-46ce-8468-c6e4535b400e HTTP/1.1" 200 OK
api-1       | {"api_key_prefix": "evk_f2eea7ceb47c", "duration_ms": 41.758, "event": "http_request_completed", "level": "info", "method": "GET", "outcome": "success", "path": "/api/v1/runs/57810777-803b-46ce-8468-c6e4535b400e", "request_id": "ec13023d-816a-4ff2-b3ae-35f52a215532", "status_code": 200, "tenant_id": "af38dd83-ad35-4947-b935-ca7cc6357e17", "timestamp": "2026-08-08T08:10:04.396794Z", "trace_id": "1d1fe6e809ecd27dcfd1e7bd66f0153e"}
api-1       | INFO:     172.18.0.1:44460 - "GET /api/v1/runs/57810777-803b-46ce-8468-c6e4535b400e HTTP/1.1" 200 OK
api-1       | {"api_key_prefix": "evk_f2eea7ceb47c", "duration_ms": 49.744, "event": "http_request_completed", "level": "info", "method": "GET", "outcome": "success", "path": "/api/v1/runs/57810777-803b-46ce-8468-c6e4535b400e", "request_id": "a9976ce3-4863-43d7-9ef1-2a6dd09a0add", "status_code": 200, "tenant_id": "af38dd83-ad35-4947-b935-ca7cc6357e17", "timestamp": "2026-08-08T08:10:04.949019Z", "trace_id": "74541346001bf24b6892b1bdf2e09b9f"}
api-1       | INFO:     172.18.0.1:44460 - "GET /api/v1/runs/57810777-803b-46ce-8468-c6e4535b400e HTTP/1.1" 200 OK
api-1       | {"api_key_prefix": "evk_f2eea7ceb47c", "duration_ms": 41.543, "event": "http_request_completed", "level": "info", "method": "GET", "outcome": "success", "path": "/api/v1/runs/57810777-803b-46ce-8468-c6e4535b400e", "request_id": "48d8c887-ff85-423b-88d5-0fb2bf185f07", "status_code": 200, "tenant_id": "af38dd83-ad35-4947-b935-ca7cc6357e17", "timestamp": "2026-08-08T08:10:05.493304Z", "trace_id": "86969af222dded99be6ad26c9f94b973"}
api-1       | INFO:     172.18.0.1:44460 - "GET /api/v1/runs/57810777-803b-46ce-8468-c6e4535b400e HTTP/1.1" 200 OK
api-1       | {"api_key_prefix": "evk_f2eea7ceb47c", "duration_ms": 47.269, "event": "http_request_completed", "level": "info", "method": "GET", "outcome": "success", "path": "/api/v1/runs/57810777-803b-46ce-8468-c6e4535b400e", "request_id": "0eb70a57-ac45-4fc0-b541-0ffe769eb425", "status_code": 200, "tenant_id": "af38dd83-ad35-4947-b935-ca7cc6357e17", "timestamp": "2026-08-08T08:10:06.042959Z", "trace_id": "11fe918c066bc8b639b94175832c2cad"}
api-1       | INFO:     172.18.0.1:44460 - "GET /api/v1/runs/57810777-803b-46ce-8468-c6e4535b400e HTTP/1.1" 200 OK
api-1       | {"api_key_prefix": "evk_f2eea7ceb47c", "duration_ms": 42.747, "event": "http_request_completed", "level": "info", "method": "GET", "outcome": "success", "path": "/api/v1/runs/57810777-803b-46ce-8468-c6e4535b400e", "request_id": "a9c65b60-a659-4c7a-8249-bc69ce71611e", "status_code": 200, "tenant_id": "af38dd83-ad35-4947-b935-ca7cc6357e17", "timestamp": "2026-08-08T08:10:06.588252Z", "trace_id": "69db908ce80d71ffa24cfeda590c76ce"}
api-1       | INFO:     172.18.0.1:44460 - "GET /api/v1/runs/57810777-803b-46ce-8468-c6e4535b400e HTTP/1.1" 200 OK
api-1       | {"api_key_prefix": "evk_f2eea7ceb47c", "duration_ms": 41.911, "event": "http_request_completed", "level": "info", "method": "GET", "outcome": "success", "path": "/api/v1/runs/57810777-803b-46ce-8468-c6e4535b400e", "request_id": "c46f7542-827a-41d5-b36e-5be07780113c", "status_code": 200, "tenant_id": "af38dd83-ad35-4947-b935-ca7cc6357e17", "timestamp": "2026-08-08T08:10:07.132551Z", "trace_id": "adbc372da8713892d843e5f6f8041b3f"}
api-1       | {"event": "Context impl PostgresqlImpl.", "level": "info", "request_id": "25777a25-7eae-43fd-8b6f-2f97f1b528d7", "timestamp": "2026-08-08T08:10:07.370445Z", "trace_id": "0af5f8f1f48b343f1a651da8afce2bbe"}
api-1       | {"event": "Will assume transactional DDL.", "level": "info", "request_id": "25777a25-7eae-43fd-8b6f-2f97f1b528d7", "timestamp": "2026-08-08T08:10:07.370536Z", "trace_id": "0af5f8f1f48b343f1a651da8afce2bbe"}
api-1       | INFO:     127.0.0.1:39454 - "GET /health/ready HTTP/1.1" 200 OK
api-1       | {"duration_ms": 13.951, "event": "http_request_completed", "level": "info", "method": "GET", "outcome": "success", "path": "/health/ready", "request_id": "25777a25-7eae-43fd-8b6f-2f97f1b528d7", "status_code": 200, "timestamp": "2026-08-08T08:10:07.372510Z", "trace_id": "0af5f8f1f48b343f1a651da8afce2bbe"}
api-1       | INFO:     172.18.0.1:44460 - "GET /api/v1/runs/57810777-803b-46ce-8468-c6e4535b400e HTTP/1.1" 200 OK
api-1       | {"api_key_prefix": "evk_f2eea7ceb47c", "duration_ms": 41.252, "event": "http_request_completed", "level": "info", "method": "GET", "outcome": "success", "path": "/api/v1/runs/57810777-803b-46ce-8468-c6e4535b400e", "request_id": "6a559671-3ce5-46ad-ad81-da765ba40408", "status_code": 200, "tenant_id": "af38dd83-ad35-4947-b935-ca7cc6357e17", "timestamp": "2026-08-08T08:10:07.676249Z", "trace_id": "9fe6ae998f9f4aa0d7a918489597f8c4"}
api-1       | INFO:     172.18.0.1:44460 - "GET /api/v1/runs/57810777-803b-46ce-8468-c6e4535b400e HTTP/1.1" 200 OK
api-1       | {"api_key_prefix": "evk_f2eea7ceb47c", "duration_ms": 40.25, "event": "http_request_completed", "level": "info", "method": "GET", "outcome": "success", "path": "/api/v1/runs/57810777-803b-46ce-8468-c6e4535b400e", "request_id": "dfc06d48-2c57-443e-becd-7b15849780e5", "status_code": 200, "tenant_id": "af38dd83-ad35-4947-b935-ca7cc6357e17", "timestamp": "2026-08-08T08:10:08.218730Z", "trace_id": "f2b7ec4f6e7d35a21383f91fec3f5a42"}
api-1       | INFO:     172.18.0.1:44460 - "GET /api/v1/runs/57810777-803b-46ce-8468-c6e4535b400e HTTP/1.1" 200 OK
api-1       | {"api_key_prefix": "evk_f2eea7ceb47c", "duration_ms": 41.383, "event": "http_request_completed", "level": "info", "method": "GET", "outcome": "success", "path": "/api/v1/runs/57810777-803b-46ce-8468-c6e4535b400e", "request_id": "a6a3ed75-8373-4a4c-9f80-359397543c22", "status_code": 200, "tenant_id": "af38dd83-ad35-4947-b935-ca7cc6357e17", "timestamp": "2026-08-08T08:10:08.762535Z", "trace_id": "d6c3487061fc8d59445411cc3a7b6175"}
api-1       | INFO:     172.18.0.1:44460 - "GET /api/v1/runs/57810777-803b-46ce-8468-c6e4535b400e HTTP/1.1" 200 OK
api-1       | {"api_key_prefix": "evk_f2eea7ceb47c", "duration_ms": 42.678, "event": "http_request_completed", "level": "info", "method": "GET", "outcome": "success", "path": "/api/v1/runs/57810777-803b-46ce-8468-c6e4535b400e", "request_id": "117557a9-4095-4fa8-8952-05d3e9f7cb7c", "status_code": 200, "tenant_id": "af38dd83-ad35-4947-b935-ca7cc6357e17", "timestamp": "2026-08-08T08:10:09.307586Z", "trace_id": "3bda1829396fc89c9de2185f2a619ecf"}
api-1       | INFO:     172.18.0.1:44460 - "GET /api/v1/runs/57810777-803b-46ce-8468-c6e4535b400e HTTP/1.1" 200 OK
api-1       | {"api_key_prefix": "evk_f2eea7ceb47c", "duration_ms": 42.698, "event": "http_request_completed", "level": "info", "method": "GET", "outcome": "success", "path": "/api/v1/runs/57810777-803b-46ce-8468-c6e4535b400e", "request_id": "a985b4b1-fd42-4eae-9e17-9a85a2bf60b5", "status_code": 200, "tenant_id": "af38dd83-ad35-4947-b935-ca7cc6357e17", "timestamp": "2026-08-08T08:10:09.852769Z", "trace_id": "659ff51b3c9b8e37edac069a82f8ac7f"}
api-1       | INFO:     172.18.0.1:44460 - "GET /api/v1/runs/57810777-803b-46ce-8468-c6e4535b400e HTTP/1.1" 200 OK
api-1       | {"api_key_prefix": "evk_f2eea7ceb47c", "duration_ms": 41.341, "event": "http_request_completed", "level": "info", "method": "GET", "outcome": "success", "path": "/api/v1/runs/57810777-803b-46ce-8468-c6e4535b400e", "request_id": "eba75b3d-f69d-46f6-b96f-c11deb3fd102", "status_code": 200, "tenant_id": "af38dd83-ad35-4947-b935-ca7cc6357e17", "timestamp": "2026-08-08T08:10:10.396494Z", "trace_id": "200fd444babd21ca661e51830ddca720"}
api-1       | INFO:     172.18.0.1:44460 - "GET /api/v1/runs/57810777-803b-46ce-8468-c6e4535b400e HTTP/1.1" 200 OK
api-1       | {"api_key_prefix": "evk_f2eea7ceb47c", "duration_ms": 41.468, "event": "http_request_completed", "level": "info", "method": "GET", "outcome": "success", "path": "/api/v1/runs/57810777-803b-46ce-8468-c6e4535b400e", "request_id": "6b6caee2-15d6-432e-b191-d560f0880a31", "status_code": 200, "tenant_id": "af38dd83-ad35-4947-b935-ca7cc6357e17", "timestamp": "2026-08-08T08:10:10.940409Z", "trace_id": "a74870bc9ccd7568227fb2407662212a"}
api-1       | INFO:     172.18.0.1:44460 - "GET /api/v1/runs/57810777-803b-46ce-8468-c6e4535b400e HTTP/1.1" 200 OK
api-1       | {"api_key_prefix": "evk_f2eea7ceb47c", "duration_ms": 41.473, "event": "http_request_completed", "level": "info", "method": "GET", "outcome": "success", "path": "/api/v1/runs/57810777-803b-46ce-8468-c6e4535b400e", "request_id": "4da7b0cc-63b6-444c-a8f6-6ee2c18039eb", "status_code": 200, "tenant_id": "af38dd83-ad35-4947-b935-ca7cc6357e17", "timestamp": "2026-08-08T08:10:11.484323Z", "trace_id": "37b1e3e0e3a22f6245727164a07a70c2"}
api-1       | INFO:     172.18.0.1:44460 - "GET /api/v1/runs/57810777-803b-46ce-8468-c6e4535b400e HTTP/1.1" 200 OK
api-1       | {"api_key_prefix": "evk_f2eea7ceb47c", "duration_ms": 41.276, "event": "http_request_completed", "level": "info", "method": "GET", "outcome": "success", "path": "/api/v1/runs/57810777-803b-46ce-8468-c6e4535b400e", "request_id": "c1134f4c-a959-4c42-90ca-cbef6c0eef72", "status_code": 200, "tenant_id": "af38dd83-ad35-4947-b935-ca7cc6357e17", "timestamp": "2026-08-08T08:10:12.027943Z", "trace_id": "e918d7870d9e10a0487789ad295b950b"}
api-1       | INFO:     172.18.0.1:44460 - "GET /api/v1/runs/57810777-803b-46ce-8468-c6e4535b400e HTTP/1.1" 200 OK
api-1       | {"api_key_prefix": "evk_f2eea7ceb47c", "duration_ms": 58.869, "event": "http_request_completed", "level": "info", "method": "GET", "outcome": "success", "path": "/api/v1/runs/57810777-803b-46ce-8468-c6e4535b400e", "request_id": "71e8d7b1-7275-4d2d-af7f-9fac39fd83c6", "status_code": 200, "tenant_id": "af38dd83-ad35-4947-b935-ca7cc6357e17", "timestamp": "2026-08-08T08:10:12.589202Z", "trace_id": "e64e2590f8f6cb6dcffd5e91f316c841"}
api-1       | {"event": "Context impl PostgresqlImpl.", "level": "info", "request_id": "1989cf2f-8da5-4bdf-a567-c16cc6a525ad", "timestamp": "2026-08-08T08:10:12.624730Z", "trace_id": "ad448841933c71510a6a8d051c29e9b2"}
api-1       | {"event": "Will assume transactional DDL.", "level": "info", "request_id": "1989cf2f-8da5-4bdf-a567-c16cc6a525ad", "timestamp": "2026-08-08T08:10:12.624815Z", "trace_id": "ad448841933c71510a6a8d051c29e9b2"}
api-1       | INFO:     127.0.0.1:39460 - "GET /health/ready HTTP/1.1" 200 OK
api-1       | {"duration_ms": 13.844, "event": "http_request_completed", "level": "info", "method": "GET", "outcome": "success", "path": "/health/ready", "request_id": "1989cf2f-8da5-4bdf-a567-c16cc6a525ad", "status_code": 200, "timestamp": "2026-08-08T08:10:12.626701Z", "trace_id": "ad448841933c71510a6a8d051c29e9b2"}
api-1       | INFO:     172.18.0.1:44460 - "GET /api/v1/runs/57810777-803b-46ce-8468-c6e4535b400e HTTP/1.1" 200 OK
api-1       | {"api_key_prefix": "evk_f2eea7ceb47c", "duration_ms": 41.141, "event": "http_request_completed", "level": "info", "method": "GET", "outcome": "success", "path": "/api/v1/runs/57810777-803b-46ce-8468-c6e4535b400e", "request_id": "6720f0c8-256f-4d33-8a2d-95409c290ad7", "status_code": 200, "tenant_id": "af38dd83-ad35-4947-b935-ca7cc6357e17", "timestamp": "2026-08-08T08:10:13.133095Z", "trace_id": "aab35fc1622e57312e36cb162bc60659"}
api-1       | INFO:     172.18.0.1:44460 - "GET /api/v1/runs/57810777-803b-46ce-8468-c6e4535b400e HTTP/1.1" 200 OK
api-1       | {"api_key_prefix": "evk_f2eea7ceb47c", "duration_ms": 41.303, "event": "http_request_completed", "level": "info", "method": "GET", "outcome": "success", "path": "/api/v1/runs/57810777-803b-46ce-8468-c6e4535b400e", "request_id": "fb50d4c9-9a1a-470e-a61e-d3ccfbabd812", "status_code": 200, "tenant_id": "af38dd83-ad35-4947-b935-ca7cc6357e17", "timestamp": "2026-08-08T08:10:13.676742Z", "trace_id": "51e97b4e11539e7fc0de880351509ee7"}
api-1       | INFO:     172.18.0.1:44460 - "GET /api/v1/runs/57810777-803b-46ce-8468-c6e4535b400e HTTP/1.1" 200 OK
api-1       | {"api_key_prefix": "evk_f2eea7ceb47c", "duration_ms": 41.464, "event": "http_request_completed", "level": "info", "method": "GET", "outcome": "success", "path": "/api/v1/runs/57810777-803b-46ce-8468-c6e4535b400e", "request_id": "abde3773-c2ba-41e7-9a63-4939a31e2fb0", "status_code": 200, "tenant_id": "af38dd83-ad35-4947-b935-ca7cc6357e17", "timestamp": "2026-08-08T08:10:14.220644Z", "trace_id": "a3bb1da5030ecb057477e64ac3befee3"}
api-1       | INFO:     172.18.0.1:44460 - "GET /api/v1/runs/57810777-803b-46ce-8468-c6e4535b400e HTTP/1.1" 200 OK
api-1       | {"api_key_prefix": "evk_f2eea7ceb47c", "duration_ms": 40.538, "event": "http_request_completed", "level": "info", "method": "GET", "outcome": "success", "path": "/api/v1/runs/57810777-803b-46ce-8468-c6e4535b400e", "request_id": "bef19442-ba5c-466f-922b-4e97973afa26", "status_code": 200, "tenant_id": "af38dd83-ad35-4947-b935-ca7cc6357e17", "timestamp": "2026-08-08T08:10:14.762983Z", "trace_id": "2eb7f6842065831e9dc19c9fa1a6d416"}
api-1       | INFO:     172.18.0.1:44460 - "GET /api/v1/runs/57810777-803b-46ce-8468-c6e4535b400e HTTP/1.1" 200 OK
api-1       | {"api_key_prefix": "evk_f2eea7ceb47c", "duration_ms": 45.672, "event": "http_request_completed", "level": "info", "method": "GET", "outcome": "success", "path": "/api/v1/runs/57810777-803b-46ce-8468-c6e4535b400e", "request_id": "d49d93b9-4414-4e59-829f-32a7f367bbee", "status_code": 200, "tenant_id": "af38dd83-ad35-4947-b935-ca7cc6357e17", "timestamp": "2026-08-08T08:10:15.311000Z", "trace_id": "d11c7dd5cfb6560aacd2a9b4c887a9c2"}
api-1       | INFO:     172.18.0.1:44460 - "GET /api/v1/runs/57810777-803b-46ce-8468-c6e4535b400e HTTP/1.1" 200 OK
api-1       | {"api_key_prefix": "evk_f2eea7ceb47c", "duration_ms": 46.117, "event": "http_request_completed", "level": "info", "method": "GET", "outcome": "success", "path": "/api/v1/runs/57810777-803b-46ce-8468-c6e4535b400e", "request_id": "4c5c9893-b580-4ad0-bafd-918a2fe269c9", "status_code": 200, "tenant_id": "af38dd83-ad35-4947-b935-ca7cc6357e17", "timestamp": "2026-08-08T08:10:15.859772Z", "trace_id": "0605a21a9002907f8703b781047ed076"}
api-1       | {"claimed": 1, "event": "outbox_dispatch_batch_completed", "lease_lost": 0, "level": "info", "published": 1, "retry_scheduled": 0, "role": "outbox_dispatcher", "timestamp": "2026-08-08T08:10:16.230248Z"}
api-1       | INFO:     172.18.0.1:44460 - "GET /api/v1/runs/57810777-803b-46ce-8468-c6e4535b400e HTTP/1.1" 200 OK
api-1       | {"api_key_prefix": "evk_f2eea7ceb47c", "duration_ms": 41.406, "event": "http_request_completed", "level": "info", "method": "GET", "outcome": "success", "path": "/api/v1/runs/57810777-803b-46ce-8468-c6e4535b400e", "request_id": "429e0932-1df1-4aa4-b56f-0ee537586bbb", "status_code": 200, "tenant_id": "af38dd83-ad35-4947-b935-ca7cc6357e17", "timestamp": "2026-08-08T08:10:16.403721Z", "trace_id": "0d1c37d2fee601a0b18da97ce799cf62"}
api-1       | INFO:     172.18.0.1:44460 - "GET /api/v1/runs/57810777-803b-46ce-8468-c6e4535b400e HTTP/1.1" 200 OK
api-1       | {"api_key_prefix": "evk_f2eea7ceb47c", "duration_ms": 41.53, "event": "http_request_completed", "level": "info", "method": "GET", "outcome": "success", "path": "/api/v1/runs/57810777-803b-46ce-8468-c6e4535b400e", "request_id": "9b97b46f-1f0f-4d64-89d1-bedf05629e80", "status_code": 200, "tenant_id": "af38dd83-ad35-4947-b935-ca7cc6357e17", "timestamp": "2026-08-08T08:10:16.947565Z", "trace_id": "f122e40ec62d8c8643361062d751568e"}
api-1       | INFO:     172.18.0.1:44460 - "GET /api/v1/runs/57810777-803b-46ce-8468-c6e4535b400e HTTP/1.1" 200 OK
api-1       | {"api_key_prefix": "evk_f2eea7ceb47c", "duration_ms": 41.027, "event": "http_request_completed", "level": "info", "method": "GET", "outcome": "success", "path": "/api/v1/runs/57810777-803b-46ce-8468-c6e4535b400e", "request_id": "55ca0f58-919f-4f8f-a700-2a981a346d92", "status_code": 200, "tenant_id": "af38dd83-ad35-4947-b935-ca7cc6357e17", "timestamp": "2026-08-08T08:10:17.491290Z", "trace_id": "aa60b89033c793aef9e3768ce777381e"}
api-1       | {"claimed": 1, "event": "outbox_dispatch_batch_completed", "lease_lost": 0, "level": "info", "published": 1, "retry_scheduled": 0, "role": "outbox_dispatcher", "timestamp": "2026-08-08T08:10:17.743276Z"}
api-1       | {"event": "Context impl PostgresqlImpl.", "level": "info", "request_id": "c6dd7d7d-6ae2-4f5f-9f38-a467399a730b", "timestamp": "2026-08-08T08:10:17.885609Z", "trace_id": "f8a6e15a48c73fcef2540f69e01eeff8"}
api-1       | {"event": "Will assume transactional DDL.", "level": "info", "request_id": "c6dd7d7d-6ae2-4f5f-9f38-a467399a730b", "timestamp": "2026-08-08T08:10:17.885709Z", "trace_id": "f8a6e15a48c73fcef2540f69e01eeff8"}
api-1       | INFO:     127.0.0.1:56984 - "GET /health/ready HTTP/1.1" 200 OK
api-1       | {"duration_ms": 17.198, "event": "http_request_completed", "level": "info", "method": "GET", "outcome": "success", "path": "/health/ready", "request_id": "c6dd7d7d-6ae2-4f5f-9f38-a467399a730b", "status_code": 200, "timestamp": "2026-08-08T08:10:17.890951Z", "trace_id": "f8a6e15a48c73fcef2540f69e01eeff8"}
api-1       | INFO:     172.18.0.1:44460 - "GET /api/v1/runs/57810777-803b-46ce-8468-c6e4535b400e HTTP/1.1" 200 OK
api-1       | {"api_key_prefix": "evk_f2eea7ceb47c", "duration_ms": 41.44, "event": "http_request_completed", "level": "info", "method": "GET", "outcome": "success", "path": "/api/v1/runs/57810777-803b-46ce-8468-c6e4535b400e", "request_id": "a73dc02f-c865-4989-b2ce-c99488f7fc83", "status_code": 200, "tenant_id": "af38dd83-ad35-4947-b935-ca7cc6357e17", "timestamp": "2026-08-08T08:10:18.035027Z", "trace_id": "f1cd5844be6d14d1e724320f654bf109"}
api-1       | INFO:     172.18.0.1:44460 - "GET /api/v1/runs/57810777-803b-46ce-8468-c6e4535b400e HTTP/1.1" 200 OK
api-1       | {"api_key_prefix": "evk_f2eea7ceb47c", "duration_ms": 41.116, "event": "http_request_completed", "level": "info", "method": "GET", "outcome": "success", "path": "/api/v1/runs/57810777-803b-46ce-8468-c6e4535b400e", "request_id": "5d7351db-9af9-4dca-b1d3-d02324f4fd3d", "status_code": 200, "tenant_id": "af38dd83-ad35-4947-b935-ca7cc6357e17", "timestamp": "2026-08-08T08:10:18.578514Z", "trace_id": "ebc3be49c4df2aa2153b2cd0f6fe6861"}
api-1       | INFO:     172.18.0.1:44460 - "GET /api/v1/runs/57810777-803b-46ce-8468-c6e4535b400e HTTP/1.1" 200 OK
api-1       | {"api_key_prefix": "evk_f2eea7ceb47c", "duration_ms": 41.556, "event": "http_request_completed", "level": "info", "method": "GET", "outcome": "success", "path": "/api/v1/runs/57810777-803b-46ce-8468-c6e4535b400e", "request_id": "d361ff23-5e2a-4c07-a848-08b365c39fa3", "status_code": 200, "tenant_id": "af38dd83-ad35-4947-b935-ca7cc6357e17", "timestamp": "2026-08-08T08:10:19.122471Z", "trace_id": "afe75acc51b55d821689cbad616e1bd2"}
api-1       | INFO:     172.18.0.1:44460 - "GET /api/v1/runs/57810777-803b-46ce-8468-c6e4535b400e HTTP/1.1" 200 OK
api-1       | {"api_key_prefix": "evk_f2eea7ceb47c", "duration_ms": 41.366, "event": "http_request_completed", "level": "info", "method": "GET", "outcome": "success", "path": "/api/v1/runs/57810777-803b-46ce-8468-c6e4535b400e", "request_id": "02af2712-0e4a-4278-b611-287875e23daa", "status_code": 200, "tenant_id": "af38dd83-ad35-4947-b935-ca7cc6357e17", "timestamp": "2026-08-08T08:10:19.666151Z", "trace_id": "3cbae12734811eea0e8e15b87d2dc008"}
api-1       | INFO:     172.18.0.1:44460 - "GET /api/v1/runs/57810777-803b-46ce-8468-c6e4535b400e HTTP/1.1" 200 OK
api-1       | {"api_key_prefix": "evk_f2eea7ceb47c", "duration_ms": 41.905, "event": "http_request_completed", "level": "info", "method": "GET", "outcome": "success", "path": "/api/v1/runs/57810777-803b-46ce-8468-c6e4535b400e", "request_id": "aca81c33-d016-4259-84e0-930a91257b1f", "status_code": 200, "tenant_id": "af38dd83-ad35-4947-b935-ca7cc6357e17", "timestamp": "2026-08-08T08:10:20.210491Z", "trace_id": "3f61741c3356af2f34193a6c87bd1b5c"}
api-1       | INFO:     172.18.0.1:44460 - "GET /api/v1/runs/57810777-803b-46ce-8468-c6e4535b400e HTTP/1.1" 200 OK
api-1       | {"api_key_prefix": "evk_f2eea7ceb47c", "duration_ms": 41.252, "event": "http_request_completed", "level": "info", "method": "GET", "outcome": "success", "path": "/api/v1/runs/57810777-803b-46ce-8468-c6e4535b400e", "request_id": "a42a5d71-e4c0-43a1-abef-285a6d97a5b5", "status_code": 200, "tenant_id": "af38dd83-ad35-4947-b935-ca7cc6357e17", "timestamp": "2026-08-08T08:10:20.754062Z", "trace_id": "736d16b943ba205f463f639995f14e19"}
api-1       | INFO:     172.18.0.1:44460 - "GET /api/v1/runs/57810777-803b-46ce-8468-c6e4535b400e HTTP/1.1" 200 OK
api-1       | {"api_key_prefix": "evk_f2eea7ceb47c", "duration_ms": 42.03, "event": "http_request_completed", "level": "info", "method": "GET", "outcome": "success", "path": "/api/v1/runs/57810777-803b-46ce-8468-c6e4535b400e", "request_id": "42d54763-2c64-4f0a-83d1-1620e9d75278", "status_code": 200, "tenant_id": "af38dd83-ad35-4947-b935-ca7cc6357e17", "timestamp": "2026-08-08T08:10:21.298508Z", "trace_id": "cf3536c88786d390fa70e7a2e3df87a0"}
api-1       | INFO:     172.18.0.1:44460 - "GET /api/v1/runs/57810777-803b-46ce-8468-c6e4535b400e HTTP/1.1" 200 OK
api-1       | {"api_key_prefix": "evk_f2eea7ceb47c", "duration_ms": 41.171, "event": "http_request_completed", "level": "info", "method": "GET", "outcome": "success", "path": "/api/v1/runs/57810777-803b-46ce-8468-c6e4535b400e", "request_id": "6521a3ba-8a13-4f53-959a-e420aba847eb", "status_code": 200, "tenant_id": "af38dd83-ad35-4947-b935-ca7cc6357e17", "timestamp": "2026-08-08T08:10:21.841994Z", "trace_id": "b1d0f4d94112a9de3c310a7ef931de61"}
api-1       | INFO:     172.18.0.1:44460 - "GET /api/v1/runs/57810777-803b-46ce-8468-c6e4535b400e HTTP/1.1" 200 OK
api-1       | {"api_key_prefix": "evk_f2eea7ceb47c", "duration_ms": 41.263, "event": "http_request_completed", "level": "info", "method": "GET", "outcome": "success", "path": "/api/v1/runs/57810777-803b-46ce-8468-c6e4535b400e", "request_id": "160c8546-35a8-44c7-8863-8a0657c14800", "status_code": 200, "tenant_id": "af38dd83-ad35-4947-b935-ca7cc6357e17", "timestamp": "2026-08-08T08:10:22.385650Z", "trace_id": "a4e6e4b3c3da9ab61ffea332027d4995"}
api-1       | {"claimed": 2, "event": "outbox_dispatch_batch_completed", "lease_lost": 0, "level": "info", "published": 2, "retry_scheduled": 0, "role": "outbox_dispatcher", "timestamp": "2026-08-08T08:10:22.776438Z"}
api-1       | {"event": "Context impl PostgresqlImpl.", "level": "info", "request_id": "4d43c52c-ef6c-4ee1-925f-67ddd2d4458a", "timestamp": "2026-08-08T08:10:23.125642Z", "trace_id": "8e51e1f9a3a989f97fb8202a9f9f23cf"}
api-1       | {"event": "Will assume transactional DDL.", "level": "info", "request_id": "4d43c52c-ef6c-4ee1-925f-67ddd2d4458a", "timestamp": "2026-08-08T08:10:23.125745Z", "trace_id": "8e51e1f9a3a989f97fb8202a9f9f23cf"}
api-1       | INFO:     127.0.0.1:56986 - "GET /health/ready HTTP/1.1" 200 OK
api-1       | {"duration_ms": 14.529, "event": "http_request_completed", "level": "info", "method": "GET", "outcome": "success", "path": "/health/ready", "request_id": "4d43c52c-ef6c-4ee1-925f-67ddd2d4458a", "status_code": 200, "timestamp": "2026-08-08T08:10:23.127930Z", "trace_id": "8e51e1f9a3a989f97fb8202a9f9f23cf"}
api-1       | INFO:     172.18.0.1:44460 - "POST /api/v1/datasets HTTP/1.1" 201 Created
api-1       | {"api_key_prefix": "evk_f2eea7ceb47c", "duration_ms": 41.217, "event": "http_request_completed", "level": "info", "method": "POST", "outcome": "success", "path": "/api/v1/datasets", "request_id": "ba5db120-2b2b-4789-9fbb-02d921695326", "status_code": 201, "tenant_id": "af38dd83-ad35-4947-b935-ca7cc6357e17", "timestamp": "2026-08-08T08:10:23.257692Z", "trace_id": "b6ea87dd5882825ec3edac809b2bc7da"}
api-1       | INFO:     172.18.0.1:44460 - "POST /api/v1/datasets/34779a78-8bd1-4972-8dcf-c7f024760c21/versions HTTP/1.1" 201 Created
api-1       | {"api_key_prefix": "evk_f2eea7ceb47c", "duration_ms": 47.693, "event": "http_request_completed", "level": "info", "method": "POST", "outcome": "success", "path": "/api/v1/datasets/34779a78-8bd1-4972-8dcf-c7f024760c21/versions", "request_id": "06abdf37-3044-40d8-8c33-b399d490875c", "status_code": 201, "tenant_id": "af38dd83-ad35-4947-b935-ca7cc6357e17", "timestamp": "2026-08-08T08:10:23.306833Z", "trace_id": "5d5a084f259ee97bc2709b530757fcfa"}
api-1       | INFO:     172.18.0.1:44460 - "POST /api/v1/runs HTTP/1.1" 202 Accepted
api-1       | {"api_key_prefix": "evk_f2eea7ceb47c", "duration_ms": 45.492, "event": "http_request_completed", "level": "info", "method": "POST", "outcome": "success", "path": "/api/v1/runs", "request_id": "6b221ffa-da35-40dd-8482-3183d5bb30a9", "status_code": 202, "tenant_id": "af38dd83-ad35-4947-b935-ca7cc6357e17", "timestamp": "2026-08-08T08:10:23.353703Z", "trace_id": "269d3afd1d80b5c6b9525fab6df6d461"}
api-1       | INFO:     172.18.0.1:44460 - "POST /api/v1/datasets HTTP/1.1" 201 Created
api-1       | {"api_key_prefix": "evk_f2eea7ceb47c", "duration_ms": 42.135, "event": "http_request_completed", "level": "info", "method": "POST", "outcome": "success", "path": "/api/v1/datasets", "request_id": "73e997fb-9f14-49ac-a0de-9d0721fe35a0", "status_code": 201, "tenant_id": "af38dd83-ad35-4947-b935-ca7cc6357e17", "timestamp": "2026-08-08T08:10:23.470632Z", "trace_id": "269346daf1ce75dc518f7f7d71474ff9"}
api-1       | INFO:     172.18.0.1:44460 - "POST /api/v1/datasets/628974f8-3edb-45ab-b714-8c72151a369c/versions HTTP/1.1" 201 Created
api-1       | {"api_key_prefix": "evk_f2eea7ceb47c", "duration_ms": 47.793, "event": "http_request_completed", "level": "info", "method": "POST", "outcome": "success", "path": "/api/v1/datasets/628974f8-3edb-45ab-b714-8c72151a369c/versions", "request_id": "aa2e040c-7c41-4df2-b929-6c70e5f5426b", "status_code": 201, "tenant_id": "af38dd83-ad35-4947-b935-ca7cc6357e17", "timestamp": "2026-08-08T08:10:23.519805Z", "trace_id": "53746ed06a9d55fbd264854df2a06546"}
api-1       | INFO:     172.18.0.1:44460 - "POST /api/v1/runs HTTP/1.1" 202 Accepted
api-1       | {"api_key_prefix": "evk_f2eea7ceb47c", "duration_ms": 48.523, "event": "http_request_completed", "level": "info", "method": "POST", "outcome": "success", "path": "/api/v1/runs", "request_id": "654bc94f-01ee-43d4-bfd2-aecc72b44d1d", "status_code": 202, "tenant_id": "af38dd83-ad35-4947-b935-ca7cc6357e17", "timestamp": "2026-08-08T08:10:23.569993Z", "trace_id": "2884afa84482e79e2099f100554cd53f"}
api-1       | INFO:     172.18.0.1:44460 - "POST /api/v1/datasets HTTP/1.1" 201 Created
api-1       | {"api_key_prefix": "evk_f2eea7ceb47c", "duration_ms": 41.357, "event": "http_request_completed", "level": "info", "method": "POST", "outcome": "success", "path": "/api/v1/datasets", "request_id": "20a59a18-e238-48cf-830f-bb1b18b6cd0b", "status_code": 201, "tenant_id": "af38dd83-ad35-4947-b935-ca7cc6357e17", "timestamp": "2026-08-08T08:10:23.687964Z", "trace_id": "6f892dd7a30ceb069c3d4a4de1b56493"}
api-1       | INFO:     172.18.0.1:44460 - "POST /api/v1/datasets/7a1bcefb-edd4-47b0-adaa-83246c485a15/versions HTTP/1.1" 201 Created
api-1       | {"api_key_prefix": "evk_f2eea7ceb47c", "duration_ms": 49.849, "event": "http_request_completed", "level": "info", "method": "POST", "outcome": "success", "path": "/api/v1/datasets/7a1bcefb-edd4-47b0-adaa-83246c485a15/versions", "request_id": "61cfd0dd-d749-40d0-ad53-f5c63f1776fd", "status_code": 201, "tenant_id": "af38dd83-ad35-4947-b935-ca7cc6357e17", "timestamp": "2026-08-08T08:10:23.739215Z", "trace_id": "97c88fa3403bfe2afb1b6b12a258aa7c"}
api-1       | {"claimed": 4, "event": "outbox_dispatch_batch_completed", "lease_lost": 0, "level": "info", "published": 4, "retry_scheduled": 0, "role": "outbox_dispatcher", "timestamp": "2026-08-08T08:10:23.792632Z"}
api-1       | INFO:     172.18.0.1:44460 - "POST /api/v1/runs HTTP/1.1" 202 Accepted
api-1       | {"api_key_prefix": "evk_f2eea7ceb47c", "duration_ms": 53.78, "event": "http_request_completed", "level": "info", "method": "POST", "outcome": "success", "path": "/api/v1/runs", "request_id": "67069949-1f70-4b52-8cb0-174664ff10d4", "status_code": 202, "tenant_id": "af38dd83-ad35-4947-b935-ca7cc6357e17", "timestamp": "2026-08-08T08:10:23.794334Z", "trace_id": "f7aefb5eba7f40b29713e714d7f47dae"}
api-1       | INFO:     172.18.0.1:44460 - "POST /api/v1/datasets HTTP/1.1" 201 Created
api-1       | {"api_key_prefix": "evk_f2eea7ceb47c", "duration_ms": 41.334, "event": "http_request_completed", "level": "info", "method": "POST", "outcome": "success", "path": "/api/v1/datasets", "request_id": "db921b2e-776e-4e7a-b01f-8f12eaf51421", "status_code": 201, "tenant_id": "af38dd83-ad35-4947-b935-ca7cc6357e17", "timestamp": "2026-08-08T08:10:23.911129Z", "trace_id": "dd2c08bdff7fb06fe3fc9ee97cc5cc2d"}
api-1       | INFO:     172.18.0.1:44460 - "POST /api/v1/datasets/671f0a49-34a6-421e-b239-c7ba1e9af8c0/versions HTTP/1.1" 201 Created
api-1       | {"api_key_prefix": "evk_f2eea7ceb47c", "duration_ms": 47.423, "event": "http_request_completed", "level": "info", "method": "POST", "outcome": "success", "path": "/api/v1/datasets/671f0a49-34a6-421e-b239-c7ba1e9af8c0/versions", "request_id": "bf533e9d-7324-469e-a7d5-40b2909f124d", "status_code": 201, "tenant_id": "af38dd83-ad35-4947-b935-ca7cc6357e17", "timestamp": "2026-08-08T08:10:23.960035Z", "trace_id": "1d8e75a0f4f5cf1cad1b3c3b2a181097"}
api-1       | INFO:     172.18.0.1:44460 - "POST /api/v1/runs HTTP/1.1" 202 Accepted
api-1       | {"api_key_prefix": "evk_f2eea7ceb47c", "duration_ms": 49.114, "event": "http_request_completed", "level": "info", "method": "POST", "outcome": "success", "path": "/api/v1/runs", "request_id": "6fc3df61-cb12-4ec7-8560-eaf53055a8d5", "status_code": 202, "tenant_id": "af38dd83-ad35-4947-b935-ca7cc6357e17", "timestamp": "2026-08-08T08:10:24.010604Z", "trace_id": "40493880af386183192f86737e4eb107"}
api-1       | {"claimed": 23, "event": "outbox_dispatch_batch_completed", "lease_lost": 0, "level": "info", "published": 23, "retry_scheduled": 0, "role": "outbox_dispatcher", "timestamp": "2026-08-08T08:10:24.421827Z"}
api-1       | {"error_type": "ConnectionError", "event": "progress_event_publish_failed", "event_type": "job_retried", "level": "warning", "run_id": "1a66db62-59d8-435f-9b27-f494cff6c640", "tenant_id": "af38dd83-ad35-4947-b935-ca7cc6357e17", "timestamp": "2026-08-08T08:10:26.449652Z"}
api-1       | {"claimed": 1, "event": "outbox_dispatch_batch_completed", "lease_lost": 0, "level": "info", "published": 0, "retry_scheduled": 1, "role": "outbox_dispatcher", "timestamp": "2026-08-08T08:10:26.452719Z"}
api-1       | INFO:     172.18.0.1:44460 - "POST /api/v1/datasets HTTP/1.1" 201 Created
api-1       | {"api_key_prefix": "evk_f2eea7ceb47c", "duration_ms": 49.042, "event": "http_request_completed", "level": "info", "method": "POST", "outcome": "success", "path": "/api/v1/datasets", "request_id": "1089daa2-fe9c-4049-9029-c7c2306e2773", "status_code": 201, "tenant_id": "af38dd83-ad35-4947-b935-ca7cc6357e17", "timestamp": "2026-08-08T08:10:26.482372Z", "trace_id": "f6c872988bab0ab7af1d743609274a45"}
api-1       | INFO:     172.18.0.1:44460 - "POST /api/v1/datasets/db844b63-9835-4285-afaf-32ddb0cba2d9/versions HTTP/1.1" 201 Created
api-1       | {"api_key_prefix": "evk_f2eea7ceb47c", "duration_ms": 53.62, "event": "http_request_completed", "level": "info", "method": "POST", "outcome": "success", "path": "/api/v1/datasets/db844b63-9835-4285-afaf-32ddb0cba2d9/versions", "request_id": "8b994c8c-2e92-4c49-8e39-23e91a581cb2", "status_code": 201, "tenant_id": "af38dd83-ad35-4947-b935-ca7cc6357e17", "timestamp": "2026-08-08T08:10:26.537302Z", "trace_id": "3df11391e98ec9dd70f2a3fa3da1fde9"}
api-1       | INFO:     172.18.0.1:44460 - "POST /api/v1/runs HTTP/1.1" 202 Accepted
api-1       | {"api_key_prefix": "evk_f2eea7ceb47c", "duration_ms": 51.269, "event": "http_request_completed", "level": "info", "method": "POST", "outcome": "success", "path": "/api/v1/runs", "request_id": "0110bc2d-19f8-4c51-9d6e-71169ca228bd", "status_code": 202, "tenant_id": "af38dd83-ad35-4947-b935-ca7cc6357e17", "timestamp": "2026-08-08T08:10:26.590237Z", "trace_id": "b8e1101c142111b3621f0dd8eb9ebbd5"}
api-1       | INFO:     172.18.0.1:44460 - "GET /api/v1/runs/bcecbe8c-2d6a-4640-8340-fd75c2ec186f HTTP/1.1" 200 OK
api-1       | {"api_key_prefix": "evk_f2eea7ceb47c", "duration_ms": 42.322, "event": "http_request_completed", "level": "info", "method": "GET", "outcome": "success", "path": "/api/v1/runs/bcecbe8c-2d6a-4640-8340-fd75c2ec186f", "request_id": "684ffd03-fb1e-4019-947d-03a0345c0579", "status_code": 200, "tenant_id": "af38dd83-ad35-4947-b935-ca7cc6357e17", "timestamp": "2026-08-08T08:10:26.634128Z", "trace_id": "2e9ac774797325368d5a91d7e5f57a84"}
api-1       | {"error_type": "ConnectionError", "event": "progress_event_publish_failed", "event_type": "job_retried", "level": "warning", "run_id": "b98475ee-b42c-4740-b662-7bbeea9b742e", "tenant_id": "af38dd83-ad35-4947-b935-ca7cc6357e17", "timestamp": "2026-08-08T08:10:26.965203Z"}
api-1       | {"error_type": "ConnectionError", "event": "progress_event_publish_failed", "event_type": "job_retried", "level": "warning", "run_id": "0b5a0069-49a7-48c3-9efe-38708aa0cba1", "tenant_id": "af38dd83-ad35-4947-b935-ca7cc6357e17", "timestamp": "2026-08-08T08:10:26.966267Z"}
api-1       | {"claimed": 2, "event": "outbox_dispatch_batch_completed", "lease_lost": 0, "level": "info", "published": 0, "retry_scheduled": 2, "role": "outbox_dispatcher", "timestamp": "2026-08-08T08:10:26.969974Z"}
api-1       | INFO:     172.18.0.1:44460 - "GET /api/v1/runs/bcecbe8c-2d6a-4640-8340-fd75c2ec186f HTTP/1.1" 200 OK
api-1       | {"api_key_prefix": "evk_f2eea7ceb47c", "duration_ms": 61.316, "event": "http_request_completed", "level": "info", "method": "GET", "outcome": "success", "path": "/api/v1/runs/bcecbe8c-2d6a-4640-8340-fd75c2ec186f", "request_id": "d893fc15-35dd-432d-808e-53af327cc03f", "status_code": 200, "tenant_id": "af38dd83-ad35-4947-b935-ca7cc6357e17", "timestamp": "2026-08-08T08:10:27.198101Z", "trace_id": "6c880c2eb6422d8bf22756228b98c101"}
api-1       | {"error_type": "ConnectionError", "event": "progress_event_publish_failed", "event_type": "job_retried", "level": "warning", "run_id": "43e41db6-2d3c-411f-a8bd-19947fff8c08", "tenant_id": "af38dd83-ad35-4947-b935-ca7cc6357e17", "timestamp": "2026-08-08T08:10:27.486953Z"}
api-1       | {"error_type": "ConnectionError", "event": "progress_event_publish_failed", "event_type": "job_retried", "level": "warning", "run_id": "43e41db6-2d3c-411f-a8bd-19947fff8c08", "tenant_id": "af38dd83-ad35-4947-b935-ca7cc6357e17", "timestamp": "2026-08-08T08:10:27.488317Z"}
api-1       | {"error_type": "ConnectionError", "event": "progress_event_publish_failed", "event_type": "job_retried", "level": "warning", "run_id": "43e41db6-2d3c-411f-a8bd-19947fff8c08", "tenant_id": "af38dd83-ad35-4947-b935-ca7cc6357e17", "timestamp": "2026-08-08T08:10:27.489799Z"}
api-1       | {"error_type": "ConnectionError", "event": "progress_event_publish_failed", "event_type": "job_retried", "level": "warning", "run_id": "43e41db6-2d3c-411f-a8bd-19947fff8c08", "tenant_id": "af38dd83-ad35-4947-b935-ca7cc6357e17", "timestamp": "2026-08-08T08:10:27.490617Z"}
api-1       | {"error_type": "ConnectionError", "event": "progress_event_publish_failed", "event_type": "job_retried", "level": "warning", "run_id": "43e41db6-2d3c-411f-a8bd-19947fff8c08", "tenant_id": "af38dd83-ad35-4947-b935-ca7cc6357e17", "timestamp": "2026-08-08T08:10:27.491889Z"}
api-1       | {"error_type": "ConnectionError", "event": "progress_event_publish_failed", "event_type": "job_retried", "level": "warning", "run_id": "43e41db6-2d3c-411f-a8bd-19947fff8c08", "tenant_id": "af38dd83-ad35-4947-b935-ca7cc6357e17", "timestamp": "2026-08-08T08:10:27.492852Z"}
api-1       | {"error_type": "ConnectionError", "event": "progress_event_publish_failed", "event_type": "job_retried", "level": "warning", "run_id": "43e41db6-2d3c-411f-a8bd-19947fff8c08", "tenant_id": "af38dd83-ad35-4947-b935-ca7cc6357e17", "timestamp": "2026-08-08T08:10:27.493689Z"}
api-1       | {"error_type": "ConnectionError", "event": "progress_event_publish_failed", "event_type": "job_retried", "level": "warning", "run_id": "43e41db6-2d3c-411f-a8bd-19947fff8c08", "tenant_id": "af38dd83-ad35-4947-b935-ca7cc6357e17", "timestamp": "2026-08-08T08:10:27.494548Z"}
api-1       | {"error_type": "ConnectionError", "event": "progress_event_publish_failed", "event_type": "job_retried", "level": "warning", "run_id": "43e41db6-2d3c-411f-a8bd-19947fff8c08", "tenant_id": "af38dd83-ad35-4947-b935-ca7cc6357e17", "timestamp": "2026-08-08T08:10:27.496606Z"}
api-1       | {"error_type": "ConnectionError", "event": "progress_event_publish_failed", "event_type": "job_retried", "level": "warning", "run_id": "43e41db6-2d3c-411f-a8bd-19947fff8c08", "tenant_id": "af38dd83-ad35-4947-b935-ca7cc6357e17", "timestamp": "2026-08-08T08:10:27.497486Z"}
api-1       | {"error_type": "ConnectionError", "event": "progress_event_publish_failed", "event_type": "job_retried", "level": "warning", "run_id": "43e41db6-2d3c-411f-a8bd-19947fff8c08", "tenant_id": "af38dd83-ad35-4947-b935-ca7cc6357e17", "timestamp": "2026-08-08T08:10:27.498476Z"}
api-1       | {"error_type": "ConnectionError", "event": "progress_event_publish_failed", "event_type": "job_retried", "level": "warning", "run_id": "43e41db6-2d3c-411f-a8bd-19947fff8c08", "tenant_id": "af38dd83-ad35-4947-b935-ca7cc6357e17", "timestamp": "2026-08-08T08:10:27.499254Z"}
api-1       | {"error_type": "ConnectionError", "event": "progress_event_publish_failed", "event_type": "job_retried", "level": "warning", "run_id": "43e41db6-2d3c-411f-a8bd-19947fff8c08", "tenant_id": "af38dd83-ad35-4947-b935-ca7cc6357e17", "timestamp": "2026-08-08T08:10:27.501997Z"}
api-1       | {"error_type": "ConnectionError", "event": "progress_event_publish_failed", "event_type": "job_retried", "level": "warning", "run_id": "43e41db6-2d3c-411f-a8bd-19947fff8c08", "tenant_id": "af38dd83-ad35-4947-b935-ca7cc6357e17", "timestamp": "2026-08-08T08:10:27.502692Z"}
api-1       | {"error_type": "ConnectionError", "event": "progress_event_publish_failed", "event_type": "job_retried", "level": "warning", "run_id": "43e41db6-2d3c-411f-a8bd-19947fff8c08", "tenant_id": "af38dd83-ad35-4947-b935-ca7cc6357e17", "timestamp": "2026-08-08T08:10:27.503393Z"}
api-1       | {"error_type": "ConnectionError", "event": "progress_event_publish_failed", "event_type": "job_retried", "level": "warning", "run_id": "43e41db6-2d3c-411f-a8bd-19947fff8c08", "tenant_id": "af38dd83-ad35-4947-b935-ca7cc6357e17", "timestamp": "2026-08-08T08:10:27.504147Z"}
api-1       | {"error_type": "ConnectionError", "event": "progress_event_publish_failed", "event_type": "job_progress", "level": "warning", "run_id": "bcecbe8c-2d6a-4640-8340-fd75c2ec186f", "tenant_id": "af38dd83-ad35-4947-b935-ca7cc6357e17", "timestamp": "2026-08-08T08:10:27.505240Z"}
api-1       | {"error_type": "ConnectionError", "event": "progress_event_publish_failed", "event_type": "job_retried", "level": "warning", "run_id": "43e41db6-2d3c-411f-a8bd-19947fff8c08", "tenant_id": "af38dd83-ad35-4947-b935-ca7cc6357e17", "timestamp": "2026-08-08T08:10:27.505789Z"}
api-1       | {"error_type": "ConnectionError", "event": "progress_event_publish_failed", "event_type": "job_retried", "level": "warning", "run_id": "43e41db6-2d3c-411f-a8bd-19947fff8c08", "tenant_id": "af38dd83-ad35-4947-b935-ca7cc6357e17", "timestamp": "2026-08-08T08:10:27.506258Z"}
api-1       | {"error_type": "ConnectionError", "event": "progress_event_publish_failed", "event_type": "job_retried", "level": "warning", "run_id": "43e41db6-2d3c-411f-a8bd-19947fff8c08", "tenant_id": "af38dd83-ad35-4947-b935-ca7cc6357e17", "timestamp": "2026-08-08T08:10:27.506931Z"}
api-1       | {"error_type": "ConnectionError", "event": "progress_event_publish_failed", "event_type": "job_retried", "level": "warning", "run_id": "43e41db6-2d3c-411f-a8bd-19947fff8c08", "tenant_id": "af38dd83-ad35-4947-b935-ca7cc6357e17", "timestamp": "2026-08-08T08:10:27.507922Z"}
api-1       | {"error_type": "ConnectionError", "event": "progress_event_publish_failed", "event_type": "run_completed", "level": "warning", "run_id": "bcecbe8c-2d6a-4640-8340-fd75c2ec186f", "tenant_id": "af38dd83-ad35-4947-b935-ca7cc6357e17", "timestamp": "2026-08-08T08:10:27.509069Z"}
api-1       | {"error_type": "ConnectionError", "event": "progress_event_publish_failed", "event_type": "run_started", "level": "warning", "run_id": "bcecbe8c-2d6a-4640-8340-fd75c2ec186f", "tenant_id": "af38dd83-ad35-4947-b935-ca7cc6357e17", "timestamp": "2026-08-08T08:10:27.509657Z"}
api-1       | {"error_type": "ConnectionError", "event": "progress_event_publish_failed", "event_type": "job_progress", "level": "warning", "run_id": "bcecbe8c-2d6a-4640-8340-fd75c2ec186f", "tenant_id": "af38dd83-ad35-4947-b935-ca7cc6357e17", "timestamp": "2026-08-08T08:10:27.511522Z"}
api-1       | {"error_type": "ConnectionError", "event": "progress_event_publish_failed", "event_type": "job_retried", "level": "warning", "run_id": "1a66db62-59d8-435f-9b27-f494cff6c640", "tenant_id": "af38dd83-ad35-4947-b935-ca7cc6357e17", "timestamp": "2026-08-08T08:10:27.512226Z"}
api-1       | {"claimed": 25, "event": "outbox_dispatch_batch_completed", "lease_lost": 0, "level": "info", "published": 0, "retry_scheduled": 25, "role": "outbox_dispatcher", "timestamp": "2026-08-08T08:10:27.569986Z"}
api-1       | INFO:     172.18.0.1:44460 - "GET /api/v1/runs/bcecbe8c-2d6a-4640-8340-fd75c2ec186f HTTP/1.1" 200 OK
api-1       | {"api_key_prefix": "evk_f2eea7ceb47c", "duration_ms": 42.542, "event": "http_request_completed", "level": "info", "method": "GET", "outcome": "success", "path": "/api/v1/runs/bcecbe8c-2d6a-4640-8340-fd75c2ec186f", "request_id": "52c97af4-0c3c-4f1b-a633-e08681112ae9", "status_code": 200, "tenant_id": "af38dd83-ad35-4947-b935-ca7cc6357e17", "timestamp": "2026-08-08T08:10:27.743803Z", "trace_id": "60fa136a4160a3a8b0904a214894ad00"}
api-1       | {"claimed": 2, "event": "outbox_dispatch_batch_completed", "lease_lost": 0, "level": "info", "published": 2, "retry_scheduled": 0, "role": "outbox_dispatcher", "timestamp": "2026-08-08T08:10:28.079575Z"}
api-1       | {"event": "Context impl PostgresqlImpl.", "level": "info", "request_id": "d71e3dd7-809b-4822-adf1-020b22fc46da", "timestamp": "2026-08-08T08:10:28.360633Z", "trace_id": "b701112303f1476bc84b4d26dabc1b7d"}
api-1       | {"event": "Will assume transactional DDL.", "level": "info", "request_id": "d71e3dd7-809b-4822-adf1-020b22fc46da", "timestamp": "2026-08-08T08:10:28.360723Z", "trace_id": "b701112303f1476bc84b4d26dabc1b7d"}
api-1       | INFO:     127.0.0.1:55570 - "GET /health/ready HTTP/1.1" 200 OK
api-1       | {"duration_ms": 17.1, "event": "http_request_completed", "level": "info", "method": "GET", "outcome": "success", "path": "/health/ready", "request_id": "d71e3dd7-809b-4822-adf1-020b22fc46da", "status_code": 200, "timestamp": "2026-08-08T08:10:28.366104Z", "trace_id": "b701112303f1476bc84b4d26dabc1b7d"}
api-1       | {"claimed": 28, "event": "outbox_dispatch_batch_completed", "lease_lost": 0, "level": "info", "published": 28, "retry_scheduled": 0, "role": "outbox_dispatcher", "timestamp": "2026-08-08T08:10:28.707803Z"}
api-1       | {"claimed": 46, "event": "outbox_dispatch_batch_completed", "lease_lost": 0, "level": "info", "published": 46, "retry_scheduled": 0, "role": "outbox_dispatcher", "timestamp": "2026-08-08T08:10:29.331215Z"}
api-1       | {"claimed": 1, "event": "outbox_dispatch_batch_completed", "lease_lost": 0, "level": "info", "published": 1, "retry_scheduled": 0, "role": "outbox_dispatcher", "timestamp": "2026-08-08T08:10:29.839777Z"}
api-1       | INFO:     172.18.0.1:48830 - "POST /api/v1/datasets HTTP/1.1" 201 Created
api-1       | {"api_key_prefix": "evk_f2eea7ceb47c", "duration_ms": 69.39, "event": "http_request_completed", "level": "info", "method": "POST", "outcome": "success", "path": "/api/v1/datasets", "request_id": "a8241956-bdee-4c2e-9718-b5ac58fc325d", "status_code": 201, "tenant_id": "af38dd83-ad35-4947-b935-ca7cc6357e17", "timestamp": "2026-08-08T08:10:33.599797Z", "trace_id": "9981e27f891d99ef4dea9c2b57491acc"}
api-1       | {"event": "Context impl PostgresqlImpl.", "level": "info", "request_id": "278c9fde-e0f6-4ecf-b429-6c05db53c639", "timestamp": "2026-08-08T08:10:33.683998Z", "trace_id": "eb8c7d1eacb023f707adf56e2c41578e"}
api-1       | {"event": "Will assume transactional DDL.", "level": "info", "request_id": "278c9fde-e0f6-4ecf-b429-6c05db53c639", "timestamp": "2026-08-08T08:10:33.684101Z", "trace_id": "eb8c7d1eacb023f707adf56e2c41578e"}
api-1       | INFO:     127.0.0.1:55604 - "GET /health/ready HTTP/1.1" 200 OK
api-1       | {"duration_ms": 19.069, "event": "http_request_completed", "level": "info", "method": "GET", "outcome": "success", "path": "/health/ready", "request_id": "278c9fde-e0f6-4ecf-b429-6c05db53c639", "status_code": 200, "timestamp": "2026-08-08T08:10:33.690858Z", "trace_id": "eb8c7d1eacb023f707adf56e2c41578e"}
api-1       | INFO:     172.18.0.1:48830 - "POST /api/v1/datasets/25356d50-abc6-4a6e-ba0d-21a46081c812/versions HTTP/1.1" 201 Created
api-1       | {"api_key_prefix": "evk_f2eea7ceb47c", "duration_ms": 101.994, "event": "http_request_completed", "level": "info", "method": "POST", "outcome": "success", "path": "/api/v1/datasets/25356d50-abc6-4a6e-ba0d-21a46081c812/versions", "request_id": "b0386a33-2133-4924-bf31-5b62704915a2", "status_code": 201, "tenant_id": "af38dd83-ad35-4947-b935-ca7cc6357e17", "timestamp": "2026-08-08T08:10:33.703525Z", "trace_id": "505cb5515669114eec279f666d5f4253"}
api-1       | INFO:     172.18.0.1:48830 - "POST /api/v1/runs HTTP/1.1" 202 Accepted
api-1       | {"api_key_prefix": "evk_f2eea7ceb47c", "duration_ms": 76.179, "event": "http_request_completed", "level": "info", "method": "POST", "outcome": "success", "path": "/api/v1/runs", "request_id": "36c3696d-ab3a-49a5-bd17-9452afa371a3", "status_code": 202, "tenant_id": "af38dd83-ad35-4947-b935-ca7cc6357e17", "timestamp": "2026-08-08T08:10:33.781247Z", "trace_id": "c64af3f79af004e77e7333ee89b7b827"}
api-1       | INFO:     172.18.0.1:48830 - "GET /api/v1/runs/7844b7b9-72d8-4406-8ee5-06b6ff0b915e/cases?limit=200&sort=case_id HTTP/1.1" 200 OK
api-1       | {"api_key_prefix": "evk_f2eea7ceb47c", "duration_ms": 43.838, "event": "http_request_completed", "level": "info", "method": "GET", "outcome": "success", "path": "/api/v1/runs/7844b7b9-72d8-4406-8ee5-06b6ff0b915e/cases", "request_id": "e123bd1c-d3b3-4431-b0a6-fb9eb8deac22", "status_code": 200, "tenant_id": "af38dd83-ad35-4947-b935-ca7cc6357e17", "timestamp": "2026-08-08T08:10:33.826596Z", "trace_id": "c4ac711410fae9ce25921108b304fec2"}
api-1       | INFO:     172.18.0.1:48830 - "GET /api/v1/runs/7844b7b9-72d8-4406-8ee5-06b6ff0b915e/cases?limit=200&sort=case_id HTTP/1.1" 200 OK
api-1       | {"api_key_prefix": "evk_f2eea7ceb47c", "duration_ms": 45.823, "event": "http_request_completed", "level": "info", "method": "GET", "outcome": "success", "path": "/api/v1/runs/7844b7b9-72d8-4406-8ee5-06b6ff0b915e/cases", "request_id": "dc25ca25-acb4-492e-a0c6-4eedf0e4c2fa", "status_code": 200, "tenant_id": "af38dd83-ad35-4947-b935-ca7cc6357e17", "timestamp": "2026-08-08T08:10:34.374858Z", "trace_id": "b03a064d03daed9cfb29f3058964d377"}
api-1       | {"claimed": 2, "event": "outbox_dispatch_batch_completed", "lease_lost": 0, "level": "info", "published": 2, "retry_scheduled": 0, "role": "outbox_dispatcher", "timestamp": "2026-08-08T08:10:34.380086Z"}
api-1       | {"error_type": "OperationalError", "event": "outbox_dispatch_iteration_failed", "level": "error", "role": "outbox_dispatcher", "timestamp": "2026-08-08T08:10:34.887072Z"}
api-1       | {"error_type": "OperationalError", "event": "outbox_dispatch_iteration_failed", "level": "error", "role": "outbox_dispatcher", "timestamp": "2026-08-08T08:10:35.396452Z"}
api-1       | {"error_type": "OperationalError", "event": "outbox_dispatch_iteration_failed", "level": "error", "role": "outbox_dispatcher", "timestamp": "2026-08-08T08:10:35.903227Z"}
api-1       | {"error_type": "OperationalError", "event": "outbox_dispatch_iteration_failed", "level": "error", "role": "outbox_dispatcher", "timestamp": "2026-08-08T08:10:36.410917Z"}
api-1       | {"error_type": "OperationalError", "event": "outbox_dispatch_iteration_failed", "level": "error", "role": "outbox_dispatcher", "timestamp": "2026-08-08T08:10:36.917481Z"}
api-1       | {"error_type": "OperationalError", "event": "outbox_dispatch_iteration_failed", "level": "error", "role": "outbox_dispatcher", "timestamp": "2026-08-08T08:10:37.425884Z"}
api-1       | {"event": "Context impl PostgresqlImpl.", "level": "info", "request_id": "7375e352-9e1a-43e1-a4a3-1c5f9f86e465", "timestamp": "2026-08-08T08:10:38.932125Z", "trace_id": "3c17904f7ead9aa1ef538d5d0bf9a654"}
api-1       | {"event": "Will assume transactional DDL.", "level": "info", "request_id": "7375e352-9e1a-43e1-a4a3-1c5f9f86e465", "timestamp": "2026-08-08T08:10:38.932224Z", "trace_id": "3c17904f7ead9aa1ef538d5d0bf9a654"}
api-1       | INFO:     127.0.0.1:55486 - "GET /health/ready HTTP/1.1" 200 OK
api-1       | {"duration_ms": 25.71, "event": "http_request_completed", "level": "info", "method": "GET", "outcome": "success", "path": "/health/ready", "request_id": "7375e352-9e1a-43e1-a4a3-1c5f9f86e465", "status_code": 200, "timestamp": "2026-08-08T08:10:38.938655Z", "trace_id": "3c17904f7ead9aa1ef538d5d0bf9a654"}
api-1       | INFO:     172.18.0.1:32816 - "GET /api/v1/runs/7844b7b9-72d8-4406-8ee5-06b6ff0b915e HTTP/1.1" 200 OK
api-1       | {"api_key_prefix": "evk_f2eea7ceb47c", "duration_ms": 48.881, "event": "http_request_completed", "level": "info", "method": "GET", "outcome": "success", "path": "/api/v1/runs/7844b7b9-72d8-4406-8ee5-06b6ff0b915e", "request_id": "d897799a-b32e-4b66-8959-9dc24fdc7853", "status_code": 200, "tenant_id": "af38dd83-ad35-4947-b935-ca7cc6357e17", "timestamp": "2026-08-08T08:10:43.375135Z", "trace_id": "eb289fee04828c97c227b080d3dc557a"}
api-1       | INFO:     172.18.0.1:32816 - "GET /api/v1/runs/7844b7b9-72d8-4406-8ee5-06b6ff0b915e HTTP/1.1" 200 OK
api-1       | {"api_key_prefix": "evk_f2eea7ceb47c", "duration_ms": 48.386, "event": "http_request_completed", "level": "info", "method": "GET", "outcome": "success", "path": "/api/v1/runs/7844b7b9-72d8-4406-8ee5-06b6ff0b915e", "request_id": "6ed4628a-88a7-4ea1-9436-84b38ade6ad1", "status_code": 200, "tenant_id": "af38dd83-ad35-4947-b935-ca7cc6357e17", "timestamp": "2026-08-08T08:10:43.926008Z", "trace_id": "c4f634e3a1567c99814d37ed61db196c"}
api-1       | {"claimed": 2, "event": "outbox_dispatch_batch_completed", "lease_lost": 0, "level": "info", "published": 2, "retry_scheduled": 0, "role": "outbox_dispatcher", "timestamp": "2026-08-08T08:10:44.016276Z"}
api-1       | INFO:     172.18.0.1:32816 - "POST /api/v1/datasets HTTP/1.1" 201 Created
api-1       | {"api_key_prefix": "evk_f2eea7ceb47c", "duration_ms": 66.985, "event": "http_request_completed", "level": "info", "method": "POST", "outcome": "success", "path": "/api/v1/datasets", "request_id": "1a9e8991-0574-4ba9-8e50-0eaa416e2ff5", "status_code": 201, "tenant_id": "af38dd83-ad35-4947-b935-ca7cc6357e17", "timestamp": "2026-08-08T08:10:44.085652Z", "trace_id": "ad6b6f254c585526f8c10a34b712c9e4"}
api-1       | INFO:     172.18.0.1:32816 - "POST /api/v1/datasets/31557a7e-50af-45c8-b29a-63d5de9e4176/versions HTTP/1.1" 201 Created
api-1       | {"api_key_prefix": "evk_f2eea7ceb47c", "duration_ms": 116.155, "event": "http_request_completed", "level": "info", "method": "POST", "outcome": "success", "path": "/api/v1/datasets/31557a7e-50af-45c8-b29a-63d5de9e4176/versions", "request_id": "86cf396b-2c76-4789-83e1-12fffe67cddd", "status_code": 201, "tenant_id": "af38dd83-ad35-4947-b935-ca7cc6357e17", "timestamp": "2026-08-08T08:10:44.203248Z", "trace_id": "f23c2acc7cce11dc7361000e78cc1409"}
api-1       | {"event": "Context impl PostgresqlImpl.", "level": "info", "request_id": "c2ad0c56-ceb9-4ead-81f3-f7685a36a4bc", "timestamp": "2026-08-08T08:10:44.304755Z", "trace_id": "665c83c0bd25c84e78e531ee2719c074"}
api-1       | {"event": "Will assume transactional DDL.", "level": "info", "request_id": "c2ad0c56-ceb9-4ead-81f3-f7685a36a4bc", "timestamp": "2026-08-08T08:10:44.304852Z", "trace_id": "665c83c0bd25c84e78e531ee2719c074"}
api-1       | INFO:     172.18.0.1:32816 - "POST /api/v1/runs HTTP/1.1" 202 Accepted
api-1       | {"api_key_prefix": "evk_f2eea7ceb47c", "duration_ms": 101.18, "event": "http_request_completed", "level": "info", "method": "POST", "outcome": "success", "path": "/api/v1/runs", "request_id": "7ad4f02c-6b23-40bf-9c17-2eb1fb9d70d8", "status_code": 202, "tenant_id": "af38dd83-ad35-4947-b935-ca7cc6357e17", "timestamp": "2026-08-08T08:10:44.306252Z", "trace_id": "1ff210048fc094dc07b5e02fb643c0d5"}
api-1       | INFO:     127.0.0.1:55496 - "GET /health/ready HTTP/1.1" 200 OK
api-1       | {"duration_ms": 23.313, "event": "http_request_completed", "level": "info", "method": "GET", "outcome": "success", "path": "/health/ready", "request_id": "c2ad0c56-ceb9-4ead-81f3-f7685a36a4bc", "status_code": 200, "timestamp": "2026-08-08T08:10:44.310778Z", "trace_id": "665c83c0bd25c84e78e531ee2719c074"}
api-1       | INFO:     172.18.0.1:32816 - "GET /api/v1/runs/36d6cca1-a0c3-4f1e-bfcf-6274e486e8a5/cases?limit=200&sort=case_id HTTP/1.1" 200 OK
api-1       | {"api_key_prefix": "evk_f2eea7ceb47c", "duration_ms": 85.209, "event": "http_request_completed", "level": "info", "method": "GET", "outcome": "success", "path": "/api/v1/runs/36d6cca1-a0c3-4f1e-bfcf-6274e486e8a5/cases", "request_id": "69641483-ff05-4fe3-84a7-f1c3b1a7665d", "status_code": 200, "tenant_id": "af38dd83-ad35-4947-b935-ca7cc6357e17", "timestamp": "2026-08-08T08:10:44.393179Z", "trace_id": "e4a90ec2efe551be8d055ab95fb32f4d"}
api-1       | {"claimed": 2, "event": "outbox_dispatch_batch_completed", "lease_lost": 0, "level": "info", "published": 2, "retry_scheduled": 0, "role": "outbox_dispatcher", "timestamp": "2026-08-08T08:10:44.525039Z"}
api-1       | INFO:     172.18.0.1:32816 - "GET /api/v1/runs/36d6cca1-a0c3-4f1e-bfcf-6274e486e8a5/cases?limit=200&sort=case_id HTTP/1.1" 200 OK
api-1       | {"api_key_prefix": "evk_f2eea7ceb47c", "duration_ms": 42.918, "event": "http_request_completed", "level": "info", "method": "GET", "outcome": "success", "path": "/api/v1/runs/36d6cca1-a0c3-4f1e-bfcf-6274e486e8a5/cases", "request_id": "55e594ec-0eb1-4ae0-9394-bbe1957b29f8", "status_code": 200, "tenant_id": "af38dd83-ad35-4947-b935-ca7cc6357e17", "timestamp": "2026-08-08T08:10:44.938675Z", "trace_id": "f5f77c4aaeae4ac73b076ba1759565ca"}
api-1       | {"event": "Context impl PostgresqlImpl.", "level": "info", "request_id": "a5b52ce1-ab0c-4066-86e8-ba83b9ab0157", "timestamp": "2026-08-08T08:10:49.545727Z", "trace_id": "40ac6811c0848c5adf819e209d465e27"}
api-1       | {"event": "Will assume transactional DDL.", "level": "info", "request_id": "a5b52ce1-ab0c-4066-86e8-ba83b9ab0157", "timestamp": "2026-08-08T08:10:49.545829Z", "trace_id": "40ac6811c0848c5adf819e209d465e27"}
api-1       | INFO:     127.0.0.1:49614 - "GET /health/ready HTTP/1.1" 200 OK
api-1       | {"duration_ms": 17.548, "event": "http_request_completed", "level": "info", "method": "GET", "outcome": "success", "path": "/health/ready", "request_id": "a5b52ce1-ab0c-4066-86e8-ba83b9ab0157", "status_code": 200, "timestamp": "2026-08-08T08:10:49.551626Z", "trace_id": "40ac6811c0848c5adf819e209d465e27"}
api-1       | {"claimed": 2, "event": "outbox_dispatch_batch_completed", "lease_lost": 0, "level": "info", "published": 2, "retry_scheduled": 0, "role": "outbox_dispatcher", "timestamp": "2026-08-08T08:10:49.558846Z"}
api-1       | INFO:     172.18.0.1:38316 - "GET /api/v1/runs/36d6cca1-a0c3-4f1e-bfcf-6274e486e8a5 HTTP/1.1" 200 OK
api-1       | {"api_key_prefix": "evk_f2eea7ceb47c", "duration_ms": 44.157, "event": "http_request_completed", "level": "info", "method": "GET", "outcome": "success", "path": "/api/v1/runs/36d6cca1-a0c3-4f1e-bfcf-6274e486e8a5", "request_id": "bc5cffcf-20ee-46f5-8d24-7449ae761d9d", "status_code": 200, "tenant_id": "af38dd83-ad35-4947-b935-ca7cc6357e17", "timestamp": "2026-08-08T08:10:50.094825Z", "trace_id": "35efd59c57338b342cfe02fb620603d6"}
api-1       | INFO:     172.18.0.1:38316 - "POST /api/v1/datasets HTTP/1.1" 201 Created
api-1       | {"api_key_prefix": "evk_f2eea7ceb47c", "duration_ms": 43.506, "event": "http_request_completed", "level": "info", "method": "POST", "outcome": "success", "path": "/api/v1/datasets", "request_id": "7d167258-c268-46ca-98b5-c47bc8a1519c", "status_code": 201, "tenant_id": "af38dd83-ad35-4947-b935-ca7cc6357e17", "timestamp": "2026-08-08T08:10:50.232763Z", "trace_id": "9d8b4ed42d718ab08a2680e906e31be0"}
api-1       | INFO:     172.18.0.1:38316 - "POST /api/v1/datasets/969e49fc-7951-4f63-b2f4-2364949be846/versions HTTP/1.1" 201 Created
api-1       | {"api_key_prefix": "evk_f2eea7ceb47c", "duration_ms": 58.567, "event": "http_request_completed", "level": "info", "method": "POST", "outcome": "success", "path": "/api/v1/datasets/969e49fc-7951-4f63-b2f4-2364949be846/versions", "request_id": "65d95162-2de6-4cbf-af47-fcfe720fa086", "status_code": 201, "tenant_id": "af38dd83-ad35-4947-b935-ca7cc6357e17", "timestamp": "2026-08-08T08:10:50.293166Z", "trace_id": "36a7e66c0307c8e40a4b067ffff00955"}
api-1       | INFO:     172.18.0.1:38316 - "POST /api/v1/runs HTTP/1.1" 202 Accepted
api-1       | {"api_key_prefix": "evk_f2eea7ceb47c", "duration_ms": 1080.726, "event": "http_request_completed", "level": "info", "method": "POST", "outcome": "success", "path": "/api/v1/runs", "request_id": "896b12c0-89bf-4b46-b707-87241daf2979", "status_code": 202, "tenant_id": "af38dd83-ad35-4947-b935-ca7cc6357e17", "timestamp": "2026-08-08T08:10:51.382948Z", "trace_id": "6fa870ba00244e53f104717c189d6b17"}
api-1       | INFO:     172.18.0.1:38446 - "POST /api/v1/runs HTTP/1.1" 202 Accepted
api-1       | {"api_key_prefix": "evk_f2eea7ceb47c", "duration_ms": 1180.595, "event": "http_request_completed", "level": "info", "method": "POST", "outcome": "success", "path": "/api/v1/runs", "request_id": "4442818a-bda3-49c6-9182-d0e6c5e9cc3a", "status_code": 202, "tenant_id": "af38dd83-ad35-4947-b935-ca7cc6357e17", "timestamp": "2026-08-08T08:10:51.507568Z", "trace_id": "2a7dcfb2a3acd7fd68fc4433ed822267"}
api-1       | INFO:     172.18.0.1:38340 - "POST /api/v1/runs HTTP/1.1" 202 Accepted
api-1       | {"api_key_prefix": "evk_f2eea7ceb47c", "duration_ms": 1254.27, "event": "http_request_completed", "level": "info", "method": "POST", "outcome": "success", "path": "/api/v1/runs", "request_id": "9df681ce-00cb-45a6-af7b-a769874ba576", "status_code": 202, "tenant_id": "af38dd83-ad35-4947-b935-ca7cc6357e17", "timestamp": "2026-08-08T08:10:51.563376Z", "trace_id": "31ec97b5ca93a4cc839e6328bde1dae0"}
api-1       | INFO:     172.18.0.1:38328 - "POST /api/v1/runs HTTP/1.1" 202 Accepted
api-1       | {"api_key_prefix": "evk_f2eea7ceb47c", "duration_ms": 1255.774, "event": "http_request_completed", "level": "info", "method": "POST", "outcome": "success", "path": "/api/v1/runs", "request_id": "71ddbdd4-62ee-49c2-9caa-2ef0daecf083", "status_code": 202, "tenant_id": "af38dd83-ad35-4947-b935-ca7cc6357e17", "timestamp": "2026-08-08T08:10:51.563888Z", "trace_id": "7e80373e25fb4d1229398f236cd39bb4"}
api-1       | INFO:     172.18.0.1:38404 - "POST /api/v1/runs HTTP/1.1" 202 Accepted
api-1       | {"api_key_prefix": "evk_f2eea7ceb47c", "duration_ms": 1251.257, "event": "http_request_completed", "level": "info", "method": "POST", "outcome": "success", "path": "/api/v1/runs", "request_id": "35519e45-3b6c-44c6-a75d-1a8d7b9d109e", "status_code": 202, "tenant_id": "af38dd83-ad35-4947-b935-ca7cc6357e17", "timestamp": "2026-08-08T08:10:51.577029Z", "trace_id": "2f6b3df0f37255f4c3c13cbb13fd5245"}
api-1       | INFO:     172.18.0.1:38380 - "POST /api/v1/runs HTTP/1.1" 202 Accepted
api-1       | {"api_key_prefix": "evk_f2eea7ceb47c", "duration_ms": 1256.607, "event": "http_request_completed", "level": "info", "method": "POST", "outcome": "success", "path": "/api/v1/runs", "request_id": "ae986371-077c-40ff-bf49-1d36e3d0b39b", "status_code": 202, "tenant_id": "af38dd83-ad35-4947-b935-ca7cc6357e17", "timestamp": "2026-08-08T08:10:51.579404Z", "trace_id": "b38062a883720592b15ce809cf1af64a"}
api-1       | INFO:     172.18.0.1:38350 - "POST /api/v1/runs HTTP/1.1" 202 Accepted
api-1       | {"api_key_prefix": "evk_f2eea7ceb47c", "duration_ms": 1268.204, "event": "http_request_completed", "level": "info", "method": "POST", "outcome": "success", "path": "/api/v1/runs", "request_id": "5ec0df4d-3824-467e-83a7-3c1cb63e8228", "status_code": 202, "tenant_id": "af38dd83-ad35-4947-b935-ca7cc6357e17", "timestamp": "2026-08-08T08:10:51.579808Z", "trace_id": "6afce52e448ac112bc06d32842d4754d"}
api-1       | INFO:     172.18.0.1:38370 - "POST /api/v1/runs HTTP/1.1" 202 Accepted
api-1       | {"api_key_prefix": "evk_f2eea7ceb47c", "duration_ms": 1264.936, "event": "http_request_completed", "level": "info", "method": "POST", "outcome": "success", "path": "/api/v1/runs", "request_id": "f588aa24-64fa-437a-9510-0fa814001ac2", "status_code": 202, "tenant_id": "af38dd83-ad35-4947-b935-ca7cc6357e17", "timestamp": "2026-08-08T08:10:51.580168Z", "trace_id": "4759c2ff1f6a9525a7fe6c2e89edf00b"}
api-1       | INFO:     172.18.0.1:38354 - "POST /api/v1/runs HTTP/1.1" 202 Accepted
api-1       | {"api_key_prefix": "evk_f2eea7ceb47c", "duration_ms": 1266.698, "event": "http_request_completed", "level": "info", "method": "POST", "outcome": "success", "path": "/api/v1/runs", "request_id": "fdf585e0-e0b3-4099-94f0-302c3d91a16e", "status_code": 202, "tenant_id": "af38dd83-ad35-4947-b935-ca7cc6357e17", "timestamp": "2026-08-08T08:10:51.583660Z", "trace_id": "56414b6ab07ce9e6e50096f5feb420c6"}
api-1       | INFO:     172.18.0.1:38372 - "POST /api/v1/runs HTTP/1.1" 202 Accepted
api-1       | {"api_key_prefix": "evk_f2eea7ceb47c", "duration_ms": 1271.773, "event": "http_request_completed", "level": "info", "method": "POST", "outcome": "success", "path": "/api/v1/runs", "request_id": "9ddc25bc-0f66-4786-a953-98aaf9f84007", "status_code": 202, "tenant_id": "af38dd83-ad35-4947-b935-ca7cc6357e17", "timestamp": "2026-08-08T08:10:51.585403Z", "trace_id": "62dfa8406031095b019a6b1a46eb9621"}
api-1       | INFO:     172.18.0.1:38346 - "POST /api/v1/runs HTTP/1.1" 202 Accepted
api-1       | {"api_key_prefix": "evk_f2eea7ceb47c", "duration_ms": 1275.623, "event": "http_request_completed", "level": "info", "method": "POST", "outcome": "success", "path": "/api/v1/runs", "request_id": "80615d72-e03e-4715-ba3e-7056943fac1f", "status_code": 202, "tenant_id": "af38dd83-ad35-4947-b935-ca7cc6357e17", "timestamp": "2026-08-08T08:10:51.585853Z", "trace_id": "6d23aff9575a23844d7d4ca8a6696971"}
api-1       | INFO:     172.18.0.1:38378 - "POST /api/v1/runs HTTP/1.1" 202 Accepted
api-1       | {"api_key_prefix": "evk_f2eea7ceb47c", "duration_ms": 1269.469, "event": "http_request_completed", "level": "info", "method": "POST", "outcome": "success", "path": "/api/v1/runs", "request_id": "7b7d3683-eb4b-457e-ba3f-24812a9baa8c", "status_code": 202, "tenant_id": "af38dd83-ad35-4947-b935-ca7cc6357e17", "timestamp": "2026-08-08T08:10:51.587465Z", "trace_id": "6ea435f9ece0ea28dc2a537003b014ae"}
api-1       | INFO:     172.18.0.1:38412 - "POST /api/v1/runs HTTP/1.1" 202 Accepted
api-1       | {"api_key_prefix": "evk_f2eea7ceb47c", "duration_ms": 1262.099, "event": "http_request_completed", "level": "info", "method": "POST", "outcome": "success", "path": "/api/v1/runs", "request_id": "837a260d-49f4-44fe-aa97-6eb9d0a95b02", "status_code": 202, "tenant_id": "af38dd83-ad35-4947-b935-ca7cc6357e17", "timestamp": "2026-08-08T08:10:51.588125Z", "trace_id": "22e1fd4b9ab1479da87d56c41af27080"}
api-1       | INFO:     172.18.0.1:38466 - "POST /api/v1/runs HTTP/1.1" 202 Accepted
api-1       | {"api_key_prefix": "evk_f2eea7ceb47c", "duration_ms": 1262.071, "event": "http_request_completed", "level": "info", "method": "POST", "outcome": "success", "path": "/api/v1/runs", "request_id": "843000f2-f8d7-4d21-afa7-26d09506b477", "status_code": 202, "tenant_id": "af38dd83-ad35-4947-b935-ca7cc6357e17", "timestamp": "2026-08-08T08:10:51.590173Z", "trace_id": "fb0741fddb1fbd063236ac4c0bd594ce"}
api-1       | INFO:     172.18.0.1:38468 - "POST /api/v1/runs HTTP/1.1" 202 Accepted
api-1       | {"api_key_prefix": "evk_f2eea7ceb47c", "duration_ms": 1225.914, "event": "http_request_completed", "level": "info", "method": "POST", "outcome": "success", "path": "/api/v1/runs", "request_id": "cc191a3f-6ab3-435c-99a7-8097e8ecdecc", "status_code": 202, "tenant_id": "af38dd83-ad35-4947-b935-ca7cc6357e17", "timestamp": "2026-08-08T08:10:51.591102Z", "trace_id": "ce5a26e9514f3b42a7e999974676b0b3"}
api-1       | INFO:     172.18.0.1:38430 - "POST /api/v1/runs HTTP/1.1" 202 Accepted
api-1       | {"api_key_prefix": "evk_f2eea7ceb47c", "duration_ms": 1266.627, "event": "http_request_completed", "level": "info", "method": "POST", "outcome": "success", "path": "/api/v1/runs", "request_id": "54af3f99-d78b-4842-b901-6326d67dc118", "status_code": 202, "tenant_id": "af38dd83-ad35-4947-b935-ca7cc6357e17", "timestamp": "2026-08-08T08:10:51.593101Z", "trace_id": "b19b7427b3216837d6f3f04a4448d2bf"}
api-1       | INFO:     172.18.0.1:38450 - "POST /api/v1/runs HTTP/1.1" 202 Accepted
api-1       | {"api_key_prefix": "evk_f2eea7ceb47c", "duration_ms": 1266.732, "event": "http_request_completed", "level": "info", "method": "POST", "outcome": "success", "path": "/api/v1/runs", "request_id": "2402d0b8-d660-4dbf-9e19-94bfb26b5c9f", "status_code": 202, "tenant_id": "af38dd83-ad35-4947-b935-ca7cc6357e17", "timestamp": "2026-08-08T08:10:51.593891Z", "trace_id": "df736217f0059b64428985f63ab7d24b"}
api-1       | INFO:     172.18.0.1:38418 - "POST /api/v1/runs HTTP/1.1" 202 Accepted
api-1       | {"api_key_prefix": "evk_f2eea7ceb47c", "duration_ms": 1269.407, "event": "http_request_completed", "level": "info", "method": "POST", "outcome": "success", "path": "/api/v1/runs", "request_id": "e202bebc-285b-471e-bfe3-25af44a3eb5f", "status_code": 202, "tenant_id": "af38dd83-ad35-4947-b935-ca7cc6357e17", "timestamp": "2026-08-08T08:10:51.595654Z", "trace_id": "29d8b8f14bf479f742b2f618881b1610"}
api-1       | INFO:     172.18.0.1:38444 - "POST /api/v1/runs HTTP/1.1" 202 Accepted
api-1       | {"api_key_prefix": "evk_f2eea7ceb47c", "duration_ms": 1270.231, "event": "http_request_completed", "level": "info", "method": "POST", "outcome": "success", "path": "/api/v1/runs", "request_id": "c4941bdb-1c97-4623-ae05-57927caf2ced", "status_code": 202, "tenant_id": "af38dd83-ad35-4947-b935-ca7cc6357e17", "timestamp": "2026-08-08T08:10:51.596980Z", "trace_id": "f266e32ee8472f240d81e52a5964db7b"}
api-1       | INFO:     172.18.0.1:38394 - "POST /api/v1/runs HTTP/1.1" 202 Accepted
api-1       | {"api_key_prefix": "evk_f2eea7ceb47c", "duration_ms": 1273.518, "event": "http_request_completed", "level": "info", "method": "POST", "outcome": "success", "path": "/api/v1/runs", "request_id": "1f30706a-ac02-41f6-a663-5bc6c1ad7fe0", "status_code": 202, "tenant_id": "af38dd83-ad35-4947-b935-ca7cc6357e17", "timestamp": "2026-08-08T08:10:51.597409Z", "trace_id": "b8e1e4ae63f3b7c45e0d2dc8c8a55328"}
api-1       | INFO:     172.18.0.1:38316 - "GET /api/v1/runs/9215155b-6b77-4cbd-ac07-2959c960e3f4 HTTP/1.1" 200 OK
api-1       | {"api_key_prefix": "evk_f2eea7ceb47c", "duration_ms": 41.881, "event": "http_request_completed", "level": "info", "method": "GET", "outcome": "success", "path": "/api/v1/runs/9215155b-6b77-4cbd-ac07-2959c960e3f4", "request_id": "10aaf8e4-09ee-426a-b154-357eedd32754", "status_code": 200, "tenant_id": "af38dd83-ad35-4947-b935-ca7cc6357e17", "timestamp": "2026-08-08T08:10:51.642516Z", "trace_id": "d6ce54d01ce2caa55a343315837fefa9"}
api-1       | {"claimed": 4, "event": "outbox_dispatch_batch_completed", "lease_lost": 0, "level": "info", "published": 4, "retry_scheduled": 0, "role": "outbox_dispatcher", "timestamp": "2026-08-08T08:10:52.099444Z"}
api-1       | INFO:     172.18.0.1:38316 - "GET /api/v1/runs/9215155b-6b77-4cbd-ac07-2959c960e3f4 HTTP/1.1" 200 OK
api-1       | {"api_key_prefix": "evk_f2eea7ceb47c", "duration_ms": 43.462, "event": "http_request_completed", "level": "info", "method": "GET", "outcome": "success", "path": "/api/v1/runs/9215155b-6b77-4cbd-ac07-2959c960e3f4", "request_id": "50f3abfb-f9f7-4dca-a8b7-9d85ef020d48", "status_code": 200, "tenant_id": "af38dd83-ad35-4947-b935-ca7cc6357e17", "timestamp": "2026-08-08T08:10:52.189183Z", "trace_id": "67270fcb5f87a264878da0eed2aca38c"}
api-1       | INFO:     172.18.0.1:38316 - "POST /api/v1/datasets HTTP/1.1" 201 Created
api-1       | {"api_key_prefix": "evk_f2eea7ceb47c", "duration_ms": 45.224, "event": "http_request_completed", "level": "info", "method": "POST", "outcome": "success", "path": "/api/v1/datasets", "request_id": "fb9be5f4-9724-491e-ab59-160c74488b6f", "status_code": 201, "tenant_id": "af38dd83-ad35-4947-b935-ca7cc6357e17", "timestamp": "2026-08-08T08:10:52.250696Z", "trace_id": "5656488b111751d82f52faa230e0ce41"}
api-1       | INFO:     172.18.0.1:38316 - "POST /api/v1/datasets/54295374-0373-4d5b-b580-00b6e21ae102/versions HTTP/1.1" 201 Created
api-1       | {"api_key_prefix": "evk_f2eea7ceb47c", "duration_ms": 50.446, "event": "http_request_completed", "level": "info", "method": "POST", "outcome": "success", "path": "/api/v1/datasets/54295374-0373-4d5b-b580-00b6e21ae102/versions", "request_id": "d6ffa7d1-cf8d-4c83-8824-14950a18b115", "status_code": 201, "tenant_id": "af38dd83-ad35-4947-b935-ca7cc6357e17", "timestamp": "2026-08-08T08:10:52.302928Z", "trace_id": "c39ee18a12d16386c6e0c050c3643cca"}
api-1       | INFO:     172.18.0.1:38316 - "POST /api/v1/runs HTTP/1.1" 202 Accepted
api-1       | {"api_key_prefix": "evk_f2eea7ceb47c", "duration_ms": 48.635, "event": "http_request_completed", "level": "info", "method": "POST", "outcome": "success", "path": "/api/v1/runs", "request_id": "2ae61c8c-6d37-42c1-ace9-cd7f18de1f97", "status_code": 202, "tenant_id": "af38dd83-ad35-4947-b935-ca7cc6357e17", "timestamp": "2026-08-08T08:10:52.353232Z", "trace_id": "6307452040dc6f12e614a4868b5b3bfd"}
api-1       | INFO:     172.18.0.1:38316 - "GET /api/v1/runs/b5c67acc-1308-49d5-bac6-838cd54997e1/cases?limit=200&sort=case_id HTTP/1.1" 200 OK
api-1       | {"api_key_prefix": "evk_f2eea7ceb47c", "duration_ms": 43.413, "event": "http_request_completed", "level": "info", "method": "GET", "outcome": "success", "path": "/api/v1/runs/b5c67acc-1308-49d5-bac6-838cd54997e1/cases", "request_id": "8e036576-092a-442d-8958-a1e00d0344ae", "status_code": 200, "tenant_id": "af38dd83-ad35-4947-b935-ca7cc6357e17", "timestamp": "2026-08-08T08:10:52.398328Z", "trace_id": "6fcacef632546765dd9729e584a645d8"}
api-1       | INFO:     172.18.0.1:38316 - "GET /api/v1/runs/b5c67acc-1308-49d5-bac6-838cd54997e1/cases?limit=200&sort=case_id HTTP/1.1" 200 OK
api-1       | {"api_key_prefix": "evk_f2eea7ceb47c", "duration_ms": 51.499, "event": "http_request_completed", "level": "info", "method": "GET", "outcome": "success", "path": "/api/v1/runs/b5c67acc-1308-49d5-bac6-838cd54997e1/cases", "request_id": "a8eb3e7c-ccee-4e77-a390-1d22e294b074", "status_code": 200, "tenant_id": "af38dd83-ad35-4947-b935-ca7cc6357e17", "timestamp": "2026-08-08T08:10:52.952227Z", "trace_id": "21dca7325f05c0901c6b02f5b5b64ff7"}
api-1       | {"claimed": 2, "event": "outbox_dispatch_batch_completed", "lease_lost": 0, "level": "info", "published": 2, "retry_scheduled": 0, "role": "outbox_dispatcher", "timestamp": "2026-08-08T08:10:53.115749Z"}
api-1       | {"event": "Context impl PostgresqlImpl.", "level": "info", "request_id": "c465a9b0-b86b-4a53-ae51-95d750a19b66", "timestamp": "2026-08-08T08:10:54.796152Z", "trace_id": "ce0ab2a1d24db2d7e510b91c9b3bb009"}
api-1       | {"event": "Will assume transactional DDL.", "level": "info", "request_id": "c465a9b0-b86b-4a53-ae51-95d750a19b66", "timestamp": "2026-08-08T08:10:54.796269Z", "trace_id": "ce0ab2a1d24db2d7e510b91c9b3bb009"}
api-1       | INFO:     127.0.0.1:33110 - "GET /health/ready HTTP/1.1" 200 OK
api-1       | {"duration_ms": 18.223, "event": "http_request_completed", "level": "info", "method": "GET", "outcome": "success", "path": "/health/ready", "request_id": "c465a9b0-b86b-4a53-ae51-95d750a19b66", "status_code": 200, "timestamp": "2026-08-08T08:10:54.801450Z", "trace_id": "ce0ab2a1d24db2d7e510b91c9b3bb009"}
api-1       | INFO:     172.18.0.1:38316 - "GET /api/v1/runs/b5c67acc-1308-49d5-bac6-838cd54997e1 HTTP/1.1" 200 OK
api-1       | {"api_key_prefix": "evk_f2eea7ceb47c", "duration_ms": 43.387, "event": "http_request_completed", "level": "info", "method": "GET", "outcome": "success", "path": "/api/v1/runs/b5c67acc-1308-49d5-bac6-838cd54997e1", "request_id": "6a1b8d46-99c2-4492-b5ca-a4d60b39d0e7", "status_code": 200, "tenant_id": "af38dd83-ad35-4947-b935-ca7cc6357e17", "timestamp": "2026-08-08T08:10:54.973858Z", "trace_id": "06a7e56f639feb10146b18cb6b116979"}
api-1       | INFO:     172.18.0.1:38316 - "GET /api/v1/runs/b5c67acc-1308-49d5-bac6-838cd54997e1 HTTP/1.1" 200 OK
api-1       | {"api_key_prefix": "evk_f2eea7ceb47c", "duration_ms": 45.048, "event": "http_request_completed", "level": "info", "method": "GET", "outcome": "success", "path": "/api/v1/runs/b5c67acc-1308-49d5-bac6-838cd54997e1", "request_id": "9d37067b-50b9-4c39-af2e-992a4468a968", "status_code": 200, "tenant_id": "af38dd83-ad35-4947-b935-ca7cc6357e17", "timestamp": "2026-08-08T08:10:55.522315Z", "trace_id": "ee19c2c1a41097e2b2a42f75b34039eb"}
api-1       | INFO:     172.18.0.1:38316 - "GET /api/v1/runs/b5c67acc-1308-49d5-bac6-838cd54997e1 HTTP/1.1" 200 OK
api-1       | {"api_key_prefix": "evk_f2eea7ceb47c", "duration_ms": 41.849, "event": "http_request_completed", "level": "info", "method": "GET", "outcome": "success", "path": "/api/v1/runs/b5c67acc-1308-49d5-bac6-838cd54997e1", "request_id": "1eda7ad3-bc10-4771-a4d3-28a99cfc5569", "status_code": 200, "tenant_id": "af38dd83-ad35-4947-b935-ca7cc6357e17", "timestamp": "2026-08-08T08:10:56.067236Z", "trace_id": "ac96324a686456eb8829a61d0815a65c"}
api-1       | INFO:     172.18.0.1:38316 - "GET /api/v1/runs/b5c67acc-1308-49d5-bac6-838cd54997e1 HTTP/1.1" 200 OK
api-1       | {"api_key_prefix": "evk_f2eea7ceb47c", "duration_ms": 41.47, "event": "http_request_completed", "level": "info", "method": "GET", "outcome": "success", "path": "/api/v1/runs/b5c67acc-1308-49d5-bac6-838cd54997e1", "request_id": "67c09aeb-6681-470e-a480-f34083205a03", "status_code": 200, "tenant_id": "af38dd83-ad35-4947-b935-ca7cc6357e17", "timestamp": "2026-08-08T08:10:56.611625Z", "trace_id": "e5a6e99c1882bba44bb2f304a6fd99d2"}
api-1       | INFO:     172.18.0.1:38316 - "GET /api/v1/runs/b5c67acc-1308-49d5-bac6-838cd54997e1 HTTP/1.1" 200 OK
api-1       | {"api_key_prefix": "evk_f2eea7ceb47c", "duration_ms": 40.802, "event": "http_request_completed", "level": "info", "method": "GET", "outcome": "success", "path": "/api/v1/runs/b5c67acc-1308-49d5-bac6-838cd54997e1", "request_id": "4bfe72c4-3d49-431f-8837-665d95a6a95c", "status_code": 200, "tenant_id": "af38dd83-ad35-4947-b935-ca7cc6357e17", "timestamp": "2026-08-08T08:10:57.155531Z", "trace_id": "0c5a60d0ac7fdaf4543bae3029e7326c"}
api-1       | INFO:     172.18.0.1:38316 - "GET /api/v1/runs/b5c67acc-1308-49d5-bac6-838cd54997e1 HTTP/1.1" 200 OK
api-1       | {"api_key_prefix": "evk_f2eea7ceb47c", "duration_ms": 40.281, "event": "http_request_completed", "level": "info", "method": "GET", "outcome": "success", "path": "/api/v1/runs/b5c67acc-1308-49d5-bac6-838cd54997e1", "request_id": "d6eb85fb-edf5-44c5-823b-d9fabb236d10", "status_code": 200, "tenant_id": "af38dd83-ad35-4947-b935-ca7cc6357e17", "timestamp": "2026-08-08T08:10:57.697745Z", "trace_id": "6db5c803b88ca170a427378017d4e507"}
api-1       | INFO:     172.18.0.1:38316 - "GET /api/v1/runs/b5c67acc-1308-49d5-bac6-838cd54997e1 HTTP/1.1" 200 OK
api-1       | {"api_key_prefix": "evk_f2eea7ceb47c", "duration_ms": 40.702, "event": "http_request_completed", "level": "info", "method": "GET", "outcome": "success", "path": "/api/v1/runs/b5c67acc-1308-49d5-bac6-838cd54997e1", "request_id": "aa4a3de7-5427-4bca-882d-47ddf926096b", "status_code": 200, "tenant_id": "af38dd83-ad35-4947-b935-ca7cc6357e17", "timestamp": "2026-08-08T08:10:58.240921Z", "trace_id": "d69bd71e723eb314e7baee7cc8ff8b92"}
api-1       | INFO:     172.18.0.1:38316 - "GET /api/v1/runs/b5c67acc-1308-49d5-bac6-838cd54997e1 HTTP/1.1" 200 OK
api-1       | {"api_key_prefix": "evk_f2eea7ceb47c", "duration_ms": 40.841, "event": "http_request_completed", "level": "info", "method": "GET", "outcome": "success", "path": "/api/v1/runs/b5c67acc-1308-49d5-bac6-838cd54997e1", "request_id": "d9b9b3ba-72ce-4774-80ea-d1921acc19c6", "status_code": 200, "tenant_id": "af38dd83-ad35-4947-b935-ca7cc6357e17", "timestamp": "2026-08-08T08:10:58.784154Z", "trace_id": "cf80d5397857581de09ca427b090e693"}
api-1       | INFO:     172.18.0.1:38316 - "GET /api/v1/runs/b5c67acc-1308-49d5-bac6-838cd54997e1 HTTP/1.1" 200 OK
api-1       | {"api_key_prefix": "evk_f2eea7ceb47c", "duration_ms": 40.846, "event": "http_request_completed", "level": "info", "method": "GET", "outcome": "success", "path": "/api/v1/runs/b5c67acc-1308-49d5-bac6-838cd54997e1", "request_id": "90286c9d-a805-4505-8b67-25c33e96e6c2", "status_code": 200, "tenant_id": "af38dd83-ad35-4947-b935-ca7cc6357e17", "timestamp": "2026-08-08T08:10:59.327449Z", "trace_id": "098c70d86e4edc880201f9876e2872be"}
api-1       | INFO:     172.18.0.1:38316 - "GET /api/v1/runs/b5c67acc-1308-49d5-bac6-838cd54997e1 HTTP/1.1" 200 OK
api-1       | {"api_key_prefix": "evk_f2eea7ceb47c", "duration_ms": 43.925, "event": "http_request_completed", "level": "info", "method": "GET", "outcome": "success", "path": "/api/v1/runs/b5c67acc-1308-49d5-bac6-838cd54997e1", "request_id": "d090524a-0b42-49ce-a1a5-a90545313cf3", "status_code": 200, "tenant_id": "af38dd83-ad35-4947-b935-ca7cc6357e17", "timestamp": "2026-08-08T08:10:59.873609Z", "trace_id": "262e7f6c9406caccf62eac7eae3bb177"}
api-1       | {"event": "Context impl PostgresqlImpl.", "level": "info", "request_id": "a6176cc5-a28f-435d-8b62-3b8123fa53e3", "timestamp": "2026-08-08T08:11:00.060785Z", "trace_id": "681ecd0da2f28327ddab4f4fda8373b8"}
api-1       | {"event": "Will assume transactional DDL.", "level": "info", "request_id": "a6176cc5-a28f-435d-8b62-3b8123fa53e3", "timestamp": "2026-08-08T08:11:00.060908Z", "trace_id": "681ecd0da2f28327ddab4f4fda8373b8"}
api-1       | INFO:     127.0.0.1:33122 - "GET /health/ready HTTP/1.1" 200 OK
api-1       | {"duration_ms": 15.048, "event": "http_request_completed", "level": "info", "method": "GET", "outcome": "success", "path": "/health/ready", "request_id": "a6176cc5-a28f-435d-8b62-3b8123fa53e3", "status_code": 200, "timestamp": "2026-08-08T08:11:00.063291Z", "trace_id": "681ecd0da2f28327ddab4f4fda8373b8"}
api-1       | INFO:     172.18.0.1:38316 - "GET /api/v1/runs/b5c67acc-1308-49d5-bac6-838cd54997e1 HTTP/1.1" 200 OK
api-1       | {"api_key_prefix": "evk_f2eea7ceb47c", "duration_ms": 42.612, "event": "http_request_completed", "level": "info", "method": "GET", "outcome": "success", "path": "/api/v1/runs/b5c67acc-1308-49d5-bac6-838cd54997e1", "request_id": "950b3a32-58c7-4091-98aa-48ab741ea643", "status_code": 200, "tenant_id": "af38dd83-ad35-4947-b935-ca7cc6357e17", "timestamp": "2026-08-08T08:11:00.419158Z", "trace_id": "2055e553888e80dff587e0cf7b152a7c"}
api-1       | INFO:     172.18.0.1:38316 - "GET /api/v1/runs/b5c67acc-1308-49d5-bac6-838cd54997e1 HTTP/1.1" 200 OK
api-1       | {"api_key_prefix": "evk_f2eea7ceb47c", "duration_ms": 41.416, "event": "http_request_completed", "level": "info", "method": "GET", "outcome": "success", "path": "/api/v1/runs/b5c67acc-1308-49d5-bac6-838cd54997e1", "request_id": "23ec0f3d-c410-4918-8146-a14e66e6d9fb", "status_code": 200, "tenant_id": "af38dd83-ad35-4947-b935-ca7cc6357e17", "timestamp": "2026-08-08T08:11:00.962918Z", "trace_id": "c237ac952503ffc6a664f37928e01e32"}
api-1       | INFO:     172.18.0.1:38316 - "GET /api/v1/runs/b5c67acc-1308-49d5-bac6-838cd54997e1 HTTP/1.1" 200 OK
api-1       | {"api_key_prefix": "evk_f2eea7ceb47c", "duration_ms": 41.206, "event": "http_request_completed", "level": "info", "method": "GET", "outcome": "success", "path": "/api/v1/runs/b5c67acc-1308-49d5-bac6-838cd54997e1", "request_id": "0f01f253-b66e-4b21-bd28-a9bd95930d33", "status_code": 200, "tenant_id": "af38dd83-ad35-4947-b935-ca7cc6357e17", "timestamp": "2026-08-08T08:11:01.506989Z", "trace_id": "764a214eaa947241063df2bdd569566f"}
api-1       | INFO:     172.18.0.1:38316 - "GET /api/v1/runs/b5c67acc-1308-49d5-bac6-838cd54997e1 HTTP/1.1" 200 OK
api-1       | {"api_key_prefix": "evk_f2eea7ceb47c", "duration_ms": 41.189, "event": "http_request_completed", "level": "info", "method": "GET", "outcome": "success", "path": "/api/v1/runs/b5c67acc-1308-49d5-bac6-838cd54997e1", "request_id": "6f3f2a62-4bad-4f43-8cc9-6efc08f1e8f2", "status_code": 200, "tenant_id": "af38dd83-ad35-4947-b935-ca7cc6357e17", "timestamp": "2026-08-08T08:11:02.050667Z", "trace_id": "e6ea36b9ed5d06cb28decbfc9b2d5c0e"}
api-1       | INFO:     172.18.0.1:38316 - "GET /api/v1/runs/b5c67acc-1308-49d5-bac6-838cd54997e1 HTTP/1.1" 200 OK
api-1       | {"api_key_prefix": "evk_f2eea7ceb47c", "duration_ms": 41.098, "event": "http_request_completed", "level": "info", "method": "GET", "outcome": "success", "path": "/api/v1/runs/b5c67acc-1308-49d5-bac6-838cd54997e1", "request_id": "c3794f25-2bc5-4bd8-811a-17a34c8d4a60", "status_code": 200, "tenant_id": "af38dd83-ad35-4947-b935-ca7cc6357e17", "timestamp": "2026-08-08T08:11:02.594092Z", "trace_id": "88b23cfeeacd289b1172ecaf67a38711"}
api-1       | INFO:     172.18.0.1:38316 - "GET /api/v1/runs/b5c67acc-1308-49d5-bac6-838cd54997e1 HTTP/1.1" 200 OK
api-1       | {"api_key_prefix": "evk_f2eea7ceb47c", "duration_ms": 43.477, "event": "http_request_completed", "level": "info", "method": "GET", "outcome": "success", "path": "/api/v1/runs/b5c67acc-1308-49d5-bac6-838cd54997e1", "request_id": "19a6ee28-974a-4f40-b7d6-04df0f55bcee", "status_code": 200, "tenant_id": "af38dd83-ad35-4947-b935-ca7cc6357e17", "timestamp": "2026-08-08T08:11:03.140035Z", "trace_id": "e6b18b28e3fb9e11117eeb69cac41d2f"}
api-1       | INFO:     172.18.0.1:38316 - "GET /api/v1/runs/b5c67acc-1308-49d5-bac6-838cd54997e1 HTTP/1.1" 200 OK
api-1       | {"api_key_prefix": "evk_f2eea7ceb47c", "duration_ms": 41.084, "event": "http_request_completed", "level": "info", "method": "GET", "outcome": "success", "path": "/api/v1/runs/b5c67acc-1308-49d5-bac6-838cd54997e1", "request_id": "6b631153-9570-4d76-8897-e5426c395039", "status_code": 200, "tenant_id": "af38dd83-ad35-4947-b935-ca7cc6357e17", "timestamp": "2026-08-08T08:11:03.683974Z", "trace_id": "7d25fcde4bd5f7869c9854a81a79b458"}
api-1       | INFO:     172.18.0.1:38316 - "GET /api/v1/runs/b5c67acc-1308-49d5-bac6-838cd54997e1 HTTP/1.1" 200 OK
api-1       | {"api_key_prefix": "evk_f2eea7ceb47c", "duration_ms": 40.805, "event": "http_request_completed", "level": "info", "method": "GET", "outcome": "success", "path": "/api/v1/runs/b5c67acc-1308-49d5-bac6-838cd54997e1", "request_id": "abdc0d1c-f0b5-412d-95ff-5dd05de1a9d3", "status_code": 200, "tenant_id": "af38dd83-ad35-4947-b935-ca7cc6357e17", "timestamp": "2026-08-08T08:11:04.227285Z", "trace_id": "c96193ad64b644f60e1fe64cda19c051"}
api-1       | INFO:     172.18.0.1:38316 - "GET /api/v1/runs/b5c67acc-1308-49d5-bac6-838cd54997e1 HTTP/1.1" 200 OK
api-1       | {"api_key_prefix": "evk_f2eea7ceb47c", "duration_ms": 40.325, "event": "http_request_completed", "level": "info", "method": "GET", "outcome": "success", "path": "/api/v1/runs/b5c67acc-1308-49d5-bac6-838cd54997e1", "request_id": "ecbe7bb9-c7cc-4785-af3f-bc35e8ce2886", "status_code": 200, "tenant_id": "af38dd83-ad35-4947-b935-ca7cc6357e17", "timestamp": "2026-08-08T08:11:04.769888Z", "trace_id": "0ffec53120928084cd482dae67d2b27e"}
api-1       | {"event": "Context impl PostgresqlImpl.", "level": "info", "request_id": "ff87e742-c01d-4e24-a1ed-0da57fc4767b", "timestamp": "2026-08-08T08:11:05.308100Z", "trace_id": "a1bc244e8a30dde772228b7671356982"}
api-1       | {"event": "Will assume transactional DDL.", "level": "info", "request_id": "ff87e742-c01d-4e24-a1ed-0da57fc4767b", "timestamp": "2026-08-08T08:11:05.308204Z", "trace_id": "a1bc244e8a30dde772228b7671356982"}
api-1       | INFO:     127.0.0.1:55208 - "GET /health/ready HTTP/1.1" 200 OK
api-1       | {"duration_ms": 19.511, "event": "http_request_completed", "level": "info", "method": "GET", "outcome": "success", "path": "/health/ready", "request_id": "ff87e742-c01d-4e24-a1ed-0da57fc4767b", "status_code": 200, "timestamp": "2026-08-08T08:11:05.313780Z", "trace_id": "a1bc244e8a30dde772228b7671356982"}
api-1       | INFO:     172.18.0.1:38316 - "GET /api/v1/runs/b5c67acc-1308-49d5-bac6-838cd54997e1 HTTP/1.1" 200 OK
api-1       | {"api_key_prefix": "evk_f2eea7ceb47c", "duration_ms": 103.362, "event": "http_request_completed", "level": "info", "method": "GET", "outcome": "success", "path": "/api/v1/runs/b5c67acc-1308-49d5-bac6-838cd54997e1", "request_id": "a226203c-b4cc-4905-b1b3-f2e426fbd4cd", "status_code": 200, "tenant_id": "af38dd83-ad35-4947-b935-ca7cc6357e17", "timestamp": "2026-08-08T08:11:05.375831Z", "trace_id": "00a312646b79d085ffaa8afeccfefef3"}
api-1       | INFO:     172.18.0.1:38316 - "GET /api/v1/runs/b5c67acc-1308-49d5-bac6-838cd54997e1 HTTP/1.1" 200 OK
api-1       | {"api_key_prefix": "evk_f2eea7ceb47c", "duration_ms": 41.475, "event": "http_request_completed", "level": "info", "method": "GET", "outcome": "success", "path": "/api/v1/runs/b5c67acc-1308-49d5-bac6-838cd54997e1", "request_id": "fbb2914c-a77d-4844-87ea-24ac968f20a6", "status_code": 200, "tenant_id": "af38dd83-ad35-4947-b935-ca7cc6357e17", "timestamp": "2026-08-08T08:11:05.919803Z", "trace_id": "16445eaecb9432f41c45e893c41fdb75"}
api-1       | INFO:     172.18.0.1:38316 - "GET /api/v1/runs/b5c67acc-1308-49d5-bac6-838cd54997e1 HTTP/1.1" 200 OK
api-1       | {"api_key_prefix": "evk_f2eea7ceb47c", "duration_ms": 41.864, "event": "http_request_completed", "level": "info", "method": "GET", "outcome": "success", "path": "/api/v1/runs/b5c67acc-1308-49d5-bac6-838cd54997e1", "request_id": "0582829c-81b0-4e52-9498-397a0ee4bd08", "status_code": 200, "tenant_id": "af38dd83-ad35-4947-b935-ca7cc6357e17", "timestamp": "2026-08-08T08:11:06.464095Z", "trace_id": "ae782ea232c7489eec5c487049827e4f"}
api-1       | INFO:     172.18.0.1:38316 - "GET /api/v1/runs/b5c67acc-1308-49d5-bac6-838cd54997e1 HTTP/1.1" 200 OK
api-1       | {"api_key_prefix": "evk_f2eea7ceb47c", "duration_ms": 41.062, "event": "http_request_completed", "level": "info", "method": "GET", "outcome": "success", "path": "/api/v1/runs/b5c67acc-1308-49d5-bac6-838cd54997e1", "request_id": "f9c8d00c-aff1-49ec-b42b-8869b50f57ff", "status_code": 200, "tenant_id": "af38dd83-ad35-4947-b935-ca7cc6357e17", "timestamp": "2026-08-08T08:11:07.007487Z", "trace_id": "3564380a10c9df08373cfa02618b8e4c"}
api-1       | INFO:     172.18.0.1:38316 - "GET /api/v1/runs/b5c67acc-1308-49d5-bac6-838cd54997e1 HTTP/1.1" 200 OK
api-1       | {"api_key_prefix": "evk_f2eea7ceb47c", "duration_ms": 40.768, "event": "http_request_completed", "level": "info", "method": "GET", "outcome": "success", "path": "/api/v1/runs/b5c67acc-1308-49d5-bac6-838cd54997e1", "request_id": "1c8e2898-8629-4eff-867b-e5019c45b76b", "status_code": 200, "tenant_id": "af38dd83-ad35-4947-b935-ca7cc6357e17", "timestamp": "2026-08-08T08:11:07.550348Z", "trace_id": "e9efd4d004d9d46fe284d973cf6bee6a"}
api-1       | INFO:     172.18.0.1:38316 - "GET /api/v1/runs/b5c67acc-1308-49d5-bac6-838cd54997e1 HTTP/1.1" 200 OK
api-1       | {"api_key_prefix": "evk_f2eea7ceb47c", "duration_ms": 41.173, "event": "http_request_completed", "level": "info", "method": "GET", "outcome": "success", "path": "/api/v1/runs/b5c67acc-1308-49d5-bac6-838cd54997e1", "request_id": "82b41315-71c4-4fca-9c14-2e03d2088df8", "status_code": 200, "tenant_id": "af38dd83-ad35-4947-b935-ca7cc6357e17", "timestamp": "2026-08-08T08:11:08.093862Z", "trace_id": "75fe29e621f1a11733d1c641ee6e6a6b"}
api-1       | INFO:     172.18.0.1:38316 - "GET /api/v1/runs/b5c67acc-1308-49d5-bac6-838cd54997e1 HTTP/1.1" 200 OK
api-1       | {"api_key_prefix": "evk_f2eea7ceb47c", "duration_ms": 40.831, "event": "http_request_completed", "level": "info", "method": "GET", "outcome": "success", "path": "/api/v1/runs/b5c67acc-1308-49d5-bac6-838cd54997e1", "request_id": "840de986-aa70-4777-a368-a9b215afb547", "status_code": 200, "tenant_id": "af38dd83-ad35-4947-b935-ca7cc6357e17", "timestamp": "2026-08-08T08:11:08.637126Z", "trace_id": "fd527bf8104d081f6a6e7e678de3ef70"}
api-1       | INFO:     172.18.0.1:38316 - "GET /api/v1/runs/b5c67acc-1308-49d5-bac6-838cd54997e1 HTTP/1.1" 200 OK
api-1       | {"api_key_prefix": "evk_f2eea7ceb47c", "duration_ms": 40.909, "event": "http_request_completed", "level": "info", "method": "GET", "outcome": "success", "path": "/api/v1/runs/b5c67acc-1308-49d5-bac6-838cd54997e1", "request_id": "3e353abc-cec6-4c3d-8869-121db7471a94", "status_code": 200, "tenant_id": "af38dd83-ad35-4947-b935-ca7cc6357e17", "timestamp": "2026-08-08T08:11:09.180460Z", "trace_id": "13a5bf7772475a101b750443b5a4de10"}
api-1       | INFO:     172.18.0.1:38316 - "GET /api/v1/runs/b5c67acc-1308-49d5-bac6-838cd54997e1 HTTP/1.1" 200 OK
api-1       | {"api_key_prefix": "evk_f2eea7ceb47c", "duration_ms": 41.326, "event": "http_request_completed", "level": "info", "method": "GET", "outcome": "success", "path": "/api/v1/runs/b5c67acc-1308-49d5-bac6-838cd54997e1", "request_id": "7df2b3e9-c2ff-4ce3-a0bd-74a6bc8ff5bf", "status_code": 200, "tenant_id": "af38dd83-ad35-4947-b935-ca7cc6357e17", "timestamp": "2026-08-08T08:11:09.724103Z", "trace_id": "af1d7ea0013c6089d9f43f2d14de8410"}
api-1       | INFO:     172.18.0.1:38316 - "GET /api/v1/runs/b5c67acc-1308-49d5-bac6-838cd54997e1 HTTP/1.1" 200 OK
api-1       | {"api_key_prefix": "evk_f2eea7ceb47c", "duration_ms": 40.965, "event": "http_request_completed", "level": "info", "method": "GET", "outcome": "success", "path": "/api/v1/runs/b5c67acc-1308-49d5-bac6-838cd54997e1", "request_id": "7c7753a7-768d-4fd8-a757-02e5714c6996", "status_code": 200, "tenant_id": "af38dd83-ad35-4947-b935-ca7cc6357e17", "timestamp": "2026-08-08T08:11:10.267340Z", "trace_id": "2d4dd9b5233c1f861887c83d7d382028"}
api-1       | {"event": "Context impl PostgresqlImpl.", "level": "info", "request_id": "441866ff-b6ac-479c-8260-489c7864886f", "timestamp": "2026-08-08T08:11:10.594322Z", "trace_id": "a3dde0b8e86999a7dd67c3f05749ecb5"}
api-1       | {"event": "Will assume transactional DDL.", "level": "info", "request_id": "441866ff-b6ac-479c-8260-489c7864886f", "timestamp": "2026-08-08T08:11:10.594431Z", "trace_id": "a3dde0b8e86999a7dd67c3f05749ecb5"}
api-1       | INFO:     127.0.0.1:55238 - "GET /health/ready HTTP/1.1" 200 OK
api-1       | {"duration_ms": 17.59, "event": "http_request_completed", "level": "info", "method": "GET", "outcome": "success", "path": "/health/ready", "request_id": "441866ff-b6ac-479c-8260-489c7864886f", "status_code": 200, "timestamp": "2026-08-08T08:11:10.599725Z", "trace_id": "a3dde0b8e86999a7dd67c3f05749ecb5"}
api-1       | INFO:     172.18.0.1:38316 - "GET /api/v1/runs/b5c67acc-1308-49d5-bac6-838cd54997e1 HTTP/1.1" 200 OK
api-1       | {"api_key_prefix": "evk_f2eea7ceb47c", "duration_ms": 41.21, "event": "http_request_completed", "level": "info", "method": "GET", "outcome": "success", "path": "/api/v1/runs/b5c67acc-1308-49d5-bac6-838cd54997e1", "request_id": "de80c56d-f1bd-42bc-abf5-4fc6687f1ee3", "status_code": 200, "tenant_id": "af38dd83-ad35-4947-b935-ca7cc6357e17", "timestamp": "2026-08-08T08:11:10.810830Z", "trace_id": "b95c32a024e77e06e7eed1edd832226a"}
api-1       | INFO:     172.18.0.1:38316 - "GET /api/v1/runs/b5c67acc-1308-49d5-bac6-838cd54997e1 HTTP/1.1" 200 OK
api-1       | {"api_key_prefix": "evk_f2eea7ceb47c", "duration_ms": 41.781, "event": "http_request_completed", "level": "info", "method": "GET", "outcome": "success", "path": "/api/v1/runs/b5c67acc-1308-49d5-bac6-838cd54997e1", "request_id": "7e84d406-ad00-40fa-882c-d77d18fb2fa1", "status_code": 200, "tenant_id": "af38dd83-ad35-4947-b935-ca7cc6357e17", "timestamp": "2026-08-08T08:11:11.354967Z", "trace_id": "45698b8ac1356ff007f262e0c62eb15d"}
api-1       | INFO:     172.18.0.1:38316 - "GET /api/v1/runs/b5c67acc-1308-49d5-bac6-838cd54997e1 HTTP/1.1" 200 OK
api-1       | {"api_key_prefix": "evk_f2eea7ceb47c", "duration_ms": 40.841, "event": "http_request_completed", "level": "info", "method": "GET", "outcome": "success", "path": "/api/v1/runs/b5c67acc-1308-49d5-bac6-838cd54997e1", "request_id": "2e6baa14-8a9f-47a4-8c6d-f7602ed5c91e", "status_code": 200, "tenant_id": "af38dd83-ad35-4947-b935-ca7cc6357e17", "timestamp": "2026-08-08T08:11:11.898162Z", "trace_id": "fcd0a14223f283326c69df94501d1bb8"}
api-1       | INFO:     172.18.0.1:38316 - "GET /api/v1/runs/b5c67acc-1308-49d5-bac6-838cd54997e1 HTTP/1.1" 200 OK
api-1       | {"api_key_prefix": "evk_f2eea7ceb47c", "duration_ms": 41.663, "event": "http_request_completed", "level": "info", "method": "GET", "outcome": "success", "path": "/api/v1/runs/b5c67acc-1308-49d5-bac6-838cd54997e1", "request_id": "cbdb1b56-822d-4f1b-ba7e-4bbdd299c22f", "status_code": 200, "tenant_id": "af38dd83-ad35-4947-b935-ca7cc6357e17", "timestamp": "2026-08-08T08:11:12.442331Z", "trace_id": "d4e6a2fba5925c0d3ea771d62420743f"}
api-1       | INFO:     172.18.0.1:38316 - "GET /api/v1/runs/b5c67acc-1308-49d5-bac6-838cd54997e1 HTTP/1.1" 200 OK
api-1       | {"api_key_prefix": "evk_f2eea7ceb47c", "duration_ms": 41.453, "event": "http_request_completed", "level": "info", "method": "GET", "outcome": "success", "path": "/api/v1/runs/b5c67acc-1308-49d5-bac6-838cd54997e1", "request_id": "7d040be4-20fe-40b9-a4c2-b1b2858c26cf", "status_code": 200, "tenant_id": "af38dd83-ad35-4947-b935-ca7cc6357e17", "timestamp": "2026-08-08T08:11:12.986139Z", "trace_id": "ae5d69d0f43f1bec44f13602d9d2ead2"}
api-1       | INFO:     172.18.0.1:38316 - "GET /api/v1/runs/b5c67acc-1308-49d5-bac6-838cd54997e1 HTTP/1.1" 200 OK
api-1       | {"api_key_prefix": "evk_f2eea7ceb47c", "duration_ms": 41.36, "event": "http_request_completed", "level": "info", "method": "GET", "outcome": "success", "path": "/api/v1/runs/b5c67acc-1308-49d5-bac6-838cd54997e1", "request_id": "9788d279-8b5f-441e-8940-d367da7e0c47", "status_code": 200, "tenant_id": "af38dd83-ad35-4947-b935-ca7cc6357e17", "timestamp": "2026-08-08T08:11:13.529979Z", "trace_id": "432b56c3e23c354e020a16d0949895af"}
api-1       | INFO:     172.18.0.1:38316 - "GET /api/v1/runs/b5c67acc-1308-49d5-bac6-838cd54997e1 HTTP/1.1" 200 OK
api-1       | {"api_key_prefix": "evk_f2eea7ceb47c", "duration_ms": 41.102, "event": "http_request_completed", "level": "info", "method": "GET", "outcome": "success", "path": "/api/v1/runs/b5c67acc-1308-49d5-bac6-838cd54997e1", "request_id": "6afef88c-d774-4665-a1ae-800b50730fab", "status_code": 200, "tenant_id": "af38dd83-ad35-4947-b935-ca7cc6357e17", "timestamp": "2026-08-08T08:11:14.073477Z", "trace_id": "e7d876110b1a961e6fd0683104f6095b"}
api-1       | INFO:     172.18.0.1:38316 - "GET /api/v1/runs/b5c67acc-1308-49d5-bac6-838cd54997e1 HTTP/1.1" 200 OK
api-1       | {"api_key_prefix": "evk_f2eea7ceb47c", "duration_ms": 41.396, "event": "http_request_completed", "level": "info", "method": "GET", "outcome": "success", "path": "/api/v1/runs/b5c67acc-1308-49d5-bac6-838cd54997e1", "request_id": "5e30c768-3db3-4724-9841-517822465856", "status_code": 200, "tenant_id": "af38dd83-ad35-4947-b935-ca7cc6357e17", "timestamp": "2026-08-08T08:11:14.617321Z", "trace_id": "71ef08702567ba72b92612aab41a2097"}
api-1       | INFO:     172.18.0.1:38316 - "GET /api/v1/runs/b5c67acc-1308-49d5-bac6-838cd54997e1 HTTP/1.1" 200 OK
api-1       | {"api_key_prefix": "evk_f2eea7ceb47c", "duration_ms": 41.632, "event": "http_request_completed", "level": "info", "method": "GET", "outcome": "success", "path": "/api/v1/runs/b5c67acc-1308-49d5-bac6-838cd54997e1", "request_id": "d6f95c17-31ec-4939-9f61-e778a2262c53", "status_code": 200, "tenant_id": "af38dd83-ad35-4947-b935-ca7cc6357e17", "timestamp": "2026-08-08T08:11:15.161349Z", "trace_id": "73351e6131230eb5657d8bff571da4dd"}
api-1       | INFO:     172.18.0.1:38316 - "GET /api/v1/runs/b5c67acc-1308-49d5-bac6-838cd54997e1 HTTP/1.1" 200 OK
api-1       | {"api_key_prefix": "evk_f2eea7ceb47c", "duration_ms": 43.571, "event": "http_request_completed", "level": "info", "method": "GET", "outcome": "success", "path": "/api/v1/runs/b5c67acc-1308-49d5-bac6-838cd54997e1", "request_id": "d1e9d2bc-7b7a-41ff-bcc8-8c2a8ce7e7ac", "status_code": 200, "tenant_id": "af38dd83-ad35-4947-b935-ca7cc6357e17", "timestamp": "2026-08-08T08:11:15.707598Z", "trace_id": "295fdb906920bdd2d68093426f611c6f"}
api-1       | {"event": "Context impl PostgresqlImpl.", "level": "info", "request_id": "499e8b54-ed33-44ba-a476-1e3677ad3c44", "timestamp": "2026-08-08T08:11:15.873993Z", "trace_id": "88ac38c2bb7c3fddcfce871042efb853"}
api-1       | {"event": "Will assume transactional DDL.", "level": "info", "request_id": "499e8b54-ed33-44ba-a476-1e3677ad3c44", "timestamp": "2026-08-08T08:11:15.874083Z", "trace_id": "88ac38c2bb7c3fddcfce871042efb853"}
api-1       | INFO:     127.0.0.1:59068 - "GET /health/ready HTTP/1.1" 200 OK
api-1       | {"duration_ms": 14.393, "event": "http_request_completed", "level": "info", "method": "GET", "outcome": "success", "path": "/health/ready", "request_id": "499e8b54-ed33-44ba-a476-1e3677ad3c44", "status_code": 200, "timestamp": "2026-08-08T08:11:15.875863Z", "trace_id": "88ac38c2bb7c3fddcfce871042efb853"}
api-1       | INFO:     172.18.0.1:38316 - "GET /api/v1/runs/b5c67acc-1308-49d5-bac6-838cd54997e1 HTTP/1.1" 200 OK
api-1       | {"api_key_prefix": "evk_f2eea7ceb47c", "duration_ms": 41.489, "event": "http_request_completed", "level": "info", "method": "GET", "outcome": "success", "path": "/api/v1/runs/b5c67acc-1308-49d5-bac6-838cd54997e1", "request_id": "a6ea42b0-764b-4647-b2d3-14fd587af353", "status_code": 200, "tenant_id": "af38dd83-ad35-4947-b935-ca7cc6357e17", "timestamp": "2026-08-08T08:11:16.251629Z", "trace_id": "1919611668bff5b507698a48608b7bbf"}
api-1       | INFO:     172.18.0.1:38316 - "GET /api/v1/runs/b5c67acc-1308-49d5-bac6-838cd54997e1 HTTP/1.1" 200 OK
api-1       | {"api_key_prefix": "evk_f2eea7ceb47c", "duration_ms": 41.085, "event": "http_request_completed", "level": "info", "method": "GET", "outcome": "success", "path": "/api/v1/runs/b5c67acc-1308-49d5-bac6-838cd54997e1", "request_id": "d9cabac7-77c6-4f9b-876b-d8853e212b65", "status_code": 200, "tenant_id": "af38dd83-ad35-4947-b935-ca7cc6357e17", "timestamp": "2026-08-08T08:11:16.795123Z", "trace_id": "26afabab4feb6ebd6c914eee3f449608"}
api-1       | INFO:     172.18.0.1:38316 - "GET /api/v1/runs/b5c67acc-1308-49d5-bac6-838cd54997e1 HTTP/1.1" 200 OK
api-1       | {"api_key_prefix": "evk_f2eea7ceb47c", "duration_ms": 43.982, "event": "http_request_completed", "level": "info", "method": "GET", "outcome": "success", "path": "/api/v1/runs/b5c67acc-1308-49d5-bac6-838cd54997e1", "request_id": "be705882-174d-4b3e-9937-73d6735e87e2", "status_code": 200, "tenant_id": "af38dd83-ad35-4947-b935-ca7cc6357e17", "timestamp": "2026-08-08T08:11:17.341650Z", "trace_id": "b1af6bdf455119258bd37a4baeccd911"}
api-1       | INFO:     172.18.0.1:38316 - "GET /api/v1/runs/b5c67acc-1308-49d5-bac6-838cd54997e1 HTTP/1.1" 200 OK
api-1       | {"api_key_prefix": "evk_f2eea7ceb47c", "duration_ms": 41.627, "event": "http_request_completed", "level": "info", "method": "GET", "outcome": "success", "path": "/api/v1/runs/b5c67acc-1308-49d5-bac6-838cd54997e1", "request_id": "0572ec87-6d2e-441f-981e-d14e09ae969b", "status_code": 200, "tenant_id": "af38dd83-ad35-4947-b935-ca7cc6357e17", "timestamp": "2026-08-08T08:11:17.886231Z", "trace_id": "75446ef3adc92e352a100a401e04abae"}
api-1       | INFO:     172.18.0.1:38316 - "GET /api/v1/runs/b5c67acc-1308-49d5-bac6-838cd54997e1 HTTP/1.1" 200 OK
api-1       | {"api_key_prefix": "evk_f2eea7ceb47c", "duration_ms": 43.068, "event": "http_request_completed", "level": "info", "method": "GET", "outcome": "success", "path": "/api/v1/runs/b5c67acc-1308-49d5-bac6-838cd54997e1", "request_id": "eecf8a13-a40b-4125-aea8-0679e10b57c5", "status_code": 200, "tenant_id": "af38dd83-ad35-4947-b935-ca7cc6357e17", "timestamp": "2026-08-08T08:11:18.431726Z", "trace_id": "cf42d1d2b5e8f63f4d6abb9dac3b78d0"}
api-1       | INFO:     172.18.0.1:38316 - "GET /api/v1/runs/b5c67acc-1308-49d5-bac6-838cd54997e1 HTTP/1.1" 200 OK
api-1       | {"api_key_prefix": "evk_f2eea7ceb47c", "duration_ms": 41.878, "event": "http_request_completed", "level": "info", "method": "GET", "outcome": "success", "path": "/api/v1/runs/b5c67acc-1308-49d5-bac6-838cd54997e1", "request_id": "ed6681b2-3973-4436-9b77-72a0d4bc2192", "status_code": 200, "tenant_id": "af38dd83-ad35-4947-b935-ca7cc6357e17", "timestamp": "2026-08-08T08:11:18.976092Z", "trace_id": "54b010042cd2690d7d0ceba2c2fa85ec"}
api-1       | INFO:     172.18.0.1:38316 - "GET /api/v1/runs/b5c67acc-1308-49d5-bac6-838cd54997e1 HTTP/1.1" 200 OK
api-1       | {"api_key_prefix": "evk_f2eea7ceb47c", "duration_ms": 42.586, "event": "http_request_completed", "level": "info", "method": "GET", "outcome": "success", "path": "/api/v1/runs/b5c67acc-1308-49d5-bac6-838cd54997e1", "request_id": "7c24eb69-8026-4f1d-9028-a18eafd71b21", "status_code": 200, "tenant_id": "af38dd83-ad35-4947-b935-ca7cc6357e17", "timestamp": "2026-08-08T08:11:19.521159Z", "trace_id": "799e2416c44ac695f8608b178e7cc88c"}
api-1       | INFO:     172.18.0.1:38316 - "GET /api/v1/runs/b5c67acc-1308-49d5-bac6-838cd54997e1 HTTP/1.1" 200 OK
api-1       | {"api_key_prefix": "evk_f2eea7ceb47c", "duration_ms": 42.255, "event": "http_request_completed", "level": "info", "method": "GET", "outcome": "success", "path": "/api/v1/runs/b5c67acc-1308-49d5-bac6-838cd54997e1", "request_id": "ad60a2c7-b7a9-4423-bacf-0dd6caa97af8", "status_code": 200, "tenant_id": "af38dd83-ad35-4947-b935-ca7cc6357e17", "timestamp": "2026-08-08T08:11:20.065846Z", "trace_id": "60a62fdb9e2a37d20621a92c5736dd4a"}
api-1       | INFO:     172.18.0.1:38316 - "GET /api/v1/runs/b5c67acc-1308-49d5-bac6-838cd54997e1 HTTP/1.1" 200 OK
api-1       | {"api_key_prefix": "evk_f2eea7ceb47c", "duration_ms": 42.026, "event": "http_request_completed", "level": "info", "method": "GET", "outcome": "success", "path": "/api/v1/runs/b5c67acc-1308-49d5-bac6-838cd54997e1", "request_id": "6583619a-cee8-4479-a49d-4af206bc090f", "status_code": 200, "tenant_id": "af38dd83-ad35-4947-b935-ca7cc6357e17", "timestamp": "2026-08-08T08:11:20.610265Z", "trace_id": "bf63a29d28d872e77e9e16b38b27855b"}
api-1       | {"event": "Context impl PostgresqlImpl.", "level": "info", "request_id": "f539d20c-004c-4d58-acba-3da4f9746516", "timestamp": "2026-08-08T08:11:21.105887Z", "trace_id": "1a1231742d94d9012beb031737e00168"}
api-1       | {"event": "Will assume transactional DDL.", "level": "info", "request_id": "f539d20c-004c-4d58-acba-3da4f9746516", "timestamp": "2026-08-08T08:11:21.106206Z", "trace_id": "1a1231742d94d9012beb031737e00168"}
api-1       | INFO:     127.0.0.1:59086 - "GET /health/ready HTTP/1.1" 200 OK
api-1       | {"duration_ms": 17.136, "event": "http_request_completed", "level": "info", "method": "GET", "outcome": "success", "path": "/health/ready", "request_id": "f539d20c-004c-4d58-acba-3da4f9746516", "status_code": 200, "timestamp": "2026-08-08T08:11:21.111325Z", "trace_id": "1a1231742d94d9012beb031737e00168"}
api-1       | INFO:     172.18.0.1:38316 - "GET /api/v1/runs/b5c67acc-1308-49d5-bac6-838cd54997e1 HTTP/1.1" 200 OK
api-1       | {"api_key_prefix": "evk_f2eea7ceb47c", "duration_ms": 42.254, "event": "http_request_completed", "level": "info", "method": "GET", "outcome": "success", "path": "/api/v1/runs/b5c67acc-1308-49d5-bac6-838cd54997e1", "request_id": "4bf5ea50-558c-4fd8-8daf-df7c507519c3", "status_code": 200, "tenant_id": "af38dd83-ad35-4947-b935-ca7cc6357e17", "timestamp": "2026-08-08T08:11:21.154690Z", "trace_id": "5118631f78635ea89dc6c43c96e5289e"}
api-1       | INFO:     172.18.0.1:38316 - "GET /api/v1/runs/b5c67acc-1308-49d5-bac6-838cd54997e1 HTTP/1.1" 200 OK
api-1       | {"api_key_prefix": "evk_f2eea7ceb47c", "duration_ms": 41.653, "event": "http_request_completed", "level": "info", "method": "GET", "outcome": "success", "path": "/api/v1/runs/b5c67acc-1308-49d5-bac6-838cd54997e1", "request_id": "fee755d6-4d23-4dda-8206-01849b9f156b", "status_code": 200, "tenant_id": "af38dd83-ad35-4947-b935-ca7cc6357e17", "timestamp": "2026-08-08T08:11:21.698828Z", "trace_id": "a9925c0eaa3507681894a966c7131b64"}
api-1       | INFO:     172.18.0.1:38316 - "GET /api/v1/runs/b5c67acc-1308-49d5-bac6-838cd54997e1 HTTP/1.1" 200 OK
api-1       | {"api_key_prefix": "evk_f2eea7ceb47c", "duration_ms": 41.004, "event": "http_request_completed", "level": "info", "method": "GET", "outcome": "success", "path": "/api/v1/runs/b5c67acc-1308-49d5-bac6-838cd54997e1", "request_id": "bd86320b-90bc-41b5-ac11-3119feaf5fa1", "status_code": 200, "tenant_id": "af38dd83-ad35-4947-b935-ca7cc6357e17", "timestamp": "2026-08-08T08:11:22.242219Z", "trace_id": "90e802e85d75cb12acea2e07f62debc8"}
api-1       | INFO:     172.18.0.1:38316 - "GET /api/v1/runs/b5c67acc-1308-49d5-bac6-838cd54997e1 HTTP/1.1" 200 OK
api-1       | {"api_key_prefix": "evk_f2eea7ceb47c", "duration_ms": 41.334, "event": "http_request_completed", "level": "info", "method": "GET", "outcome": "success", "path": "/api/v1/runs/b5c67acc-1308-49d5-bac6-838cd54997e1", "request_id": "7fadb689-9442-4774-a878-cb4442d3e17c", "status_code": 200, "tenant_id": "af38dd83-ad35-4947-b935-ca7cc6357e17", "timestamp": "2026-08-08T08:11:22.786007Z", "trace_id": "2e32773dcae67bb7e1c212e04a3b02f6"}
api-1       | INFO:     172.18.0.1:38316 - "GET /api/v1/runs/b5c67acc-1308-49d5-bac6-838cd54997e1 HTTP/1.1" 200 OK
api-1       | {"api_key_prefix": "evk_f2eea7ceb47c", "duration_ms": 43.921, "event": "http_request_completed", "level": "info", "method": "GET", "outcome": "success", "path": "/api/v1/runs/b5c67acc-1308-49d5-bac6-838cd54997e1", "request_id": "35c21cae-923c-4f4b-bb94-d9e38407bde1", "status_code": 200, "tenant_id": "af38dd83-ad35-4947-b935-ca7cc6357e17", "timestamp": "2026-08-08T08:11:23.332285Z", "trace_id": "c3a80e5383fba002bad31222ec62fcbf"}
api-1       | INFO:     172.18.0.1:38316 - "GET /api/v1/runs/b5c67acc-1308-49d5-bac6-838cd54997e1 HTTP/1.1" 200 OK
api-1       | {"api_key_prefix": "evk_f2eea7ceb47c", "duration_ms": 41.573, "event": "http_request_completed", "level": "info", "method": "GET", "outcome": "success", "path": "/api/v1/runs/b5c67acc-1308-49d5-bac6-838cd54997e1", "request_id": "0b542ad6-a0a2-4f3d-97f6-7d86df84ead7", "status_code": 200, "tenant_id": "af38dd83-ad35-4947-b935-ca7cc6357e17", "timestamp": "2026-08-08T08:11:23.876316Z", "trace_id": "7ee4f5a95d98e2fa00531c48faf5fa42"}
api-1       | {"claimed": 1, "event": "outbox_dispatch_batch_completed", "lease_lost": 0, "level": "info", "published": 1, "retry_scheduled": 0, "role": "outbox_dispatcher", "timestamp": "2026-08-08T08:11:24.322786Z"}
api-1       | INFO:     172.18.0.1:38316 - "GET /api/v1/runs/b5c67acc-1308-49d5-bac6-838cd54997e1 HTTP/1.1" 200 OK
api-1       | {"api_key_prefix": "evk_f2eea7ceb47c", "duration_ms": 40.52, "event": "http_request_completed", "level": "info", "method": "GET", "outcome": "success", "path": "/api/v1/runs/b5c67acc-1308-49d5-bac6-838cd54997e1", "request_id": "57ce9768-30f6-4913-b116-148ac99ff7e2", "status_code": 200, "tenant_id": "af38dd83-ad35-4947-b935-ca7cc6357e17", "timestamp": "2026-08-08T08:11:24.419200Z", "trace_id": "ca4036123dfc1b8aedf3c5ea3d72d111"}
api-1       | INFO:     172.18.0.1:38316 - "GET /api/v1/runs/b5c67acc-1308-49d5-bac6-838cd54997e1 HTTP/1.1" 200 OK
api-1       | {"api_key_prefix": "evk_f2eea7ceb47c", "duration_ms": 41.03, "event": "http_request_completed", "level": "info", "method": "GET", "outcome": "success", "path": "/api/v1/runs/b5c67acc-1308-49d5-bac6-838cd54997e1", "request_id": "da6e000f-6c1d-44c4-8a1f-3829309f1ed6", "status_code": 200, "tenant_id": "af38dd83-ad35-4947-b935-ca7cc6357e17", "timestamp": "2026-08-08T08:11:24.962668Z", "trace_id": "f84e978861d8a1e312ffae6fa766b390"}
api-1       | {"claimed": 1, "event": "outbox_dispatch_batch_completed", "lease_lost": 0, "level": "info", "published": 1, "retry_scheduled": 0, "role": "outbox_dispatcher", "timestamp": "2026-08-08T08:11:25.333037Z"}
api-1       | INFO:     172.18.0.1:38316 - "GET /api/v1/runs/b5c67acc-1308-49d5-bac6-838cd54997e1 HTTP/1.1" 200 OK
api-1       | {"api_key_prefix": "evk_f2eea7ceb47c", "duration_ms": 40.465, "event": "http_request_completed", "level": "info", "method": "GET", "outcome": "success", "path": "/api/v1/runs/b5c67acc-1308-49d5-bac6-838cd54997e1", "request_id": "83e2307c-571e-45f9-b0bb-4a26892c09b3", "status_code": 200, "tenant_id": "af38dd83-ad35-4947-b935-ca7cc6357e17", "timestamp": "2026-08-08T08:11:25.505512Z", "trace_id": "d84e8646484b35ef7ea1e9cdade4f123"}
api-1       | INFO:     172.18.0.1:38316 - "GET /api/v1/runs/b5c67acc-1308-49d5-bac6-838cd54997e1 HTTP/1.1" 200 OK
api-1       | {"api_key_prefix": "evk_f2eea7ceb47c", "duration_ms": 40.885, "event": "http_request_completed", "level": "info", "method": "GET", "outcome": "success", "path": "/api/v1/runs/b5c67acc-1308-49d5-bac6-838cd54997e1", "request_id": "fba8ec0d-9ef7-4c9d-b15a-c9d9f6e2ce40", "status_code": 200, "tenant_id": "af38dd83-ad35-4947-b935-ca7cc6357e17", "timestamp": "2026-08-08T08:11:26.048837Z", "trace_id": "9db88c96d0115803189e689c3decd53c"}
api-1       | {"event": "Context impl PostgresqlImpl.", "level": "info", "request_id": "16bb00dc-72c0-4460-8b88-453e01505461", "timestamp": "2026-08-08T08:11:26.346200Z", "trace_id": "fa7625f5ed42176f967291ceaaeacf92"}
api-1       | {"event": "Will assume transactional DDL.", "level": "info", "request_id": "16bb00dc-72c0-4460-8b88-453e01505461", "timestamp": "2026-08-08T08:11:26.346298Z", "trace_id": "fa7625f5ed42176f967291ceaaeacf92"}
api-1       | INFO:     127.0.0.1:54084 - "GET /health/ready HTTP/1.1" 200 OK
api-1       | {"duration_ms": 15.482, "event": "http_request_completed", "level": "info", "method": "GET", "outcome": "success", "path": "/health/ready", "request_id": "16bb00dc-72c0-4460-8b88-453e01505461", "status_code": 200, "timestamp": "2026-08-08T08:11:26.347990Z", "trace_id": "fa7625f5ed42176f967291ceaaeacf92"}
api-1       | INFO:     172.18.0.1:38316 - "GET /api/v1/runs/b5c67acc-1308-49d5-bac6-838cd54997e1 HTTP/1.1" 200 OK
api-1       | {"api_key_prefix": "evk_f2eea7ceb47c", "duration_ms": 41.48, "event": "http_request_completed", "level": "info", "method": "GET", "outcome": "success", "path": "/api/v1/runs/b5c67acc-1308-49d5-bac6-838cd54997e1", "request_id": "28ddee55-0ea9-4672-8c1d-60f962fea4c2", "status_code": 200, "tenant_id": "af38dd83-ad35-4947-b935-ca7cc6357e17", "timestamp": "2026-08-08T08:11:26.592645Z", "trace_id": "e0eac659840ecda351cd2c2ed4ac7101"}
api-1       | INFO:     172.18.0.1:38316 - "GET /api/v1/runs/b5c67acc-1308-49d5-bac6-838cd54997e1 HTTP/1.1" 200 OK
api-1       | {"api_key_prefix": "evk_f2eea7ceb47c", "duration_ms": 41.37, "event": "http_request_completed", "level": "info", "method": "GET", "outcome": "success", "path": "/api/v1/runs/b5c67acc-1308-49d5-bac6-838cd54997e1", "request_id": "857f64e7-3750-4677-98de-cf213a8c0c34", "status_code": 200, "tenant_id": "af38dd83-ad35-4947-b935-ca7cc6357e17", "timestamp": "2026-08-08T08:11:27.136370Z", "trace_id": "2e4b9cdd0edc60e71df4a8d9523fcbbe"}
api-1       | INFO:     172.18.0.1:38316 - "GET /api/v1/runs/b5c67acc-1308-49d5-bac6-838cd54997e1 HTTP/1.1" 200 OK
api-1       | {"api_key_prefix": "evk_f2eea7ceb47c", "duration_ms": 55.335, "event": "http_request_completed", "level": "info", "method": "GET", "outcome": "success", "path": "/api/v1/runs/b5c67acc-1308-49d5-bac6-838cd54997e1", "request_id": "c65b147b-3c5c-453f-8b67-81ad23a3ea12", "status_code": 200, "tenant_id": "af38dd83-ad35-4947-b935-ca7cc6357e17", "timestamp": "2026-08-08T08:11:27.694230Z", "trace_id": "c161f63a1699584e6a9e79d7e3ca1483"}
api-1       | INFO:     172.18.0.1:38316 - "GET /api/v1/runs/b5c67acc-1308-49d5-bac6-838cd54997e1 HTTP/1.1" 200 OK
api-1       | {"api_key_prefix": "evk_f2eea7ceb47c", "duration_ms": 41.609, "event": "http_request_completed", "level": "info", "method": "GET", "outcome": "success", "path": "/api/v1/runs/b5c67acc-1308-49d5-bac6-838cd54997e1", "request_id": "e4898a42-791c-4b3e-a3f1-7e3f42d7293b", "status_code": 200, "tenant_id": "af38dd83-ad35-4947-b935-ca7cc6357e17", "timestamp": "2026-08-08T08:11:28.238702Z", "trace_id": "1f4509875c81818f36394efdecc7da1a"}
api-1       | INFO:     172.18.0.1:38316 - "GET /api/v1/runs/b5c67acc-1308-49d5-bac6-838cd54997e1 HTTP/1.1" 200 OK
api-1       | {"api_key_prefix": "evk_f2eea7ceb47c", "duration_ms": 42.615, "event": "http_request_completed", "level": "info", "method": "GET", "outcome": "success", "path": "/api/v1/runs/b5c67acc-1308-49d5-bac6-838cd54997e1", "request_id": "98bf44c8-00b4-4112-88d6-f3030f7ae2ed", "status_code": 200, "tenant_id": "af38dd83-ad35-4947-b935-ca7cc6357e17", "timestamp": "2026-08-08T08:11:28.783803Z", "trace_id": "bcdbc94fcff66b80c61bef99950c8b89"}
api-1       | INFO:     172.18.0.1:38316 - "GET /api/v1/runs/b5c67acc-1308-49d5-bac6-838cd54997e1 HTTP/1.1" 200 OK
api-1       | {"api_key_prefix": "evk_f2eea7ceb47c", "duration_ms": 41.391, "event": "http_request_completed", "level": "info", "method": "GET", "outcome": "success", "path": "/api/v1/runs/b5c67acc-1308-49d5-bac6-838cd54997e1", "request_id": "97219c5a-a623-4273-89a2-ed4b4c01c094", "status_code": 200, "tenant_id": "af38dd83-ad35-4947-b935-ca7cc6357e17", "timestamp": "2026-08-08T08:11:29.327624Z", "trace_id": "5c93bc6dbd605b18607c82459a4136fc"}
api-1       | INFO:     172.18.0.1:38316 - "GET /api/v1/runs/b5c67acc-1308-49d5-bac6-838cd54997e1 HTTP/1.1" 200 OK
api-1       | {"api_key_prefix": "evk_f2eea7ceb47c", "duration_ms": 41.552, "event": "http_request_completed", "level": "info", "method": "GET", "outcome": "success", "path": "/api/v1/runs/b5c67acc-1308-49d5-bac6-838cd54997e1", "request_id": "f74aeb16-99bb-4639-b1d0-4b19e586c9b0", "status_code": 200, "tenant_id": "af38dd83-ad35-4947-b935-ca7cc6357e17", "timestamp": "2026-08-08T08:11:29.871786Z", "trace_id": "2ece6730a9d35700ce75d8c40a534bd0"}
api-1       | {"claimed": 2, "event": "outbox_dispatch_batch_completed", "lease_lost": 0, "level": "info", "published": 2, "retry_scheduled": 0, "role": "outbox_dispatcher", "timestamp": "2026-08-08T08:11:30.369360Z"}
api-1       | INFO:     172.18.0.1:38316 - "GET /api/v1/runs/b5c67acc-1308-49d5-bac6-838cd54997e1 HTTP/1.1" 200 OK
api-1       | {"api_key_prefix": "evk_f2eea7ceb47c", "duration_ms": 40.694, "event": "http_request_completed", "level": "info", "method": "GET", "outcome": "success", "path": "/api/v1/runs/b5c67acc-1308-49d5-bac6-838cd54997e1", "request_id": "fd0d462e-2834-4420-9660-7cb523a7af71", "status_code": 200, "tenant_id": "af38dd83-ad35-4947-b935-ca7cc6357e17", "timestamp": "2026-08-08T08:11:30.414721Z", "trace_id": "c7f1126cc33dec1280cb98f0f315a141"}
api-1       | INFO:     172.18.0.1:38316 - "POST /api/v1/datasets HTTP/1.1" 201 Created
api-1       | {"api_key_prefix": "evk_f2eea7ceb47c", "duration_ms": 42.285, "event": "http_request_completed", "level": "info", "method": "POST", "outcome": "success", "path": "/api/v1/datasets", "request_id": "2636e0fb-32c5-4284-b32e-42ab21779364", "status_code": 201, "tenant_id": "af38dd83-ad35-4947-b935-ca7cc6357e17", "timestamp": "2026-08-08T08:11:31.144595Z", "trace_id": "ece20405ae9a44f0bc22ed71450e4dea"}
api-1       | INFO:     172.18.0.1:38316 - "POST /api/v1/datasets/ab7a0d82-e30f-4172-b74f-33562971fcde/versions HTTP/1.1" 201 Created
api-1       | {"api_key_prefix": "evk_f2eea7ceb47c", "duration_ms": 48.474, "event": "http_request_completed", "level": "info", "method": "POST", "outcome": "success", "path": "/api/v1/datasets/ab7a0d82-e30f-4172-b74f-33562971fcde/versions", "request_id": "161be8d3-7924-47dd-98cd-1f09cc8e3992", "status_code": 201, "tenant_id": "af38dd83-ad35-4947-b935-ca7cc6357e17", "timestamp": "2026-08-08T08:11:31.194568Z", "trace_id": "f9e7c0cd8705377a2aece0e241a50b5d"}
api-1       | INFO:     172.18.0.1:38316 - "POST /api/v1/runs HTTP/1.1" 202 Accepted
api-1       | {"api_key_prefix": "evk_f2eea7ceb47c", "duration_ms": 45.459, "event": "http_request_completed", "level": "info", "method": "POST", "outcome": "success", "path": "/api/v1/runs", "request_id": "ba9dead3-8c59-4141-9dda-f7058628a6fa", "status_code": 202, "tenant_id": "af38dd83-ad35-4947-b935-ca7cc6357e17", "timestamp": "2026-08-08T08:11:31.241373Z", "trace_id": "88b538a202206554ff3560707b8dfb3c"}
api-1       | INFO:     172.18.0.1:38316 - "POST /api/v1/datasets HTTP/1.1" 201 Created
api-1       | {"api_key_prefix": "evk_f2eea7ceb47c", "duration_ms": 42.619, "event": "http_request_completed", "level": "info", "method": "POST", "outcome": "success", "path": "/api/v1/datasets", "request_id": "2f3a4d94-5f2c-4565-ac0b-54ca322483d9", "status_code": 201, "tenant_id": "af38dd83-ad35-4947-b935-ca7cc6357e17", "timestamp": "2026-08-08T08:11:31.357973Z", "trace_id": "350659d6b4fe3d72ab5fb636d90ca054"}
api-1       | {"claimed": 2, "event": "outbox_dispatch_batch_completed", "lease_lost": 0, "level": "info", "published": 2, "retry_scheduled": 0, "role": "outbox_dispatcher", "timestamp": "2026-08-08T08:11:31.383919Z"}
api-1       | INFO:     172.18.0.1:38316 - "POST /api/v1/datasets/487340d3-27dc-47ca-a092-b792b1a90ce2/versions HTTP/1.1" 201 Created
api-1       | {"api_key_prefix": "evk_f2eea7ceb47c", "duration_ms": 53.241, "event": "http_request_completed", "level": "info", "method": "POST", "outcome": "success", "path": "/api/v1/datasets/487340d3-27dc-47ca-a092-b792b1a90ce2/versions", "request_id": "39738658-ec7c-4c1d-aee1-f5774bdb9161", "status_code": 201, "tenant_id": "af38dd83-ad35-4947-b935-ca7cc6357e17", "timestamp": "2026-08-08T08:11:31.412792Z", "trace_id": "04bb85ebe3be2b34be17dca900c358cd"}
api-1       | INFO:     172.18.0.1:38316 - "POST /api/v1/runs HTTP/1.1" 202 Accepted
api-1       | {"api_key_prefix": "evk_f2eea7ceb47c", "duration_ms": 100.212, "event": "http_request_completed", "level": "info", "method": "POST", "outcome": "success", "path": "/api/v1/runs", "request_id": "3b846396-36e1-458c-8b74-c5905f854525", "status_code": 202, "tenant_id": "af38dd83-ad35-4947-b935-ca7cc6357e17", "timestamp": "2026-08-08T08:11:31.514768Z", "trace_id": "19c38fa2715553ae06c3a158339485b9"}
api-1       | INFO:     172.18.0.1:38316 - "POST /api/v1/datasets HTTP/1.1" 201 Created
api-1       | {"api_key_prefix": "evk_f2eea7ceb47c", "duration_ms": 80.261, "event": "http_request_completed", "level": "info", "method": "POST", "outcome": "success", "path": "/api/v1/datasets", "request_id": "70b213d5-f67a-4e66-a57f-ff49a61819a6", "status_code": 201, "tenant_id": "af38dd83-ad35-4947-b935-ca7cc6357e17", "timestamp": "2026-08-08T08:11:31.674566Z", "trace_id": "6f88dc8e472dee2556e59eb83b1d816f"}
api-1       | INFO:     172.18.0.1:38316 - "POST /api/v1/datasets/f26a2a2e-0f90-4c82-99b3-4b2cf15db4ee/versions HTTP/1.1" 201 Created
api-1       | {"api_key_prefix": "evk_f2eea7ceb47c", "duration_ms": 106.381, "event": "http_request_completed", "level": "info", "method": "POST", "outcome": "success", "path": "/api/v1/datasets/f26a2a2e-0f90-4c82-99b3-4b2cf15db4ee/versions", "request_id": "4536a93e-782f-489b-a053-7a8e7306a9ae", "status_code": 201, "tenant_id": "af38dd83-ad35-4947-b935-ca7cc6357e17", "timestamp": "2026-08-08T08:11:31.782776Z", "trace_id": "8a2e32124362c674344924bda44ed257"}
api-1       | {"event": "Context impl PostgresqlImpl.", "level": "info", "request_id": "8645aecd-0b31-44f5-959b-b7a72bc8dbb4", "timestamp": "2026-08-08T08:11:31.797748Z", "trace_id": "9775a6c0a93c7b7664b3627b530ee9e3"}
api-1       | {"event": "Will assume transactional DDL.", "level": "info", "request_id": "8645aecd-0b31-44f5-959b-b7a72bc8dbb4", "timestamp": "2026-08-08T08:11:31.797841Z", "trace_id": "9775a6c0a93c7b7664b3627b530ee9e3"}
api-1       | INFO:     127.0.0.1:54096 - "GET /health/ready HTTP/1.1" 200 OK
api-1       | {"duration_ms": 13.863, "event": "http_request_completed", "level": "info", "method": "GET", "outcome": "success", "path": "/health/ready", "request_id": "8645aecd-0b31-44f5-959b-b7a72bc8dbb4", "status_code": 200, "timestamp": "2026-08-08T08:11:31.799757Z", "trace_id": "9775a6c0a93c7b7664b3627b530ee9e3"}
api-1       | INFO:     172.18.0.1:38316 - "POST /api/v1/runs HTTP/1.1" 202 Accepted
api-1       | {"api_key_prefix": "evk_f2eea7ceb47c", "duration_ms": 87.262, "event": "http_request_completed", "level": "info", "method": "POST", "outcome": "success", "path": "/api/v1/runs", "request_id": "c77feac9-96b7-4af9-a342-2dd2e5819197", "status_code": 202, "tenant_id": "af38dd83-ad35-4947-b935-ca7cc6357e17", "timestamp": "2026-08-08T08:11:31.871895Z", "trace_id": "17c9e8776979087c56039371aa4ac645"}
api-1       | {"claimed": 2, "event": "outbox_dispatch_batch_completed", "lease_lost": 0, "level": "info", "published": 2, "retry_scheduled": 0, "role": "outbox_dispatcher", "timestamp": "2026-08-08T08:11:31.892926Z"}
api-1       | INFO:     172.18.0.1:38316 - "POST /api/v1/datasets HTTP/1.1" 201 Created
api-1       | {"api_key_prefix": "evk_f2eea7ceb47c", "duration_ms": 42.244, "event": "http_request_completed", "level": "info", "method": "POST", "outcome": "success", "path": "/api/v1/datasets", "request_id": "409a8bf2-7e16-48a7-90a7-7950f2eec14c", "status_code": 201, "tenant_id": "af38dd83-ad35-4947-b935-ca7cc6357e17", "timestamp": "2026-08-08T08:11:31.991193Z", "trace_id": "7ae6077cd2c0fd0f90a97caa6405eced"}
api-1       | INFO:     172.18.0.1:38316 - "POST /api/v1/datasets/058725c1-e8fc-4a52-91d9-524694cf7f6a/versions HTTP/1.1" 201 Created
api-1       | {"api_key_prefix": "evk_f2eea7ceb47c", "duration_ms": 47.682, "event": "http_request_completed", "level": "info", "method": "POST", "outcome": "success", "path": "/api/v1/datasets/058725c1-e8fc-4a52-91d9-524694cf7f6a/versions", "request_id": "823029b0-5a45-4347-a01e-1f792f62248b", "status_code": 201, "tenant_id": "af38dd83-ad35-4947-b935-ca7cc6357e17", "timestamp": "2026-08-08T08:11:32.040354Z", "trace_id": "c0253f8932685f399cd62ef0578c3c50"}
api-1       | INFO:     172.18.0.1:38316 - "POST /api/v1/runs HTTP/1.1" 202 Accepted
api-1       | {"api_key_prefix": "evk_f2eea7ceb47c", "duration_ms": 52.24, "event": "http_request_completed", "level": "info", "method": "POST", "outcome": "success", "path": "/api/v1/runs", "request_id": "2f97a780-a103-4db0-b91e-f15363aee3be", "status_code": 202, "tenant_id": "af38dd83-ad35-4947-b935-ca7cc6357e17", "timestamp": "2026-08-08T08:11:32.094032Z", "trace_id": "96711585f55a3568fa568081942c375f"}
api-1       | {"claimed": 23, "event": "outbox_dispatch_batch_completed", "lease_lost": 0, "level": "info", "published": 23, "retry_scheduled": 0, "role": "outbox_dispatcher", "timestamp": "2026-08-08T08:11:32.501334Z"}
api-1       | {"claimed": 1, "event": "outbox_dispatch_batch_completed", "lease_lost": 0, "level": "info", "published": 1, "retry_scheduled": 0, "role": "outbox_dispatcher", "timestamp": "2026-08-08T08:11:34.523716Z"}
api-1       | INFO:     172.18.0.1:38316 - "POST /api/v1/datasets HTTP/1.1" 201 Created
api-1       | {"api_key_prefix": "evk_f2eea7ceb47c", "duration_ms": 45.661, "event": "http_request_completed", "level": "info", "method": "POST", "outcome": "success", "path": "/api/v1/datasets", "request_id": "32e30cf8-714a-4570-8630-8e7d914168e5", "status_code": 201, "tenant_id": "af38dd83-ad35-4947-b935-ca7cc6357e17", "timestamp": "2026-08-08T08:11:34.693445Z", "trace_id": "b57e6bb7fc6cb5fb146dbe2908db2cff"}
api-1       | INFO:     172.18.0.1:38316 - "POST /api/v1/datasets/562fd9f6-0539-47a0-b68a-a1917bf2b3e9/versions HTTP/1.1" 201 Created
api-1       | {"api_key_prefix": "evk_f2eea7ceb47c", "duration_ms": 54.568, "event": "http_request_completed", "level": "info", "method": "POST", "outcome": "success", "path": "/api/v1/datasets/562fd9f6-0539-47a0-b68a-a1917bf2b3e9/versions", "request_id": "bd889f2b-1959-4cd5-974a-f4b6d914f948", "status_code": 201, "tenant_id": "af38dd83-ad35-4947-b935-ca7cc6357e17", "timestamp": "2026-08-08T08:11:34.749578Z", "trace_id": "4e049039052a8529ee6224ff6cd75889"}
api-1       | INFO:     172.18.0.1:38316 - "POST /api/v1/runs HTTP/1.1" 202 Accepted
api-1       | {"api_key_prefix": "evk_f2eea7ceb47c", "duration_ms": 50.174, "event": "http_request_completed", "level": "info", "method": "POST", "outcome": "success", "path": "/api/v1/runs", "request_id": "fa048de1-4f93-4e1d-8d3d-3dd582759b97", "status_code": 202, "tenant_id": "af38dd83-ad35-4947-b935-ca7cc6357e17", "timestamp": "2026-08-08T08:11:34.801338Z", "trace_id": "6e6ba15efc1414f2da0c97d34ab35c69"}
api-1       | INFO:     172.18.0.1:38316 - "GET /api/v1/runs/9425eb6b-8cbf-4253-9100-e59755ff08b1 HTTP/1.1" 200 OK
api-1       | {"api_key_prefix": "evk_f2eea7ceb47c", "duration_ms": 42.398, "event": "http_request_completed", "level": "info", "method": "GET", "outcome": "success", "path": "/api/v1/runs/9425eb6b-8cbf-4253-9100-e59755ff08b1", "request_id": "b58ae2d7-8f2b-47a3-b588-5455af75b948", "status_code": 200, "tenant_id": "af38dd83-ad35-4947-b935-ca7cc6357e17", "timestamp": "2026-08-08T08:11:34.845449Z", "trace_id": "c151af8825055b4348c6fde40fd3da12"}
api-1       | {"error_type": "ConnectionError", "event": "progress_event_publish_failed", "event_type": "job_retried", "level": "warning", "run_id": "6646ed88-8b66-4c75-9f18-d8bfc83fc52d", "tenant_id": "af38dd83-ad35-4947-b935-ca7cc6357e17", "timestamp": "2026-08-08T08:11:35.036829Z"}
api-1       | {"error_type": "ConnectionError", "event": "progress_event_publish_failed", "event_type": "job_retried", "level": "warning", "run_id": "af197914-d45c-4ec8-a31d-fa5dc7f386f3", "tenant_id": "af38dd83-ad35-4947-b935-ca7cc6357e17", "timestamp": "2026-08-08T08:11:35.038864Z"}
api-1       | {"claimed": 2, "event": "outbox_dispatch_batch_completed", "lease_lost": 0, "level": "info", "published": 0, "retry_scheduled": 2, "role": "outbox_dispatcher", "timestamp": "2026-08-08T08:11:35.042597Z"}
api-1       | INFO:     172.18.0.1:38316 - "GET /api/v1/runs/9425eb6b-8cbf-4253-9100-e59755ff08b1 HTTP/1.1" 200 OK
api-1       | {"api_key_prefix": "evk_f2eea7ceb47c", "duration_ms": 55.196, "event": "http_request_completed", "level": "info", "method": "GET", "outcome": "success", "path": "/api/v1/runs/9425eb6b-8cbf-4253-9100-e59755ff08b1", "request_id": "344770a6-3b52-4f2e-9aff-3222d575a41d", "status_code": 200, "tenant_id": "af38dd83-ad35-4947-b935-ca7cc6357e17", "timestamp": "2026-08-08T08:11:35.402961Z", "trace_id": "d584d89bd9b4a417cc1aebd1b641c3d1"}
api-1       | {"error_type": "ConnectionError", "event": "progress_event_publish_failed", "event_type": "job_retried", "level": "warning", "run_id": "18e6f0e2-6203-495c-ae50-1b29ec230e8d", "tenant_id": "af38dd83-ad35-4947-b935-ca7cc6357e17", "timestamp": "2026-08-08T08:11:35.557482Z"}
api-1       | {"error_type": "ConnectionError", "event": "progress_event_publish_failed", "event_type": "job_retried", "level": "warning", "run_id": "18e6f0e2-6203-495c-ae50-1b29ec230e8d", "tenant_id": "af38dd83-ad35-4947-b935-ca7cc6357e17", "timestamp": "2026-08-08T08:11:35.558624Z"}
api-1       | {"error_type": "ConnectionError", "event": "progress_event_publish_failed", "event_type": "job_retried", "level": "warning", "run_id": "18e6f0e2-6203-495c-ae50-1b29ec230e8d", "tenant_id": "af38dd83-ad35-4947-b935-ca7cc6357e17", "timestamp": "2026-08-08T08:11:35.559516Z"}
api-1       | {"error_type": "ConnectionError", "event": "progress_event_publish_failed", "event_type": "job_retried", "level": "warning", "run_id": "18e6f0e2-6203-495c-ae50-1b29ec230e8d", "tenant_id": "af38dd83-ad35-4947-b935-ca7cc6357e17", "timestamp": "2026-08-08T08:11:35.560200Z"}
api-1       | {"error_type": "ConnectionError", "event": "progress_event_publish_failed", "event_type": "job_retried", "level": "warning", "run_id": "18e6f0e2-6203-495c-ae50-1b29ec230e8d", "tenant_id": "af38dd83-ad35-4947-b935-ca7cc6357e17", "timestamp": "2026-08-08T08:11:35.560827Z"}
api-1       | {"error_type": "ConnectionError", "event": "progress_event_publish_failed", "event_type": "job_retried", "level": "warning", "run_id": "18e6f0e2-6203-495c-ae50-1b29ec230e8d", "tenant_id": "af38dd83-ad35-4947-b935-ca7cc6357e17", "timestamp": "2026-08-08T08:11:35.562539Z"}
api-1       | {"error_type": "ConnectionError", "event": "progress_event_publish_failed", "event_type": "job_retried", "level": "warning", "run_id": "18e6f0e2-6203-495c-ae50-1b29ec230e8d", "tenant_id": "af38dd83-ad35-4947-b935-ca7cc6357e17", "timestamp": "2026-08-08T08:11:35.563379Z"}
api-1       | {"error_type": "ConnectionError", "event": "progress_event_publish_failed", "event_type": "job_retried", "level": "warning", "run_id": "18e6f0e2-6203-495c-ae50-1b29ec230e8d", "tenant_id": "af38dd83-ad35-4947-b935-ca7cc6357e17", "timestamp": "2026-08-08T08:11:35.564160Z"}
api-1       | {"error_type": "ConnectionError", "event": "progress_event_publish_failed", "event_type": "job_retried", "level": "warning", "run_id": "18e6f0e2-6203-495c-ae50-1b29ec230e8d", "tenant_id": "af38dd83-ad35-4947-b935-ca7cc6357e17", "timestamp": "2026-08-08T08:11:35.565075Z"}
api-1       | {"error_type": "ConnectionError", "event": "progress_event_publish_failed", "event_type": "job_retried", "level": "warning", "run_id": "18e6f0e2-6203-495c-ae50-1b29ec230e8d", "tenant_id": "af38dd83-ad35-4947-b935-ca7cc6357e17", "timestamp": "2026-08-08T08:11:35.565851Z"}
api-1       | {"error_type": "ConnectionError", "event": "progress_event_publish_failed", "event_type": "job_retried", "level": "warning", "run_id": "18e6f0e2-6203-495c-ae50-1b29ec230e8d", "tenant_id": "af38dd83-ad35-4947-b935-ca7cc6357e17", "timestamp": "2026-08-08T08:11:35.566401Z"}
api-1       | {"error_type": "ConnectionError", "event": "progress_event_publish_failed", "event_type": "job_retried", "level": "warning", "run_id": "18e6f0e2-6203-495c-ae50-1b29ec230e8d", "tenant_id": "af38dd83-ad35-4947-b935-ca7cc6357e17", "timestamp": "2026-08-08T08:11:35.567232Z"}
api-1       | {"error_type": "ConnectionError", "event": "progress_event_publish_failed", "event_type": "job_retried", "level": "warning", "run_id": "18e6f0e2-6203-495c-ae50-1b29ec230e8d", "tenant_id": "af38dd83-ad35-4947-b935-ca7cc6357e17", "timestamp": "2026-08-08T08:11:35.567806Z"}
api-1       | {"error_type": "ConnectionError", "event": "progress_event_publish_failed", "event_type": "job_retried", "level": "warning", "run_id": "18e6f0e2-6203-495c-ae50-1b29ec230e8d", "tenant_id": "af38dd83-ad35-4947-b935-ca7cc6357e17", "timestamp": "2026-08-08T08:11:35.568341Z"}
api-1       | {"error_type": "ConnectionError", "event": "progress_event_publish_failed", "event_type": "job_retried", "level": "warning", "run_id": "18e6f0e2-6203-495c-ae50-1b29ec230e8d", "tenant_id": "af38dd83-ad35-4947-b935-ca7cc6357e17", "timestamp": "2026-08-08T08:11:35.568887Z"}
api-1       | {"error_type": "ConnectionError", "event": "progress_event_publish_failed", "event_type": "job_retried", "level": "warning", "run_id": "18e6f0e2-6203-495c-ae50-1b29ec230e8d", "tenant_id": "af38dd83-ad35-4947-b935-ca7cc6357e17", "timestamp": "2026-08-08T08:11:35.569402Z"}
api-1       | {"error_type": "ConnectionError", "event": "progress_event_publish_failed", "event_type": "job_progress", "level": "warning", "run_id": "9425eb6b-8cbf-4253-9100-e59755ff08b1", "tenant_id": "af38dd83-ad35-4947-b935-ca7cc6357e17", "timestamp": "2026-08-08T08:11:35.575258Z"}
api-1       | {"error_type": "ConnectionError", "event": "progress_event_publish_failed", "event_type": "run_started", "level": "warning", "run_id": "9425eb6b-8cbf-4253-9100-e59755ff08b1", "tenant_id": "af38dd83-ad35-4947-b935-ca7cc6357e17", "timestamp": "2026-08-08T08:11:35.576121Z"}
api-1       | {"error_type": "ConnectionError", "event": "progress_event_publish_failed", "event_type": "job_retried", "level": "warning", "run_id": "18e6f0e2-6203-495c-ae50-1b29ec230e8d", "tenant_id": "af38dd83-ad35-4947-b935-ca7cc6357e17", "timestamp": "2026-08-08T08:11:35.576798Z"}
api-1       | {"error_type": "ConnectionError", "event": "progress_event_publish_failed", "event_type": "job_retried", "level": "warning", "run_id": "18e6f0e2-6203-495c-ae50-1b29ec230e8d", "tenant_id": "af38dd83-ad35-4947-b935-ca7cc6357e17", "timestamp": "2026-08-08T08:11:35.577389Z"}
api-1       | {"error_type": "ConnectionError", "event": "progress_event_publish_failed", "event_type": "job_progress", "level": "warning", "run_id": "9425eb6b-8cbf-4253-9100-e59755ff08b1", "tenant_id": "af38dd83-ad35-4947-b935-ca7cc6357e17", "timestamp": "2026-08-08T08:11:35.577954Z"}
api-1       | {"error_type": "ConnectionError", "event": "progress_event_publish_failed", "event_type": "run_completed", "level": "warning", "run_id": "9425eb6b-8cbf-4253-9100-e59755ff08b1", "tenant_id": "af38dd83-ad35-4947-b935-ca7cc6357e17", "timestamp": "2026-08-08T08:11:35.578627Z"}
api-1       | {"error_type": "ConnectionError", "event": "progress_event_publish_failed", "event_type": "job_retried", "level": "warning", "run_id": "18e6f0e2-6203-495c-ae50-1b29ec230e8d", "tenant_id": "af38dd83-ad35-4947-b935-ca7cc6357e17", "timestamp": "2026-08-08T08:11:35.579102Z"}
api-1       | {"error_type": "ConnectionError", "event": "progress_event_publish_failed", "event_type": "job_retried", "level": "warning", "run_id": "18e6f0e2-6203-495c-ae50-1b29ec230e8d", "tenant_id": "af38dd83-ad35-4947-b935-ca7cc6357e17", "timestamp": "2026-08-08T08:11:35.580986Z"}
api-1       | {"claimed": 24, "event": "outbox_dispatch_batch_completed", "lease_lost": 0, "level": "info", "published": 0, "retry_scheduled": 24, "role": "outbox_dispatcher", "timestamp": "2026-08-08T08:11:35.664856Z"}
api-1       | INFO:     172.18.0.1:38316 - "GET /api/v1/runs/9425eb6b-8cbf-4253-9100-e59755ff08b1 HTTP/1.1" 200 OK
api-1       | {"api_key_prefix": "evk_f2eea7ceb47c", "duration_ms": 43.048, "event": "http_request_completed", "level": "info", "method": "GET", "outcome": "success", "path": "/api/v1/runs/9425eb6b-8cbf-4253-9100-e59755ff08b1", "request_id": "1577586b-adbd-4fa5-9434-d3ab0c3cba8a", "status_code": 200, "tenant_id": "af38dd83-ad35-4947-b935-ca7cc6357e17", "timestamp": "2026-08-08T08:11:35.948817Z", "trace_id": "e07ab4552aa7768a03cdeee933b456e3"}
api-1       | {"claimed": 2, "event": "outbox_dispatch_batch_completed", "lease_lost": 0, "level": "info", "published": 2, "retry_scheduled": 0, "role": "outbox_dispatcher", "timestamp": "2026-08-08T08:11:36.178091Z"}
api-1       | {"claimed": 30, "event": "outbox_dispatch_batch_completed", "lease_lost": 0, "level": "info", "published": 30, "retry_scheduled": 0, "role": "outbox_dispatcher", "timestamp": "2026-08-08T08:11:36.780025Z"}
api-1       | {"event": "Context impl PostgresqlImpl.", "level": "info", "request_id": "8f1a85d5-de9e-4c7c-96fc-f60b90567582", "timestamp": "2026-08-08T08:11:37.029334Z", "trace_id": "5e1e798325108d4b8d72c267c9fabf6c"}
api-1       | {"event": "Will assume transactional DDL.", "level": "info", "request_id": "8f1a85d5-de9e-4c7c-96fc-f60b90567582", "timestamp": "2026-08-08T08:11:37.029447Z", "trace_id": "5e1e798325108d4b8d72c267c9fabf6c"}
api-1       | INFO:     127.0.0.1:46904 - "GET /health/ready HTTP/1.1" 200 OK
api-1       | {"duration_ms": 17.007, "event": "http_request_completed", "level": "info", "method": "GET", "outcome": "success", "path": "/health/ready", "request_id": "8f1a85d5-de9e-4c7c-96fc-f60b90567582", "status_code": 200, "timestamp": "2026-08-08T08:11:37.034599Z", "trace_id": "5e1e798325108d4b8d72c267c9fabf6c"}
api-1       | {"claimed": 44, "event": "outbox_dispatch_batch_completed", "lease_lost": 0, "level": "info", "published": 44, "retry_scheduled": 0, "role": "outbox_dispatcher", "timestamp": "2026-08-08T08:11:37.463739Z"}
api-1       | INFO:     172.18.0.1:44316 - "POST /api/v1/datasets HTTP/1.1" 201 Created
api-1       | {"api_key_prefix": "evk_f2eea7ceb47c", "duration_ms": 44.835, "event": "http_request_completed", "level": "info", "method": "POST", "outcome": "success", "path": "/api/v1/datasets", "request_id": "5e223930-fb7f-4f4c-b765-8d453c4385e3", "status_code": 201, "tenant_id": "af38dd83-ad35-4947-b935-ca7cc6357e17", "timestamp": "2026-08-08T08:11:41.761924Z", "trace_id": "aa76473641e6704c4f925646bf52fe14"}
api-1       | INFO:     172.18.0.1:44316 - "POST /api/v1/datasets/eb4a270e-f065-4c56-b14e-afd54c026ab8/versions HTTP/1.1" 201 Created
api-1       | {"api_key_prefix": "evk_f2eea7ceb47c", "duration_ms": 52.459, "event": "http_request_completed", "level": "info", "method": "POST", "outcome": "success", "path": "/api/v1/datasets/eb4a270e-f065-4c56-b14e-afd54c026ab8/versions", "request_id": "4edf98b2-190e-4463-b767-12af9dee34a7", "status_code": 201, "tenant_id": "af38dd83-ad35-4947-b935-ca7cc6357e17", "timestamp": "2026-08-08T08:11:41.815727Z", "trace_id": "0d87547c1774c5f25f0c7fc42aca148a"}
api-1       | INFO:     172.18.0.1:44316 - "POST /api/v1/runs HTTP/1.1" 202 Accepted
api-1       | {"api_key_prefix": "evk_f2eea7ceb47c", "duration_ms": 51.832, "event": "http_request_completed", "level": "info", "method": "POST", "outcome": "success", "path": "/api/v1/runs", "request_id": "d106be56-5dba-4eeb-a889-62e2d4104459", "status_code": 202, "tenant_id": "af38dd83-ad35-4947-b935-ca7cc6357e17", "timestamp": "2026-08-08T08:11:41.868988Z", "trace_id": "a24c5de29ac2a7a24d18044c81cd97f1"}
api-1       | INFO:     172.18.0.1:44316 - "GET /api/v1/runs/1cc99796-452c-45b7-b093-2b3376cf8a6d/cases?limit=200&sort=case_id HTTP/1.1" 200 OK
api-1       | {"api_key_prefix": "evk_f2eea7ceb47c", "duration_ms": 43.246, "event": "http_request_completed", "level": "info", "method": "GET", "outcome": "success", "path": "/api/v1/runs/1cc99796-452c-45b7-b093-2b3376cf8a6d/cases", "request_id": "ca5b7909-2fb9-410a-8dcb-c161515a9243", "status_code": 200, "tenant_id": "af38dd83-ad35-4947-b935-ca7cc6357e17", "timestamp": "2026-08-08T08:11:41.913594Z", "trace_id": "5544a93a54c547a27b5caf407096fe5a"}
api-1       | {"claimed": 2, "event": "outbox_dispatch_batch_completed", "lease_lost": 0, "level": "info", "published": 2, "retry_scheduled": 0, "role": "outbox_dispatcher", "timestamp": "2026-08-08T08:11:42.001691Z"}
api-1       | {"event": "Context impl PostgresqlImpl.", "level": "info", "request_id": "d6b9c71b-3664-4999-b7e6-493483adcc7c", "timestamp": "2026-08-08T08:11:42.265113Z", "trace_id": "3b0381427505924cb9e913470a0e1565"}
api-1       | {"event": "Will assume transactional DDL.", "level": "info", "request_id": "d6b9c71b-3664-4999-b7e6-493483adcc7c", "timestamp": "2026-08-08T08:11:42.265213Z", "trace_id": "3b0381427505924cb9e913470a0e1565"}
api-1       | INFO:     127.0.0.1:46944 - "GET /health/ready HTTP/1.1" 200 OK
api-1       | {"duration_ms": 17.538, "event": "http_request_completed", "level": "info", "method": "GET", "outcome": "success", "path": "/health/ready", "request_id": "d6b9c71b-3664-4999-b7e6-493483adcc7c", "status_code": 200, "timestamp": "2026-08-08T08:11:42.270229Z", "trace_id": "3b0381427505924cb9e913470a0e1565"}
api-1       | INFO:     172.18.0.1:44316 - "GET /api/v1/runs/1cc99796-452c-45b7-b093-2b3376cf8a6d/cases?limit=200&sort=case_id HTTP/1.1" 200 OK
api-1       | {"api_key_prefix": "evk_f2eea7ceb47c", "duration_ms": 44.718, "event": "http_request_completed", "level": "info", "method": "GET", "outcome": "success", "path": "/api/v1/runs/1cc99796-452c-45b7-b093-2b3376cf8a6d/cases", "request_id": "6970d4a1-0177-47b5-bc6b-5d75d16b400b", "status_code": 200, "tenant_id": "af38dd83-ad35-4947-b935-ca7cc6357e17", "timestamp": "2026-08-08T08:11:42.460724Z", "trace_id": "5fd3515dff4795b2eab9bde964537241"}
api-1       | {"error_type": "OperationalError", "event": "outbox_dispatch_iteration_failed", "level": "error", "role": "outbox_dispatcher", "timestamp": "2026-08-08T08:11:43.011520Z"}
api-1       | {"error_type": "OperationalError", "event": "outbox_dispatch_iteration_failed", "level": "error", "role": "outbox_dispatcher", "timestamp": "2026-08-08T08:11:43.521652Z"}
api-1       | {"error_type": "OperationalError", "event": "outbox_dispatch_iteration_failed", "level": "error", "role": "outbox_dispatcher", "timestamp": "2026-08-08T08:11:44.028180Z"}
api-1       | {"error_type": "OperationalError", "event": "outbox_dispatch_iteration_failed", "level": "error", "role": "outbox_dispatcher", "timestamp": "2026-08-08T08:11:44.547953Z"}
api-1       | {"error_type": "OperationalError", "event": "outbox_dispatch_iteration_failed", "level": "error", "role": "outbox_dispatcher", "timestamp": "2026-08-08T08:11:45.053344Z"}
api-1       | {"error_type": "OperationalError", "event": "outbox_dispatch_iteration_failed", "level": "error", "role": "outbox_dispatcher", "timestamp": "2026-08-08T08:11:45.560350Z"}
api-1       | {"event": "Context impl PostgresqlImpl.", "level": "info", "request_id": "2fcf72da-313b-416e-b76f-2ebfdd7bf85d", "timestamp": "2026-08-08T08:11:47.506490Z", "trace_id": "a31b81d41d108762423bf18842b70ef6"}
api-1       | {"event": "Will assume transactional DDL.", "level": "info", "request_id": "2fcf72da-313b-416e-b76f-2ebfdd7bf85d", "timestamp": "2026-08-08T08:11:47.506590Z", "trace_id": "a31b81d41d108762423bf18842b70ef6"}
api-1       | INFO:     127.0.0.1:39992 - "GET /health/ready HTTP/1.1" 200 OK
api-1       | {"duration_ms": 24.755, "event": "http_request_completed", "level": "info", "method": "GET", "outcome": "success", "path": "/health/ready", "request_id": "2fcf72da-313b-416e-b76f-2ebfdd7bf85d", "status_code": 200, "timestamp": "2026-08-08T08:11:47.513022Z", "trace_id": "a31b81d41d108762423bf18842b70ef6"}
api-1       | INFO:     172.18.0.1:42768 - "GET /api/v1/runs/1cc99796-452c-45b7-b093-2b3376cf8a6d HTTP/1.1" 200 OK
api-1       | {"api_key_prefix": "evk_f2eea7ceb47c", "duration_ms": 48.116, "event": "http_request_completed", "level": "info", "method": "GET", "outcome": "success", "path": "/api/v1/runs/1cc99796-452c-45b7-b093-2b3376cf8a6d", "request_id": "a0ac98c3-5e46-4481-96ab-acfc1a38abf5", "status_code": 200, "tenant_id": "af38dd83-ad35-4947-b935-ca7cc6357e17", "timestamp": "2026-08-08T08:11:51.453959Z", "trace_id": "e44c32851d024929595be89b8e11a0ad"}
api-1       | INFO:     172.18.0.1:42768 - "GET /api/v1/runs/1cc99796-452c-45b7-b093-2b3376cf8a6d HTTP/1.1" 200 OK
api-1       | {"api_key_prefix": "evk_f2eea7ceb47c", "duration_ms": 47.544, "event": "http_request_completed", "level": "info", "method": "GET", "outcome": "success", "path": "/api/v1/runs/1cc99796-452c-45b7-b093-2b3376cf8a6d", "request_id": "4b454a53-e1f7-41f8-8132-ff49cb2fc26e", "status_code": 200, "tenant_id": "af38dd83-ad35-4947-b935-ca7cc6357e17", "timestamp": "2026-08-08T08:11:52.003867Z", "trace_id": "1162a5bfe1917bd1502743dab76f5c6b"}
api-1       | {"claimed": 2, "event": "outbox_dispatch_batch_completed", "lease_lost": 0, "level": "info", "published": 2, "retry_scheduled": 0, "role": "outbox_dispatcher", "timestamp": "2026-08-08T08:11:52.146456Z"}
api-1       | INFO:     172.18.0.1:42768 - "GET /api/v1/runs/1cc99796-452c-45b7-b093-2b3376cf8a6d HTTP/1.1" 200 OK
api-1       | {"api_key_prefix": "evk_f2eea7ceb47c", "duration_ms": 48.728, "event": "http_request_completed", "level": "info", "method": "GET", "outcome": "success", "path": "/api/v1/runs/1cc99796-452c-45b7-b093-2b3376cf8a6d", "request_id": "bf9a340b-aa22-4c48-ad5a-45cfc1c70fd2", "status_code": 200, "tenant_id": "af38dd83-ad35-4947-b935-ca7cc6357e17", "timestamp": "2026-08-08T08:11:52.555635Z", "trace_id": "bc69059675cb279c196b8f6b2a9d6005"}
api-1       | INFO:     172.18.0.1:42768 - "POST /api/v1/datasets HTTP/1.1" 201 Created
api-1       | {"api_key_prefix": "evk_f2eea7ceb47c", "duration_ms": 56.062, "event": "http_request_completed", "level": "info", "method": "POST", "outcome": "success", "path": "/api/v1/datasets", "request_id": "b71401c3-6aff-4eea-8640-b2444543e951", "status_code": 201, "tenant_id": "af38dd83-ad35-4947-b935-ca7cc6357e17", "timestamp": "2026-08-08T08:11:52.708648Z", "trace_id": "43d757602a17095352a9af09bc704e6e"}
api-1       | INFO:     172.18.0.1:42768 - "POST /api/v1/datasets/832e3ea3-f149-4bad-a3e8-cc08b4f57015/versions HTTP/1.1" 201 Created
api-1       | {"api_key_prefix": "evk_f2eea7ceb47c", "duration_ms": 103.592, "event": "http_request_completed", "level": "info", "method": "POST", "outcome": "success", "path": "/api/v1/datasets/832e3ea3-f149-4bad-a3e8-cc08b4f57015/versions", "request_id": "9ebb00f7-9866-4801-9905-7672fe65aadd", "status_code": 201, "tenant_id": "af38dd83-ad35-4947-b935-ca7cc6357e17", "timestamp": "2026-08-08T08:11:52.814282Z", "trace_id": "b32de6dd73dbdb201807aa6c434057fe"}
api-1       | {"event": "Context impl PostgresqlImpl.", "level": "info", "request_id": "92b53b66-fb32-4540-b6c2-a55829bfb746", "timestamp": "2026-08-08T08:11:52.876400Z", "trace_id": "68da8730b0700045c4d9042bc8221ef4"}
api-1       | {"event": "Will assume transactional DDL.", "level": "info", "request_id": "92b53b66-fb32-4540-b6c2-a55829bfb746", "timestamp": "2026-08-08T08:11:52.876523Z", "trace_id": "68da8730b0700045c4d9042bc8221ef4"}
api-1       | INFO:     127.0.0.1:40022 - "GET /health/ready HTTP/1.1" 200 OK
api-1       | {"duration_ms": 66.042, "event": "http_request_completed", "level": "info", "method": "GET", "outcome": "success", "path": "/health/ready", "request_id": "92b53b66-fb32-4540-b6c2-a55829bfb746", "status_code": 200, "timestamp": "2026-08-08T08:11:52.882856Z", "trace_id": "68da8730b0700045c4d9042bc8221ef4"}
api-1       | INFO:     172.18.0.1:42768 - "POST /api/v1/runs HTTP/1.1" 202 Accepted
api-1       | {"api_key_prefix": "evk_f2eea7ceb47c", "duration_ms": 104.869, "event": "http_request_completed", "level": "info", "method": "POST", "outcome": "success", "path": "/api/v1/runs", "request_id": "5ae8b1e1-c8cd-4893-8c6e-85463f50863e", "status_code": 202, "tenant_id": "af38dd83-ad35-4947-b935-ca7cc6357e17", "timestamp": "2026-08-08T08:11:52.920270Z", "trace_id": "b997d5c3ba9eb1ddcca9700f1ea972dc"}
api-1       | INFO:     172.18.0.1:42768 - "GET /api/v1/runs/849cbd25-51ff-4bdb-a5e0-b7c8b0ec42ac/cases?limit=200&sort=case_id HTTP/1.1" 200 OK
api-1       | {"api_key_prefix": "evk_f2eea7ceb47c", "duration_ms": 58.7, "event": "http_request_completed", "level": "info", "method": "GET", "outcome": "success", "path": "/api/v1/runs/849cbd25-51ff-4bdb-a5e0-b7c8b0ec42ac/cases", "request_id": "552212f2-12ab-4600-8e4d-3e8f20fa9f30", "status_code": 200, "tenant_id": "af38dd83-ad35-4947-b935-ca7cc6357e17", "timestamp": "2026-08-08T08:11:52.980646Z", "trace_id": "47731474b981ba71f45317c3e9caf80b"}
api-1       | {"claimed": 2, "event": "outbox_dispatch_batch_completed", "lease_lost": 0, "level": "info", "published": 2, "retry_scheduled": 0, "role": "outbox_dispatcher", "timestamp": "2026-08-08T08:11:53.157611Z"}
api-1       | INFO:     172.18.0.1:42768 - "GET /api/v1/runs/849cbd25-51ff-4bdb-a5e0-b7c8b0ec42ac/cases?limit=200&sort=case_id HTTP/1.1" 200 OK
api-1       | {"api_key_prefix": "evk_f2eea7ceb47c", "duration_ms": 44.434, "event": "http_request_completed", "level": "info", "method": "GET", "outcome": "success", "path": "/api/v1/runs/849cbd25-51ff-4bdb-a5e0-b7c8b0ec42ac/cases", "request_id": "eae7e8b3-1908-41a8-80f8-e10e4bcbdf42", "status_code": 200, "tenant_id": "af38dd83-ad35-4947-b935-ca7cc6357e17", "timestamp": "2026-08-08T08:11:53.527754Z", "trace_id": "0a7c1350d58b35579e06aae1ccfb3188"}
api-1       | {"event": "Context impl PostgresqlImpl.", "level": "info", "request_id": "ff7ec4c3-b61d-45b6-95b3-7fe09098a4c8", "timestamp": "2026-08-08T08:11:58.112171Z", "trace_id": "26a46c7912e45958fab4f80d300af266"}
api-1       | {"event": "Will assume transactional DDL.", "level": "info", "request_id": "ff7ec4c3-b61d-45b6-95b3-7fe09098a4c8", "timestamp": "2026-08-08T08:11:58.112273Z", "trace_id": "26a46c7912e45958fab4f80d300af266"}
api-1       | INFO:     127.0.0.1:48042 - "GET /health/ready HTTP/1.1" 200 OK
api-1       | {"duration_ms": 13.725, "event": "http_request_completed", "level": "info", "method": "GET", "outcome": "success", "path": "/health/ready", "request_id": "ff7ec4c3-b61d-45b6-95b3-7fe09098a4c8", "status_code": 200, "timestamp": "2026-08-08T08:11:58.114339Z", "trace_id": "26a46c7912e45958fab4f80d300af266"}
api-1       | {"claimed": 2, "event": "outbox_dispatch_batch_completed", "lease_lost": 0, "level": "info", "published": 2, "retry_scheduled": 0, "role": "outbox_dispatcher", "timestamp": "2026-08-08T08:11:58.189800Z"}
api-1       | INFO:     172.18.0.1:42560 - "GET /api/v1/runs/849cbd25-51ff-4bdb-a5e0-b7c8b0ec42ac HTTP/1.1" 200 OK
api-1       | {"api_key_prefix": "evk_f2eea7ceb47c", "duration_ms": 42.881, "event": "http_request_completed", "level": "info", "method": "GET", "outcome": "success", "path": "/api/v1/runs/849cbd25-51ff-4bdb-a5e0-b7c8b0ec42ac", "request_id": "4e942b98-0cd4-4ed3-81da-1566dff7b946", "status_code": 200, "tenant_id": "af38dd83-ad35-4947-b935-ca7cc6357e17", "timestamp": "2026-08-08T08:11:58.675021Z", "trace_id": "a306ecbe92c678569c78d48e31e52759"}
api-1       | INFO:     172.18.0.1:42560 - "POST /api/v1/datasets HTTP/1.1" 201 Created
api-1       | {"api_key_prefix": "evk_f2eea7ceb47c", "duration_ms": 44.427, "event": "http_request_completed", "level": "info", "method": "POST", "outcome": "success", "path": "/api/v1/datasets", "request_id": "3c79e262-a0f7-4a99-b8c5-5395c21ac53c", "status_code": 201, "tenant_id": "af38dd83-ad35-4947-b935-ca7cc6357e17", "timestamp": "2026-08-08T08:11:58.817392Z", "trace_id": "37507307798198fcb5b9a0db1b680ecf"}
api-1       | INFO:     172.18.0.1:42560 - "POST /api/v1/datasets/b673e4e4-54e2-431a-a207-c4eed197501c/versions HTTP/1.1" 201 Created
api-1       | {"api_key_prefix": "evk_f2eea7ceb47c", "duration_ms": 56.458, "event": "http_request_completed", "level": "info", "method": "POST", "outcome": "success", "path": "/api/v1/datasets/b673e4e4-54e2-431a-a207-c4eed197501c/versions", "request_id": "4f2ac57e-0d2c-45df-a626-86e85943cc76", "status_code": 201, "tenant_id": "af38dd83-ad35-4947-b935-ca7cc6357e17", "timestamp": "2026-08-08T08:11:58.875297Z", "trace_id": "b023a5b1ae4246d61e29489c73c4ece8"}
api-1       | INFO:     172.18.0.1:42570 - "POST /api/v1/runs HTTP/1.1" 202 Accepted
api-1       | {"api_key_prefix": "evk_f2eea7ceb47c", "duration_ms": 1219.484, "event": "http_request_completed", "level": "info", "method": "POST", "outcome": "success", "path": "/api/v1/runs", "request_id": "975cf07e-717b-4822-b9cf-5b62876dbf9c", "status_code": 202, "tenant_id": "af38dd83-ad35-4947-b935-ca7cc6357e17", "timestamp": "2026-08-08T08:12:00.106411Z", "trace_id": "1563b17b7e48f35084194ea278009119"}
api-1       | INFO:     172.18.0.1:42658 - "POST /api/v1/runs HTTP/1.1" 202 Accepted
api-1       | {"api_key_prefix": "evk_f2eea7ceb47c", "duration_ms": 1219.303, "event": "http_request_completed", "level": "info", "method": "POST", "outcome": "success", "path": "/api/v1/runs", "request_id": "e6893e0f-9913-4d6e-a462-79aa6467d8d4", "status_code": 202, "tenant_id": "af38dd83-ad35-4947-b935-ca7cc6357e17", "timestamp": "2026-08-08T08:12:00.117511Z", "trace_id": "119c62d4ffd80ecb8e8bd3da8f7268a5"}
api-1       | INFO:     172.18.0.1:42590 - "POST /api/v1/runs HTTP/1.1" 202 Accepted
api-1       | {"api_key_prefix": "evk_f2eea7ceb47c", "duration_ms": 1238.714, "event": "http_request_completed", "level": "info", "method": "POST", "outcome": "success", "path": "/api/v1/runs", "request_id": "3b0ab6bf-6e1a-44af-af09-23b8b3b80f42", "status_code": 202, "tenant_id": "af38dd83-ad35-4947-b935-ca7cc6357e17", "timestamp": "2026-08-08T08:12:00.127918Z", "trace_id": "441e664c70d141bcaf141a27344b68f2"}
api-1       | INFO:     172.18.0.1:42726 - "POST /api/v1/runs HTTP/1.1" 202 Accepted
api-1       | {"api_key_prefix": "evk_f2eea7ceb47c", "duration_ms": 1225.602, "event": "http_request_completed", "level": "info", "method": "POST", "outcome": "success", "path": "/api/v1/runs", "request_id": "bb1b5bca-4cdb-41fc-82c2-47ed1cad0bf1", "status_code": 202, "tenant_id": "af38dd83-ad35-4947-b935-ca7cc6357e17", "timestamp": "2026-08-08T08:12:00.132233Z", "trace_id": "a879857629305b70c3a9dfc2a335e230"}
api-1       | INFO:     172.18.0.1:42576 - "POST /api/v1/runs HTTP/1.1" 202 Accepted
api-1       | {"api_key_prefix": "evk_f2eea7ceb47c", "duration_ms": 1245.05, "event": "http_request_completed", "level": "info", "method": "POST", "outcome": "success", "path": "/api/v1/runs", "request_id": "9c911dff-1e52-439f-a3bf-ca4f5ce5f130", "status_code": 202, "tenant_id": "af38dd83-ad35-4947-b935-ca7cc6357e17", "timestamp": "2026-08-08T08:12:00.132750Z", "trace_id": "2e47697468338eadbc148ce0e1fbafab"}
api-1       | INFO:     172.18.0.1:42662 - "POST /api/v1/runs HTTP/1.1" 202 Accepted
api-1       | {"api_key_prefix": "evk_f2eea7ceb47c", "duration_ms": 1235.958, "event": "http_request_completed", "level": "info", "method": "POST", "outcome": "success", "path": "/api/v1/runs", "request_id": "520f2f9d-b9c7-40eb-b530-d1461bd81980", "status_code": 202, "tenant_id": "af38dd83-ad35-4947-b935-ca7cc6357e17", "timestamp": "2026-08-08T08:12:00.134934Z", "trace_id": "c5f069647db31d65978ea32b4e1f2989"}
api-1       | INFO:     172.18.0.1:42710 - "POST /api/v1/runs HTTP/1.1" 202 Accepted
api-1       | {"api_key_prefix": "evk_f2eea7ceb47c", "duration_ms": 1231.019, "event": "http_request_completed", "level": "info", "method": "POST", "outcome": "success", "path": "/api/v1/runs", "request_id": "1cc1c6a5-44c0-474a-8f21-af6b1832b7c8", "status_code": 202, "tenant_id": "af38dd83-ad35-4947-b935-ca7cc6357e17", "timestamp": "2026-08-08T08:12:00.135367Z", "trace_id": "37cc3af1ed31763ab0d820376649670f"}
api-1       | INFO:     172.18.0.1:42594 - "POST /api/v1/runs HTTP/1.1" 202 Accepted
api-1       | {"api_key_prefix": "evk_f2eea7ceb47c", "duration_ms": 1246.485, "event": "http_request_completed", "level": "info", "method": "POST", "outcome": "success", "path": "/api/v1/runs", "request_id": "b6b6623c-4fcf-44e9-b145-8a780a120d49", "status_code": 202, "tenant_id": "af38dd83-ad35-4947-b935-ca7cc6357e17", "timestamp": "2026-08-08T08:12:00.137184Z", "trace_id": "12392f6d7d4fa5c1413b456be8d965a8"}
api-1       | INFO:     172.18.0.1:42724 - "POST /api/v1/runs HTTP/1.1" 202 Accepted
api-1       | {"api_key_prefix": "evk_f2eea7ceb47c", "duration_ms": 1232.647, "event": "http_request_completed", "level": "info", "method": "POST", "outcome": "success", "path": "/api/v1/runs", "request_id": "f73227e2-d658-4fce-b2fc-3820c7b9d501", "status_code": 202, "tenant_id": "af38dd83-ad35-4947-b935-ca7cc6357e17", "timestamp": "2026-08-08T08:12:00.137631Z", "trace_id": "cd99a4f031370eba9316260bd0aeff31"}
api-1       | INFO:     172.18.0.1:42610 - "POST /api/v1/runs HTTP/1.1" 202 Accepted
api-1       | {"api_key_prefix": "evk_f2eea7ceb47c", "duration_ms": 1247.464, "event": "http_request_completed", "level": "info", "method": "POST", "outcome": "success", "path": "/api/v1/runs", "request_id": "b19efbe3-784a-4494-8e82-992761356660", "status_code": 202, "tenant_id": "af38dd83-ad35-4947-b935-ca7cc6357e17", "timestamp": "2026-08-08T08:12:00.140267Z", "trace_id": "1c03ab278da2137e9ba7923699fa2aa1"}
api-1       | INFO:     172.18.0.1:42646 - "POST /api/v1/runs HTTP/1.1" 202 Accepted
api-1       | {"api_key_prefix": "evk_f2eea7ceb47c", "duration_ms": 1245.467, "event": "http_request_completed", "level": "info", "method": "POST", "outcome": "success", "path": "/api/v1/runs", "request_id": "57e9f8be-2695-4742-87b3-9b3639b23475", "status_code": 202, "tenant_id": "af38dd83-ad35-4947-b935-ca7cc6357e17", "timestamp": "2026-08-08T08:12:00.141480Z", "trace_id": "a0464ffd193d8de7189f9a76f04a9517"}
api-1       | INFO:     172.18.0.1:42738 - "POST /api/v1/runs HTTP/1.1" 202 Accepted
api-1       | {"api_key_prefix": "evk_f2eea7ceb47c", "duration_ms": 1255.956, "event": "http_request_completed", "level": "info", "method": "POST", "outcome": "success", "path": "/api/v1/runs", "request_id": "a1136c63-6e4f-4bd7-8e07-80338d86db77", "status_code": 202, "tenant_id": "af38dd83-ad35-4947-b935-ca7cc6357e17", "timestamp": "2026-08-08T08:12:00.163223Z", "trace_id": "edbbaf24c5f49ed894ba73cd196bea82"}
api-1       | INFO:     172.18.0.1:42626 - "POST /api/v1/runs HTTP/1.1" 202 Accepted
api-1       | {"api_key_prefix": "evk_f2eea7ceb47c", "duration_ms": 1270.062, "event": "http_request_completed", "level": "info", "method": "POST", "outcome": "success", "path": "/api/v1/runs", "request_id": "f54435b6-0a3e-45a2-a7fa-21f8dddb0f50", "status_code": 202, "tenant_id": "af38dd83-ad35-4947-b935-ca7cc6357e17", "timestamp": "2026-08-08T08:12:00.163775Z", "trace_id": "22e12486a55594f9074263cb929d68c3"}
api-1       | INFO:     172.18.0.1:42560 - "POST /api/v1/runs HTTP/1.1" 202 Accepted
api-1       | {"api_key_prefix": "evk_f2eea7ceb47c", "duration_ms": 1282.669, "event": "http_request_completed", "level": "info", "method": "POST", "outcome": "success", "path": "/api/v1/runs", "request_id": "b1ad96d5-e5ee-41b4-9c48-44d78cc3756a", "status_code": 202, "tenant_id": "af38dd83-ad35-4947-b935-ca7cc6357e17", "timestamp": "2026-08-08T08:12:00.164192Z", "trace_id": "5c80b83e4746583ae0061043c57bd209"}
api-1       | INFO:     172.18.0.1:42682 - "POST /api/v1/runs HTTP/1.1" 202 Accepted
api-1       | {"api_key_prefix": "evk_f2eea7ceb47c", "duration_ms": 1264.735, "event": "http_request_completed", "level": "info", "method": "POST", "outcome": "success", "path": "/api/v1/runs", "request_id": "5e6b7086-cab6-4294-8521-5bdc73849b2f", "status_code": 202, "tenant_id": "af38dd83-ad35-4947-b935-ca7cc6357e17", "timestamp": "2026-08-08T08:12:00.166961Z", "trace_id": "f2599ab629b172c080f250ae2e57ac4a"}
api-1       | INFO:     172.18.0.1:42668 - "POST /api/v1/runs HTTP/1.1" 202 Accepted
api-1       | {"api_key_prefix": "evk_f2eea7ceb47c", "duration_ms": 1265.609, "event": "http_request_completed", "level": "info", "method": "POST", "outcome": "success", "path": "/api/v1/runs", "request_id": "16db6b99-da1a-4058-ad64-db8875052a76", "status_code": 202, "tenant_id": "af38dd83-ad35-4947-b935-ca7cc6357e17", "timestamp": "2026-08-08T08:12:00.167442Z", "trace_id": "4e55a426651fd6546ebfba104d6c9e9f"}
api-1       | INFO:     172.18.0.1:42752 - "POST /api/v1/runs HTTP/1.1" 202 Accepted
api-1       | {"api_key_prefix": "evk_f2eea7ceb47c", "duration_ms": 1260.896, "event": "http_request_completed", "level": "info", "method": "POST", "outcome": "success", "path": "/api/v1/runs", "request_id": "58116a86-e187-4588-a2bc-a0eafbd34a5a", "status_code": 202, "tenant_id": "af38dd83-ad35-4947-b935-ca7cc6357e17", "timestamp": "2026-08-08T08:12:00.168570Z", "trace_id": "c26772dd27130e45fdfaf0b6e25fe19b"}
api-1       | INFO:     172.18.0.1:42696 - "POST /api/v1/runs HTTP/1.1" 202 Accepted
api-1       | {"api_key_prefix": "evk_f2eea7ceb47c", "duration_ms": 1266.335, "event": "http_request_completed", "level": "info", "method": "POST", "outcome": "success", "path": "/api/v1/runs", "request_id": "fe453c7f-3c42-4fd6-8a3c-343fe0435ea2", "status_code": 202, "tenant_id": "af38dd83-ad35-4947-b935-ca7cc6357e17", "timestamp": "2026-08-08T08:12:00.169091Z", "trace_id": "00475ab16f14c2e74135bad0bc4abe40"}
api-1       | INFO:     172.18.0.1:42640 - "POST /api/v1/runs HTTP/1.1" 202 Accepted
api-1       | {"api_key_prefix": "evk_f2eea7ceb47c", "duration_ms": 1275.58, "event": "http_request_completed", "level": "info", "method": "POST", "outcome": "success", "path": "/api/v1/runs", "request_id": "f2a2d711-43ec-43f1-ba68-4b8708c13c5c", "status_code": 202, "tenant_id": "af38dd83-ad35-4947-b935-ca7cc6357e17", "timestamp": "2026-08-08T08:12:00.170843Z", "trace_id": "855840e506f77d6638ba08f0e87c1a08"}
api-1       | INFO:     172.18.0.1:42760 - "POST /api/v1/runs HTTP/1.1" 202 Accepted
api-1       | {"api_key_prefix": "evk_f2eea7ceb47c", "duration_ms": 1259.011, "event": "http_request_completed", "level": "info", "method": "POST", "outcome": "success", "path": "/api/v1/runs", "request_id": "59de532c-effa-4499-9ab5-73caf6782385", "status_code": 202, "tenant_id": "af38dd83-ad35-4947-b935-ca7cc6357e17", "timestamp": "2026-08-08T08:12:00.171671Z", "trace_id": "eaa2bea596a043c03feb96ec8d7307a6"}
api-1       | INFO:     172.18.0.1:42560 - "GET /api/v1/runs/7627229d-7bfb-4249-a636-48cf45a7c4f0 HTTP/1.1" 200 OK
api-1       | {"api_key_prefix": "evk_f2eea7ceb47c", "duration_ms": 43.135, "event": "http_request_completed", "level": "info", "method": "GET", "outcome": "success", "path": "/api/v1/runs/7627229d-7bfb-4249-a636-48cf45a7c4f0", "request_id": "a80a059a-3c33-4c85-a9dd-b5343ddc944e", "status_code": 200, "tenant_id": "af38dd83-ad35-4947-b935-ca7cc6357e17", "timestamp": "2026-08-08T08:12:00.217682Z", "trace_id": "b9314670d43d37258b7e79252c9b1f35"}
api-1       | {"claimed": 4, "event": "outbox_dispatch_batch_completed", "lease_lost": 0, "level": "info", "published": 4, "retry_scheduled": 0, "role": "outbox_dispatcher", "timestamp": "2026-08-08T08:12:00.649485Z"}
api-1       | INFO:     172.18.0.1:42560 - "GET /api/v1/runs/7627229d-7bfb-4249-a636-48cf45a7c4f0 HTTP/1.1" 200 OK
api-1       | {"api_key_prefix": "evk_f2eea7ceb47c", "duration_ms": 41.498, "event": "http_request_completed", "level": "info", "method": "GET", "outcome": "success", "path": "/api/v1/runs/7627229d-7bfb-4249-a636-48cf45a7c4f0", "request_id": "2432d99e-baab-48fe-ab6c-c2d872676e94", "status_code": 200, "tenant_id": "af38dd83-ad35-4947-b935-ca7cc6357e17", "timestamp": "2026-08-08T08:12:00.762005Z", "trace_id": "45e9de1776b85fb94cc409250a52ae6a"}
